id,asp_n,z3_n,esit,z3_s,cegar
cab|ad|yok|g1|f1|hizli|taze|p0,0,0,EVET,0.1665,0
cab|ad|yok|g1|f1|hizli|taze|p1,0,0,EVET,0.003,0
cab|ad|yok|g1|f1|hizli|taze|p2,0,0,EVET,0.1671,0
cab|ad|yok|g1|f1|hizli|taze|p3,0,0,EVET,0.0056,0
cab|ad|yok|g1|f1|hizli|taze|p4,2,2,EVET,0.1978,0
cab|ad|yok|g1|f1|hizli|sabit|p0,0,0,EVET,0.0029,0
cab|ad|yok|g1|f1|hizli|sabit|p1,0,0,EVET,0.1696,0
cab|ad|yok|g1|f1|hizli|sabit|p2,0,0,EVET,0.0036,0
cab|ad|yok|g1|f1|hizli|sabit|p3,0,0,EVET,0.1729,0
cab|ad|yok|g1|f1|hizli|sabit|p4,2,2,EVET,0.0315,0
cab|ad|yok|g1|f1|hizli|onbellek|p0,0,0,EVET,0.1763,0
cab|ad|yok|g1|f1|hizli|onbellek|p1,0,0,EVET,0.0049,0
cab|ad|yok|g1|f1|hizli|onbellek|p2,0,0,EVET,0.1707,0
cab|ad|yok|g1|f1|hizli|onbellek|p3,0,0,EVET,0.0068,0
cab|ad|yok|g1|f1|hizli|onbellek|p4,2,2,EVET,0.1991,0
cab|ad|yok|g1|f1|orta|taze|p0,0,0,EVET,0.0029,0
cab|ad|yok|g1|f1|orta|taze|p1,0,0,EVET,0.1683,0
cab|ad|yok|g1|f1|orta|taze|p2,0,0,EVET,0.0049,0
cab|ad|yok|g1|f1|orta|taze|p3,0,0,EVET,0.1728,0
cab|ad|yok|g1|f1|orta|taze|p4,2,2,EVET,0.035,0
cab|ad|yok|g1|f1|orta|sabit|p0,0,0,EVET,0.0026,0
cab|ad|yok|g1|f1|orta|sabit|p1,0,0,EVET,0.0035,0
cab|ad|yok|g1|f1|orta|sabit|p2,0,0,EVET,0.0025,0
cab|ad|yok|g1|f1|orta|sabit|p3,0,0,EVET,0.0056,0
cab|ad|yok|g1|f1|orta|sabit|p4,2,2,EVET,0.0309,0
cab|ad|yok|g1|f1|orta|onbellek|p0,0,0,EVET,0.0047,0
cab|ad|yok|g1|f1|orta|onbellek|p1,0,0,EVET,0.0037,0
cab|ad|yok|g1|f1|orta|onbellek|p2,0,0,EVET,0.0041,0
cab|ad|yok|g1|f1|orta|onbellek|p3,0,0,EVET,0.0071,0
cab|ad|yok|g1|f1|orta|onbellek|p4,2,2,EVET,0.0265,0
cab|ad|yok|g1|f1|yavas|taze|p0,0,0,EVET,0.004,0
cab|ad|yok|g1|f1|yavas|taze|p1,0,0,EVET,0.0035,0
cab|ad|yok|g1|f1|yavas|taze|p2,0,0,EVET,0.0036,0
cab|ad|yok|g1|f1|yavas|taze|p3,0,0,EVET,0.0065,0
cab|ad|yok|g1|f1|yavas|taze|p4,2,2,EVET,0.0342,0
cab|ad|yok|g1|f1|yavas|sabit|p0,0,0,EVET,0.0026,0
cab|ad|yok|g1|f1|yavas|sabit|p1,0,0,EVET,0.0023,0
cab|ad|yok|g1|f1|yavas|sabit|p2,0,0,EVET,0.0024,0
cab|ad|yok|g1|f1|yavas|sabit|p3,0,0,EVET,0.0053,0
cab|ad|yok|g1|f1|yavas|sabit|p4,2,2,EVET,0.0287,0
cab|ad|yok|g1|f1|yavas|onbellek|p0,0,0,EVET,0.0029,0
cab|ad|yok|g1|f1|yavas|onbellek|p1,0,0,EVET,0.0029,0
cab|ad|yok|g1|f1|yavas|onbellek|p2,0,0,EVET,0.0029,0
cab|ad|yok|g1|f1|yavas|onbellek|p3,0,0,EVET,0.006,0
cab|ad|yok|g1|f1|yavas|onbellek|p4,2,2,EVET,0.0246,0
cab|ad|yok|g1|f2|hizli|taze|p0,0,0,EVET,0.0031,0
cab|ad|yok|g1|f2|hizli|taze|p1,0,0,EVET,0.0038,0
cab|ad|yok|g1|f2|hizli|taze|p2,0,0,EVET,0.0037,0
cab|ad|yok|g1|f2|hizli|taze|p3,0,0,EVET,0.0059,0
cab|ad|yok|g1|f2|hizli|taze|p4,2,2,EVET,0.0187,0
cab|ad|yok|g1|f2|hizli|sabit|p0,0,0,EVET,0.0025,0
cab|ad|yok|g1|f2|hizli|sabit|p1,0,0,EVET,0.0023,0
cab|ad|yok|g1|f2|hizli|sabit|p2,0,0,EVET,0.003,0
cab|ad|yok|g1|f2|hizli|sabit|p3,0,0,EVET,0.0064,0
cab|ad|yok|g1|f2|hizli|sabit|p4,2,2,EVET,0.0164,0
cab|ad|yok|g1|f2|hizli|onbellek|p0,0,0,EVET,0.0032,0
cab|ad|yok|g1|f2|hizli|onbellek|p1,0,0,EVET,0.0035,0
cab|ad|yok|g1|f2|hizli|onbellek|p2,0,0,EVET,0.0036,0
cab|ad|yok|g1|f2|hizli|onbellek|p3,0,0,EVET,0.0067,0
cab|ad|yok|g1|f2|hizli|onbellek|p4,2,2,EVET,0.0243,0
cab|ad|yok|g1|f2|orta|taze|p0,0,0,EVET,0.0045,0
cab|ad|yok|g1|f2|orta|taze|p1,0,0,EVET,0.0037,0
cab|ad|yok|g1|f2|orta|taze|p2,0,0,EVET,0.0029,0
cab|ad|yok|g1|f2|orta|taze|p3,0,0,EVET,0.0062,0
cab|ad|yok|g1|f2|orta|taze|p4,2,2,EVET,0.0236,0
cab|ad|yok|g1|f2|orta|sabit|p0,0,0,EVET,0.003,0
cab|ad|yok|g1|f2|orta|sabit|p1,0,0,EVET,0.0032,0
cab|ad|yok|g1|f2|orta|sabit|p2,0,0,EVET,0.003,0
cab|ad|yok|g1|f2|orta|sabit|p3,0,0,EVET,0.006,0
cab|ad|yok|g1|f2|orta|sabit|p4,2,2,EVET,0.0199,0
cab|ad|yok|g1|f2|orta|onbellek|p0,0,0,EVET,0.0041,0
cab|ad|yok|g1|f2|orta|onbellek|p1,0,0,EVET,0.0031,0
cab|ad|yok|g1|f2|orta|onbellek|p2,0,0,EVET,0.003,0
cab|ad|yok|g1|f2|orta|onbellek|p3,0,0,EVET,0.0054,0
cab|ad|yok|g1|f2|orta|onbellek|p4,2,2,EVET,0.0245,0
cab|ad|yok|g1|f2|yavas|taze|p0,0,0,EVET,0.0036,0
cab|ad|yok|g1|f2|yavas|taze|p1,0,0,EVET,0.0029,0
cab|ad|yok|g1|f2|yavas|taze|p2,0,0,EVET,0.0032,0
cab|ad|yok|g1|f2|yavas|taze|p3,0,0,EVET,0.0068,0
cab|ad|yok|g1|f2|yavas|taze|p4,2,2,EVET,0.0252,0
cab|ad|yok|g1|f2|yavas|sabit|p0,0,0,EVET,0.0027,0
cab|ad|yok|g1|f2|yavas|sabit|p1,0,0,EVET,0.0025,0
cab|ad|yok|g1|f2|yavas|sabit|p2,0,0,EVET,0.0029,0
cab|ad|yok|g1|f2|yavas|sabit|p3,0,0,EVET,0.006,0
cab|ad|yok|g1|f2|yavas|sabit|p4,2,2,EVET,0.0173,0
cab|ad|yok|g1|f2|yavas|onbellek|p0,0,0,EVET,0.0029,0
cab|ad|yok|g1|f2|yavas|onbellek|p1,0,0,EVET,0.0032,0
cab|ad|yok|g1|f2|yavas|onbellek|p2,0,0,EVET,0.005,0
cab|ad|yok|g1|f2|yavas|onbellek|p3,0,0,EVET,0.0063,0
cab|ad|yok|g1|f2|yavas|onbellek|p4,2,2,EVET,0.0178,0
cab|ad|yok|g1|f3|hizli|taze|p0,1,1,EVET,0.0057,0
cab|ad|yok|g1|f3|hizli|taze|p1,1,1,EVET,0.0054,0
cab|ad|yok|g1|f3|hizli|taze|p2,1,1,EVET,0.0057,0
cab|ad|yok|g1|f3|hizli|taze|p3,1,1,EVET,0.0131,0
cab|ad|yok|g1|f3|hizli|taze|p4,1,1,EVET,0.0133,0
cab|ad|yok|g1|f3|hizli|sabit|p0,1,1,EVET,0.0054,0
cab|ad|yok|g1|f3|hizli|sabit|p1,1,1,EVET,0.0046,0
cab|ad|yok|g1|f3|hizli|sabit|p2,1,1,EVET,0.0045,0
cab|ad|yok|g1|f3|hizli|sabit|p3,1,1,EVET,0.0093,0
cab|ad|yok|g1|f3|hizli|sabit|p4,1,1,EVET,0.0096,0
cab|ad|yok|g1|f3|hizli|onbellek|p0,1,1,EVET,0.0063,0
cab|ad|yok|g1|f3|hizli|onbellek|p1,1,1,EVET,0.0063,0
cab|ad|yok|g1|f3|hizli|onbellek|p2,1,1,EVET,0.0054,0
cab|ad|yok|g1|f3|hizli|onbellek|p3,1,1,EVET,0.0119,0
cab|ad|yok|g1|f3|hizli|onbellek|p4,1,1,EVET,0.0099,0
cab|ad|yok|g1|f3|orta|taze|p0,1,1,EVET,0.0059,0
cab|ad|yok|g1|f3|orta|taze|p1,1,1,EVET,0.0062,0
cab|ad|yok|g1|f3|orta|taze|p2,1,1,EVET,0.0055,0
cab|ad|yok|g1|f3|orta|taze|p3,1,1,EVET,0.0119,0
cab|ad|yok|g1|f3|orta|taze|p4,1,1,EVET,0.0123,0
cab|ad|yok|g1|f3|orta|sabit|p0,1,1,EVET,0.0046,0
cab|ad|yok|g1|f3|orta|sabit|p1,1,1,EVET,0.0044,0
cab|ad|yok|g1|f3|orta|sabit|p2,1,1,EVET,0.0073,0
cab|ad|yok|g1|f3|orta|sabit|p3,1,1,EVET,0.0092,0
cab|ad|yok|g1|f3|orta|sabit|p4,1,1,EVET,0.0115,0
cab|ad|yok|g1|f3|orta|onbellek|p0,1,1,EVET,0.0067,0
cab|ad|yok|g1|f3|orta|onbellek|p1,1,1,EVET,0.0054,0
cab|ad|yok|g1|f3|orta|onbellek|p2,1,1,EVET,0.0053,0
cab|ad|yok|g1|f3|orta|onbellek|p3,1,1,EVET,0.0126,0
cab|ad|yok|g1|f3|orta|onbellek|p4,1,1,EVET,0.0117,0
cab|ad|yok|g1|f3|yavas|taze|p0,1,1,EVET,0.0055,0
cab|ad|yok|g1|f3|yavas|taze|p1,1,1,EVET,0.0054,0
cab|ad|yok|g1|f3|yavas|taze|p2,1,1,EVET,0.0052,0
cab|ad|yok|g1|f3|yavas|taze|p3,1,1,EVET,0.0111,0
cab|ad|yok|g1|f3|yavas|taze|p4,1,1,EVET,0.0123,0
cab|ad|yok|g1|f3|yavas|sabit|p0,1,1,EVET,0.0045,0
cab|ad|yok|g1|f3|yavas|sabit|p1,1,1,EVET,0.0043,0
cab|ad|yok|g1|f3|yavas|sabit|p2,1,1,EVET,0.0047,0
cab|ad|yok|g1|f3|yavas|sabit|p3,1,1,EVET,0.0121,0
cab|ad|yok|g1|f3|yavas|sabit|p4,1,1,EVET,0.0112,0
cab|ad|yok|g1|f3|yavas|onbellek|p0,1,1,EVET,0.0056,0
cab|ad|yok|g1|f3|yavas|onbellek|p1,1,1,EVET,0.0068,0
cab|ad|yok|g1|f3|yavas|onbellek|p2,1,1,EVET,0.0052,0
cab|ad|yok|g1|f3|yavas|onbellek|p3,1,1,EVET,0.0112,0
cab|ad|yok|g1|f3|yavas|onbellek|p4,1,1,EVET,0.0099,0
cab|ad|yok|g2|f1|hizli|taze|p0,0,0,EVET,0.0034,0
cab|ad|yok|g2|f1|hizli|taze|p1,0,0,EVET,0.0034,0
cab|ad|yok|g2|f1|hizli|taze|p2,0,0,EVET,0.0033,0
cab|ad|yok|g2|f1|hizli|taze|p3,0,0,EVET,0.0074,0
cab|ad|yok|g2|f1|hizli|taze|p4,4,4,EVET,0.0667,0
cab|ad|yok|g2|f1|hizli|sabit|p0,0,0,EVET,0.0035,0
cab|ad|yok|g2|f1|hizli|sabit|p1,0,0,EVET,0.0035,0
cab|ad|yok|g2|f1|hizli|sabit|p2,0,0,EVET,0.0035,0
cab|ad|yok|g2|f1|hizli|sabit|p3,0,0,EVET,0.0075,0
cab|ad|yok|g2|f1|hizli|sabit|p4,4,4,EVET,0.05,0
cab|ad|yok|g2|f1|hizli|onbellek|p0,0,0,EVET,0.004,0
cab|ad|yok|g2|f1|hizli|onbellek|p1,0,0,EVET,0.0036,0
cab|ad|yok|g2|f1|hizli|onbellek|p2,0,0,EVET,0.004,0
cab|ad|yok|g2|f1|hizli|onbellek|p3,0,0,EVET,0.0078,0
cab|ad|yok|g2|f1|hizli|onbellek|p4,4,4,EVET,0.0775,0
cab|ad|yok|g2|f1|orta|taze|p0,0,0,EVET,0.0041,0
cab|ad|yok|g2|f1|orta|taze|p1,0,0,EVET,0.0034,0
cab|ad|yok|g2|f1|orta|taze|p2,0,0,EVET,0.0043,0
cab|ad|yok|g2|f1|orta|taze|p3,0,0,EVET,0.0067,0
cab|ad|yok|g2|f1|orta|taze|p4,4,4,EVET,0.0525,0
cab|ad|yok|g2|f1|orta|sabit|p0,0,0,EVET,0.0033,0
cab|ad|yok|g2|f1|orta|sabit|p1,0,0,EVET,0.0034,0
cab|ad|yok|g2|f1|orta|sabit|p2,0,0,EVET,0.0034,0
cab|ad|yok|g2|f1|orta|sabit|p3,0,0,EVET,0.0072,0
cab|ad|yok|g2|f1|orta|sabit|p4,4,4,EVET,0.0613,0
cab|ad|yok|g2|f1|orta|onbellek|p0,0,0,EVET,0.0034,0
cab|ad|yok|g2|f1|orta|onbellek|p1,0,0,EVET,0.0034,0
cab|ad|yok|g2|f1|orta|onbellek|p2,0,0,EVET,0.0034,0
cab|ad|yok|g2|f1|orta|onbellek|p3,0,0,EVET,0.006,0
cab|ad|yok|g2|f1|orta|onbellek|p4,4,4,EVET,0.0614,0
cab|ad|yok|g2|f1|yavas|taze|p0,0,0,EVET,0.0038,0
cab|ad|yok|g2|f1|yavas|taze|p1,0,0,EVET,0.0042,0
cab|ad|yok|g2|f1|yavas|taze|p2,0,0,EVET,0.0044,0
cab|ad|yok|g2|f1|yavas|taze|p3,0,0,EVET,0.0082,0
cab|ad|yok|g2|f1|yavas|taze|p4,4,4,EVET,0.061,0
cab|ad|yok|g2|f1|yavas|sabit|p0,0,0,EVET,0.0028,0
cab|ad|yok|g2|f1|yavas|sabit|p1,0,0,EVET,0.0028,0
cab|ad|yok|g2|f1|yavas|sabit|p2,0,0,EVET,0.003,0
cab|ad|yok|g2|f1|yavas|sabit|p3,0,0,EVET,0.0059,0
cab|ad|yok|g2|f1|yavas|sabit|p4,4,4,EVET,0.0503,0
cab|ad|yok|g2|f1|yavas|onbellek|p0,0,0,EVET,0.0052,0
cab|ad|yok|g2|f1|yavas|onbellek|p1,0,0,EVET,0.005,0
cab|ad|yok|g2|f1|yavas|onbellek|p2,0,0,EVET,0.0036,0
cab|ad|yok|g2|f1|yavas|onbellek|p3,0,0,EVET,0.0082,0
cab|ad|yok|g2|f1|yavas|onbellek|p4,4,4,EVET,0.0604,0
cab|ad|yok|g2|f2|hizli|taze|p0,0,0,EVET,0.0033,0
cab|ad|yok|g2|f2|hizli|taze|p1,0,0,EVET,0.0033,0
cab|ad|yok|g2|f2|hizli|taze|p2,0,0,EVET,0.0033,0
cab|ad|yok|g2|f2|hizli|taze|p3,0,0,EVET,0.0065,0
cab|ad|yok|g2|f2|hizli|taze|p4,4,4,EVET,0.0476,0
cab|ad|yok|g2|f2|hizli|sabit|p0,0,0,EVET,0.0031,0
cab|ad|yok|g2|f2|hizli|sabit|p1,0,0,EVET,0.0031,0
cab|ad|yok|g2|f2|hizli|sabit|p2,0,0,EVET,0.003,0
cab|ad|yok|g2|f2|hizli|sabit|p3,0,0,EVET,0.0066,0
cab|ad|yok|g2|f2|hizli|sabit|p4,4,4,EVET,0.0442,0
cab|ad|yok|g2|f2|hizli|onbellek|p0,0,0,EVET,0.0041,0
cab|ad|yok|g2|f2|hizli|onbellek|p1,0,0,EVET,0.0046,0
cab|ad|yok|g2|f2|hizli|onbellek|p2,0,0,EVET,0.0039,0
cab|ad|yok|g2|f2|hizli|onbellek|p3,0,0,EVET,0.0065,0
cab|ad|yok|g2|f2|hizli|onbellek|p4,4,4,EVET,0.0457,0
cab|ad|yok|g2|f2|orta|taze|p0,0,0,EVET,0.0043,0
cab|ad|yok|g2|f2|orta|taze|p1,0,0,EVET,0.0036,0
cab|ad|yok|g2|f2|orta|taze|p2,0,0,EVET,0.0035,0
cab|ad|yok|g2|f2|orta|taze|p3,0,0,EVET,0.0083,0
cab|ad|yok|g2|f2|orta|taze|p4,4,4,EVET,0.0496,0
cab|ad|yok|g2|f2|orta|sabit|p0,0,0,EVET,0.0032,0
cab|ad|yok|g2|f2|orta|sabit|p1,0,0,EVET,0.0029,0
cab|ad|yok|g2|f2|orta|sabit|p2,0,0,EVET,0.0032,0
cab|ad|yok|g2|f2|orta|sabit|p3,0,0,EVET,0.0071,0
cab|ad|yok|g2|f2|orta|sabit|p4,4,4,EVET,0.0478,0
cab|ad|yok|g2|f2|orta|onbellek|p0,0,0,EVET,0.0046,0
cab|ad|yok|g2|f2|orta|onbellek|p1,0,0,EVET,0.0036,0
cab|ad|yok|g2|f2|orta|onbellek|p2,0,0,EVET,0.0037,0
cab|ad|yok|g2|f2|orta|onbellek|p3,0,0,EVET,0.0074,0
cab|ad|yok|g2|f2|orta|onbellek|p4,4,4,EVET,0.051,0
cab|ad|yok|g2|f2|yavas|taze|p0,0,0,EVET,0.005,0
cab|ad|yok|g2|f2|yavas|taze|p1,0,0,EVET,0.0043,0
cab|ad|yok|g2|f2|yavas|taze|p2,0,0,EVET,0.0046,0
cab|ad|yok|g2|f2|yavas|taze|p3,0,0,EVET,0.0084,0
cab|ad|yok|g2|f2|yavas|taze|p4,4,4,EVET,0.0413,0
cab|ad|yok|g2|f2|yavas|sabit|p0,0,0,EVET,0.0031,0
cab|ad|yok|g2|f2|yavas|sabit|p1,0,0,EVET,0.0037,0
cab|ad|yok|g2|f2|yavas|sabit|p2,0,0,EVET,0.0034,0
cab|ad|yok|g2|f2|yavas|sabit|p3,0,0,EVET,0.0065,0
cab|ad|yok|g2|f2|yavas|sabit|p4,4,4,EVET,0.0375,0
cab|ad|yok|g2|f2|yavas|onbellek|p0,0,0,EVET,0.0035,0
cab|ad|yok|g2|f2|yavas|onbellek|p1,0,0,EVET,0.0035,0
cab|ad|yok|g2|f2|yavas|onbellek|p2,0,0,EVET,0.0041,0
cab|ad|yok|g2|f2|yavas|onbellek|p3,0,0,EVET,0.0075,0
cab|ad|yok|g2|f2|yavas|onbellek|p4,4,4,EVET,0.0535,0
cab|ad|yok|g2|f3|hizli|taze|p0,1,1,EVET,0.008,0
cab|ad|yok|g2|f3|hizli|taze|p1,1,1,EVET,0.0068,0
cab|ad|yok|g2|f3|hizli|taze|p2,1,1,EVET,0.0074,0
cab|ad|yok|g2|f3|hizli|taze|p3,1,1,EVET,0.0152,0
cab|ad|yok|g2|f3|hizli|taze|p4,1,1,EVET,0.0139,0
cab|ad|yok|g2|f3|hizli|sabit|p0,1,1,EVET,0.0057,0
cab|ad|yok|g2|f3|hizli|sabit|p1,1,1,EVET,0.0054,0
cab|ad|yok|g2|f3|hizli|sabit|p2,1,1,EVET,0.0071,0
cab|ad|yok|g2|f3|hizli|sabit|p3,1,1,EVET,0.0137,0
cab|ad|yok|g2|f3|hizli|sabit|p4,1,1,EVET,0.0144,0
cab|ad|yok|g2|f3|hizli|onbellek|p0,1,1,EVET,0.0082,0
cab|ad|yok|g2|f3|hizli|onbellek|p1,1,1,EVET,0.0065,0
cab|ad|yok|g2|f3|hizli|onbellek|p2,1,1,EVET,0.0063,0
cab|ad|yok|g2|f3|hizli|onbellek|p3,1,1,EVET,0.0131,0
cab|ad|yok|g2|f3|hizli|onbellek|p4,1,1,EVET,0.0134,0
cab|ad|yok|g2|f3|orta|taze|p0,1,1,EVET,0.0072,0
cab|ad|yok|g2|f3|orta|taze|p1,1,1,EVET,0.0078,0
cab|ad|yok|g2|f3|orta|taze|p2,1,1,EVET,0.0081,0
cab|ad|yok|g2|f3|orta|taze|p3,1,1,EVET,0.0161,0
cab|ad|yok|g2|f3|orta|taze|p4,1,1,EVET,0.0126,0
cab|ad|yok|g2|f3|orta|sabit|p0,1,1,EVET,0.0054,0
cab|ad|yok|g2|f3|orta|sabit|p1,1,1,EVET,0.0055,0
cab|ad|yok|g2|f3|orta|sabit|p2,1,1,EVET,0.0061,0
cab|ad|yok|g2|f3|orta|sabit|p3,1,1,EVET,0.0136,0
cab|ad|yok|g2|f3|orta|sabit|p4,1,1,EVET,0.0131,0
cab|ad|yok|g2|f3|orta|onbellek|p0,1,1,EVET,0.0066,0
cab|ad|yok|g2|f3|orta|onbellek|p1,1,1,EVET,0.0064,0
cab|ad|yok|g2|f3|orta|onbellek|p2,1,1,EVET,0.0079,0
cab|ad|yok|g2|f3|orta|onbellek|p3,1,1,EVET,0.0149,0
cab|ad|yok|g2|f3|orta|onbellek|p4,1,1,EVET,0.0151,0
cab|ad|yok|g2|f3|yavas|taze|p0,1,1,EVET,0.0085,0
cab|ad|yok|g2|f3|yavas|taze|p1,1,1,EVET,0.0078,0
cab|ad|yok|g2|f3|yavas|taze|p2,1,1,EVET,0.0077,0
cab|ad|yok|g2|f3|yavas|taze|p3,1,1,EVET,0.0156,0
cab|ad|yok|g2|f3|yavas|taze|p4,1,1,EVET,0.0157,0
cab|ad|yok|g2|f3|yavas|sabit|p0,1,1,EVET,0.0054,0
cab|ad|yok|g2|f3|yavas|sabit|p1,1,1,EVET,0.0055,0
cab|ad|yok|g2|f3|yavas|sabit|p2,1,1,EVET,0.0056,0
cab|ad|yok|g2|f3|yavas|sabit|p3,1,1,EVET,0.0118,0
cab|ad|yok|g2|f3|yavas|sabit|p4,1,1,EVET,0.0132,0
cab|ad|yok|g2|f3|yavas|onbellek|p0,1,1,EVET,0.007,0
cab|ad|yok|g2|f3|yavas|onbellek|p1,1,1,EVET,0.0066,0
cab|ad|yok|g2|f3|yavas|onbellek|p2,1,1,EVET,0.0065,0
cab|ad|yok|g2|f3|yavas|onbellek|p3,1,1,EVET,0.0156,0
cab|ad|yok|g2|f3|yavas|onbellek|p4,1,1,EVET,0.0149,0
cab|ad|yok|g3|f1|hizli|taze|p0,0,0,EVET,0.0038,0
cab|ad|yok|g3|f1|hizli|taze|p1,0,0,EVET,0.0034,0
cab|ad|yok|g3|f1|hizli|taze|p2,0,0,EVET,0.0033,0
cab|ad|yok|g3|f1|hizli|taze|p3,0,0,EVET,0.006,0
cab|ad|yok|g3|f1|hizli|taze|p4,2,2,EVET,0.0306,0
cab|ad|yok|g3|f1|hizli|sabit|p0,0,0,EVET,0.003,0
cab|ad|yok|g3|f1|hizli|sabit|p1,0,0,EVET,0.0032,0
cab|ad|yok|g3|f1|hizli|sabit|p2,0,0,EVET,0.0031,0
cab|ad|yok|g3|f1|hizli|sabit|p3,0,0,EVET,0.0082,0
cab|ad|yok|g3|f1|hizli|sabit|p4,2,2,EVET,0.0294,0
cab|ad|yok|g3|f1|hizli|onbellek|p0,0,0,EVET,0.0035,0
cab|ad|yok|g3|f1|hizli|onbellek|p1,0,0,EVET,0.0034,0
cab|ad|yok|g3|f1|hizli|onbellek|p2,0,0,EVET,0.0039,0
cab|ad|yok|g3|f1|hizli|onbellek|p3,0,0,EVET,0.0071,0
cab|ad|yok|g3|f1|hizli|onbellek|p4,2,2,EVET,0.0318,0
cab|ad|yok|g3|f1|orta|taze|p0,0,0,EVET,0.0042,0
cab|ad|yok|g3|f1|orta|taze|p1,0,0,EVET,0.0042,0
cab|ad|yok|g3|f1|orta|taze|p2,0,0,EVET,0.004,0
cab|ad|yok|g3|f1|orta|taze|p3,0,0,EVET,0.0059,0
cab|ad|yok|g3|f1|orta|taze|p4,2,2,EVET,0.0331,0
cab|ad|yok|g3|f1|orta|sabit|p0,0,0,EVET,0.0027,0
cab|ad|yok|g3|f1|orta|sabit|p1,0,0,EVET,0.0027,0
cab|ad|yok|g3|f1|orta|sabit|p2,0,0,EVET,0.0029,0
cab|ad|yok|g3|f1|orta|sabit|p3,0,0,EVET,0.0059,0
cab|ad|yok|g3|f1|orta|sabit|p4,2,2,EVET,0.0333,0
cab|ad|yok|g3|f1|orta|onbellek|p0,0,0,EVET,0.0039,0
cab|ad|yok|g3|f1|orta|onbellek|p1,0,0,EVET,0.0047,0
cab|ad|yok|g3|f1|orta|onbellek|p2,0,0,EVET,0.0044,0
cab|ad|yok|g3|f1|orta|onbellek|p3,0,0,EVET,0.0069,0
cab|ad|yok|g3|f1|orta|onbellek|p4,2,2,EVET,0.036,0
cab|ad|yok|g3|f1|yavas|taze|p0,0,0,EVET,0.0034,0
cab|ad|yok|g3|f1|yavas|taze|p1,0,0,EVET,0.0033,0
cab|ad|yok|g3|f1|yavas|taze|p2,0,0,EVET,0.0033,0
cab|ad|yok|g3|f1|yavas|taze|p3,0,0,EVET,0.006,0
cab|ad|yok|g3|f1|yavas|taze|p4,2,2,EVET,0.0283,0
cab|ad|yok|g3|f1|yavas|sabit|p0,0,0,EVET,0.0031,0
cab|ad|yok|g3|f1|yavas|sabit|p1,0,0,EVET,0.0033,0
cab|ad|yok|g3|f1|yavas|sabit|p2,0,0,EVET,0.0033,0
cab|ad|yok|g3|f1|yavas|sabit|p3,0,0,EVET,0.0069,0
cab|ad|yok|g3|f1|yavas|sabit|p4,2,2,EVET,0.0337,0
cab|ad|yok|g3|f1|yavas|onbellek|p0,0,0,EVET,0.0042,0
cab|ad|yok|g3|f1|yavas|onbellek|p1,0,0,EVET,0.0037,0
cab|ad|yok|g3|f1|yavas|onbellek|p2,0,0,EVET,0.0042,0
cab|ad|yok|g3|f1|yavas|onbellek|p3,0,0,EVET,0.0072,0
cab|ad|yok|g3|f1|yavas|onbellek|p4,2,2,EVET,0.0358,0
cab|ad|yok|g3|f2|hizli|taze|p0,0,0,EVET,0.0048,0
cab|ad|yok|g3|f2|hizli|taze|p1,0,0,EVET,0.0037,0
cab|ad|yok|g3|f2|hizli|taze|p2,0,0,EVET,0.0036,0
cab|ad|yok|g3|f2|hizli|taze|p3,0,0,EVET,0.0065,0
cab|ad|yok|g3|f2|hizli|taze|p4,2,2,EVET,0.0212,0
cab|ad|yok|g3|f2|hizli|sabit|p0,0,0,EVET,0.0038,0
cab|ad|yok|g3|f2|hizli|sabit|p1,0,0,EVET,0.0035,0
cab|ad|yok|g3|f2|hizli|sabit|p2,0,0,EVET,0.0032,0
cab|ad|yok|g3|f2|hizli|sabit|p3,0,0,EVET,0.0072,0
cab|ad|yok|g3|f2|hizli|sabit|p4,2,2,EVET,0.0197,0
cab|ad|yok|g3|f2|hizli|onbellek|p0,0,0,EVET,0.0036,0
cab|ad|yok|g3|f2|hizli|onbellek|p1,0,0,EVET,0.0044,0
cab|ad|yok|g3|f2|hizli|onbellek|p2,0,0,EVET,0.0047,0
cab|ad|yok|g3|f2|hizli|onbellek|p3,0,0,EVET,0.0081,0
cab|ad|yok|g3|f2|hizli|onbellek|p4,2,2,EVET,0.0263,0
cab|ad|yok|g3|f2|orta|taze|p0,0,0,EVET,0.0044,0
cab|ad|yok|g3|f2|orta|taze|p1,0,0,EVET,0.0044,0
cab|ad|yok|g3|f2|orta|taze|p2,0,0,EVET,0.0045,0
cab|ad|yok|g3|f2|orta|taze|p3,0,0,EVET,0.0087,0
cab|ad|yok|g3|f2|orta|taze|p4,2,2,EVET,0.0221,0
cab|ad|yok|g3|f2|orta|sabit|p0,0,0,EVET,0.003,0
cab|ad|yok|g3|f2|orta|sabit|p1,0,0,EVET,0.0036,0
cab|ad|yok|g3|f2|orta|sabit|p2,0,0,EVET,0.0033,0
cab|ad|yok|g3|f2|orta|sabit|p3,0,0,EVET,0.0071,0
cab|ad|yok|g3|f2|orta|sabit|p4,2,2,EVET,0.0221,0
cab|ad|yok|g3|f2|orta|onbellek|p0,0,0,EVET,0.0045,0
cab|ad|yok|g3|f2|orta|onbellek|p1,0,0,EVET,0.0045,0
cab|ad|yok|g3|f2|orta|onbellek|p2,0,0,EVET,0.0036,0
cab|ad|yok|g3|f2|orta|onbellek|p3,0,0,EVET,0.008,0
cab|ad|yok|g3|f2|orta|onbellek|p4,2,2,EVET,0.0216,0
cab|ad|yok|g3|f2|yavas|taze|p0,0,0,EVET,0.0036,0
cab|ad|yok|g3|f2|yavas|taze|p1,0,0,EVET,0.0045,0
cab|ad|yok|g3|f2|yavas|taze|p2,0,0,EVET,0.0044,0
cab|ad|yok|g3|f2|yavas|taze|p3,0,0,EVET,0.0076,0
cab|ad|yok|g3|f2|yavas|taze|p4,2,2,EVET,0.0306,0
cab|ad|yok|g3|f2|yavas|sabit|p0,0,0,EVET,0.003,0
cab|ad|yok|g3|f2|yavas|sabit|p1,0,0,EVET,0.0029,0
cab|ad|yok|g3|f2|yavas|sabit|p2,0,0,EVET,0.0035,0
cab|ad|yok|g3|f2|yavas|sabit|p3,0,0,EVET,0.0076,0
cab|ad|yok|g3|f2|yavas|sabit|p4,2,2,EVET,0.0252,0
cab|ad|yok|g3|f2|yavas|onbellek|p0,0,0,EVET,0.0038,0
cab|ad|yok|g3|f2|yavas|onbellek|p1,0,0,EVET,0.004,0
cab|ad|yok|g3|f2|yavas|onbellek|p2,0,0,EVET,0.004,0
cab|ad|yok|g3|f2|yavas|onbellek|p3,0,0,EVET,0.0071,0
cab|ad|yok|g3|f2|yavas|onbellek|p4,2,2,EVET,0.0244,0
cab|ad|yok|g3|f3|hizli|taze|p0,1,1,EVET,0.0081,0
cab|ad|yok|g3|f3|hizli|taze|p1,1,1,EVET,0.0099,0
cab|ad|yok|g3|f3|hizli|taze|p2,1,1,EVET,0.0071,0
cab|ad|yok|g3|f3|hizli|taze|p3,1,1,EVET,0.0159,0
cab|ad|yok|g3|f3|hizli|taze|p4,1,1,EVET,0.017,0
cab|ad|yok|g3|f3|hizli|sabit|p0,1,1,EVET,0.0068,0
cab|ad|yok|g3|f3|hizli|sabit|p1,1,1,EVET,0.0057,0
cab|ad|yok|g3|f3|hizli|sabit|p2,1,1,EVET,0.0055,0
cab|ad|yok|g3|f3|hizli|sabit|p3,1,1,EVET,0.0159,0
cab|ad|yok|g3|f3|hizli|sabit|p4,1,1,EVET,0.0114,0
cab|ad|yok|g3|f3|hizli|onbellek|p0,1,1,EVET,0.0069,0
cab|ad|yok|g3|f3|hizli|onbellek|p1,1,1,EVET,0.0067,0
cab|ad|yok|g3|f3|hizli|onbellek|p2,1,1,EVET,0.0078,0
cab|ad|yok|g3|f3|hizli|onbellek|p3,1,1,EVET,0.0153,0
cab|ad|yok|g3|f3|hizli|onbellek|p4,1,1,EVET,0.0176,0
cab|ad|yok|g3|f3|orta|taze|p0,1,1,EVET,0.0082,0
cab|ad|yok|g3|f3|orta|taze|p1,1,1,EVET,0.0097,0
cab|ad|yok|g3|f3|orta|taze|p2,1,1,EVET,0.0115,0
cab|ad|yok|g3|f3|orta|taze|p3,1,1,EVET,0.0163,0
cab|ad|yok|g3|f3|orta|taze|p4,1,1,EVET,0.0149,0
cab|ad|yok|g3|f3|orta|sabit|p0,1,1,EVET,0.006,0
cab|ad|yok|g3|f3|orta|sabit|p1,1,1,EVET,0.0055,0
cab|ad|yok|g3|f3|orta|sabit|p2,1,1,EVET,0.0066,0
cab|ad|yok|g3|f3|orta|sabit|p3,1,1,EVET,0.0158,0
cab|ad|yok|g3|f3|orta|sabit|p4,1,1,EVET,0.0151,0
cab|ad|yok|g3|f3|orta|onbellek|p0,1,1,EVET,0.0085,0
cab|ad|yok|g3|f3|orta|onbellek|p1,1,1,EVET,0.0101,0
cab|ad|yok|g3|f3|orta|onbellek|p2,1,1,EVET,0.0076,0
cab|ad|yok|g3|f3|orta|onbellek|p3,1,1,EVET,0.0141,0
cab|ad|yok|g3|f3|orta|onbellek|p4,1,1,EVET,0.018,0
cab|ad|yok|g3|f3|yavas|taze|p0,1,1,EVET,0.009,0
cab|ad|yok|g3|f3|yavas|taze|p1,1,1,EVET,0.0076,0
cab|ad|yok|g3|f3|yavas|taze|p2,1,1,EVET,0.0072,0
cab|ad|yok|g3|f3|yavas|taze|p3,1,1,EVET,0.0175,0
cab|ad|yok|g3|f3|yavas|taze|p4,1,1,EVET,0.014,0
cab|ad|yok|g3|f3|yavas|sabit|p0,1,1,EVET,0.0057,0
cab|ad|yok|g3|f3|yavas|sabit|p1,1,1,EVET,0.006,0
cab|ad|yok|g3|f3|yavas|sabit|p2,1,1,EVET,0.0063,0
cab|ad|yok|g3|f3|yavas|sabit|p3,1,1,EVET,0.0184,0
cab|ad|yok|g3|f3|yavas|sabit|p4,1,1,EVET,0.0127,0
cab|ad|yok|g3|f3|yavas|onbellek|p0,1,1,EVET,0.013,0
cab|ad|yok|g3|f3|yavas|onbellek|p1,1,1,EVET,0.0082,0
cab|ad|yok|g3|f3|yavas|onbellek|p2,1,1,EVET,0.007,0
cab|ad|yok|g3|f3|yavas|onbellek|p3,1,1,EVET,0.0154,0
cab|ad|yok|g3|f3|yavas|onbellek|p4,1,1,EVET,0.0161,0
cab|ad|yok|g4|f1|hizli|taze|p0,0,0,EVET,0.0033,0
cab|ad|yok|g4|f1|hizli|taze|p1,0,0,EVET,0.0027,0
cab|ad|yok|g4|f1|hizli|taze|p2,0,0,EVET,0.0027,0
cab|ad|yok|g4|f1|hizli|taze|p3,0,0,EVET,0.0049,0
cab|ad|yok|g4|f1|hizli|taze|p4,0,0,EVET,0.0048,0
cab|ad|yok|g4|f1|hizli|sabit|p0,0,0,EVET,0.0031,0
cab|ad|yok|g4|f1|hizli|sabit|p1,0,0,EVET,0.0033,0
cab|ad|yok|g4|f1|hizli|sabit|p2,0,0,EVET,0.0028,0
cab|ad|yok|g4|f1|hizli|sabit|p3,0,0,EVET,0.0037,0
cab|ad|yok|g4|f1|hizli|sabit|p4,0,0,EVET,0.0037,0
cab|ad|yok|g4|f1|hizli|onbellek|p0,0,0,EVET,0.0026,0
cab|ad|yok|g4|f1|hizli|onbellek|p1,0,0,EVET,0.0028,0
cab|ad|yok|g4|f1|hizli|onbellek|p2,0,0,EVET,0.0025,0
cab|ad|yok|g4|f1|hizli|onbellek|p3,0,0,EVET,0.0046,0
cab|ad|yok|g4|f1|hizli|onbellek|p4,0,0,EVET,0.0047,0
cab|ad|yok|g4|f1|orta|taze|p0,0,0,EVET,0.0034,0
cab|ad|yok|g4|f1|orta|taze|p1,0,0,EVET,0.0035,0
cab|ad|yok|g4|f1|orta|taze|p2,0,0,EVET,0.0037,0
cab|ad|yok|g4|f1|orta|taze|p3,0,0,EVET,0.0049,0
cab|ad|yok|g4|f1|orta|taze|p4,0,0,EVET,0.0036,0
cab|ad|yok|g4|f1|orta|sabit|p0,0,0,EVET,0.0026,0
cab|ad|yok|g4|f1|orta|sabit|p1,0,0,EVET,0.0025,0
cab|ad|yok|g4|f1|orta|sabit|p2,0,0,EVET,0.0027,0
cab|ad|yok|g4|f1|orta|sabit|p3,0,0,EVET,0.0037,0
cab|ad|yok|g4|f1|orta|sabit|p4,0,0,EVET,0.0044,0
cab|ad|yok|g4|f1|orta|onbellek|p0,0,0,EVET,0.0032,0
cab|ad|yok|g4|f1|orta|onbellek|p1,0,0,EVET,0.0035,0
cab|ad|yok|g4|f1|orta|onbellek|p2,0,0,EVET,0.0033,0
cab|ad|yok|g4|f1|orta|onbellek|p3,0,0,EVET,0.0046,0
cab|ad|yok|g4|f1|orta|onbellek|p4,0,0,EVET,0.0042,0
cab|ad|yok|g4|f1|yavas|taze|p0,0,0,EVET,0.0033,0
cab|ad|yok|g4|f1|yavas|taze|p1,0,0,EVET,0.0026,0
cab|ad|yok|g4|f1|yavas|taze|p2,0,0,EVET,0.0026,0
cab|ad|yok|g4|f1|yavas|taze|p3,0,0,EVET,0.0041,0
cab|ad|yok|g4|f1|yavas|taze|p4,0,0,EVET,0.004,0
cab|ad|yok|g4|f1|yavas|sabit|p0,0,0,EVET,0.0033,0
cab|ad|yok|g4|f1|yavas|sabit|p1,0,0,EVET,0.0033,0
cab|ad|yok|g4|f1|yavas|sabit|p2,0,0,EVET,0.0035,0
cab|ad|yok|g4|f1|yavas|sabit|p3,0,0,EVET,0.005,0
cab|ad|yok|g4|f1|yavas|sabit|p4,0,0,EVET,0.0039,0
cab|ad|yok|g4|f1|yavas|onbellek|p0,0,0,EVET,0.0027,0
cab|ad|yok|g4|f1|yavas|onbellek|p1,0,0,EVET,0.0027,0
cab|ad|yok|g4|f1|yavas|onbellek|p2,0,0,EVET,0.0026,0
cab|ad|yok|g4|f1|yavas|onbellek|p3,0,0,EVET,0.0046,0
cab|ad|yok|g4|f1|yavas|onbellek|p4,0,0,EVET,0.0044,0
cab|ad|yok|g4|f2|hizli|taze|p0,0,0,EVET,0.0026,0
cab|ad|yok|g4|f2|hizli|taze|p1,0,0,EVET,0.0026,0
cab|ad|yok|g4|f2|hizli|taze|p2,0,0,EVET,0.0037,0
cab|ad|yok|g4|f2|hizli|taze|p3,0,0,EVET,0.0047,0
cab|ad|yok|g4|f2|hizli|taze|p4,0,0,EVET,0.0043,0
cab|ad|yok|g4|f2|hizli|sabit|p0,0,0,EVET,0.003,0
cab|ad|yok|g4|f2|hizli|sabit|p1,0,0,EVET,0.0032,0
cab|ad|yok|g4|f2|hizli|sabit|p2,0,0,EVET,0.003,0
cab|ad|yok|g4|f2|hizli|sabit|p3,0,0,EVET,0.0047,0
cab|ad|yok|g4|f2|hizli|sabit|p4,0,0,EVET,0.0043,0
cab|ad|yok|g4|f2|hizli|onbellek|p0,0,0,EVET,0.0028,0
cab|ad|yok|g4|f2|hizli|onbellek|p1,0,0,EVET,0.0026,0
cab|ad|yok|g4|f2|hizli|onbellek|p2,0,0,EVET,0.0026,0
cab|ad|yok|g4|f2|hizli|onbellek|p3,0,0,EVET,0.0037,0
cab|ad|yok|g4|f2|hizli|onbellek|p4,0,0,EVET,0.0035,0
cab|ad|yok|g4|f2|orta|taze|p0,0,0,EVET,0.0032,0
cab|ad|yok|g4|f2|orta|taze|p1,0,0,EVET,0.0034,0
cab|ad|yok|g4|f2|orta|taze|p2,0,0,EVET,0.0031,0
cab|ad|yok|g4|f2|orta|taze|p3,0,0,EVET,0.0037,0
cab|ad|yok|g4|f2|orta|taze|p4,0,0,EVET,0.0035,0
cab|ad|yok|g4|f2|orta|sabit|p0,0,0,EVET,0.0031,0
cab|ad|yok|g4|f2|orta|sabit|p1,0,0,EVET,0.003,0
cab|ad|yok|g4|f2|orta|sabit|p2,0,0,EVET,0.0025,0
cab|ad|yok|g4|f2|orta|sabit|p3,0,0,EVET,0.0036,0
cab|ad|yok|g4|f2|orta|sabit|p4,0,0,EVET,0.0043,0
cab|ad|yok|g4|f2|orta|onbellek|p0,0,0,EVET,0.0032,0
cab|ad|yok|g4|f2|orta|onbellek|p1,0,0,EVET,0.0027,0
cab|ad|yok|g4|f2|orta|onbellek|p2,0,0,EVET,0.0026,0
cab|ad|yok|g4|f2|orta|onbellek|p3,0,0,EVET,0.0043,0
cab|ad|yok|g4|f2|orta|onbellek|p4,0,0,EVET,0.0043,0
cab|ad|yok|g4|f2|yavas|taze|p0,0,0,EVET,0.0028,0
cab|ad|yok|g4|f2|yavas|taze|p1,0,0,EVET,0.003,0
cab|ad|yok|g4|f2|yavas|taze|p2,0,0,EVET,0.0035,0
cab|ad|yok|g4|f2|yavas|taze|p3,0,0,EVET,0.0047,0
cab|ad|yok|g4|f2|yavas|taze|p4,0,0,EVET,0.0043,0
cab|ad|yok|g4|f2|yavas|sabit|p0,0,0,EVET,0.0033,0
cab|ad|yok|g4|f2|yavas|sabit|p1,0,0,EVET,0.0032,0
cab|ad|yok|g4|f2|yavas|sabit|p2,0,0,EVET,0.0029,0
cab|ad|yok|g4|f2|yavas|sabit|p3,0,0,EVET,0.0036,0
cab|ad|yok|g4|f2|yavas|sabit|p4,0,0,EVET,0.0054,0
cab|ad|yok|g4|f2|yavas|onbellek|p0,0,0,EVET,0.0032,0
cab|ad|yok|g4|f2|yavas|onbellek|p1,0,0,EVET,0.0033,0
cab|ad|yok|g4|f2|yavas|onbellek|p2,0,0,EVET,0.0027,0
cab|ad|yok|g4|f2|yavas|onbellek|p3,0,0,EVET,0.0037,0
cab|ad|yok|g4|f2|yavas|onbellek|p4,0,0,EVET,0.0038,0
cab|ad|yok|g4|f3|hizli|taze|p0,0,0,EVET,0.0026,0
cab|ad|yok|g4|f3|hizli|taze|p1,0,0,EVET,0.0033,0
cab|ad|yok|g4|f3|hizli|taze|p2,0,0,EVET,0.0032,0
cab|ad|yok|g4|f3|hizli|taze|p3,0,0,EVET,0.0043,0
cab|ad|yok|g4|f3|hizli|taze|p4,0,0,EVET,0.0046,0
cab|ad|yok|g4|f3|hizli|sabit|p0,0,0,EVET,0.0029,0
cab|ad|yok|g4|f3|hizli|sabit|p1,0,0,EVET,0.0026,0
cab|ad|yok|g4|f3|hizli|sabit|p2,0,0,EVET,0.0027,0
cab|ad|yok|g4|f3|hizli|sabit|p3,0,0,EVET,0.0046,0
cab|ad|yok|g4|f3|hizli|sabit|p4,0,0,EVET,0.0045,0
cab|ad|yok|g4|f3|hizli|onbellek|p0,0,0,EVET,0.0032,0
cab|ad|yok|g4|f3|hizli|onbellek|p1,0,0,EVET,0.0033,0
cab|ad|yok|g4|f3|hizli|onbellek|p2,0,0,EVET,0.0035,0
cab|ad|yok|g4|f3|hizli|onbellek|p3,0,0,EVET,0.0036,0
cab|ad|yok|g4|f3|hizli|onbellek|p4,0,0,EVET,0.0035,0
cab|ad|yok|g4|f3|orta|taze|p0,0,0,EVET,0.0033,0
cab|ad|yok|g4|f3|orta|taze|p1,0,0,EVET,0.0031,0
cab|ad|yok|g4|f3|orta|taze|p2,0,0,EVET,0.0025,0
cab|ad|yok|g4|f3|orta|taze|p3,0,0,EVET,0.0036,0
cab|ad|yok|g4|f3|orta|taze|p4,0,0,EVET,0.0047,0
cab|ad|yok|g4|f3|orta|sabit|p0,0,0,EVET,0.0026,0
cab|ad|yok|g4|f3|orta|sabit|p1,0,0,EVET,0.0031,0
cab|ad|yok|g4|f3|orta|sabit|p2,0,0,EVET,0.0032,0
cab|ad|yok|g4|f3|orta|sabit|p3,0,0,EVET,0.0036,0
cab|ad|yok|g4|f3|orta|sabit|p4,0,0,EVET,0.0034,0
cab|ad|yok|g4|f3|orta|onbellek|p0,0,0,EVET,0.0038,0
cab|ad|yok|g4|f3|orta|onbellek|p1,0,0,EVET,0.0028,0
cab|ad|yok|g4|f3|orta|onbellek|p2,0,0,EVET,0.0033,0
cab|ad|yok|g4|f3|orta|onbellek|p3,0,0,EVET,0.0046,0
cab|ad|yok|g4|f3|orta|onbellek|p4,0,0,EVET,0.0045,0
cab|ad|yok|g4|f3|yavas|taze|p0,0,0,EVET,0.0035,0
cab|ad|yok|g4|f3|yavas|taze|p1,0,0,EVET,0.0031,0
cab|ad|yok|g4|f3|yavas|taze|p2,0,0,EVET,0.0031,0
cab|ad|yok|g4|f3|yavas|taze|p3,0,0,EVET,0.0036,0
cab|ad|yok|g4|f3|yavas|taze|p4,0,0,EVET,0.0041,0
cab|ad|yok|g4|f3|yavas|sabit|p0,0,0,EVET,0.0032,0
cab|ad|yok|g4|f3|yavas|sabit|p1,0,0,EVET,0.0032,0
cab|ad|yok|g4|f3|yavas|sabit|p2,0,0,EVET,0.0029,0
cab|ad|yok|g4|f3|yavas|sabit|p3,0,0,EVET,0.0041,0
cab|ad|yok|g4|f3|yavas|sabit|p4,0,0,EVET,0.0046,0
cab|ad|yok|g4|f3|yavas|onbellek|p0,0,0,EVET,0.0034,0
cab|ad|yok|g4|f3|yavas|onbellek|p1,0,0,EVET,0.0026,0
cab|ad|yok|g4|f3|yavas|onbellek|p2,0,0,EVET,0.0026,0
cab|ad|yok|g4|f3|yavas|onbellek|p3,0,0,EVET,0.0036,0
cab|ad|yok|g4|f3|yavas|onbellek|p4,0,0,EVET,0.0043,0
cab|ad|yok|tum|f1|hizli|taze|p0,0,0,EVET,0.0061,0
cab|ad|yok|tum|f1|hizli|taze|p1,0,0,EVET,0.0071,0
cab|ad|yok|tum|f1|hizli|taze|p2,0,0,EVET,0.0077,0
cab|ad|yok|tum|f1|hizli|taze|p3,0,0,EVET,0.0109,0
cab|ad|yok|tum|f1|hizli|taze|p4,0,0,EVET,0.0112,0
cab|ad|yok|tum|f1|hizli|sabit|p0,0,0,EVET,0.0067,0
cab|ad|yok|tum|f1|hizli|sabit|p1,0,0,EVET,0.0057,0
cab|ad|yok|tum|f1|hizli|sabit|p2,0,0,EVET,0.0054,0
cab|ad|yok|tum|f1|hizli|sabit|p3,0,0,EVET,0.011,0
cab|ad|yok|tum|f1|hizli|sabit|p4,0,0,EVET,0.0101,0
cab|ad|yok|tum|f1|hizli|onbellek|p0,0,0,EVET,0.007,0
cab|ad|yok|tum|f1|hizli|onbellek|p1,0,0,EVET,0.007,0
cab|ad|yok|tum|f1|hizli|onbellek|p2,0,0,EVET,0.0073,0
cab|ad|yok|tum|f1|hizli|onbellek|p3,0,0,EVET,0.0128,0
cab|ad|yok|tum|f1|hizli|onbellek|p4,0,0,EVET,0.0101,0
cab|ad|yok|tum|f1|orta|taze|p0,0,0,EVET,0.006,0
cab|ad|yok|tum|f1|orta|taze|p1,0,0,EVET,0.0062,0
cab|ad|yok|tum|f1|orta|taze|p2,0,0,EVET,0.006,0
cab|ad|yok|tum|f1|orta|taze|p3,0,0,EVET,0.0125,0
cab|ad|yok|tum|f1|orta|taze|p4,0,0,EVET,0.0125,0
cab|ad|yok|tum|f1|orta|sabit|p0,0,0,EVET,0.0062,0
cab|ad|yok|tum|f1|orta|sabit|p1,0,0,EVET,0.0065,0
cab|ad|yok|tum|f1|orta|sabit|p2,0,0,EVET,0.0063,0
cab|ad|yok|tum|f1|orta|sabit|p3,0,0,EVET,0.0118,0
cab|ad|yok|tum|f1|orta|sabit|p4,0,0,EVET,0.0106,0
cab|ad|yok|tum|f1|orta|onbellek|p0,0,0,EVET,0.0061,0
cab|ad|yok|tum|f1|orta|onbellek|p1,0,0,EVET,0.0059,0
cab|ad|yok|tum|f1|orta|onbellek|p2,0,0,EVET,0.006,0
cab|ad|yok|tum|f1|orta|onbellek|p3,0,0,EVET,0.0098,0
cab|ad|yok|tum|f1|orta|onbellek|p4,0,0,EVET,0.009,0
cab|ad|yok|tum|f1|yavas|taze|p0,0,0,EVET,0.0061,0
cab|ad|yok|tum|f1|yavas|taze|p1,0,0,EVET,0.006,0
cab|ad|yok|tum|f1|yavas|taze|p2,0,0,EVET,0.0071,0
cab|ad|yok|tum|f1|yavas|taze|p3,0,0,EVET,0.0124,0
cab|ad|yok|tum|f1|yavas|taze|p4,0,0,EVET,0.0124,0
cab|ad|yok|tum|f1|yavas|sabit|p0,0,0,EVET,0.006,0
cab|ad|yok|tum|f1|yavas|sabit|p1,0,0,EVET,0.0067,0
cab|ad|yok|tum|f1|yavas|sabit|p2,0,0,EVET,0.0057,0
cab|ad|yok|tum|f1|yavas|sabit|p3,0,0,EVET,0.012,0
cab|ad|yok|tum|f1|yavas|sabit|p4,0,0,EVET,0.0092,0
cab|ad|yok|tum|f1|yavas|onbellek|p0,0,0,EVET,0.0063,0
cab|ad|yok|tum|f1|yavas|onbellek|p1,0,0,EVET,0.0071,0
cab|ad|yok|tum|f1|yavas|onbellek|p2,0,0,EVET,0.0075,0
cab|ad|yok|tum|f1|yavas|onbellek|p3,0,0,EVET,0.0121,0
cab|ad|yok|tum|f1|yavas|onbellek|p4,0,0,EVET,0.0122,0
cab|ad|yok|tum|f2|hizli|taze|p0,0,0,EVET,0.0059,0
cab|ad|yok|tum|f2|hizli|taze|p1,0,0,EVET,0.007,0
cab|ad|yok|tum|f2|hizli|taze|p2,0,0,EVET,0.007,0
cab|ad|yok|tum|f2|hizli|taze|p3,0,0,EVET,0.0096,0
cab|ad|yok|tum|f2|hizli|taze|p4,0,0,EVET,0.0096,0
cab|ad|yok|tum|f2|hizli|sabit|p0,0,0,EVET,0.0061,0
cab|ad|yok|tum|f2|hizli|sabit|p1,0,0,EVET,0.0065,0
cab|ad|yok|tum|f2|hizli|sabit|p2,0,0,EVET,0.0053,0
cab|ad|yok|tum|f2|hizli|sabit|p3,0,0,EVET,0.0118,0
cab|ad|yok|tum|f2|hizli|sabit|p4,0,0,EVET,0.0112,0
cab|ad|yok|tum|f2|hizli|onbellek|p0,0,0,EVET,0.007,0
cab|ad|yok|tum|f2|hizli|onbellek|p1,0,0,EVET,0.0058,0
cab|ad|yok|tum|f2|hizli|onbellek|p2,0,0,EVET,0.0057,0
cab|ad|yok|tum|f2|hizli|onbellek|p3,0,0,EVET,0.0115,0
cab|ad|yok|tum|f2|hizli|onbellek|p4,0,0,EVET,0.0108,0
cab|ad|yok|tum|f2|orta|taze|p0,0,0,EVET,0.0073,0
cab|ad|yok|tum|f2|orta|taze|p1,0,0,EVET,0.0072,0
cab|ad|yok|tum|f2|orta|taze|p2,0,0,EVET,0.0058,0
cab|ad|yok|tum|f2|orta|taze|p3,0,0,EVET,0.0094,0
cab|ad|yok|tum|f2|orta|taze|p4,0,0,EVET,0.0088,0
cab|ad|yok|tum|f2|orta|sabit|p0,0,0,EVET,0.0052,0
cab|ad|yok|tum|f2|orta|sabit|p1,0,0,EVET,0.0066,0
cab|ad|yok|tum|f2|orta|sabit|p2,0,0,EVET,0.0062,0
cab|ad|yok|tum|f2|orta|sabit|p3,0,0,EVET,0.0122,0
cab|ad|yok|tum|f2|orta|sabit|p4,0,0,EVET,0.0117,0
cab|ad|yok|tum|f2|orta|onbellek|p0,0,0,EVET,0.0061,0
cab|ad|yok|tum|f2|orta|onbellek|p1,0,0,EVET,0.0058,0
cab|ad|yok|tum|f2|orta|onbellek|p2,0,0,EVET,0.0056,0
cab|ad|yok|tum|f2|orta|onbellek|p3,0,0,EVET,0.0106,0
cab|ad|yok|tum|f2|orta|onbellek|p4,0,0,EVET,0.0104,0
cab|ad|yok|tum|f2|yavas|taze|p0,0,0,EVET,0.0068,0
cab|ad|yok|tum|f2|yavas|taze|p1,0,0,EVET,0.0072,0
cab|ad|yok|tum|f2|yavas|taze|p2,0,0,EVET,0.0073,0
cab|ad|yok|tum|f2|yavas|taze|p3,0,0,EVET,0.0122,0
cab|ad|yok|tum|f2|yavas|taze|p4,0,0,EVET,0.0123,0
cab|ad|yok|tum|f2|yavas|sabit|p0,0,0,EVET,0.0051,0
cab|ad|yok|tum|f2|yavas|sabit|p1,0,0,EVET,0.0061,0
cab|ad|yok|tum|f2|yavas|sabit|p2,0,0,EVET,0.0063,0
cab|ad|yok|tum|f2|yavas|sabit|p3,0,0,EVET,0.013,0
cab|ad|yok|tum|f2|yavas|sabit|p4,0,0,EVET,0.0102,0
cab|ad|yok|tum|f2|yavas|onbellek|p0,0,0,EVET,0.0079,0
cab|ad|yok|tum|f2|yavas|onbellek|p1,0,0,EVET,0.0059,0
cab|ad|yok|tum|f2|yavas|onbellek|p2,0,0,EVET,0.0077,0
cab|ad|yok|tum|f2|yavas|onbellek|p3,0,0,EVET,0.0132,0
cab|ad|yok|tum|f2|yavas|onbellek|p4,0,0,EVET,0.0106,0
cab|ad|yok|tum|f3|hizli|taze|p0,0,0,EVET,0.0066,0
cab|ad|yok|tum|f3|hizli|taze|p1,0,0,EVET,0.0064,0
cab|ad|yok|tum|f3|hizli|taze|p2,0,0,EVET,0.0077,0
cab|ad|yok|tum|f3|hizli|taze|p3,0,0,EVET,0.0125,0
cab|ad|yok|tum|f3|hizli|taze|p4,0,0,EVET,0.0096,0
cab|ad|yok|tum|f3|hizli|sabit|p0,0,0,EVET,0.0055,0
cab|ad|yok|tum|f3|hizli|sabit|p1,0,0,EVET,0.0063,0
cab|ad|yok|tum|f3|hizli|sabit|p2,0,0,EVET,0.0062,0
cab|ad|yok|tum|f3|hizli|sabit|p3,0,0,EVET,0.0105,0
cab|ad|yok|tum|f3|hizli|sabit|p4,0,0,EVET,0.0106,0
cab|ad|yok|tum|f3|hizli|onbellek|p0,0,0,EVET,0.0085,0
cab|ad|yok|tum|f3|hizli|onbellek|p1,0,0,EVET,0.0079,0
cab|ad|yok|tum|f3|hizli|onbellek|p2,0,0,EVET,0.0081,0
cab|ad|yok|tum|f3|hizli|onbellek|p3,0,0,EVET,0.0129,0
cab|ad|yok|tum|f3|hizli|onbellek|p4,0,0,EVET,0.0111,0
cab|ad|yok|tum|f3|orta|taze|p0,0,0,EVET,0.0079,0
cab|ad|yok|tum|f3|orta|taze|p1,0,0,EVET,0.0077,0
cab|ad|yok|tum|f3|orta|taze|p2,0,0,EVET,0.0081,0
cab|ad|yok|tum|f3|orta|taze|p3,0,0,EVET,0.0107,0
cab|ad|yok|tum|f3|orta|taze|p4,0,0,EVET,0.0104,0
cab|ad|yok|tum|f3|orta|sabit|p0,0,0,EVET,0.0057,0
cab|ad|yok|tum|f3|orta|sabit|p1,0,0,EVET,0.0057,0
cab|ad|yok|tum|f3|orta|sabit|p2,0,0,EVET,0.0055,0
cab|ad|yok|tum|f3|orta|sabit|p3,0,0,EVET,0.0103,0
cab|ad|yok|tum|f3|orta|sabit|p4,0,0,EVET,0.0099,0
cab|ad|yok|tum|f3|orta|onbellek|p0,0,0,EVET,0.0073,0
cab|ad|yok|tum|f3|orta|onbellek|p1,0,0,EVET,0.0071,0
cab|ad|yok|tum|f3|orta|onbellek|p2,0,0,EVET,0.0063,0
cab|ad|yok|tum|f3|orta|onbellek|p3,0,0,EVET,0.0119,0
cab|ad|yok|tum|f3|orta|onbellek|p4,0,0,EVET,0.011,0
cab|ad|yok|tum|f3|yavas|taze|p0,0,0,EVET,0.0079,0
cab|ad|yok|tum|f3|yavas|taze|p1,0,0,EVET,0.0079,0
cab|ad|yok|tum|f3|yavas|taze|p2,0,0,EVET,0.0073,0
cab|ad|yok|tum|f3|yavas|taze|p3,0,0,EVET,0.0106,0
cab|ad|yok|tum|f3|yavas|taze|p4,0,0,EVET,0.0109,0
cab|ad|yok|tum|f3|yavas|sabit|p0,0,0,EVET,0.0063,0
cab|ad|yok|tum|f3|yavas|sabit|p1,0,0,EVET,0.0063,0
cab|ad|yok|tum|f3|yavas|sabit|p2,0,0,EVET,0.0055,0
cab|ad|yok|tum|f3|yavas|sabit|p3,0,0,EVET,0.0128,0
cab|ad|yok|tum|f3|yavas|sabit|p4,0,0,EVET,0.0127,0
cab|ad|yok|tum|f3|yavas|onbellek|p0,0,0,EVET,0.0063,0
cab|ad|yok|tum|f3|yavas|onbellek|p1,0,0,EVET,0.0061,0
cab|ad|yok|tum|f3|yavas|onbellek|p2,0,0,EVET,0.0062,0
cab|ad|yok|tum|f3|yavas|onbellek|p3,0,0,EVET,0.0111,0
cab|ad|yok|tum|f3|yavas|onbellek|p4,0,0,EVET,0.0109,0
cab|ad|var|g1|f1|hizli|taze|p0,0,0,EVET,0.0057,0
cab|ad|var|g1|f1|hizli|taze|p1,0,0,EVET,0.0055,0
cab|ad|var|g1|f1|hizli|taze|p2,0,0,EVET,0.0059,0
cab|ad|var|g1|f1|hizli|taze|p3,0,0,EVET,0.0106,0
cab|ad|var|g1|f1|hizli|taze|p4,0,0,EVET,0.0102,0
cab|ad|var|g1|f1|hizli|sabit|p0,0,0,EVET,0.0042,0
cab|ad|var|g1|f1|hizli|sabit|p1,0,0,EVET,0.004,0
cab|ad|var|g1|f1|hizli|sabit|p2,0,0,EVET,0.005,0
cab|ad|var|g1|f1|hizli|sabit|p3,0,0,EVET,0.01,0
cab|ad|var|g1|f1|hizli|sabit|p4,0,0,EVET,0.0079,0
cab|ad|var|g1|f1|hizli|onbellek|p0,0,0,EVET,0.0048,0
cab|ad|var|g1|f1|hizli|onbellek|p1,0,0,EVET,0.0055,0
cab|ad|var|g1|f1|hizli|onbellek|p2,0,0,EVET,0.0048,0
cab|ad|var|g1|f1|hizli|onbellek|p3,0,0,EVET,0.0109,0
cab|ad|var|g1|f1|hizli|onbellek|p4,0,0,EVET,0.0092,0
cab|ad|var|g1|f1|orta|taze|p0,0,0,EVET,0.0059,0
cab|ad|var|g1|f1|orta|taze|p1,0,0,EVET,0.0057,0
cab|ad|var|g1|f1|orta|taze|p2,0,0,EVET,0.0049,0
cab|ad|var|g1|f1|orta|taze|p3,0,0,EVET,0.008,0
cab|ad|var|g1|f1|orta|taze|p4,0,0,EVET,0.0089,0
cab|ad|var|g1|f1|orta|sabit|p0,0,0,EVET,0.0046,0
cab|ad|var|g1|f1|orta|sabit|p1,0,0,EVET,0.0041,0
cab|ad|var|g1|f1|orta|sabit|p2,0,0,EVET,0.0039,0
cab|ad|var|g1|f1|orta|sabit|p3,0,0,EVET,0.008,0
cab|ad|var|g1|f1|orta|sabit|p4,0,0,EVET,0.0075,0
cab|ad|var|g1|f1|orta|onbellek|p0,0,0,EVET,0.006,0
cab|ad|var|g1|f1|orta|onbellek|p1,0,0,EVET,0.0058,0
cab|ad|var|g1|f1|orta|onbellek|p2,0,0,EVET,0.0047,0
cab|ad|var|g1|f1|orta|onbellek|p3,0,0,EVET,0.0079,0
cab|ad|var|g1|f1|orta|onbellek|p4,0,0,EVET,0.0088,0
cab|ad|var|g1|f1|yavas|taze|p0,0,0,EVET,0.0054,0
cab|ad|var|g1|f1|yavas|taze|p1,0,0,EVET,0.006,0
cab|ad|var|g1|f1|yavas|taze|p2,0,0,EVET,0.0059,0
cab|ad|var|g1|f1|yavas|taze|p3,0,0,EVET,0.008,0
cab|ad|var|g1|f1|yavas|taze|p4,0,0,EVET,0.0074,0
cab|ad|var|g1|f1|yavas|sabit|p0,0,0,EVET,0.0046,0
cab|ad|var|g1|f1|yavas|sabit|p1,0,0,EVET,0.0044,0
cab|ad|var|g1|f1|yavas|sabit|p2,0,0,EVET,0.0041,0
cab|ad|var|g1|f1|yavas|sabit|p3,0,0,EVET,0.0096,0
cab|ad|var|g1|f1|yavas|sabit|p4,0,0,EVET,0.0084,0
cab|ad|var|g1|f1|yavas|onbellek|p0,0,0,EVET,0.0049,0
cab|ad|var|g1|f1|yavas|onbellek|p1,0,0,EVET,0.0057,0
cab|ad|var|g1|f1|yavas|onbellek|p2,0,0,EVET,0.0061,0
cab|ad|var|g1|f1|yavas|onbellek|p3,0,0,EVET,0.0096,0
cab|ad|var|g1|f1|yavas|onbellek|p4,0,0,EVET,0.0088,0
cab|ad|var|g1|f2|hizli|taze|p0,0,0,EVET,0.0045,0
cab|ad|var|g1|f2|hizli|taze|p1,0,0,EVET,0.0054,0
cab|ad|var|g1|f2|hizli|taze|p2,0,0,EVET,0.0053,0
cab|ad|var|g1|f2|hizli|taze|p3,0,0,EVET,0.0088,0
cab|ad|var|g1|f2|hizli|taze|p4,0,0,EVET,0.0073,0
cab|ad|var|g1|f2|hizli|sabit|p0,0,0,EVET,0.0039,0
cab|ad|var|g1|f2|hizli|sabit|p1,0,0,EVET,0.0046,0
cab|ad|var|g1|f2|hizli|sabit|p2,0,0,EVET,0.0044,0
cab|ad|var|g1|f2|hizli|sabit|p3,0,0,EVET,0.0092,0
cab|ad|var|g1|f2|hizli|sabit|p4,0,0,EVET,0.0086,0
cab|ad|var|g1|f2|hizli|onbellek|p0,0,0,EVET,0.0048,0
cab|ad|var|g1|f2|hizli|onbellek|p1,0,0,EVET,0.0049,0
cab|ad|var|g1|f2|hizli|onbellek|p2,0,0,EVET,0.0047,0
cab|ad|var|g1|f2|hizli|onbellek|p3,0,0,EVET,0.0079,0
cab|ad|var|g1|f2|hizli|onbellek|p4,0,0,EVET,0.0086,0
cab|ad|var|g1|f2|orta|taze|p0,0,0,EVET,0.0047,0
cab|ad|var|g1|f2|orta|taze|p1,0,0,EVET,0.0047,0
cab|ad|var|g1|f2|orta|taze|p2,0,0,EVET,0.0047,0
cab|ad|var|g1|f2|orta|taze|p3,0,0,EVET,0.0096,0
cab|ad|var|g1|f2|orta|taze|p4,0,0,EVET,0.0099,0
cab|ad|var|g1|f2|orta|sabit|p0,0,0,EVET,0.0046,0
cab|ad|var|g1|f2|orta|sabit|p1,0,0,EVET,0.0044,0
cab|ad|var|g1|f2|orta|sabit|p2,0,0,EVET,0.0046,0
cab|ad|var|g1|f2|orta|sabit|p3,0,0,EVET,0.0092,0
cab|ad|var|g1|f2|orta|sabit|p4,0,0,EVET,0.0079,0
cab|ad|var|g1|f2|orta|onbellek|p0,0,0,EVET,0.0054,0
cab|ad|var|g1|f2|orta|onbellek|p1,0,0,EVET,0.0054,0
cab|ad|var|g1|f2|orta|onbellek|p2,0,0,EVET,0.0056,0
cab|ad|var|g1|f2|orta|onbellek|p3,0,0,EVET,0.0089,0
cab|ad|var|g1|f2|orta|onbellek|p4,0,0,EVET,0.0086,0
cab|ad|var|g1|f2|yavas|taze|p0,0,0,EVET,0.0051,0
cab|ad|var|g1|f2|yavas|taze|p1,0,0,EVET,0.0047,0
cab|ad|var|g1|f2|yavas|taze|p2,0,0,EVET,0.0047,0
cab|ad|var|g1|f2|yavas|taze|p3,0,0,EVET,0.0083,0
cab|ad|var|g1|f2|yavas|taze|p4,0,0,EVET,0.0106,0
cab|ad|var|g1|f2|yavas|sabit|p0,0,0,EVET,0.0048,0
cab|ad|var|g1|f2|yavas|sabit|p1,0,0,EVET,0.005,0
cab|ad|var|g1|f2|yavas|sabit|p2,0,0,EVET,0.0061,0
cab|ad|var|g1|f2|yavas|sabit|p3,0,0,EVET,0.0081,0
cab|ad|var|g1|f2|yavas|sabit|p4,0,0,EVET,0.0085,0
cab|ad|var|g1|f2|yavas|onbellek|p0,0,0,EVET,0.0064,0
cab|ad|var|g1|f2|yavas|onbellek|p1,0,0,EVET,0.0054,0
cab|ad|var|g1|f2|yavas|onbellek|p2,0,0,EVET,0.0057,0
cab|ad|var|g1|f2|yavas|onbellek|p3,0,0,EVET,0.0092,0
cab|ad|var|g1|f2|yavas|onbellek|p4,0,0,EVET,0.0077,0
cab|ad|var|g1|f3|hizli|taze|p0,0,0,EVET,0.0052,0
cab|ad|var|g1|f3|hizli|taze|p1,0,0,EVET,0.0051,0
cab|ad|var|g1|f3|hizli|taze|p2,0,0,EVET,0.0047,0
cab|ad|var|g1|f3|hizli|taze|p3,0,0,EVET,0.0084,0
cab|ad|var|g1|f3|hizli|taze|p4,0,0,EVET,0.0074,0
cab|ad|var|g1|f3|hizli|sabit|p0,0,0,EVET,0.0053,0
cab|ad|var|g1|f3|hizli|sabit|p1,0,0,EVET,0.0049,0
cab|ad|var|g1|f3|hizli|sabit|p2,0,0,EVET,0.0047,0
cab|ad|var|g1|f3|hizli|sabit|p3,0,0,EVET,0.0093,0
cab|ad|var|g1|f3|hizli|sabit|p4,0,0,EVET,0.0086,0
cab|ad|var|g1|f3|hizli|onbellek|p0,0,0,EVET,0.0056,0
cab|ad|var|g1|f3|hizli|onbellek|p1,0,0,EVET,0.0047,0
cab|ad|var|g1|f3|hizli|onbellek|p2,0,0,EVET,0.0046,0
cab|ad|var|g1|f3|hizli|onbellek|p3,0,0,EVET,0.0089,0
cab|ad|var|g1|f3|hizli|onbellek|p4,0,0,EVET,0.0088,0
cab|ad|var|g1|f3|orta|taze|p0,0,0,EVET,0.0049,0
cab|ad|var|g1|f3|orta|taze|p1,0,0,EVET,0.0046,0
cab|ad|var|g1|f3|orta|taze|p2,0,0,EVET,0.0052,0
cab|ad|var|g1|f3|orta|taze|p3,0,0,EVET,0.0091,0
cab|ad|var|g1|f3|orta|taze|p4,0,0,EVET,0.0087,0
cab|ad|var|g1|f3|orta|sabit|p0,0,0,EVET,0.0046,0
cab|ad|var|g1|f3|orta|sabit|p1,0,0,EVET,0.0046,0
cab|ad|var|g1|f3|orta|sabit|p2,0,0,EVET,0.0041,0
cab|ad|var|g1|f3|orta|sabit|p3,0,0,EVET,0.0084,0
cab|ad|var|g1|f3|orta|sabit|p4,0,0,EVET,0.0073,0
cab|ad|var|g1|f3|orta|onbellek|p0,0,0,EVET,0.0048,0
cab|ad|var|g1|f3|orta|onbellek|p1,0,0,EVET,0.0047,0
cab|ad|var|g1|f3|orta|onbellek|p2,0,0,EVET,0.0054,0
cab|ad|var|g1|f3|orta|onbellek|p3,0,0,EVET,0.0092,0
cab|ad|var|g1|f3|orta|onbellek|p4,0,0,EVET,0.0085,0
cab|ad|var|g1|f3|yavas|taze|p0,0,0,EVET,0.0055,0
cab|ad|var|g1|f3|yavas|taze|p1,0,0,EVET,0.0046,0
cab|ad|var|g1|f3|yavas|taze|p2,0,0,EVET,0.0045,0
cab|ad|var|g1|f3|yavas|taze|p3,0,0,EVET,0.0095,0
cab|ad|var|g1|f3|yavas|taze|p4,0,0,EVET,0.0092,0
cab|ad|var|g1|f3|yavas|sabit|p0,0,0,EVET,0.0038,0
cab|ad|var|g1|f3|yavas|sabit|p1,0,0,EVET,0.0038,0
cab|ad|var|g1|f3|yavas|sabit|p2,0,0,EVET,0.0045,0
cab|ad|var|g1|f3|yavas|sabit|p3,0,0,EVET,0.0096,0
cab|ad|var|g1|f3|yavas|sabit|p4,0,0,EVET,0.0087,0
cab|ad|var|g1|f3|yavas|onbellek|p0,0,0,EVET,0.0054,0
cab|ad|var|g1|f3|yavas|onbellek|p1,0,0,EVET,0.0049,0
cab|ad|var|g1|f3|yavas|onbellek|p2,0,0,EVET,0.0051,0
cab|ad|var|g1|f3|yavas|onbellek|p3,0,0,EVET,0.01,0
cab|ad|var|g1|f3|yavas|onbellek|p4,0,0,EVET,0.0096,0
cab|ad|var|g2|f1|hizli|taze|p0,0,0,EVET,0.0052,0
cab|ad|var|g2|f1|hizli|taze|p1,0,0,EVET,0.0051,0
cab|ad|var|g2|f1|hizli|taze|p2,0,0,EVET,0.005,0
cab|ad|var|g2|f1|hizli|taze|p3,0,0,EVET,0.0087,0
cab|ad|var|g2|f1|hizli|taze|p4,0,0,EVET,0.0079,0
cab|ad|var|g2|f1|hizli|sabit|p0,0,0,EVET,0.0043,0
cab|ad|var|g2|f1|hizli|sabit|p1,0,0,EVET,0.0051,0
cab|ad|var|g2|f1|hizli|sabit|p2,0,0,EVET,0.0051,0
cab|ad|var|g2|f1|hizli|sabit|p3,0,0,EVET,0.0103,0
cab|ad|var|g2|f1|hizli|sabit|p4,0,0,EVET,0.0092,0
cab|ad|var|g2|f1|hizli|onbellek|p0,0,0,EVET,0.0052,0
cab|ad|var|g2|f1|hizli|onbellek|p1,0,0,EVET,0.0051,0
cab|ad|var|g2|f1|hizli|onbellek|p2,0,0,EVET,0.0061,0
cab|ad|var|g2|f1|hizli|onbellek|p3,0,0,EVET,0.0105,0
cab|ad|var|g2|f1|hizli|onbellek|p4,0,0,EVET,0.0087,0
cab|ad|var|g2|f1|orta|taze|p0,0,0,EVET,0.0062,0
cab|ad|var|g2|f1|orta|taze|p1,0,0,EVET,0.0053,0
cab|ad|var|g2|f1|orta|taze|p2,0,0,EVET,0.0052,0
cab|ad|var|g2|f1|orta|taze|p3,0,0,EVET,0.0104,0
cab|ad|var|g2|f1|orta|taze|p4,0,0,EVET,0.009,0
cab|ad|var|g2|f1|orta|sabit|p0,0,0,EVET,0.0052,0
cab|ad|var|g2|f1|orta|sabit|p1,0,0,EVET,0.0058,0
cab|ad|var|g2|f1|orta|sabit|p2,0,0,EVET,0.005,0
cab|ad|var|g2|f1|orta|sabit|p3,0,0,EVET,0.0105,0
cab|ad|var|g2|f1|orta|sabit|p4,0,0,EVET,0.0082,0
cab|ad|var|g2|f1|orta|onbellek|p0,0,0,EVET,0.0052,0
cab|ad|var|g2|f1|orta|onbellek|p1,0,0,EVET,0.0063,0
cab|ad|var|g2|f1|orta|onbellek|p2,0,0,EVET,0.007,0
cab|ad|var|g2|f1|orta|onbellek|p3,0,0,EVET,0.0106,0
cab|ad|var|g2|f1|orta|onbellek|p4,0,0,EVET,0.0099,0
cab|ad|var|g2|f1|yavas|taze|p0,0,0,EVET,0.0064,0
cab|ad|var|g2|f1|yavas|taze|p1,0,0,EVET,0.0063,0
cab|ad|var|g2|f1|yavas|taze|p2,0,0,EVET,0.0059,0
cab|ad|var|g2|f1|yavas|taze|p3,0,0,EVET,0.0105,0
cab|ad|var|g2|f1|yavas|taze|p4,0,0,EVET,0.0105,0
cab|ad|var|g2|f1|yavas|sabit|p0,0,0,EVET,0.0057,0
cab|ad|var|g2|f1|yavas|sabit|p1,0,0,EVET,0.0054,0
cab|ad|var|g2|f1|yavas|sabit|p2,0,0,EVET,0.0045,0
cab|ad|var|g2|f1|yavas|sabit|p3,0,0,EVET,0.0122,0
cab|ad|var|g2|f1|yavas|sabit|p4,0,0,EVET,0.0099,0
cab|ad|var|g2|f1|yavas|onbellek|p0,0,0,EVET,0.0054,0
cab|ad|var|g2|f1|yavas|onbellek|p1,0,0,EVET,0.006,0
cab|ad|var|g2|f1|yavas|onbellek|p2,0,0,EVET,0.0057,0
cab|ad|var|g2|f1|yavas|onbellek|p3,0,0,EVET,0.0094,0
cab|ad|var|g2|f1|yavas|onbellek|p4,0,0,EVET,0.0113,0
cab|ad|var|g2|f2|hizli|taze|p0,0,0,EVET,0.0071,0
cab|ad|var|g2|f2|hizli|taze|p1,0,0,EVET,0.0057,0
cab|ad|var|g2|f2|hizli|taze|p2,0,0,EVET,0.005,0
cab|ad|var|g2|f2|hizli|taze|p3,0,0,EVET,0.01,0
cab|ad|var|g2|f2|hizli|taze|p4,0,0,EVET,0.0091,0
cab|ad|var|g2|f2|hizli|sabit|p0,0,0,EVET,0.0044,0
cab|ad|var|g2|f2|hizli|sabit|p1,0,0,EVET,0.0048,0
cab|ad|var|g2|f2|hizli|sabit|p2,0,0,EVET,0.0057,0
cab|ad|var|g2|f2|hizli|sabit|p3,0,0,EVET,0.0095,0
cab|ad|var|g2|f2|hizli|sabit|p4,0,0,EVET,0.0082,0
cab|ad|var|g2|f2|hizli|onbellek|p0,0,0,EVET,0.0056,0
cab|ad|var|g2|f2|hizli|onbellek|p1,0,0,EVET,0.006,0
cab|ad|var|g2|f2|hizli|onbellek|p2,0,0,EVET,0.006,0
cab|ad|var|g2|f2|hizli|onbellek|p3,0,0,EVET,0.0106,0
cab|ad|var|g2|f2|hizli|onbellek|p4,0,0,EVET,0.0101,0
cab|ad|var|g2|f2|orta|taze|p0,0,0,EVET,0.0054,0
cab|ad|var|g2|f2|orta|taze|p1,0,0,EVET,0.0051,0
cab|ad|var|g2|f2|orta|taze|p2,0,0,EVET,0.0052,0
cab|ad|var|g2|f2|orta|taze|p3,0,0,EVET,0.0087,0
cab|ad|var|g2|f2|orta|taze|p4,0,0,EVET,0.0088,0
cab|ad|var|g2|f2|orta|sabit|p0,0,0,EVET,0.005,0
cab|ad|var|g2|f2|orta|sabit|p1,0,0,EVET,0.0054,0
cab|ad|var|g2|f2|orta|sabit|p2,0,0,EVET,0.005,0
cab|ad|var|g2|f2|orta|sabit|p3,0,0,EVET,0.0119,0
cab|ad|var|g2|f2|orta|sabit|p4,0,0,EVET,0.0105,0
cab|ad|var|g2|f2|orta|onbellek|p0,0,0,EVET,0.006,0
cab|ad|var|g2|f2|orta|onbellek|p1,0,0,EVET,0.0062,0
cab|ad|var|g2|f2|orta|onbellek|p2,0,0,EVET,0.005,0
cab|ad|var|g2|f2|orta|onbellek|p3,0,0,EVET,0.0087,0
cab|ad|var|g2|f2|orta|onbellek|p4,0,0,EVET,0.0089,0
cab|ad|var|g2|f2|yavas|taze|p0,0,0,EVET,0.0058,0
cab|ad|var|g2|f2|yavas|taze|p1,0,0,EVET,0.005,0
cab|ad|var|g2|f2|yavas|taze|p2,0,0,EVET,0.0051,0
cab|ad|var|g2|f2|yavas|taze|p3,0,0,EVET,0.0099,0
cab|ad|var|g2|f2|yavas|taze|p4,0,0,EVET,0.0096,0
cab|ad|var|g2|f2|yavas|sabit|p0,0,0,EVET,0.0045,0
cab|ad|var|g2|f2|yavas|sabit|p1,0,0,EVET,0.0051,0
cab|ad|var|g2|f2|yavas|sabit|p2,0,0,EVET,0.0052,0
cab|ad|var|g2|f2|yavas|sabit|p3,0,0,EVET,0.0102,0
cab|ad|var|g2|f2|yavas|sabit|p4,0,0,EVET,0.0093,0
cab|ad|var|g2|f2|yavas|onbellek|p0,0,0,EVET,0.0068,0
cab|ad|var|g2|f2|yavas|onbellek|p1,0,0,EVET,0.0056,0
cab|ad|var|g2|f2|yavas|onbellek|p2,0,0,EVET,0.0052,0
cab|ad|var|g2|f2|yavas|onbellek|p3,0,0,EVET,0.0089,0
cab|ad|var|g2|f2|yavas|onbellek|p4,0,0,EVET,0.0096,0
cab|ad|var|g2|f3|hizli|taze|p0,0,0,EVET,0.0051,0
cab|ad|var|g2|f3|hizli|taze|p1,0,0,EVET,0.0053,0
cab|ad|var|g2|f3|hizli|taze|p2,0,0,EVET,0.005,0
cab|ad|var|g2|f3|hizli|taze|p3,0,0,EVET,0.0114,0
cab|ad|var|g2|f3|hizli|taze|p4,0,0,EVET,0.0091,0
cab|ad|var|g2|f3|hizli|sabit|p0,0,0,EVET,0.0044,0
cab|ad|var|g2|f3|hizli|sabit|p1,0,0,EVET,0.005,0
cab|ad|var|g2|f3|hizli|sabit|p2,0,0,EVET,0.005,0
cab|ad|var|g2|f3|hizli|sabit|p3,0,0,EVET,0.0108,0
cab|ad|var|g2|f3|hizli|sabit|p4,0,0,EVET,0.0094,0
cab|ad|var|g2|f3|hizli|onbellek|p0,0,0,EVET,0.0052,0
cab|ad|var|g2|f3|hizli|onbellek|p1,0,0,EVET,0.005,0
cab|ad|var|g2|f3|hizli|onbellek|p2,0,0,EVET,0.0052,0
cab|ad|var|g2|f3|hizli|onbellek|p3,0,0,EVET,0.0097,0
cab|ad|var|g2|f3|hizli|onbellek|p4,0,0,EVET,0.008,0
cab|ad|var|g2|f3|orta|taze|p0,0,0,EVET,0.0058,0
cab|ad|var|g2|f3|orta|taze|p1,0,0,EVET,0.0059,0
cab|ad|var|g2|f3|orta|taze|p2,0,0,EVET,0.0054,0
cab|ad|var|g2|f3|orta|taze|p3,0,0,EVET,0.0104,0
cab|ad|var|g2|f3|orta|taze|p4,0,0,EVET,0.0081,0
cab|ad|var|g2|f3|orta|sabit|p0,0,0,EVET,0.0056,0
cab|ad|var|g2|f3|orta|sabit|p1,0,0,EVET,0.0053,0
cab|ad|var|g2|f3|orta|sabit|p2,0,0,EVET,0.0044,0
cab|ad|var|g2|f3|orta|sabit|p3,0,0,EVET,0.0096,0
cab|ad|var|g2|f3|orta|sabit|p4,0,0,EVET,0.0092,0
cab|ad|var|g2|f3|orta|onbellek|p0,0,0,EVET,0.0061,0
cab|ad|var|g2|f3|orta|onbellek|p1,0,0,EVET,0.0053,0
cab|ad|var|g2|f3|orta|onbellek|p2,0,0,EVET,0.0059,0
cab|ad|var|g2|f3|orta|onbellek|p3,0,0,EVET,0.0099,0
cab|ad|var|g2|f3|orta|onbellek|p4,0,0,EVET,0.0098,0
cab|ad|var|g2|f3|yavas|taze|p0,0,0,EVET,0.0052,0
cab|ad|var|g2|f3|yavas|taze|p1,0,0,EVET,0.005,0
cab|ad|var|g2|f3|yavas|taze|p2,0,0,EVET,0.005,0
cab|ad|var|g2|f3|yavas|taze|p3,0,0,EVET,0.0086,0
cab|ad|var|g2|f3|yavas|taze|p4,0,0,EVET,0.0104,0
cab|ad|var|g2|f3|yavas|sabit|p0,0,0,EVET,0.0051,0
cab|ad|var|g2|f3|yavas|sabit|p1,0,0,EVET,0.0052,0
cab|ad|var|g2|f3|yavas|sabit|p2,0,0,EVET,0.0057,0
cab|ad|var|g2|f3|yavas|sabit|p3,0,0,EVET,0.0099,0
cab|ad|var|g2|f3|yavas|sabit|p4,0,0,EVET,0.0103,0
cab|ad|var|g2|f3|yavas|onbellek|p0,0,0,EVET,0.0051,0
cab|ad|var|g2|f3|yavas|onbellek|p1,0,0,EVET,0.0051,0
cab|ad|var|g2|f3|yavas|onbellek|p2,0,0,EVET,0.006,0
cab|ad|var|g2|f3|yavas|onbellek|p3,0,0,EVET,0.009,0
cab|ad|var|g2|f3|yavas|onbellek|p4,0,0,EVET,0.0089,0
cab|ad|var|g3|f1|hizli|taze|p0,0,0,EVET,0.0064,0
cab|ad|var|g3|f1|hizli|taze|p1,0,0,EVET,0.0054,0
cab|ad|var|g3|f1|hizli|taze|p2,0,0,EVET,0.0055,0
cab|ad|var|g3|f1|hizli|taze|p3,0,0,EVET,0.0097,0
cab|ad|var|g3|f1|hizli|taze|p4,0,0,EVET,0.0097,0
cab|ad|var|g3|f1|hizli|sabit|p0,0,0,EVET,0.005,0
cab|ad|var|g3|f1|hizli|sabit|p1,0,0,EVET,0.0048,0
cab|ad|var|g3|f1|hizli|sabit|p2,0,0,EVET,0.0042,0
cab|ad|var|g3|f1|hizli|sabit|p3,0,0,EVET,0.0084,0
cab|ad|var|g3|f1|hizli|sabit|p4,0,0,EVET,0.009,0
cab|ad|var|g3|f1|hizli|onbellek|p0,0,0,EVET,0.0067,0
cab|ad|var|g3|f1|hizli|onbellek|p1,0,0,EVET,0.005,0
cab|ad|var|g3|f1|hizli|onbellek|p2,0,0,EVET,0.0047,0
cab|ad|var|g3|f1|hizli|onbellek|p3,0,0,EVET,0.0086,0
cab|ad|var|g3|f1|hizli|onbellek|p4,0,0,EVET,0.0102,0
cab|ad|var|g3|f1|orta|taze|p0,0,0,EVET,0.0061,0
cab|ad|var|g3|f1|orta|taze|p1,0,0,EVET,0.0055,0
cab|ad|var|g3|f1|orta|taze|p2,0,0,EVET,0.0061,0
cab|ad|var|g3|f1|orta|taze|p3,0,0,EVET,0.0097,0
cab|ad|var|g3|f1|orta|taze|p4,0,0,EVET,0.01,0
cab|ad|var|g3|f1|orta|sabit|p0,0,0,EVET,0.0049,0
cab|ad|var|g3|f1|orta|sabit|p1,0,0,EVET,0.0046,0
cab|ad|var|g3|f1|orta|sabit|p2,0,0,EVET,0.0042,0
cab|ad|var|g3|f1|orta|sabit|p3,0,0,EVET,0.0084,0
cab|ad|var|g3|f1|orta|sabit|p4,0,0,EVET,0.0081,0
cab|ad|var|g3|f1|orta|onbellek|p0,0,0,EVET,0.0049,0
cab|ad|var|g3|f1|orta|onbellek|p1,0,0,EVET,0.0049,0
cab|ad|var|g3|f1|orta|onbellek|p2,0,0,EVET,0.005,0
cab|ad|var|g3|f1|orta|onbellek|p3,0,0,EVET,0.0093,0
cab|ad|var|g3|f1|orta|onbellek|p4,0,0,EVET,0.0105,0
cab|ad|var|g3|f1|yavas|taze|p0,0,0,EVET,0.0069,0
cab|ad|var|g3|f1|yavas|taze|p1,0,0,EVET,0.0059,0
cab|ad|var|g3|f1|yavas|taze|p2,0,0,EVET,0.0058,0
cab|ad|var|g3|f1|yavas|taze|p3,0,0,EVET,0.0094,0
cab|ad|var|g3|f1|yavas|taze|p4,0,0,EVET,0.0089,0
cab|ad|var|g3|f1|yavas|sabit|p0,0,0,EVET,0.0041,0
cab|ad|var|g3|f1|yavas|sabit|p1,0,0,EVET,0.0047,0
cab|ad|var|g3|f1|yavas|sabit|p2,0,0,EVET,0.005,0
cab|ad|var|g3|f1|yavas|sabit|p3,0,0,EVET,0.0099,0
cab|ad|var|g3|f1|yavas|sabit|p4,0,0,EVET,0.0077,0
cab|ad|var|g3|f1|yavas|onbellek|p0,0,0,EVET,0.0049,0
cab|ad|var|g3|f1|yavas|onbellek|p1,0,0,EVET,0.0059,0
cab|ad|var|g3|f1|yavas|onbellek|p2,0,0,EVET,0.0059,0
cab|ad|var|g3|f1|yavas|onbellek|p3,0,0,EVET,0.0082,0
cab|ad|var|g3|f1|yavas|onbellek|p4,0,0,EVET,0.0095,0
cab|ad|var|g3|f2|hizli|taze|p0,0,0,EVET,0.0056,0
cab|ad|var|g3|f2|hizli|taze|p1,0,0,EVET,0.0053,0
cab|ad|var|g3|f2|hizli|taze|p2,0,0,EVET,0.006,0
cab|ad|var|g3|f2|hizli|taze|p3,0,0,EVET,0.009,0
cab|ad|var|g3|f2|hizli|taze|p4,0,0,EVET,0.0093,0
cab|ad|var|g3|f2|hizli|sabit|p0,0,0,EVET,0.0043,0
cab|ad|var|g3|f2|hizli|sabit|p1,0,0,EVET,0.0046,0
cab|ad|var|g3|f2|hizli|sabit|p2,0,0,EVET,0.0045,0
cab|ad|var|g3|f2|hizli|sabit|p3,0,0,EVET,0.0094,0
cab|ad|var|g3|f2|hizli|sabit|p4,0,0,EVET,0.0084,0
cab|ad|var|g3|f2|hizli|onbellek|p0,0,0,EVET,0.0048,0
cab|ad|var|g3|f2|hizli|onbellek|p1,0,0,EVET,0.0053,0
cab|ad|var|g3|f2|hizli|onbellek|p2,0,0,EVET,0.0056,0
cab|ad|var|g3|f2|hizli|onbellek|p3,0,0,EVET,0.0097,0
cab|ad|var|g3|f2|hizli|onbellek|p4,0,0,EVET,0.0087,0
cab|ad|var|g3|f2|orta|taze|p0,0,0,EVET,0.0061,0
cab|ad|var|g3|f2|orta|taze|p1,0,0,EVET,0.0063,0
cab|ad|var|g3|f2|orta|taze|p2,0,0,EVET,0.0067,0
cab|ad|var|g3|f2|orta|taze|p3,0,0,EVET,0.0091,0
cab|ad|var|g3|f2|orta|taze|p4,0,0,EVET,0.0199,0
cab|ad|var|g3|f2|orta|sabit|p0,0,0,EVET,0.0052,0
cab|ad|var|g3|f2|orta|sabit|p1,0,0,EVET,0.0048,0
cab|ad|var|g3|f2|orta|sabit|p2,0,0,EVET,0.004,0
cab|ad|var|g3|f2|orta|sabit|p3,0,0,EVET,0.0096,0
cab|ad|var|g3|f2|orta|sabit|p4,0,0,EVET,0.0092,0
cab|ad|var|g3|f2|orta|onbellek|p0,0,0,EVET,0.006,0
cab|ad|var|g3|f2|orta|onbellek|p1,0,0,EVET,0.0049,0
cab|ad|var|g3|f2|orta|onbellek|p2,0,0,EVET,0.005,0
cab|ad|var|g3|f2|orta|onbellek|p3,0,0,EVET,0.0094,0
cab|ad|var|g3|f2|orta|onbellek|p4,0,0,EVET,0.0072,0
cab|ad|var|g3|f2|yavas|taze|p0,0,0,EVET,0.0068,0
cab|ad|var|g3|f2|yavas|taze|p1,0,0,EVET,0.0052,0
cab|ad|var|g3|f2|yavas|taze|p2,0,0,EVET,0.006,0
cab|ad|var|g3|f2|yavas|taze|p3,0,0,EVET,0.0092,0
cab|ad|var|g3|f2|yavas|taze|p4,0,0,EVET,0.0077,0
cab|ad|var|g3|f2|yavas|sabit|p0,0,0,EVET,0.0045,0
cab|ad|var|g3|f2|yavas|sabit|p1,0,0,EVET,0.0056,0
cab|ad|var|g3|f2|yavas|sabit|p2,0,0,EVET,0.0049,0
cab|ad|var|g3|f2|yavas|sabit|p3,0,0,EVET,0.0098,0
cab|ad|var|g3|f2|yavas|sabit|p4,0,0,EVET,0.0077,0
cab|ad|var|g3|f2|yavas|onbellek|p0,0,0,EVET,0.0048,0
cab|ad|var|g3|f2|yavas|onbellek|p1,0,0,EVET,0.0044,0
cab|ad|var|g3|f2|yavas|onbellek|p2,0,0,EVET,0.0055,0
cab|ad|var|g3|f2|yavas|onbellek|p3,0,0,EVET,0.0089,0
cab|ad|var|g3|f2|yavas|onbellek|p4,0,0,EVET,0.0089,0
cab|ad|var|g3|f3|hizli|taze|p0,0,0,EVET,0.0052,0
cab|ad|var|g3|f3|hizli|taze|p1,0,0,EVET,0.0049,0
cab|ad|var|g3|f3|hizli|taze|p2,0,0,EVET,0.0045,0
cab|ad|var|g3|f3|hizli|taze|p3,0,0,EVET,0.0096,0
cab|ad|var|g3|f3|hizli|taze|p4,0,0,EVET,0.009,0
cab|ad|var|g3|f3|hizli|sabit|p0,0,0,EVET,0.0037,0
cab|ad|var|g3|f3|hizli|sabit|p1,0,0,EVET,0.0037,0
cab|ad|var|g3|f3|hizli|sabit|p2,0,0,EVET,0.0038,0
cab|ad|var|g3|f3|hizli|sabit|p3,0,0,EVET,0.0074,0
cab|ad|var|g3|f3|hizli|sabit|p4,0,0,EVET,0.0083,0
cab|ad|var|g3|f3|hizli|onbellek|p0,0,0,EVET,0.0052,0
cab|ad|var|g3|f3|hizli|onbellek|p1,0,0,EVET,0.0054,0
cab|ad|var|g3|f3|hizli|onbellek|p2,0,0,EVET,0.0053,0
cab|ad|var|g3|f3|hizli|onbellek|p3,0,0,EVET,0.0088,0
cab|ad|var|g3|f3|hizli|onbellek|p4,0,0,EVET,0.0081,0
cab|ad|var|g3|f3|orta|taze|p0,0,0,EVET,0.0055,0
cab|ad|var|g3|f3|orta|taze|p1,0,0,EVET,0.0053,0
cab|ad|var|g3|f3|orta|taze|p2,0,0,EVET,0.0043,0
cab|ad|var|g3|f3|orta|taze|p3,0,0,EVET,0.0074,0
cab|ad|var|g3|f3|orta|taze|p4,0,0,EVET,0.0082,0
cab|ad|var|g3|f3|orta|sabit|p0,0,0,EVET,0.0046,0
cab|ad|var|g3|f3|orta|sabit|p1,0,0,EVET,0.0037,0
cab|ad|var|g3|f3|orta|sabit|p2,0,0,EVET,0.0038,0
cab|ad|var|g3|f3|orta|sabit|p3,0,0,EVET,0.008,0
cab|ad|var|g3|f3|orta|sabit|p4,0,0,EVET,0.008,0
cab|ad|var|g3|f3|orta|onbellek|p0,0,0,EVET,0.0045,0
cab|ad|var|g3|f3|orta|onbellek|p1,0,0,EVET,0.0045,0
cab|ad|var|g3|f3|orta|onbellek|p2,0,0,EVET,0.0054,0
cab|ad|var|g3|f3|orta|onbellek|p3,0,0,EVET,0.0091,0
cab|ad|var|g3|f3|orta|onbellek|p4,0,0,EVET,0.0085,0
cab|ad|var|g3|f3|yavas|taze|p0,0,0,EVET,0.0053,0
cab|ad|var|g3|f3|yavas|taze|p1,0,0,EVET,0.0045,0
cab|ad|var|g3|f3|yavas|taze|p2,0,0,EVET,0.0044,0
cab|ad|var|g3|f3|yavas|taze|p3,0,0,EVET,0.0092,0
cab|ad|var|g3|f3|yavas|taze|p4,0,0,EVET,0.0078,0
cab|ad|var|g3|f3|yavas|sabit|p0,0,0,EVET,0.005,0
cab|ad|var|g3|f3|yavas|sabit|p1,0,0,EVET,0.0047,0
cab|ad|var|g3|f3|yavas|sabit|p2,0,0,EVET,0.0041,0
cab|ad|var|g3|f3|yavas|sabit|p3,0,0,EVET,0.0076,0
cab|ad|var|g3|f3|yavas|sabit|p4,0,0,EVET,0.007,0
cab|ad|var|g3|f3|yavas|onbellek|p0,0,0,EVET,0.0044,0
cab|ad|var|g3|f3|yavas|onbellek|p1,0,0,EVET,0.0043,0
cab|ad|var|g3|f3|yavas|onbellek|p2,0,0,EVET,0.0043,0
cab|ad|var|g3|f3|yavas|onbellek|p3,0,0,EVET,0.0089,0
cab|ad|var|g3|f3|yavas|onbellek|p4,0,0,EVET,0.0079,0
cab|ad|var|g4|f1|hizli|taze|p0,0,0,EVET,0.0041,0
cab|ad|var|g4|f1|hizli|taze|p1,0,0,EVET,0.0038,0
cab|ad|var|g4|f1|hizli|taze|p2,0,0,EVET,0.0035,0
cab|ad|var|g4|f1|hizli|taze|p3,0,0,EVET,0.0044,0
cab|ad|var|g4|f1|hizli|taze|p4,0,0,EVET,0.0052,0
cab|ad|var|g4|f1|hizli|sabit|p0,0,0,EVET,0.0038,0
cab|ad|var|g4|f1|hizli|sabit|p1,0,0,EVET,0.0038,0
cab|ad|var|g4|f1|hizli|sabit|p2,0,0,EVET,0.0036,0
cab|ad|var|g4|f1|hizli|sabit|p3,0,0,EVET,0.0051,0
cab|ad|var|g4|f1|hizli|sabit|p4,0,0,EVET,0.0046,0
cab|ad|var|g4|f1|hizli|onbellek|p0,0,0,EVET,0.0038,0
cab|ad|var|g4|f1|hizli|onbellek|p1,0,0,EVET,0.0035,0
cab|ad|var|g4|f1|hizli|onbellek|p2,0,0,EVET,0.0031,0
cab|ad|var|g4|f1|hizli|onbellek|p3,0,0,EVET,0.0042,0
cab|ad|var|g4|f1|hizli|onbellek|p4,0,0,EVET,0.0047,0
cab|ad|var|g4|f1|orta|taze|p0,0,0,EVET,0.0038,0
cab|ad|var|g4|f1|orta|taze|p1,0,0,EVET,0.0036,0
cab|ad|var|g4|f1|orta|taze|p2,0,0,EVET,0.0036,0
cab|ad|var|g4|f1|orta|taze|p3,0,0,EVET,0.0043,0
cab|ad|var|g4|f1|orta|taze|p4,0,0,EVET,0.0045,0
cab|ad|var|g4|f1|orta|sabit|p0,0,0,EVET,0.0032,0
cab|ad|var|g4|f1|orta|sabit|p1,0,0,EVET,0.0031,0
cab|ad|var|g4|f1|orta|sabit|p2,0,0,EVET,0.0036,0
cab|ad|var|g4|f1|orta|sabit|p3,0,0,EVET,0.0052,0
cab|ad|var|g4|f1|orta|sabit|p4,0,0,EVET,0.0065,0
cab|ad|var|g4|f1|orta|onbellek|p0,0,0,EVET,0.004,0
cab|ad|var|g4|f1|orta|onbellek|p1,0,0,EVET,0.0036,0
cab|ad|var|g4|f1|orta|onbellek|p2,0,0,EVET,0.0108,0
cab|ad|var|g4|f1|orta|onbellek|p3,0,0,EVET,0.0044,0
cab|ad|var|g4|f1|orta|onbellek|p4,0,0,EVET,0.0056,0
cab|ad|var|g4|f1|yavas|taze|p0,0,0,EVET,0.003,0
cab|ad|var|g4|f1|yavas|taze|p1,0,0,EVET,0.0032,0
cab|ad|var|g4|f1|yavas|taze|p2,0,0,EVET,0.0108,0
cab|ad|var|g4|f1|yavas|taze|p3,0,0,EVET,0.0055,0
cab|ad|var|g4|f1|yavas|taze|p4,0,0,EVET,0.0142,0
cab|ad|var|g4|f1|yavas|sabit|p0,0,0,EVET,0.0038,0
cab|ad|var|g4|f1|yavas|sabit|p1,0,0,EVET,0.0067,0
cab|ad|var|g4|f1|yavas|sabit|p2,0,0,EVET,0.0032,0
cab|ad|var|g4|f1|yavas|sabit|p3,0,0,EVET,0.0065,0
cab|ad|var|g4|f1|yavas|sabit|p4,0,0,EVET,0.0056,0
cab|ad|var|g4|f1|yavas|onbellek|p0,0,0,EVET,0.0079,0
cab|ad|var|g4|f1|yavas|onbellek|p1,0,0,EVET,0.0039,0
cab|ad|var|g4|f1|yavas|onbellek|p2,0,0,EVET,0.0049,0
cab|ad|var|g4|f1|yavas|onbellek|p3,0,0,EVET,0.0043,0
cab|ad|var|g4|f1|yavas|onbellek|p4,0,0,EVET,0.0052,0
cab|ad|var|g4|f2|hizli|taze|p0,0,0,EVET,0.0051,0
cab|ad|var|g4|f2|hizli|taze|p1,0,0,EVET,0.0117,0
cab|ad|var|g4|f2|hizli|taze|p2,0,0,EVET,0.0039,0
cab|ad|var|g4|f2|hizli|taze|p3,0,0,EVET,0.0045,0
cab|ad|var|g4|f2|hizli|taze|p4,0,0,EVET,0.0047,0
cab|ad|var|g4|f2|hizli|sabit|p0,0,0,EVET,0.0035,0
cab|ad|var|g4|f2|hizli|sabit|p1,0,0,EVET,0.0041,0
cab|ad|var|g4|f2|hizli|sabit|p2,0,0,EVET,0.0045,0
cab|ad|var|g4|f2|hizli|sabit|p3,0,0,EVET,0.0059,0
cab|ad|var|g4|f2|hizli|sabit|p4,0,0,EVET,0.0049,0
cab|ad|var|g4|f2|hizli|onbellek|p0,0,0,EVET,0.0031,0
cab|ad|var|g4|f2|hizli|onbellek|p1,0,0,EVET,0.004,0
cab|ad|var|g4|f2|hizli|onbellek|p2,0,0,EVET,0.0036,0
cab|ad|var|g4|f2|hizli|onbellek|p3,0,0,EVET,0.0057,0
cab|ad|var|g4|f2|hizli|onbellek|p4,0,0,EVET,0.0069,0
cab|ad|var|g4|f2|orta|taze|p0,0,0,EVET,0.0063,0
cab|ad|var|g4|f2|orta|taze|p1,0,0,EVET,0.0039,0
cab|ad|var|g4|f2|orta|taze|p2,0,0,EVET,0.009,0
cab|ad|var|g4|f2|orta|taze|p3,0,0,EVET,0.0045,0
cab|ad|var|g4|f2|orta|taze|p4,0,0,EVET,0.0042,0
cab|ad|var|g4|f2|orta|sabit|p0,0,0,EVET,0.0034,0
cab|ad|var|g4|f2|orta|sabit|p1,0,0,EVET,0.0037,0
cab|ad|var|g4|f2|orta|sabit|p2,0,0,EVET,0.0033,0
cab|ad|var|g4|f2|orta|sabit|p3,0,0,EVET,0.0089,0
cab|ad|var|g4|f2|orta|sabit|p4,0,0,EVET,0.0061,0
cab|ad|var|g4|f2|orta|onbellek|p0,0,0,EVET,0.0039,0
cab|ad|var|g4|f2|orta|onbellek|p1,0,0,EVET,0.0037,0
cab|ad|var|g4|f2|orta|onbellek|p2,0,0,EVET,0.0065,0
cab|ad|var|g4|f2|orta|onbellek|p3,0,0,EVET,0.0054,0
cab|ad|var|g4|f2|orta|onbellek|p4,0,0,EVET,0.0069,0
cab|ad|var|g4|f2|yavas|taze|p0,0,0,EVET,0.0032,0
cab|ad|var|g4|f2|yavas|taze|p1,0,0,EVET,0.0041,0
cab|ad|var|g4|f2|yavas|taze|p2,0,0,EVET,0.0038,0
cab|ad|var|g4|f2|yavas|taze|p3,0,0,EVET,0.0043,0
cab|ad|var|g4|f2|yavas|taze|p4,0,0,EVET,0.0042,0
cab|ad|var|g4|f2|yavas|sabit|p0,0,0,EVET,0.0035,0
cab|ad|var|g4|f2|yavas|sabit|p1,0,0,EVET,0.0032,0
cab|ad|var|g4|f2|yavas|sabit|p2,0,0,EVET,0.004,0
cab|ad|var|g4|f2|yavas|sabit|p3,0,0,EVET,0.0056,0
cab|ad|var|g4|f2|yavas|sabit|p4,0,0,EVET,0.005,0
cab|ad|var|g4|f2|yavas|onbellek|p0,0,0,EVET,0.004,0
cab|ad|var|g4|f2|yavas|onbellek|p1,0,0,EVET,0.0031,0
cab|ad|var|g4|f2|yavas|onbellek|p2,0,0,EVET,0.0033,0
cab|ad|var|g4|f2|yavas|onbellek|p3,0,0,EVET,0.005,0
cab|ad|var|g4|f2|yavas|onbellek|p4,0,0,EVET,0.0049,0
cab|ad|var|g4|f3|hizli|taze|p0,0,0,EVET,0.0031,0
cab|ad|var|g4|f3|hizli|taze|p1,0,0,EVET,0.0038,0
cab|ad|var|g4|f3|hizli|taze|p2,0,0,EVET,0.0036,0
cab|ad|var|g4|f3|hizli|taze|p3,0,0,EVET,0.0044,0
cab|ad|var|g4|f3|hizli|taze|p4,0,0,EVET,0.0043,0
cab|ad|var|g4|f3|hizli|sabit|p0,0,0,EVET,0.0032,0
cab|ad|var|g4|f3|hizli|sabit|p1,0,0,EVET,0.0038,0
cab|ad|var|g4|f3|hizli|sabit|p2,0,0,EVET,0.0038,0
cab|ad|var|g4|f3|hizli|sabit|p3,0,0,EVET,0.0047,0
cab|ad|var|g4|f3|hizli|sabit|p4,0,0,EVET,0.0042,0
cab|ad|var|g4|f3|hizli|onbellek|p0,0,0,EVET,0.0044,0
cab|ad|var|g4|f3|hizli|onbellek|p1,0,0,EVET,0.004,0
cab|ad|var|g4|f3|hizli|onbellek|p2,0,0,EVET,0.0043,0
cab|ad|var|g4|f3|hizli|onbellek|p3,0,0,EVET,0.0058,0
cab|ad|var|g4|f3|hizli|onbellek|p4,0,0,EVET,0.0048,0
cab|ad|var|g4|f3|orta|taze|p0,0,0,EVET,0.004,0
cab|ad|var|g4|f3|orta|taze|p1,0,0,EVET,0.0036,0
cab|ad|var|g4|f3|orta|taze|p2,0,0,EVET,0.0038,0
cab|ad|var|g4|f3|orta|taze|p3,0,0,EVET,0.0052,0
cab|ad|var|g4|f3|orta|taze|p4,0,0,EVET,0.0067,0
cab|ad|var|g4|f3|orta|sabit|p0,0,0,EVET,0.0038,0
cab|ad|var|g4|f3|orta|sabit|p1,0,0,EVET,0.0055,0
cab|ad|var|g4|f3|orta|sabit|p2,0,0,EVET,0.0031,0
cab|ad|var|g4|f3|orta|sabit|p3,0,0,EVET,0.0043,0
cab|ad|var|g4|f3|orta|sabit|p4,0,0,EVET,0.0059,0
cab|ad|var|g4|f3|orta|onbellek|p0,0,0,EVET,0.0042,0
cab|ad|var|g4|f3|orta|onbellek|p1,0,0,EVET,0.0035,0
cab|ad|var|g4|f3|orta|onbellek|p2,0,0,EVET,0.0039,0
cab|ad|var|g4|f3|orta|onbellek|p3,0,0,EVET,0.0068,0
cab|ad|var|g4|f3|orta|onbellek|p4,0,0,EVET,0.0044,0
cab|ad|var|g4|f3|yavas|taze|p0,0,0,EVET,0.0058,0
cab|ad|var|g4|f3|yavas|taze|p1,0,0,EVET,0.0041,0
cab|ad|var|g4|f3|yavas|taze|p2,0,0,EVET,0.0037,0
cab|ad|var|g4|f3|yavas|taze|p3,0,0,EVET,0.0051,0
cab|ad|var|g4|f3|yavas|taze|p4,0,0,EVET,0.0056,0
cab|ad|var|g4|f3|yavas|sabit|p0,0,0,EVET,0.0042,0
cab|ad|var|g4|f3|yavas|sabit|p1,0,0,EVET,0.0041,0
cab|ad|var|g4|f3|yavas|sabit|p2,0,0,EVET,0.0039,0
cab|ad|var|g4|f3|yavas|sabit|p3,0,0,EVET,0.0045,0
cab|ad|var|g4|f3|yavas|sabit|p4,0,0,EVET,0.0041,0
cab|ad|var|g4|f3|yavas|onbellek|p0,0,0,EVET,0.0032,0
cab|ad|var|g4|f3|yavas|onbellek|p1,0,0,EVET,0.0034,0
cab|ad|var|g4|f3|yavas|onbellek|p2,0,0,EVET,0.0046,0
cab|ad|var|g4|f3|yavas|onbellek|p3,0,0,EVET,0.0049,0
cab|ad|var|g4|f3|yavas|onbellek|p4,0,0,EVET,0.0048,0
cab|ad|var|tum|f1|hizli|taze|p0,0,0,EVET,0.009,0
cab|ad|var|tum|f1|hizli|taze|p1,0,0,EVET,0.0077,0
cab|ad|var|tum|f1|hizli|taze|p2,0,0,EVET,0.0076,0
cab|ad|var|tum|f1|hizli|taze|p3,0,0,EVET,0.0134,0
cab|ad|var|tum|f1|hizli|taze|p4,0,0,EVET,0.0145,0
cab|ad|var|tum|f1|hizli|sabit|p0,0,0,EVET,0.0085,0
cab|ad|var|tum|f1|hizli|sabit|p1,0,0,EVET,0.009,0
cab|ad|var|tum|f1|hizli|sabit|p2,0,0,EVET,0.0091,0
cab|ad|var|tum|f1|hizli|sabit|p3,0,0,EVET,0.0144,0
cab|ad|var|tum|f1|hizli|sabit|p4,0,0,EVET,0.0114,0
cab|ad|var|tum|f1|hizli|onbellek|p0,0,0,EVET,0.008,0
cab|ad|var|tum|f1|hizli|onbellek|p1,0,0,EVET,0.0074,0
cab|ad|var|tum|f1|hizli|onbellek|p2,0,0,EVET,0.0076,0
cab|ad|var|tum|f1|hizli|onbellek|p3,0,0,EVET,0.015,0
cab|ad|var|tum|f1|hizli|onbellek|p4,0,0,EVET,0.0188,0
cab|ad|var|tum|f1|orta|taze|p0,0,0,EVET,0.0076,0
cab|ad|var|tum|f1|orta|taze|p1,0,0,EVET,0.0081,0
cab|ad|var|tum|f1|orta|taze|p2,0,0,EVET,0.0102,0
cab|ad|var|tum|f1|orta|taze|p3,0,0,EVET,0.0189,0
cab|ad|var|tum|f1|orta|taze|p4,0,0,EVET,0.0131,0
cab|ad|var|tum|f1|orta|sabit|p0,0,0,EVET,0.0081,0
cab|ad|var|tum|f1|orta|sabit|p1,0,0,EVET,0.0085,0
cab|ad|var|tum|f1|orta|sabit|p2,0,0,EVET,0.0067,0
cab|ad|var|tum|f1|orta|sabit|p3,0,0,EVET,0.0118,0
cab|ad|var|tum|f1|orta|sabit|p4,0,0,EVET,0.0127,0
cab|ad|var|tum|f1|orta|onbellek|p0,0,0,EVET,0.0086,0
cab|ad|var|tum|f1|orta|onbellek|p1,0,0,EVET,0.0154,0
cab|ad|var|tum|f1|orta|onbellek|p2,0,0,EVET,0.0075,0
cab|ad|var|tum|f1|orta|onbellek|p3,0,0,EVET,0.0131,0
cab|ad|var|tum|f1|orta|onbellek|p4,0,0,EVET,0.0141,0
cab|ad|var|tum|f1|yavas|taze|p0,0,0,EVET,0.0107,0
cab|ad|var|tum|f1|yavas|taze|p1,0,0,EVET,0.0105,0
cab|ad|var|tum|f1|yavas|taze|p2,0,0,EVET,0.0132,0
cab|ad|var|tum|f1|yavas|taze|p3,0,0,EVET,0.0181,0
cab|ad|var|tum|f1|yavas|taze|p4,0,0,EVET,0.011,0
cab|ad|var|tum|f1|yavas|sabit|p0,0,0,EVET,0.0068,0
cab|ad|var|tum|f1|yavas|sabit|p1,0,0,EVET,0.0066,0
cab|ad|var|tum|f1|yavas|sabit|p2,0,0,EVET,0.0078,0
cab|ad|var|tum|f1|yavas|sabit|p3,0,0,EVET,0.0148,0
cab|ad|var|tum|f1|yavas|sabit|p4,0,0,EVET,0.0157,0
cab|ad|var|tum|f1|yavas|onbellek|p0,0,0,EVET,0.0091,0
cab|ad|var|tum|f1|yavas|onbellek|p1,0,0,EVET,0.0109,0
cab|ad|var|tum|f1|yavas|onbellek|p2,0,0,EVET,0.0083,0
cab|ad|var|tum|f1|yavas|onbellek|p3,0,0,EVET,0.0126,0
cab|ad|var|tum|f1|yavas|onbellek|p4,0,0,EVET,0.0133,0
cab|ad|var|tum|f2|hizli|taze|p0,0,0,EVET,0.0136,0
cab|ad|var|tum|f2|hizli|taze|p1,0,0,EVET,0.0075,0
cab|ad|var|tum|f2|hizli|taze|p2,0,0,EVET,0.0076,0
cab|ad|var|tum|f2|hizli|taze|p3,0,0,EVET,0.0139,0
cab|ad|var|tum|f2|hizli|taze|p4,0,0,EVET,0.0151,0
cab|ad|var|tum|f2|hizli|sabit|p0,0,0,EVET,0.0083,0
cab|ad|var|tum|f2|hizli|sabit|p1,0,0,EVET,0.0066,0
cab|ad|var|tum|f2|hizli|sabit|p2,0,0,EVET,0.0072,0
cab|ad|var|tum|f2|hizli|sabit|p3,0,0,EVET,0.0153,0
cab|ad|var|tum|f2|hizli|sabit|p4,0,0,EVET,0.0134,0
cab|ad|var|tum|f2|hizli|onbellek|p0,0,0,EVET,0.0076,0
cab|ad|var|tum|f2|hizli|onbellek|p1,0,0,EVET,0.0079,0
cab|ad|var|tum|f2|hizli|onbellek|p2,0,0,EVET,0.01,0
cab|ad|var|tum|f2|hizli|onbellek|p3,0,0,EVET,0.0136,0
cab|ad|var|tum|f2|hizli|onbellek|p4,0,0,EVET,0.0107,0
cab|ad|var|tum|f2|orta|taze|p0,0,0,EVET,0.0078,0
cab|ad|var|tum|f2|orta|taze|p1,0,0,EVET,0.0088,0
cab|ad|var|tum|f2|orta|taze|p2,0,0,EVET,0.0093,0
cab|ad|var|tum|f2|orta|taze|p3,0,0,EVET,0.0121,0
cab|ad|var|tum|f2|orta|taze|p4,0,0,EVET,0.0111,0
cab|ad|var|tum|f2|orta|sabit|p0,0,0,EVET,0.0075,0
cab|ad|var|tum|f2|orta|sabit|p1,0,0,EVET,0.007,0
cab|ad|var|tum|f2|orta|sabit|p2,0,0,EVET,0.0079,0
cab|ad|var|tum|f2|orta|sabit|p3,0,0,EVET,0.0137,0
cab|ad|var|tum|f2|orta|sabit|p4,0,0,EVET,0.0124,0
cab|ad|var|tum|f2|orta|onbellek|p0,0,0,EVET,0.0086,0
cab|ad|var|tum|f2|orta|onbellek|p1,0,0,EVET,0.0075,0
cab|ad|var|tum|f2|orta|onbellek|p2,0,0,EVET,0.0082,0
cab|ad|var|tum|f2|orta|onbellek|p3,0,0,EVET,0.0118,0
cab|ad|var|tum|f2|orta|onbellek|p4,0,0,EVET,0.0107,0
cab|ad|var|tum|f2|yavas|taze|p0,0,0,EVET,0.0092,0
cab|ad|var|tum|f2|yavas|taze|p1,0,0,EVET,0.0093,0
cab|ad|var|tum|f2|yavas|taze|p2,0,0,EVET,0.0074,0
cab|ad|var|tum|f2|yavas|taze|p3,0,0,EVET,0.0122,0
cab|ad|var|tum|f2|yavas|taze|p4,0,0,EVET,0.0129,0
cab|ad|var|tum|f2|yavas|sabit|p0,0,0,EVET,0.008,0
cab|ad|var|tum|f2|yavas|sabit|p1,0,0,EVET,0.0071,0
cab|ad|var|tum|f2|yavas|sabit|p2,0,0,EVET,0.0083,0
cab|ad|var|tum|f2|yavas|sabit|p3,0,0,EVET,0.012,0
cab|ad|var|tum|f2|yavas|sabit|p4,0,0,EVET,0.0119,0
cab|ad|var|tum|f2|yavas|onbellek|p0,0,0,EVET,0.0086,0
cab|ad|var|tum|f2|yavas|onbellek|p1,0,0,EVET,0.0083,0
cab|ad|var|tum|f2|yavas|onbellek|p2,0,0,EVET,0.0075,0
cab|ad|var|tum|f2|yavas|onbellek|p3,0,0,EVET,0.014,0
cab|ad|var|tum|f2|yavas|onbellek|p4,0,0,EVET,0.0124,0
cab|ad|var|tum|f3|hizli|taze|p0,0,0,EVET,0.0077,0
cab|ad|var|tum|f3|hizli|taze|p1,0,0,EVET,0.0083,0
cab|ad|var|tum|f3|hizli|taze|p2,0,0,EVET,0.0083,0
cab|ad|var|tum|f3|hizli|taze|p3,0,0,EVET,0.0155,0
cab|ad|var|tum|f3|hizli|taze|p4,0,0,EVET,0.0131,0
cab|ad|var|tum|f3|hizli|sabit|p0,0,0,EVET,0.0083,0
cab|ad|var|tum|f3|hizli|sabit|p1,0,0,EVET,0.0087,0
cab|ad|var|tum|f3|hizli|sabit|p2,0,0,EVET,0.0064,0
cab|ad|var|tum|f3|hizli|sabit|p3,0,0,EVET,0.0137,0
cab|ad|var|tum|f3|hizli|sabit|p4,0,0,EVET,0.0133,0
cab|ad|var|tum|f3|hizli|onbellek|p0,0,0,EVET,0.0094,0
cab|ad|var|tum|f3|hizli|onbellek|p1,0,0,EVET,0.0087,0
cab|ad|var|tum|f3|hizli|onbellek|p2,0,0,EVET,0.0088,0
cab|ad|var|tum|f3|hizli|onbellek|p3,0,0,EVET,0.0148,0
cab|ad|var|tum|f3|hizli|onbellek|p4,0,0,EVET,0.011,0
cab|ad|var|tum|f3|orta|taze|p0,0,0,EVET,0.0076,0
cab|ad|var|tum|f3|orta|taze|p1,0,0,EVET,0.0073,0
cab|ad|var|tum|f3|orta|taze|p2,0,0,EVET,0.0078,0
cab|ad|var|tum|f3|orta|taze|p3,0,0,EVET,0.0135,0
cab|ad|var|tum|f3|orta|taze|p4,0,0,EVET,0.0113,0
cab|ad|var|tum|f3|orta|sabit|p0,0,0,EVET,0.0071,0
cab|ad|var|tum|f3|orta|sabit|p1,0,0,EVET,0.0075,0
cab|ad|var|tum|f3|orta|sabit|p2,0,0,EVET,0.0077,0
cab|ad|var|tum|f3|orta|sabit|p3,0,0,EVET,0.0139,0
cab|ad|var|tum|f3|orta|sabit|p4,0,0,EVET,0.0133,0
cab|ad|var|tum|f3|orta|onbellek|p0,0,0,EVET,0.0072,0
cab|ad|var|tum|f3|orta|onbellek|p1,0,0,EVET,0.0081,0
cab|ad|var|tum|f3|orta|onbellek|p2,0,0,EVET,0.0084,0
cab|ad|var|tum|f3|orta|onbellek|p3,0,0,EVET,0.0136,0
cab|ad|var|tum|f3|orta|onbellek|p4,0,0,EVET,0.0118,0
cab|ad|var|tum|f3|yavas|taze|p0,0,0,EVET,0.0074,0
cab|ad|var|tum|f3|yavas|taze|p1,0,0,EVET,0.009,0
cab|ad|var|tum|f3|yavas|taze|p2,0,0,EVET,0.0089,0
cab|ad|var|tum|f3|yavas|taze|p3,0,0,EVET,0.0122,0
cab|ad|var|tum|f3|yavas|taze|p4,0,0,EVET,0.0125,0
cab|ad|var|tum|f3|yavas|sabit|p0,0,0,EVET,0.0077,0
cab|ad|var|tum|f3|yavas|sabit|p1,0,0,EVET,0.0071,0
cab|ad|var|tum|f3|yavas|sabit|p2,0,0,EVET,0.0081,0
cab|ad|var|tum|f3|yavas|sabit|p3,0,0,EVET,0.0158,0
cab|ad|var|tum|f3|yavas|sabit|p4,0,0,EVET,0.0121,0
cab|ad|var|tum|f3|yavas|onbellek|p0,0,0,EVET,0.0088,0
cab|ad|var|tum|f3|yavas|onbellek|p1,0,0,EVET,0.0079,0
cab|ad|var|tum|f3|yavas|onbellek|p2,0,0,EVET,0.009,0
cab|ad|var|tum|f3|yavas|onbellek|p3,0,0,EVET,0.015,0
cab|ad|var|tum|f3|yavas|onbellek|p4,0,0,EVET,0.0131,0
cab|anahtar|yok|g1|f1|hizli|taze|p0,0,0,EVET,0.0044,0
cab|anahtar|yok|g1|f1|hizli|taze|p1,0,0,EVET,0.0043,0
cab|anahtar|yok|g1|f1|hizli|taze|p2,0,0,EVET,0.0064,0
cab|anahtar|yok|g1|f1|hizli|taze|p3,0,0,EVET,0.0088,0
cab|anahtar|yok|g1|f1|hizli|taze|p4,2,2,EVET,0.0345,0
cab|anahtar|yok|g1|f1|hizli|sabit|p0,0,0,EVET,0.0036,0
cab|anahtar|yok|g1|f1|hizli|sabit|p1,0,0,EVET,0.0046,0
cab|anahtar|yok|g1|f1|hizli|sabit|p2,0,0,EVET,0.0043,0
cab|anahtar|yok|g1|f1|hizli|sabit|p3,0,0,EVET,0.0092,0
cab|anahtar|yok|g1|f1|hizli|sabit|p4,2,2,EVET,0.0461,0
cab|anahtar|yok|g1|f1|hizli|onbellek|p0,0,0,EVET,0.005,0
cab|anahtar|yok|g1|f1|hizli|onbellek|p1,0,0,EVET,0.0038,0
cab|anahtar|yok|g1|f1|hizli|onbellek|p2,0,0,EVET,0.0041,0
cab|anahtar|yok|g1|f1|hizli|onbellek|p3,0,0,EVET,0.007,0
cab|anahtar|yok|g1|f1|hizli|onbellek|p4,2,2,EVET,0.0415,0
cab|anahtar|yok|g1|f1|orta|taze|p0,0,0,EVET,0.0046,0
cab|anahtar|yok|g1|f1|orta|taze|p1,0,0,EVET,0.0046,0
cab|anahtar|yok|g1|f1|orta|taze|p2,0,0,EVET,0.0046,0
cab|anahtar|yok|g1|f1|orta|taze|p3,0,0,EVET,0.0079,0
cab|anahtar|yok|g1|f1|orta|taze|p4,2,2,EVET,0.0364,0
cab|anahtar|yok|g1|f1|orta|sabit|p0,0,0,EVET,0.0043,0
cab|anahtar|yok|g1|f1|orta|sabit|p1,0,0,EVET,0.0035,0
cab|anahtar|yok|g1|f1|orta|sabit|p2,0,0,EVET,0.0031,0
cab|anahtar|yok|g1|f1|orta|sabit|p3,0,0,EVET,0.0068,0
cab|anahtar|yok|g1|f1|orta|sabit|p4,2,2,EVET,0.0335,0
cab|anahtar|yok|g1|f1|orta|onbellek|p0,0,0,EVET,0.0039,0
cab|anahtar|yok|g1|f1|orta|onbellek|p1,0,0,EVET,0.0047,0
cab|anahtar|yok|g1|f1|orta|onbellek|p2,0,0,EVET,0.0039,0
cab|anahtar|yok|g1|f1|orta|onbellek|p3,0,0,EVET,0.0083,0
cab|anahtar|yok|g1|f1|orta|onbellek|p4,2,2,EVET,0.0363,0
cab|anahtar|yok|g1|f1|yavas|taze|p0,0,0,EVET,0.0039,0
cab|anahtar|yok|g1|f1|yavas|taze|p1,0,0,EVET,0.0039,0
cab|anahtar|yok|g1|f1|yavas|taze|p2,0,0,EVET,0.0054,0
cab|anahtar|yok|g1|f1|yavas|taze|p3,0,0,EVET,0.0088,0
cab|anahtar|yok|g1|f1|yavas|taze|p4,2,2,EVET,0.0301,0
cab|anahtar|yok|g1|f1|yavas|sabit|p0,0,0,EVET,0.0032,0
cab|anahtar|yok|g1|f1|yavas|sabit|p1,0,0,EVET,0.003,0
cab|anahtar|yok|g1|f1|yavas|sabit|p2,0,0,EVET,0.003,0
cab|anahtar|yok|g1|f1|yavas|sabit|p3,0,0,EVET,0.0069,0
cab|anahtar|yok|g1|f1|yavas|sabit|p4,2,2,EVET,0.0329,0
cab|anahtar|yok|g1|f1|yavas|onbellek|p0,0,0,EVET,0.0038,0
cab|anahtar|yok|g1|f1|yavas|onbellek|p1,0,0,EVET,0.0044,0
cab|anahtar|yok|g1|f1|yavas|onbellek|p2,0,0,EVET,0.0043,0
cab|anahtar|yok|g1|f1|yavas|onbellek|p3,0,0,EVET,0.0071,0
cab|anahtar|yok|g1|f1|yavas|onbellek|p4,2,2,EVET,0.0344,0
cab|anahtar|yok|g1|f2|hizli|taze|p0,0,0,EVET,0.0036,0
cab|anahtar|yok|g1|f2|hizli|taze|p1,0,0,EVET,0.0045,0
cab|anahtar|yok|g1|f2|hizli|taze|p2,0,0,EVET,0.0043,0
cab|anahtar|yok|g1|f2|hizli|taze|p3,0,0,EVET,0.0067,0
cab|anahtar|yok|g1|f2|hizli|taze|p4,2,2,EVET,0.0234,0
cab|anahtar|yok|g1|f2|hizli|sabit|p0,0,0,EVET,0.0035,0
cab|anahtar|yok|g1|f2|hizli|sabit|p1,0,0,EVET,0.0036,0
cab|anahtar|yok|g1|f2|hizli|sabit|p2,0,0,EVET,0.0031,0
cab|anahtar|yok|g1|f2|hizli|sabit|p3,0,0,EVET,0.0064,0
cab|anahtar|yok|g1|f2|hizli|sabit|p4,2,2,EVET,0.0239,0
cab|anahtar|yok|g1|f2|hizli|onbellek|p0,0,0,EVET,0.0041,0
cab|anahtar|yok|g1|f2|hizli|onbellek|p1,0,0,EVET,0.0042,0
cab|anahtar|yok|g1|f2|hizli|onbellek|p2,0,0,EVET,0.004,0
cab|anahtar|yok|g1|f2|hizli|onbellek|p3,0,0,EVET,0.0072,0
cab|anahtar|yok|g1|f2|hizli|onbellek|p4,2,2,EVET,0.0254,0
cab|anahtar|yok|g1|f2|orta|taze|p0,0,0,EVET,0.0043,0
cab|anahtar|yok|g1|f2|orta|taze|p1,0,0,EVET,0.004,0
cab|anahtar|yok|g1|f2|orta|taze|p2,0,0,EVET,0.0047,0
cab|anahtar|yok|g1|f2|orta|taze|p3,0,0,EVET,0.0082,0
cab|anahtar|yok|g1|f2|orta|taze|p4,2,2,EVET,0.0225,0
cab|anahtar|yok|g1|f2|orta|sabit|p0,0,0,EVET,0.0029,0
cab|anahtar|yok|g1|f2|orta|sabit|p1,0,0,EVET,0.0036,0
cab|anahtar|yok|g1|f2|orta|sabit|p2,0,0,EVET,0.0036,0
cab|anahtar|yok|g1|f2|orta|sabit|p3,0,0,EVET,0.0069,0
cab|anahtar|yok|g1|f2|orta|sabit|p4,2,2,EVET,0.0197,0
cab|anahtar|yok|g1|f2|orta|onbellek|p0,0,0,EVET,0.0043,0
cab|anahtar|yok|g1|f2|orta|onbellek|p1,0,0,EVET,0.0043,0
cab|anahtar|yok|g1|f2|orta|onbellek|p2,0,0,EVET,0.0043,0
cab|anahtar|yok|g1|f2|orta|onbellek|p3,0,0,EVET,0.0065,0
cab|anahtar|yok|g1|f2|orta|onbellek|p4,2,2,EVET,0.0305,0
cab|anahtar|yok|g1|f2|yavas|taze|p0,0,0,EVET,0.0036,0
cab|anahtar|yok|g1|f2|yavas|taze|p1,0,0,EVET,0.0041,0
cab|anahtar|yok|g1|f2|yavas|taze|p2,0,0,EVET,0.0043,0
cab|anahtar|yok|g1|f2|yavas|taze|p3,0,0,EVET,0.0078,0
cab|anahtar|yok|g1|f2|yavas|taze|p4,2,2,EVET,0.0311,0
cab|anahtar|yok|g1|f2|yavas|sabit|p0,0,0,EVET,0.0033,0
cab|anahtar|yok|g1|f2|yavas|sabit|p1,0,0,EVET,0.0037,0
cab|anahtar|yok|g1|f2|yavas|sabit|p2,0,0,EVET,0.0036,0
cab|anahtar|yok|g1|f2|yavas|sabit|p3,0,0,EVET,0.0078,0
cab|anahtar|yok|g1|f2|yavas|sabit|p4,2,2,EVET,0.0235,0
cab|anahtar|yok|g1|f2|yavas|onbellek|p0,0,0,EVET,0.0045,0
cab|anahtar|yok|g1|f2|yavas|onbellek|p1,0,0,EVET,0.0039,0
cab|anahtar|yok|g1|f2|yavas|onbellek|p2,0,0,EVET,0.0038,0
cab|anahtar|yok|g1|f2|yavas|onbellek|p3,0,0,EVET,0.0074,0
cab|anahtar|yok|g1|f2|yavas|onbellek|p4,2,2,EVET,0.0247,0
cab|anahtar|yok|g1|f3|hizli|taze|p0,1,1,EVET,0.0077,0
cab|anahtar|yok|g1|f3|hizli|taze|p1,1,1,EVET,0.0075,0
cab|anahtar|yok|g1|f3|hizli|taze|p2,1,1,EVET,0.0071,0
cab|anahtar|yok|g1|f3|hizli|taze|p3,1,1,EVET,0.0135,0
cab|anahtar|yok|g1|f3|hizli|taze|p4,1,1,EVET,0.0121,0
cab|anahtar|yok|g1|f3|hizli|sabit|p0,1,1,EVET,0.0053,0
cab|anahtar|yok|g1|f3|hizli|sabit|p1,1,1,EVET,0.0065,0
cab|anahtar|yok|g1|f3|hizli|sabit|p2,1,1,EVET,0.0062,0
cab|anahtar|yok|g1|f3|hizli|sabit|p3,1,1,EVET,0.0131,0
cab|anahtar|yok|g1|f3|hizli|sabit|p4,1,1,EVET,0.0133,0
cab|anahtar|yok|g1|f3|hizli|onbellek|p0,1,1,EVET,0.0066,0
cab|anahtar|yok|g1|f3|hizli|onbellek|p1,1,1,EVET,0.0064,0
cab|anahtar|yok|g1|f3|hizli|onbellek|p2,1,1,EVET,0.0075,0
cab|anahtar|yok|g1|f3|hizli|onbellek|p3,1,1,EVET,0.013,0
cab|anahtar|yok|g1|f3|hizli|onbellek|p4,1,1,EVET,0.0142,0
cab|anahtar|yok|g1|f3|orta|taze|p0,1,1,EVET,0.0076,0
cab|anahtar|yok|g1|f3|orta|taze|p1,1,1,EVET,0.0064,0
cab|anahtar|yok|g1|f3|orta|taze|p2,1,1,EVET,0.0065,0
cab|anahtar|yok|g1|f3|orta|taze|p3,1,1,EVET,0.0135,0
cab|anahtar|yok|g1|f3|orta|taze|p4,1,1,EVET,0.0141,0
cab|anahtar|yok|g1|f3|orta|sabit|p0,1,1,EVET,0.0055,0
cab|anahtar|yok|g1|f3|orta|sabit|p1,1,1,EVET,0.0053,0
cab|anahtar|yok|g1|f3|orta|sabit|p2,1,1,EVET,0.0069,0
cab|anahtar|yok|g1|f3|orta|sabit|p3,1,1,EVET,0.0146,0
cab|anahtar|yok|g1|f3|orta|sabit|p4,1,1,EVET,0.012,0
cab|anahtar|yok|g1|f3|orta|onbellek|p0,1,1,EVET,0.007,0
cab|anahtar|yok|g1|f3|orta|onbellek|p1,1,1,EVET,0.0078,0
cab|anahtar|yok|g1|f3|orta|onbellek|p2,1,1,EVET,0.0077,0
cab|anahtar|yok|g1|f3|orta|onbellek|p3,1,1,EVET,0.0128,0
cab|anahtar|yok|g1|f3|orta|onbellek|p4,1,1,EVET,0.0119,0
cab|anahtar|yok|g1|f3|yavas|taze|p0,1,1,EVET,0.0073,0
cab|anahtar|yok|g1|f3|yavas|taze|p1,1,1,EVET,0.0074,0
cab|anahtar|yok|g1|f3|yavas|taze|p2,1,1,EVET,0.0064,0
cab|anahtar|yok|g1|f3|yavas|taze|p3,1,1,EVET,0.0124,0
cab|anahtar|yok|g1|f3|yavas|taze|p4,1,1,EVET,0.0118,0
cab|anahtar|yok|g1|f3|yavas|sabit|p0,1,1,EVET,0.0054,0
cab|anahtar|yok|g1|f3|yavas|sabit|p1,1,1,EVET,0.0061,0
cab|anahtar|yok|g1|f3|yavas|sabit|p2,1,1,EVET,0.006,0
cab|anahtar|yok|g1|f3|yavas|sabit|p3,1,1,EVET,0.0137,0
cab|anahtar|yok|g1|f3|yavas|sabit|p4,1,1,EVET,0.013,0
cab|anahtar|yok|g1|f3|yavas|onbellek|p0,1,1,EVET,0.0072,0
cab|anahtar|yok|g1|f3|yavas|onbellek|p1,1,1,EVET,0.007,0
cab|anahtar|yok|g1|f3|yavas|onbellek|p2,1,1,EVET,0.0078,0
cab|anahtar|yok|g1|f3|yavas|onbellek|p3,1,1,EVET,0.0151,0
cab|anahtar|yok|g1|f3|yavas|onbellek|p4,1,1,EVET,0.0146,0
cab|anahtar|yok|g2|f1|hizli|taze|p0,0,0,EVET,0.0047,0
cab|anahtar|yok|g2|f1|hizli|taze|p1,0,0,EVET,0.0045,0
cab|anahtar|yok|g2|f1|hizli|taze|p2,0,0,EVET,0.0045,0
cab|anahtar|yok|g2|f1|hizli|taze|p3,0,0,EVET,0.0083,0
cab|anahtar|yok|g2|f1|hizli|taze|p4,4,4,EVET,0.0796,0
cab|anahtar|yok|g2|f1|hizli|sabit|p0,0,0,EVET,0.0038,0
cab|anahtar|yok|g2|f1|hizli|sabit|p1,0,0,EVET,0.0041,0
cab|anahtar|yok|g2|f1|hizli|sabit|p2,0,0,EVET,0.0032,0
cab|anahtar|yok|g2|f1|hizli|sabit|p3,0,0,EVET,0.0074,0
cab|anahtar|yok|g2|f1|hizli|sabit|p4,4,4,EVET,0.0576,0
cab|anahtar|yok|g2|f1|hizli|onbellek|p0,0,0,EVET,0.0041,0
cab|anahtar|yok|g2|f1|hizli|onbellek|p1,0,0,EVET,0.0042,0
cab|anahtar|yok|g2|f1|hizli|onbellek|p2,0,0,EVET,0.004,0
cab|anahtar|yok|g2|f1|hizli|onbellek|p3,0,0,EVET,0.0083,0
cab|anahtar|yok|g2|f1|hizli|onbellek|p4,4,4,EVET,0.0659,0
cab|anahtar|yok|g2|f1|orta|taze|p0,0,0,EVET,0.0048,0
cab|anahtar|yok|g2|f1|orta|taze|p1,0,0,EVET,0.0047,0
cab|anahtar|yok|g2|f1|orta|taze|p2,0,0,EVET,0.0044,0
cab|anahtar|yok|g2|f1|orta|taze|p3,0,0,EVET,0.0079,0
cab|anahtar|yok|g2|f1|orta|taze|p4,4,4,EVET,0.0604,0
cab|anahtar|yok|g2|f1|orta|sabit|p0,0,0,EVET,0.0043,0
cab|anahtar|yok|g2|f1|orta|sabit|p1,0,0,EVET,0.0034,0
cab|anahtar|yok|g2|f1|orta|sabit|p2,0,0,EVET,0.0032,0
cab|anahtar|yok|g2|f1|orta|sabit|p3,0,0,EVET,0.0086,0
cab|anahtar|yok|g2|f1|orta|sabit|p4,4,4,EVET,0.0679,0
cab|anahtar|yok|g2|f1|orta|onbellek|p0,0,0,EVET,0.005,0
cab|anahtar|yok|g2|f1|orta|onbellek|p1,0,0,EVET,0.005,0
cab|anahtar|yok|g2|f1|orta|onbellek|p2,0,0,EVET,0.0053,0
cab|anahtar|yok|g2|f1|orta|onbellek|p3,0,0,EVET,0.0086,0
cab|anahtar|yok|g2|f1|orta|onbellek|p4,4,4,EVET,0.0701,0
cab|anahtar|yok|g2|f1|yavas|taze|p0,0,0,EVET,0.0047,0
cab|anahtar|yok|g2|f1|yavas|taze|p1,0,0,EVET,0.0045,0
cab|anahtar|yok|g2|f1|yavas|taze|p2,0,0,EVET,0.0044,0
cab|anahtar|yok|g2|f1|yavas|taze|p3,0,0,EVET,0.0071,0
cab|anahtar|yok|g2|f1|yavas|taze|p4,4,4,EVET,0.0589,0
cab|anahtar|yok|g2|f1|yavas|sabit|p0,0,0,EVET,0.0042,0
cab|anahtar|yok|g2|f1|yavas|sabit|p1,0,0,EVET,0.0039,0
cab|anahtar|yok|g2|f1|yavas|sabit|p2,0,0,EVET,0.0036,0
cab|anahtar|yok|g2|f1|yavas|sabit|p3,0,0,EVET,0.0078,0
cab|anahtar|yok|g2|f1|yavas|sabit|p4,4,4,EVET,0.07,0
cab|anahtar|yok|g2|f1|yavas|onbellek|p0,0,0,EVET,0.0051,0
cab|anahtar|yok|g2|f1|yavas|onbellek|p1,0,0,EVET,0.0044,0
cab|anahtar|yok|g2|f1|yavas|onbellek|p2,0,0,EVET,0.0039,0
cab|anahtar|yok|g2|f1|yavas|onbellek|p3,0,0,EVET,0.0077,0
cab|anahtar|yok|g2|f1|yavas|onbellek|p4,4,4,EVET,0.0738,0
cab|anahtar|yok|g2|f2|hizli|taze|p0,0,0,EVET,0.0046,0
cab|anahtar|yok|g2|f2|hizli|taze|p1,0,0,EVET,0.0045,0
cab|anahtar|yok|g2|f2|hizli|taze|p2,0,0,EVET,0.0042,0
cab|anahtar|yok|g2|f2|hizli|taze|p3,0,0,EVET,0.0069,0
cab|anahtar|yok|g2|f2|hizli|taze|p4,4,4,EVET,0.0439,0
cab|anahtar|yok|g2|f2|hizli|sabit|p0,0,0,EVET,0.0033,0
cab|anahtar|yok|g2|f2|hizli|sabit|p1,0,0,EVET,0.0033,0
cab|anahtar|yok|g2|f2|hizli|sabit|p2,0,0,EVET,0.0031,0
cab|anahtar|yok|g2|f2|hizli|sabit|p3,0,0,EVET,0.0069,0
cab|anahtar|yok|g2|f2|hizli|sabit|p4,4,4,EVET,0.046,0
cab|anahtar|yok|g2|f2|hizli|onbellek|p0,0,0,EVET,0.005,0
cab|anahtar|yok|g2|f2|hizli|onbellek|p1,0,0,EVET,0.0052,0
cab|anahtar|yok|g2|f2|hizli|onbellek|p2,0,0,EVET,0.0045,0
cab|anahtar|yok|g2|f2|hizli|onbellek|p3,0,0,EVET,0.008,0
cab|anahtar|yok|g2|f2|hizli|onbellek|p4,4,4,EVET,0.0533,0
cab|anahtar|yok|g2|f2|orta|taze|p0,0,0,EVET,0.004,0
cab|anahtar|yok|g2|f2|orta|taze|p1,0,0,EVET,0.0046,0
cab|anahtar|yok|g2|f2|orta|taze|p2,0,0,EVET,0.0047,0
cab|anahtar|yok|g2|f2|orta|taze|p3,0,0,EVET,0.0083,0
cab|anahtar|yok|g2|f2|orta|taze|p4,4,4,EVET,0.0552,0
cab|anahtar|yok|g2|f2|orta|sabit|p0,0,0,EVET,0.0034,0
cab|anahtar|yok|g2|f2|orta|sabit|p1,0,0,EVET,0.0032,0
cab|anahtar|yok|g2|f2|orta|sabit|p2,0,0,EVET,0.0036,0
cab|anahtar|yok|g2|f2|orta|sabit|p3,0,0,EVET,0.0078,0
cab|anahtar|yok|g2|f2|orta|sabit|p4,4,4,EVET,0.0412,0
cab|anahtar|yok|g2|f2|orta|onbellek|p0,0,0,EVET,0.004,0
cab|anahtar|yok|g2|f2|orta|onbellek|p1,0,0,EVET,0.0047,0
cab|anahtar|yok|g2|f2|orta|onbellek|p2,0,0,EVET,0.0044,0
cab|anahtar|yok|g2|f2|orta|onbellek|p3,0,0,EVET,0.0072,0
cab|anahtar|yok|g2|f2|orta|onbellek|p4,4,4,EVET,0.0473,0
cab|anahtar|yok|g2|f2|yavas|taze|p0,0,0,EVET,0.0044,0
cab|anahtar|yok|g2|f2|yavas|taze|p1,0,0,EVET,0.0043,0
cab|anahtar|yok|g2|f2|yavas|taze|p2,0,0,EVET,0.0046,0
cab|anahtar|yok|g2|f2|yavas|taze|p3,0,0,EVET,0.0087,0
cab|anahtar|yok|g2|f2|yavas|taze|p4,4,4,EVET,0.0549,0
cab|anahtar|yok|g2|f2|yavas|sabit|p0,0,0,EVET,0.0042,0
cab|anahtar|yok|g2|f2|yavas|sabit|p1,0,0,EVET,0.0033,0
cab|anahtar|yok|g2|f2|yavas|sabit|p2,0,0,EVET,0.0032,0
cab|anahtar|yok|g2|f2|yavas|sabit|p3,0,0,EVET,0.0077,0
cab|anahtar|yok|g2|f2|yavas|sabit|p4,4,4,EVET,0.0451,0
cab|anahtar|yok|g2|f2|yavas|onbellek|p0,0,0,EVET,0.0039,0
cab|anahtar|yok|g2|f2|yavas|onbellek|p1,0,0,EVET,0.0038,0
cab|anahtar|yok|g2|f2|yavas|onbellek|p2,0,0,EVET,0.0046,0
cab|anahtar|yok|g2|f2|yavas|onbellek|p3,0,0,EVET,0.0085,0
cab|anahtar|yok|g2|f2|yavas|onbellek|p4,4,4,EVET,0.0481,0
cab|anahtar|yok|g2|f3|hizli|taze|p0,1,1,EVET,0.0082,0
cab|anahtar|yok|g2|f3|hizli|taze|p1,1,1,EVET,0.0091,0
cab|anahtar|yok|g2|f3|hizli|taze|p2,1,1,EVET,0.0083,0
cab|anahtar|yok|g2|f3|hizli|taze|p3,1,1,EVET,0.014,0
cab|anahtar|yok|g2|f3|hizli|taze|p4,1,1,EVET,0.0132,0
cab|anahtar|yok|g2|f3|hizli|sabit|p0,1,1,EVET,0.0072,0
cab|anahtar|yok|g2|f3|hizli|sabit|p1,1,1,EVET,0.008,0
cab|anahtar|yok|g2|f3|hizli|sabit|p2,1,1,EVET,0.006,0
cab|anahtar|yok|g2|f3|hizli|sabit|p3,1,1,EVET,0.0128,0
cab|anahtar|yok|g2|f3|hizli|sabit|p4,1,1,EVET,0.015,0
cab|anahtar|yok|g2|f3|hizli|onbellek|p0,1,1,EVET,0.0084,0
cab|anahtar|yok|g2|f3|hizli|onbellek|p1,1,1,EVET,0.0071,0
cab|anahtar|yok|g2|f3|hizli|onbellek|p2,1,1,EVET,0.0072,0
cab|anahtar|yok|g2|f3|hizli|onbellek|p3,1,1,EVET,0.0158,0
cab|anahtar|yok|g2|f3|hizli|onbellek|p4,1,1,EVET,0.0168,0
cab|anahtar|yok|g2|f3|orta|taze|p0,1,1,EVET,0.0082,0
cab|anahtar|yok|g2|f3|orta|taze|p1,1,1,EVET,0.0074,0
cab|anahtar|yok|g2|f3|orta|taze|p2,1,1,EVET,0.0073,0
cab|anahtar|yok|g2|f3|orta|taze|p3,1,1,EVET,0.0142,0
cab|anahtar|yok|g2|f3|orta|taze|p4,1,1,EVET,0.0162,0
cab|anahtar|yok|g2|f3|orta|sabit|p0,1,1,EVET,0.0078,0
cab|anahtar|yok|g2|f3|orta|sabit|p1,1,1,EVET,0.0059,0
cab|anahtar|yok|g2|f3|orta|sabit|p2,1,1,EVET,0.0059,0
cab|anahtar|yok|g2|f3|orta|sabit|p3,1,1,EVET,0.0155,0
cab|anahtar|yok|g2|f3|orta|sabit|p4,1,1,EVET,0.0162,0
cab|anahtar|yok|g2|f3|orta|onbellek|p0,1,1,EVET,0.0083,0
cab|anahtar|yok|g2|f3|orta|onbellek|p1,1,1,EVET,0.0073,0
cab|anahtar|yok|g2|f3|orta|onbellek|p2,1,1,EVET,0.0081,0
cab|anahtar|yok|g2|f3|orta|onbellek|p3,1,1,EVET,0.0146,0
cab|anahtar|yok|g2|f3|orta|onbellek|p4,1,1,EVET,0.0161,0
cab|anahtar|yok|g2|f3|yavas|taze|p0,1,1,EVET,0.0084,0
cab|anahtar|yok|g2|f3|yavas|taze|p1,1,1,EVET,0.0087,0
cab|anahtar|yok|g2|f3|yavas|taze|p2,1,1,EVET,0.0077,0
cab|anahtar|yok|g2|f3|yavas|taze|p3,1,1,EVET,0.0139,0
cab|anahtar|yok|g2|f3|yavas|taze|p4,1,1,EVET,0.0133,0
cab|anahtar|yok|g2|f3|yavas|sabit|p0,1,1,EVET,0.0069,0
cab|anahtar|yok|g2|f3|yavas|sabit|p1,1,1,EVET,0.0075,0
cab|anahtar|yok|g2|f3|yavas|sabit|p2,1,1,EVET,0.0074,0
cab|anahtar|yok|g2|f3|yavas|sabit|p3,1,1,EVET,0.0155,0
cab|anahtar|yok|g2|f3|yavas|sabit|p4,1,1,EVET,0.0141,0
cab|anahtar|yok|g2|f3|yavas|onbellek|p0,1,1,EVET,0.008,0
cab|anahtar|yok|g2|f3|yavas|onbellek|p1,1,1,EVET,0.0088,0
cab|anahtar|yok|g2|f3|yavas|onbellek|p2,1,1,EVET,0.0085,0
cab|anahtar|yok|g2|f3|yavas|onbellek|p3,1,1,EVET,0.0141,0
cab|anahtar|yok|g2|f3|yavas|onbellek|p4,1,1,EVET,0.0153,0
cab|anahtar|yok|g3|f1|hizli|taze|p0,0,0,EVET,0.0038,0
cab|anahtar|yok|g3|f1|hizli|taze|p1,0,0,EVET,0.0036,0
cab|anahtar|yok|g3|f1|hizli|taze|p2,0,0,EVET,0.0037,0
cab|anahtar|yok|g3|f1|hizli|taze|p3,0,0,EVET,0.0078,0
cab|anahtar|yok|g3|f1|hizli|taze|p4,2,2,EVET,0.0359,0
cab|anahtar|yok|g3|f1|hizli|sabit|p0,0,0,EVET,0.0037,0
cab|anahtar|yok|g3|f1|hizli|sabit|p1,0,0,EVET,0.0038,0
cab|anahtar|yok|g3|f1|hizli|sabit|p2,0,0,EVET,0.0032,0
cab|anahtar|yok|g3|f1|hizli|sabit|p3,0,0,EVET,0.007,0
cab|anahtar|yok|g3|f1|hizli|sabit|p4,2,2,EVET,0.0353,0
cab|anahtar|yok|g3|f1|hizli|onbellek|p0,0,0,EVET,0.0042,0
cab|anahtar|yok|g3|f1|hizli|onbellek|p1,0,0,EVET,0.0043,0
cab|anahtar|yok|g3|f1|hizli|onbellek|p2,0,0,EVET,0.0037,0
cab|anahtar|yok|g3|f1|hizli|onbellek|p3,0,0,EVET,0.0066,0
cab|anahtar|yok|g3|f1|hizli|onbellek|p4,2,2,EVET,0.0294,0
cab|anahtar|yok|g3|f1|orta|taze|p0,0,0,EVET,0.0039,0
cab|anahtar|yok|g3|f1|orta|taze|p1,0,0,EVET,0.0038,0
cab|anahtar|yok|g3|f1|orta|taze|p2,0,0,EVET,0.0037,0
cab|anahtar|yok|g3|f1|orta|taze|p3,0,0,EVET,0.009,0
cab|anahtar|yok|g3|f1|orta|taze|p4,2,2,EVET,0.0356,0
cab|anahtar|yok|g3|f1|orta|sabit|p0,0,0,EVET,0.0032,0
cab|anahtar|yok|g3|f1|orta|sabit|p1,0,0,EVET,0.0031,0
cab|anahtar|yok|g3|f1|orta|sabit|p2,0,0,EVET,0.0034,0
cab|anahtar|yok|g3|f1|orta|sabit|p3,0,0,EVET,0.0075,0
cab|anahtar|yok|g3|f1|orta|sabit|p4,2,2,EVET,0.0409,0
cab|anahtar|yok|g3|f1|orta|onbellek|p0,0,0,EVET,0.005,0
cab|anahtar|yok|g3|f1|orta|onbellek|p1,0,0,EVET,0.0038,0
cab|anahtar|yok|g3|f1|orta|onbellek|p2,0,0,EVET,0.0036,0
cab|anahtar|yok|g3|f1|orta|onbellek|p3,0,0,EVET,0.0065,0
cab|anahtar|yok|g3|f1|orta|onbellek|p4,2,2,EVET,0.0352,0
cab|anahtar|yok|g3|f1|yavas|taze|p0,0,0,EVET,0.0038,0
cab|anahtar|yok|g3|f1|yavas|taze|p1,0,0,EVET,0.0037,0
cab|anahtar|yok|g3|f1|yavas|taze|p2,0,0,EVET,0.0045,0
cab|anahtar|yok|g3|f1|yavas|taze|p3,0,0,EVET,0.0083,0
cab|anahtar|yok|g3|f1|yavas|taze|p4,2,2,EVET,0.0368,0
cab|anahtar|yok|g3|f1|yavas|sabit|p0,0,0,EVET,0.0041,0
cab|anahtar|yok|g3|f1|yavas|sabit|p1,0,0,EVET,0.0029,0
cab|anahtar|yok|g3|f1|yavas|sabit|p2,0,0,EVET,0.0029,0
cab|anahtar|yok|g3|f1|yavas|sabit|p3,0,0,EVET,0.0066,0
cab|anahtar|yok|g3|f1|yavas|sabit|p4,2,2,EVET,0.0311,0
cab|anahtar|yok|g3|f1|yavas|onbellek|p0,0,0,EVET,0.0037,0
cab|anahtar|yok|g3|f1|yavas|onbellek|p1,0,0,EVET,0.004,0
cab|anahtar|yok|g3|f1|yavas|onbellek|p2,0,0,EVET,0.0051,0
cab|anahtar|yok|g3|f1|yavas|onbellek|p3,0,0,EVET,0.0087,0
cab|anahtar|yok|g3|f1|yavas|onbellek|p4,2,2,EVET,0.0308,0
cab|anahtar|yok|g3|f2|hizli|taze|p0,0,0,EVET,0.0038,0
cab|anahtar|yok|g3|f2|hizli|taze|p1,0,0,EVET,0.0045,0
cab|anahtar|yok|g3|f2|hizli|taze|p2,0,0,EVET,0.0043,0
cab|anahtar|yok|g3|f2|hizli|taze|p3,0,0,EVET,0.0067,0
cab|anahtar|yok|g3|f2|hizli|taze|p4,2,2,EVET,0.0255,0
cab|anahtar|yok|g3|f2|hizli|sabit|p0,0,0,EVET,0.0031,0
cab|anahtar|yok|g3|f2|hizli|sabit|p1,0,0,EVET,0.003,0
cab|anahtar|yok|g3|f2|hizli|sabit|p2,0,0,EVET,0.0037,0
cab|anahtar|yok|g3|f2|hizli|sabit|p3,0,0,EVET,0.008,0
cab|anahtar|yok|g3|f2|hizli|sabit|p4,2,2,EVET,0.0247,0
cab|anahtar|yok|g3|f2|hizli|onbellek|p0,0,0,EVET,0.0041,0
cab|anahtar|yok|g3|f2|hizli|onbellek|p1,0,0,EVET,0.0037,0
cab|anahtar|yok|g3|f2|hizli|onbellek|p2,0,0,EVET,0.0039,0
cab|anahtar|yok|g3|f2|hizli|onbellek|p3,0,0,EVET,0.0071,0
cab|anahtar|yok|g3|f2|hizli|onbellek|p4,2,2,EVET,0.0257,0
cab|anahtar|yok|g3|f2|orta|taze|p0,0,0,EVET,0.0037,0
cab|anahtar|yok|g3|f2|orta|taze|p1,0,0,EVET,0.0046,0
cab|anahtar|yok|g3|f2|orta|taze|p2,0,0,EVET,0.0044,0
cab|anahtar|yok|g3|f2|orta|taze|p3,0,0,EVET,0.0077,0
cab|anahtar|yok|g3|f2|orta|taze|p4,2,2,EVET,0.0262,0
cab|anahtar|yok|g3|f2|orta|sabit|p0,0,0,EVET,0.0037,0
cab|anahtar|yok|g3|f2|orta|sabit|p1,0,0,EVET,0.0034,0
cab|anahtar|yok|g3|f2|orta|sabit|p2,0,0,EVET,0.004,0
cab|anahtar|yok|g3|f2|orta|sabit|p3,0,0,EVET,0.0068,0
cab|anahtar|yok|g3|f2|orta|sabit|p4,2,2,EVET,0.0222,0
cab|anahtar|yok|g3|f2|orta|onbellek|p0,0,0,EVET,0.004,0
cab|anahtar|yok|g3|f2|orta|onbellek|p1,0,0,EVET,0.0037,0
cab|anahtar|yok|g3|f2|orta|onbellek|p2,0,0,EVET,0.0043,0
cab|anahtar|yok|g3|f2|orta|onbellek|p3,0,0,EVET,0.0082,0
cab|anahtar|yok|g3|f2|orta|onbellek|p4,2,2,EVET,0.0244,0
cab|anahtar|yok|g3|f2|yavas|taze|p0,0,0,EVET,0.0049,0
cab|anahtar|yok|g3|f2|yavas|taze|p1,0,0,EVET,0.0047,0
cab|anahtar|yok|g3|f2|yavas|taze|p2,0,0,EVET,0.0046,0
cab|anahtar|yok|g3|f2|yavas|taze|p3,0,0,EVET,0.0067,0
cab|anahtar|yok|g3|f2|yavas|taze|p4,2,2,EVET,0.0224,0
cab|anahtar|yok|g3|f2|yavas|sabit|p0,0,0,EVET,0.0035,0
cab|anahtar|yok|g3|f2|yavas|sabit|p1,0,0,EVET,0.0036,0
cab|anahtar|yok|g3|f2|yavas|sabit|p2,0,0,EVET,0.0036,0
cab|anahtar|yok|g3|f2|yavas|sabit|p3,0,0,EVET,0.0074,0
cab|anahtar|yok|g3|f2|yavas|sabit|p4,2,2,EVET,0.0231,0
cab|anahtar|yok|g3|f2|yavas|onbellek|p0,0,0,EVET,0.0038,0
cab|anahtar|yok|g3|f2|yavas|onbellek|p1,0,0,EVET,0.0044,0
cab|anahtar|yok|g3|f2|yavas|onbellek|p2,0,0,EVET,0.0043,0
cab|anahtar|yok|g3|f2|yavas|onbellek|p3,0,0,EVET,0.0082,0
cab|anahtar|yok|g3|f2|yavas|onbellek|p4,2,2,EVET,0.0274,0
cab|anahtar|yok|g3|f3|hizli|taze|p0,1,1,EVET,0.0077,0
cab|anahtar|yok|g3|f3|hizli|taze|p1,1,1,EVET,0.0066,0
cab|anahtar|yok|g3|f3|hizli|taze|p2,1,1,EVET,0.0069,0
cab|anahtar|yok|g3|f3|hizli|taze|p3,1,1,EVET,0.0129,0
cab|anahtar|yok|g3|f3|hizli|taze|p4,1,1,EVET,0.0151,0
cab|anahtar|yok|g3|f3|hizli|sabit|p0,1,1,EVET,0.0071,0
cab|anahtar|yok|g3|f3|hizli|sabit|p1,1,1,EVET,0.0059,0
cab|anahtar|yok|g3|f3|hizli|sabit|p2,1,1,EVET,0.0069,0
cab|anahtar|yok|g3|f3|hizli|sabit|p3,1,1,EVET,0.0142,0
cab|anahtar|yok|g3|f3|hizli|sabit|p4,1,1,EVET,0.0137,0
cab|anahtar|yok|g3|f3|hizli|onbellek|p0,1,1,EVET,0.0084,0
cab|anahtar|yok|g3|f3|hizli|onbellek|p1,1,1,EVET,0.0081,0
cab|anahtar|yok|g3|f3|hizli|onbellek|p2,1,1,EVET,0.0068,0
cab|anahtar|yok|g3|f3|hizli|onbellek|p3,1,1,EVET,0.013,0
cab|anahtar|yok|g3|f3|hizli|onbellek|p4,1,1,EVET,0.0152,0
cab|anahtar|yok|g3|f3|orta|taze|p0,1,1,EVET,0.0077,0
cab|anahtar|yok|g3|f3|orta|taze|p1,1,1,EVET,0.007,0
cab|anahtar|yok|g3|f3|orta|taze|p2,1,1,EVET,0.0068,0
cab|anahtar|yok|g3|f3|orta|taze|p3,1,1,EVET,0.0152,0
cab|anahtar|yok|g3|f3|orta|taze|p4,1,1,EVET,0.0154,0
cab|anahtar|yok|g3|f3|orta|sabit|p0,1,1,EVET,0.0057,0
cab|anahtar|yok|g3|f3|orta|sabit|p1,1,1,EVET,0.0057,0
cab|anahtar|yok|g3|f3|orta|sabit|p2,1,1,EVET,0.0073,0
cab|anahtar|yok|g3|f3|orta|sabit|p3,1,1,EVET,0.0154,0
cab|anahtar|yok|g3|f3|orta|sabit|p4,1,1,EVET,0.0144,0
cab|anahtar|yok|g3|f3|orta|onbellek|p0,1,1,EVET,0.0086,0
cab|anahtar|yok|g3|f3|orta|onbellek|p1,1,1,EVET,0.0071,0
cab|anahtar|yok|g3|f3|orta|onbellek|p2,1,1,EVET,0.0068,0
cab|anahtar|yok|g3|f3|orta|onbellek|p3,1,1,EVET,0.0131,0
cab|anahtar|yok|g3|f3|orta|onbellek|p4,1,1,EVET,0.0125,0
cab|anahtar|yok|g3|f3|yavas|taze|p0,1,1,EVET,0.0067,0
cab|anahtar|yok|g3|f3|yavas|taze|p1,1,1,EVET,0.0071,0
cab|anahtar|yok|g3|f3|yavas|taze|p2,1,1,EVET,0.0077,0
cab|anahtar|yok|g3|f3|yavas|taze|p3,1,1,EVET,0.0157,0
cab|anahtar|yok|g3|f3|yavas|taze|p4,1,1,EVET,0.0157,0
cab|anahtar|yok|g3|f3|yavas|sabit|p0,1,1,EVET,0.007,0
cab|anahtar|yok|g3|f3|yavas|sabit|p1,1,1,EVET,0.0067,0
cab|anahtar|yok|g3|f3|yavas|sabit|p2,1,1,EVET,0.007,0
cab|anahtar|yok|g3|f3|yavas|sabit|p3,1,1,EVET,0.0125,0
cab|anahtar|yok|g3|f3|yavas|sabit|p4,1,1,EVET,0.0119,0
cab|anahtar|yok|g3|f3|yavas|onbellek|p0,1,1,EVET,0.007,0
cab|anahtar|yok|g3|f3|yavas|onbellek|p1,1,1,EVET,0.0067,0
cab|anahtar|yok|g3|f3|yavas|onbellek|p2,1,1,EVET,0.0086,0
cab|anahtar|yok|g3|f3|yavas|onbellek|p3,1,1,EVET,0.0151,0
cab|anahtar|yok|g3|f3|yavas|onbellek|p4,1,1,EVET,0.0125,0
cab|anahtar|yok|g4|f1|hizli|taze|p0,0,0,EVET,0.0028,0
cab|anahtar|yok|g4|f1|hizli|taze|p1,0,0,EVET,0.0032,0
cab|anahtar|yok|g4|f1|hizli|taze|p2,0,0,EVET,0.0031,0
cab|anahtar|yok|g4|f1|hizli|taze|p3,0,0,EVET,0.0047,0
cab|anahtar|yok|g4|f1|hizli|taze|p4,0,0,EVET,0.0044,0
cab|anahtar|yok|g4|f1|hizli|sabit|p0,0,0,EVET,0.0032,0
cab|anahtar|yok|g4|f1|hizli|sabit|p1,0,0,EVET,0.0034,0
cab|anahtar|yok|g4|f1|hizli|sabit|p2,0,0,EVET,0.0035,0
cab|anahtar|yok|g4|f1|hizli|sabit|p3,0,0,EVET,0.0051,0
cab|anahtar|yok|g4|f1|hizli|sabit|p4,0,0,EVET,0.0039,0
cab|anahtar|yok|g4|f1|hizli|onbellek|p0,0,0,EVET,0.0043,0
cab|anahtar|yok|g4|f1|hizli|onbellek|p1,0,0,EVET,0.0034,0
cab|anahtar|yok|g4|f1|hizli|onbellek|p2,0,0,EVET,0.0033,0
cab|anahtar|yok|g4|f1|hizli|onbellek|p3,0,0,EVET,0.0048,0
cab|anahtar|yok|g4|f1|hizli|onbellek|p4,0,0,EVET,0.0048,0
cab|anahtar|yok|g4|f1|orta|taze|p0,0,0,EVET,0.0036,0
cab|anahtar|yok|g4|f1|orta|taze|p1,0,0,EVET,0.0033,0
cab|anahtar|yok|g4|f1|orta|taze|p2,0,0,EVET,0.0028,0
cab|anahtar|yok|g4|f1|orta|taze|p3,0,0,EVET,0.0038,0
cab|anahtar|yok|g4|f1|orta|taze|p4,0,0,EVET,0.0061,0
cab|anahtar|yok|g4|f1|orta|sabit|p0,0,0,EVET,0.0038,0
cab|anahtar|yok|g4|f1|orta|sabit|p1,0,0,EVET,0.0035,0
cab|anahtar|yok|g4|f1|orta|sabit|p2,0,0,EVET,0.0028,0
cab|anahtar|yok|g4|f1|orta|sabit|p3,0,0,EVET,0.004,0
cab|anahtar|yok|g4|f1|orta|sabit|p4,0,0,EVET,0.0038,0
cab|anahtar|yok|g4|f1|orta|onbellek|p0,0,0,EVET,0.0033,0
cab|anahtar|yok|g4|f1|orta|onbellek|p1,0,0,EVET,0.0032,0
cab|anahtar|yok|g4|f1|orta|onbellek|p2,0,0,EVET,0.0034,0
cab|anahtar|yok|g4|f1|orta|onbellek|p3,0,0,EVET,0.0051,0
cab|anahtar|yok|g4|f1|orta|onbellek|p4,0,0,EVET,0.0049,0
cab|anahtar|yok|g4|f1|yavas|taze|p0,0,0,EVET,0.0039,0
cab|anahtar|yok|g4|f1|yavas|taze|p1,0,0,EVET,0.0028,0
cab|anahtar|yok|g4|f1|yavas|taze|p2,0,0,EVET,0.0026,0
cab|anahtar|yok|g4|f1|yavas|taze|p3,0,0,EVET,0.0047,0
cab|anahtar|yok|g4|f1|yavas|taze|p4,0,0,EVET,0.0045,0
cab|anahtar|yok|g4|f1|yavas|sabit|p0,0,0,EVET,0.0034,0
cab|anahtar|yok|g4|f1|yavas|sabit|p1,0,0,EVET,0.0037,0
cab|anahtar|yok|g4|f1|yavas|sabit|p2,0,0,EVET,0.0027,0
cab|anahtar|yok|g4|f1|yavas|sabit|p3,0,0,EVET,0.0038,0
cab|anahtar|yok|g4|f1|yavas|sabit|p4,0,0,EVET,0.0051,0
cab|anahtar|yok|g4|f1|yavas|onbellek|p0,0,0,EVET,0.0036,0
cab|anahtar|yok|g4|f1|yavas|onbellek|p1,0,0,EVET,0.0028,0
cab|anahtar|yok|g4|f1|yavas|onbellek|p2,0,0,EVET,0.0028,0
cab|anahtar|yok|g4|f1|yavas|onbellek|p3,0,0,EVET,0.0046,0
cab|anahtar|yok|g4|f1|yavas|onbellek|p4,0,0,EVET,0.0044,0
cab|anahtar|yok|g4|f2|hizli|taze|p0,0,0,EVET,0.0026,0
cab|anahtar|yok|g4|f2|hizli|taze|p1,0,0,EVET,0.0027,0
cab|anahtar|yok|g4|f2|hizli|taze|p2,0,0,EVET,0.0028,0
cab|anahtar|yok|g4|f2|hizli|taze|p3,0,0,EVET,0.004,0
cab|anahtar|yok|g4|f2|hizli|taze|p4,0,0,EVET,0.0045,0
cab|anahtar|yok|g4|f2|hizli|sabit|p0,0,0,EVET,0.0032,0
cab|anahtar|yok|g4|f2|hizli|sabit|p1,0,0,EVET,0.0033,0
cab|anahtar|yok|g4|f2|hizli|sabit|p2,0,0,EVET,0.0035,0
cab|anahtar|yok|g4|f2|hizli|sabit|p3,0,0,EVET,0.0047,0
cab|anahtar|yok|g4|f2|hizli|sabit|p4,0,0,EVET,0.0042,0
cab|anahtar|yok|g4|f2|hizli|onbellek|p0,0,0,EVET,0.0032,0
cab|anahtar|yok|g4|f2|hizli|onbellek|p1,0,0,EVET,0.0033,0
cab|anahtar|yok|g4|f2|hizli|onbellek|p2,0,0,EVET,0.0027,0
cab|anahtar|yok|g4|f2|hizli|onbellek|p3,0,0,EVET,0.0037,0
cab|anahtar|yok|g4|f2|hizli|onbellek|p4,0,0,EVET,0.0037,0
cab|anahtar|yok|g4|f2|orta|taze|p0,0,0,EVET,0.0027,0
cab|anahtar|yok|g4|f2|orta|taze|p1,0,0,EVET,0.0026,0
cab|anahtar|yok|g4|f2|orta|taze|p2,0,0,EVET,0.0026,0
cab|anahtar|yok|g4|f2|orta|taze|p3,0,0,EVET,0.0039,0
cab|anahtar|yok|g4|f2|orta|taze|p4,0,0,EVET,0.0037,0
cab|anahtar|yok|g4|f2|orta|sabit|p0,0,0,EVET,0.0036,0
cab|anahtar|yok|g4|f2|orta|sabit|p1,0,0,EVET,0.0035,0
cab|anahtar|yok|g4|f2|orta|sabit|p2,0,0,EVET,0.0032,0
cab|anahtar|yok|g4|f2|orta|sabit|p3,0,0,EVET,0.0044,0
cab|anahtar|yok|g4|f2|orta|sabit|p4,0,0,EVET,0.0044,0
cab|anahtar|yok|g4|f2|orta|onbellek|p0,0,0,EVET,0.0031,0
cab|anahtar|yok|g4|f2|orta|onbellek|p1,0,0,EVET,0.0035,0
cab|anahtar|yok|g4|f2|orta|onbellek|p2,0,0,EVET,0.0036,0
cab|anahtar|yok|g4|f2|orta|onbellek|p3,0,0,EVET,0.0046,0
cab|anahtar|yok|g4|f2|orta|onbellek|p4,0,0,EVET,0.0045,0
cab|anahtar|yok|g4|f2|yavas|taze|p0,0,0,EVET,0.0027,0
cab|anahtar|yok|g4|f2|yavas|taze|p1,0,0,EVET,0.0026,0
cab|anahtar|yok|g4|f2|yavas|taze|p2,0,0,EVET,0.0027,0
cab|anahtar|yok|g4|f2|yavas|taze|p3,0,0,EVET,0.0039,0
cab|anahtar|yok|g4|f2|yavas|taze|p4,0,0,EVET,0.0044,0
cab|anahtar|yok|g4|f2|yavas|sabit|p0,0,0,EVET,0.0035,0
cab|anahtar|yok|g4|f2|yavas|sabit|p1,0,0,EVET,0.0031,0
cab|anahtar|yok|g4|f2|yavas|sabit|p2,0,0,EVET,0.0031,0
cab|anahtar|yok|g4|f2|yavas|sabit|p3,0,0,EVET,0.004,0
cab|anahtar|yok|g4|f2|yavas|sabit|p4,0,0,EVET,0.0037,0
cab|anahtar|yok|g4|f2|yavas|onbellek|p0,0,0,EVET,0.0036,0
cab|anahtar|yok|g4|f2|yavas|onbellek|p1,0,0,EVET,0.0034,0
cab|anahtar|yok|g4|f2|yavas|onbellek|p2,0,0,EVET,0.0027,0
cab|anahtar|yok|g4|f2|yavas|onbellek|p3,0,0,EVET,0.0037,0
cab|anahtar|yok|g4|f2|yavas|onbellek|p4,0,0,EVET,0.0045,0
cab|anahtar|yok|g4|f3|hizli|taze|p0,0,0,EVET,0.0031,0
cab|anahtar|yok|g4|f3|hizli|taze|p1,0,0,EVET,0.0027,0
cab|anahtar|yok|g4|f3|hizli|taze|p2,0,0,EVET,0.0027,0
cab|anahtar|yok|g4|f3|hizli|taze|p3,0,0,EVET,0.0044,0
cab|anahtar|yok|g4|f3|hizli|taze|p4,0,0,EVET,0.0049,0
cab|anahtar|yok|g4|f3|hizli|sabit|p0,0,0,EVET,0.0027,0
cab|anahtar|yok|g4|f3|hizli|sabit|p1,0,0,EVET,0.0026,0
cab|anahtar|yok|g4|f3|hizli|sabit|p2,0,0,EVET,0.0031,0
cab|anahtar|yok|g4|f3|hizli|sabit|p3,0,0,EVET,0.0046,0
cab|anahtar|yok|g4|f3|hizli|sabit|p4,0,0,EVET,0.0043,0
cab|anahtar|yok|g4|f3|hizli|onbellek|p0,0,0,EVET,0.0034,0
cab|anahtar|yok|g4|f3|hizli|onbellek|p1,0,0,EVET,0.0032,0
cab|anahtar|yok|g4|f3|hizli|onbellek|p2,0,0,EVET,0.0031,0
cab|anahtar|yok|g4|f3|hizli|onbellek|p3,0,0,EVET,0.0036,0
cab|anahtar|yok|g4|f3|hizli|onbellek|p4,0,0,EVET,0.0036,0
cab|anahtar|yok|g4|f3|orta|taze|p0,0,0,EVET,0.0034,0
cab|anahtar|yok|g4|f3|orta|taze|p1,0,0,EVET,0.0035,0
cab|anahtar|yok|g4|f3|orta|taze|p2,0,0,EVET,0.0027,0
cab|anahtar|yok|g4|f3|orta|taze|p3,0,0,EVET,0.0037,0
cab|anahtar|yok|g4|f3|orta|taze|p4,0,0,EVET,0.0036,0
cab|anahtar|yok|g4|f3|orta|sabit|p0,0,0,EVET,0.0026,0
cab|anahtar|yok|g4|f3|orta|sabit|p1,0,0,EVET,0.0026,0
cab|anahtar|yok|g4|f3|orta|sabit|p2,0,0,EVET,0.0027,0
cab|anahtar|yok|g4|f3|orta|sabit|p3,0,0,EVET,0.0044,0
cab|anahtar|yok|g4|f3|orta|sabit|p4,0,0,EVET,0.0042,0
cab|anahtar|yok|g4|f3|orta|onbellek|p0,0,0,EVET,0.0033,0
cab|anahtar|yok|g4|f3|orta|onbellek|p1,0,0,EVET,0.0034,0
cab|anahtar|yok|g4|f3|orta|onbellek|p2,0,0,EVET,0.0033,0
cab|anahtar|yok|g4|f3|orta|onbellek|p3,0,0,EVET,0.0048,0
cab|anahtar|yok|g4|f3|orta|onbellek|p4,0,0,EVET,0.0045,0
cab|anahtar|yok|g4|f3|yavas|taze|p0,0,0,EVET,0.0035,0
cab|anahtar|yok|g4|f3|yavas|taze|p1,0,0,EVET,0.003,0
cab|anahtar|yok|g4|f3|yavas|taze|p2,0,0,EVET,0.0036,0
cab|anahtar|yok|g4|f3|yavas|taze|p3,0,0,EVET,0.0037,0
cab|anahtar|yok|g4|f3|yavas|taze|p4,0,0,EVET,0.0041,0
cab|anahtar|yok|g4|f3|yavas|sabit|p0,0,0,EVET,0.0026,0
cab|anahtar|yok|g4|f3|yavas|sabit|p1,0,0,EVET,0.0032,0
cab|anahtar|yok|g4|f3|yavas|sabit|p2,0,0,EVET,0.0027,0
cab|anahtar|yok|g4|f3|yavas|sabit|p3,0,0,EVET,0.004,0
cab|anahtar|yok|g4|f3|yavas|sabit|p4,0,0,EVET,0.0047,0
cab|anahtar|yok|g4|f3|yavas|onbellek|p0,0,0,EVET,0.0035,0
cab|anahtar|yok|g4|f3|yavas|onbellek|p1,0,0,EVET,0.0026,0
cab|anahtar|yok|g4|f3|yavas|onbellek|p2,0,0,EVET,0.0026,0
cab|anahtar|yok|g4|f3|yavas|onbellek|p3,0,0,EVET,0.0041,0
cab|anahtar|yok|g4|f3|yavas|onbellek|p4,0,0,EVET,0.0035,0
cab|anahtar|yok|tum|f1|hizli|taze|p0,0,0,EVET,0.0073,0
cab|anahtar|yok|tum|f1|hizli|taze|p1,0,0,EVET,0.0071,0
cab|anahtar|yok|tum|f1|hizli|taze|p2,0,0,EVET,0.0079,0
cab|anahtar|yok|tum|f1|hizli|taze|p3,0,0,EVET,0.0121,0
cab|anahtar|yok|tum|f1|hizli|taze|p4,0,0,EVET,0.0117,0
cab|anahtar|yok|tum|f1|hizli|sabit|p0,0,0,EVET,0.0067,0
cab|anahtar|yok|tum|f1|hizli|sabit|p1,0,0,EVET,0.0063,0
cab|anahtar|yok|tum|f1|hizli|sabit|p2,0,0,EVET,0.0061,0
cab|anahtar|yok|tum|f1|hizli|sabit|p3,0,0,EVET,0.0101,0
cab|anahtar|yok|tum|f1|hizli|sabit|p4,0,0,EVET,0.0096,0
cab|anahtar|yok|tum|f1|hizli|onbellek|p0,0,0,EVET,0.0078,0
cab|anahtar|yok|tum|f1|hizli|onbellek|p1,0,0,EVET,0.0075,0
cab|anahtar|yok|tum|f1|hizli|onbellek|p2,0,0,EVET,0.0061,0
cab|anahtar|yok|tum|f1|hizli|onbellek|p3,0,0,EVET,0.0102,0
cab|anahtar|yok|tum|f1|hizli|onbellek|p4,0,0,EVET,0.0094,0
cab|anahtar|yok|tum|f1|orta|taze|p0,0,0,EVET,0.0063,0
cab|anahtar|yok|tum|f1|orta|taze|p1,0,0,EVET,0.0074,0
cab|anahtar|yok|tum|f1|orta|taze|p2,0,0,EVET,0.0073,0
cab|anahtar|yok|tum|f1|orta|taze|p3,0,0,EVET,0.0102,0
cab|anahtar|yok|tum|f1|orta|taze|p4,0,0,EVET,0.0096,0
cab|anahtar|yok|tum|f1|orta|sabit|p0,0,0,EVET,0.0062,0
cab|anahtar|yok|tum|f1|orta|sabit|p1,0,0,EVET,0.007,0
cab|anahtar|yok|tum|f1|orta|sabit|p2,0,0,EVET,0.0064,0
cab|anahtar|yok|tum|f1|orta|sabit|p3,0,0,EVET,0.0119,0
cab|anahtar|yok|tum|f1|orta|sabit|p4,0,0,EVET,0.0118,0
cab|anahtar|yok|tum|f1|orta|onbellek|p0,0,0,EVET,0.0074,0
cab|anahtar|yok|tum|f1|orta|onbellek|p1,0,0,EVET,0.0074,0
cab|anahtar|yok|tum|f1|orta|onbellek|p2,0,0,EVET,0.0079,0
cab|anahtar|yok|tum|f1|orta|onbellek|p3,0,0,EVET,0.0141,0
cab|anahtar|yok|tum|f1|orta|onbellek|p4,0,0,EVET,0.011,0
cab|anahtar|yok|tum|f1|yavas|taze|p0,0,0,EVET,0.0063,0
cab|anahtar|yok|tum|f1|yavas|taze|p1,0,0,EVET,0.0061,0
cab|anahtar|yok|tum|f1|yavas|taze|p2,0,0,EVET,0.0076,0
cab|anahtar|yok|tum|f1|yavas|taze|p3,0,0,EVET,0.0121,0
cab|anahtar|yok|tum|f1|yavas|taze|p4,0,0,EVET,0.0104,0
cab|anahtar|yok|tum|f1|yavas|sabit|p0,0,0,EVET,0.0055,0
cab|anahtar|yok|tum|f1|yavas|sabit|p1,0,0,EVET,0.0055,0
cab|anahtar|yok|tum|f1|yavas|sabit|p2,0,0,EVET,0.0054,0
cab|anahtar|yok|tum|f1|yavas|sabit|p3,0,0,EVET,0.0111,0
cab|anahtar|yok|tum|f1|yavas|sabit|p4,0,0,EVET,0.0094,0
cab|anahtar|yok|tum|f1|yavas|onbellek|p0,0,0,EVET,0.0076,0
cab|anahtar|yok|tum|f1|yavas|onbellek|p1,0,0,EVET,0.0075,0
cab|anahtar|yok|tum|f1|yavas|onbellek|p2,0,0,EVET,0.0062,0
cab|anahtar|yok|tum|f1|yavas|onbellek|p3,0,0,EVET,0.0101,0
cab|anahtar|yok|tum|f1|yavas|onbellek|p4,0,0,EVET,0.0108,0
cab|anahtar|yok|tum|f2|hizli|taze|p0,0,0,EVET,0.0063,0
cab|anahtar|yok|tum|f2|hizli|taze|p1,0,0,EVET,0.007,0
cab|anahtar|yok|tum|f2|hizli|taze|p2,0,0,EVET,0.0072,0
cab|anahtar|yok|tum|f2|hizli|taze|p3,0,0,EVET,0.0126,0
cab|anahtar|yok|tum|f2|hizli|taze|p4,0,0,EVET,0.0103,0
cab|anahtar|yok|tum|f2|hizli|sabit|p0,0,0,EVET,0.0069,0
cab|anahtar|yok|tum|f2|hizli|sabit|p1,0,0,EVET,0.0065,0
cab|anahtar|yok|tum|f2|hizli|sabit|p2,0,0,EVET,0.0054,0
cab|anahtar|yok|tum|f2|hizli|sabit|p3,0,0,EVET,0.0103,0
cab|anahtar|yok|tum|f2|hizli|sabit|p4,0,0,EVET,0.0116,0
cab|anahtar|yok|tum|f2|hizli|onbellek|p0,0,0,EVET,0.0075,0
cab|anahtar|yok|tum|f2|hizli|onbellek|p1,0,0,EVET,0.0075,0
cab|anahtar|yok|tum|f2|hizli|onbellek|p2,0,0,EVET,0.0082,0
cab|anahtar|yok|tum|f2|hizli|onbellek|p3,0,0,EVET,0.013,0
cab|anahtar|yok|tum|f2|hizli|onbellek|p4,0,0,EVET,0.0112,0
cab|anahtar|yok|tum|f2|orta|taze|p0,0,0,EVET,0.0072,0
cab|anahtar|yok|tum|f2|orta|taze|p1,0,0,EVET,0.007,0
cab|anahtar|yok|tum|f2|orta|taze|p2,0,0,EVET,0.0062,0
cab|anahtar|yok|tum|f2|orta|taze|p3,0,0,EVET,0.01,0
cab|anahtar|yok|tum|f2|orta|taze|p4,0,0,EVET,0.012,0
cab|anahtar|yok|tum|f2|orta|sabit|p0,0,0,EVET,0.0069,0
cab|anahtar|yok|tum|f2|orta|sabit|p1,0,0,EVET,0.0055,0
cab|anahtar|yok|tum|f2|orta|sabit|p2,0,0,EVET,0.0054,0
cab|anahtar|yok|tum|f2|orta|sabit|p3,0,0,EVET,0.0129,0
cab|anahtar|yok|tum|f2|orta|sabit|p4,0,0,EVET,0.0108,0
cab|anahtar|yok|tum|f2|orta|onbellek|p0,0,0,EVET,0.0068,0
cab|anahtar|yok|tum|f2|orta|onbellek|p1,0,0,EVET,0.0061,0
cab|anahtar|yok|tum|f2|orta|onbellek|p2,0,0,EVET,0.0062,0
cab|anahtar|yok|tum|f2|orta|onbellek|p3,0,0,EVET,0.0112,0
cab|anahtar|yok|tum|f2|orta|onbellek|p4,0,0,EVET,0.0115,0
cab|anahtar|yok|tum|f2|yavas|taze|p0,0,0,EVET,0.0076,0
cab|anahtar|yok|tum|f2|yavas|taze|p1,0,0,EVET,0.007,0
cab|anahtar|yok|tum|f2|yavas|taze|p2,0,0,EVET,0.0069,0
cab|anahtar|yok|tum|f2|yavas|taze|p3,0,0,EVET,0.0101,0
cab|anahtar|yok|tum|f2|yavas|taze|p4,0,0,EVET,0.0093,0
cab|anahtar|yok|tum|f2|yavas|sabit|p0,0,0,EVET,0.0063,0
cab|anahtar|yok|tum|f2|yavas|sabit|p1,0,0,EVET,0.0062,0
cab|anahtar|yok|tum|f2|yavas|sabit|p2,0,0,EVET,0.0054,0
cab|anahtar|yok|tum|f2|yavas|sabit|p3,0,0,EVET,0.01,0
cab|anahtar|yok|tum|f2|yavas|sabit|p4,0,0,EVET,0.0093,0
cab|anahtar|yok|tum|f2|yavas|onbellek|p0,0,0,EVET,0.0061,0
cab|anahtar|yok|tum|f2|yavas|onbellek|p1,0,0,EVET,0.0072,0
cab|anahtar|yok|tum|f2|yavas|onbellek|p2,0,0,EVET,0.0069,0
cab|anahtar|yok|tum|f2|yavas|onbellek|p3,0,0,EVET,0.0132,0
cab|anahtar|yok|tum|f2|yavas|onbellek|p4,0,0,EVET,0.012,0
cab|anahtar|yok|tum|f3|hizli|taze|p0,0,0,EVET,0.0069,0
cab|anahtar|yok|tum|f3|hizli|taze|p1,0,0,EVET,0.0071,0
cab|anahtar|yok|tum|f3|hizli|taze|p2,0,0,EVET,0.007,0
cab|anahtar|yok|tum|f3|hizli|taze|p3,0,0,EVET,0.0116,0
cab|anahtar|yok|tum|f3|hizli|taze|p4,0,0,EVET,0.0098,0
cab|anahtar|yok|tum|f3|hizli|sabit|p0,0,0,EVET,0.0062,0
cab|anahtar|yok|tum|f3|hizli|sabit|p1,0,0,EVET,0.0062,0
cab|anahtar|yok|tum|f3|hizli|sabit|p2,0,0,EVET,0.0052,0
cab|anahtar|yok|tum|f3|hizli|sabit|p3,0,0,EVET,0.0118,0
cab|anahtar|yok|tum|f3|hizli|sabit|p4,0,0,EVET,0.0108,0
cab|anahtar|yok|tum|f3|hizli|onbellek|p0,0,0,EVET,0.0059,0
cab|anahtar|yok|tum|f3|hizli|onbellek|p1,0,0,EVET,0.0058,0
cab|anahtar|yok|tum|f3|hizli|onbellek|p2,0,0,EVET,0.0059,0
cab|anahtar|yok|tum|f3|hizli|onbellek|p3,0,0,EVET,0.0099,0
cab|anahtar|yok|tum|f3|hizli|onbellek|p4,0,0,EVET,0.011,0
cab|anahtar|yok|tum|f3|orta|taze|p0,0,0,EVET,0.0071,0
cab|anahtar|yok|tum|f3|orta|taze|p1,0,0,EVET,0.0062,0
cab|anahtar|yok|tum|f3|orta|taze|p2,0,0,EVET,0.0059,0
cab|anahtar|yok|tum|f3|orta|taze|p3,0,0,EVET,0.01,0
cab|anahtar|yok|tum|f3|orta|taze|p4,0,0,EVET,0.0091,0
cab|anahtar|yok|tum|f3|orta|sabit|p0,0,0,EVET,0.0064,0
cab|anahtar|yok|tum|f3|orta|sabit|p1,0,0,EVET,0.0064,0
cab|anahtar|yok|tum|f3|orta|sabit|p2,0,0,EVET,0.0075,0
cab|anahtar|yok|tum|f3|orta|sabit|p3,0,0,EVET,0.0115,0
cab|anahtar|yok|tum|f3|orta|sabit|p4,0,0,EVET,0.009,0
cab|anahtar|yok|tum|f3|orta|onbellek|p0,0,0,EVET,0.006,0
cab|anahtar|yok|tum|f3|orta|onbellek|p1,0,0,EVET,0.007,0
cab|anahtar|yok|tum|f3|orta|onbellek|p2,0,0,EVET,0.0071,0
cab|anahtar|yok|tum|f3|orta|onbellek|p3,0,0,EVET,0.0101,0
cab|anahtar|yok|tum|f3|orta|onbellek|p4,0,0,EVET,0.0091,0
cab|anahtar|yok|tum|f3|yavas|taze|p0,0,0,EVET,0.0077,0
cab|anahtar|yok|tum|f3|yavas|taze|p1,0,0,EVET,0.0073,0
cab|anahtar|yok|tum|f3|yavas|taze|p2,0,0,EVET,0.0059,0
cab|anahtar|yok|tum|f3|yavas|taze|p3,0,0,EVET,0.0101,0
cab|anahtar|yok|tum|f3|yavas|taze|p4,0,0,EVET,0.0113,0
cab|anahtar|yok|tum|f3|yavas|sabit|p0,0,0,EVET,0.0064,0
cab|anahtar|yok|tum|f3|yavas|sabit|p1,0,0,EVET,0.0067,0
cab|anahtar|yok|tum|f3|yavas|sabit|p2,0,0,EVET,0.0061,0
cab|anahtar|yok|tum|f3|yavas|sabit|p3,0,0,EVET,0.013,0
cab|anahtar|yok|tum|f3|yavas|sabit|p4,0,0,EVET,0.0114,0
cab|anahtar|yok|tum|f3|yavas|onbellek|p0,0,0,EVET,0.006,0
cab|anahtar|yok|tum|f3|yavas|onbellek|p1,0,0,EVET,0.0059,0
cab|anahtar|yok|tum|f3|yavas|onbellek|p2,0,0,EVET,0.0059,0
cab|anahtar|yok|tum|f3|yavas|onbellek|p3,0,0,EVET,0.01,0
cab|anahtar|yok|tum|f3|yavas|onbellek|p4,0,0,EVET,0.0108,0
cab|anahtar|var|g1|f1|hizli|taze|p0,0,0,EVET,0.0045,0
cab|anahtar|var|g1|f1|hizli|taze|p1,0,0,EVET,0.0046,0
cab|anahtar|var|g1|f1|hizli|taze|p2,0,0,EVET,0.0045,0
cab|anahtar|var|g1|f1|hizli|taze|p3,0,0,EVET,0.008,0
cab|anahtar|var|g1|f1|hizli|taze|p4,2,2,EVET,0.0358,0
cab|anahtar|var|g1|f1|hizli|sabit|p0,0,0,EVET,0.0032,0
cab|anahtar|var|g1|f1|hizli|sabit|p1,0,0,EVET,0.0031,0
cab|anahtar|var|g1|f1|hizli|sabit|p2,0,0,EVET,0.0031,0
cab|anahtar|var|g1|f1|hizli|sabit|p3,0,0,EVET,0.0077,0
cab|anahtar|var|g1|f1|hizli|sabit|p4,2,2,EVET,0.0368,0
cab|anahtar|var|g1|f1|hizli|onbellek|p0,0,0,EVET,0.0046,0
cab|anahtar|var|g1|f1|hizli|onbellek|p1,0,0,EVET,0.0043,0
cab|anahtar|var|g1|f1|hizli|onbellek|p2,0,0,EVET,0.0039,0
cab|anahtar|var|g1|f1|hizli|onbellek|p3,0,0,EVET,0.0068,0
cab|anahtar|var|g1|f1|hizli|onbellek|p4,2,2,EVET,0.0313,0
cab|anahtar|var|g1|f1|orta|taze|p0,0,0,EVET,0.0051,0
cab|anahtar|var|g1|f1|orta|taze|p1,0,0,EVET,0.0051,0
cab|anahtar|var|g1|f1|orta|taze|p2,0,0,EVET,0.0038,0
cab|anahtar|var|g1|f1|orta|taze|p3,0,0,EVET,0.0068,0
cab|anahtar|var|g1|f1|orta|taze|p4,2,2,EVET,0.0435,0
cab|anahtar|var|g1|f1|orta|sabit|p0,0,0,EVET,0.0033,0
cab|anahtar|var|g1|f1|orta|sabit|p1,0,0,EVET,0.0032,0
cab|anahtar|var|g1|f1|orta|sabit|p2,0,0,EVET,0.0031,0
cab|anahtar|var|g1|f1|orta|sabit|p3,0,0,EVET,0.0077,0
cab|anahtar|var|g1|f1|orta|sabit|p4,2,2,EVET,0.0363,0
cab|anahtar|var|g1|f1|orta|onbellek|p0,0,0,EVET,0.0052,0
cab|anahtar|var|g1|f1|orta|onbellek|p1,0,0,EVET,0.0045,0
cab|anahtar|var|g1|f1|orta|onbellek|p2,0,0,EVET,0.0039,0
cab|anahtar|var|g1|f1|orta|onbellek|p3,0,0,EVET,0.0068,0
cab|anahtar|var|g1|f1|orta|onbellek|p4,2,2,EVET,0.0361,0
cab|anahtar|var|g1|f1|yavas|taze|p0,0,0,EVET,0.004,0
cab|anahtar|var|g1|f1|yavas|taze|p1,0,0,EVET,0.004,0
cab|anahtar|var|g1|f1|yavas|taze|p2,0,0,EVET,0.0037,0
cab|anahtar|var|g1|f1|yavas|taze|p3,0,0,EVET,0.0067,0
cab|anahtar|var|g1|f1|yavas|taze|p4,2,2,EVET,0.0304,0
cab|anahtar|var|g1|f1|yavas|sabit|p0,0,0,EVET,0.0037,0
cab|anahtar|var|g1|f1|yavas|sabit|p1,0,0,EVET,0.0035,0
cab|anahtar|var|g1|f1|yavas|sabit|p2,0,0,EVET,0.0031,0
cab|anahtar|var|g1|f1|yavas|sabit|p3,0,0,EVET,0.0076,0
cab|anahtar|var|g1|f1|yavas|sabit|p4,2,2,EVET,0.0299,0
cab|anahtar|var|g1|f1|yavas|onbellek|p0,0,0,EVET,0.0038,0
cab|anahtar|var|g1|f1|yavas|onbellek|p1,0,0,EVET,0.0048,0
cab|anahtar|var|g1|f1|yavas|onbellek|p2,0,0,EVET,0.0046,0
cab|anahtar|var|g1|f1|yavas|onbellek|p3,0,0,EVET,0.0082,0
cab|anahtar|var|g1|f1|yavas|onbellek|p4,2,2,EVET,0.0403,0
cab|anahtar|var|g1|f2|hizli|taze|p0,0,0,EVET,0.0047,0
cab|anahtar|var|g1|f2|hizli|taze|p1,0,0,EVET,0.0043,0
cab|anahtar|var|g1|f2|hizli|taze|p2,0,0,EVET,0.0048,0
cab|anahtar|var|g1|f2|hizli|taze|p3,0,0,EVET,0.0079,0
cab|anahtar|var|g1|f2|hizli|taze|p4,2,2,EVET,0.0269,0
cab|anahtar|var|g1|f2|hizli|sabit|p0,0,0,EVET,0.0035,0
cab|anahtar|var|g1|f2|hizli|sabit|p1,0,0,EVET,0.0036,0
cab|anahtar|var|g1|f2|hizli|sabit|p2,0,0,EVET,0.0038,0
cab|anahtar|var|g1|f2|hizli|sabit|p3,0,0,EVET,0.008,0
cab|anahtar|var|g1|f2|hizli|sabit|p4,2,2,EVET,0.0249,0
cab|anahtar|var|g1|f2|hizli|onbellek|p0,0,0,EVET,0.0042,0
cab|anahtar|var|g1|f2|hizli|onbellek|p1,0,0,EVET,0.0043,0
cab|anahtar|var|g1|f2|hizli|onbellek|p2,0,0,EVET,0.0044,0
cab|anahtar|var|g1|f2|hizli|onbellek|p3,0,0,EVET,0.0078,0
cab|anahtar|var|g1|f2|hizli|onbellek|p4,2,2,EVET,0.0221,0
cab|anahtar|var|g1|f2|orta|taze|p0,0,0,EVET,0.0041,0
cab|anahtar|var|g1|f2|orta|taze|p1,0,0,EVET,0.0043,0
cab|anahtar|var|g1|f2|orta|taze|p2,0,0,EVET,0.0043,0
cab|anahtar|var|g1|f2|orta|taze|p3,0,0,EVET,0.0078,0
cab|anahtar|var|g1|f2|orta|taze|p4,2,2,EVET,0.0238,0
cab|anahtar|var|g1|f2|orta|sabit|p0,0,0,EVET,0.0032,0
cab|anahtar|var|g1|f2|orta|sabit|p1,0,0,EVET,0.0029,0
cab|anahtar|var|g1|f2|orta|sabit|p2,0,0,EVET,0.0031,0
cab|anahtar|var|g1|f2|orta|sabit|p3,0,0,EVET,0.0067,0
cab|anahtar|var|g1|f2|orta|sabit|p4,2,2,EVET,0.0241,0
cab|anahtar|var|g1|f2|orta|onbellek|p0,0,0,EVET,0.0045,0
cab|anahtar|var|g1|f2|orta|onbellek|p1,0,0,EVET,0.0037,0
cab|anahtar|var|g1|f2|orta|onbellek|p2,0,0,EVET,0.0037,0
cab|anahtar|var|g1|f2|orta|onbellek|p3,0,0,EVET,0.0078,0
cab|anahtar|var|g1|f2|orta|onbellek|p4,2,2,EVET,0.0261,0
cab|anahtar|var|g1|f2|yavas|taze|p0,0,0,EVET,0.0044,0
cab|anahtar|var|g1|f2|yavas|taze|p1,0,0,EVET,0.0043,0
cab|anahtar|var|g1|f2|yavas|taze|p2,0,0,EVET,0.004,0
cab|anahtar|var|g1|f2|yavas|taze|p3,0,0,EVET,0.0066,0
cab|anahtar|var|g1|f2|yavas|taze|p4,2,2,EVET,0.0225,0
cab|anahtar|var|g1|f2|yavas|sabit|p0,0,0,EVET,0.0037,0
cab|anahtar|var|g1|f2|yavas|sabit|p1,0,0,EVET,0.0038,0
cab|anahtar|var|g1|f2|yavas|sabit|p2,0,0,EVET,0.0042,0
cab|anahtar|var|g1|f2|yavas|sabit|p3,0,0,EVET,0.0079,0
cab|anahtar|var|g1|f2|yavas|sabit|p4,2,2,EVET,0.0237,0
cab|anahtar|var|g1|f2|yavas|onbellek|p0,0,0,EVET,0.0038,0
cab|anahtar|var|g1|f2|yavas|onbellek|p1,0,0,EVET,0.0037,0
cab|anahtar|var|g1|f2|yavas|onbellek|p2,0,0,EVET,0.0041,0
cab|anahtar|var|g1|f2|yavas|onbellek|p3,0,0,EVET,0.0076,0
cab|anahtar|var|g1|f2|yavas|onbellek|p4,2,2,EVET,0.0267,0
cab|anahtar|var|g1|f3|hizli|taze|p0,1,1,EVET,0.008,0
cab|anahtar|var|g1|f3|hizli|taze|p1,1,1,EVET,0.0081,0
cab|anahtar|var|g1|f3|hizli|taze|p2,1,1,EVET,0.0079,0
cab|anahtar|var|g1|f3|hizli|taze|p3,1,1,EVET,0.0156,0
cab|anahtar|var|g1|f3|hizli|taze|p4,1,1,EVET,0.0158,0
cab|anahtar|var|g1|f3|hizli|sabit|p0,1,1,EVET,0.0055,0
cab|anahtar|var|g1|f3|hizli|sabit|p1,1,1,EVET,0.0054,0
cab|anahtar|var|g1|f3|hizli|sabit|p2,1,1,EVET,0.0056,0
cab|anahtar|var|g1|f3|hizli|sabit|p3,1,1,EVET,0.0118,0
cab|anahtar|var|g1|f3|hizli|sabit|p4,1,1,EVET,0.0117,0
cab|anahtar|var|g1|f3|hizli|onbellek|p0,1,1,EVET,0.0068,0
cab|anahtar|var|g1|f3|hizli|onbellek|p1,1,1,EVET,0.008,0
cab|anahtar|var|g1|f3|hizli|onbellek|p2,1,1,EVET,0.0074,0
cab|anahtar|var|g1|f3|hizli|onbellek|p3,1,1,EVET,0.0157,0
cab|anahtar|var|g1|f3|hizli|onbellek|p4,1,1,EVET,0.0156,0
cab|anahtar|var|g1|f3|orta|taze|p0,1,1,EVET,0.0067,0
cab|anahtar|var|g1|f3|orta|taze|p1,1,1,EVET,0.0066,0
cab|anahtar|var|g1|f3|orta|taze|p2,1,1,EVET,0.0068,0
cab|anahtar|var|g1|f3|orta|taze|p3,1,1,EVET,0.0133,0
cab|anahtar|var|g1|f3|orta|taze|p4,1,1,EVET,0.0151,0
cab|anahtar|var|g1|f3|orta|sabit|p0,1,1,EVET,0.0067,0
cab|anahtar|var|g1|f3|orta|sabit|p1,1,1,EVET,0.0057,0
cab|anahtar|var|g1|f3|orta|sabit|p2,1,1,EVET,0.0055,0
cab|anahtar|var|g1|f3|orta|sabit|p3,1,1,EVET,0.0141,0
cab|anahtar|var|g1|f3|orta|sabit|p4,1,1,EVET,0.0134,0
cab|anahtar|var|g1|f3|orta|onbellek|p0,1,1,EVET,0.0069,0
cab|anahtar|var|g1|f3|orta|onbellek|p1,1,1,EVET,0.0079,0
cab|anahtar|var|g1|f3|orta|onbellek|p2,1,1,EVET,0.0076,0
cab|anahtar|var|g1|f3|orta|onbellek|p3,1,1,EVET,0.0149,0
cab|anahtar|var|g1|f3|orta|onbellek|p4,1,1,EVET,0.0124,0
cab|anahtar|var|g1|f3|yavas|taze|p0,1,1,EVET,0.0068,0
cab|anahtar|var|g1|f3|yavas|taze|p1,1,1,EVET,0.007,0
cab|anahtar|var|g1|f3|yavas|taze|p2,1,1,EVET,0.0071,0
cab|anahtar|var|g1|f3|yavas|taze|p3,1,1,EVET,0.0155,0
cab|anahtar|var|g1|f3|yavas|taze|p4,1,1,EVET,0.0162,0
cab|anahtar|var|g1|f3|yavas|sabit|p0,1,1,EVET,0.0055,0
cab|anahtar|var|g1|f3|yavas|sabit|p1,1,1,EVET,0.0055,0
cab|anahtar|var|g1|f3|yavas|sabit|p2,1,1,EVET,0.0057,0
cab|anahtar|var|g1|f3|yavas|sabit|p3,1,1,EVET,0.0121,0
cab|anahtar|var|g1|f3|yavas|sabit|p4,1,1,EVET,0.0128,0
cab|anahtar|var|g1|f3|yavas|onbellek|p0,1,1,EVET,0.0071,0
cab|anahtar|var|g1|f3|yavas|onbellek|p1,1,1,EVET,0.008,0
cab|anahtar|var|g1|f3|yavas|onbellek|p2,1,1,EVET,0.0081,0
cab|anahtar|var|g1|f3|yavas|onbellek|p3,1,1,EVET,0.0163,0
cab|anahtar|var|g1|f3|yavas|onbellek|p4,1,1,EVET,0.0133,0
cab|anahtar|var|g2|f1|hizli|taze|p0,0,0,EVET,0.0052,0
cab|anahtar|var|g2|f1|hizli|taze|p1,0,0,EVET,0.005,0
cab|anahtar|var|g2|f1|hizli|taze|p2,0,0,EVET,0.0046,0
cab|anahtar|var|g2|f1|hizli|taze|p3,0,0,EVET,0.0079,0
cab|anahtar|var|g2|f1|hizli|taze|p4,4,4,EVET,0.0605,0
cab|anahtar|var|g2|f1|hizli|sabit|p0,0,0,EVET,0.0036,0
cab|anahtar|var|g2|f1|hizli|sabit|p1,0,0,EVET,0.0044,0
cab|anahtar|var|g2|f1|hizli|sabit|p2,0,0,EVET,0.0042,0
cab|anahtar|var|g2|f1|hizli|sabit|p3,0,0,EVET,0.009,0
cab|anahtar|var|g2|f1|hizli|sabit|p4,4,4,EVET,0.0703,0
cab|anahtar|var|g2|f1|hizli|onbellek|p0,0,0,EVET,0.0044,0
cab|anahtar|var|g2|f1|hizli|onbellek|p1,0,0,EVET,0.0042,0
cab|anahtar|var|g2|f1|hizli|onbellek|p2,0,0,EVET,0.0046,0
cab|anahtar|var|g2|f1|hizli|onbellek|p3,0,0,EVET,0.0077,0
cab|anahtar|var|g2|f1|hizli|onbellek|p4,4,4,EVET,0.0705,0
cab|anahtar|var|g2|f1|orta|taze|p0,0,0,EVET,0.0049,0
cab|anahtar|var|g2|f1|orta|taze|p1,0,0,EVET,0.0049,0
cab|anahtar|var|g2|f1|orta|taze|p2,0,0,EVET,0.0047,0
cab|anahtar|var|g2|f1|orta|taze|p3,0,0,EVET,0.0086,0
cab|anahtar|var|g2|f1|orta|taze|p4,4,4,EVET,0.0702,0
cab|anahtar|var|g2|f1|orta|sabit|p0,0,0,EVET,0.0036,0
cab|anahtar|var|g2|f1|orta|sabit|p1,0,0,EVET,0.0035,0
cab|anahtar|var|g2|f1|orta|sabit|p2,0,0,EVET,0.0035,0
cab|anahtar|var|g2|f1|orta|sabit|p3,0,0,EVET,0.0074,0
cab|anahtar|var|g2|f1|orta|sabit|p4,4,4,EVET,0.0658,0
cab|anahtar|var|g2|f1|orta|onbellek|p0,0,0,EVET,0.0044,0
cab|anahtar|var|g2|f1|orta|onbellek|p1,0,0,EVET,0.005,0
cab|anahtar|var|g2|f1|orta|onbellek|p2,0,0,EVET,0.0053,0
cab|anahtar|var|g2|f1|orta|onbellek|p3,0,0,EVET,0.0095,0
cab|anahtar|var|g2|f1|orta|onbellek|p4,4,4,EVET,0.0762,0
cab|anahtar|var|g2|f1|yavas|taze|p0,0,0,EVET,0.0043,0
cab|anahtar|var|g2|f1|yavas|taze|p1,0,0,EVET,0.0042,0
cab|anahtar|var|g2|f1|yavas|taze|p2,0,0,EVET,0.005,0
cab|anahtar|var|g2|f1|yavas|taze|p3,0,0,EVET,0.0088,0
cab|anahtar|var|g2|f1|yavas|taze|p4,4,4,EVET,0.0729,0
cab|anahtar|var|g2|f1|yavas|sabit|p0,0,0,EVET,0.0036,0
cab|anahtar|var|g2|f1|yavas|sabit|p1,0,0,EVET,0.0045,0
cab|anahtar|var|g2|f1|yavas|sabit|p2,0,0,EVET,0.0037,0
cab|anahtar|var|g2|f1|yavas|sabit|p3,0,0,EVET,0.0076,0
cab|anahtar|var|g2|f1|yavas|sabit|p4,4,4,EVET,0.1451,0
cab|anahtar|var|g2|f1|yavas|onbellek|p0,0,0,EVET,0.005,0
cab|anahtar|var|g2|f1|yavas|onbellek|p1,0,0,EVET,0.0052,0
cab|anahtar|var|g2|f1|yavas|onbellek|p2,0,0,EVET,0.0051,0
cab|anahtar|var|g2|f1|yavas|onbellek|p3,0,0,EVET,0.0088,0
cab|anahtar|var|g2|f1|yavas|onbellek|p4,4,4,EVET,0.0717,0
cab|anahtar|var|g2|f2|hizli|taze|p0,0,0,EVET,0.0051,0
cab|anahtar|var|g2|f2|hizli|taze|p1,0,0,EVET,0.005,0
cab|anahtar|var|g2|f2|hizli|taze|p2,0,0,EVET,0.0046,0
cab|anahtar|var|g2|f2|hizli|taze|p3,0,0,EVET,0.0086,0
cab|anahtar|var|g2|f2|hizli|taze|p4,4,4,EVET,0.0538,0
cab|anahtar|var|g2|f2|hizli|sabit|p0,0,0,EVET,0.0036,0
cab|anahtar|var|g2|f2|hizli|sabit|p1,0,0,EVET,0.0034,0
cab|anahtar|var|g2|f2|hizli|sabit|p2,0,0,EVET,0.0034,0
cab|anahtar|var|g2|f2|hizli|sabit|p3,0,0,EVET,0.0072,0
cab|anahtar|var|g2|f2|hizli|sabit|p4,4,4,EVET,0.0577,0
cab|anahtar|var|g2|f2|hizli|onbellek|p0,0,0,EVET,0.0082,0
cab|anahtar|var|g2|f2|hizli|onbellek|p1,0,0,EVET,0.0049,0
cab|anahtar|var|g2|f2|hizli|onbellek|p2,0,0,EVET,0.0051,0
cab|anahtar|var|g2|f2|hizli|onbellek|p3,0,0,EVET,0.0091,0
cab|anahtar|var|g2|f2|hizli|onbellek|p4,4,4,EVET,0.0486,0
cab|anahtar|var|g2|f2|orta|taze|p0,0,0,EVET,0.0047,0
cab|anahtar|var|g2|f2|orta|taze|p1,0,0,EVET,0.0052,0
cab|anahtar|var|g2|f2|orta|taze|p2,0,0,EVET,0.0052,0
cab|anahtar|var|g2|f2|orta|taze|p3,0,0,EVET,0.0091,0
cab|anahtar|var|g2|f2|orta|taze|p4,4,4,EVET,0.0718,0
cab|anahtar|var|g2|f2|orta|sabit|p0,0,0,EVET,0.0047,0
cab|anahtar|var|g2|f2|orta|sabit|p1,0,0,EVET,0.0041,0
cab|anahtar|var|g2|f2|orta|sabit|p2,0,0,EVET,0.0042,0
cab|anahtar|var|g2|f2|orta|sabit|p3,0,0,EVET,0.0091,0
cab|anahtar|var|g2|f2|orta|sabit|p4,4,4,EVET,0.0444,0
cab|anahtar|var|g2|f2|orta|onbellek|p0,0,0,EVET,0.0042,0
cab|anahtar|var|g2|f2|orta|onbellek|p1,0,0,EVET,0.0043,0
cab|anahtar|var|g2|f2|orta|onbellek|p2,0,0,EVET,0.006,0
cab|anahtar|var|g2|f2|orta|onbellek|p3,0,0,EVET,0.0089,0
cab|anahtar|var|g2|f2|orta|onbellek|p4,4,4,EVET,0.0764,0
cab|anahtar|var|g2|f2|yavas|taze|p0,0,0,EVET,0.0051,0
cab|anahtar|var|g2|f2|yavas|taze|p1,0,0,EVET,0.0042,0
cab|anahtar|var|g2|f2|yavas|taze|p2,0,0,EVET,0.0041,0
cab|anahtar|var|g2|f2|yavas|taze|p3,0,0,EVET,0.0097,0
cab|anahtar|var|g2|f2|yavas|taze|p4,4,4,EVET,0.0502,0
cab|anahtar|var|g2|f2|yavas|sabit|p0,0,0,EVET,0.004,0
cab|anahtar|var|g2|f2|yavas|sabit|p1,0,0,EVET,0.0038,0
cab|anahtar|var|g2|f2|yavas|sabit|p2,0,0,EVET,0.0043,0
cab|anahtar|var|g2|f2|yavas|sabit|p3,0,0,EVET,0.0104,0
cab|anahtar|var|g2|f2|yavas|sabit|p4,4,4,EVET,0.0445,0
cab|anahtar|var|g2|f2|yavas|onbellek|p0,0,0,EVET,0.0046,0
cab|anahtar|var|g2|f2|yavas|onbellek|p1,0,0,EVET,0.0049,0
cab|anahtar|var|g2|f2|yavas|onbellek|p2,0,0,EVET,0.0048,0
cab|anahtar|var|g2|f2|yavas|onbellek|p3,0,0,EVET,0.0087,0
cab|anahtar|var|g2|f2|yavas|onbellek|p4,4,4,EVET,0.0559,0
cab|anahtar|var|g2|f3|hizli|taze|p0,1,1,EVET,0.0077,0
cab|anahtar|var|g2|f3|hizli|taze|p1,1,1,EVET,0.0078,0
cab|anahtar|var|g2|f3|hizli|taze|p2,1,1,EVET,0.0161,0
cab|anahtar|var|g2|f3|hizli|taze|p3,1,1,EVET,0.0179,0
cab|anahtar|var|g2|f3|hizli|taze|p4,1,1,EVET,0.0286,0
cab|anahtar|var|g2|f3|hizli|sabit|p0,1,1,EVET,0.0074,0
cab|anahtar|var|g2|f3|hizli|sabit|p1,1,1,EVET,0.0088,0
cab|anahtar|var|g2|f3|hizli|sabit|p2,1,1,EVET,0.0075,0
cab|anahtar|var|g2|f3|hizli|sabit|p3,1,1,EVET,0.0177,0
cab|anahtar|var|g2|f3|hizli|sabit|p4,1,1,EVET,0.0131,0
cab|anahtar|var|g2|f3|hizli|onbellek|p0,1,1,EVET,0.0102,0
cab|anahtar|var|g2|f3|hizli|onbellek|p1,1,1,EVET,0.0077,0
cab|anahtar|var|g2|f3|hizli|onbellek|p2,1,1,EVET,0.0075,0
cab|anahtar|var|g2|f3|hizli|onbellek|p3,1,1,EVET,0.0152,0
cab|anahtar|var|g2|f3|hizli|onbellek|p4,1,1,EVET,0.017,0
cab|anahtar|var|g2|f3|orta|taze|p0,1,1,EVET,0.0087,0
cab|anahtar|var|g2|f3|orta|taze|p1,1,1,EVET,0.0077,0
cab|anahtar|var|g2|f3|orta|taze|p2,1,1,EVET,0.0076,0
cab|anahtar|var|g2|f3|orta|taze|p3,1,1,EVET,0.0186,0
cab|anahtar|var|g2|f3|orta|taze|p4,1,1,EVET,0.0193,0
cab|anahtar|var|g2|f3|orta|sabit|p0,1,1,EVET,0.0075,0
cab|anahtar|var|g2|f3|orta|sabit|p1,1,1,EVET,0.007,0
cab|anahtar|var|g2|f3|orta|sabit|p2,1,1,EVET,0.0072,0
cab|anahtar|var|g2|f3|orta|sabit|p3,1,1,EVET,0.0201,0
cab|anahtar|var|g2|f3|orta|sabit|p4,1,1,EVET,0.0129,0
cab|anahtar|var|g2|f3|orta|onbellek|p0,1,1,EVET,0.0098,0
cab|anahtar|var|g2|f3|orta|onbellek|p1,1,1,EVET,0.0089,0
cab|anahtar|var|g2|f3|orta|onbellek|p2,1,1,EVET,0.0116,0
cab|anahtar|var|g2|f3|orta|onbellek|p3,1,1,EVET,0.0164,0
cab|anahtar|var|g2|f3|orta|onbellek|p4,1,1,EVET,0.02,0
cab|anahtar|var|g2|f3|yavas|taze|p0,1,1,EVET,0.0083,0
cab|anahtar|var|g2|f3|yavas|taze|p1,1,1,EVET,0.0087,0
cab|anahtar|var|g2|f3|yavas|taze|p2,1,1,EVET,0.009,0
cab|anahtar|var|g2|f3|yavas|taze|p3,1,1,EVET,0.0172,0
cab|anahtar|var|g2|f3|yavas|taze|p4,1,1,EVET,0.0163,0
cab|anahtar|var|g2|f3|yavas|sabit|p0,1,1,EVET,0.0063,0
cab|anahtar|var|g2|f3|yavas|sabit|p1,1,1,EVET,0.0077,0
cab|anahtar|var|g2|f3|yavas|sabit|p2,1,1,EVET,0.0064,0
cab|anahtar|var|g2|f3|yavas|sabit|p3,1,1,EVET,0.0138,0
cab|anahtar|var|g2|f3|yavas|sabit|p4,1,1,EVET,0.0132,0
cab|anahtar|var|g2|f3|yavas|onbellek|p0,1,1,EVET,0.0104,0
cab|anahtar|var|g2|f3|yavas|onbellek|p1,1,1,EVET,0.0093,0
cab|anahtar|var|g2|f3|yavas|onbellek|p2,1,1,EVET,0.0076,0
cab|anahtar|var|g2|f3|yavas|onbellek|p3,1,1,EVET,0.0183,0
cab|anahtar|var|g2|f3|yavas|onbellek|p4,1,1,EVET,0.0166,0
cab|anahtar|var|g3|f1|hizli|taze|p0,0,0,EVET,0.0042,0
cab|anahtar|var|g3|f1|hizli|taze|p1,0,0,EVET,0.0045,0
cab|anahtar|var|g3|f1|hizli|taze|p2,0,0,EVET,0.0041,0
cab|anahtar|var|g3|f1|hizli|taze|p3,0,0,EVET,0.0082,0
cab|anahtar|var|g3|f1|hizli|taze|p4,2,2,EVET,0.045,0
cab|anahtar|var|g3|f1|hizli|sabit|p0,0,0,EVET,0.0038,0
cab|anahtar|var|g3|f1|hizli|sabit|p1,0,0,EVET,0.0037,0
cab|anahtar|var|g3|f1|hizli|sabit|p2,0,0,EVET,0.0038,0
cab|anahtar|var|g3|f1|hizli|sabit|p3,0,0,EVET,0.007,0
cab|anahtar|var|g3|f1|hizli|sabit|p4,2,2,EVET,0.0376,0
cab|anahtar|var|g3|f1|hizli|onbellek|p0,0,0,EVET,0.0048,0
cab|anahtar|var|g3|f1|hizli|onbellek|p1,0,0,EVET,0.0043,0
cab|anahtar|var|g3|f1|hizli|onbellek|p2,0,0,EVET,0.0048,0
cab|anahtar|var|g3|f1|hizli|onbellek|p3,0,0,EVET,0.0086,0
cab|anahtar|var|g3|f1|hizli|onbellek|p4,2,2,EVET,0.0392,0
cab|anahtar|var|g3|f1|orta|taze|p0,0,0,EVET,0.0048,0
cab|anahtar|var|g3|f1|orta|taze|p1,0,0,EVET,0.004,0
cab|anahtar|var|g3|f1|orta|taze|p2,0,0,EVET,0.005,0
cab|anahtar|var|g3|f1|orta|taze|p3,0,0,EVET,0.0075,0
cab|anahtar|var|g3|f1|orta|taze|p4,2,2,EVET,0.0376,0
cab|anahtar|var|g3|f1|orta|sabit|p0,0,0,EVET,0.0041,0
cab|anahtar|var|g3|f1|orta|sabit|p1,0,0,EVET,0.0032,0
cab|anahtar|var|g3|f1|orta|sabit|p2,0,0,EVET,0.0034,0
cab|anahtar|var|g3|f1|orta|sabit|p3,0,0,EVET,0.0084,0
cab|anahtar|var|g3|f1|orta|sabit|p4,2,2,EVET,0.0435,0
cab|anahtar|var|g3|f1|orta|onbellek|p0,0,0,EVET,0.004,0
cab|anahtar|var|g3|f1|orta|onbellek|p1,0,0,EVET,0.0051,0
cab|anahtar|var|g3|f1|orta|onbellek|p2,0,0,EVET,0.0047,0
cab|anahtar|var|g3|f1|orta|onbellek|p3,0,0,EVET,0.0083,0
cab|anahtar|var|g3|f1|orta|onbellek|p4,2,2,EVET,0.0331,0
cab|anahtar|var|g3|f1|yavas|taze|p0,0,0,EVET,0.0039,0
cab|anahtar|var|g3|f1|yavas|taze|p1,0,0,EVET,0.0056,0
cab|anahtar|var|g3|f1|yavas|taze|p2,0,0,EVET,0.0054,0
cab|anahtar|var|g3|f1|yavas|taze|p3,0,0,EVET,0.0072,0
cab|anahtar|var|g3|f1|yavas|taze|p4,2,2,EVET,0.0351,0
cab|anahtar|var|g3|f1|yavas|sabit|p0,0,0,EVET,0.0042,0
cab|anahtar|var|g3|f1|yavas|sabit|p1,0,0,EVET,0.0045,0
cab|anahtar|var|g3|f1|yavas|sabit|p2,0,0,EVET,0.0039,0
cab|anahtar|var|g3|f1|yavas|sabit|p3,0,0,EVET,0.0075,0
cab|anahtar|var|g3|f1|yavas|sabit|p4,2,2,EVET,0.0336,0
cab|anahtar|var|g3|f1|yavas|onbellek|p0,0,0,EVET,0.004,0
cab|anahtar|var|g3|f1|yavas|onbellek|p1,0,0,EVET,0.0055,0
cab|anahtar|var|g3|f1|yavas|onbellek|p2,0,0,EVET,0.0045,0
cab|anahtar|var|g3|f1|yavas|onbellek|p3,0,0,EVET,0.0069,0
cab|anahtar|var|g3|f1|yavas|onbellek|p4,2,2,EVET,0.0553,0
cab|anahtar|var|g3|f2|hizli|taze|p0,0,0,EVET,0.005,0
cab|anahtar|var|g3|f2|hizli|taze|p1,0,0,EVET,0.0047,0
cab|anahtar|var|g3|f2|hizli|taze|p2,0,0,EVET,0.0045,0
cab|anahtar|var|g3|f2|hizli|taze|p3,0,0,EVET,0.0078,0
cab|anahtar|var|g3|f2|hizli|taze|p4,2,2,EVET,0.027,0
cab|anahtar|var|g3|f2|hizli|sabit|p0,0,0,EVET,0.0038,0
cab|anahtar|var|g3|f2|hizli|sabit|p1,0,0,EVET,0.0039,0
cab|anahtar|var|g3|f2|hizli|sabit|p2,0,0,EVET,0.0038,0
cab|anahtar|var|g3|f2|hizli|sabit|p3,0,0,EVET,0.008,0
cab|anahtar|var|g3|f2|hizli|sabit|p4,2,2,EVET,0.0246,0
cab|anahtar|var|g3|f2|hizli|onbellek|p0,0,0,EVET,0.0038,0
cab|anahtar|var|g3|f2|hizli|onbellek|p1,0,0,EVET,0.0038,0
cab|anahtar|var|g3|f2|hizli|onbellek|p2,0,0,EVET,0.0044,0
cab|anahtar|var|g3|f2|hizli|onbellek|p3,0,0,EVET,0.0078,0
cab|anahtar|var|g3|f2|hizli|onbellek|p4,2,2,EVET,0.0239,0
cab|anahtar|var|g3|f2|orta|taze|p0,0,0,EVET,0.0038,0
cab|anahtar|var|g3|f2|orta|taze|p1,0,0,EVET,0.0048,0
cab|anahtar|var|g3|f2|orta|taze|p2,0,0,EVET,0.0047,0
cab|anahtar|var|g3|f2|orta|taze|p3,0,0,EVET,0.0073,0
cab|anahtar|var|g3|f2|orta|taze|p4,2,2,EVET,0.0266,0
cab|anahtar|var|g3|f2|orta|sabit|p0,0,0,EVET,0.0031,0
cab|anahtar|var|g3|f2|orta|sabit|p1,0,0,EVET,0.0031,0
cab|anahtar|var|g3|f2|orta|sabit|p2,0,0,EVET,0.0032,0
cab|anahtar|var|g3|f2|orta|sabit|p3,0,0,EVET,0.0068,0
cab|anahtar|var|g3|f2|orta|sabit|p4,2,2,EVET,0.0242,0
cab|anahtar|var|g3|f2|orta|onbellek|p0,0,0,EVET,0.0044,0
cab|anahtar|var|g3|f2|orta|onbellek|p1,0,0,EVET,0.0043,0
cab|anahtar|var|g3|f2|orta|onbellek|p2,0,0,EVET,0.0038,0
cab|anahtar|var|g3|f2|orta|onbellek|p3,0,0,EVET,0.0087,0
cab|anahtar|var|g3|f2|orta|onbellek|p4,2,2,EVET,0.0284,0
cab|anahtar|var|g3|f2|yavas|taze|p0,0,0,EVET,0.0037,0
cab|anahtar|var|g3|f2|yavas|taze|p1,0,0,EVET,0.0036,0
cab|anahtar|var|g3|f2|yavas|taze|p2,0,0,EVET,0.0046,0
cab|anahtar|var|g3|f2|yavas|taze|p3,0,0,EVET,0.008,0
cab|anahtar|var|g3|f2|yavas|taze|p4,2,2,EVET,0.0224,0
cab|anahtar|var|g3|f2|yavas|sabit|p0,0,0,EVET,0.0031,0
cab|anahtar|var|g3|f2|yavas|sabit|p1,0,0,EVET,0.0036,0
cab|anahtar|var|g3|f2|yavas|sabit|p2,0,0,EVET,0.0035,0
cab|anahtar|var|g3|f2|yavas|sabit|p3,0,0,EVET,0.0069,0
cab|anahtar|var|g3|f2|yavas|sabit|p4,2,2,EVET,0.0202,0
cab|anahtar|var|g3|f2|yavas|onbellek|p0,0,0,EVET,0.0045,0
cab|anahtar|var|g3|f2|yavas|onbellek|p1,0,0,EVET,0.0044,0
cab|anahtar|var|g3|f2|yavas|onbellek|p2,0,0,EVET,0.0045,0
cab|anahtar|var|g3|f2|yavas|onbellek|p3,0,0,EVET,0.0081,0
cab|anahtar|var|g3|f2|yavas|onbellek|p4,2,2,EVET,0.0223,0
cab|anahtar|var|g3|f3|hizli|taze|p0,1,1,EVET,0.0068,0
cab|anahtar|var|g3|f3|hizli|taze|p1,1,1,EVET,0.0079,0
cab|anahtar|var|g3|f3|hizli|taze|p2,1,1,EVET,0.0079,0
cab|anahtar|var|g3|f3|hizli|taze|p3,1,1,EVET,0.016,0
cab|anahtar|var|g3|f3|hizli|taze|p4,1,1,EVET,0.0155,0
cab|anahtar|var|g3|f3|hizli|sabit|p0,1,1,EVET,0.0067,0
cab|anahtar|var|g3|f3|hizli|sabit|p1,1,1,EVET,0.0067,0
cab|anahtar|var|g3|f3|hizli|sabit|p2,1,1,EVET,0.0071,0
cab|anahtar|var|g3|f3|hizli|sabit|p3,1,1,EVET,0.0144,0
cab|anahtar|var|g3|f3|hizli|sabit|p4,1,1,EVET,0.0138,0
cab|anahtar|var|g3|f3|hizli|onbellek|p0,1,1,EVET,0.0077,0
cab|anahtar|var|g3|f3|hizli|onbellek|p1,1,1,EVET,0.0068,0
cab|anahtar|var|g3|f3|hizli|onbellek|p2,1,1,EVET,0.0067,0
cab|anahtar|var|g3|f3|hizli|onbellek|p3,1,1,EVET,0.0131,0
cab|anahtar|var|g3|f3|hizli|onbellek|p4,1,1,EVET,0.0126,0
cab|anahtar|var|g3|f3|orta|taze|p0,1,1,EVET,0.0077,0
cab|anahtar|var|g3|f3|orta|taze|p1,1,1,EVET,0.0079,0
cab|anahtar|var|g3|f3|orta|taze|p2,1,1,EVET,0.0088,0
cab|anahtar|var|g3|f3|orta|taze|p3,1,1,EVET,0.0144,0
cab|anahtar|var|g3|f3|orta|taze|p4,1,1,EVET,0.013,0
cab|anahtar|var|g3|f3|orta|sabit|p0,1,1,EVET,0.0059,0
cab|anahtar|var|g3|f3|orta|sabit|p1,1,1,EVET,0.0068,0
cab|anahtar|var|g3|f3|orta|sabit|p2,1,1,EVET,0.0069,0
cab|anahtar|var|g3|f3|orta|sabit|p3,1,1,EVET,0.0133,0
cab|anahtar|var|g3|f3|orta|sabit|p4,1,1,EVET,0.0143,0
cab|anahtar|var|g3|f3|orta|onbellek|p0,1,1,EVET,0.0066,0
cab|anahtar|var|g3|f3|orta|onbellek|p1,1,1,EVET,0.0067,0
cab|anahtar|var|g3|f3|orta|onbellek|p2,1,1,EVET,0.0082,0
cab|anahtar|var|g3|f3|orta|onbellek|p3,1,1,EVET,0.016,0
cab|anahtar|var|g3|f3|orta|onbellek|p4,1,1,EVET,0.0144,0
cab|anahtar|var|g3|f3|yavas|taze|p0,1,1,EVET,0.0079,0
cab|anahtar|var|g3|f3|yavas|taze|p1,1,1,EVET,0.0081,0
cab|anahtar|var|g3|f3|yavas|taze|p2,1,1,EVET,0.0081,0
cab|anahtar|var|g3|f3|yavas|taze|p3,1,1,EVET,0.0152,0
cab|anahtar|var|g3|f3|yavas|taze|p4,1,1,EVET,0.0152,0
cab|anahtar|var|g3|f3|yavas|sabit|p0,1,1,EVET,0.0074,0
cab|anahtar|var|g3|f3|yavas|sabit|p1,1,1,EVET,0.0078,0
cab|anahtar|var|g3|f3|yavas|sabit|p2,1,1,EVET,0.0058,0
cab|anahtar|var|g3|f3|yavas|sabit|p3,1,1,EVET,0.0121,0
cab|anahtar|var|g3|f3|yavas|sabit|p4,1,1,EVET,0.0126,0
cab|anahtar|var|g3|f3|yavas|onbellek|p0,1,1,EVET,0.008,0
cab|anahtar|var|g3|f3|yavas|onbellek|p1,1,1,EVET,0.0067,0
cab|anahtar|var|g3|f3|yavas|onbellek|p2,1,1,EVET,0.0068,0
cab|anahtar|var|g3|f3|yavas|onbellek|p3,1,1,EVET,0.0131,0
cab|anahtar|var|g3|f3|yavas|onbellek|p4,1,1,EVET,0.0131,0
cab|anahtar|var|g4|f1|hizli|taze|p0,0,0,EVET,0.003,0
cab|anahtar|var|g4|f1|hizli|taze|p1,0,0,EVET,0.0027,0
cab|anahtar|var|g4|f1|hizli|taze|p2,0,0,EVET,0.0034,0
cab|anahtar|var|g4|f1|hizli|taze|p3,0,0,EVET,0.0044,0
cab|anahtar|var|g4|f1|hizli|taze|p4,0,0,EVET,0.0048,0
cab|anahtar|var|g4|f1|hizli|sabit|p0,0,0,EVET,0.0035,0
cab|anahtar|var|g4|f1|hizli|sabit|p1,0,0,EVET,0.0034,0
cab|anahtar|var|g4|f1|hizli|sabit|p2,0,0,EVET,0.0033,0
cab|anahtar|var|g4|f1|hizli|sabit|p3,0,0,EVET,0.0038,0
cab|anahtar|var|g4|f1|hizli|sabit|p4,0,0,EVET,0.0038,0
cab|anahtar|var|g4|f1|hizli|onbellek|p0,0,0,EVET,0.0027,0
cab|anahtar|var|g4|f1|hizli|onbellek|p1,0,0,EVET,0.0027,0
cab|anahtar|var|g4|f1|hizli|onbellek|p2,0,0,EVET,0.0032,0
cab|anahtar|var|g4|f1|hizli|onbellek|p3,0,0,EVET,0.0048,0
cab|anahtar|var|g4|f1|hizli|onbellek|p4,0,0,EVET,0.0042,0
cab|anahtar|var|g4|f1|orta|taze|p0,0,0,EVET,0.0033,0
cab|anahtar|var|g4|f1|orta|taze|p1,0,0,EVET,0.0028,0
cab|anahtar|var|g4|f1|orta|taze|p2,0,0,EVET,0.0026,0
cab|anahtar|var|g4|f1|orta|taze|p3,0,0,EVET,0.0046,0
cab|anahtar|var|g4|f1|orta|taze|p4,0,0,EVET,0.0046,0
cab|anahtar|var|g4|f1|orta|sabit|p0,0,0,EVET,0.0032,0
cab|anahtar|var|g4|f1|orta|sabit|p1,0,0,EVET,0.0031,0
cab|anahtar|var|g4|f1|orta|sabit|p2,0,0,EVET,0.0031,0
cab|anahtar|var|g4|f1|orta|sabit|p3,0,0,EVET,0.004,0
cab|anahtar|var|g4|f1|orta|sabit|p4,0,0,EVET,0.0048,0
cab|anahtar|var|g4|f1|orta|onbellek|p0,0,0,EVET,0.0034,0
cab|anahtar|var|g4|f1|orta|onbellek|p1,0,0,EVET,0.0036,0
cab|anahtar|var|g4|f1|orta|onbellek|p2,0,0,EVET,0.0034,0
cab|anahtar|var|g4|f1|orta|onbellek|p3,0,0,EVET,0.0066,0
cab|anahtar|var|g4|f1|orta|onbellek|p4,0,0,EVET,0.0038,0
cab|anahtar|var|g4|f1|yavas|taze|p0,0,0,EVET,0.0033,0
cab|anahtar|var|g4|f1|yavas|taze|p1,0,0,EVET,0.0032,0
cab|anahtar|var|g4|f1|yavas|taze|p2,0,0,EVET,0.0034,0
cab|anahtar|var|g4|f1|yavas|taze|p3,0,0,EVET,0.0042,0
cab|anahtar|var|g4|f1|yavas|taze|p4,0,0,EVET,0.0037,0
cab|anahtar|var|g4|f1|yavas|sabit|p0,0,0,EVET,0.0033,0
cab|anahtar|var|g4|f1|yavas|sabit|p1,0,0,EVET,0.0031,0
cab|anahtar|var|g4|f1|yavas|sabit|p2,0,0,EVET,0.0031,0
cab|anahtar|var|g4|f1|yavas|sabit|p3,0,0,EVET,0.0042,0
cab|anahtar|var|g4|f1|yavas|sabit|p4,0,0,EVET,0.0038,0
cab|anahtar|var|g4|f1|yavas|onbellek|p0,0,0,EVET,0.0033,0
cab|anahtar|var|g4|f1|yavas|onbellek|p1,0,0,EVET,0.0032,0
cab|anahtar|var|g4|f1|yavas|onbellek|p2,0,0,EVET,0.0032,0
cab|anahtar|var|g4|f1|yavas|onbellek|p3,0,0,EVET,0.0045,0
cab|anahtar|var|g4|f1|yavas|onbellek|p4,0,0,EVET,0.0045,0
cab|anahtar|var|g4|f2|hizli|taze|p0,0,0,EVET,0.0029,0
cab|anahtar|var|g4|f2|hizli|taze|p1,0,0,EVET,0.0029,0
cab|anahtar|var|g4|f2|hizli|taze|p2,0,0,EVET,0.0027,0
cab|anahtar|var|g4|f2|hizli|taze|p3,0,0,EVET,0.0048,0
cab|anahtar|var|g4|f2|hizli|taze|p4,0,0,EVET,0.0043,0
cab|anahtar|var|g4|f2|hizli|sabit|p0,0,0,EVET,0.0032,0
cab|anahtar|var|g4|f2|hizli|sabit|p1,0,0,EVET,0.0034,0
cab|anahtar|var|g4|f2|hizli|sabit|p2,0,0,EVET,0.0035,0
cab|anahtar|var|g4|f2|hizli|sabit|p3,0,0,EVET,0.0051,0
cab|anahtar|var|g4|f2|hizli|sabit|p4,0,0,EVET,0.0037,0
cab|anahtar|var|g4|f2|hizli|onbellek|p0,0,0,EVET,0.0027,0
cab|anahtar|var|g4|f2|hizli|onbellek|p1,0,0,EVET,0.0031,0
cab|anahtar|var|g4|f2|hizli|onbellek|p2,0,0,EVET,0.0035,0
cab|anahtar|var|g4|f2|hizli|onbellek|p3,0,0,EVET,0.0047,0
cab|anahtar|var|g4|f2|hizli|onbellek|p4,0,0,EVET,0.004,0
cab|anahtar|var|g4|f2|orta|taze|p0,0,0,EVET,0.0029,0
cab|anahtar|var|g4|f2|orta|taze|p1,0,0,EVET,0.0028,0
cab|anahtar|var|g4|f2|orta|taze|p2,0,0,EVET,0.0027,0
cab|anahtar|var|g4|f2|orta|taze|p3,0,0,EVET,0.0048,0
cab|anahtar|var|g4|f2|orta|taze|p4,0,0,EVET,0.0045,0
cab|anahtar|var|g4|f2|orta|sabit|p0,0,0,EVET,0.004,0
cab|anahtar|var|g4|f2|orta|sabit|p1,0,0,EVET,0.0029,0
cab|anahtar|var|g4|f2|orta|sabit|p2,0,0,EVET,0.0028,0
cab|anahtar|var|g4|f2|orta|sabit|p3,0,0,EVET,0.0049,0
cab|anahtar|var|g4|f2|orta|sabit|p4,0,0,EVET,0.0045,0
cab|anahtar|var|g4|f2|orta|onbellek|p0,0,0,EVET,0.0034,0
cab|anahtar|var|g4|f2|orta|onbellek|p1,0,0,EVET,0.0032,0
cab|anahtar|var|g4|f2|orta|onbellek|p2,0,0,EVET,0.0027,0
cab|anahtar|var|g4|f2|orta|onbellek|p3,0,0,EVET,0.0038,0
cab|anahtar|var|g4|f2|orta|onbellek|p4,0,0,EVET,0.0049,0
cab|anahtar|var|g4|f2|yavas|taze|p0,0,0,EVET,0.0031,0
cab|anahtar|var|g4|f2|yavas|taze|p1,0,0,EVET,0.0036,0
cab|anahtar|var|g4|f2|yavas|taze|p2,0,0,EVET,0.0031,0
cab|anahtar|var|g4|f2|yavas|taze|p3,0,0,EVET,0.004,0
cab|anahtar|var|g4|f2|yavas|taze|p4,0,0,EVET,0.0036,0
cab|anahtar|var|g4|f2|yavas|sabit|p0,0,0,EVET,0.0028,0
cab|anahtar|var|g4|f2|yavas|sabit|p1,0,0,EVET,0.0029,0
cab|anahtar|var|g4|f2|yavas|sabit|p2,0,0,EVET,0.0035,0
cab|anahtar|var|g4|f2|yavas|sabit|p3,0,0,EVET,0.0046,0
cab|anahtar|var|g4|f2|yavas|sabit|p4,0,0,EVET,0.0037,0
cab|anahtar|var|g4|f2|yavas|onbellek|p0,0,0,EVET,0.0027,0
cab|anahtar|var|g4|f2|yavas|onbellek|p1,0,0,EVET,0.0031,0
cab|anahtar|var|g4|f2|yavas|onbellek|p2,0,0,EVET,0.0029,0
cab|anahtar|var|g4|f2|yavas|onbellek|p3,0,0,EVET,0.0045,0
cab|anahtar|var|g4|f2|yavas|onbellek|p4,0,0,EVET,0.0044,0
cab|anahtar|var|g4|f3|hizli|taze|p0,0,0,EVET,0.0026,0
cab|anahtar|var|g4|f3|hizli|taze|p1,0,0,EVET,0.0027,0
cab|anahtar|var|g4|f3|hizli|taze|p2,0,0,EVET,0.0032,0
cab|anahtar|var|g4|f3|hizli|taze|p3,0,0,EVET,0.0043,0
cab|anahtar|var|g4|f3|hizli|taze|p4,0,0,EVET,0.0048,0
cab|anahtar|var|g4|f3|hizli|sabit|p0,0,0,EVET,0.0033,0
cab|anahtar|var|g4|f3|hizli|sabit|p1,0,0,EVET,0.0031,0
cab|anahtar|var|g4|f3|hizli|sabit|p2,0,0,EVET,0.003,0
cab|anahtar|var|g4|f3|hizli|sabit|p3,0,0,EVET,0.0046,0
cab|anahtar|var|g4|f3|hizli|sabit|p4,0,0,EVET,0.0044,0
cab|anahtar|var|g4|f3|hizli|onbellek|p0,0,0,EVET,0.0028,0
cab|anahtar|var|g4|f3|hizli|onbellek|p1,0,0,EVET,0.0027,0
cab|anahtar|var|g4|f3|hizli|onbellek|p2,0,0,EVET,0.0027,0
cab|anahtar|var|g4|f3|hizli|onbellek|p3,0,0,EVET,0.0039,0
cab|anahtar|var|g4|f3|hizli|onbellek|p4,0,0,EVET,0.0037,0
cab|anahtar|var|g4|f3|orta|taze|p0,0,0,EVET,0.0027,0
cab|anahtar|var|g4|f3|orta|taze|p1,0,0,EVET,0.0033,0
cab|anahtar|var|g4|f3|orta|taze|p2,0,0,EVET,0.0031,0
cab|anahtar|var|g4|f3|orta|taze|p3,0,0,EVET,0.0037,0
cab|anahtar|var|g4|f3|orta|taze|p4,0,0,EVET,0.0036,0
cab|anahtar|var|g4|f3|orta|sabit|p0,0,0,EVET,0.0027,0
cab|anahtar|var|g4|f3|orta|sabit|p1,0,0,EVET,0.0027,0
cab|anahtar|var|g4|f3|orta|sabit|p2,0,0,EVET,0.003,0
cab|anahtar|var|g4|f3|orta|sabit|p3,0,0,EVET,0.0045,0
cab|anahtar|var|g4|f3|orta|sabit|p4,0,0,EVET,0.0039,0
cab|anahtar|var|g4|f3|orta|onbellek|p0,0,0,EVET,0.0027,0
cab|anahtar|var|g4|f3|orta|onbellek|p1,0,0,EVET,0.0032,0
cab|anahtar|var|g4|f3|orta|onbellek|p2,0,0,EVET,0.0032,0
cab|anahtar|var|g4|f3|orta|onbellek|p3,0,0,EVET,0.0046,0
cab|anahtar|var|g4|f3|orta|onbellek|p4,0,0,EVET,0.0043,0
cab|anahtar|var|g4|f3|yavas|taze|p0,0,0,EVET,0.0034,0
cab|anahtar|var|g4|f3|yavas|taze|p1,0,0,EVET,0.0034,0
cab|anahtar|var|g4|f3|yavas|taze|p2,0,0,EVET,0.0027,0
cab|anahtar|var|g4|f3|yavas|taze|p3,0,0,EVET,0.0038,0
cab|anahtar|var|g4|f3|yavas|taze|p4,0,0,EVET,0.0044,0
cab|anahtar|var|g4|f3|yavas|sabit|p0,0,0,EVET,0.0032,0
cab|anahtar|var|g4|f3|yavas|sabit|p1,0,0,EVET,0.003,0
cab|anahtar|var|g4|f3|yavas|sabit|p2,0,0,EVET,0.0031,0
cab|anahtar|var|g4|f3|yavas|sabit|p3,0,0,EVET,0.0038,0
cab|anahtar|var|g4|f3|yavas|sabit|p4,0,0,EVET,0.0037,0
cab|anahtar|var|g4|f3|yavas|onbellek|p0,0,0,EVET,0.0027,0
cab|anahtar|var|g4|f3|yavas|onbellek|p1,0,0,EVET,0.0026,0
cab|anahtar|var|g4|f3|yavas|onbellek|p2,0,0,EVET,0.0027,0
cab|anahtar|var|g4|f3|yavas|onbellek|p3,0,0,EVET,0.0038,0
cab|anahtar|var|g4|f3|yavas|onbellek|p4,0,0,EVET,0.0044,0
cab|anahtar|var|tum|f1|hizli|taze|p0,0,0,EVET,0.0065,0
cab|anahtar|var|tum|f1|hizli|taze|p1,0,0,EVET,0.0074,0
cab|anahtar|var|tum|f1|hizli|taze|p2,0,0,EVET,0.0074,0
cab|anahtar|var|tum|f1|hizli|taze|p3,0,0,EVET,0.0138,0
cab|anahtar|var|tum|f1|hizli|taze|p4,0,0,EVET,0.0121,0
cab|anahtar|var|tum|f1|hizli|sabit|p0,0,0,EVET,0.0067,0
cab|anahtar|var|tum|f1|hizli|sabit|p1,0,0,EVET,0.0063,0
cab|anahtar|var|tum|f1|hizli|sabit|p2,0,0,EVET,0.0065,0
cab|anahtar|var|tum|f1|hizli|sabit|p3,0,0,EVET,0.0108,0
cab|anahtar|var|tum|f1|hizli|sabit|p4,0,0,EVET,0.0096,0
cab|anahtar|var|tum|f1|hizli|onbellek|p0,0,0,EVET,0.0062,0
cab|anahtar|var|tum|f1|hizli|onbellek|p1,0,0,EVET,0.0076,0
cab|anahtar|var|tum|f1|hizli|onbellek|p2,0,0,EVET,0.0077,0
cab|anahtar|var|tum|f1|hizli|onbellek|p3,0,0,EVET,0.0126,0
cab|anahtar|var|tum|f1|hizli|onbellek|p4,0,0,EVET,0.0114,0
cab|anahtar|var|tum|f1|orta|taze|p0,0,0,EVET,0.0067,0
cab|anahtar|var|tum|f1|orta|taze|p1,0,0,EVET,0.0063,0
cab|anahtar|var|tum|f1|orta|taze|p2,0,0,EVET,0.0076,0
cab|anahtar|var|tum|f1|orta|taze|p3,0,0,EVET,0.0107,0
cab|anahtar|var|tum|f1|orta|taze|p4,0,0,EVET,0.0111,0
cab|anahtar|var|tum|f1|orta|sabit|p0,0,0,EVET,0.0066,0
cab|anahtar|var|tum|f1|orta|sabit|p1,0,0,EVET,0.0065,0
cab|anahtar|var|tum|f1|orta|sabit|p2,0,0,EVET,0.0063,0
cab|anahtar|var|tum|f1|orta|sabit|p3,0,0,EVET,0.0126,0
cab|anahtar|var|tum|f1|orta|sabit|p4,0,0,EVET,0.0096,0
cab|anahtar|var|tum|f1|orta|onbellek|p0,0,0,EVET,0.0062,0
cab|anahtar|var|tum|f1|orta|onbellek|p1,0,0,EVET,0.0061,0
cab|anahtar|var|tum|f1|orta|onbellek|p2,0,0,EVET,0.0062,0
cab|anahtar|var|tum|f1|orta|onbellek|p3,0,0,EVET,0.0113,0
cab|anahtar|var|tum|f1|orta|onbellek|p4,0,0,EVET,0.0093,0
cab|anahtar|var|tum|f1|yavas|taze|p0,0,0,EVET,0.0063,0
cab|anahtar|var|tum|f1|yavas|taze|p1,0,0,EVET,0.0071,0
cab|anahtar|var|tum|f1|yavas|taze|p2,0,0,EVET,0.0071,0
cab|anahtar|var|tum|f1|yavas|taze|p3,0,0,EVET,0.0118,0
cab|anahtar|var|tum|f1|yavas|taze|p4,0,0,EVET,0.011,0
cab|anahtar|var|tum|f1|yavas|sabit|p0,0,0,EVET,0.0067,0
cab|anahtar|var|tum|f1|yavas|sabit|p1,0,0,EVET,0.0062,0
cab|anahtar|var|tum|f1|yavas|sabit|p2,0,0,EVET,0.0067,0
cab|anahtar|var|tum|f1|yavas|sabit|p3,0,0,EVET,0.0117,0
cab|anahtar|var|tum|f1|yavas|sabit|p4,0,0,EVET,0.011,0
cab|anahtar|var|tum|f1|yavas|onbellek|p0,0,0,EVET,0.0069,0
cab|anahtar|var|tum|f1|yavas|onbellek|p1,0,0,EVET,0.0065,0
cab|anahtar|var|tum|f1|yavas|onbellek|p2,0,0,EVET,0.0062,0
cab|anahtar|var|tum|f1|yavas|onbellek|p3,0,0,EVET,0.011,0
cab|anahtar|var|tum|f1|yavas|onbellek|p4,0,0,EVET,0.0093,0
cab|anahtar|var|tum|f2|hizli|taze|p0,0,0,EVET,0.0061,0
cab|anahtar|var|tum|f2|hizli|taze|p1,0,0,EVET,0.0057,0
cab|anahtar|var|tum|f2|hizli|taze|p2,0,0,EVET,0.0073,0
cab|anahtar|var|tum|f2|hizli|taze|p3,0,0,EVET,0.0123,0
cab|anahtar|var|tum|f2|hizli|taze|p4,0,0,EVET,0.0099,0
cab|anahtar|var|tum|f2|hizli|sabit|p0,0,0,EVET,0.0063,0
cab|anahtar|var|tum|f2|hizli|sabit|p1,0,0,EVET,0.0052,0
cab|anahtar|var|tum|f2|hizli|sabit|p2,0,0,EVET,0.0051,0
cab|anahtar|var|tum|f2|hizli|sabit|p3,0,0,EVET,0.0108,0
cab|anahtar|var|tum|f2|hizli|sabit|p4,0,0,EVET,0.0092,0
cab|anahtar|var|tum|f2|hizli|onbellek|p0,0,0,EVET,0.0057,0
cab|anahtar|var|tum|f2|hizli|onbellek|p1,0,0,EVET,0.0057,0
cab|anahtar|var|tum|f2|hizli|onbellek|p2,0,0,EVET,0.0057,0
cab|anahtar|var|tum|f2|hizli|onbellek|p3,0,0,EVET,0.0097,0
cab|anahtar|var|tum|f2|hizli|onbellek|p4,0,0,EVET,0.011,0
cab|anahtar|var|tum|f2|orta|taze|p0,0,0,EVET,0.0068,0
cab|anahtar|var|tum|f2|orta|taze|p1,0,0,EVET,0.0069,0
cab|anahtar|var|tum|f2|orta|taze|p2,0,0,EVET,0.007,0
cab|anahtar|var|tum|f2|orta|taze|p3,0,0,EVET,0.0116,0
cab|anahtar|var|tum|f2|orta|taze|p4,0,0,EVET,0.0105,0
cab|anahtar|var|tum|f2|orta|sabit|p0,0,0,EVET,0.0057,0
cab|anahtar|var|tum|f2|orta|sabit|p1,0,0,EVET,0.0053,0
cab|anahtar|var|tum|f2|orta|sabit|p2,0,0,EVET,0.0053,0
cab|anahtar|var|tum|f2|orta|sabit|p3,0,0,EVET,0.0115,0
cab|anahtar|var|tum|f2|orta|sabit|p4,0,0,EVET,0.0102,0
cab|anahtar|var|tum|f2|orta|onbellek|p0,0,0,EVET,0.007,0
cab|anahtar|var|tum|f2|orta|onbellek|p1,0,0,EVET,0.0058,0
cab|anahtar|var|tum|f2|orta|onbellek|p2,0,0,EVET,0.0058,0
cab|anahtar|var|tum|f2|orta|onbellek|p3,0,0,EVET,0.0119,0
cab|anahtar|var|tum|f2|orta|onbellek|p4,0,0,EVET,0.0108,0
cab|anahtar|var|tum|f2|yavas|taze|p0,0,0,EVET,0.0062,0
cab|anahtar|var|tum|f2|yavas|taze|p1,0,0,EVET,0.0057,0
cab|anahtar|var|tum|f2|yavas|taze|p2,0,0,EVET,0.0072,0
cab|anahtar|var|tum|f2|yavas|taze|p3,0,0,EVET,0.0124,0
cab|anahtar|var|tum|f2|yavas|taze|p4,0,0,EVET,0.0109,0
cab|anahtar|var|tum|f2|yavas|sabit|p0,0,0,EVET,0.0061,0
cab|anahtar|var|tum|f2|yavas|sabit|p1,0,0,EVET,0.005,0
cab|anahtar|var|tum|f2|yavas|sabit|p2,0,0,EVET,0.0052,0
cab|anahtar|var|tum|f2|yavas|sabit|p3,0,0,EVET,0.0096,0
cab|anahtar|var|tum|f2|yavas|sabit|p4,0,0,EVET,0.0106,0
cab|anahtar|var|tum|f2|yavas|onbellek|p0,0,0,EVET,0.0062,0
cab|anahtar|var|tum|f2|yavas|onbellek|p1,0,0,EVET,0.0064,0
cab|anahtar|var|tum|f2|yavas|onbellek|p2,0,0,EVET,0.0068,0
cab|anahtar|var|tum|f2|yavas|onbellek|p3,0,0,EVET,0.0111,0
cab|anahtar|var|tum|f2|yavas|onbellek|p4,0,0,EVET,0.0106,0
cab|anahtar|var|tum|f3|hizli|taze|p0,0,0,EVET,0.0071,0
cab|anahtar|var|tum|f3|hizli|taze|p1,0,0,EVET,0.0057,0
cab|anahtar|var|tum|f3|hizli|taze|p2,0,0,EVET,0.0062,0
cab|anahtar|var|tum|f3|hizli|taze|p3,0,0,EVET,0.0101,0
cab|anahtar|var|tum|f3|hizli|taze|p4,0,0,EVET,0.0106,0
cab|anahtar|var|tum|f3|hizli|sabit|p0,0,0,EVET,0.005,0
cab|anahtar|var|tum|f3|hizli|sabit|p1,0,0,EVET,0.0051,0
cab|anahtar|var|tum|f3|hizli|sabit|p2,0,0,EVET,0.0054,0
cab|anahtar|var|tum|f3|hizli|sabit|p3,0,0,EVET,0.0102,0
cab|anahtar|var|tum|f3|hizli|sabit|p4,0,0,EVET,0.0093,0
cab|anahtar|var|tum|f3|hizli|onbellek|p0,0,0,EVET,0.0057,0
cab|anahtar|var|tum|f3|hizli|onbellek|p1,0,0,EVET,0.0069,0
cab|anahtar|var|tum|f3|hizli|onbellek|p2,0,0,EVET,0.0068,0
cab|anahtar|var|tum|f3|hizli|onbellek|p3,0,0,EVET,0.0125,0
cab|anahtar|var|tum|f3|hizli|onbellek|p4,0,0,EVET,0.0099,0
cab|anahtar|var|tum|f3|orta|taze|p0,0,0,EVET,0.0057,0
cab|anahtar|var|tum|f3|orta|taze|p1,0,0,EVET,0.0057,0
cab|anahtar|var|tum|f3|orta|taze|p2,0,0,EVET,0.0071,0
cab|anahtar|var|tum|f3|orta|taze|p3,0,0,EVET,0.0119,0
cab|anahtar|var|tum|f3|orta|taze|p4,0,0,EVET,0.009,0
cab|anahtar|var|tum|f3|orta|sabit|p0,0,0,EVET,0.0064,0
cab|anahtar|var|tum|f3|orta|sabit|p1,0,0,EVET,0.0056,0
cab|anahtar|var|tum|f3|orta|sabit|p2,0,0,EVET,0.0067,0
cab|anahtar|var|tum|f3|orta|sabit|p3,0,0,EVET,0.0119,0
cab|anahtar|var|tum|f3|orta|sabit|p4,0,0,EVET,0.0099,0
cab|anahtar|var|tum|f3|orta|onbellek|p0,0,0,EVET,0.0059,0
cab|anahtar|var|tum|f3|orta|onbellek|p1,0,0,EVET,0.0056,0
cab|anahtar|var|tum|f3|orta|onbellek|p2,0,0,EVET,0.007,0
cab|anahtar|var|tum|f3|orta|onbellek|p3,0,0,EVET,0.0113,0
cab|anahtar|var|tum|f3|orta|onbellek|p4,0,0,EVET,0.0088,0
cab|anahtar|var|tum|f3|yavas|taze|p0,0,0,EVET,0.0056,0
cab|anahtar|var|tum|f3|yavas|taze|p1,0,0,EVET,0.0058,0
cab|anahtar|var|tum|f3|yavas|taze|p2,0,0,EVET,0.0062,0
cab|anahtar|var|tum|f3|yavas|taze|p3,0,0,EVET,0.0095,0
cab|anahtar|var|tum|f3|yavas|taze|p4,0,0,EVET,0.0086,0
cab|anahtar|var|tum|f3|yavas|sabit|p0,0,0,EVET,0.0058,0
cab|anahtar|var|tum|f3|yavas|sabit|p1,0,0,EVET,0.0057,0
cab|anahtar|var|tum|f3|yavas|sabit|p2,0,0,EVET,0.006,0
cab|anahtar|var|tum|f3|yavas|sabit|p3,0,0,EVET,0.0113,0
cab|anahtar|var|tum|f3|yavas|sabit|p4,0,0,EVET,0.0112,0
cab|anahtar|var|tum|f3|yavas|onbellek|p0,0,0,EVET,0.0074,0
cab|anahtar|var|tum|f3|yavas|onbellek|p1,0,0,EVET,0.0057,0
cab|anahtar|var|tum|f3|yavas|onbellek|p2,0,0,EVET,0.0055,0
cab|anahtar|var|tum|f3|yavas|onbellek|p3,0,0,EVET,0.0093,0
cab|anahtar|var|tum|f3|yavas|onbellek|p4,0,0,EVET,0.0102,0
cab|saglik_diger|yok|g1|f1|hizli|taze|p0,0,0,EVET,0.0049,0
cab|saglik_diger|yok|g1|f1|hizli|taze|p1,0,0,EVET,0.005,0
cab|saglik_diger|yok|g1|f1|hizli|taze|p2,0,0,EVET,0.0044,0
cab|saglik_diger|yok|g1|f1|hizli|taze|p3,0,0,EVET,0.0073,0
cab|saglik_diger|yok|g1|f1|hizli|taze|p4,0,0,EVET,0.0078,0
cab|saglik_diger|yok|g1|f1|hizli|sabit|p0,0,0,EVET,0.0044,0
cab|saglik_diger|yok|g1|f1|hizli|sabit|p1,0,0,EVET,0.0043,0
cab|saglik_diger|yok|g1|f1|hizli|sabit|p2,0,0,EVET,0.0045,0
cab|saglik_diger|yok|g1|f1|hizli|sabit|p3,0,0,EVET,0.0089,0
cab|saglik_diger|yok|g1|f1|hizli|sabit|p4,0,0,EVET,0.0081,0
cab|saglik_diger|yok|g1|f1|hizli|onbellek|p0,0,0,EVET,0.0044,0
cab|saglik_diger|yok|g1|f1|hizli|onbellek|p1,0,0,EVET,0.0044,0
cab|saglik_diger|yok|g1|f1|hizli|onbellek|p2,0,0,EVET,0.0045,0
cab|saglik_diger|yok|g1|f1|hizli|onbellek|p3,0,0,EVET,0.0092,0
cab|saglik_diger|yok|g1|f1|hizli|onbellek|p4,0,0,EVET,0.0086,0
cab|saglik_diger|yok|g1|f1|orta|taze|p0,0,0,EVET,0.0053,0
cab|saglik_diger|yok|g1|f1|orta|taze|p1,0,0,EVET,0.0056,0
cab|saglik_diger|yok|g1|f1|orta|taze|p2,0,0,EVET,0.0044,0
cab|saglik_diger|yok|g1|f1|orta|taze|p3,0,0,EVET,0.0091,0
cab|saglik_diger|yok|g1|f1|orta|taze|p4,0,0,EVET,0.0082,0
cab|saglik_diger|yok|g1|f1|orta|sabit|p0,0,0,EVET,0.0038,0
cab|saglik_diger|yok|g1|f1|orta|sabit|p1,0,0,EVET,0.0038,0
cab|saglik_diger|yok|g1|f1|orta|sabit|p2,0,0,EVET,0.0039,0
cab|saglik_diger|yok|g1|f1|orta|sabit|p3,0,0,EVET,0.0072,0
cab|saglik_diger|yok|g1|f1|orta|sabit|p4,0,0,EVET,0.007,0
cab|saglik_diger|yok|g1|f1|orta|onbellek|p0,0,0,EVET,0.0042,0
cab|saglik_diger|yok|g1|f1|orta|onbellek|p1,0,0,EVET,0.0055,0
cab|saglik_diger|yok|g1|f1|orta|onbellek|p2,0,0,EVET,0.0051,0
cab|saglik_diger|yok|g1|f1|orta|onbellek|p3,0,0,EVET,0.0085,0
cab|saglik_diger|yok|g1|f1|orta|onbellek|p4,0,0,EVET,0.0079,0
cab|saglik_diger|yok|g1|f1|yavas|taze|p0,0,0,EVET,0.0044,0
cab|saglik_diger|yok|g1|f1|yavas|taze|p1,0,0,EVET,0.0042,0
cab|saglik_diger|yok|g1|f1|yavas|taze|p2,0,0,EVET,0.0043,0
cab|saglik_diger|yok|g1|f1|yavas|taze|p3,0,0,EVET,0.0072,0
cab|saglik_diger|yok|g1|f1|yavas|taze|p4,0,0,EVET,0.0088,0
cab|saglik_diger|yok|g1|f1|yavas|sabit|p0,0,0,EVET,0.0047,0
cab|saglik_diger|yok|g1|f1|yavas|sabit|p1,0,0,EVET,0.0041,0
cab|saglik_diger|yok|g1|f1|yavas|sabit|p2,0,0,EVET,0.004,0
cab|saglik_diger|yok|g1|f1|yavas|sabit|p3,0,0,EVET,0.0086,0
cab|saglik_diger|yok|g1|f1|yavas|sabit|p4,0,0,EVET,0.008,0
cab|saglik_diger|yok|g1|f1|yavas|onbellek|p0,0,0,EVET,0.0043,0
cab|saglik_diger|yok|g1|f1|yavas|onbellek|p1,0,0,EVET,0.0044,0
cab|saglik_diger|yok|g1|f1|yavas|onbellek|p2,0,0,EVET,0.0042,0
cab|saglik_diger|yok|g1|f1|yavas|onbellek|p3,0,0,EVET,0.0072,0
cab|saglik_diger|yok|g1|f1|yavas|onbellek|p4,0,0,EVET,0.0082,0
cab|saglik_diger|yok|g1|f2|hizli|taze|p0,0,0,EVET,0.0052,0
cab|saglik_diger|yok|g1|f2|hizli|taze|p1,0,0,EVET,0.0042,0
cab|saglik_diger|yok|g1|f2|hizli|taze|p2,0,0,EVET,0.0041,0
cab|saglik_diger|yok|g1|f2|hizli|taze|p3,0,0,EVET,0.0085,0
cab|saglik_diger|yok|g1|f2|hizli|taze|p4,0,0,EVET,0.008,0
cab|saglik_diger|yok|g1|f2|hizli|sabit|p0,0,0,EVET,0.004,0
cab|saglik_diger|yok|g1|f2|hizli|sabit|p1,0,0,EVET,0.0037,0
cab|saglik_diger|yok|g1|f2|hizli|sabit|p2,0,0,EVET,0.0036,0
cab|saglik_diger|yok|g1|f2|hizli|sabit|p3,0,0,EVET,0.0071,0
cab|saglik_diger|yok|g1|f2|hizli|sabit|p4,0,0,EVET,0.0078,0
cab|saglik_diger|yok|g1|f2|hizli|onbellek|p0,0,0,EVET,0.0052,0
cab|saglik_diger|yok|g1|f2|hizli|onbellek|p1,0,0,EVET,0.005,0
cab|saglik_diger|yok|g1|f2|hizli|onbellek|p2,0,0,EVET,0.0051,0
cab|saglik_diger|yok|g1|f2|hizli|onbellek|p3,0,0,EVET,0.0091,0
cab|saglik_diger|yok|g1|f2|hizli|onbellek|p4,0,0,EVET,0.0089,0
cab|saglik_diger|yok|g1|f2|orta|taze|p0,0,0,EVET,0.0042,0
cab|saglik_diger|yok|g1|f2|orta|taze|p1,0,0,EVET,0.0042,0
cab|saglik_diger|yok|g1|f2|orta|taze|p2,0,0,EVET,0.0042,0
cab|saglik_diger|yok|g1|f2|orta|taze|p3,0,0,EVET,0.0073,0
cab|saglik_diger|yok|g1|f2|orta|taze|p4,0,0,EVET,0.0065,0
cab|saglik_diger|yok|g1|f2|orta|sabit|p0,0,0,EVET,0.0035,0
cab|saglik_diger|yok|g1|f2|orta|sabit|p1,0,0,EVET,0.0042,0
cab|saglik_diger|yok|g1|f2|orta|sabit|p2,0,0,EVET,0.0041,0
cab|saglik_diger|yok|g1|f2|orta|sabit|p3,0,0,EVET,0.0083,0
cab|saglik_diger|yok|g1|f2|orta|sabit|p4,0,0,EVET,0.0079,0
cab|saglik_diger|yok|g1|f2|orta|onbellek|p0,0,0,EVET,0.0046,0
cab|saglik_diger|yok|g1|f2|orta|onbellek|p1,0,0,EVET,0.0043,0
cab|saglik_diger|yok|g1|f2|orta|onbellek|p2,0,0,EVET,0.0051,0
cab|saglik_diger|yok|g1|f2|orta|onbellek|p3,0,0,EVET,0.0081,0
cab|saglik_diger|yok|g1|f2|orta|onbellek|p4,0,0,EVET,0.0067,0
cab|saglik_diger|yok|g1|f2|yavas|taze|p0,0,0,EVET,0.0042,0
cab|saglik_diger|yok|g1|f2|yavas|taze|p1,0,0,EVET,0.0052,0
cab|saglik_diger|yok|g1|f2|yavas|taze|p2,0,0,EVET,0.0052,0
cab|saglik_diger|yok|g1|f2|yavas|taze|p3,0,0,EVET,0.0088,0
cab|saglik_diger|yok|g1|f2|yavas|taze|p4,0,0,EVET,0.008,0
cab|saglik_diger|yok|g1|f2|yavas|sabit|p0,0,0,EVET,0.0036,0
cab|saglik_diger|yok|g1|f2|yavas|sabit|p1,0,0,EVET,0.0035,0
cab|saglik_diger|yok|g1|f2|yavas|sabit|p2,0,0,EVET,0.0044,0
cab|saglik_diger|yok|g1|f2|yavas|sabit|p3,0,0,EVET,0.0085,0
cab|saglik_diger|yok|g1|f2|yavas|sabit|p4,0,0,EVET,0.0067,0
cab|saglik_diger|yok|g1|f2|yavas|onbellek|p0,0,0,EVET,0.0042,0
cab|saglik_diger|yok|g1|f2|yavas|onbellek|p1,0,0,EVET,0.0042,0
cab|saglik_diger|yok|g1|f2|yavas|onbellek|p2,0,0,EVET,0.0042,0
cab|saglik_diger|yok|g1|f2|yavas|onbellek|p3,0,0,EVET,0.0093,0
cab|saglik_diger|yok|g1|f2|yavas|onbellek|p4,0,0,EVET,0.0086,0
cab|saglik_diger|yok|g1|f3|hizli|taze|p0,0,0,EVET,0.0041,0
cab|saglik_diger|yok|g1|f3|hizli|taze|p1,0,0,EVET,0.0041,0
cab|saglik_diger|yok|g1|f3|hizli|taze|p2,0,0,EVET,0.005,0
cab|saglik_diger|yok|g1|f3|hizli|taze|p3,0,0,EVET,0.0083,0
cab|saglik_diger|yok|g1|f3|hizli|taze|p4,0,0,EVET,0.0067,0
cab|saglik_diger|yok|g1|f3|hizli|sabit|p0,0,0,EVET,0.0035,0
cab|saglik_diger|yok|g1|f3|hizli|sabit|p1,0,0,EVET,0.0042,0
cab|saglik_diger|yok|g1|f3|hizli|sabit|p2,0,0,EVET,0.0042,0
cab|saglik_diger|yok|g1|f3|hizli|sabit|p3,0,0,EVET,0.0079,0
cab|saglik_diger|yok|g1|f3|hizli|sabit|p4,0,0,EVET,0.0073,0
cab|saglik_diger|yok|g1|f3|hizli|onbellek|p0,0,0,EVET,0.0042,0
cab|saglik_diger|yok|g1|f3|hizli|onbellek|p1,0,0,EVET,0.0042,0
cab|saglik_diger|yok|g1|f3|hizli|onbellek|p2,0,0,EVET,0.0042,0
cab|saglik_diger|yok|g1|f3|hizli|onbellek|p3,0,0,EVET,0.0071,0
cab|saglik_diger|yok|g1|f3|hizli|onbellek|p4,0,0,EVET,0.0078,0
cab|saglik_diger|yok|g1|f3|orta|taze|p0,0,0,EVET,0.0049,0
cab|saglik_diger|yok|g1|f3|orta|taze|p1,0,0,EVET,0.0051,0
cab|saglik_diger|yok|g1|f3|orta|taze|p2,0,0,EVET,0.005,0
cab|saglik_diger|yok|g1|f3|orta|taze|p3,0,0,EVET,0.0083,0
cab|saglik_diger|yok|g1|f3|orta|taze|p4,0,0,EVET,0.0081,0
cab|saglik_diger|yok|g1|f3|orta|sabit|p0,0,0,EVET,0.0039,0
cab|saglik_diger|yok|g1|f3|orta|sabit|p1,0,0,EVET,0.0036,0
cab|saglik_diger|yok|g1|f3|orta|sabit|p2,0,0,EVET,0.0035,0
cab|saglik_diger|yok|g1|f3|orta|sabit|p3,0,0,EVET,0.0071,0
cab|saglik_diger|yok|g1|f3|orta|sabit|p4,0,0,EVET,0.0069,0
cab|saglik_diger|yok|g1|f3|orta|onbellek|p0,0,0,EVET,0.0053,0
cab|saglik_diger|yok|g1|f3|orta|onbellek|p1,0,0,EVET,0.0049,0
cab|saglik_diger|yok|g1|f3|orta|onbellek|p2,0,0,EVET,0.0049,0
cab|saglik_diger|yok|g1|f3|orta|onbellek|p3,0,0,EVET,0.0089,0
cab|saglik_diger|yok|g1|f3|orta|onbellek|p4,0,0,EVET,0.0086,0
cab|saglik_diger|yok|g1|f3|yavas|taze|p0,0,0,EVET,0.0047,0
cab|saglik_diger|yok|g1|f3|yavas|taze|p1,0,0,EVET,0.0047,0
cab|saglik_diger|yok|g1|f3|yavas|taze|p2,0,0,EVET,0.0051,0
cab|saglik_diger|yok|g1|f3|yavas|taze|p3,0,0,EVET,0.0082,0
cab|saglik_diger|yok|g1|f3|yavas|taze|p4,0,0,EVET,0.0068,0
cab|saglik_diger|yok|g1|f3|yavas|sabit|p0,0,0,EVET,0.0036,0
cab|saglik_diger|yok|g1|f3|yavas|sabit|p1,0,0,EVET,0.004,0
cab|saglik_diger|yok|g1|f3|yavas|sabit|p2,0,0,EVET,0.0035,0
cab|saglik_diger|yok|g1|f3|yavas|sabit|p3,0,0,EVET,0.0077,0
cab|saglik_diger|yok|g1|f3|yavas|sabit|p4,0,0,EVET,0.0066,0
cab|saglik_diger|yok|g1|f3|yavas|onbellek|p0,0,0,EVET,0.0044,0
cab|saglik_diger|yok|g1|f3|yavas|onbellek|p1,0,0,EVET,0.0041,0
cab|saglik_diger|yok|g1|f3|yavas|onbellek|p2,0,0,EVET,0.0049,0
cab|saglik_diger|yok|g1|f3|yavas|onbellek|p3,0,0,EVET,0.0081,0
cab|saglik_diger|yok|g1|f3|yavas|onbellek|p4,0,0,EVET,0.0079,0
cab|saglik_diger|yok|g2|f1|hizli|taze|p0,0,0,EVET,0.0059,0
cab|saglik_diger|yok|g2|f1|hizli|taze|p1,0,0,EVET,0.0047,0
cab|saglik_diger|yok|g2|f1|hizli|taze|p2,0,0,EVET,0.0047,0
cab|saglik_diger|yok|g2|f1|hizli|taze|p3,0,0,EVET,0.0098,0
cab|saglik_diger|yok|g2|f1|hizli|taze|p4,0,0,EVET,0.0083,0
cab|saglik_diger|yok|g2|f1|hizli|sabit|p0,0,0,EVET,0.0045,0
cab|saglik_diger|yok|g2|f1|hizli|sabit|p1,0,0,EVET,0.0044,0
cab|saglik_diger|yok|g2|f1|hizli|sabit|p2,0,0,EVET,0.004,0
cab|saglik_diger|yok|g2|f1|hizli|sabit|p3,0,0,EVET,0.0082,0
cab|saglik_diger|yok|g2|f1|hizli|sabit|p4,0,0,EVET,0.0082,0
cab|saglik_diger|yok|g2|f1|hizli|onbellek|p0,0,0,EVET,0.0047,0
cab|saglik_diger|yok|g2|f1|hizli|onbellek|p1,0,0,EVET,0.0048,0
cab|saglik_diger|yok|g2|f1|hizli|onbellek|p2,0,0,EVET,0.0047,0
cab|saglik_diger|yok|g2|f1|hizli|onbellek|p3,0,0,EVET,0.0086,0
cab|saglik_diger|yok|g2|f1|hizli|onbellek|p4,0,0,EVET,0.0081,0
cab|saglik_diger|yok|g2|f1|orta|taze|p0,0,0,EVET,0.0062,0
cab|saglik_diger|yok|g2|f1|orta|taze|p1,0,0,EVET,0.006,0
cab|saglik_diger|yok|g2|f1|orta|taze|p2,0,0,EVET,0.0048,0
cab|saglik_diger|yok|g2|f1|orta|taze|p3,0,0,EVET,0.0079,0
cab|saglik_diger|yok|g2|f1|orta|taze|p4,0,0,EVET,0.0092,0
cab|saglik_diger|yok|g2|f1|orta|sabit|p0,0,0,EVET,0.0047,0
cab|saglik_diger|yok|g2|f1|orta|sabit|p1,0,0,EVET,0.0052,0
cab|saglik_diger|yok|g2|f1|orta|sabit|p2,0,0,EVET,0.0052,0
cab|saglik_diger|yok|g2|f1|orta|sabit|p3,0,0,EVET,0.0096,0
cab|saglik_diger|yok|g2|f1|orta|sabit|p4,0,0,EVET,0.0077,0
cab|saglik_diger|yok|g2|f1|orta|onbellek|p0,0,0,EVET,0.0055,0
cab|saglik_diger|yok|g2|f1|orta|onbellek|p1,0,0,EVET,0.0054,0
cab|saglik_diger|yok|g2|f1|orta|onbellek|p2,0,0,EVET,0.0046,0
cab|saglik_diger|yok|g2|f1|orta|onbellek|p3,0,0,EVET,0.0079,0
cab|saglik_diger|yok|g2|f1|orta|onbellek|p4,0,0,EVET,0.0091,0
cab|saglik_diger|yok|g2|f1|yavas|taze|p0,0,0,EVET,0.0057,0
cab|saglik_diger|yok|g2|f1|yavas|taze|p1,0,0,EVET,0.0049,0
cab|saglik_diger|yok|g2|f1|yavas|taze|p2,0,0,EVET,0.0048,0
cab|saglik_diger|yok|g2|f1|yavas|taze|p3,0,0,EVET,0.0081,0
cab|saglik_diger|yok|g2|f1|yavas|taze|p4,0,0,EVET,0.0074,0
cab|saglik_diger|yok|g2|f1|yavas|sabit|p0,0,0,EVET,0.0048,0
cab|saglik_diger|yok|g2|f1|yavas|sabit|p1,0,0,EVET,0.0047,0
cab|saglik_diger|yok|g2|f1|yavas|sabit|p2,0,0,EVET,0.0051,0
cab|saglik_diger|yok|g2|f1|yavas|sabit|p3,0,0,EVET,0.0093,0
cab|saglik_diger|yok|g2|f1|yavas|sabit|p4,0,0,EVET,0.0084,0
cab|saglik_diger|yok|g2|f1|yavas|onbellek|p0,0,0,EVET,0.0054,0
cab|saglik_diger|yok|g2|f1|yavas|onbellek|p1,0,0,EVET,0.0053,0
cab|saglik_diger|yok|g2|f1|yavas|onbellek|p2,0,0,EVET,0.005,0
cab|saglik_diger|yok|g2|f1|yavas|onbellek|p3,0,0,EVET,0.0091,0
cab|saglik_diger|yok|g2|f1|yavas|onbellek|p4,0,0,EVET,0.0086,0
cab|saglik_diger|yok|g2|f2|hizli|taze|p0,0,0,EVET,0.0046,0
cab|saglik_diger|yok|g2|f2|hizli|taze|p1,0,0,EVET,0.0045,0
cab|saglik_diger|yok|g2|f2|hizli|taze|p2,0,0,EVET,0.0046,0
cab|saglik_diger|yok|g2|f2|hizli|taze|p3,0,0,EVET,0.0091,0
cab|saglik_diger|yok|g2|f2|hizli|taze|p4,0,0,EVET,0.0071,0
cab|saglik_diger|yok|g2|f2|hizli|sabit|p0,0,0,EVET,0.0039,0
cab|saglik_diger|yok|g2|f2|hizli|sabit|p1,0,0,EVET,0.0047,0
cab|saglik_diger|yok|g2|f2|hizli|sabit|p2,0,0,EVET,0.0045,0
cab|saglik_diger|yok|g2|f2|hizli|sabit|p3,0,0,EVET,0.0094,0
cab|saglik_diger|yok|g2|f2|hizli|sabit|p4,0,0,EVET,0.0079,0
cab|saglik_diger|yok|g2|f2|hizli|onbellek|p0,0,0,EVET,0.005,0
cab|saglik_diger|yok|g2|f2|hizli|onbellek|p1,0,0,EVET,0.005,0
cab|saglik_diger|yok|g2|f2|hizli|onbellek|p2,0,0,EVET,0.0046,0
cab|saglik_diger|yok|g2|f2|hizli|onbellek|p3,0,0,EVET,0.0078,0
cab|saglik_diger|yok|g2|f2|hizli|onbellek|p4,0,0,EVET,0.0072,0
cab|saglik_diger|yok|g2|f2|orta|taze|p0,0,0,EVET,0.0045,0
cab|saglik_diger|yok|g2|f2|orta|taze|p1,0,0,EVET,0.0046,0
cab|saglik_diger|yok|g2|f2|orta|taze|p2,0,0,EVET,0.0046,0
cab|saglik_diger|yok|g2|f2|orta|taze|p3,0,0,EVET,0.0091,0
cab|saglik_diger|yok|g2|f2|orta|taze|p4,0,0,EVET,0.0092,0
cab|saglik_diger|yok|g2|f2|orta|sabit|p0,0,0,EVET,0.0049,0
cab|saglik_diger|yok|g2|f2|orta|sabit|p1,0,0,EVET,0.0046,0
cab|saglik_diger|yok|g2|f2|orta|sabit|p2,0,0,EVET,0.0051,0
cab|saglik_diger|yok|g2|f2|orta|sabit|p3,0,0,EVET,0.0095,0
cab|saglik_diger|yok|g2|f2|orta|sabit|p4,0,0,EVET,0.0086,0
cab|saglik_diger|yok|g2|f2|orta|onbellek|p0,0,0,EVET,0.0054,0
cab|saglik_diger|yok|g2|f2|orta|onbellek|p1,0,0,EVET,0.0056,0
cab|saglik_diger|yok|g2|f2|orta|onbellek|p2,0,0,EVET,0.0054,0
cab|saglik_diger|yok|g2|f2|orta|onbellek|p3,0,0,EVET,0.0086,0
cab|saglik_diger|yok|g2|f2|orta|onbellek|p4,0,0,EVET,0.0089,0
cab|saglik_diger|yok|g2|f2|yavas|taze|p0,0,0,EVET,0.0044,0
cab|saglik_diger|yok|g2|f2|yavas|taze|p1,0,0,EVET,0.0049,0
cab|saglik_diger|yok|g2|f2|yavas|taze|p2,0,0,EVET,0.0048,0
cab|saglik_diger|yok|g2|f2|yavas|taze|p3,0,0,EVET,0.0097,0
cab|saglik_diger|yok|g2|f2|yavas|taze|p4,0,0,EVET,0.0072,0
cab|saglik_diger|yok|g2|f2|yavas|sabit|p0,0,0,EVET,0.0039,0
cab|saglik_diger|yok|g2|f2|yavas|sabit|p1,0,0,EVET,0.0041,0
cab|saglik_diger|yok|g2|f2|yavas|sabit|p2,0,0,EVET,0.0039,0
cab|saglik_diger|yok|g2|f2|yavas|sabit|p3,0,0,EVET,0.0092,0
cab|saglik_diger|yok|g2|f2|yavas|sabit|p4,0,0,EVET,0.0084,0
cab|saglik_diger|yok|g2|f2|yavas|onbellek|p0,0,0,EVET,0.0055,0
cab|saglik_diger|yok|g2|f2|yavas|onbellek|p1,0,0,EVET,0.0053,0
cab|saglik_diger|yok|g2|f2|yavas|onbellek|p2,0,0,EVET,0.0046,0
cab|saglik_diger|yok|g2|f2|yavas|onbellek|p3,0,0,EVET,0.0076,0
cab|saglik_diger|yok|g2|f2|yavas|onbellek|p4,0,0,EVET,0.0095,0
cab|saglik_diger|yok|g2|f3|hizli|taze|p0,0,0,EVET,0.006,0
cab|saglik_diger|yok|g2|f3|hizli|taze|p1,0,0,EVET,0.0046,0
cab|saglik_diger|yok|g2|f3|hizli|taze|p2,0,0,EVET,0.0044,0
cab|saglik_diger|yok|g2|f3|hizli|taze|p3,0,0,EVET,0.0093,0
cab|saglik_diger|yok|g2|f3|hizli|taze|p4,0,0,EVET,0.0075,0
cab|saglik_diger|yok|g2|f3|hizli|sabit|p0,0,0,EVET,0.0039,0
cab|saglik_diger|yok|g2|f3|hizli|sabit|p1,0,0,EVET,0.0045,0
cab|saglik_diger|yok|g2|f3|hizli|sabit|p2,0,0,EVET,0.0038,0
cab|saglik_diger|yok|g2|f3|hizli|sabit|p3,0,0,EVET,0.0076,0
cab|saglik_diger|yok|g2|f3|hizli|sabit|p4,0,0,EVET,0.0088,0
cab|saglik_diger|yok|g2|f3|hizli|onbellek|p0,0,0,EVET,0.005,0
cab|saglik_diger|yok|g2|f3|hizli|onbellek|p1,0,0,EVET,0.0058,0
cab|saglik_diger|yok|g2|f3|hizli|onbellek|p2,0,0,EVET,0.0053,0
cab|saglik_diger|yok|g2|f3|hizli|onbellek|p3,0,0,EVET,0.0077,0
cab|saglik_diger|yok|g2|f3|hizli|onbellek|p4,0,0,EVET,0.0072,0
cab|saglik_diger|yok|g2|f3|orta|taze|p0,0,0,EVET,0.0059,0
cab|saglik_diger|yok|g2|f3|orta|taze|p1,0,0,EVET,0.0057,0
cab|saglik_diger|yok|g2|f3|orta|taze|p2,0,0,EVET,0.0053,0
cab|saglik_diger|yok|g2|f3|orta|taze|p3,0,0,EVET,0.0099,0
cab|saglik_diger|yok|g2|f3|orta|taze|p4,0,0,EVET,0.0071,0
cab|saglik_diger|yok|g2|f3|orta|sabit|p0,0,0,EVET,0.0039,0
cab|saglik_diger|yok|g2|f3|orta|sabit|p1,0,0,EVET,0.0046,0
cab|saglik_diger|yok|g2|f3|orta|sabit|p2,0,0,EVET,0.0049,0
cab|saglik_diger|yok|g2|f3|orta|sabit|p3,0,0,EVET,0.0081,0
cab|saglik_diger|yok|g2|f3|orta|sabit|p4,0,0,EVET,0.0071,0
cab|saglik_diger|yok|g2|f3|orta|onbellek|p0,0,0,EVET,0.0066,0
cab|saglik_diger|yok|g2|f3|orta|onbellek|p1,0,0,EVET,0.0054,0
cab|saglik_diger|yok|g2|f3|orta|onbellek|p2,0,0,EVET,0.0061,0
cab|saglik_diger|yok|g2|f3|orta|onbellek|p3,0,0,EVET,0.0091,0
cab|saglik_diger|yok|g2|f3|orta|onbellek|p4,0,0,EVET,0.0085,0
cab|saglik_diger|yok|g2|f3|yavas|taze|p0,0,0,EVET,0.0059,0
cab|saglik_diger|yok|g2|f3|yavas|taze|p1,0,0,EVET,0.0045,0
cab|saglik_diger|yok|g2|f3|yavas|taze|p2,0,0,EVET,0.0044,0
cab|saglik_diger|yok|g2|f3|yavas|taze|p3,0,0,EVET,0.0096,0
cab|saglik_diger|yok|g2|f3|yavas|taze|p4,0,0,EVET,0.0089,0
cab|saglik_diger|yok|g2|f3|yavas|sabit|p0,0,0,EVET,0.0044,0
cab|saglik_diger|yok|g2|f3|yavas|sabit|p1,0,0,EVET,0.0045,0
cab|saglik_diger|yok|g2|f3|yavas|sabit|p2,0,0,EVET,0.0038,0
cab|saglik_diger|yok|g2|f3|yavas|sabit|p3,0,0,EVET,0.0076,0
cab|saglik_diger|yok|g2|f3|yavas|sabit|p4,0,0,EVET,0.0076,0
cab|saglik_diger|yok|g2|f3|yavas|onbellek|p0,0,0,EVET,0.0061,0
cab|saglik_diger|yok|g2|f3|yavas|onbellek|p1,0,0,EVET,0.0056,0
cab|saglik_diger|yok|g2|f3|yavas|onbellek|p2,0,0,EVET,0.0046,0
cab|saglik_diger|yok|g2|f3|yavas|onbellek|p3,0,0,EVET,0.0095,0
cab|saglik_diger|yok|g2|f3|yavas|onbellek|p4,0,0,EVET,0.0087,0
cab|saglik_diger|yok|g3|f1|hizli|taze|p0,0,0,EVET,0.0044,0
cab|saglik_diger|yok|g3|f1|hizli|taze|p1,0,0,EVET,0.0045,0
cab|saglik_diger|yok|g3|f1|hizli|taze|p2,0,0,EVET,0.0045,0
cab|saglik_diger|yok|g3|f1|hizli|taze|p3,0,0,EVET,0.0073,0
cab|saglik_diger|yok|g3|f1|hizli|taze|p4,0,0,EVET,0.0079,0
cab|saglik_diger|yok|g3|f1|hizli|sabit|p0,0,0,EVET,0.0048,0
cab|saglik_diger|yok|g3|f1|hizli|sabit|p1,0,0,EVET,0.0049,0
cab|saglik_diger|yok|g3|f1|hizli|sabit|p2,0,0,EVET,0.0043,0
cab|saglik_diger|yok|g3|f1|hizli|sabit|p3,0,0,EVET,0.0083,0
cab|saglik_diger|yok|g3|f1|hizli|sabit|p4,0,0,EVET,0.0084,0
cab|saglik_diger|yok|g3|f1|hizli|onbellek|p0,0,0,EVET,0.0044,0
cab|saglik_diger|yok|g3|f1|hizli|onbellek|p1,0,0,EVET,0.0043,0
cab|saglik_diger|yok|g3|f1|hizli|onbellek|p2,0,0,EVET,0.0045,0
cab|saglik_diger|yok|g3|f1|hizli|onbellek|p3,0,0,EVET,0.0074,0
cab|saglik_diger|yok|g3|f1|hizli|onbellek|p4,0,0,EVET,0.0092,0
cab|saglik_diger|yok|g3|f1|orta|taze|p0,0,0,EVET,0.0056,0
cab|saglik_diger|yok|g3|f1|orta|taze|p1,0,0,EVET,0.0044,0
cab|saglik_diger|yok|g3|f1|orta|taze|p2,0,0,EVET,0.0043,0
cab|saglik_diger|yok|g3|f1|orta|taze|p3,0,0,EVET,0.009,0
cab|saglik_diger|yok|g3|f1|orta|taze|p4,0,0,EVET,0.0084,0
cab|saglik_diger|yok|g3|f1|orta|sabit|p0,0,0,EVET,0.0042,0
cab|saglik_diger|yok|g3|f1|orta|sabit|p1,0,0,EVET,0.0041,0
cab|saglik_diger|yok|g3|f1|orta|sabit|p2,0,0,EVET,0.0037,0
cab|saglik_diger|yok|g3|f1|orta|sabit|p3,0,0,EVET,0.0072,0
cab|saglik_diger|yok|g3|f1|orta|sabit|p4,0,0,EVET,0.0068,0
cab|saglik_diger|yok|g3|f1|orta|onbellek|p0,0,0,EVET,0.0043,0
cab|saglik_diger|yok|g3|f1|orta|onbellek|p1,0,0,EVET,0.0053,0
cab|saglik_diger|yok|g3|f1|orta|onbellek|p2,0,0,EVET,0.0052,0
cab|saglik_diger|yok|g3|f1|orta|onbellek|p3,0,0,EVET,0.0092,0
cab|saglik_diger|yok|g3|f1|orta|onbellek|p4,0,0,EVET,0.0086,0
cab|saglik_diger|yok|g3|f1|yavas|taze|p0,0,0,EVET,0.0043,0
cab|saglik_diger|yok|g3|f1|yavas|taze|p1,0,0,EVET,0.0043,0
cab|saglik_diger|yok|g3|f1|yavas|taze|p2,0,0,EVET,0.0044,0
cab|saglik_diger|yok|g3|f1|yavas|taze|p3,0,0,EVET,0.0074,0
cab|saglik_diger|yok|g3|f1|yavas|taze|p4,0,0,EVET,0.0082,0
cab|saglik_diger|yok|g3|f1|yavas|sabit|p0,0,0,EVET,0.0045,0
cab|saglik_diger|yok|g3|f1|yavas|sabit|p1,0,0,EVET,0.0042,0
cab|saglik_diger|yok|g3|f1|yavas|sabit|p2,0,0,EVET,0.0043,0
cab|saglik_diger|yok|g3|f1|yavas|sabit|p3,0,0,EVET,0.0093,0
cab|saglik_diger|yok|g3|f1|yavas|sabit|p4,0,0,EVET,0.0086,0
cab|saglik_diger|yok|g3|f1|yavas|onbellek|p0,0,0,EVET,0.0043,0
cab|saglik_diger|yok|g3|f1|yavas|onbellek|p1,0,0,EVET,0.0043,0
cab|saglik_diger|yok|g3|f1|yavas|onbellek|p2,0,0,EVET,0.0044,0
cab|saglik_diger|yok|g3|f1|yavas|onbellek|p3,0,0,EVET,0.0073,0
cab|saglik_diger|yok|g3|f1|yavas|onbellek|p4,0,0,EVET,0.0084,0
cab|saglik_diger|yok|g3|f2|hizli|taze|p0,0,0,EVET,0.0052,0
cab|saglik_diger|yok|g3|f2|hizli|taze|p1,0,0,EVET,0.0043,0
cab|saglik_diger|yok|g3|f2|hizli|taze|p2,0,0,EVET,0.0042,0
cab|saglik_diger|yok|g3|f2|hizli|taze|p3,0,0,EVET,0.009,0
cab|saglik_diger|yok|g3|f2|hizli|taze|p4,0,0,EVET,0.0082,0
cab|saglik_diger|yok|g3|f2|hizli|sabit|p0,0,0,EVET,0.0041,0
cab|saglik_diger|yok|g3|f2|hizli|sabit|p1,0,0,EVET,0.0039,0
cab|saglik_diger|yok|g3|f2|hizli|sabit|p2,0,0,EVET,0.0036,0
cab|saglik_diger|yok|g3|f2|hizli|sabit|p3,0,0,EVET,0.0071,0
cab|saglik_diger|yok|g3|f2|hizli|sabit|p4,0,0,EVET,0.0068,0
cab|saglik_diger|yok|g3|f2|hizli|onbellek|p0,0,0,EVET,0.0042,0
cab|saglik_diger|yok|g3|f2|hizli|onbellek|p1,0,0,EVET,0.0051,0
cab|saglik_diger|yok|g3|f2|hizli|onbellek|p2,0,0,EVET,0.005,0
cab|saglik_diger|yok|g3|f2|hizli|onbellek|p3,0,0,EVET,0.0087,0
cab|saglik_diger|yok|g3|f2|hizli|onbellek|p4,0,0,EVET,0.0081,0
cab|saglik_diger|yok|g3|f2|orta|taze|p0,0,0,EVET,0.0042,0
cab|saglik_diger|yok|g3|f2|orta|taze|p1,0,0,EVET,0.0042,0
cab|saglik_diger|yok|g3|f2|orta|taze|p2,0,0,EVET,0.0042,0
cab|saglik_diger|yok|g3|f2|orta|taze|p3,0,0,EVET,0.0071,0
cab|saglik_diger|yok|g3|f2|orta|taze|p4,0,0,EVET,0.0077,0
cab|saglik_diger|yok|g3|f2|orta|sabit|p0,0,0,EVET,0.0042,0
cab|saglik_diger|yok|g3|f2|orta|sabit|p1,0,0,EVET,0.0042,0
cab|saglik_diger|yok|g3|f2|orta|sabit|p2,0,0,EVET,0.004,0
cab|saglik_diger|yok|g3|f2|orta|sabit|p3,0,0,EVET,0.0093,0
cab|saglik_diger|yok|g3|f2|orta|sabit|p4,0,0,EVET,0.0083,0
cab|saglik_diger|yok|g3|f2|orta|onbellek|p0,0,0,EVET,0.0043,0
cab|saglik_diger|yok|g3|f2|orta|onbellek|p1,0,0,EVET,0.0044,0
cab|saglik_diger|yok|g3|f2|orta|onbellek|p2,0,0,EVET,0.005,0
cab|saglik_diger|yok|g3|f2|orta|onbellek|p3,0,0,EVET,0.009,0
cab|saglik_diger|yok|g3|f2|orta|onbellek|p4,0,0,EVET,0.0068,0
cab|saglik_diger|yok|g3|f2|yavas|taze|p0,0,0,EVET,0.0042,0
cab|saglik_diger|yok|g3|f2|yavas|taze|p1,0,0,EVET,0.0041,0
cab|saglik_diger|yok|g3|f2|yavas|taze|p2,0,0,EVET,0.0042,0
cab|saglik_diger|yok|g3|f2|yavas|taze|p3,0,0,EVET,0.0087,0
cab|saglik_diger|yok|g3|f2|yavas|taze|p4,0,0,EVET,0.0084,0
cab|saglik_diger|yok|g3|f2|yavas|sabit|p0,0,0,EVET,0.0041,0
cab|saglik_diger|yok|g3|f2|yavas|sabit|p1,0,0,EVET,0.0048,0
cab|saglik_diger|yok|g3|f2|yavas|sabit|p2,0,0,EVET,0.0036,0
cab|saglik_diger|yok|g3|f2|yavas|sabit|p3,0,0,EVET,0.0078,0
cab|saglik_diger|yok|g3|f2|yavas|sabit|p4,0,0,EVET,0.0077,0
cab|saglik_diger|yok|g3|f2|yavas|onbellek|p0,0,0,EVET,0.0048,0
cab|saglik_diger|yok|g3|f2|yavas|onbellek|p1,0,0,EVET,0.005,0
cab|saglik_diger|yok|g3|f2|yavas|onbellek|p2,0,0,EVET,0.0058,0
cab|saglik_diger|yok|g3|f2|yavas|onbellek|p3,0,0,EVET,0.0078,0
cab|saglik_diger|yok|g3|f2|yavas|onbellek|p4,0,0,EVET,0.0066,0
cab|saglik_diger|yok|g3|f3|hizli|taze|p0,0,0,EVET,0.0042,0
cab|saglik_diger|yok|g3|f3|hizli|taze|p1,0,0,EVET,0.0042,0
cab|saglik_diger|yok|g3|f3|hizli|taze|p2,0,0,EVET,0.0044,0
cab|saglik_diger|yok|g3|f3|hizli|taze|p3,0,0,EVET,0.0072,0
cab|saglik_diger|yok|g3|f3|hizli|taze|p4,0,0,EVET,0.0077,0
cab|saglik_diger|yok|g3|f3|hizli|sabit|p0,0,0,EVET,0.0044,0
cab|saglik_diger|yok|g3|f3|hizli|sabit|p1,0,0,EVET,0.0043,0
cab|saglik_diger|yok|g3|f3|hizli|sabit|p2,0,0,EVET,0.004,0
cab|saglik_diger|yok|g3|f3|hizli|sabit|p3,0,0,EVET,0.0071,0
cab|saglik_diger|yok|g3|f3|hizli|sabit|p4,0,0,EVET,0.0066,0
cab|saglik_diger|yok|g3|f3|hizli|onbellek|p0,0,0,EVET,0.0051,0
cab|saglik_diger|yok|g3|f3|hizli|onbellek|p1,0,0,EVET,0.005,0
cab|saglik_diger|yok|g3|f3|hizli|onbellek|p2,0,0,EVET,0.0042,0
cab|saglik_diger|yok|g3|f3|hizli|onbellek|p3,0,0,EVET,0.0089,0
cab|saglik_diger|yok|g3|f3|hizli|onbellek|p4,0,0,EVET,0.0079,0
cab|saglik_diger|yok|g3|f3|orta|taze|p0,0,0,EVET,0.0043,0
cab|saglik_diger|yok|g3|f3|orta|taze|p1,0,0,EVET,0.0049,0
cab|saglik_diger|yok|g3|f3|orta|taze|p2,0,0,EVET,0.005,0
cab|saglik_diger|yok|g3|f3|orta|taze|p3,0,0,EVET,0.0087,0
cab|saglik_diger|yok|g3|f3|orta|taze|p4,0,0,EVET,0.0081,0
cab|saglik_diger|yok|g3|f3|orta|sabit|p0,0,0,EVET,0.0036,0
cab|saglik_diger|yok|g3|f3|orta|sabit|p1,0,0,EVET,0.0035,0
cab|saglik_diger|yok|g3|f3|orta|sabit|p2,0,0,EVET,0.0045,0
cab|saglik_diger|yok|g3|f3|orta|sabit|p3,0,0,EVET,0.0085,0
cab|saglik_diger|yok|g3|f3|orta|sabit|p4,0,0,EVET,0.0067,0
cab|saglik_diger|yok|g3|f3|orta|onbellek|p0,0,0,EVET,0.0042,0
cab|saglik_diger|yok|g3|f3|orta|onbellek|p1,0,0,EVET,0.0052,0
cab|saglik_diger|yok|g3|f3|orta|onbellek|p2,0,0,EVET,0.005,0
cab|saglik_diger|yok|g3|f3|orta|onbellek|p3,0,0,EVET,0.0096,0
cab|saglik_diger|yok|g3|f3|orta|onbellek|p4,0,0,EVET,0.0083,0
cab|saglik_diger|yok|g3|f3|yavas|taze|p0,0,0,EVET,0.0049,0
cab|saglik_diger|yok|g3|f3|yavas|taze|p1,0,0,EVET,0.0054,0
cab|saglik_diger|yok|g3|f3|yavas|taze|p2,0,0,EVET,0.0042,0
cab|saglik_diger|yok|g3|f3|yavas|taze|p3,0,0,EVET,0.007,0
cab|saglik_diger|yok|g3|f3|yavas|taze|p4,0,0,EVET,0.0066,0
cab|saglik_diger|yok|g3|f3|yavas|sabit|p0,0,0,EVET,0.0035,0
cab|saglik_diger|yok|g3|f3|yavas|sabit|p1,0,0,EVET,0.0037,0
cab|saglik_diger|yok|g3|f3|yavas|sabit|p2,0,0,EVET,0.0038,0
cab|saglik_diger|yok|g3|f3|yavas|sabit|p3,0,0,EVET,0.0091,0
cab|saglik_diger|yok|g3|f3|yavas|sabit|p4,0,0,EVET,0.0082,0
cab|saglik_diger|yok|g3|f3|yavas|onbellek|p0,0,0,EVET,0.0042,0
cab|saglik_diger|yok|g3|f3|yavas|onbellek|p1,0,0,EVET,0.0041,0
cab|saglik_diger|yok|g3|f3|yavas|onbellek|p2,0,0,EVET,0.0048,0
cab|saglik_diger|yok|g3|f3|yavas|onbellek|p3,0,0,EVET,0.0084,0
cab|saglik_diger|yok|g3|f3|yavas|onbellek|p4,0,0,EVET,0.0076,0
cab|saglik_diger|yok|g4|f1|hizli|taze|p0,0,0,EVET,0.0035,0
cab|saglik_diger|yok|g4|f1|hizli|taze|p1,0,0,EVET,0.0036,0
cab|saglik_diger|yok|g4|f1|hizli|taze|p2,0,0,EVET,0.0035,0
cab|saglik_diger|yok|g4|f1|hizli|taze|p3,0,0,EVET,0.004,0
cab|saglik_diger|yok|g4|f1|hizli|taze|p4,0,0,EVET,0.004,0
cab|saglik_diger|yok|g4|f1|hizli|sabit|p0,0,0,EVET,0.0037,0
cab|saglik_diger|yok|g4|f1|hizli|sabit|p1,0,0,EVET,0.0038,0
cab|saglik_diger|yok|g4|f1|hizli|sabit|p2,0,0,EVET,0.0029,0
cab|saglik_diger|yok|g4|f1|hizli|sabit|p3,0,0,EVET,0.0041,0
cab|saglik_diger|yok|g4|f1|hizli|sabit|p4,0,0,EVET,0.004,0
cab|saglik_diger|yok|g4|f1|hizli|onbellek|p0,0,0,EVET,0.0039,0
cab|saglik_diger|yok|g4|f1|hizli|onbellek|p1,0,0,EVET,0.003,0
cab|saglik_diger|yok|g4|f1|hizli|onbellek|p2,0,0,EVET,0.003,0
cab|saglik_diger|yok|g4|f1|hizli|onbellek|p3,0,0,EVET,0.005,0
cab|saglik_diger|yok|g4|f1|hizli|onbellek|p4,0,0,EVET,0.0048,0
cab|saglik_diger|yok|g4|f1|orta|taze|p0,0,0,EVET,0.004,0
cab|saglik_diger|yok|g4|f1|orta|taze|p1,0,0,EVET,0.0035,0
cab|saglik_diger|yok|g4|f1|orta|taze|p2,0,0,EVET,0.0031,0
cab|saglik_diger|yok|g4|f1|orta|taze|p3,0,0,EVET,0.004,0
cab|saglik_diger|yok|g4|f1|orta|taze|p4,0,0,EVET,0.0046,0
cab|saglik_diger|yok|g4|f1|orta|sabit|p0,0,0,EVET,0.004,0
cab|saglik_diger|yok|g4|f1|orta|sabit|p1,0,0,EVET,0.0034,0
cab|saglik_diger|yok|g4|f1|orta|sabit|p2,0,0,EVET,0.0035,0
cab|saglik_diger|yok|g4|f1|orta|sabit|p3,0,0,EVET,0.004,0
cab|saglik_diger|yok|g4|f1|orta|sabit|p4,0,0,EVET,0.004,0
cab|saglik_diger|yok|g4|f1|orta|onbellek|p0,0,0,EVET,0.003,0
cab|saglik_diger|yok|g4|f1|orta|onbellek|p1,0,0,EVET,0.0029,0
cab|saglik_diger|yok|g4|f1|orta|onbellek|p2,0,0,EVET,0.0029,0
cab|saglik_diger|yok|g4|f1|orta|onbellek|p3,0,0,EVET,0.0041,0
cab|saglik_diger|yok|g4|f1|orta|onbellek|p4,0,0,EVET,0.0046,0
cab|saglik_diger|yok|g4|f1|yavas|taze|p0,0,0,EVET,0.0036,0
cab|saglik_diger|yok|g4|f1|yavas|taze|p1,0,0,EVET,0.0035,0
cab|saglik_diger|yok|g4|f1|yavas|taze|p2,0,0,EVET,0.0037,0
cab|saglik_diger|yok|g4|f1|yavas|taze|p3,0,0,EVET,0.005,0
cab|saglik_diger|yok|g4|f1|yavas|taze|p4,0,0,EVET,0.0048,0
cab|saglik_diger|yok|g4|f1|yavas|sabit|p0,0,0,EVET,0.0035,0
cab|saglik_diger|yok|g4|f1|yavas|sabit|p1,0,0,EVET,0.0035,0
cab|saglik_diger|yok|g4|f1|yavas|sabit|p2,0,0,EVET,0.0031,0
cab|saglik_diger|yok|g4|f1|yavas|sabit|p3,0,0,EVET,0.0039,0
cab|saglik_diger|yok|g4|f1|yavas|sabit|p4,0,0,EVET,0.0046,0
cab|saglik_diger|yok|g4|f1|yavas|onbellek|p0,0,0,EVET,0.0037,0
cab|saglik_diger|yok|g4|f1|yavas|onbellek|p1,0,0,EVET,0.003,0
cab|saglik_diger|yok|g4|f1|yavas|onbellek|p2,0,0,EVET,0.0029,0
cab|saglik_diger|yok|g4|f1|yavas|onbellek|p3,0,0,EVET,0.004,0
cab|saglik_diger|yok|g4|f1|yavas|onbellek|p4,0,0,EVET,0.0046,0
cab|saglik_diger|yok|g4|f2|hizli|taze|p0,0,0,EVET,0.0035,0
cab|saglik_diger|yok|g4|f2|hizli|taze|p1,0,0,EVET,0.0034,0
cab|saglik_diger|yok|g4|f2|hizli|taze|p2,0,0,EVET,0.0029,0
cab|saglik_diger|yok|g4|f2|hizli|taze|p3,0,0,EVET,0.0039,0
cab|saglik_diger|yok|g4|f2|hizli|taze|p4,0,0,EVET,0.0048,0
cab|saglik_diger|yok|g4|f2|hizli|sabit|p0,0,0,EVET,0.0029,0
cab|saglik_diger|yok|g4|f2|hizli|sabit|p1,0,0,EVET,0.0037,0
cab|saglik_diger|yok|g4|f2|hizli|sabit|p2,0,0,EVET,0.0035,0
cab|saglik_diger|yok|g4|f2|hizli|sabit|p3,0,0,EVET,0.0048,0
cab|saglik_diger|yok|g4|f2|hizli|sabit|p4,0,0,EVET,0.0048,0
cab|saglik_diger|yok|g4|f2|hizli|onbellek|p0,0,0,EVET,0.0029,0
cab|saglik_diger|yok|g4|f2|hizli|onbellek|p1,0,0,EVET,0.003,0
cab|saglik_diger|yok|g4|f2|hizli|onbellek|p2,0,0,EVET,0.003,0
cab|saglik_diger|yok|g4|f2|hizli|onbellek|p3,0,0,EVET,0.004,0
cab|saglik_diger|yok|g4|f2|hizli|onbellek|p4,0,0,EVET,0.0049,0
cab|saglik_diger|yok|g4|f2|orta|taze|p0,0,0,EVET,0.0035,0
cab|saglik_diger|yok|g4|f2|orta|taze|p1,0,0,EVET,0.0034,0
cab|saglik_diger|yok|g4|f2|orta|taze|p2,0,0,EVET,0.0029,0
cab|saglik_diger|yok|g4|f2|orta|taze|p3,0,0,EVET,0.0049,0
cab|saglik_diger|yok|g4|f2|orta|taze|p4,0,0,EVET,0.0044,0
cab|saglik_diger|yok|g4|f2|orta|sabit|p0,0,0,EVET,0.0036,0
cab|saglik_diger|yok|g4|f2|orta|sabit|p1,0,0,EVET,0.0039,0
cab|saglik_diger|yok|g4|f2|orta|sabit|p2,0,0,EVET,0.0035,0
cab|saglik_diger|yok|g4|f2|orta|sabit|p3,0,0,EVET,0.0049,0
cab|saglik_diger|yok|g4|f2|orta|sabit|p4,0,0,EVET,0.0039,0
cab|saglik_diger|yok|g4|f2|orta|onbellek|p0,0,0,EVET,0.0029,0
cab|saglik_diger|yok|g4|f2|orta|onbellek|p1,0,0,EVET,0.0036,0
cab|saglik_diger|yok|g4|f2|orta|onbellek|p2,0,0,EVET,0.0037,0
cab|saglik_diger|yok|g4|f2|orta|onbellek|p3,0,0,EVET,0.0055,0
cab|saglik_diger|yok|g4|f2|orta|onbellek|p4,0,0,EVET,0.0048,0
cab|saglik_diger|yok|g4|f2|yavas|taze|p0,0,0,EVET,0.0029,0
cab|saglik_diger|yok|g4|f2|yavas|taze|p1,0,0,EVET,0.0034,0
cab|saglik_diger|yok|g4|f2|yavas|taze|p2,0,0,EVET,0.0029,0
cab|saglik_diger|yok|g4|f2|yavas|taze|p3,0,0,EVET,0.0042,0
cab|saglik_diger|yok|g4|f2|yavas|taze|p4,0,0,EVET,0.0048,0
cab|saglik_diger|yok|g4|f2|yavas|sabit|p0,0,0,EVET,0.0035,0
cab|saglik_diger|yok|g4|f2|yavas|sabit|p1,0,0,EVET,0.004,0
cab|saglik_diger|yok|g4|f2|yavas|sabit|p2,0,0,EVET,0.0038,0
cab|saglik_diger|yok|g4|f2|yavas|sabit|p3,0,0,EVET,0.0045,0
cab|saglik_diger|yok|g4|f2|yavas|sabit|p4,0,0,EVET,0.0039,0
cab|saglik_diger|yok|g4|f2|yavas|onbellek|p0,0,0,EVET,0.003,0
cab|saglik_diger|yok|g4|f2|yavas|onbellek|p1,0,0,EVET,0.0028,0
cab|saglik_diger|yok|g4|f2|yavas|onbellek|p2,0,0,EVET,0.0032,0
cab|saglik_diger|yok|g4|f2|yavas|onbellek|p3,0,0,EVET,0.004,0
cab|saglik_diger|yok|g4|f2|yavas|onbellek|p4,0,0,EVET,0.0046,0
cab|saglik_diger|yok|g4|f3|hizli|taze|p0,0,0,EVET,0.0038,0
cab|saglik_diger|yok|g4|f3|hizli|taze|p1,0,0,EVET,0.0036,0
cab|saglik_diger|yok|g4|f3|hizli|taze|p2,0,0,EVET,0.0034,0
cab|saglik_diger|yok|g4|f3|hizli|taze|p3,0,0,EVET,0.0051,0
cab|saglik_diger|yok|g4|f3|hizli|taze|p4,0,0,EVET,0.0047,0
cab|saglik_diger|yok|g4|f3|hizli|sabit|p0,0,0,EVET,0.0029,0
cab|saglik_diger|yok|g4|f3|hizli|sabit|p1,0,0,EVET,0.0029,0
cab|saglik_diger|yok|g4|f3|hizli|sabit|p2,0,0,EVET,0.0029,0
cab|saglik_diger|yok|g4|f3|hizli|sabit|p3,0,0,EVET,0.0039,0
cab|saglik_diger|yok|g4|f3|hizli|sabit|p4,0,0,EVET,0.0044,0
cab|saglik_diger|yok|g4|f3|hizli|onbellek|p0,0,0,EVET,0.0033,0
cab|saglik_diger|yok|g4|f3|hizli|onbellek|p1,0,0,EVET,0.0038,0
cab|saglik_diger|yok|g4|f3|hizli|onbellek|p2,0,0,EVET,0.0037,0
cab|saglik_diger|yok|g4|f3|hizli|onbellek|p3,0,0,EVET,0.0048,0
cab|saglik_diger|yok|g4|f3|hizli|onbellek|p4,0,0,EVET,0.0046,0
cab|saglik_diger|yok|g4|f3|orta|taze|p0,0,0,EVET,0.0029,0
cab|saglik_diger|yok|g4|f3|orta|taze|p1,0,0,EVET,0.0028,0
cab|saglik_diger|yok|g4|f3|orta|taze|p2,0,0,EVET,0.0029,0
cab|saglik_diger|yok|g4|f3|orta|taze|p3,0,0,EVET,0.0039,0
cab|saglik_diger|yok|g4|f3|orta|taze|p4,0,0,EVET,0.0045,0
cab|saglik_diger|yok|g4|f3|orta|sabit|p0,0,0,EVET,0.0036,0
cab|saglik_diger|yok|g4|f3|orta|sabit|p1,0,0,EVET,0.0034,0
cab|saglik_diger|yok|g4|f3|orta|sabit|p2,0,0,EVET,0.0036,0
cab|saglik_diger|yok|g4|f3|orta|sabit|p3,0,0,EVET,0.004,0
cab|saglik_diger|yok|g4|f3|orta|sabit|p4,0,0,EVET,0.0048,0
cab|saglik_diger|yok|g4|f3|orta|onbellek|p0,0,0,EVET,0.0031,0
cab|saglik_diger|yok|g4|f3|orta|onbellek|p1,0,0,EVET,0.0035,0
cab|saglik_diger|yok|g4|f3|orta|onbellek|p2,0,0,EVET,0.0034,0
cab|saglik_diger|yok|g4|f3|orta|onbellek|p3,0,0,EVET,0.004,0
cab|saglik_diger|yok|g4|f3|orta|onbellek|p4,0,0,EVET,0.0045,0
cab|saglik_diger|yok|g4|f3|yavas|taze|p0,0,0,EVET,0.0036,0
cab|saglik_diger|yok|g4|f3|yavas|taze|p1,0,0,EVET,0.003,0
cab|saglik_diger|yok|g4|f3|yavas|taze|p2,0,0,EVET,0.0028,0
cab|saglik_diger|yok|g4|f3|yavas|taze|p3,0,0,EVET,0.0043,0
cab|saglik_diger|yok|g4|f3|yavas|taze|p4,0,0,EVET,0.0038,0
cab|saglik_diger|yok|g4|f3|yavas|sabit|p0,0,0,EVET,0.003,0
cab|saglik_diger|yok|g4|f3|yavas|sabit|p1,0,0,EVET,0.0028,0
cab|saglik_diger|yok|g4|f3|yavas|sabit|p2,0,0,EVET,0.0034,0
cab|saglik_diger|yok|g4|f3|yavas|sabit|p3,0,0,EVET,0.0049,0
cab|saglik_diger|yok|g4|f3|yavas|sabit|p4,0,0,EVET,0.0049,0
cab|saglik_diger|yok|g4|f3|yavas|onbellek|p0,0,0,EVET,0.0035,0
cab|saglik_diger|yok|g4|f3|yavas|onbellek|p1,0,0,EVET,0.0035,0
cab|saglik_diger|yok|g4|f3|yavas|onbellek|p2,0,0,EVET,0.0035,0
cab|saglik_diger|yok|g4|f3|yavas|onbellek|p3,0,0,EVET,0.0046,0
cab|saglik_diger|yok|g4|f3|yavas|onbellek|p4,0,0,EVET,0.0046,0
cab|saglik_diger|yok|tum|f1|hizli|taze|p0,0,0,EVET,0.0072,0
cab|saglik_diger|yok|tum|f1|hizli|taze|p1,0,0,EVET,0.0085,0
cab|saglik_diger|yok|tum|f1|hizli|taze|p2,0,0,EVET,0.0087,0
cab|saglik_diger|yok|tum|f1|hizli|taze|p3,0,0,EVET,0.0138,0
cab|saglik_diger|yok|tum|f1|hizli|taze|p4,0,0,EVET,0.0101,0
cab|saglik_diger|yok|tum|f1|hizli|sabit|p0,0,0,EVET,0.0063,0
cab|saglik_diger|yok|tum|f1|hizli|sabit|p1,0,0,EVET,0.0076,0
cab|saglik_diger|yok|tum|f1|hizli|sabit|p2,0,0,EVET,0.0065,0
cab|saglik_diger|yok|tum|f1|hizli|sabit|p3,0,0,EVET,0.0115,0
cab|saglik_diger|yok|tum|f1|hizli|sabit|p4,0,0,EVET,0.0114,0
cab|saglik_diger|yok|tum|f1|hizli|onbellek|p0,0,0,EVET,0.007,0
cab|saglik_diger|yok|tum|f1|hizli|onbellek|p1,0,0,EVET,0.0068,0
cab|saglik_diger|yok|tum|f1|hizli|onbellek|p2,0,0,EVET,0.0084,0
cab|saglik_diger|yok|tum|f1|hizli|onbellek|p3,0,0,EVET,0.0131,0
cab|saglik_diger|yok|tum|f1|hizli|onbellek|p4,0,0,EVET,0.0122,0
cab|saglik_diger|yok|tum|f1|orta|taze|p0,0,0,EVET,0.0083,0
cab|saglik_diger|yok|tum|f1|orta|taze|p1,0,0,EVET,0.0083,0
cab|saglik_diger|yok|tum|f1|orta|taze|p2,0,0,EVET,0.0083,0
cab|saglik_diger|yok|tum|f1|orta|taze|p3,0,0,EVET,0.0134,0
cab|saglik_diger|yok|tum|f1|orta|taze|p4,0,0,EVET,0.0126,0
cab|saglik_diger|yok|tum|f1|orta|sabit|p0,0,0,EVET,0.0073,0
cab|saglik_diger|yok|tum|f1|orta|sabit|p1,0,0,EVET,0.0078,0
cab|saglik_diger|yok|tum|f1|orta|sabit|p2,0,0,EVET,0.0064,0
cab|saglik_diger|yok|tum|f1|orta|sabit|p3,0,0,EVET,0.0108,0
cab|saglik_diger|yok|tum|f1|orta|sabit|p4,0,0,EVET,0.0102,0
cab|saglik_diger|yok|tum|f1|orta|onbellek|p0,0,0,EVET,0.0069,0
cab|saglik_diger|yok|tum|f1|orta|onbellek|p1,0,0,EVET,0.007,0
cab|saglik_diger|yok|tum|f1|orta|onbellek|p2,0,0,EVET,0.0068,0
cab|saglik_diger|yok|tum|f1|orta|onbellek|p3,0,0,EVET,0.0129,0
cab|saglik_diger|yok|tum|f1|orta|onbellek|p4,0,0,EVET,0.0124,0
cab|saglik_diger|yok|tum|f1|yavas|taze|p0,0,0,EVET,0.0069,0
cab|saglik_diger|yok|tum|f1|yavas|taze|p1,0,0,EVET,0.0068,0
cab|saglik_diger|yok|tum|f1|yavas|taze|p2,0,0,EVET,0.0087,0
cab|saglik_diger|yok|tum|f1|yavas|taze|p3,0,0,EVET,0.0128,0
cab|saglik_diger|yok|tum|f1|yavas|taze|p4,0,0,EVET,0.0126,0
cab|saglik_diger|yok|tum|f1|yavas|sabit|p0,0,0,EVET,0.0077,0
cab|saglik_diger|yok|tum|f1|yavas|sabit|p1,0,0,EVET,0.0073,0
cab|saglik_diger|yok|tum|f1|yavas|sabit|p2,0,0,EVET,0.0077,0
cab|saglik_diger|yok|tum|f1|yavas|sabit|p3,0,0,EVET,0.0134,0
cab|saglik_diger|yok|tum|f1|yavas|sabit|p4,0,0,EVET,0.0114,0
cab|saglik_diger|yok|tum|f1|yavas|onbellek|p0,0,0,EVET,0.007,0
cab|saglik_diger|yok|tum|f1|yavas|onbellek|p1,0,0,EVET,0.0069,0
cab|saglik_diger|yok|tum|f1|yavas|onbellek|p2,0,0,EVET,0.007,0
cab|saglik_diger|yok|tum|f1|yavas|onbellek|p3,0,0,EVET,0.0108,0
cab|saglik_diger|yok|tum|f1|yavas|onbellek|p4,0,0,EVET,0.0101,0
cab|saglik_diger|yok|tum|f2|hizli|taze|p0,0,0,EVET,0.0075,0
cab|saglik_diger|yok|tum|f2|hizli|taze|p1,0,0,EVET,0.0079,0
cab|saglik_diger|yok|tum|f2|hizli|taze|p2,0,0,EVET,0.0081,0
cab|saglik_diger|yok|tum|f2|hizli|taze|p3,0,0,EVET,0.0108,0
cab|saglik_diger|yok|tum|f2|hizli|taze|p4,0,0,EVET,0.0099,0
cab|saglik_diger|yok|tum|f2|hizli|sabit|p0,0,0,EVET,0.0075,0
cab|saglik_diger|yok|tum|f2|hizli|sabit|p1,0,0,EVET,0.0072,0
cab|saglik_diger|yok|tum|f2|hizli|sabit|p2,0,0,EVET,0.006,0
cab|saglik_diger|yok|tum|f2|hizli|sabit|p3,0,0,EVET,0.0106,0
cab|saglik_diger|yok|tum|f2|hizli|sabit|p4,0,0,EVET,0.0123,0
cab|saglik_diger|yok|tum|f2|hizli|onbellek|p0,0,0,EVET,0.0084,0
cab|saglik_diger|yok|tum|f2|hizli|onbellek|p1,0,0,EVET,0.0081,0
cab|saglik_diger|yok|tum|f2|hizli|onbellek|p2,0,0,EVET,0.0094,0
cab|saglik_diger|yok|tum|f2|hizli|onbellek|p3,0,0,EVET,0.0128,0
cab|saglik_diger|yok|tum|f2|hizli|onbellek|p4,0,0,EVET,0.0121,0
cab|saglik_diger|yok|tum|f2|orta|taze|p0,0,0,EVET,0.0078,0
cab|saglik_diger|yok|tum|f2|orta|taze|p1,0,0,EVET,0.0079,0
cab|saglik_diger|yok|tum|f2|orta|taze|p2,0,0,EVET,0.0082,0
cab|saglik_diger|yok|tum|f2|orta|taze|p3,0,0,EVET,0.013,0
cab|saglik_diger|yok|tum|f2|orta|taze|p4,0,0,EVET,0.0132,0
cab|saglik_diger|yok|tum|f2|orta|sabit|p0,0,0,EVET,0.0074,0
cab|saglik_diger|yok|tum|f2|orta|sabit|p1,0,0,EVET,0.0066,0
cab|saglik_diger|yok|tum|f2|orta|sabit|p2,0,0,EVET,0.0075,0
cab|saglik_diger|yok|tum|f2|orta|sabit|p3,0,0,EVET,0.0132,0
cab|saglik_diger|yok|tum|f2|orta|sabit|p4,0,0,EVET,0.0106,0
cab|saglik_diger|yok|tum|f2|orta|onbellek|p0,0,0,EVET,0.007,0
cab|saglik_diger|yok|tum|f2|orta|onbellek|p1,0,0,EVET,0.0067,0
cab|saglik_diger|yok|tum|f2|orta|onbellek|p2,0,0,EVET,0.0069,0
cab|saglik_diger|yok|tum|f2|orta|onbellek|p3,0,0,EVET,0.0112,0
cab|saglik_diger|yok|tum|f2|orta|onbellek|p4,0,0,EVET,0.0102,0
cab|saglik_diger|yok|tum|f2|yavas|taze|p0,0,0,EVET,0.0074,0
cab|saglik_diger|yok|tum|f2|yavas|taze|p1,0,0,EVET,0.008,0
cab|saglik_diger|yok|tum|f2|yavas|taze|p2,0,0,EVET,0.0083,0
cab|saglik_diger|yok|tum|f2|yavas|taze|p3,0,0,EVET,0.0139,0
cab|saglik_diger|yok|tum|f2|yavas|taze|p4,0,0,EVET,0.0125,0
cab|saglik_diger|yok|tum|f2|yavas|sabit|p0,0,0,EVET,0.008,0
cab|saglik_diger|yok|tum|f2|yavas|sabit|p1,0,0,EVET,0.008,0
cab|saglik_diger|yok|tum|f2|yavas|sabit|p2,0,0,EVET,0.0065,0
cab|saglik_diger|yok|tum|f2|yavas|sabit|p3,0,0,EVET,0.0112,0
cab|saglik_diger|yok|tum|f2|yavas|sabit|p4,0,0,EVET,0.0123,0
cab|saglik_diger|yok|tum|f2|yavas|onbellek|p0,0,0,EVET,0.0082,0
cab|saglik_diger|yok|tum|f2|yavas|onbellek|p1,0,0,EVET,0.0086,0
cab|saglik_diger|yok|tum|f2|yavas|onbellek|p2,0,0,EVET,0.0083,0
cab|saglik_diger|yok|tum|f2|yavas|onbellek|p3,0,0,EVET,0.0135,0
cab|saglik_diger|yok|tum|f2|yavas|onbellek|p4,0,0,EVET,0.0125,0
cab|saglik_diger|yok|tum|f3|hizli|taze|p0,0,0,EVET,0.0071,0
cab|saglik_diger|yok|tum|f3|hizli|taze|p1,0,0,EVET,0.007,0
cab|saglik_diger|yok|tum|f3|hizli|taze|p2,0,0,EVET,0.0069,0
cab|saglik_diger|yok|tum|f3|hizli|taze|p3,0,0,EVET,0.0109,0
cab|saglik_diger|yok|tum|f3|hizli|taze|p4,0,0,EVET,0.0105,0
cab|saglik_diger|yok|tum|f3|hizli|sabit|p0,0,0,EVET,0.0066,0
cab|saglik_diger|yok|tum|f3|hizli|sabit|p1,0,0,EVET,0.0072,0
cab|saglik_diger|yok|tum|f3|hizli|sabit|p2,0,0,EVET,0.0071,0
cab|saglik_diger|yok|tum|f3|hizli|sabit|p3,0,0,EVET,0.0138,0
cab|saglik_diger|yok|tum|f3|hizli|sabit|p4,0,0,EVET,0.0122,0
cab|saglik_diger|yok|tum|f3|hizli|onbellek|p0,0,0,EVET,0.0069,0
cab|saglik_diger|yok|tum|f3|hizli|onbellek|p1,0,0,EVET,0.0071,0
cab|saglik_diger|yok|tum|f3|hizli|onbellek|p2,0,0,EVET,0.0084,0
cab|saglik_diger|yok|tum|f3|hizli|onbellek|p3,0,0,EVET,0.0117,0
cab|saglik_diger|yok|tum|f3|hizli|onbellek|p4,0,0,EVET,0.0125,0
cab|saglik_diger|yok|tum|f3|orta|taze|p0,0,0,EVET,0.0084,0
cab|saglik_diger|yok|tum|f3|orta|taze|p1,0,0,EVET,0.0095,0
cab|saglik_diger|yok|tum|f3|orta|taze|p2,0,0,EVET,0.0079,0
cab|saglik_diger|yok|tum|f3|orta|taze|p3,0,0,EVET,0.0129,0
cab|saglik_diger|yok|tum|f3|orta|taze|p4,0,0,EVET,0.0123,0
cab|saglik_diger|yok|tum|f3|orta|sabit|p0,0,0,EVET,0.0078,0
cab|saglik_diger|yok|tum|f3|orta|sabit|p1,0,0,EVET,0.0077,0
cab|saglik_diger|yok|tum|f3|orta|sabit|p2,0,0,EVET,0.0064,0
cab|saglik_diger|yok|tum|f3|orta|sabit|p3,0,0,EVET,0.0108,0
cab|saglik_diger|yok|tum|f3|orta|sabit|p4,0,0,EVET,0.0122,0
cab|saglik_diger|yok|tum|f3|orta|onbellek|p0,0,0,EVET,0.0086,0
cab|saglik_diger|yok|tum|f3|orta|onbellek|p1,0,0,EVET,0.0072,0
cab|saglik_diger|yok|tum|f3|orta|onbellek|p2,0,0,EVET,0.0071,0
cab|saglik_diger|yok|tum|f3|orta|onbellek|p3,0,0,EVET,0.011,0
cab|saglik_diger|yok|tum|f3|orta|onbellek|p4,0,0,EVET,0.0103,0
cab|saglik_diger|yok|tum|f3|yavas|taze|p0,0,0,EVET,0.007,0
cab|saglik_diger|yok|tum|f3|yavas|taze|p1,0,0,EVET,0.008,0
cab|saglik_diger|yok|tum|f3|yavas|taze|p2,0,0,EVET,0.0084,0
cab|saglik_diger|yok|tum|f3|yavas|taze|p3,0,0,EVET,0.0129,0
cab|saglik_diger|yok|tum|f3|yavas|taze|p4,0,0,EVET,0.0124,0
cab|saglik_diger|yok|tum|f3|yavas|sabit|p0,0,0,EVET,0.0077,0
cab|saglik_diger|yok|tum|f3|yavas|sabit|p1,0,0,EVET,0.0071,0
cab|saglik_diger|yok|tum|f3|yavas|sabit|p2,0,0,EVET,0.0072,0
cab|saglik_diger|yok|tum|f3|yavas|sabit|p3,0,0,EVET,0.0132,0
cab|saglik_diger|yok|tum|f3|yavas|sabit|p4,0,0,EVET,0.0124,0
cab|saglik_diger|yok|tum|f3|yavas|onbellek|p0,0,0,EVET,0.0072,0
cab|saglik_diger|yok|tum|f3|yavas|onbellek|p1,0,0,EVET,0.0071,0
cab|saglik_diger|yok|tum|f3|yavas|onbellek|p2,0,0,EVET,0.0069,0
cab|saglik_diger|yok|tum|f3|yavas|onbellek|p3,0,0,EVET,0.0115,0
cab|saglik_diger|yok|tum|f3|yavas|onbellek|p4,0,0,EVET,0.0105,0
cab|saglik_diger|var|g1|f1|hizli|taze|p0,0,0,EVET,0.0049,0
cab|saglik_diger|var|g1|f1|hizli|taze|p1,0,0,EVET,0.0055,0
cab|saglik_diger|var|g1|f1|hizli|taze|p2,0,0,EVET,0.0055,0
cab|saglik_diger|var|g1|f1|hizli|taze|p3,0,0,EVET,0.0079,0
cab|saglik_diger|var|g1|f1|hizli|taze|p4,0,0,EVET,0.0071,0
cab|saglik_diger|var|g1|f1|hizli|sabit|p0,0,0,EVET,0.0045,0
cab|saglik_diger|var|g1|f1|hizli|sabit|p1,0,0,EVET,0.0053,0
cab|saglik_diger|var|g1|f1|hizli|sabit|p2,0,0,EVET,0.0047,0
cab|saglik_diger|var|g1|f1|hizli|sabit|p3,0,0,EVET,0.0094,0
cab|saglik_diger|var|g1|f1|hizli|sabit|p4,0,0,EVET,0.0076,0
cab|saglik_diger|var|g1|f1|hizli|onbellek|p0,0,0,EVET,0.0046,0
cab|saglik_diger|var|g1|f1|hizli|onbellek|p1,0,0,EVET,0.0056,0
cab|saglik_diger|var|g1|f1|hizli|onbellek|p2,0,0,EVET,0.0052,0
cab|saglik_diger|var|g1|f1|hizli|onbellek|p3,0,0,EVET,0.009,0
cab|saglik_diger|var|g1|f1|hizli|onbellek|p4,0,0,EVET,0.0084,0
cab|saglik_diger|var|g1|f1|orta|taze|p0,0,0,EVET,0.0053,0
cab|saglik_diger|var|g1|f1|orta|taze|p1,0,0,EVET,0.0052,0
cab|saglik_diger|var|g1|f1|orta|taze|p2,0,0,EVET,0.0046,0
cab|saglik_diger|var|g1|f1|orta|taze|p3,0,0,EVET,0.0076,0
cab|saglik_diger|var|g1|f1|orta|taze|p4,0,0,EVET,0.0072,0
cab|saglik_diger|var|g1|f1|orta|sabit|p0,0,0,EVET,0.0038,0
cab|saglik_diger|var|g1|f1|orta|sabit|p1,0,0,EVET,0.0045,0
cab|saglik_diger|var|g1|f1|orta|sabit|p2,0,0,EVET,0.005,0
cab|saglik_diger|var|g1|f1|orta|sabit|p3,0,0,EVET,0.0089,0
cab|saglik_diger|var|g1|f1|orta|sabit|p4,0,0,EVET,0.0084,0
cab|saglik_diger|var|g1|f1|orta|onbellek|p0,0,0,EVET,0.0046,0
cab|saglik_diger|var|g1|f1|orta|onbellek|p1,0,0,EVET,0.0045,0
cab|saglik_diger|var|g1|f1|orta|onbellek|p2,0,0,EVET,0.0046,0
cab|saglik_diger|var|g1|f1|orta|onbellek|p3,0,0,EVET,0.0077,0
cab|saglik_diger|var|g1|f1|orta|onbellek|p4,0,0,EVET,0.009,0
cab|saglik_diger|var|g1|f1|yavas|taze|p0,0,0,EVET,0.0054,0
cab|saglik_diger|var|g1|f1|yavas|taze|p1,0,0,EVET,0.0052,0
cab|saglik_diger|var|g1|f1|yavas|taze|p2,0,0,EVET,0.0054,0
cab|saglik_diger|var|g1|f1|yavas|taze|p3,0,0,EVET,0.0088,0
cab|saglik_diger|var|g1|f1|yavas|taze|p4,0,0,EVET,0.0081,0
cab|saglik_diger|var|g1|f1|yavas|sabit|p0,0,0,EVET,0.0049,0
cab|saglik_diger|var|g1|f1|yavas|sabit|p1,0,0,EVET,0.0049,0
cab|saglik_diger|var|g1|f1|yavas|sabit|p2,0,0,EVET,0.0038,0
cab|saglik_diger|var|g1|f1|yavas|sabit|p3,0,0,EVET,0.0077,0
cab|saglik_diger|var|g1|f1|yavas|sabit|p4,0,0,EVET,0.0071,0
cab|saglik_diger|var|g1|f1|yavas|onbellek|p0,0,0,EVET,0.0045,0
cab|saglik_diger|var|g1|f1|yavas|onbellek|p1,0,0,EVET,0.0046,0
cab|saglik_diger|var|g1|f1|yavas|onbellek|p2,0,0,EVET,0.0045,0
cab|saglik_diger|var|g1|f1|yavas|onbellek|p3,0,0,EVET,0.009,0
cab|saglik_diger|var|g1|f1|yavas|onbellek|p4,0,0,EVET,0.0087,0
cab|saglik_diger|var|g1|f2|hizli|taze|p0,0,0,EVET,0.0045,0
cab|saglik_diger|var|g1|f2|hizli|taze|p1,0,0,EVET,0.0046,0
cab|saglik_diger|var|g1|f2|hizli|taze|p2,0,0,EVET,0.0052,0
cab|saglik_diger|var|g1|f2|hizli|taze|p3,0,0,EVET,0.0085,0
cab|saglik_diger|var|g1|f2|hizli|taze|p4,0,0,EVET,0.0088,0
cab|saglik_diger|var|g1|f2|hizli|sabit|p0,0,0,EVET,0.0047,0
cab|saglik_diger|var|g1|f2|hizli|sabit|p1,0,0,EVET,0.0043,0
cab|saglik_diger|var|g1|f2|hizli|sabit|p2,0,0,EVET,0.0046,0
cab|saglik_diger|var|g1|f2|hizli|sabit|p3,0,0,EVET,0.0088,0
cab|saglik_diger|var|g1|f2|hizli|sabit|p4,0,0,EVET,0.008,0
cab|saglik_diger|var|g1|f2|hizli|onbellek|p0,0,0,EVET,0.0047,0
cab|saglik_diger|var|g1|f2|hizli|onbellek|p1,0,0,EVET,0.0046,0
cab|saglik_diger|var|g1|f2|hizli|onbellek|p2,0,0,EVET,0.0046,0
cab|saglik_diger|var|g1|f2|hizli|onbellek|p3,0,0,EVET,0.0078,0
cab|saglik_diger|var|g1|f2|hizli|onbellek|p4,0,0,EVET,0.0096,0
cab|saglik_diger|var|g1|f2|orta|taze|p0,0,0,EVET,0.0059,0
cab|saglik_diger|var|g1|f2|orta|taze|p1,0,0,EVET,0.006,0
cab|saglik_diger|var|g1|f2|orta|taze|p2,0,0,EVET,0.0054,0
cab|saglik_diger|var|g1|f2|orta|taze|p3,0,0,EVET,0.0078,0
cab|saglik_diger|var|g1|f2|orta|taze|p4,0,0,EVET,0.007,0
cab|saglik_diger|var|g1|f2|orta|sabit|p0,0,0,EVET,0.0049,0
cab|saglik_diger|var|g1|f2|orta|sabit|p1,0,0,EVET,0.0046,0
cab|saglik_diger|var|g1|f2|orta|sabit|p2,0,0,EVET,0.0038,0
cab|saglik_diger|var|g1|f2|orta|sabit|p3,0,0,EVET,0.0075,0
cab|saglik_diger|var|g1|f2|orta|sabit|p4,0,0,EVET,0.0073,0
cab|saglik_diger|var|g1|f2|orta|onbellek|p0,0,0,EVET,0.0046,0
cab|saglik_diger|var|g1|f2|orta|onbellek|p1,0,0,EVET,0.0056,0
cab|saglik_diger|var|g1|f2|orta|onbellek|p2,0,0,EVET,0.0055,0
cab|saglik_diger|var|g1|f2|orta|onbellek|p3,0,0,EVET,0.0088,0
cab|saglik_diger|var|g1|f2|orta|onbellek|p4,0,0,EVET,0.0085,0
cab|saglik_diger|var|g1|f2|yavas|taze|p0,0,0,EVET,0.0044,0
cab|saglik_diger|var|g1|f2|yavas|taze|p1,0,0,EVET,0.0043,0
cab|saglik_diger|var|g1|f2|yavas|taze|p2,0,0,EVET,0.0053,0
cab|saglik_diger|var|g1|f2|yavas|taze|p3,0,0,EVET,0.0084,0
cab|saglik_diger|var|g1|f2|yavas|taze|p4,0,0,EVET,0.009,0
cab|saglik_diger|var|g1|f2|yavas|sabit|p0,0,0,EVET,0.0047,0
cab|saglik_diger|var|g1|f2|yavas|sabit|p1,0,0,EVET,0.0044,0
cab|saglik_diger|var|g1|f2|yavas|sabit|p2,0,0,EVET,0.0044,0
cab|saglik_diger|var|g1|f2|yavas|sabit|p3,0,0,EVET,0.0099,0
cab|saglik_diger|var|g1|f2|yavas|sabit|p4,0,0,EVET,0.009,0
cab|saglik_diger|var|g1|f2|yavas|onbellek|p0,0,0,EVET,0.0045,0
cab|saglik_diger|var|g1|f2|yavas|onbellek|p1,0,0,EVET,0.0044,0
cab|saglik_diger|var|g1|f2|yavas|onbellek|p2,0,0,EVET,0.0044,0
cab|saglik_diger|var|g1|f2|yavas|onbellek|p3,0,0,EVET,0.0074,0
cab|saglik_diger|var|g1|f2|yavas|onbellek|p4,0,0,EVET,0.0083,0
cab|saglik_diger|var|g1|f3|hizli|taze|p0,0,0,EVET,0.0054,0
cab|saglik_diger|var|g1|f3|hizli|taze|p1,0,0,EVET,0.0044,0
cab|saglik_diger|var|g1|f3|hizli|taze|p2,0,0,EVET,0.0044,0
cab|saglik_diger|var|g1|f3|hizli|taze|p3,0,0,EVET,0.0094,0
cab|saglik_diger|var|g1|f3|hizli|taze|p4,0,0,EVET,0.0086,0
cab|saglik_diger|var|g1|f3|hizli|sabit|p0,0,0,EVET,0.0043,0
cab|saglik_diger|var|g1|f3|hizli|sabit|p1,0,0,EVET,0.0043,0
cab|saglik_diger|var|g1|f3|hizli|sabit|p2,0,0,EVET,0.0039,0
cab|saglik_diger|var|g1|f3|hizli|sabit|p3,0,0,EVET,0.0076,0
cab|saglik_diger|var|g1|f3|hizli|sabit|p4,0,0,EVET,0.0086,0
cab|saglik_diger|var|g1|f3|hizli|onbellek|p0,0,0,EVET,0.0057,0
cab|saglik_diger|var|g1|f3|hizli|onbellek|p1,0,0,EVET,0.0044,0
cab|saglik_diger|var|g1|f3|hizli|onbellek|p2,0,0,EVET,0.0043,0
cab|saglik_diger|var|g1|f3|hizli|onbellek|p3,0,0,EVET,0.0092,0
cab|saglik_diger|var|g1|f3|hizli|onbellek|p4,0,0,EVET,0.0121,0
cab|saglik_diger|var|g1|f3|orta|taze|p0,0,0,EVET,0.0044,0
cab|saglik_diger|var|g1|f3|orta|taze|p1,0,0,EVET,0.0043,0
cab|saglik_diger|var|g1|f3|orta|taze|p2,0,0,EVET,0.0044,0
cab|saglik_diger|var|g1|f3|orta|taze|p3,0,0,EVET,0.0109,0
cab|saglik_diger|var|g1|f3|orta|taze|p4,0,0,EVET,0.0081,0
cab|saglik_diger|var|g1|f3|orta|sabit|p0,0,0,EVET,0.0061,0
cab|saglik_diger|var|g1|f3|orta|sabit|p1,0,0,EVET,0.0045,0
cab|saglik_diger|var|g1|f3|orta|sabit|p2,0,0,EVET,0.0045,0
cab|saglik_diger|var|g1|f3|orta|sabit|p3,0,0,EVET,0.0172,0
cab|saglik_diger|var|g1|f3|orta|sabit|p4,0,0,EVET,0.0072,0
cab|saglik_diger|var|g1|f3|orta|onbellek|p0,0,0,EVET,0.0043,0
cab|saglik_diger|var|g1|f3|orta|onbellek|p1,0,0,EVET,0.0044,0
cab|saglik_diger|var|g1|f3|orta|onbellek|p2,0,0,EVET,0.0043,0
cab|saglik_diger|var|g1|f3|orta|onbellek|p3,0,0,EVET,0.0118,0
cab|saglik_diger|var|g1|f3|orta|onbellek|p4,0,0,EVET,0.007,0
cab|saglik_diger|var|g1|f3|yavas|taze|p0,0,0,EVET,0.005,0
cab|saglik_diger|var|g1|f3|yavas|taze|p1,0,0,EVET,0.0133,0
cab|saglik_diger|var|g1|f3|yavas|taze|p2,0,0,EVET,0.0063,0
cab|saglik_diger|var|g1|f3|yavas|taze|p3,0,0,EVET,0.0194,0
cab|saglik_diger|var|g1|f3|yavas|taze|p4,0,0,EVET,0.0194,0
cab|saglik_diger|var|g1|f3|yavas|sabit|p0,0,0,EVET,0.0037,0
cab|saglik_diger|var|g1|f3|yavas|sabit|p1,0,0,EVET,0.0038,0
cab|saglik_diger|var|g1|f3|yavas|sabit|p2,0,0,EVET,0.0046,0
cab|saglik_diger|var|g1|f3|yavas|sabit|p3,0,0,EVET,0.0089,0
cab|saglik_diger|var|g1|f3|yavas|sabit|p4,0,0,EVET,0.0209,0
cab|saglik_diger|var|g1|f3|yavas|onbellek|p0,0,0,EVET,0.0057,0
cab|saglik_diger|var|g1|f3|yavas|onbellek|p1,0,0,EVET,0.0067,0
cab|saglik_diger|var|g1|f3|yavas|onbellek|p2,0,0,EVET,0.0159,0
cab|saglik_diger|var|g1|f3|yavas|onbellek|p3,0,0,EVET,0.0078,0
cab|saglik_diger|var|g1|f3|yavas|onbellek|p4,0,0,EVET,0.0077,0
cab|saglik_diger|var|g2|f1|hizli|taze|p0,0,0,EVET,0.0064,0
cab|saglik_diger|var|g2|f1|hizli|taze|p1,0,0,EVET,0.0058,0
cab|saglik_diger|var|g2|f1|hizli|taze|p2,0,0,EVET,0.0048,0
cab|saglik_diger|var|g2|f1|hizli|taze|p3,0,0,EVET,0.0088,0
cab|saglik_diger|var|g2|f1|hizli|taze|p4,0,0,EVET,0.0081,0
cab|saglik_diger|var|g2|f1|hizli|sabit|p0,0,0,EVET,0.0044,0
cab|saglik_diger|var|g2|f1|hizli|sabit|p1,0,0,EVET,0.0162,0
cab|saglik_diger|var|g2|f1|hizli|sabit|p2,0,0,EVET,0.0131,0
cab|saglik_diger|var|g2|f1|hizli|sabit|p3,0,0,EVET,0.0095,0
cab|saglik_diger|var|g2|f1|hizli|sabit|p4,0,0,EVET,0.0082,0
cab|saglik_diger|var|g2|f1|hizli|onbellek|p0,0,0,EVET,0.0059,0
cab|saglik_diger|var|g2|f1|hizli|onbellek|p1,0,0,EVET,0.0057,0
cab|saglik_diger|var|g2|f1|hizli|onbellek|p2,0,0,EVET,0.0058,0
cab|saglik_diger|var|g2|f1|hizli|onbellek|p3,0,0,EVET,0.0119,0
cab|saglik_diger|var|g2|f1|hizli|onbellek|p4,0,0,EVET,0.01,0
cab|saglik_diger|var|g2|f1|orta|taze|p0,0,0,EVET,0.0054,0
cab|saglik_diger|var|g2|f1|orta|taze|p1,0,0,EVET,0.0051,0
cab|saglik_diger|var|g2|f1|orta|taze|p2,0,0,EVET,0.0054,0
cab|saglik_diger|var|g2|f1|orta|taze|p3,0,0,EVET,0.0087,0
cab|saglik_diger|var|g2|f1|orta|taze|p4,0,0,EVET,0.0099,0
cab|saglik_diger|var|g2|f1|orta|sabit|p0,0,0,EVET,0.0049,0
cab|saglik_diger|var|g2|f1|orta|sabit|p1,0,0,EVET,0.005,0
cab|saglik_diger|var|g2|f1|orta|sabit|p2,0,0,EVET,0.0144,0
cab|saglik_diger|var|g2|f1|orta|sabit|p3,0,0,EVET,0.0105,0
cab|saglik_diger|var|g2|f1|orta|sabit|p4,0,0,EVET,0.0097,0
cab|saglik_diger|var|g2|f1|orta|onbellek|p0,0,0,EVET,0.0061,0
cab|saglik_diger|var|g2|f1|orta|onbellek|p1,0,0,EVET,0.0053,0
cab|saglik_diger|var|g2|f1|orta|onbellek|p2,0,0,EVET,0.0051,0
cab|saglik_diger|var|g2|f1|orta|onbellek|p3,0,0,EVET,0.0109,0
cab|saglik_diger|var|g2|f1|orta|onbellek|p4,0,0,EVET,0.0098,0
cab|saglik_diger|var|g2|f1|yavas|taze|p0,0,0,EVET,0.0058,0
cab|saglik_diger|var|g2|f1|yavas|taze|p1,0,0,EVET,0.0053,0
cab|saglik_diger|var|g2|f1|yavas|taze|p2,0,0,EVET,0.0057,0
cab|saglik_diger|var|g2|f1|yavas|taze|p3,0,0,EVET,0.0092,0
cab|saglik_diger|var|g2|f1|yavas|taze|p4,0,0,EVET,0.0095,0
cab|saglik_diger|var|g2|f1|yavas|sabit|p0,0,0,EVET,0.0051,0
cab|saglik_diger|var|g2|f1|yavas|sabit|p1,0,0,EVET,0.0053,0
cab|saglik_diger|var|g2|f1|yavas|sabit|p2,0,0,EVET,0.0051,0
cab|saglik_diger|var|g2|f1|yavas|sabit|p3,0,0,EVET,0.0111,0
cab|saglik_diger|var|g2|f1|yavas|sabit|p4,0,0,EVET,0.009,0
cab|saglik_diger|var|g2|f1|yavas|onbellek|p0,0,0,EVET,0.0056,0
cab|saglik_diger|var|g2|f1|yavas|onbellek|p1,0,0,EVET,0.0053,0
cab|saglik_diger|var|g2|f1|yavas|onbellek|p2,0,0,EVET,0.006,0
cab|saglik_diger|var|g2|f1|yavas|onbellek|p3,0,0,EVET,0.0099,0
cab|saglik_diger|var|g2|f1|yavas|onbellek|p4,0,0,EVET,0.0082,0
cab|saglik_diger|var|g2|f2|hizli|taze|p0,0,0,EVET,0.005,0
cab|saglik_diger|var|g2|f2|hizli|taze|p1,0,0,EVET,0.0057,0
cab|saglik_diger|var|g2|f2|hizli|taze|p2,0,0,EVET,0.0056,0
cab|saglik_diger|var|g2|f2|hizli|taze|p3,0,0,EVET,0.0089,0
cab|saglik_diger|var|g2|f2|hizli|taze|p4,0,0,EVET,0.008,0
cab|saglik_diger|var|g2|f2|hizli|sabit|p0,0,0,EVET,0.0044,0
cab|saglik_diger|var|g2|f2|hizli|sabit|p1,0,0,EVET,0.0045,0
cab|saglik_diger|var|g2|f2|hizli|sabit|p2,0,0,EVET,0.0058,0
cab|saglik_diger|var|g2|f2|hizli|sabit|p3,0,0,EVET,0.0112,0
cab|saglik_diger|var|g2|f2|hizli|sabit|p4,0,0,EVET,0.0096,0
cab|saglik_diger|var|g2|f2|hizli|onbellek|p0,0,0,EVET,0.0059,0
cab|saglik_diger|var|g2|f2|hizli|onbellek|p1,0,0,EVET,0.0051,0
cab|saglik_diger|var|g2|f2|hizli|onbellek|p2,0,0,EVET,0.005,0
cab|saglik_diger|var|g2|f2|hizli|onbellek|p3,0,0,EVET,0.01,0
cab|saglik_diger|var|g2|f2|hizli|onbellek|p4,0,0,EVET,0.0097,0
cab|saglik_diger|var|g2|f2|orta|taze|p0,0,0,EVET,0.0058,0
cab|saglik_diger|var|g2|f2|orta|taze|p1,0,0,EVET,0.0058,0
cab|saglik_diger|var|g2|f2|orta|taze|p2,0,0,EVET,0.0057,0
cab|saglik_diger|var|g2|f2|orta|taze|p3,0,0,EVET,0.0099,0
cab|saglik_diger|var|g2|f2|orta|taze|p4,0,0,EVET,0.0079,0
cab|saglik_diger|var|g2|f2|orta|sabit|p0,0,0,EVET,0.0044,0
cab|saglik_diger|var|g2|f2|orta|sabit|p1,0,0,EVET,0.0046,0
cab|saglik_diger|var|g2|f2|orta|sabit|p2,0,0,EVET,0.0043,0
cab|saglik_diger|var|g2|f2|orta|sabit|p3,0,0,EVET,0.0096,0
cab|saglik_diger|var|g2|f2|orta|sabit|p4,0,0,EVET,0.0081,0
cab|saglik_diger|var|g2|f2|orta|onbellek|p0,0,0,EVET,0.0054,0
cab|saglik_diger|var|g2|f2|orta|onbellek|p1,0,0,EVET,0.0058,0
cab|saglik_diger|var|g2|f2|orta|onbellek|p2,0,0,EVET,0.0053,0
cab|saglik_diger|var|g2|f2|orta|onbellek|p3,0,0,EVET,0.0086,0
cab|saglik_diger|var|g2|f2|orta|onbellek|p4,0,0,EVET,0.0096,0
cab|saglik_diger|var|g2|f2|yavas|taze|p0,0,0,EVET,0.0059,0
cab|saglik_diger|var|g2|f2|yavas|taze|p1,0,0,EVET,0.0051,0
cab|saglik_diger|var|g2|f2|yavas|taze|p2,0,0,EVET,0.0051,0
cab|saglik_diger|var|g2|f2|yavas|taze|p3,0,0,EVET,0.0111,0
cab|saglik_diger|var|g2|f2|yavas|taze|p4,0,0,EVET,0.0093,0
cab|saglik_diger|var|g2|f2|yavas|sabit|p0,0,0,EVET,0.005,0
cab|saglik_diger|var|g2|f2|yavas|sabit|p1,0,0,EVET,0.0049,0
cab|saglik_diger|var|g2|f2|yavas|sabit|p2,0,0,EVET,0.0046,0
cab|saglik_diger|var|g2|f2|yavas|sabit|p3,0,0,EVET,0.0085,0
cab|saglik_diger|var|g2|f2|yavas|sabit|p4,0,0,EVET,0.0087,0
cab|saglik_diger|var|g2|f2|yavas|onbellek|p0,0,0,EVET,0.0053,0
cab|saglik_diger|var|g2|f2|yavas|onbellek|p1,0,0,EVET,0.0058,0
cab|saglik_diger|var|g2|f2|yavas|onbellek|p2,0,0,EVET,0.0058,0
cab|saglik_diger|var|g2|f2|yavas|onbellek|p3,0,0,EVET,0.0106,0
cab|saglik_diger|var|g2|f2|yavas|onbellek|p4,0,0,EVET,0.0092,0
cab|saglik_diger|var|g2|f3|hizli|taze|p0,0,0,EVET,0.0051,0
cab|saglik_diger|var|g2|f3|hizli|taze|p1,0,0,EVET,0.0051,0
cab|saglik_diger|var|g2|f3|hizli|taze|p2,0,0,EVET,0.0066,0
cab|saglik_diger|var|g2|f3|hizli|taze|p3,0,0,EVET,0.0113,0
cab|saglik_diger|var|g2|f3|hizli|taze|p4,0,0,EVET,0.0091,0
cab|saglik_diger|var|g2|f3|hizli|sabit|p0,0,0,EVET,0.0048,0
cab|saglik_diger|var|g2|f3|hizli|sabit|p1,0,0,EVET,0.0043,0
cab|saglik_diger|var|g2|f3|hizli|sabit|p2,0,0,EVET,0.0043,0
cab|saglik_diger|var|g2|f3|hizli|sabit|p3,0,0,EVET,0.0099,0
cab|saglik_diger|var|g2|f3|hizli|sabit|p4,0,0,EVET,0.0093,0
cab|saglik_diger|var|g2|f3|hizli|onbellek|p0,0,0,EVET,0.005,0
cab|saglik_diger|var|g2|f3|hizli|onbellek|p1,0,0,EVET,0.005,0
cab|saglik_diger|var|g2|f3|hizli|onbellek|p2,0,0,EVET,0.0057,0
cab|saglik_diger|var|g2|f3|hizli|onbellek|p3,0,0,EVET,0.0095,0
cab|saglik_diger|var|g2|f3|hizli|onbellek|p4,0,0,EVET,0.008,0
cab|saglik_diger|var|g2|f3|orta|taze|p0,0,0,EVET,0.005,0
cab|saglik_diger|var|g2|f3|orta|taze|p1,0,0,EVET,0.0056,0
cab|saglik_diger|var|g2|f3|orta|taze|p2,0,0,EVET,0.006,0
cab|saglik_diger|var|g2|f3|orta|taze|p3,0,0,EVET,0.0087,0
cab|saglik_diger|var|g2|f3|orta|taze|p4,0,0,EVET,0.008,0
cab|saglik_diger|var|g2|f3|orta|sabit|p0,0,0,EVET,0.0044,0
cab|saglik_diger|var|g2|f3|orta|sabit|p1,0,0,EVET,0.0043,0
cab|saglik_diger|var|g2|f3|orta|sabit|p2,0,0,EVET,0.0042,0
cab|saglik_diger|var|g2|f3|orta|sabit|p3,0,0,EVET,0.0084,0
cab|saglik_diger|var|g2|f3|orta|sabit|p4,0,0,EVET,0.009,0
cab|saglik_diger|var|g2|f3|orta|onbellek|p0,0,0,EVET,0.0058,0
cab|saglik_diger|var|g2|f3|orta|onbellek|p1,0,0,EVET,0.0056,0
cab|saglik_diger|var|g2|f3|orta|onbellek|p2,0,0,EVET,0.0057,0
cab|saglik_diger|var|g2|f3|orta|onbellek|p3,0,0,EVET,0.0105,0
cab|saglik_diger|var|g2|f3|orta|onbellek|p4,0,0,EVET,0.0093,0
cab|saglik_diger|var|g2|f3|yavas|taze|p0,0,0,EVET,0.0053,0
cab|saglik_diger|var|g2|f3|yavas|taze|p1,0,0,EVET,0.005,0
cab|saglik_diger|var|g2|f3|yavas|taze|p2,0,0,EVET,0.0057,0
cab|saglik_diger|var|g2|f3|yavas|taze|p3,0,0,EVET,0.0097,0
cab|saglik_diger|var|g2|f3|yavas|taze|p4,0,0,EVET,0.0081,0
cab|saglik_diger|var|g2|f3|yavas|sabit|p0,0,0,EVET,0.0051,0
cab|saglik_diger|var|g2|f3|yavas|sabit|p1,0,0,EVET,0.005,0
cab|saglik_diger|var|g2|f3|yavas|sabit|p2,0,0,EVET,0.0047,0
cab|saglik_diger|var|g2|f3|yavas|sabit|p3,0,0,EVET,0.0099,0
cab|saglik_diger|var|g2|f3|yavas|sabit|p4,0,0,EVET,0.0094,0
cab|saglik_diger|var|g2|f3|yavas|onbellek|p0,0,0,EVET,0.005,0
cab|saglik_diger|var|g2|f3|yavas|onbellek|p1,0,0,EVET,0.0049,0
cab|saglik_diger|var|g2|f3|yavas|onbellek|p2,0,0,EVET,0.0058,0
cab|saglik_diger|var|g2|f3|yavas|onbellek|p3,0,0,EVET,0.0085,0
cab|saglik_diger|var|g2|f3|yavas|onbellek|p4,0,0,EVET,0.0079,0
cab|saglik_diger|var|g3|f1|hizli|taze|p0,0,0,EVET,0.0047,0
cab|saglik_diger|var|g3|f1|hizli|taze|p1,0,0,EVET,0.0048,0
cab|saglik_diger|var|g3|f1|hizli|taze|p2,0,0,EVET,0.0048,0
cab|saglik_diger|var|g3|f1|hizli|taze|p3,0,0,EVET,0.0093,0
cab|saglik_diger|var|g3|f1|hizli|taze|p4,0,0,EVET,0.0091,0
cab|saglik_diger|var|g3|f1|hizli|sabit|p0,0,0,EVET,0.0045,0
cab|saglik_diger|var|g3|f1|hizli|sabit|p1,0,0,EVET,0.0045,0
cab|saglik_diger|var|g3|f1|hizli|sabit|p2,0,0,EVET,0.0046,0
cab|saglik_diger|var|g3|f1|hizli|sabit|p3,0,0,EVET,0.009,0
cab|saglik_diger|var|g3|f1|hizli|sabit|p4,0,0,EVET,0.0079,0
cab|saglik_diger|var|g3|f1|hizli|onbellek|p0,0,0,EVET,0.0049,0
cab|saglik_diger|var|g3|f1|hizli|onbellek|p1,0,0,EVET,0.0054,0
cab|saglik_diger|var|g3|f1|hizli|onbellek|p2,0,0,EVET,0.0054,0
cab|saglik_diger|var|g3|f1|hizli|onbellek|p3,0,0,EVET,0.0093,0
cab|saglik_diger|var|g3|f1|hizli|onbellek|p4,0,0,EVET,0.0089,0
cab|saglik_diger|var|g3|f1|orta|taze|p0,0,0,EVET,0.0048,0
cab|saglik_diger|var|g3|f1|orta|taze|p1,0,0,EVET,0.0047,0
cab|saglik_diger|var|g3|f1|orta|taze|p2,0,0,EVET,0.0047,0
cab|saglik_diger|var|g3|f1|orta|taze|p3,0,0,EVET,0.008,0
cab|saglik_diger|var|g3|f1|orta|taze|p4,0,0,EVET,0.0084,0
cab|saglik_diger|var|g3|f1|orta|sabit|p0,0,0,EVET,0.0047,0
cab|saglik_diger|var|g3|f1|orta|sabit|p1,0,0,EVET,0.0041,0
cab|saglik_diger|var|g3|f1|orta|sabit|p2,0,0,EVET,0.004,0
cab|saglik_diger|var|g3|f1|orta|sabit|p3,0,0,EVET,0.0094,0
cab|saglik_diger|var|g3|f1|orta|sabit|p4,0,0,EVET,0.0088,0
cab|saglik_diger|var|g3|f1|orta|onbellek|p0,0,0,EVET,0.0056,0
cab|saglik_diger|var|g3|f1|orta|onbellek|p1,0,0,EVET,0.0054,0
cab|saglik_diger|var|g3|f1|orta|onbellek|p2,0,0,EVET,0.0055,0
cab|saglik_diger|var|g3|f1|orta|onbellek|p3,0,0,EVET,0.0086,0
cab|saglik_diger|var|g3|f1|orta|onbellek|p4,0,0,EVET,0.0087,0
cab|saglik_diger|var|g3|f1|yavas|taze|p0,0,0,EVET,0.0056,0
cab|saglik_diger|var|g3|f1|yavas|taze|p1,0,0,EVET,0.0047,0
cab|saglik_diger|var|g3|f1|yavas|taze|p2,0,0,EVET,0.0049,0
cab|saglik_diger|var|g3|f1|yavas|taze|p3,0,0,EVET,0.008,0
cab|saglik_diger|var|g3|f1|yavas|taze|p4,0,0,EVET,0.0075,0
cab|saglik_diger|var|g3|f1|yavas|sabit|p0,0,0,EVET,0.0041,0
cab|saglik_diger|var|g3|f1|yavas|sabit|p1,0,0,EVET,0.004,0
cab|saglik_diger|var|g3|f1|yavas|sabit|p2,0,0,EVET,0.004,0
cab|saglik_diger|var|g3|f1|yavas|sabit|p3,0,0,EVET,0.0078,0
cab|saglik_diger|var|g3|f1|yavas|sabit|p4,0,0,EVET,0.0084,0
cab|saglik_diger|var|g3|f1|yavas|onbellek|p0,0,0,EVET,0.0054,0
cab|saglik_diger|var|g3|f1|yavas|onbellek|p1,0,0,EVET,0.0056,0
cab|saglik_diger|var|g3|f1|yavas|onbellek|p2,0,0,EVET,0.0055,0
cab|saglik_diger|var|g3|f1|yavas|onbellek|p3,0,0,EVET,0.0083,0
cab|saglik_diger|var|g3|f1|yavas|onbellek|p4,0,0,EVET,0.0078,0
cab|saglik_diger|var|g3|f2|hizli|taze|p0,0,0,EVET,0.0054,0
cab|saglik_diger|var|g3|f2|hizli|taze|p1,0,0,EVET,0.0052,0
cab|saglik_diger|var|g3|f2|hizli|taze|p2,0,0,EVET,0.0052,0
cab|saglik_diger|var|g3|f2|hizli|taze|p3,0,0,EVET,0.009,0
cab|saglik_diger|var|g3|f2|hizli|taze|p4,0,0,EVET,0.0084,0
cab|saglik_diger|var|g3|f2|hizli|sabit|p0,0,0,EVET,0.0045,0
cab|saglik_diger|var|g3|f2|hizli|sabit|p1,0,0,EVET,0.0041,0
cab|saglik_diger|var|g3|f2|hizli|sabit|p2,0,0,EVET,0.004,0
cab|saglik_diger|var|g3|f2|hizli|sabit|p3,0,0,EVET,0.009,0
cab|saglik_diger|var|g3|f2|hizli|sabit|p4,0,0,EVET,0.0085,0
cab|saglik_diger|var|g3|f2|hizli|onbellek|p0,0,0,EVET,0.0046,0
cab|saglik_diger|var|g3|f2|hizli|onbellek|p1,0,0,EVET,0.0046,0
cab|saglik_diger|var|g3|f2|hizli|onbellek|p2,0,0,EVET,0.0046,0
cab|saglik_diger|var|g3|f2|hizli|onbellek|p3,0,0,EVET,0.0077,0
cab|saglik_diger|var|g3|f2|hizli|onbellek|p4,0,0,EVET,0.0084,0
cab|saglik_diger|var|g3|f2|orta|taze|p0,0,0,EVET,0.0059,0
cab|saglik_diger|var|g3|f2|orta|taze|p1,0,0,EVET,0.0052,0
cab|saglik_diger|var|g3|f2|orta|taze|p2,0,0,EVET,0.0052,0
cab|saglik_diger|var|g3|f2|orta|taze|p3,0,0,EVET,0.009,0
cab|saglik_diger|var|g3|f2|orta|taze|p4,0,0,EVET,0.0083,0
cab|saglik_diger|var|g3|f2|orta|sabit|p0,0,0,EVET,0.004,0
cab|saglik_diger|var|g3|f2|orta|sabit|p1,0,0,EVET,0.004,0
cab|saglik_diger|var|g3|f2|orta|sabit|p2,0,0,EVET,0.0044,0
cab|saglik_diger|var|g3|f2|orta|sabit|p3,0,0,EVET,0.0092,0
cab|saglik_diger|var|g3|f2|orta|sabit|p4,0,0,EVET,0.0078,0
cab|saglik_diger|var|g3|f2|orta|onbellek|p0,0,0,EVET,0.0049,0
cab|saglik_diger|var|g3|f2|orta|onbellek|p1,0,0,EVET,0.0053,0
cab|saglik_diger|var|g3|f2|orta|onbellek|p2,0,0,EVET,0.0055,0
cab|saglik_diger|var|g3|f2|orta|onbellek|p3,0,0,EVET,0.0079,0
cab|saglik_diger|var|g3|f2|orta|onbellek|p4,0,0,EVET,0.0073,0
cab|saglik_diger|var|g3|f2|yavas|taze|p0,0,0,EVET,0.0048,0
cab|saglik_diger|var|g3|f2|yavas|taze|p1,0,0,EVET,0.0047,0
cab|saglik_diger|var|g3|f2|yavas|taze|p2,0,0,EVET,0.0053,0
cab|saglik_diger|var|g3|f2|yavas|taze|p3,0,0,EVET,0.0087,0
cab|saglik_diger|var|g3|f2|yavas|taze|p4,0,0,EVET,0.0075,0
cab|saglik_diger|var|g3|f2|yavas|sabit|p0,0,0,EVET,0.004,0
cab|saglik_diger|var|g3|f2|yavas|sabit|p1,0,0,EVET,0.0047,0
cab|saglik_diger|var|g3|f2|yavas|sabit|p2,0,0,EVET,0.0046,0
cab|saglik_diger|var|g3|f2|yavas|sabit|p3,0,0,EVET,0.0103,0
cab|saglik_diger|var|g3|f2|yavas|sabit|p4,0,0,EVET,0.0097,0
cab|saglik_diger|var|g3|f2|yavas|onbellek|p0,0,0,EVET,0.0056,0
cab|saglik_diger|var|g3|f2|yavas|onbellek|p1,0,0,EVET,0.0053,0
cab|saglik_diger|var|g3|f2|yavas|onbellek|p2,0,0,EVET,0.0053,0
cab|saglik_diger|var|g3|f2|yavas|onbellek|p3,0,0,EVET,0.0091,0
cab|saglik_diger|var|g3|f2|yavas|onbellek|p4,0,0,EVET,0.0085,0
cab|saglik_diger|var|g3|f3|hizli|taze|p0,0,0,EVET,0.0053,0
cab|saglik_diger|var|g3|f3|hizli|taze|p1,0,0,EVET,0.0047,0
cab|saglik_diger|var|g3|f3|hizli|taze|p2,0,0,EVET,0.0047,0
cab|saglik_diger|var|g3|f3|hizli|taze|p3,0,0,EVET,0.0077,0
cab|saglik_diger|var|g3|f3|hizli|taze|p4,0,0,EVET,0.0072,0
cab|saglik_diger|var|g3|f3|hizli|sabit|p0,0,0,EVET,0.0039,0
cab|saglik_diger|var|g3|f3|hizli|sabit|p1,0,0,EVET,0.0039,0
cab|saglik_diger|var|g3|f3|hizli|sabit|p2,0,0,EVET,0.0044,0
cab|saglik_diger|var|g3|f3|hizli|sabit|p3,0,0,EVET,0.009,0
cab|saglik_diger|var|g3|f3|hizli|sabit|p4,0,0,EVET,0.0075,0
cab|saglik_diger|var|g3|f3|hizli|onbellek|p0,0,0,EVET,0.0046,0
cab|saglik_diger|var|g3|f3|hizli|onbellek|p1,0,0,EVET,0.0053,0
cab|saglik_diger|var|g3|f3|hizli|onbellek|p2,0,0,EVET,0.0052,0
cab|saglik_diger|var|g3|f3|hizli|onbellek|p3,0,0,EVET,0.0079,0
cab|saglik_diger|var|g3|f3|hizli|onbellek|p4,0,0,EVET,0.0073,0
cab|saglik_diger|var|g3|f3|orta|taze|p0,0,0,EVET,0.0054,0
cab|saglik_diger|var|g3|f3|orta|taze|p1,0,0,EVET,0.0053,0
cab|saglik_diger|var|g3|f3|orta|taze|p2,0,0,EVET,0.0046,0
cab|saglik_diger|var|g3|f3|orta|taze|p3,0,0,EVET,0.0077,0
cab|saglik_diger|var|g3|f3|orta|taze|p4,0,0,EVET,0.0083,0
cab|saglik_diger|var|g3|f3|orta|sabit|p0,0,0,EVET,0.0055,0
cab|saglik_diger|var|g3|f3|orta|sabit|p1,0,0,EVET,0.0045,0
cab|saglik_diger|var|g3|f3|orta|sabit|p2,0,0,EVET,0.0043,0
cab|saglik_diger|var|g3|f3|orta|sabit|p3,0,0,EVET,0.0094,0
cab|saglik_diger|var|g3|f3|orta|sabit|p4,0,0,EVET,0.0089,0
cab|saglik_diger|var|g3|f3|orta|onbellek|p0,0,0,EVET,0.0046,0
cab|saglik_diger|var|g3|f3|orta|onbellek|p1,0,0,EVET,0.0045,0
cab|saglik_diger|var|g3|f3|orta|onbellek|p2,0,0,EVET,0.0046,0
cab|saglik_diger|var|g3|f3|orta|onbellek|p3,0,0,EVET,0.0079,0
cab|saglik_diger|var|g3|f3|orta|onbellek|p4,0,0,EVET,0.0089,0
cab|saglik_diger|var|g3|f3|yavas|taze|p0,0,0,EVET,0.0054,0
cab|saglik_diger|var|g3|f3|yavas|taze|p1,0,0,EVET,0.0051,0
cab|saglik_diger|var|g3|f3|yavas|taze|p2,0,0,EVET,0.0052,0
cab|saglik_diger|var|g3|f3|yavas|taze|p3,0,0,EVET,0.0093,0
cab|saglik_diger|var|g3|f3|yavas|taze|p4,0,0,EVET,0.0085,0
cab|saglik_diger|var|g3|f3|yavas|sabit|p0,0,0,EVET,0.004,0
cab|saglik_diger|var|g3|f3|yavas|sabit|p1,0,0,EVET,0.0039,0
cab|saglik_diger|var|g3|f3|yavas|sabit|p2,0,0,EVET,0.0045,0
cab|saglik_diger|var|g3|f3|yavas|sabit|p3,0,0,EVET,0.0083,0
cab|saglik_diger|var|g3|f3|yavas|sabit|p4,0,0,EVET,0.0073,0
cab|saglik_diger|var|g3|f3|yavas|onbellek|p0,0,0,EVET,0.0051,0
cab|saglik_diger|var|g3|f3|yavas|onbellek|p1,0,0,EVET,0.0047,0
cab|saglik_diger|var|g3|f3|yavas|onbellek|p2,0,0,EVET,0.0048,0
cab|saglik_diger|var|g3|f3|yavas|onbellek|p3,0,0,EVET,0.0087,0
cab|saglik_diger|var|g3|f3|yavas|onbellek|p4,0,0,EVET,0.0081,0
cab|saglik_diger|var|g4|f1|hizli|taze|p0,0,0,EVET,0.0043,0
cab|saglik_diger|var|g4|f1|hizli|taze|p1,0,0,EVET,0.0041,0
cab|saglik_diger|var|g4|f1|hizli|taze|p2,0,0,EVET,0.0032,0
cab|saglik_diger|var|g4|f1|hizli|taze|p3,0,0,EVET,0.0044,0
cab|saglik_diger|var|g4|f1|hizli|taze|p4,0,0,EVET,0.005,0
cab|saglik_diger|var|g4|f1|hizli|sabit|p0,0,0,EVET,0.0037,0
cab|saglik_diger|var|g4|f1|hizli|sabit|p1,0,0,EVET,0.0038,0
cab|saglik_diger|var|g4|f1|hizli|sabit|p2,0,0,EVET,0.0036,0
cab|saglik_diger|var|g4|f1|hizli|sabit|p3,0,0,EVET,0.0053,0
cab|saglik_diger|var|g4|f1|hizli|sabit|p4,0,0,EVET,0.005,0
cab|saglik_diger|var|g4|f1|hizli|onbellek|p0,0,0,EVET,0.0033,0
cab|saglik_diger|var|g4|f1|hizli|onbellek|p1,0,0,EVET,0.0033,0
cab|saglik_diger|var|g4|f1|hizli|onbellek|p2,0,0,EVET,0.0033,0
cab|saglik_diger|var|g4|f1|hizli|onbellek|p3,0,0,EVET,0.0044,0
cab|saglik_diger|var|g4|f1|hizli|onbellek|p4,0,0,EVET,0.0042,0
cab|saglik_diger|var|g4|f1|orta|taze|p0,0,0,EVET,0.0032,0
cab|saglik_diger|var|g4|f1|orta|taze|p1,0,0,EVET,0.0033,0
cab|saglik_diger|var|g4|f1|orta|taze|p2,0,0,EVET,0.0032,0
cab|saglik_diger|var|g4|f1|orta|taze|p3,0,0,EVET,0.005,0
cab|saglik_diger|var|g4|f1|orta|taze|p4,0,0,EVET,0.0049,0
cab|saglik_diger|var|g4|f1|orta|sabit|p0,0,0,EVET,0.0038,0
cab|saglik_diger|var|g4|f1|orta|sabit|p1,0,0,EVET,0.0037,0
cab|saglik_diger|var|g4|f1|orta|sabit|p2,0,0,EVET,0.0035,0
cab|saglik_diger|var|g4|f1|orta|sabit|p3,0,0,EVET,0.0054,0
cab|saglik_diger|var|g4|f1|orta|sabit|p4,0,0,EVET,0.0049,0
cab|saglik_diger|var|g4|f1|orta|onbellek|p0,0,0,EVET,0.0039,0
cab|saglik_diger|var|g4|f1|orta|onbellek|p1,0,0,EVET,0.0032,0
cab|saglik_diger|var|g4|f1|orta|onbellek|p2,0,0,EVET,0.0032,0
cab|saglik_diger|var|g4|f1|orta|onbellek|p3,0,0,EVET,0.0045,0
cab|saglik_diger|var|g4|f1|orta|onbellek|p4,0,0,EVET,0.0043,0
cab|saglik_diger|var|g4|f1|yavas|taze|p0,0,0,EVET,0.0042,0
cab|saglik_diger|var|g4|f1|yavas|taze|p1,0,0,EVET,0.0043,0
cab|saglik_diger|var|g4|f1|yavas|taze|p2,0,0,EVET,0.0038,0
cab|saglik_diger|var|g4|f1|yavas|taze|p3,0,0,EVET,0.005,0
cab|saglik_diger|var|g4|f1|yavas|taze|p4,0,0,EVET,0.0044,0
cab|saglik_diger|var|g4|f1|yavas|sabit|p0,0,0,EVET,0.0033,0
cab|saglik_diger|var|g4|f1|yavas|sabit|p1,0,0,EVET,0.0032,0
cab|saglik_diger|var|g4|f1|yavas|sabit|p2,0,0,EVET,0.0032,0
cab|saglik_diger|var|g4|f1|yavas|sabit|p3,0,0,EVET,0.0051,0
cab|saglik_diger|var|g4|f1|yavas|sabit|p4,0,0,EVET,0.0052,0
cab|saglik_diger|var|g4|f1|yavas|onbellek|p0,0,0,EVET,0.0037,0
cab|saglik_diger|var|g4|f1|yavas|onbellek|p1,0,0,EVET,0.004,0
cab|saglik_diger|var|g4|f1|yavas|onbellek|p2,0,0,EVET,0.0033,0
cab|saglik_diger|var|g4|f1|yavas|onbellek|p3,0,0,EVET,0.0047,0
cab|saglik_diger|var|g4|f1|yavas|onbellek|p4,0,0,EVET,0.0052,0
cab|saglik_diger|var|g4|f2|hizli|taze|p0,0,0,EVET,0.0039,0
cab|saglik_diger|var|g4|f2|hizli|taze|p1,0,0,EVET,0.004,0
cab|saglik_diger|var|g4|f2|hizli|taze|p2,0,0,EVET,0.0039,0
cab|saglik_diger|var|g4|f2|hizli|taze|p3,0,0,EVET,0.0046,0
cab|saglik_diger|var|g4|f2|hizli|taze|p4,0,0,EVET,0.0043,0
cab|saglik_diger|var|g4|f2|hizli|sabit|p0,0,0,EVET,0.0034,0
cab|saglik_diger|var|g4|f2|hizli|sabit|p1,0,0,EVET,0.0032,0
cab|saglik_diger|var|g4|f2|hizli|sabit|p2,0,0,EVET,0.0043,0
cab|saglik_diger|var|g4|f2|hizli|sabit|p3,0,0,EVET,0.0058,0
cab|saglik_diger|var|g4|f2|hizli|sabit|p4,0,0,EVET,0.0047,0
cab|saglik_diger|var|g4|f2|hizli|onbellek|p0,0,0,EVET,0.0032,0
cab|saglik_diger|var|g4|f2|hizli|onbellek|p1,0,0,EVET,0.0038,0
cab|saglik_diger|var|g4|f2|hizli|onbellek|p2,0,0,EVET,0.0036,0
cab|saglik_diger|var|g4|f2|hizli|onbellek|p3,0,0,EVET,0.0051,0
cab|saglik_diger|var|g4|f2|hizli|onbellek|p4,0,0,EVET,0.0048,0
cab|saglik_diger|var|g4|f2|orta|taze|p0,0,0,EVET,0.0033,0
cab|saglik_diger|var|g4|f2|orta|taze|p1,0,0,EVET,0.0032,0
cab|saglik_diger|var|g4|f2|orta|taze|p2,0,0,EVET,0.0037,0
cab|saglik_diger|var|g4|f2|orta|taze|p3,0,0,EVET,0.0053,0
cab|saglik_diger|var|g4|f2|orta|taze|p4,0,0,EVET,0.0051,0
cab|saglik_diger|var|g4|f2|orta|sabit|p0,0,0,EVET,0.0041,0
cab|saglik_diger|var|g4|f2|orta|sabit|p1,0,0,EVET,0.0037,0
cab|saglik_diger|var|g4|f2|orta|sabit|p2,0,0,EVET,0.0036,0
cab|saglik_diger|var|g4|f2|orta|sabit|p3,0,0,EVET,0.0045,0
cab|saglik_diger|var|g4|f2|orta|sabit|p4,0,0,EVET,0.0048,0
cab|saglik_diger|var|g4|f2|orta|onbellek|p0,0,0,EVET,0.0033,0
cab|saglik_diger|var|g4|f2|orta|onbellek|p1,0,0,EVET,0.0035,0
cab|saglik_diger|var|g4|f2|orta|onbellek|p2,0,0,EVET,0.0032,0
cab|saglik_diger|var|g4|f2|orta|onbellek|p3,0,0,EVET,0.0047,0
cab|saglik_diger|var|g4|f2|orta|onbellek|p4,0,0,EVET,0.0048,0
cab|saglik_diger|var|g4|f2|yavas|taze|p0,0,0,EVET,0.004,0
cab|saglik_diger|var|g4|f2|yavas|taze|p1,0,0,EVET,0.0048,0
cab|saglik_diger|var|g4|f2|yavas|taze|p2,0,0,EVET,0.0044,0
cab|saglik_diger|var|g4|f2|yavas|taze|p3,0,0,EVET,0.0048,0
cab|saglik_diger|var|g4|f2|yavas|taze|p4,0,0,EVET,0.0048,0
cab|saglik_diger|var|g4|f2|yavas|sabit|p0,0,0,EVET,0.005,0
cab|saglik_diger|var|g4|f2|yavas|sabit|p1,0,0,EVET,0.0048,0
cab|saglik_diger|var|g4|f2|yavas|sabit|p2,0,0,EVET,0.0045,0
cab|saglik_diger|var|g4|f2|yavas|sabit|p3,0,0,EVET,0.0056,0
cab|saglik_diger|var|g4|f2|yavas|sabit|p4,0,0,EVET,0.006,0
cab|saglik_diger|var|g4|f2|yavas|onbellek|p0,0,0,EVET,0.004,0
cab|saglik_diger|var|g4|f2|yavas|onbellek|p1,0,0,EVET,0.0044,0
cab|saglik_diger|var|g4|f2|yavas|onbellek|p2,0,0,EVET,0.0042,0
cab|saglik_diger|var|g4|f2|yavas|onbellek|p3,0,0,EVET,0.0049,0
cab|saglik_diger|var|g4|f2|yavas|onbellek|p4,0,0,EVET,0.0044,0
cab|saglik_diger|var|g4|f3|hizli|taze|p0,0,0,EVET,0.0036,0
cab|saglik_diger|var|g4|f3|hizli|taze|p1,0,0,EVET,0.0035,0
cab|saglik_diger|var|g4|f3|hizli|taze|p2,0,0,EVET,0.0036,0
cab|saglik_diger|var|g4|f3|hizli|taze|p3,0,0,EVET,0.0046,0
cab|saglik_diger|var|g4|f3|hizli|taze|p4,0,0,EVET,0.0053,0
cab|saglik_diger|var|g4|f3|hizli|sabit|p0,0,0,EVET,0.0035,0
cab|saglik_diger|var|g4|f3|hizli|sabit|p1,0,0,EVET,0.0043,0
cab|saglik_diger|var|g4|f3|hizli|sabit|p2,0,0,EVET,0.0037,0
cab|saglik_diger|var|g4|f3|hizli|sabit|p3,0,0,EVET,0.0046,0
cab|saglik_diger|var|g4|f3|hizli|sabit|p4,0,0,EVET,0.0042,0
cab|saglik_diger|var|g4|f3|hizli|onbellek|p0,0,0,EVET,0.0042,0
cab|saglik_diger|var|g4|f3|hizli|onbellek|p1,0,0,EVET,0.0039,0
cab|saglik_diger|var|g4|f3|hizli|onbellek|p2,0,0,EVET,0.0036,0
cab|saglik_diger|var|g4|f3|hizli|onbellek|p3,0,0,EVET,0.0049,0
cab|saglik_diger|var|g4|f3|hizli|onbellek|p4,0,0,EVET,0.0048,0
cab|saglik_diger|var|g4|f3|orta|taze|p0,0,0,EVET,0.0039,0
cab|saglik_diger|var|g4|f3|orta|taze|p1,0,0,EVET,0.0032,0
cab|saglik_diger|var|g4|f3|orta|taze|p2,0,0,EVET,0.003,0
cab|saglik_diger|var|g4|f3|orta|taze|p3,0,0,EVET,0.0044,0
cab|saglik_diger|var|g4|f3|orta|taze|p4,0,0,EVET,0.0042,0
cab|saglik_diger|var|g4|f3|orta|sabit|p0,0,0,EVET,0.0036,0
cab|saglik_diger|var|g4|f3|orta|sabit|p1,0,0,EVET,0.0034,0
cab|saglik_diger|var|g4|f3|orta|sabit|p2,0,0,EVET,0.0031,0
cab|saglik_diger|var|g4|f3|orta|sabit|p3,0,0,EVET,0.0041,0
cab|saglik_diger|var|g4|f3|orta|sabit|p4,0,0,EVET,0.0048,0
cab|saglik_diger|var|g4|f3|orta|onbellek|p0,0,0,EVET,0.0037,0
cab|saglik_diger|var|g4|f3|orta|onbellek|p1,0,0,EVET,0.0038,0
cab|saglik_diger|var|g4|f3|orta|onbellek|p2,0,0,EVET,0.0039,0
cab|saglik_diger|var|g4|f3|orta|onbellek|p3,0,0,EVET,0.0046,0
cab|saglik_diger|var|g4|f3|orta|onbellek|p4,0,0,EVET,0.0043,0
cab|saglik_diger|var|g4|f3|yavas|taze|p0,0,0,EVET,0.0033,0
cab|saglik_diger|var|g4|f3|yavas|taze|p1,0,0,EVET,0.0032,0
cab|saglik_diger|var|g4|f3|yavas|taze|p2,0,0,EVET,0.0039,0
cab|saglik_diger|var|g4|f3|yavas|taze|p3,0,0,EVET,0.0049,0
cab|saglik_diger|var|g4|f3|yavas|taze|p4,0,0,EVET,0.0052,0
cab|saglik_diger|var|g4|f3|yavas|sabit|p0,0,0,EVET,0.0036,0
cab|saglik_diger|var|g4|f3|yavas|sabit|p1,0,0,EVET,0.0039,0
cab|saglik_diger|var|g4|f3|yavas|sabit|p2,0,0,EVET,0.0036,0
cab|saglik_diger|var|g4|f3|yavas|sabit|p3,0,0,EVET,0.0044,0
cab|saglik_diger|var|g4|f3|yavas|sabit|p4,0,0,EVET,0.0041,0
cab|saglik_diger|var|g4|f3|yavas|onbellek|p0,0,0,EVET,0.0037,0
cab|saglik_diger|var|g4|f3|yavas|onbellek|p1,0,0,EVET,0.0034,0
cab|saglik_diger|var|g4|f3|yavas|onbellek|p2,0,0,EVET,0.0032,0
cab|saglik_diger|var|g4|f3|yavas|onbellek|p3,0,0,EVET,0.0043,0
cab|saglik_diger|var|g4|f3|yavas|onbellek|p4,0,0,EVET,0.0048,0
cab|saglik_diger|var|tum|f1|hizli|taze|p0,0,0,EVET,0.0085,0
cab|saglik_diger|var|tum|f1|hizli|taze|p1,0,0,EVET,0.01,0
cab|saglik_diger|var|tum|f1|hizli|taze|p2,0,0,EVET,0.0096,0
cab|saglik_diger|var|tum|f1|hizli|taze|p3,0,0,EVET,0.0122,0
cab|saglik_diger|var|tum|f1|hizli|taze|p4,0,0,EVET,0.0108,0
cab|saglik_diger|var|tum|f1|hizli|sabit|p0,0,0,EVET,0.0069,0
cab|saglik_diger|var|tum|f1|hizli|sabit|p1,0,0,EVET,0.0069,0
cab|saglik_diger|var|tum|f1|hizli|sabit|p2,0,0,EVET,0.0079,0
cab|saglik_diger|var|tum|f1|hizli|sabit|p3,0,0,EVET,0.0134,0
cab|saglik_diger|var|tum|f1|hizli|sabit|p4,0,0,EVET,0.0113,0
cab|saglik_diger|var|tum|f1|hizli|onbellek|p0,0,0,EVET,0.0073,0
cab|saglik_diger|var|tum|f1|hizli|onbellek|p1,0,0,EVET,0.0087,0
cab|saglik_diger|var|tum|f1|hizli|onbellek|p2,0,0,EVET,0.0089,0
cab|saglik_diger|var|tum|f1|hizli|onbellek|p3,0,0,EVET,0.0138,0
cab|saglik_diger|var|tum|f1|hizli|onbellek|p4,0,0,EVET,0.0127,0
cab|saglik_diger|var|tum|f1|orta|taze|p0,0,0,EVET,0.0076,0
cab|saglik_diger|var|tum|f1|orta|taze|p1,0,0,EVET,0.0074,0
cab|saglik_diger|var|tum|f1|orta|taze|p2,0,0,EVET,0.0085,0
cab|saglik_diger|var|tum|f1|orta|taze|p3,0,0,EVET,0.0136,0
cab|saglik_diger|var|tum|f1|orta|taze|p4,0,0,EVET,0.0126,0
cab|saglik_diger|var|tum|f1|orta|sabit|p0,0,0,EVET,0.0077,0
cab|saglik_diger|var|tum|f1|orta|sabit|p1,0,0,EVET,0.0068,0
cab|saglik_diger|var|tum|f1|orta|sabit|p2,0,0,EVET,0.0066,0
cab|saglik_diger|var|tum|f1|orta|sabit|p3,0,0,EVET,0.0145,0
cab|saglik_diger|var|tum|f1|orta|sabit|p4,0,0,EVET,0.0123,0
cab|saglik_diger|var|tum|f1|orta|onbellek|p0,0,0,EVET,0.0073,0
cab|saglik_diger|var|tum|f1|orta|onbellek|p1,0,0,EVET,0.0072,0
cab|saglik_diger|var|tum|f1|orta|onbellek|p2,0,0,EVET,0.0088,0
cab|saglik_diger|var|tum|f1|orta|onbellek|p3,0,0,EVET,0.0137,0
cab|saglik_diger|var|tum|f1|orta|onbellek|p4,0,0,EVET,0.0108,0
cab|saglik_diger|var|tum|f1|yavas|taze|p0,0,0,EVET,0.0072,0
cab|saglik_diger|var|tum|f1|yavas|taze|p1,0,0,EVET,0.0074,0
cab|saglik_diger|var|tum|f1|yavas|taze|p2,0,0,EVET,0.0084,0
cab|saglik_diger|var|tum|f1|yavas|taze|p3,0,0,EVET,0.0149,0
cab|saglik_diger|var|tum|f1|yavas|taze|p4,0,0,EVET,0.0129,0
cab|saglik_diger|var|tum|f1|yavas|sabit|p0,0,0,EVET,0.0084,0
cab|saglik_diger|var|tum|f1|yavas|sabit|p1,0,0,EVET,0.0077,0
cab|saglik_diger|var|tum|f1|yavas|sabit|p2,0,0,EVET,0.0066,0
cab|saglik_diger|var|tum|f1|yavas|sabit|p3,0,0,EVET,0.0116,0
cab|saglik_diger|var|tum|f1|yavas|sabit|p4,0,0,EVET,0.0112,0
cab|saglik_diger|var|tum|f1|yavas|onbellek|p0,0,0,EVET,0.0089,0
cab|saglik_diger|var|tum|f1|yavas|onbellek|p1,0,0,EVET,0.0086,0
cab|saglik_diger|var|tum|f1|yavas|onbellek|p2,0,0,EVET,0.0085,0
cab|saglik_diger|var|tum|f1|yavas|onbellek|p3,0,0,EVET,0.0113,0
cab|saglik_diger|var|tum|f1|yavas|onbellek|p4,0,0,EVET,0.0109,0
cab|saglik_diger|var|tum|f2|hizli|taze|p0,0,0,EVET,0.0082,0
cab|saglik_diger|var|tum|f2|hizli|taze|p1,0,0,EVET,0.0085,0
cab|saglik_diger|var|tum|f2|hizli|taze|p2,0,0,EVET,0.0071,0
cab|saglik_diger|var|tum|f2|hizli|taze|p3,0,0,EVET,0.0118,0
cab|saglik_diger|var|tum|f2|hizli|taze|p4,0,0,EVET,0.0107,0
cab|saglik_diger|var|tum|f2|hizli|sabit|p0,0,0,EVET,0.007,0
cab|saglik_diger|var|tum|f2|hizli|sabit|p1,0,0,EVET,0.0078,0
cab|saglik_diger|var|tum|f2|hizli|sabit|p2,0,0,EVET,0.0087,0
cab|saglik_diger|var|tum|f2|hizli|sabit|p3,0,0,EVET,0.0145,0
cab|saglik_diger|var|tum|f2|hizli|sabit|p4,0,0,EVET,0.0126,0
cab|saglik_diger|var|tum|f2|hizli|onbellek|p0,0,0,EVET,0.0077,0
cab|saglik_diger|var|tum|f2|hizli|onbellek|p1,0,0,EVET,0.0076,0
cab|saglik_diger|var|tum|f2|hizli|onbellek|p2,0,0,EVET,0.0085,0
cab|saglik_diger|var|tum|f2|hizli|onbellek|p3,0,0,EVET,0.0132,0
cab|saglik_diger|var|tum|f2|hizli|onbellek|p4,0,0,EVET,0.0133,0
cab|saglik_diger|var|tum|f2|orta|taze|p0,0,0,EVET,0.0087,0
cab|saglik_diger|var|tum|f2|orta|taze|p1,0,0,EVET,0.0087,0
cab|saglik_diger|var|tum|f2|orta|taze|p2,0,0,EVET,0.0085,0
cab|saglik_diger|var|tum|f2|orta|taze|p3,0,0,EVET,0.0151,0
cab|saglik_diger|var|tum|f2|orta|taze|p4,0,0,EVET,0.0142,0
cab|saglik_diger|var|tum|f2|orta|sabit|p0,0,0,EVET,0.0067,0
cab|saglik_diger|var|tum|f2|orta|sabit|p1,0,0,EVET,0.0067,0
cab|saglik_diger|var|tum|f2|orta|sabit|p2,0,0,EVET,0.0068,0
cab|saglik_diger|var|tum|f2|orta|sabit|p3,0,0,EVET,0.0117,0
cab|saglik_diger|var|tum|f2|orta|sabit|p4,0,0,EVET,0.0129,0
cab|saglik_diger|var|tum|f2|orta|onbellek|p0,0,0,EVET,0.0086,0
cab|saglik_diger|var|tum|f2|orta|onbellek|p1,0,0,EVET,0.0076,0
cab|saglik_diger|var|tum|f2|orta|onbellek|p2,0,0,EVET,0.0074,0
cab|saglik_diger|var|tum|f2|orta|onbellek|p3,0,0,EVET,0.0122,0
cab|saglik_diger|var|tum|f2|orta|onbellek|p4,0,0,EVET,0.011,0
cab|saglik_diger|var|tum|f2|yavas|taze|p0,0,0,EVET,0.0088,0
cab|saglik_diger|var|tum|f2|yavas|taze|p1,0,0,EVET,0.0091,0
cab|saglik_diger|var|tum|f2|yavas|taze|p2,0,0,EVET,0.0075,0
cab|saglik_diger|var|tum|f2|yavas|taze|p3,0,0,EVET,0.0118,0
cab|saglik_diger|var|tum|f2|yavas|taze|p4,0,0,EVET,0.0123,0
cab|saglik_diger|var|tum|f2|yavas|sabit|p0,0,0,EVET,0.0078,0
cab|saglik_diger|var|tum|f2|yavas|sabit|p1,0,0,EVET,0.0081,0
cab|saglik_diger|var|tum|f2|yavas|sabit|p2,0,0,EVET,0.0081,0
cab|saglik_diger|var|tum|f2|yavas|sabit|p3,0,0,EVET,0.0137,0
cab|saglik_diger|var|tum|f2|yavas|sabit|p4,0,0,EVET,0.0128,0
cab|saglik_diger|var|tum|f2|yavas|onbellek|p0,0,0,EVET,0.0074,0
cab|saglik_diger|var|tum|f2|yavas|onbellek|p1,0,0,EVET,0.0076,0
cab|saglik_diger|var|tum|f2|yavas|onbellek|p2,0,0,EVET,0.0075,0
cab|saglik_diger|var|tum|f2|yavas|onbellek|p3,0,0,EVET,0.0117,0
cab|saglik_diger|var|tum|f2|yavas|onbellek|p4,0,0,EVET,0.0132,0
cab|saglik_diger|var|tum|f3|hizli|taze|p0,0,0,EVET,0.0085,0
cab|saglik_diger|var|tum|f3|hizli|taze|p1,0,0,EVET,0.0096,0
cab|saglik_diger|var|tum|f3|hizli|taze|p2,0,0,EVET,0.0094,0
cab|saglik_diger|var|tum|f3|hizli|taze|p3,0,0,EVET,0.012,0
cab|saglik_diger|var|tum|f3|hizli|taze|p4,0,0,EVET,0.0109,0
cab|saglik_diger|var|tum|f3|hizli|sabit|p0,0,0,EVET,0.0075,0
cab|saglik_diger|var|tum|f3|hizli|sabit|p1,0,0,EVET,0.0073,0
cab|saglik_diger|var|tum|f3|hizli|sabit|p2,0,0,EVET,0.0067,0
cab|saglik_diger|var|tum|f3|hizli|sabit|p3,0,0,EVET,0.0116,0
cab|saglik_diger|var|tum|f3|hizli|sabit|p4,0,0,EVET,0.0128,0
cab|saglik_diger|var|tum|f3|hizli|onbellek|p0,0,0,EVET,0.0087,0
cab|saglik_diger|var|tum|f3|hizli|onbellek|p1,0,0,EVET,0.0075,0
cab|saglik_diger|var|tum|f3|hizli|onbellek|p2,0,0,EVET,0.0073,0
cab|saglik_diger|var|tum|f3|hizli|onbellek|p3,0,0,EVET,0.0129,0
cab|saglik_diger|var|tum|f3|hizli|onbellek|p4,0,0,EVET,0.012,0
cab|saglik_diger|var|tum|f3|orta|taze|p0,0,0,EVET,0.0074,0
cab|saglik_diger|var|tum|f3|orta|taze|p1,0,0,EVET,0.0073,0
cab|saglik_diger|var|tum|f3|orta|taze|p2,0,0,EVET,0.0087,0
cab|saglik_diger|var|tum|f3|orta|taze|p3,0,0,EVET,0.0135,0
cab|saglik_diger|var|tum|f3|orta|taze|p4,0,0,EVET,0.0122,0
cab|saglik_diger|var|tum|f3|orta|sabit|p0,0,0,EVET,0.0073,0
cab|saglik_diger|var|tum|f3|orta|sabit|p1,0,0,EVET,0.0078,0
cab|saglik_diger|var|tum|f3|orta|sabit|p2,0,0,EVET,0.0083,0
cab|saglik_diger|var|tum|f3|orta|sabit|p3,0,0,EVET,0.015,0
cab|saglik_diger|var|tum|f3|orta|sabit|p4,0,0,EVET,0.0125,0
cab|saglik_diger|var|tum|f3|orta|onbellek|p0,0,0,EVET,0.0073,0
cab|saglik_diger|var|tum|f3|orta|onbellek|p1,0,0,EVET,0.0074,0
cab|saglik_diger|var|tum|f3|orta|onbellek|p2,0,0,EVET,0.0074,0
cab|saglik_diger|var|tum|f3|orta|onbellek|p3,0,0,EVET,0.0115,0
cab|saglik_diger|var|tum|f3|orta|onbellek|p4,0,0,EVET,0.011,0
cab|saglik_diger|var|tum|f3|yavas|taze|p0,0,0,EVET,0.0074,0
cab|saglik_diger|var|tum|f3|yavas|taze|p1,0,0,EVET,0.009,0
cab|saglik_diger|var|tum|f3|yavas|taze|p2,0,0,EVET,0.0084,0
cab|saglik_diger|var|tum|f3|yavas|taze|p3,0,0,EVET,0.0117,0
cab|saglik_diger|var|tum|f3|yavas|taze|p4,0,0,EVET,0.0107,0
cab|saglik_diger|var|tum|f3|yavas|sabit|p0,0,0,EVET,0.0074,0
cab|saglik_diger|var|tum|f3|yavas|sabit|p1,0,0,EVET,0.0075,0
cab|saglik_diger|var|tum|f3|yavas|sabit|p2,0,0,EVET,0.0084,0
cab|saglik_diger|var|tum|f3|yavas|sabit|p3,0,0,EVET,0.015,0
cab|saglik_diger|var|tum|f3|yavas|sabit|p4,0,0,EVET,0.0111,0
cab|saglik_diger|var|tum|f3|yavas|onbellek|p0,0,0,EVET,0.0074,0
cab|saglik_diger|var|tum|f3|yavas|onbellek|p1,0,0,EVET,0.0085,0
cab|saglik_diger|var|tum|f3|yavas|onbellek|p2,0,0,EVET,0.0084,0
cab|saglik_diger|var|tum|f3|yavas|onbellek|p3,0,0,EVET,0.0131,0
cab|saglik_diger|var|tum|f3|yavas|onbellek|p4,0,0,EVET,0.0118,0
cab|saglik_birincil|var|g1|f1|hizli|taze|p0,0,0,EVET,0.004,0
cab|saglik_birincil|var|g1|f1|hizli|taze|p1,0,0,EVET,0.0039,0
cab|saglik_birincil|var|g1|f1|hizli|taze|p2,0,0,EVET,0.004,0
cab|saglik_birincil|var|g1|f1|hizli|taze|p3,0,0,EVET,0.0071,0
cab|saglik_birincil|var|g1|f1|hizli|taze|p4,2,2,EVET,0.0372,0
cab|saglik_birincil|var|g1|f1|hizli|sabit|p0,0,0,EVET,0.0037,0
cab|saglik_birincil|var|g1|f1|hizli|sabit|p1,0,0,EVET,0.0039,0
cab|saglik_birincil|var|g1|f1|hizli|sabit|p2,0,0,EVET,0.0037,0
cab|saglik_birincil|var|g1|f1|hizli|sabit|p3,0,0,EVET,0.0079,0
cab|saglik_birincil|var|g1|f1|hizli|sabit|p4,2,2,EVET,0.0631,0
cab|saglik_birincil|var|g1|f1|hizli|onbellek|p0,0,0,EVET,0.004,0
cab|saglik_birincil|var|g1|f1|hizli|onbellek|p1,0,0,EVET,0.004,0
cab|saglik_birincil|var|g1|f1|hizli|onbellek|p2,0,0,EVET,0.0039,0
cab|saglik_birincil|var|g1|f1|hizli|onbellek|p3,0,0,EVET,0.0072,0
cab|saglik_birincil|var|g1|f1|hizli|onbellek|p4,2,2,EVET,0.0338,0
cab|saglik_birincil|var|g1|f1|orta|taze|p0,0,0,EVET,0.0041,0
cab|saglik_birincil|var|g1|f1|orta|taze|p1,0,0,EVET,0.0041,0
cab|saglik_birincil|var|g1|f1|orta|taze|p2,0,0,EVET,0.004,0
cab|saglik_birincil|var|g1|f1|orta|taze|p3,0,0,EVET,0.0081,0
cab|saglik_birincil|var|g1|f1|orta|taze|p4,2,2,EVET,0.032,0
cab|saglik_birincil|var|g1|f1|orta|sabit|p0,0,0,EVET,0.0037,0
cab|saglik_birincil|var|g1|f1|orta|sabit|p1,0,0,EVET,0.0037,0
cab|saglik_birincil|var|g1|f1|orta|sabit|p2,0,0,EVET,0.0034,0
cab|saglik_birincil|var|g1|f1|orta|sabit|p3,0,0,EVET,0.007,0
cab|saglik_birincil|var|g1|f1|orta|sabit|p4,2,2,EVET,0.0378,0
cab|saglik_birincil|var|g1|f1|orta|onbellek|p0,0,0,EVET,0.0046,0
cab|saglik_birincil|var|g1|f1|orta|onbellek|p1,0,0,EVET,0.0049,0
cab|saglik_birincil|var|g1|f1|orta|onbellek|p2,0,0,EVET,0.0044,0
cab|saglik_birincil|var|g1|f1|orta|onbellek|p3,0,0,EVET,0.0082,0
cab|saglik_birincil|var|g1|f1|orta|onbellek|p4,2,2,EVET,0.0366,0
cab|saglik_birincil|var|g1|f1|yavas|taze|p0,0,0,EVET,0.0045,0
cab|saglik_birincil|var|g1|f1|yavas|taze|p1,0,0,EVET,0.0045,0
cab|saglik_birincil|var|g1|f1|yavas|taze|p2,0,0,EVET,0.004,0
cab|saglik_birincil|var|g1|f1|yavas|taze|p3,0,0,EVET,0.007,0
cab|saglik_birincil|var|g1|f1|yavas|taze|p4,2,2,EVET,0.0316,0
cab|saglik_birincil|var|g1|f1|yavas|sabit|p0,0,0,EVET,0.0032,0
cab|saglik_birincil|var|g1|f1|yavas|sabit|p1,0,0,EVET,0.0037,0
cab|saglik_birincil|var|g1|f1|yavas|sabit|p2,0,0,EVET,0.0035,0
cab|saglik_birincil|var|g1|f1|yavas|sabit|p3,0,0,EVET,0.0079,0
cab|saglik_birincil|var|g1|f1|yavas|sabit|p4,2,2,EVET,0.0368,0
cab|saglik_birincil|var|g1|f1|yavas|onbellek|p0,0,0,EVET,0.004,0
cab|saglik_birincil|var|g1|f1|yavas|onbellek|p1,0,0,EVET,0.0039,0
cab|saglik_birincil|var|g1|f1|yavas|onbellek|p2,0,0,EVET,0.0045,0
cab|saglik_birincil|var|g1|f1|yavas|onbellek|p3,0,0,EVET,0.0082,0
cab|saglik_birincil|var|g1|f1|yavas|onbellek|p4,2,2,EVET,0.0318,0
cab|saglik_birincil|var|g1|f2|hizli|taze|p0,0,0,EVET,0.0038,0
cab|saglik_birincil|var|g1|f2|hizli|taze|p1,0,0,EVET,0.0048,0
cab|saglik_birincil|var|g1|f2|hizli|taze|p2,0,0,EVET,0.0051,0
cab|saglik_birincil|var|g1|f2|hizli|taze|p3,0,0,EVET,0.0082,0
cab|saglik_birincil|var|g1|f2|hizli|taze|p4,2,2,EVET,0.0268,0
cab|saglik_birincil|var|g1|f2|hizli|sabit|p0,0,0,EVET,0.0032,0
cab|saglik_birincil|var|g1|f2|hizli|sabit|p1,0,0,EVET,0.0031,0
cab|saglik_birincil|var|g1|f2|hizli|sabit|p2,0,0,EVET,0.0032,0
cab|saglik_birincil|var|g1|f2|hizli|sabit|p3,0,0,EVET,0.0071,0
cab|saglik_birincil|var|g1|f2|hizli|sabit|p4,2,2,EVET,0.026,0
cab|saglik_birincil|var|g1|f2|hizli|onbellek|p0,0,0,EVET,0.0045,0
cab|saglik_birincil|var|g1|f2|hizli|onbellek|p1,0,0,EVET,0.0039,0
cab|saglik_birincil|var|g1|f2|hizli|onbellek|p2,0,0,EVET,0.0043,0
cab|saglik_birincil|var|g1|f2|hizli|onbellek|p3,0,0,EVET,0.0084,0
cab|saglik_birincil|var|g1|f2|hizli|onbellek|p4,2,2,EVET,0.0284,0
cab|saglik_birincil|var|g1|f2|orta|taze|p0,0,0,EVET,0.0039,0
cab|saglik_birincil|var|g1|f2|orta|taze|p1,0,0,EVET,0.0039,0
cab|saglik_birincil|var|g1|f2|orta|taze|p2,0,0,EVET,0.0041,0
cab|saglik_birincil|var|g1|f2|orta|taze|p3,0,0,EVET,0.0067,0
cab|saglik_birincil|var|g1|f2|orta|taze|p4,2,2,EVET,0.023,0
cab|saglik_birincil|var|g1|f2|orta|sabit|p0,0,0,EVET,0.0033,0
cab|saglik_birincil|var|g1|f2|orta|sabit|p1,0,0,EVET,0.0043,0
cab|saglik_birincil|var|g1|f2|orta|sabit|p2,0,0,EVET,0.0036,0
cab|saglik_birincil|var|g1|f2|orta|sabit|p3,0,0,EVET,0.0067,0
cab|saglik_birincil|var|g1|f2|orta|sabit|p4,2,2,EVET,0.0206,0
cab|saglik_birincil|var|g1|f2|orta|onbellek|p0,0,0,EVET,0.0045,0
cab|saglik_birincil|var|g1|f2|orta|onbellek|p1,0,0,EVET,0.0048,0
cab|saglik_birincil|var|g1|f2|orta|onbellek|p2,0,0,EVET,0.0038,0
cab|saglik_birincil|var|g1|f2|orta|onbellek|p3,0,0,EVET,0.0067,0
cab|saglik_birincil|var|g1|f2|orta|onbellek|p4,2,2,EVET,0.0269,0
cab|saglik_birincil|var|g1|f2|yavas|taze|p0,0,0,EVET,0.0044,0
cab|saglik_birincil|var|g1|f2|yavas|taze|p1,0,0,EVET,0.0037,0
cab|saglik_birincil|var|g1|f2|yavas|taze|p2,0,0,EVET,0.0036,0
cab|saglik_birincil|var|g1|f2|yavas|taze|p3,0,0,EVET,0.008,0
cab|saglik_birincil|var|g1|f2|yavas|taze|p4,2,2,EVET,0.026,0
cab|saglik_birincil|var|g1|f2|yavas|sabit|p0,0,0,EVET,0.004,0
cab|saglik_birincil|var|g1|f2|yavas|sabit|p1,0,0,EVET,0.0034,0
cab|saglik_birincil|var|g1|f2|yavas|sabit|p2,0,0,EVET,0.0037,0
cab|saglik_birincil|var|g1|f2|yavas|sabit|p3,0,0,EVET,0.0078,0
cab|saglik_birincil|var|g1|f2|yavas|sabit|p4,2,2,EVET,0.0208,0
cab|saglik_birincil|var|g1|f2|yavas|onbellek|p0,0,0,EVET,0.0041,0
cab|saglik_birincil|var|g1|f2|yavas|onbellek|p1,0,0,EVET,0.0045,0
cab|saglik_birincil|var|g1|f2|yavas|onbellek|p2,0,0,EVET,0.0044,0
cab|saglik_birincil|var|g1|f2|yavas|onbellek|p3,0,0,EVET,0.007,0
cab|saglik_birincil|var|g1|f2|yavas|onbellek|p4,2,2,EVET,0.0223,0
cab|saglik_birincil|var|g1|f3|hizli|taze|p0,1,1,EVET,0.0083,0
cab|saglik_birincil|var|g1|f3|hizli|taze|p1,1,1,EVET,0.0078,0
cab|saglik_birincil|var|g1|f3|hizli|taze|p2,1,1,EVET,0.0068,0
cab|saglik_birincil|var|g1|f3|hizli|taze|p3,1,1,EVET,0.0133,0
cab|saglik_birincil|var|g1|f3|hizli|taze|p4,1,1,EVET,0.015,0
cab|saglik_birincil|var|g1|f3|hizli|sabit|p0,1,1,EVET,0.007,0
cab|saglik_birincil|var|g1|f3|hizli|sabit|p1,1,1,EVET,0.0068,0
cab|saglik_birincil|var|g1|f3|hizli|sabit|p2,1,1,EVET,0.0067,0
cab|saglik_birincil|var|g1|f3|hizli|sabit|p3,1,1,EVET,0.0122,0
cab|saglik_birincil|var|g1|f3|hizli|sabit|p4,1,1,EVET,0.013,0
cab|saglik_birincil|var|g1|f3|hizli|onbellek|p0,1,1,EVET,0.0087,0
cab|saglik_birincil|var|g1|f3|hizli|onbellek|p1,1,1,EVET,0.0086,0
cab|saglik_birincil|var|g1|f3|hizli|onbellek|p2,1,1,EVET,0.0073,0
cab|saglik_birincil|var|g1|f3|hizli|onbellek|p3,1,1,EVET,0.0152,0
cab|saglik_birincil|var|g1|f3|hizli|onbellek|p4,1,1,EVET,0.0143,0
cab|saglik_birincil|var|g1|f3|orta|taze|p0,1,1,EVET,0.0096,0
cab|saglik_birincil|var|g1|f3|orta|taze|p1,1,1,EVET,0.007,0
cab|saglik_birincil|var|g1|f3|orta|taze|p2,1,1,EVET,0.0066,0
cab|saglik_birincil|var|g1|f3|orta|taze|p3,1,1,EVET,0.0163,0
cab|saglik_birincil|var|g1|f3|orta|taze|p4,1,1,EVET,0.0148,0
cab|saglik_birincil|var|g1|f3|orta|sabit|p0,1,1,EVET,0.0059,0
cab|saglik_birincil|var|g1|f3|orta|sabit|p1,1,1,EVET,0.0055,0
cab|saglik_birincil|var|g1|f3|orta|sabit|p2,1,1,EVET,0.0066,0
cab|saglik_birincil|var|g1|f3|orta|sabit|p3,1,1,EVET,0.0128,0
cab|saglik_birincil|var|g1|f3|orta|sabit|p4,1,1,EVET,0.0141,0
cab|saglik_birincil|var|g1|f3|orta|onbellek|p0,1,1,EVET,0.0092,0
cab|saglik_birincil|var|g1|f3|orta|onbellek|p1,1,1,EVET,0.0068,0
cab|saglik_birincil|var|g1|f3|orta|onbellek|p2,1,1,EVET,0.0071,0
cab|saglik_birincil|var|g1|f3|orta|onbellek|p3,1,1,EVET,0.0154,0
cab|saglik_birincil|var|g1|f3|orta|onbellek|p4,1,1,EVET,0.015,0
cab|saglik_birincil|var|g1|f3|yavas|taze|p0,1,1,EVET,0.0085,0
cab|saglik_birincil|var|g1|f3|yavas|taze|p1,1,1,EVET,0.008,0
cab|saglik_birincil|var|g1|f3|yavas|taze|p2,1,1,EVET,0.0071,0
cab|saglik_birincil|var|g1|f3|yavas|taze|p3,1,1,EVET,0.0134,0
cab|saglik_birincil|var|g1|f3|yavas|taze|p4,1,1,EVET,0.0128,0
cab|saglik_birincil|var|g1|f3|yavas|sabit|p0,1,1,EVET,0.0056,0
cab|saglik_birincil|var|g1|f3|yavas|sabit|p1,1,1,EVET,0.0059,0
cab|saglik_birincil|var|g1|f3|yavas|sabit|p2,1,1,EVET,0.0055,0
cab|saglik_birincil|var|g1|f3|yavas|sabit|p3,1,1,EVET,0.0148,0
cab|saglik_birincil|var|g1|f3|yavas|sabit|p4,1,1,EVET,0.0138,0
cab|saglik_birincil|var|g1|f3|yavas|onbellek|p0,1,1,EVET,0.0083,0
cab|saglik_birincil|var|g1|f3|yavas|onbellek|p1,1,1,EVET,0.0082,0
cab|saglik_birincil|var|g1|f3|yavas|onbellek|p2,1,1,EVET,0.0076,0
cab|saglik_birincil|var|g1|f3|yavas|onbellek|p3,1,1,EVET,0.0139,0
cab|saglik_birincil|var|g1|f3|yavas|onbellek|p4,1,1,EVET,0.0163,0
cab|saglik_birincil|var|g2|f1|hizli|taze|p0,0,0,EVET,0.005,0
cab|saglik_birincil|var|g2|f1|hizli|taze|p1,0,0,EVET,0.0058,0
cab|saglik_birincil|var|g2|f1|hizli|taze|p2,0,0,EVET,0.0055,0
cab|saglik_birincil|var|g2|f1|hizli|taze|p3,0,0,EVET,0.0078,0
cab|saglik_birincil|var|g2|f1|hizli|taze|p4,4,4,EVET,0.066,0
cab|saglik_birincil|var|g2|f1|hizli|sabit|p0,0,0,EVET,0.0043,0
cab|saglik_birincil|var|g2|f1|hizli|sabit|p1,0,0,EVET,0.0046,0
cab|saglik_birincil|var|g2|f1|hizli|sabit|p2,0,0,EVET,0.0035,0
cab|saglik_birincil|var|g2|f1|hizli|sabit|p3,0,0,EVET,0.0077,0
cab|saglik_birincil|var|g2|f1|hizli|sabit|p4,4,4,EVET,0.0651,0
cab|saglik_birincil|var|g2|f1|hizli|onbellek|p0,0,0,EVET,0.0052,0
cab|saglik_birincil|var|g2|f1|hizli|onbellek|p1,0,0,EVET,0.0052,0
cab|saglik_birincil|var|g2|f1|hizli|onbellek|p2,0,0,EVET,0.0049,0
cab|saglik_birincil|var|g2|f1|hizli|onbellek|p3,0,0,EVET,0.0105,0
cab|saglik_birincil|var|g2|f1|hizli|onbellek|p4,4,4,EVET,0.084,0
cab|saglik_birincil|var|g2|f1|orta|taze|p0,0,0,EVET,0.0051,0
cab|saglik_birincil|var|g2|f1|orta|taze|p1,0,0,EVET,0.005,0
cab|saglik_birincil|var|g2|f1|orta|taze|p2,0,0,EVET,0.005,0
cab|saglik_birincil|var|g2|f1|orta|taze|p3,0,0,EVET,0.0093,0
cab|saglik_birincil|var|g2|f1|orta|taze|p4,4,4,EVET,0.0634,0
cab|saglik_birincil|var|g2|f1|orta|sabit|p0,0,0,EVET,0.0035,0
cab|saglik_birincil|var|g2|f1|orta|sabit|p1,0,0,EVET,0.0039,0
cab|saglik_birincil|var|g2|f1|orta|sabit|p2,0,0,EVET,0.0037,0
cab|saglik_birincil|var|g2|f1|orta|sabit|p3,0,0,EVET,0.0086,0
cab|saglik_birincil|var|g2|f1|orta|sabit|p4,4,4,EVET,0.0704,0
cab|saglik_birincil|var|g2|f1|orta|onbellek|p0,0,0,EVET,0.0051,0
cab|saglik_birincil|var|g2|f1|orta|onbellek|p1,0,0,EVET,0.0051,0
cab|saglik_birincil|var|g2|f1|orta|onbellek|p2,0,0,EVET,0.0051,0
cab|saglik_birincil|var|g2|f1|orta|onbellek|p3,0,0,EVET,0.0091,0
cab|saglik_birincil|var|g2|f1|orta|onbellek|p4,4,4,EVET,0.1138,0
cab|saglik_birincil|var|g2|f1|yavas|taze|p0,0,0,EVET,0.0056,0
cab|saglik_birincil|var|g2|f1|yavas|taze|p1,0,0,EVET,0.0047,0
cab|saglik_birincil|var|g2|f1|yavas|taze|p2,0,0,EVET,0.0044,0
cab|saglik_birincil|var|g2|f1|yavas|taze|p3,0,0,EVET,0.0092,0
cab|saglik_birincil|var|g2|f1|yavas|taze|p4,4,4,EVET,0.067,0
cab|saglik_birincil|var|g2|f1|yavas|sabit|p0,0,0,EVET,0.0043,0
cab|saglik_birincil|var|g2|f1|yavas|sabit|p1,0,0,EVET,0.0043,0
cab|saglik_birincil|var|g2|f1|yavas|sabit|p2,0,0,EVET,0.0037,0
cab|saglik_birincil|var|g2|f1|yavas|sabit|p3,0,0,EVET,0.008,0
cab|saglik_birincil|var|g2|f1|yavas|sabit|p4,4,4,EVET,0.0731,0
cab|saglik_birincil|var|g2|f1|yavas|onbellek|p0,0,0,EVET,0.0052,0
cab|saglik_birincil|var|g2|f1|yavas|onbellek|p1,0,0,EVET,0.005,0
cab|saglik_birincil|var|g2|f1|yavas|onbellek|p2,0,0,EVET,0.0049,0
cab|saglik_birincil|var|g2|f1|yavas|onbellek|p3,0,0,EVET,0.0089,0
cab|saglik_birincil|var|g2|f1|yavas|onbellek|p4,4,4,EVET,0.0672,0
cab|saglik_birincil|var|g2|f2|hizli|taze|p0,0,0,EVET,0.0047,0
cab|saglik_birincil|var|g2|f2|hizli|taze|p1,0,0,EVET,0.0048,0
cab|saglik_birincil|var|g2|f2|hizli|taze|p2,0,0,EVET,0.0049,0
cab|saglik_birincil|var|g2|f2|hizli|taze|p3,0,0,EVET,0.0087,0
cab|saglik_birincil|var|g2|f2|hizli|taze|p4,4,4,EVET,0.0559,0
cab|saglik_birincil|var|g2|f2|hizli|sabit|p0,0,0,EVET,0.0042,0
cab|saglik_birincil|var|g2|f2|hizli|sabit|p1,0,0,EVET,0.0041,0
cab|saglik_birincil|var|g2|f2|hizli|sabit|p2,0,0,EVET,0.004,0
cab|saglik_birincil|var|g2|f2|hizli|sabit|p3,0,0,EVET,0.0075,0
cab|saglik_birincil|var|g2|f2|hizli|sabit|p4,4,4,EVET,0.0583,0
cab|saglik_birincil|var|g2|f2|hizli|onbellek|p0,0,0,EVET,0.0042,0
cab|saglik_birincil|var|g2|f2|hizli|onbellek|p1,0,0,EVET,0.004,0
cab|saglik_birincil|var|g2|f2|hizli|onbellek|p2,0,0,EVET,0.0048,0
cab|saglik_birincil|var|g2|f2|hizli|onbellek|p3,0,0,EVET,0.0086,0
cab|saglik_birincil|var|g2|f2|hizli|onbellek|p4,4,4,EVET,0.0463,0
cab|saglik_birincil|var|g2|f2|orta|taze|p0,0,0,EVET,0.0042,0
cab|saglik_birincil|var|g2|f2|orta|taze|p1,0,0,EVET,0.0049,0
cab|saglik_birincil|var|g2|f2|orta|taze|p2,0,0,EVET,0.0046,0
cab|saglik_birincil|var|g2|f2|orta|taze|p3,0,0,EVET,0.0075,0
cab|saglik_birincil|var|g2|f2|orta|taze|p4,4,4,EVET,0.0497,0
cab|saglik_birincil|var|g2|f2|orta|sabit|p0,0,0,EVET,0.0036,0
cab|saglik_birincil|var|g2|f2|orta|sabit|p1,0,0,EVET,0.0039,0
cab|saglik_birincil|var|g2|f2|orta|sabit|p2,0,0,EVET,0.004,0
cab|saglik_birincil|var|g2|f2|orta|sabit|p3,0,0,EVET,0.0076,0
cab|saglik_birincil|var|g2|f2|orta|sabit|p4,4,4,EVET,0.0513,0
cab|saglik_birincil|var|g2|f2|orta|onbellek|p0,0,0,EVET,0.0049,0
cab|saglik_birincil|var|g2|f2|orta|onbellek|p1,0,0,EVET,0.0049,0
cab|saglik_birincil|var|g2|f2|orta|onbellek|p2,0,0,EVET,0.0048,0
cab|saglik_birincil|var|g2|f2|orta|onbellek|p3,0,0,EVET,0.0079,0
cab|saglik_birincil|var|g2|f2|orta|onbellek|p4,4,4,EVET,0.0541,0
cab|saglik_birincil|var|g2|f2|yavas|taze|p0,0,0,EVET,0.0049,0
cab|saglik_birincil|var|g2|f2|yavas|taze|p1,0,0,EVET,0.0041,0
cab|saglik_birincil|var|g2|f2|yavas|taze|p2,0,0,EVET,0.0048,0
cab|saglik_birincil|var|g2|f2|yavas|taze|p3,0,0,EVET,0.0094,0
cab|saglik_birincil|var|g2|f2|yavas|taze|p4,4,4,EVET,0.0473,0
cab|saglik_birincil|var|g2|f2|yavas|sabit|p0,0,0,EVET,0.0035,0
cab|saglik_birincil|var|g2|f2|yavas|sabit|p1,0,0,EVET,0.0034,0
cab|saglik_birincil|var|g2|f2|yavas|sabit|p2,0,0,EVET,0.0036,0
cab|saglik_birincil|var|g2|f2|yavas|sabit|p3,0,0,EVET,0.0094,0
cab|saglik_birincil|var|g2|f2|yavas|sabit|p4,4,4,EVET,0.0482,0
cab|saglik_birincil|var|g2|f2|yavas|onbellek|p0,0,0,EVET,0.0042,0
cab|saglik_birincil|var|g2|f2|yavas|onbellek|p1,0,0,EVET,0.0041,0
cab|saglik_birincil|var|g2|f2|yavas|onbellek|p2,0,0,EVET,0.0056,0
cab|saglik_birincil|var|g2|f2|yavas|onbellek|p3,0,0,EVET,0.0095,0
cab|saglik_birincil|var|g2|f2|yavas|onbellek|p4,4,4,EVET,0.0501,0
cab|saglik_birincil|var|g2|f3|hizli|taze|p0,1,1,EVET,0.0087,0
cab|saglik_birincil|var|g2|f3|hizli|taze|p1,1,1,EVET,0.0097,0
cab|saglik_birincil|var|g2|f3|hizli|taze|p2,1,1,EVET,0.0087,0
cab|saglik_birincil|var|g2|f3|hizli|taze|p3,1,1,EVET,0.0149,0
cab|saglik_birincil|var|g2|f3|hizli|taze|p4,1,1,EVET,0.016,0
cab|saglik_birincil|var|g2|f3|hizli|sabit|p0,1,1,EVET,0.0077,0
cab|saglik_birincil|var|g2|f3|hizli|sabit|p1,1,1,EVET,0.0073,0
cab|saglik_birincil|var|g2|f3|hizli|sabit|p2,1,1,EVET,0.008,0
cab|saglik_birincil|var|g2|f3|hizli|sabit|p3,1,1,EVET,0.0166,0
cab|saglik_birincil|var|g2|f3|hizli|sabit|p4,1,1,EVET,0.0133,0
cab|saglik_birincil|var|g2|f3|hizli|onbellek|p0,1,1,EVET,0.0075,0
cab|saglik_birincil|var|g2|f3|hizli|onbellek|p1,1,1,EVET,0.0087,0
cab|saglik_birincil|var|g2|f3|hizli|onbellek|p2,1,1,EVET,0.0093,0
cab|saglik_birincil|var|g2|f3|hizli|onbellek|p3,1,1,EVET,0.0174,0
cab|saglik_birincil|var|g2|f3|hizli|onbellek|p4,1,1,EVET,0.0166,0
cab|saglik_birincil|var|g2|f3|orta|taze|p0,1,1,EVET,0.0083,0
cab|saglik_birincil|var|g2|f3|orta|taze|p1,1,1,EVET,0.0085,0
cab|saglik_birincil|var|g2|f3|orta|taze|p2,1,1,EVET,0.008,0
cab|saglik_birincil|var|g2|f3|orta|taze|p3,1,1,EVET,0.0146,0
cab|saglik_birincil|var|g2|f3|orta|taze|p4,1,1,EVET,0.0172,0
cab|saglik_birincil|var|g2|f3|orta|sabit|p0,1,1,EVET,0.0076,0
cab|saglik_birincil|var|g2|f3|orta|sabit|p1,1,1,EVET,0.0077,0
cab|saglik_birincil|var|g2|f3|orta|sabit|p2,1,1,EVET,0.0067,0
cab|saglik_birincil|var|g2|f3|orta|sabit|p3,1,1,EVET,0.0166,0
cab|saglik_birincil|var|g2|f3|orta|sabit|p4,1,1,EVET,0.0145,0
cab|saglik_birincil|var|g2|f3|orta|onbellek|p0,1,1,EVET,0.0076,0
cab|saglik_birincil|var|g2|f3|orta|onbellek|p1,1,1,EVET,0.0071,0
cab|saglik_birincil|var|g2|f3|orta|onbellek|p2,1,1,EVET,0.0088,0
cab|saglik_birincil|var|g2|f3|orta|onbellek|p3,1,1,EVET,0.0176,0
cab|saglik_birincil|var|g2|f3|orta|onbellek|p4,1,1,EVET,0.0159,0
cab|saglik_birincil|var|g2|f3|yavas|taze|p0,1,1,EVET,0.0088,0
cab|saglik_birincil|var|g2|f3|yavas|taze|p1,1,1,EVET,0.0074,0
cab|saglik_birincil|var|g2|f3|yavas|taze|p2,1,1,EVET,0.0079,0
cab|saglik_birincil|var|g2|f3|yavas|taze|p3,1,1,EVET,0.016,0
cab|saglik_birincil|var|g2|f3|yavas|taze|p4,1,1,EVET,0.0173,0
cab|saglik_birincil|var|g2|f3|yavas|sabit|p0,1,1,EVET,0.0061,0
cab|saglik_birincil|var|g2|f3|yavas|sabit|p1,1,1,EVET,0.0072,0
cab|saglik_birincil|var|g2|f3|yavas|sabit|p2,1,1,EVET,0.0074,0
cab|saglik_birincil|var|g2|f3|yavas|sabit|p3,1,1,EVET,0.0137,0
cab|saglik_birincil|var|g2|f3|yavas|sabit|p4,1,1,EVET,0.0143,0
cab|saglik_birincil|var|g2|f3|yavas|onbellek|p0,1,1,EVET,0.0088,0
cab|saglik_birincil|var|g2|f3|yavas|onbellek|p1,1,1,EVET,0.0081,0
cab|saglik_birincil|var|g2|f3|yavas|onbellek|p2,1,1,EVET,0.0075,0
cab|saglik_birincil|var|g2|f3|yavas|onbellek|p3,1,1,EVET,0.0179,0
cab|saglik_birincil|var|g2|f3|yavas|onbellek|p4,1,1,EVET,0.0157,0
cab|saglik_birincil|var|g3|f1|hizli|taze|p0,0,0,EVET,0.0049,0
cab|saglik_birincil|var|g3|f1|hizli|taze|p1,0,0,EVET,0.0046,0
cab|saglik_birincil|var|g3|f1|hizli|taze|p2,0,0,EVET,0.0039,0
cab|saglik_birincil|var|g3|f1|hizli|taze|p3,0,0,EVET,0.0072,0
cab|saglik_birincil|var|g3|f1|hizli|taze|p4,2,2,EVET,0.0355,0
cab|saglik_birincil|var|g3|f1|hizli|sabit|p0,0,0,EVET,0.0037,0
cab|saglik_birincil|var|g3|f1|hizli|sabit|p1,0,0,EVET,0.0037,0
cab|saglik_birincil|var|g3|f1|hizli|sabit|p2,0,0,EVET,0.0037,0
cab|saglik_birincil|var|g3|f1|hizli|sabit|p3,0,0,EVET,0.0069,0
cab|saglik_birincil|var|g3|f1|hizli|sabit|p4,2,2,EVET,0.0303,0
cab|saglik_birincil|var|g3|f1|hizli|onbellek|p0,0,0,EVET,0.0046,0
cab|saglik_birincil|var|g3|f1|hizli|onbellek|p1,0,0,EVET,0.0046,0
cab|saglik_birincil|var|g3|f1|hizli|onbellek|p2,0,0,EVET,0.0049,0
cab|saglik_birincil|var|g3|f1|hizli|onbellek|p3,0,0,EVET,0.0078,0
cab|saglik_birincil|var|g3|f1|hizli|onbellek|p4,2,2,EVET,0.0327,0
cab|saglik_birincil|var|g3|f1|orta|taze|p0,0,0,EVET,0.0045,0
cab|saglik_birincil|var|g3|f1|orta|taze|p1,0,0,EVET,0.0039,0
cab|saglik_birincil|var|g3|f1|orta|taze|p2,0,0,EVET,0.0038,0
cab|saglik_birincil|var|g3|f1|orta|taze|p3,0,0,EVET,0.0084,0
cab|saglik_birincil|var|g3|f1|orta|taze|p4,2,2,EVET,0.0338,0
cab|saglik_birincil|var|g3|f1|orta|sabit|p0,0,0,EVET,0.0037,0
cab|saglik_birincil|var|g3|f1|orta|sabit|p1,0,0,EVET,0.0038,0
cab|saglik_birincil|var|g3|f1|orta|sabit|p2,0,0,EVET,0.0038,0
cab|saglik_birincil|var|g3|f1|orta|sabit|p3,0,0,EVET,0.0093,0
cab|saglik_birincil|var|g3|f1|orta|sabit|p4,2,2,EVET,0.0348,0
cab|saglik_birincil|var|g3|f1|orta|onbellek|p0,0,0,EVET,0.0046,0
cab|saglik_birincil|var|g3|f1|orta|onbellek|p1,0,0,EVET,0.0048,0
cab|saglik_birincil|var|g3|f1|orta|onbellek|p2,0,0,EVET,0.0047,0
cab|saglik_birincil|var|g3|f1|orta|onbellek|p3,0,0,EVET,0.007,0
cab|saglik_birincil|var|g3|f1|orta|onbellek|p4,2,2,EVET,0.0305,0
cab|saglik_birincil|var|g3|f1|yavas|taze|p0,0,0,EVET,0.0047,0
cab|saglik_birincil|var|g3|f1|yavas|taze|p1,0,0,EVET,0.0057,0
cab|saglik_birincil|var|g3|f1|yavas|taze|p2,0,0,EVET,0.0042,0
cab|saglik_birincil|var|g3|f1|yavas|taze|p3,0,0,EVET,0.0085,0
cab|saglik_birincil|var|g3|f1|yavas|taze|p4,2,2,EVET,0.0332,0
cab|saglik_birincil|var|g3|f1|yavas|sabit|p0,0,0,EVET,0.0033,0
cab|saglik_birincil|var|g3|f1|yavas|sabit|p1,0,0,EVET,0.0035,0
cab|saglik_birincil|var|g3|f1|yavas|sabit|p2,0,0,EVET,0.0031,0
cab|saglik_birincil|var|g3|f1|yavas|sabit|p3,0,0,EVET,0.0083,0
cab|saglik_birincil|var|g3|f1|yavas|sabit|p4,2,2,EVET,0.0392,0
cab|saglik_birincil|var|g3|f1|yavas|onbellek|p0,0,0,EVET,0.0039,0
cab|saglik_birincil|var|g3|f1|yavas|onbellek|p1,0,0,EVET,0.0038,0
cab|saglik_birincil|var|g3|f1|yavas|onbellek|p2,0,0,EVET,0.0046,0
cab|saglik_birincil|var|g3|f1|yavas|onbellek|p3,0,0,EVET,0.0081,0
cab|saglik_birincil|var|g3|f1|yavas|onbellek|p4,2,2,EVET,0.0294,0
cab|saglik_birincil|var|g3|f2|hizli|taze|p0,0,0,EVET,0.0036,0
cab|saglik_birincil|var|g3|f2|hizli|taze|p1,0,0,EVET,0.0044,0
cab|saglik_birincil|var|g3|f2|hizli|taze|p2,0,0,EVET,0.0045,0
cab|saglik_birincil|var|g3|f2|hizli|taze|p3,0,0,EVET,0.0067,0
cab|saglik_birincil|var|g3|f2|hizli|taze|p4,2,2,EVET,0.0213,0
cab|saglik_birincil|var|g3|f2|hizli|sabit|p0,0,0,EVET,0.0036,0
cab|saglik_birincil|var|g3|f2|hizli|sabit|p1,0,0,EVET,0.0032,0
cab|saglik_birincil|var|g3|f2|hizli|sabit|p2,0,0,EVET,0.0035,0
cab|saglik_birincil|var|g3|f2|hizli|sabit|p3,0,0,EVET,0.0077,0
cab|saglik_birincil|var|g3|f2|hizli|sabit|p4,2,2,EVET,0.0233,0
cab|saglik_birincil|var|g3|f2|hizli|onbellek|p0,0,0,EVET,0.0039,0
cab|saglik_birincil|var|g3|f2|hizli|onbellek|p1,0,0,EVET,0.0037,0
cab|saglik_birincil|var|g3|f2|hizli|onbellek|p2,0,0,EVET,0.0042,0
cab|saglik_birincil|var|g3|f2|hizli|onbellek|p3,0,0,EVET,0.0073,0
cab|saglik_birincil|var|g3|f2|hizli|onbellek|p4,2,2,EVET,0.0258,0
cab|saglik_birincil|var|g3|f2|orta|taze|p0,0,0,EVET,0.0041,0
cab|saglik_birincil|var|g3|f2|orta|taze|p1,0,0,EVET,0.0044,0
cab|saglik_birincil|var|g3|f2|orta|taze|p2,0,0,EVET,0.0036,0
cab|saglik_birincil|var|g3|f2|orta|taze|p3,0,0,EVET,0.0068,0
cab|saglik_birincil|var|g3|f2|orta|taze|p4,2,2,EVET,0.0248,0
cab|saglik_birincil|var|g3|f2|orta|sabit|p0,0,0,EVET,0.0041,0
cab|saglik_birincil|var|g3|f2|orta|sabit|p1,0,0,EVET,0.0029,0
cab|saglik_birincil|var|g3|f2|orta|sabit|p2,0,0,EVET,0.0034,0
cab|saglik_birincil|var|g3|f2|orta|sabit|p3,0,0,EVET,0.0068,0
cab|saglik_birincil|var|g3|f2|orta|sabit|p4,2,2,EVET,0.0231,0
cab|saglik_birincil|var|g3|f2|orta|onbellek|p0,0,0,EVET,0.0045,0
cab|saglik_birincil|var|g3|f2|orta|onbellek|p1,0,0,EVET,0.0045,0
cab|saglik_birincil|var|g3|f2|orta|onbellek|p2,0,0,EVET,0.0046,0
cab|saglik_birincil|var|g3|f2|orta|onbellek|p3,0,0,EVET,0.0077,0
cab|saglik_birincil|var|g3|f2|orta|onbellek|p4,2,2,EVET,0.0216,0
cab|saglik_birincil|var|g3|f2|yavas|taze|p0,0,0,EVET,0.0037,0
cab|saglik_birincil|var|g3|f2|yavas|taze|p1,0,0,EVET,0.0035,0
cab|saglik_birincil|var|g3|f2|yavas|taze|p2,0,0,EVET,0.0036,0
cab|saglik_birincil|var|g3|f2|yavas|taze|p3,0,0,EVET,0.0078,0
cab|saglik_birincil|var|g3|f2|yavas|taze|p4,2,2,EVET,0.022,0
cab|saglik_birincil|var|g3|f2|yavas|sabit|p0,0,0,EVET,0.004,0
cab|saglik_birincil|var|g3|f2|yavas|sabit|p1,0,0,EVET,0.0035,0
cab|saglik_birincil|var|g3|f2|yavas|sabit|p2,0,0,EVET,0.0035,0
cab|saglik_birincil|var|g3|f2|yavas|sabit|p3,0,0,EVET,0.0074,0
cab|saglik_birincil|var|g3|f2|yavas|sabit|p4,2,2,EVET,0.0231,0
cab|saglik_birincil|var|g3|f2|yavas|onbellek|p0,0,0,EVET,0.0041,0
cab|saglik_birincil|var|g3|f2|yavas|onbellek|p1,0,0,EVET,0.0035,0
cab|saglik_birincil|var|g3|f2|yavas|onbellek|p2,0,0,EVET,0.0036,0
cab|saglik_birincil|var|g3|f2|yavas|onbellek|p3,0,0,EVET,0.0074,0
cab|saglik_birincil|var|g3|f2|yavas|onbellek|p4,2,2,EVET,0.025,0
cab|saglik_birincil|var|g3|f3|hizli|taze|p0,1,1,EVET,0.0083,0
cab|saglik_birincil|var|g3|f3|hizli|taze|p1,1,1,EVET,0.0082,0
cab|saglik_birincil|var|g3|f3|hizli|taze|p2,1,1,EVET,0.0072,0
cab|saglik_birincil|var|g3|f3|hizli|taze|p3,1,1,EVET,0.0134,0
cab|saglik_birincil|var|g3|f3|hizli|taze|p4,1,1,EVET,0.012,0
cab|saglik_birincil|var|g3|f3|hizli|sabit|p0,1,1,EVET,0.0055,0
cab|saglik_birincil|var|g3|f3|hizli|sabit|p1,1,1,EVET,0.0071,0
cab|saglik_birincil|var|g3|f3|hizli|sabit|p2,1,1,EVET,0.0063,0
cab|saglik_birincil|var|g3|f3|hizli|sabit|p3,1,1,EVET,0.0135,0
cab|saglik_birincil|var|g3|f3|hizli|sabit|p4,1,1,EVET,0.0129,0
cab|saglik_birincil|var|g3|f3|hizli|onbellek|p0,1,1,EVET,0.0064,0
cab|saglik_birincil|var|g3|f3|hizli|onbellek|p1,1,1,EVET,0.0065,0
cab|saglik_birincil|var|g3|f3|hizli|onbellek|p2,1,1,EVET,0.0072,0
cab|saglik_birincil|var|g3|f3|hizli|onbellek|p3,1,1,EVET,0.0127,0
cab|saglik_birincil|var|g3|f3|hizli|onbellek|p4,1,1,EVET,0.0152,0
cab|saglik_birincil|var|g3|f3|orta|taze|p0,1,1,EVET,0.0075,0
cab|saglik_birincil|var|g3|f3|orta|taze|p1,1,1,EVET,0.0065,0
cab|saglik_birincil|var|g3|f3|orta|taze|p2,1,1,EVET,0.0064,0
cab|saglik_birincil|var|g3|f3|orta|taze|p3,1,1,EVET,0.0146,0
cab|saglik_birincil|var|g3|f3|orta|taze|p4,1,1,EVET,0.013,0
cab|saglik_birincil|var|g3|f3|orta|sabit|p0,1,1,EVET,0.0055,0
cab|saglik_birincil|var|g3|f3|orta|sabit|p1,1,1,EVET,0.0054,0
cab|saglik_birincil|var|g3|f3|orta|sabit|p2,1,1,EVET,0.0063,0
cab|saglik_birincil|var|g3|f3|orta|sabit|p3,1,1,EVET,0.0124,0
cab|saglik_birincil|var|g3|f3|orta|sabit|p4,1,1,EVET,0.0135,0
cab|saglik_birincil|var|g3|f3|orta|onbellek|p0,1,1,EVET,0.0078,0
cab|saglik_birincil|var|g3|f3|orta|onbellek|p1,1,1,EVET,0.0065,0
cab|saglik_birincil|var|g3|f3|orta|onbellek|p2,1,1,EVET,0.0069,0
cab|saglik_birincil|var|g3|f3|orta|onbellek|p3,1,1,EVET,0.013,0
cab|saglik_birincil|var|g3|f3|orta|onbellek|p4,1,1,EVET,0.0131,0
cab|saglik_birincil|var|g3|f3|yavas|taze|p0,1,1,EVET,0.0074,0
cab|saglik_birincil|var|g3|f3|yavas|taze|p1,1,1,EVET,0.0083,0
cab|saglik_birincil|var|g3|f3|yavas|taze|p2,1,1,EVET,0.008,0
cab|saglik_birincil|var|g3|f3|yavas|taze|p3,1,1,EVET,0.0143,0
cab|saglik_birincil|var|g3|f3|yavas|taze|p4,1,1,EVET,0.0127,0
cab|saglik_birincil|var|g3|f3|yavas|sabit|p0,1,1,EVET,0.0055,0
cab|saglik_birincil|var|g3|f3|yavas|sabit|p1,1,1,EVET,0.0062,0
cab|saglik_birincil|var|g3|f3|yavas|sabit|p2,1,1,EVET,0.0061,0
cab|saglik_birincil|var|g3|f3|yavas|sabit|p3,1,1,EVET,0.0137,0
cab|saglik_birincil|var|g3|f3|yavas|sabit|p4,1,1,EVET,0.0132,0
cab|saglik_birincil|var|g3|f3|yavas|onbellek|p0,1,1,EVET,0.0075,0
cab|saglik_birincil|var|g3|f3|yavas|onbellek|p1,1,1,EVET,0.0072,0
cab|saglik_birincil|var|g3|f3|yavas|onbellek|p2,1,1,EVET,0.0065,0
cab|saglik_birincil|var|g3|f3|yavas|onbellek|p3,1,1,EVET,0.0121,0
cab|saglik_birincil|var|g3|f3|yavas|onbellek|p4,1,1,EVET,0.0123,0
cab|saglik_birincil|var|g4|f1|hizli|taze|p0,0,0,EVET,0.0026,0
cab|saglik_birincil|var|g4|f1|hizli|taze|p1,0,0,EVET,0.0027,0
cab|saglik_birincil|var|g4|f1|hizli|taze|p2,0,0,EVET,0.0027,0
cab|saglik_birincil|var|g4|f1|hizli|taze|p3,0,0,EVET,0.0044,0
cab|saglik_birincil|var|g4|f1|hizli|taze|p4,0,0,EVET,0.0042,0
cab|saglik_birincil|var|g4|f1|hizli|sabit|p0,0,0,EVET,0.0032,0
cab|saglik_birincil|var|g4|f1|hizli|sabit|p1,0,0,EVET,0.0032,0
cab|saglik_birincil|var|g4|f1|hizli|sabit|p2,0,0,EVET,0.0026,0
cab|saglik_birincil|var|g4|f1|hizli|sabit|p3,0,0,EVET,0.0037,0
cab|saglik_birincil|var|g4|f1|hizli|sabit|p4,0,0,EVET,0.0035,0
cab|saglik_birincil|var|g4|f1|hizli|onbellek|p0,0,0,EVET,0.0025,0
cab|saglik_birincil|var|g4|f1|hizli|onbellek|p1,0,0,EVET,0.003,0
cab|saglik_birincil|var|g4|f1|hizli|onbellek|p2,0,0,EVET,0.0033,0
cab|saglik_birincil|var|g4|f1|hizli|onbellek|p3,0,0,EVET,0.0042,0
cab|saglik_birincil|var|g4|f1|hizli|onbellek|p4,0,0,EVET,0.0042,0
cab|saglik_birincil|var|g4|f1|orta|taze|p0,0,0,EVET,0.0031,0
cab|saglik_birincil|var|g4|f1|orta|taze|p1,0,0,EVET,0.0032,0
cab|saglik_birincil|var|g4|f1|orta|taze|p2,0,0,EVET,0.0029,0
cab|saglik_birincil|var|g4|f1|orta|taze|p3,0,0,EVET,0.0042,0
cab|saglik_birincil|var|g4|f1|orta|taze|p4,0,0,EVET,0.0043,0
cab|saglik_birincil|var|g4|f1|orta|sabit|p0,0,0,EVET,0.0031,0
cab|saglik_birincil|var|g4|f1|orta|sabit|p1,0,0,EVET,0.0025,0
cab|saglik_birincil|var|g4|f1|orta|sabit|p2,0,0,EVET,0.0027,0
cab|saglik_birincil|var|g4|f1|orta|sabit|p3,0,0,EVET,0.0038,0
cab|saglik_birincil|var|g4|f1|orta|sabit|p4,0,0,EVET,0.0037,0
cab|saglik_birincil|var|g4|f1|orta|onbellek|p0,0,0,EVET,0.0027,0
cab|saglik_birincil|var|g4|f1|orta|onbellek|p1,0,0,EVET,0.0027,0
cab|saglik_birincil|var|g4|f1|orta|onbellek|p2,0,0,EVET,0.0026,0
cab|saglik_birincil|var|g4|f1|orta|onbellek|p3,0,0,EVET,0.0036,0
cab|saglik_birincil|var|g4|f1|orta|onbellek|p4,0,0,EVET,0.0043,0
cab|saglik_birincil|var|g4|f1|yavas|taze|p0,0,0,EVET,0.003,0
cab|saglik_birincil|var|g4|f1|yavas|taze|p1,0,0,EVET,0.0031,0
cab|saglik_birincil|var|g4|f1|yavas|taze|p2,0,0,EVET,0.0031,0
cab|saglik_birincil|var|g4|f1|yavas|taze|p3,0,0,EVET,0.0045,0
cab|saglik_birincil|var|g4|f1|yavas|taze|p4,0,0,EVET,0.0037,0
cab|saglik_birincil|var|g4|f1|yavas|sabit|p0,0,0,EVET,0.0032,0
cab|saglik_birincil|var|g4|f1|yavas|sabit|p1,0,0,EVET,0.0034,0
cab|saglik_birincil|var|g4|f1|yavas|sabit|p2,0,0,EVET,0.0032,0
cab|saglik_birincil|var|g4|f1|yavas|sabit|p3,0,0,EVET,0.0042,0
cab|saglik_birincil|var|g4|f1|yavas|sabit|p4,0,0,EVET,0.0041,0
cab|saglik_birincil|var|g4|f1|yavas|onbellek|p0,0,0,EVET,0.0032,0
cab|saglik_birincil|var|g4|f1|yavas|onbellek|p1,0,0,EVET,0.0029,0
cab|saglik_birincil|var|g4|f1|yavas|onbellek|p2,0,0,EVET,0.0027,0
cab|saglik_birincil|var|g4|f1|yavas|onbellek|p3,0,0,EVET,0.0038,0
cab|saglik_birincil|var|g4|f1|yavas|onbellek|p4,0,0,EVET,0.0036,0
cab|saglik_birincil|var|g4|f2|hizli|taze|p0,0,0,EVET,0.0026,0
cab|saglik_birincil|var|g4|f2|hizli|taze|p1,0,0,EVET,0.0026,0
cab|saglik_birincil|var|g4|f2|hizli|taze|p2,0,0,EVET,0.0029,0
cab|saglik_birincil|var|g4|f2|hizli|taze|p3,0,0,EVET,0.0044,0
cab|saglik_birincil|var|g4|f2|hizli|taze|p4,0,0,EVET,0.0041,0
cab|saglik_birincil|var|g4|f2|hizli|sabit|p0,0,0,EVET,0.0032,0
cab|saglik_birincil|var|g4|f2|hizli|sabit|p1,0,0,EVET,0.0032,0
cab|saglik_birincil|var|g4|f2|hizli|sabit|p2,0,0,EVET,0.0029,0
cab|saglik_birincil|var|g4|f2|hizli|sabit|p3,0,0,EVET,0.0046,0
cab|saglik_birincil|var|g4|f2|hizli|sabit|p4,0,0,EVET,0.0042,0
cab|saglik_birincil|var|g4|f2|hizli|onbellek|p0,0,0,EVET,0.0026,0
cab|saglik_birincil|var|g4|f2|hizli|onbellek|p1,0,0,EVET,0.0026,0
cab|saglik_birincil|var|g4|f2|hizli|onbellek|p2,0,0,EVET,0.003,0
cab|saglik_birincil|var|g4|f2|hizli|onbellek|p3,0,0,EVET,0.0036,0
cab|saglik_birincil|var|g4|f2|hizli|onbellek|p4,0,0,EVET,0.0038,0
cab|saglik_birincil|var|g4|f2|orta|taze|p0,0,0,EVET,0.0027,0
cab|saglik_birincil|var|g4|f2|orta|taze|p1,0,0,EVET,0.0026,0
cab|saglik_birincil|var|g4|f2|orta|taze|p2,0,0,EVET,0.0028,0
cab|saglik_birincil|var|g4|f2|orta|taze|p3,0,0,EVET,0.0045,0
cab|saglik_birincil|var|g4|f2|orta|taze|p4,0,0,EVET,0.0041,0
cab|saglik_birincil|var|g4|f2|orta|sabit|p0,0,0,EVET,0.003,0
cab|saglik_birincil|var|g4|f2|orta|sabit|p1,0,0,EVET,0.0031,0
cab|saglik_birincil|var|g4|f2|orta|sabit|p2,0,0,EVET,0.003,0
cab|saglik_birincil|var|g4|f2|orta|sabit|p3,0,0,EVET,0.0044,0
cab|saglik_birincil|var|g4|f2|orta|sabit|p4,0,0,EVET,0.0043,0
cab|saglik_birincil|var|g4|f2|orta|onbellek|p0,0,0,EVET,0.0029,0
cab|saglik_birincil|var|g4|f2|orta|onbellek|p1,0,0,EVET,0.0028,0
cab|saglik_birincil|var|g4|f2|orta|onbellek|p2,0,0,EVET,0.0025,0
cab|saglik_birincil|var|g4|f2|orta|onbellek|p3,0,0,EVET,0.0039,0
cab|saglik_birincil|var|g4|f2|orta|onbellek|p4,0,0,EVET,0.0035,0
cab|saglik_birincil|var|g4|f2|yavas|taze|p0,0,0,EVET,0.0033,0
cab|saglik_birincil|var|g4|f2|yavas|taze|p1,0,0,EVET,0.0033,0
cab|saglik_birincil|var|g4|f2|yavas|taze|p2,0,0,EVET,0.0026,0
cab|saglik_birincil|var|g4|f2|yavas|taze|p3,0,0,EVET,0.0037,0
cab|saglik_birincil|var|g4|f2|yavas|taze|p4,0,0,EVET,0.0035,0
cab|saglik_birincil|var|g4|f2|yavas|sabit|p0,0,0,EVET,0.0026,0
cab|saglik_birincil|var|g4|f2|yavas|sabit|p1,0,0,EVET,0.0028,0
cab|saglik_birincil|var|g4|f2|yavas|sabit|p2,0,0,EVET,0.003,0
cab|saglik_birincil|var|g4|f2|yavas|sabit|p3,0,0,EVET,0.0048,0
cab|saglik_birincil|var|g4|f2|yavas|sabit|p4,0,0,EVET,0.0042,0
cab|saglik_birincil|var|g4|f2|yavas|onbellek|p0,0,0,EVET,0.0034,0
cab|saglik_birincil|var|g4|f2|yavas|onbellek|p1,0,0,EVET,0.0026,0
cab|saglik_birincil|var|g4|f2|yavas|onbellek|p2,0,0,EVET,0.0025,0
cab|saglik_birincil|var|g4|f2|yavas|onbellek|p3,0,0,EVET,0.0037,0
cab|saglik_birincil|var|g4|f2|yavas|onbellek|p4,0,0,EVET,0.0044,0
cab|saglik_birincil|var|g4|f3|hizli|taze|p0,0,0,EVET,0.0035,0
cab|saglik_birincil|var|g4|f3|hizli|taze|p1,0,0,EVET,0.004,0
cab|saglik_birincil|var|g4|f3|hizli|taze|p2,0,0,EVET,0.0046,0
cab|saglik_birincil|var|g4|f3|hizli|taze|p3,0,0,EVET,0.0037,0
cab|saglik_birincil|var|g4|f3|hizli|taze|p4,0,0,EVET,0.0034,0
cab|saglik_birincil|var|g4|f3|hizli|sabit|p0,0,0,EVET,0.0033,0
cab|saglik_birincil|var|g4|f3|hizli|sabit|p1,0,0,EVET,0.0039,0
cab|saglik_birincil|var|g4|f3|hizli|sabit|p2,0,0,EVET,0.0026,0
cab|saglik_birincil|var|g4|f3|hizli|sabit|p3,0,0,EVET,0.0036,0
cab|saglik_birincil|var|g4|f3|hizli|sabit|p4,0,0,EVET,0.0042,0
cab|saglik_birincil|var|g4|f3|hizli|onbellek|p0,0,0,EVET,0.0031,0
cab|saglik_birincil|var|g4|f3|hizli|onbellek|p1,0,0,EVET,0.0027,0
cab|saglik_birincil|var|g4|f3|hizli|onbellek|p2,0,0,EVET,0.0028,0
cab|saglik_birincil|var|g4|f3|hizli|onbellek|p3,0,0,EVET,0.0036,0
cab|saglik_birincil|var|g4|f3|hizli|onbellek|p4,0,0,EVET,0.0034,0
cab|saglik_birincil|var|g4|f3|orta|taze|p0,0,0,EVET,0.0026,0
cab|saglik_birincil|var|g4|f3|orta|taze|p1,0,0,EVET,0.0025,0
cab|saglik_birincil|var|g4|f3|orta|taze|p2,0,0,EVET,0.0031,0
cab|saglik_birincil|var|g4|f3|orta|taze|p3,0,0,EVET,0.0053,0
cab|saglik_birincil|var|g4|f3|orta|taze|p4,0,0,EVET,0.0053,0
cab|saglik_birincil|var|g4|f3|orta|sabit|p0,0,0,EVET,0.0026,0
cab|saglik_birincil|var|g4|f3|orta|sabit|p1,0,0,EVET,0.0026,0
cab|saglik_birincil|var|g4|f3|orta|sabit|p2,0,0,EVET,0.0026,0
cab|saglik_birincil|var|g4|f3|orta|sabit|p3,0,0,EVET,0.0035,0
cab|saglik_birincil|var|g4|f3|orta|sabit|p4,0,0,EVET,0.0041,0
cab|saglik_birincil|var|g4|f3|orta|onbellek|p0,0,0,EVET,0.0027,0
cab|saglik_birincil|var|g4|f3|orta|onbellek|p1,0,0,EVET,0.0029,0
cab|saglik_birincil|var|g4|f3|orta|onbellek|p2,0,0,EVET,0.0033,0
cab|saglik_birincil|var|g4|f3|orta|onbellek|p3,0,0,EVET,0.0044,0
cab|saglik_birincil|var|g4|f3|orta|onbellek|p4,0,0,EVET,0.0043,0
cab|saglik_birincil|var|g4|f3|yavas|taze|p0,0,0,EVET,0.0037,0
cab|saglik_birincil|var|g4|f3|yavas|taze|p1,0,0,EVET,0.003,0
cab|saglik_birincil|var|g4|f3|yavas|taze|p2,0,0,EVET,0.0031,0
cab|saglik_birincil|var|g4|f3|yavas|taze|p3,0,0,EVET,0.004,0
cab|saglik_birincil|var|g4|f3|yavas|taze|p4,0,0,EVET,0.0043,0
cab|saglik_birincil|var|g4|f3|yavas|sabit|p0,0,0,EVET,0.0025,0
cab|saglik_birincil|var|g4|f3|yavas|sabit|p1,0,0,EVET,0.0025,0
cab|saglik_birincil|var|g4|f3|yavas|sabit|p2,0,0,EVET,0.0026,0
cab|saglik_birincil|var|g4|f3|yavas|sabit|p3,0,0,EVET,0.0035,0
cab|saglik_birincil|var|g4|f3|yavas|sabit|p4,0,0,EVET,0.0035,0
cab|saglik_birincil|var|g4|f3|yavas|onbellek|p0,0,0,EVET,0.0025,0
cab|saglik_birincil|var|g4|f3|yavas|onbellek|p1,0,0,EVET,0.0031,0
cab|saglik_birincil|var|g4|f3|yavas|onbellek|p2,0,0,EVET,0.0031,0
cab|saglik_birincil|var|g4|f3|yavas|onbellek|p3,0,0,EVET,0.005,0
cab|saglik_birincil|var|g4|f3|yavas|onbellek|p4,0,0,EVET,0.0046,0
cab|saglik_birincil|var|tum|f1|hizli|taze|p0,0,0,EVET,0.0068,0
cab|saglik_birincil|var|tum|f1|hizli|taze|p1,0,0,EVET,0.0059,0
cab|saglik_birincil|var|tum|f1|hizli|taze|p2,0,0,EVET,0.006,0
cab|saglik_birincil|var|tum|f1|hizli|taze|p3,0,0,EVET,0.0095,0
cab|saglik_birincil|var|tum|f1|hizli|taze|p4,0,0,EVET,0.0102,0
cab|saglik_birincil|var|tum|f1|hizli|sabit|p0,0,0,EVET,0.0058,0
cab|saglik_birincil|var|tum|f1|hizli|sabit|p1,0,0,EVET,0.0065,0
cab|saglik_birincil|var|tum|f1|hizli|sabit|p2,0,0,EVET,0.006,0
cab|saglik_birincil|var|tum|f1|hizli|sabit|p3,0,0,EVET,0.0108,0
cab|saglik_birincil|var|tum|f1|hizli|sabit|p4,0,0,EVET,0.0111,0
cab|saglik_birincil|var|tum|f1|hizli|onbellek|p0,0,0,EVET,0.0071,0
cab|saglik_birincil|var|tum|f1|hizli|onbellek|p1,0,0,EVET,0.0069,0
cab|saglik_birincil|var|tum|f1|hizli|onbellek|p2,0,0,EVET,0.0059,0
cab|saglik_birincil|var|tum|f1|hizli|onbellek|p3,0,0,EVET,0.0095,0
cab|saglik_birincil|var|tum|f1|hizli|onbellek|p4,0,0,EVET,0.01,0
cab|saglik_birincil|var|tum|f1|orta|taze|p0,0,0,EVET,0.0075,0
cab|saglik_birincil|var|tum|f1|orta|taze|p1,0,0,EVET,0.0072,0
cab|saglik_birincil|var|tum|f1|orta|taze|p2,0,0,EVET,0.007,0
cab|saglik_birincil|var|tum|f1|orta|taze|p3,0,0,EVET,0.0114,0
cab|saglik_birincil|var|tum|f1|orta|taze|p4,0,0,EVET,0.0103,0
cab|saglik_birincil|var|tum|f1|orta|sabit|p0,0,0,EVET,0.0053,0
cab|saglik_birincil|var|tum|f1|orta|sabit|p1,0,0,EVET,0.0053,0
cab|saglik_birincil|var|tum|f1|orta|sabit|p2,0,0,EVET,0.0061,0
cab|saglik_birincil|var|tum|f1|orta|sabit|p3,0,0,EVET,0.0111,0
cab|saglik_birincil|var|tum|f1|orta|sabit|p4,0,0,EVET,0.0101,0
cab|saglik_birincil|var|tum|f1|orta|onbellek|p0,0,0,EVET,0.0074,0
cab|saglik_birincil|var|tum|f1|orta|onbellek|p1,0,0,EVET,0.0068,0
cab|saglik_birincil|var|tum|f1|orta|onbellek|p2,0,0,EVET,0.006,0
cab|saglik_birincil|var|tum|f1|orta|onbellek|p3,0,0,EVET,0.0097,0
cab|saglik_birincil|var|tum|f1|orta|onbellek|p4,0,0,EVET,0.0095,0
cab|saglik_birincil|var|tum|f1|yavas|taze|p0,0,0,EVET,0.0058,0
cab|saglik_birincil|var|tum|f1|yavas|taze|p1,0,0,EVET,0.0058,0
cab|saglik_birincil|var|tum|f1|yavas|taze|p2,0,0,EVET,0.0075,0
cab|saglik_birincil|var|tum|f1|yavas|taze|p3,0,0,EVET,0.0121,0
cab|saglik_birincil|var|tum|f1|yavas|taze|p4,0,0,EVET,0.0088,0
cab|saglik_birincil|var|tum|f1|yavas|sabit|p0,0,0,EVET,0.0052,0
cab|saglik_birincil|var|tum|f1|yavas|sabit|p1,0,0,EVET,0.0062,0
cab|saglik_birincil|var|tum|f1|yavas|sabit|p2,0,0,EVET,0.0062,0
cab|saglik_birincil|var|tum|f1|yavas|sabit|p3,0,0,EVET,0.0109,0
cab|saglik_birincil|var|tum|f1|yavas|sabit|p4,0,0,EVET,0.0091,0
cab|saglik_birincil|var|tum|f1|yavas|onbellek|p0,0,0,EVET,0.0058,0
cab|saglik_birincil|var|tum|f1|yavas|onbellek|p1,0,0,EVET,0.006,0
cab|saglik_birincil|var|tum|f1|yavas|onbellek|p2,0,0,EVET,0.0061,0
cab|saglik_birincil|var|tum|f1|yavas|onbellek|p3,0,0,EVET,0.0114,0
cab|saglik_birincil|var|tum|f1|yavas|onbellek|p4,0,0,EVET,0.0107,0
cab|saglik_birincil|var|tum|f2|hizli|taze|p0,0,0,EVET,0.0058,0
cab|saglik_birincil|var|tum|f2|hizli|taze|p1,0,0,EVET,0.0074,0
cab|saglik_birincil|var|tum|f2|hizli|taze|p2,0,0,EVET,0.0069,0
cab|saglik_birincil|var|tum|f2|hizli|taze|p3,0,0,EVET,0.0112,0
cab|saglik_birincil|var|tum|f2|hizli|taze|p4,0,0,EVET,0.0101,0
cab|saglik_birincil|var|tum|f2|hizli|sabit|p0,0,0,EVET,0.0061,0
cab|saglik_birincil|var|tum|f2|hizli|sabit|p1,0,0,EVET,0.0059,0
cab|saglik_birincil|var|tum|f2|hizli|sabit|p2,0,0,EVET,0.0063,0
cab|saglik_birincil|var|tum|f2|hizli|sabit|p3,0,0,EVET,0.0116,0
cab|saglik_birincil|var|tum|f2|hizli|sabit|p4,0,0,EVET,0.0091,0
cab|saglik_birincil|var|tum|f2|hizli|onbellek|p0,0,0,EVET,0.0058,0
cab|saglik_birincil|var|tum|f2|hizli|onbellek|p1,0,0,EVET,0.007,0
cab|saglik_birincil|var|tum|f2|hizli|onbellek|p2,0,0,EVET,0.007,0
cab|saglik_birincil|var|tum|f2|hizli|onbellek|p3,0,0,EVET,0.0095,0
cab|saglik_birincil|var|tum|f2|hizli|onbellek|p4,0,0,EVET,0.0102,0
cab|saglik_birincil|var|tum|f2|orta|taze|p0,0,0,EVET,0.0062,0
cab|saglik_birincil|var|tum|f2|orta|taze|p1,0,0,EVET,0.0062,0
cab|saglik_birincil|var|tum|f2|orta|taze|p2,0,0,EVET,0.0072,0
cab|saglik_birincil|var|tum|f2|orta|taze|p3,0,0,EVET,0.0113,0
cab|saglik_birincil|var|tum|f2|orta|taze|p4,0,0,EVET,0.0094,0
cab|saglik_birincil|var|tum|f2|orta|sabit|p0,0,0,EVET,0.0057,0
cab|saglik_birincil|var|tum|f2|orta|sabit|p1,0,0,EVET,0.0053,0
cab|saglik_birincil|var|tum|f2|orta|sabit|p2,0,0,EVET,0.005,0
cab|saglik_birincil|var|tum|f2|orta|sabit|p3,0,0,EVET,0.0125,0
cab|saglik_birincil|var|tum|f2|orta|sabit|p4,0,0,EVET,0.009,0
cab|saglik_birincil|var|tum|f2|orta|onbellek|p0,0,0,EVET,0.0058,0
cab|saglik_birincil|var|tum|f2|orta|onbellek|p1,0,0,EVET,0.0062,0
cab|saglik_birincil|var|tum|f2|orta|onbellek|p2,0,0,EVET,0.0069,0
cab|saglik_birincil|var|tum|f2|orta|onbellek|p3,0,0,EVET,0.0105,0
cab|saglik_birincil|var|tum|f2|orta|onbellek|p4,0,0,EVET,0.0101,0
cab|saglik_birincil|var|tum|f2|yavas|taze|p0,0,0,EVET,0.0075,0
cab|saglik_birincil|var|tum|f2|yavas|taze|p1,0,0,EVET,0.0066,0
cab|saglik_birincil|var|tum|f2|yavas|taze|p2,0,0,EVET,0.0067,0
cab|saglik_birincil|var|tum|f2|yavas|taze|p3,0,0,EVET,0.0101,0
cab|saglik_birincil|var|tum|f2|yavas|taze|p4,0,0,EVET,0.0105,0
cab|saglik_birincil|var|tum|f2|yavas|sabit|p0,0,0,EVET,0.0061,0
cab|saglik_birincil|var|tum|f2|yavas|sabit|p1,0,0,EVET,0.0062,0
cab|saglik_birincil|var|tum|f2|yavas|sabit|p2,0,0,EVET,0.0052,0
cab|saglik_birincil|var|tum|f2|yavas|sabit|p3,0,0,EVET,0.0096,0
cab|saglik_birincil|var|tum|f2|yavas|sabit|p4,0,0,EVET,0.0102,0
cab|saglik_birincil|var|tum|f2|yavas|onbellek|p0,0,0,EVET,0.0078,0
cab|saglik_birincil|var|tum|f2|yavas|onbellek|p1,0,0,EVET,0.0066,0
cab|saglik_birincil|var|tum|f2|yavas|onbellek|p2,0,0,EVET,0.0069,0
cab|saglik_birincil|var|tum|f2|yavas|onbellek|p3,0,0,EVET,0.0125,0
cab|saglik_birincil|var|tum|f2|yavas|onbellek|p4,0,0,EVET,0.0116,0
cab|saglik_birincil|var|tum|f3|hizli|taze|p0,0,0,EVET,0.0059,0
cab|saglik_birincil|var|tum|f3|hizli|taze|p1,0,0,EVET,0.0061,0
cab|saglik_birincil|var|tum|f3|hizli|taze|p2,0,0,EVET,0.0058,0
cab|saglik_birincil|var|tum|f3|hizli|taze|p3,0,0,EVET,0.0104,0
cab|saglik_birincil|var|tum|f3|hizli|taze|p4,0,0,EVET,0.0109,0
cab|saglik_birincil|var|tum|f3|hizli|sabit|p0,0,0,EVET,0.0075,0
cab|saglik_birincil|var|tum|f3|hizli|sabit|p1,0,0,EVET,0.0067,0
cab|saglik_birincil|var|tum|f3|hizli|sabit|p2,0,0,EVET,0.0058,0
cab|saglik_birincil|var|tum|f3|hizli|sabit|p3,0,0,EVET,0.0116,0
cab|saglik_birincil|var|tum|f3|hizli|sabit|p4,0,0,EVET,0.0109,0
cab|saglik_birincil|var|tum|f3|hizli|onbellek|p0,0,0,EVET,0.0063,0
cab|saglik_birincil|var|tum|f3|hizli|onbellek|p1,0,0,EVET,0.0095,0
cab|saglik_birincil|var|tum|f3|hizli|onbellek|p2,0,0,EVET,0.0067,0
cab|saglik_birincil|var|tum|f3|hizli|onbellek|p3,0,0,EVET,0.0115,0
cab|saglik_birincil|var|tum|f3|hizli|onbellek|p4,0,0,EVET,0.0109,0
cab|saglik_birincil|var|tum|f3|orta|taze|p0,0,0,EVET,0.0115,0
cab|saglik_birincil|var|tum|f3|orta|taze|p1,0,0,EVET,0.0086,0
cab|saglik_birincil|var|tum|f3|orta|taze|p2,0,0,EVET,0.0072,0
cab|saglik_birincil|var|tum|f3|orta|taze|p3,0,0,EVET,0.0119,0
cab|saglik_birincil|var|tum|f3|orta|taze|p4,0,0,EVET,0.016,0
cab|saglik_birincil|var|tum|f3|orta|sabit|p0,0,0,EVET,0.0051,0
cab|saglik_birincil|var|tum|f3|orta|sabit|p1,0,0,EVET,0.0052,0
cab|saglik_birincil|var|tum|f3|orta|sabit|p2,0,0,EVET,0.0063,0
cab|saglik_birincil|var|tum|f3|orta|sabit|p3,0,0,EVET,0.0132,0
cab|saglik_birincil|var|tum|f3|orta|sabit|p4,0,0,EVET,0.0134,0
cab|saglik_birincil|var|tum|f3|orta|onbellek|p0,0,0,EVET,0.0092,0
cab|saglik_birincil|var|tum|f3|orta|onbellek|p1,0,0,EVET,0.0064,0
cab|saglik_birincil|var|tum|f3|orta|onbellek|p2,0,0,EVET,0.0086,0
cab|saglik_birincil|var|tum|f3|orta|onbellek|p3,0,0,EVET,0.0102,0
cab|saglik_birincil|var|tum|f3|orta|onbellek|p4,0,0,EVET,0.0111,0
cab|saglik_birincil|var|tum|f3|yavas|taze|p0,0,0,EVET,0.0084,0
cab|saglik_birincil|var|tum|f3|yavas|taze|p1,0,0,EVET,0.0064,0
cab|saglik_birincil|var|tum|f3|yavas|taze|p2,0,0,EVET,0.0091,0
cab|saglik_birincil|var|tum|f3|yavas|taze|p3,0,0,EVET,0.0157,0
cab|saglik_birincil|var|tum|f3|yavas|taze|p4,0,0,EVET,0.0097,0
cab|saglik_birincil|var|tum|f3|yavas|sabit|p0,0,0,EVET,0.0066,0
cab|saglik_birincil|var|tum|f3|yavas|sabit|p1,0,0,EVET,0.0055,0
cab|saglik_birincil|var|tum|f3|yavas|sabit|p2,0,0,EVET,0.0054,0
cab|saglik_birincil|var|tum|f3|yavas|sabit|p3,0,0,EVET,0.0136,0
cab|saglik_birincil|var|tum|f3|yavas|sabit|p4,0,0,EVET,0.0101,0
cab|saglik_birincil|var|tum|f3|yavas|onbellek|p0,0,0,EVET,0.0064,0
cab|saglik_birincil|var|tum|f3|yavas|onbellek|p1,0,0,EVET,0.0057,0
cab|saglik_birincil|var|tum|f3|yavas|onbellek|p2,0,0,EVET,0.0075,0
cab|saglik_birincil|var|tum|f3|yavas|onbellek|p3,0,0,EVET,0.0101,0
cab|saglik_birincil|var|tum|f3|yavas|onbellek|p4,0,0,EVET,0.0092,0
