id,asp_n,z3_n,esit,z3_s,cegar
h2|durum_anahtari|gunluk|g1|f1|hizli|taze|p0,0,0,EVET,0.0418,0
h2|durum_anahtari|gunluk|g1|f1|hizli|taze|p1,0,0,EVET,0.0039,0
h2|durum_anahtari|gunluk|g1|f1|hizli|taze|p2,0,0,EVET,0.0426,0
h2|durum_anahtari|gunluk|g1|f1|hizli|taze|p3,0,0,EVET,0.006,0
h2|durum_anahtari|gunluk|g1|f1|hizli|taze|p4,2,2,EVET,0.072,0
h2|durum_anahtari|gunluk|g1|f1|hizli|sabit|p0,0,0,EVET,0.0027,0
h2|durum_anahtari|gunluk|g1|f1|hizli|sabit|p1,0,0,EVET,0.0356,0
h2|durum_anahtari|gunluk|g1|f1|hizli|sabit|p2,0,0,EVET,0.003,0
h2|durum_anahtari|gunluk|g1|f1|hizli|sabit|p3,0,0,EVET,0.039,0
h2|durum_anahtari|gunluk|g1|f1|hizli|sabit|p4,2,2,EVET,0.0347,0
h2|durum_anahtari|gunluk|g1|f1|hizli|onbellek|p0,0,0,EVET,0.0362,0
h2|durum_anahtari|gunluk|g1|f1|hizli|onbellek|p1,0,0,EVET,0.0037,0
h2|durum_anahtari|gunluk|g1|f1|hizli|onbellek|p2,0,0,EVET,0.0431,0
h2|durum_anahtari|gunluk|g1|f1|hizli|onbellek|p3,0,0,EVET,0.0099,0
h2|durum_anahtari|gunluk|g1|f1|hizli|onbellek|p4,2,2,EVET,0.0722,0
h2|durum_anahtari|gunluk|g1|f1|orta|taze|p0,0,0,EVET,0.0048,0
h2|durum_anahtari|gunluk|g1|f1|orta|taze|p1,0,0,EVET,0.0385,0
h2|durum_anahtari|gunluk|g1|f1|orta|taze|p2,0,0,EVET,0.0038,0
h2|durum_anahtari|gunluk|g1|f1|orta|taze|p3,0,0,EVET,0.0462,0
h2|durum_anahtari|gunluk|g1|f1|orta|taze|p4,2,2,EVET,0.0382,0
h2|durum_anahtari|gunluk|g1|f1|orta|sabit|p0,0,0,EVET,0.0028,0
h2|durum_anahtari|gunluk|g1|f1|orta|sabit|p1,0,0,EVET,0.0027,0
h2|durum_anahtari|gunluk|g1|f1|orta|sabit|p2,0,0,EVET,0.0029,0
h2|durum_anahtari|gunluk|g1|f1|orta|sabit|p3,0,0,EVET,0.0056,0
h2|durum_anahtari|gunluk|g1|f1|orta|sabit|p4,2,2,EVET,0.0321,0
h2|durum_anahtari|gunluk|g1|f1|orta|onbellek|p0,0,0,EVET,0.004,0
h2|durum_anahtari|gunluk|g1|f1|orta|onbellek|p1,0,0,EVET,0.0033,0
h2|durum_anahtari|gunluk|g1|f1|orta|onbellek|p2,0,0,EVET,0.0033,0
h2|durum_anahtari|gunluk|g1|f1|orta|onbellek|p3,0,0,EVET,0.0061,0
h2|durum_anahtari|gunluk|g1|f1|orta|onbellek|p4,2,2,EVET,0.0374,0
h2|durum_anahtari|gunluk|g1|f1|yavas|taze|p0,0,0,EVET,0.0034,0
h2|durum_anahtari|gunluk|g1|f1|yavas|taze|p1,0,0,EVET,0.0031,0
h2|durum_anahtari|gunluk|g1|f1|yavas|taze|p2,0,0,EVET,0.0032,0
h2|durum_anahtari|gunluk|g1|f1|yavas|taze|p3,0,0,EVET,0.0056,0
h2|durum_anahtari|gunluk|g1|f1|yavas|taze|p4,2,2,EVET,0.0309,0
h2|durum_anahtari|gunluk|g1|f1|yavas|sabit|p0,0,0,EVET,0.0027,0
h2|durum_anahtari|gunluk|g1|f1|yavas|sabit|p1,0,0,EVET,0.004,0
h2|durum_anahtari|gunluk|g1|f1|yavas|sabit|p2,0,0,EVET,0.0037,0
h2|durum_anahtari|gunluk|g1|f1|yavas|sabit|p3,0,0,EVET,0.0056,0
h2|durum_anahtari|gunluk|g1|f1|yavas|sabit|p4,2,2,EVET,0.0258,0
h2|durum_anahtari|gunluk|g1|f1|yavas|onbellek|p0,0,0,EVET,0.0031,0
h2|durum_anahtari|gunluk|g1|f1|yavas|onbellek|p1,0,0,EVET,0.0031,0
h2|durum_anahtari|gunluk|g1|f1|yavas|onbellek|p2,0,0,EVET,0.0046,0
h2|durum_anahtari|gunluk|g1|f1|yavas|onbellek|p3,0,0,EVET,0.0079,0
h2|durum_anahtari|gunluk|g1|f1|yavas|onbellek|p4,2,2,EVET,0.0255,0
h2|durum_anahtari|gunluk|g1|f2|hizli|taze|p0,0,0,EVET,0.003,0
h2|durum_anahtari|gunluk|g1|f2|hizli|taze|p1,0,0,EVET,0.0031,0
h2|durum_anahtari|gunluk|g1|f2|hizli|taze|p2,0,0,EVET,0.003,0
h2|durum_anahtari|gunluk|g1|f2|hizli|taze|p3,0,0,EVET,0.0078,0
h2|durum_anahtari|gunluk|g1|f2|hizli|taze|p4,2,2,EVET,0.0255,0
h2|durum_anahtari|gunluk|g1|f2|hizli|sabit|p0,0,0,EVET,0.0025,0
h2|durum_anahtari|gunluk|g1|f2|hizli|sabit|p1,0,0,EVET,0.0024,0
h2|durum_anahtari|gunluk|g1|f2|hizli|sabit|p2,0,0,EVET,0.0037,0
h2|durum_anahtari|gunluk|g1|f2|hizli|sabit|p3,0,0,EVET,0.008,0
h2|durum_anahtari|gunluk|g1|f2|hizli|sabit|p4,2,2,EVET,0.0209,0
h2|durum_anahtari|gunluk|g1|f2|hizli|onbellek|p0,0,0,EVET,0.0038,0
h2|durum_anahtari|gunluk|g1|f2|hizli|onbellek|p1,0,0,EVET,0.003,0
h2|durum_anahtari|gunluk|g1|f2|hizli|onbellek|p2,0,0,EVET,0.0029,0
h2|durum_anahtari|gunluk|g1|f2|hizli|onbellek|p3,0,0,EVET,0.0053,0
h2|durum_anahtari|gunluk|g1|f2|hizli|onbellek|p4,2,2,EVET,0.0196,0
h2|durum_anahtari|gunluk|g1|f2|orta|taze|p0,0,0,EVET,0.0033,0
h2|durum_anahtari|gunluk|g1|f2|orta|taze|p1,0,0,EVET,0.0033,0
h2|durum_anahtari|gunluk|g1|f2|orta|taze|p2,0,0,EVET,0.0041,0
h2|durum_anahtari|gunluk|g1|f2|orta|taze|p3,0,0,EVET,0.0071,0
h2|durum_anahtari|gunluk|g1|f2|orta|taze|p4,2,2,EVET,0.0182,0
h2|durum_anahtari|gunluk|g1|f2|orta|sabit|p0,0,0,EVET,0.0025,0
h2|durum_anahtari|gunluk|g1|f2|orta|sabit|p1,0,0,EVET,0.0025,0
h2|durum_anahtari|gunluk|g1|f2|orta|sabit|p2,0,0,EVET,0.0025,0
h2|durum_anahtari|gunluk|g1|f2|orta|sabit|p3,0,0,EVET,0.0078,0
h2|durum_anahtari|gunluk|g1|f2|orta|sabit|p4,2,2,EVET,0.0215,0
h2|durum_anahtari|gunluk|g1|f2|orta|onbellek|p0,0,0,EVET,0.0049,0
h2|durum_anahtari|gunluk|g1|f2|orta|onbellek|p1,0,0,EVET,0.0048,0
h2|durum_anahtari|gunluk|g1|f2|orta|onbellek|p2,0,0,EVET,0.0031,0
h2|durum_anahtari|gunluk|g1|f2|orta|onbellek|p3,0,0,EVET,0.0054,0
h2|durum_anahtari|gunluk|g1|f2|orta|onbellek|p4,2,2,EVET,0.0182,0
h2|durum_anahtari|gunluk|g1|f2|yavas|taze|p0,0,0,EVET,0.0032,0
h2|durum_anahtari|gunluk|g1|f2|yavas|taze|p1,0,0,EVET,0.0039,0
h2|durum_anahtari|gunluk|g1|f2|yavas|taze|p2,0,0,EVET,0.0038,0
h2|durum_anahtari|gunluk|g1|f2|yavas|taze|p3,0,0,EVET,0.0055,0
h2|durum_anahtari|gunluk|g1|f2|yavas|taze|p4,2,2,EVET,0.0231,0
h2|durum_anahtari|gunluk|g1|f2|yavas|sabit|p0,0,0,EVET,0.0036,0
h2|durum_anahtari|gunluk|g1|f2|yavas|sabit|p1,0,0,EVET,0.0037,0
h2|durum_anahtari|gunluk|g1|f2|yavas|sabit|p2,0,0,EVET,0.0025,0
h2|durum_anahtari|gunluk|g1|f2|yavas|sabit|p3,0,0,EVET,0.0054,0
h2|durum_anahtari|gunluk|g1|f2|yavas|sabit|p4,2,2,EVET,0.0262,0
h2|durum_anahtari|gunluk|g1|f2|yavas|onbellek|p0,0,0,EVET,0.0033,0
h2|durum_anahtari|gunluk|g1|f2|yavas|onbellek|p1,0,0,EVET,0.0039,0
h2|durum_anahtari|gunluk|g1|f2|yavas|onbellek|p2,0,0,EVET,0.0038,0
h2|durum_anahtari|gunluk|g1|f2|yavas|onbellek|p3,0,0,EVET,0.0059,0
h2|durum_anahtari|gunluk|g1|f2|yavas|onbellek|p4,2,2,EVET,0.0199,0
h2|durum_anahtari|gunluk|g1|f3|hizli|taze|p0,1,1,EVET,0.0064,0
h2|durum_anahtari|gunluk|g1|f3|hizli|taze|p1,1,1,EVET,0.0071,0
h2|durum_anahtari|gunluk|g1|f3|hizli|taze|p2,1,1,EVET,0.0064,0
h2|durum_anahtari|gunluk|g1|f3|hizli|taze|p3,1,1,EVET,0.0113,0
h2|durum_anahtari|gunluk|g1|f3|hizli|taze|p4,1,1,EVET,0.0148,0
h2|durum_anahtari|gunluk|g1|f3|hizli|sabit|p0,1,1,EVET,0.0059,0
h2|durum_anahtari|gunluk|g1|f3|hizli|sabit|p1,1,1,EVET,0.0048,0
h2|durum_anahtari|gunluk|g1|f3|hizli|sabit|p2,1,1,EVET,0.0048,0
h2|durum_anahtari|gunluk|g1|f3|hizli|sabit|p3,1,1,EVET,0.0125,0
h2|durum_anahtari|gunluk|g1|f3|hizli|sabit|p4,1,1,EVET,0.0119,0
h2|durum_anahtari|gunluk|g1|f3|hizli|onbellek|p0,1,1,EVET,0.0062,0
h2|durum_anahtari|gunluk|g1|f3|hizli|onbellek|p1,1,1,EVET,0.0067,0
h2|durum_anahtari|gunluk|g1|f3|hizli|onbellek|p2,1,1,EVET,0.0059,0
h2|durum_anahtari|gunluk|g1|f3|hizli|onbellek|p3,1,1,EVET,0.0114,0
h2|durum_anahtari|gunluk|g1|f3|hizli|onbellek|p4,1,1,EVET,0.0109,0
h2|durum_anahtari|gunluk|g1|f3|orta|taze|p0,1,1,EVET,0.006,0
h2|durum_anahtari|gunluk|g1|f3|orta|taze|p1,1,1,EVET,0.0066,0
h2|durum_anahtari|gunluk|g1|f3|orta|taze|p2,1,1,EVET,0.0069,0
h2|durum_anahtari|gunluk|g1|f3|orta|taze|p3,1,1,EVET,0.0118,0
h2|durum_anahtari|gunluk|g1|f3|orta|taze|p4,1,1,EVET,0.0144,0
h2|durum_anahtari|gunluk|g1|f3|orta|sabit|p0,1,1,EVET,0.0065,0
h2|durum_anahtari|gunluk|g1|f3|orta|sabit|p1,1,1,EVET,0.0063,0
h2|durum_anahtari|gunluk|g1|f3|orta|sabit|p2,1,1,EVET,0.0061,0
h2|durum_anahtari|gunluk|g1|f3|orta|sabit|p3,1,1,EVET,0.0117,0
h2|durum_anahtari|gunluk|g1|f3|orta|sabit|p4,1,1,EVET,0.0117,0
h2|durum_anahtari|gunluk|g1|f3|orta|onbellek|p0,1,1,EVET,0.0072,0
h2|durum_anahtari|gunluk|g1|f3|orta|onbellek|p1,1,1,EVET,0.0063,0
h2|durum_anahtari|gunluk|g1|f3|orta|onbellek|p2,1,1,EVET,0.0067,0
h2|durum_anahtari|gunluk|g1|f3|orta|onbellek|p3,1,1,EVET,0.0118,0
h2|durum_anahtari|gunluk|g1|f3|orta|onbellek|p4,1,1,EVET,0.0111,0
h2|durum_anahtari|gunluk|g1|f3|yavas|taze|p0,1,1,EVET,0.0071,0
h2|durum_anahtari|gunluk|g1|f3|yavas|taze|p1,1,1,EVET,0.0069,0
h2|durum_anahtari|gunluk|g1|f3|yavas|taze|p2,1,1,EVET,0.0059,0
h2|durum_anahtari|gunluk|g1|f3|yavas|taze|p3,1,1,EVET,0.0111,0
h2|durum_anahtari|gunluk|g1|f3|yavas|taze|p4,1,1,EVET,0.0112,0
h2|durum_anahtari|gunluk|g1|f3|yavas|sabit|p0,1,1,EVET,0.0047,0
h2|durum_anahtari|gunluk|g1|f3|yavas|sabit|p1,1,1,EVET,0.0059,0
h2|durum_anahtari|gunluk|g1|f3|yavas|sabit|p2,1,1,EVET,0.0053,0
h2|durum_anahtari|gunluk|g1|f3|yavas|sabit|p3,1,1,EVET,0.0124,0
h2|durum_anahtari|gunluk|g1|f3|yavas|sabit|p4,1,1,EVET,0.0121,0
h2|durum_anahtari|gunluk|g1|f3|yavas|onbellek|p0,1,1,EVET,0.0067,0
h2|durum_anahtari|gunluk|g1|f3|yavas|onbellek|p1,1,1,EVET,0.0072,0
h2|durum_anahtari|gunluk|g1|f3|yavas|onbellek|p2,1,1,EVET,0.006,0
h2|durum_anahtari|gunluk|g1|f3|yavas|onbellek|p3,1,1,EVET,0.0113,0
h2|durum_anahtari|gunluk|g1|f3|yavas|onbellek|p4,1,1,EVET,0.0136,0
h2|durum_anahtari|gunluk|g2|f1|hizli|taze|p0,0,0,EVET,0.0043,0
h2|durum_anahtari|gunluk|g2|f1|hizli|taze|p1,0,0,EVET,0.0045,0
h2|durum_anahtari|gunluk|g2|f1|hizli|taze|p2,0,0,EVET,0.0047,0
h2|durum_anahtari|gunluk|g2|f1|hizli|taze|p3,0,0,EVET,0.0067,0
h2|durum_anahtari|gunluk|g2|f1|hizli|taze|p4,4,4,EVET,0.0566,0
h2|durum_anahtari|gunluk|g2|f1|hizli|sabit|p0,0,0,EVET,0.0042,0
h2|durum_anahtari|gunluk|g2|f1|hizli|sabit|p1,0,0,EVET,0.0041,0
h2|durum_anahtari|gunluk|g2|f1|hizli|sabit|p2,0,0,EVET,0.003,0
h2|durum_anahtari|gunluk|g2|f1|hizli|sabit|p3,0,0,EVET,0.0065,0
h2|durum_anahtari|gunluk|g2|f1|hizli|sabit|p4,4,4,EVET,0.055,0
h2|durum_anahtari|gunluk|g2|f1|hizli|onbellek|p0,0,0,EVET,0.0052,0
h2|durum_anahtari|gunluk|g2|f1|hizli|onbellek|p1,0,0,EVET,0.0037,0
h2|durum_anahtari|gunluk|g2|f1|hizli|onbellek|p2,0,0,EVET,0.0036,0
h2|durum_anahtari|gunluk|g2|f1|hizli|onbellek|p3,0,0,EVET,0.0077,0
h2|durum_anahtari|gunluk|g2|f1|hizli|onbellek|p4,4,4,EVET,0.0654,0
h2|durum_anahtari|gunluk|g2|f1|orta|taze|p0,0,0,EVET,0.0046,0
h2|durum_anahtari|gunluk|g2|f1|orta|taze|p1,0,0,EVET,0.0046,0
h2|durum_anahtari|gunluk|g2|f1|orta|taze|p2,0,0,EVET,0.0051,0
h2|durum_anahtari|gunluk|g2|f1|orta|taze|p3,0,0,EVET,0.0068,0
h2|durum_anahtari|gunluk|g2|f1|orta|taze|p4,4,4,EVET,0.0526,0
h2|durum_anahtari|gunluk|g2|f1|orta|sabit|p0,0,0,EVET,0.0032,0
h2|durum_anahtari|gunluk|g2|f1|orta|sabit|p1,0,0,EVET,0.003,0
h2|durum_anahtari|gunluk|g2|f1|orta|sabit|p2,0,0,EVET,0.0035,0
h2|durum_anahtari|gunluk|g2|f1|orta|sabit|p3,0,0,EVET,0.0065,0
h2|durum_anahtari|gunluk|g2|f1|orta|sabit|p4,4,4,EVET,0.0533,0
h2|durum_anahtari|gunluk|g2|f1|orta|onbellek|p0,0,0,EVET,0.0045,0
h2|durum_anahtari|gunluk|g2|f1|orta|onbellek|p1,0,0,EVET,0.0044,0
h2|durum_anahtari|gunluk|g2|f1|orta|onbellek|p2,0,0,EVET,0.0046,0
h2|durum_anahtari|gunluk|g2|f1|orta|onbellek|p3,0,0,EVET,0.0086,0
h2|durum_anahtari|gunluk|g2|f1|orta|onbellek|p4,4,4,EVET,0.0614,0
h2|durum_anahtari|gunluk|g2|f1|yavas|taze|p0,0,0,EVET,0.0043,0
h2|durum_anahtari|gunluk|g2|f1|yavas|taze|p1,0,0,EVET,0.0042,0
h2|durum_anahtari|gunluk|g2|f1|yavas|taze|p2,0,0,EVET,0.004,0
h2|durum_anahtari|gunluk|g2|f1|yavas|taze|p3,0,0,EVET,0.0069,0
h2|durum_anahtari|gunluk|g2|f1|yavas|taze|p4,4,4,EVET,0.0593,0
h2|durum_anahtari|gunluk|g2|f1|yavas|sabit|p0,0,0,EVET,0.0036,0
h2|durum_anahtari|gunluk|g2|f1|yavas|sabit|p1,0,0,EVET,0.0037,0
h2|durum_anahtari|gunluk|g2|f1|yavas|sabit|p2,0,0,EVET,0.0036,0
h2|durum_anahtari|gunluk|g2|f1|yavas|sabit|p3,0,0,EVET,0.0082,0
h2|durum_anahtari|gunluk|g2|f1|yavas|sabit|p4,4,4,EVET,0.0647,0
h2|durum_anahtari|gunluk|g2|f1|yavas|onbellek|p0,0,0,EVET,0.0048,0
h2|durum_anahtari|gunluk|g2|f1|yavas|onbellek|p1,0,0,EVET,0.0042,0
h2|durum_anahtari|gunluk|g2|f1|yavas|onbellek|p2,0,0,EVET,0.0048,0
h2|durum_anahtari|gunluk|g2|f1|yavas|onbellek|p3,0,0,EVET,0.0075,0
h2|durum_anahtari|gunluk|g2|f1|yavas|onbellek|p4,4,4,EVET,0.082,0
h2|durum_anahtari|gunluk|g2|f2|hizli|taze|p0,0,0,EVET,0.0046,0
h2|durum_anahtari|gunluk|g2|f2|hizli|taze|p1,0,0,EVET,0.0048,0
h2|durum_anahtari|gunluk|g2|f2|hizli|taze|p2,0,0,EVET,0.0042,0
h2|durum_anahtari|gunluk|g2|f2|hizli|taze|p3,0,0,EVET,0.0064,0
h2|durum_anahtari|gunluk|g2|f2|hizli|taze|p4,4,4,EVET,0.0404,0
h2|durum_anahtari|gunluk|g2|f2|hizli|sabit|p0,0,0,EVET,0.003,0
h2|durum_anahtari|gunluk|g2|f2|hizli|sabit|p1,0,0,EVET,0.0039,0
h2|durum_anahtari|gunluk|g2|f2|hizli|sabit|p2,0,0,EVET,0.0035,0
h2|durum_anahtari|gunluk|g2|f2|hizli|sabit|p3,0,0,EVET,0.0085,0
h2|durum_anahtari|gunluk|g2|f2|hizli|sabit|p4,4,4,EVET,0.0519,0
h2|durum_anahtari|gunluk|g2|f2|hizli|onbellek|p0,0,0,EVET,0.0035,0
h2|durum_anahtari|gunluk|g2|f2|hizli|onbellek|p1,0,0,EVET,0.0034,0
h2|durum_anahtari|gunluk|g2|f2|hizli|onbellek|p2,0,0,EVET,0.0042,0
h2|durum_anahtari|gunluk|g2|f2|hizli|onbellek|p3,0,0,EVET,0.0077,0
h2|durum_anahtari|gunluk|g2|f2|hizli|onbellek|p4,4,4,EVET,0.0459,0
h2|durum_anahtari|gunluk|g2|f2|orta|taze|p0,0,0,EVET,0.0043,0
h2|durum_anahtari|gunluk|g2|f2|orta|taze|p1,0,0,EVET,0.0035,0
h2|durum_anahtari|gunluk|g2|f2|orta|taze|p2,0,0,EVET,0.0034,0
h2|durum_anahtari|gunluk|g2|f2|orta|taze|p3,0,0,EVET,0.0087,0
h2|durum_anahtari|gunluk|g2|f2|orta|taze|p4,4,4,EVET,0.0404,0
h2|durum_anahtari|gunluk|g2|f2|orta|sabit|p0,0,0,EVET,0.0028,0
h2|durum_anahtari|gunluk|g2|f2|orta|sabit|p1,0,0,EVET,0.0028,0
h2|durum_anahtari|gunluk|g2|f2|orta|sabit|p2,0,0,EVET,0.0035,0
h2|durum_anahtari|gunluk|g2|f2|orta|sabit|p3,0,0,EVET,0.0088,0
h2|durum_anahtari|gunluk|g2|f2|orta|sabit|p4,4,4,EVET,0.0429,0
h2|durum_anahtari|gunluk|g2|f2|orta|onbellek|p0,0,0,EVET,0.0042,0
h2|durum_anahtari|gunluk|g2|f2|orta|onbellek|p1,0,0,EVET,0.0036,0
h2|durum_anahtari|gunluk|g2|f2|orta|onbellek|p2,0,0,EVET,0.0034,0
h2|durum_anahtari|gunluk|g2|f2|orta|onbellek|p3,0,0,EVET,0.0068,0
h2|durum_anahtari|gunluk|g2|f2|orta|onbellek|p4,4,4,EVET,0.0425,0
h2|durum_anahtari|gunluk|g2|f2|yavas|taze|p0,0,0,EVET,0.0035,0
h2|durum_anahtari|gunluk|g2|f2|yavas|taze|p1,0,0,EVET,0.0033,0
h2|durum_anahtari|gunluk|g2|f2|yavas|taze|p2,0,0,EVET,0.0046,0
h2|durum_anahtari|gunluk|g2|f2|yavas|taze|p3,0,0,EVET,0.0078,0
h2|durum_anahtari|gunluk|g2|f2|yavas|taze|p4,4,4,EVET,0.0489,0
h2|durum_anahtari|gunluk|g2|f2|yavas|sabit|p0,0,0,EVET,0.0038,0
h2|durum_anahtari|gunluk|g2|f2|yavas|sabit|p1,0,0,EVET,0.0029,0
h2|durum_anahtari|gunluk|g2|f2|yavas|sabit|p2,0,0,EVET,0.0028,0
h2|durum_anahtari|gunluk|g2|f2|yavas|sabit|p3,0,0,EVET,0.0064,0
h2|durum_anahtari|gunluk|g2|f2|yavas|sabit|p4,4,4,EVET,0.0378,0
h2|durum_anahtari|gunluk|g2|f2|yavas|onbellek|p0,0,0,EVET,0.0044,0
h2|durum_anahtari|gunluk|g2|f2|yavas|onbellek|p1,0,0,EVET,0.0049,0
h2|durum_anahtari|gunluk|g2|f2|yavas|onbellek|p2,0,0,EVET,0.0035,0
h2|durum_anahtari|gunluk|g2|f2|yavas|onbellek|p3,0,0,EVET,0.0063,0
h2|durum_anahtari|gunluk|g2|f2|yavas|onbellek|p4,4,4,EVET,0.0525,0
h2|durum_anahtari|gunluk|g2|f3|hizli|taze|p0,1,1,EVET,0.0087,0
h2|durum_anahtari|gunluk|g2|f3|hizli|taze|p1,1,1,EVET,0.0065,0
h2|durum_anahtari|gunluk|g2|f3|hizli|taze|p2,1,1,EVET,0.0064,0
h2|durum_anahtari|gunluk|g2|f3|hizli|taze|p3,1,1,EVET,0.0155,0
h2|durum_anahtari|gunluk|g2|f3|hizli|taze|p4,1,1,EVET,0.0148,0
h2|durum_anahtari|gunluk|g2|f3|hizli|sabit|p0,1,1,EVET,0.0061,0
h2|durum_anahtari|gunluk|g2|f3|hizli|sabit|p1,1,1,EVET,0.0054,0
h2|durum_anahtari|gunluk|g2|f3|hizli|sabit|p2,1,1,EVET,0.0078,0
h2|durum_anahtari|gunluk|g2|f3|hizli|sabit|p3,1,1,EVET,0.016,0
h2|durum_anahtari|gunluk|g2|f3|hizli|sabit|p4,1,1,EVET,0.0113,0
h2|durum_anahtari|gunluk|g2|f3|hizli|onbellek|p0,1,1,EVET,0.007,0
h2|durum_anahtari|gunluk|g2|f3|hizli|onbellek|p1,1,1,EVET,0.0075,0
h2|durum_anahtari|gunluk|g2|f3|hizli|onbellek|p2,1,1,EVET,0.0074,0
h2|durum_anahtari|gunluk|g2|f3|hizli|onbellek|p3,1,1,EVET,0.0124,0
h2|durum_anahtari|gunluk|g2|f3|hizli|onbellek|p4,1,1,EVET,0.015,0
h2|durum_anahtari|gunluk|g2|f3|orta|taze|p0,1,1,EVET,0.0065,0
h2|durum_anahtari|gunluk|g2|f3|orta|taze|p1,1,1,EVET,0.007,0
h2|durum_anahtari|gunluk|g2|f3|orta|taze|p2,1,1,EVET,0.0083,0
h2|durum_anahtari|gunluk|g2|f3|orta|taze|p3,1,1,EVET,0.0165,0
h2|durum_anahtari|gunluk|g2|f3|orta|taze|p4,1,1,EVET,0.0147,0
h2|durum_anahtari|gunluk|g2|f3|orta|sabit|p0,1,1,EVET,0.0065,0
h2|durum_anahtari|gunluk|g2|f3|orta|sabit|p1,1,1,EVET,0.0064,0
h2|durum_anahtari|gunluk|g2|f3|orta|sabit|p2,1,1,EVET,0.0072,0
h2|durum_anahtari|gunluk|g2|f3|orta|sabit|p3,1,1,EVET,0.0128,0
h2|durum_anahtari|gunluk|g2|f3|orta|sabit|p4,1,1,EVET,0.0121,0
h2|durum_anahtari|gunluk|g2|f3|orta|onbellek|p0,1,1,EVET,0.0071,0
h2|durum_anahtari|gunluk|g2|f3|orta|onbellek|p1,1,1,EVET,0.0069,0
h2|durum_anahtari|gunluk|g2|f3|orta|onbellek|p2,1,1,EVET,0.0074,0
h2|durum_anahtari|gunluk|g2|f3|orta|onbellek|p3,1,1,EVET,0.0137,0
h2|durum_anahtari|gunluk|g2|f3|orta|onbellek|p4,1,1,EVET,0.0137,0
h2|durum_anahtari|gunluk|g2|f3|yavas|taze|p0,1,1,EVET,0.007,0
h2|durum_anahtari|gunluk|g2|f3|yavas|taze|p1,1,1,EVET,0.0089,0
h2|durum_anahtari|gunluk|g2|f3|yavas|taze|p2,1,1,EVET,0.0085,0
h2|durum_anahtari|gunluk|g2|f3|yavas|taze|p3,1,1,EVET,0.0164,0
h2|durum_anahtari|gunluk|g2|f3|yavas|taze|p4,1,1,EVET,0.015,0
h2|durum_anahtari|gunluk|g2|f3|yavas|sabit|p0,1,1,EVET,0.0074,0
h2|durum_anahtari|gunluk|g2|f3|yavas|sabit|p1,1,1,EVET,0.0072,0
h2|durum_anahtari|gunluk|g2|f3|yavas|sabit|p2,1,1,EVET,0.0065,0
h2|durum_anahtari|gunluk|g2|f3|yavas|sabit|p3,1,1,EVET,0.0151,0
h2|durum_anahtari|gunluk|g2|f3|yavas|sabit|p4,1,1,EVET,0.0123,0
h2|durum_anahtari|gunluk|g2|f3|yavas|onbellek|p0,1,1,EVET,0.007,0
h2|durum_anahtari|gunluk|g2|f3|yavas|onbellek|p1,1,1,EVET,0.0078,0
h2|durum_anahtari|gunluk|g2|f3|yavas|onbellek|p2,1,1,EVET,0.0078,0
h2|durum_anahtari|gunluk|g2|f3|yavas|onbellek|p3,1,1,EVET,0.0161,0
h2|durum_anahtari|gunluk|g2|f3|yavas|onbellek|p4,1,1,EVET,0.0138,0
h2|durum_anahtari|gunluk|g3|f1|hizli|taze|p0,0,0,EVET,0.0037,0
h2|durum_anahtari|gunluk|g3|f1|hizli|taze|p1,0,0,EVET,0.0037,0
h2|durum_anahtari|gunluk|g3|f1|hizli|taze|p2,0,0,EVET,0.0037,0
h2|durum_anahtari|gunluk|g3|f1|hizli|taze|p3,0,0,EVET,0.0064,0
h2|durum_anahtari|gunluk|g3|f1|hizli|taze|p4,2,2,EVET,0.0332,0
h2|durum_anahtari|gunluk|g3|f1|hizli|sabit|p0,0,0,EVET,0.0036,0
h2|durum_anahtari|gunluk|g3|f1|hizli|sabit|p1,0,0,EVET,0.0035,0
h2|durum_anahtari|gunluk|g3|f1|hizli|sabit|p2,0,0,EVET,0.0037,0
h2|durum_anahtari|gunluk|g3|f1|hizli|sabit|p3,0,0,EVET,0.0081,0
h2|durum_anahtari|gunluk|g3|f1|hizli|sabit|p4,2,2,EVET,0.0348,0
h2|durum_anahtari|gunluk|g3|f1|hizli|onbellek|p0,0,0,EVET,0.0037,0
h2|durum_anahtari|gunluk|g3|f1|hizli|onbellek|p1,0,0,EVET,0.0036,0
h2|durum_anahtari|gunluk|g3|f1|hizli|onbellek|p2,0,0,EVET,0.0043,0
h2|durum_anahtari|gunluk|g3|f1|hizli|onbellek|p3,0,0,EVET,0.0073,0
h2|durum_anahtari|gunluk|g3|f1|hizli|onbellek|p4,2,2,EVET,0.0292,0
h2|durum_anahtari|gunluk|g3|f1|orta|taze|p0,0,0,EVET,0.0038,0
h2|durum_anahtari|gunluk|g3|f1|orta|taze|p1,0,0,EVET,0.0047,0
h2|durum_anahtari|gunluk|g3|f1|orta|taze|p2,0,0,EVET,0.0039,0
h2|durum_anahtari|gunluk|g3|f1|orta|taze|p3,0,0,EVET,0.0083,0
h2|durum_anahtari|gunluk|g3|f1|orta|taze|p4,1,1,EVET,0.0184,0
h2|durum_anahtari|gunluk|g3|f1|orta|sabit|p0,0,0,EVET,0.0038,0
h2|durum_anahtari|gunluk|g3|f1|orta|sabit|p1,0,0,EVET,0.0037,0
h2|durum_anahtari|gunluk|g3|f1|orta|sabit|p2,0,0,EVET,0.0038,0
h2|durum_anahtari|gunluk|g3|f1|orta|sabit|p3,0,0,EVET,0.0073,0
h2|durum_anahtari|gunluk|g3|f1|orta|sabit|p4,1,1,EVET,0.0181,0
h2|durum_anahtari|gunluk|g3|f1|orta|onbellek|p0,0,0,EVET,0.0045,0
h2|durum_anahtari|gunluk|g3|f1|orta|onbellek|p1,0,0,EVET,0.0037,0
h2|durum_anahtari|gunluk|g3|f1|orta|onbellek|p2,0,0,EVET,0.0039,0
h2|durum_anahtari|gunluk|g3|f1|orta|onbellek|p3,0,0,EVET,0.0079,0
h2|durum_anahtari|gunluk|g3|f1|orta|onbellek|p4,1,1,EVET,0.0175,0
h2|durum_anahtari|gunluk|g3|f1|yavas|taze|p0,0,0,EVET,0.004,0
h2|durum_anahtari|gunluk|g3|f1|yavas|taze|p1,0,0,EVET,0.004,0
h2|durum_anahtari|gunluk|g3|f1|yavas|taze|p2,0,0,EVET,0.0041,0
h2|durum_anahtari|gunluk|g3|f1|yavas|taze|p3,0,0,EVET,0.0077,0
h2|durum_anahtari|gunluk|g3|f1|yavas|taze|p4,1,1,EVET,0.0162,0
h2|durum_anahtari|gunluk|g3|f1|yavas|sabit|p0,0,0,EVET,0.0029,0
h2|durum_anahtari|gunluk|g3|f1|yavas|sabit|p1,0,0,EVET,0.0031,0
h2|durum_anahtari|gunluk|g3|f1|yavas|sabit|p2,0,0,EVET,0.0029,0
h2|durum_anahtari|gunluk|g3|f1|yavas|sabit|p3,0,0,EVET,0.0071,0
h2|durum_anahtari|gunluk|g3|f1|yavas|sabit|p4,1,1,EVET,0.0172,0
h2|durum_anahtari|gunluk|g3|f1|yavas|onbellek|p0,0,0,EVET,0.0037,0
h2|durum_anahtari|gunluk|g3|f1|yavas|onbellek|p1,0,0,EVET,0.0038,0
h2|durum_anahtari|gunluk|g3|f1|yavas|onbellek|p2,0,0,EVET,0.0046,0
h2|durum_anahtari|gunluk|g3|f1|yavas|onbellek|p3,0,0,EVET,0.0077,0
h2|durum_anahtari|gunluk|g3|f1|yavas|onbellek|p4,1,1,EVET,0.0155,0
h2|durum_anahtari|gunluk|g3|f2|hizli|taze|p0,0,0,EVET,0.0036,0
h2|durum_anahtari|gunluk|g3|f2|hizli|taze|p1,0,0,EVET,0.004,0
h2|durum_anahtari|gunluk|g3|f2|hizli|taze|p2,0,0,EVET,0.0038,0
h2|durum_anahtari|gunluk|g3|f2|hizli|taze|p3,0,0,EVET,0.0077,0
h2|durum_anahtari|gunluk|g3|f2|hizli|taze|p4,2,2,EVET,0.0258,0
h2|durum_anahtari|gunluk|g3|f2|hizli|sabit|p0,0,0,EVET,0.0029,0
h2|durum_anahtari|gunluk|g3|f2|hizli|sabit|p1,0,0,EVET,0.0028,0
h2|durum_anahtari|gunluk|g3|f2|hizli|sabit|p2,0,0,EVET,0.0029,0
h2|durum_anahtari|gunluk|g3|f2|hizli|sabit|p3,0,0,EVET,0.0063,0
h2|durum_anahtari|gunluk|g3|f2|hizli|sabit|p4,2,2,EVET,0.0218,0
h2|durum_anahtari|gunluk|g3|f2|hizli|onbellek|p0,0,0,EVET,0.0042,0
h2|durum_anahtari|gunluk|g3|f2|hizli|onbellek|p1,0,0,EVET,0.0035,0
h2|durum_anahtari|gunluk|g3|f2|hizli|onbellek|p2,0,0,EVET,0.0035,0
h2|durum_anahtari|gunluk|g3|f2|hizli|onbellek|p3,0,0,EVET,0.0072,0
h2|durum_anahtari|gunluk|g3|f2|hizli|onbellek|p4,2,2,EVET,0.0234,0
h2|durum_anahtari|gunluk|g3|f2|orta|taze|p0,1,1,EVET,0.0069,0
h2|durum_anahtari|gunluk|g3|f2|orta|taze|p1,1,1,EVET,0.0067,0
h2|durum_anahtari|gunluk|g3|f2|orta|taze|p2,1,1,EVET,0.0062,0
h2|durum_anahtari|gunluk|g3|f2|orta|taze|p3,1,1,EVET,0.0113,0
h2|durum_anahtari|gunluk|g3|f2|orta|taze|p4,1,1,EVET,0.013,0
h2|durum_anahtari|gunluk|g3|f2|orta|sabit|p0,1,1,EVET,0.0055,0
h2|durum_anahtari|gunluk|g3|f2|orta|sabit|p1,1,1,EVET,0.0052,0
h2|durum_anahtari|gunluk|g3|f2|orta|sabit|p2,1,1,EVET,0.005,0
h2|durum_anahtari|gunluk|g3|f2|orta|sabit|p3,1,1,EVET,0.0104,0
h2|durum_anahtari|gunluk|g3|f2|orta|sabit|p4,1,1,EVET,0.0101,0
h2|durum_anahtari|gunluk|g3|f2|orta|onbellek|p0,1,1,EVET,0.0066,0
h2|durum_anahtari|gunluk|g3|f2|orta|onbellek|p1,1,1,EVET,0.0068,0
h2|durum_anahtari|gunluk|g3|f2|orta|onbellek|p2,1,1,EVET,0.0062,0
h2|durum_anahtari|gunluk|g3|f2|orta|onbellek|p3,1,1,EVET,0.0144,0
h2|durum_anahtari|gunluk|g3|f2|orta|onbellek|p4,1,1,EVET,0.0123,0
h2|durum_anahtari|gunluk|g3|f2|yavas|taze|p0,1,1,EVET,0.0062,0
h2|durum_anahtari|gunluk|g3|f2|yavas|taze|p1,1,1,EVET,0.0061,0
h2|durum_anahtari|gunluk|g3|f2|yavas|taze|p2,1,1,EVET,0.0061,0
h2|durum_anahtari|gunluk|g3|f2|yavas|taze|p3,1,1,EVET,0.0131,0
h2|durum_anahtari|gunluk|g3|f2|yavas|taze|p4,1,1,EVET,0.0127,0
h2|durum_anahtari|gunluk|g3|f2|yavas|sabit|p0,1,1,EVET,0.0059,0
h2|durum_anahtari|gunluk|g3|f2|yavas|sabit|p1,1,1,EVET,0.0059,0
h2|durum_anahtari|gunluk|g3|f2|yavas|sabit|p2,1,1,EVET,0.0059,0
h2|durum_anahtari|gunluk|g3|f2|yavas|sabit|p3,1,1,EVET,0.0108,0
h2|durum_anahtari|gunluk|g3|f2|yavas|sabit|p4,1,1,EVET,0.0114,0
h2|durum_anahtari|gunluk|g3|f2|yavas|onbellek|p0,1,1,EVET,0.0066,0
h2|durum_anahtari|gunluk|g3|f2|yavas|onbellek|p1,1,1,EVET,0.007,0
h2|durum_anahtari|gunluk|g3|f2|yavas|onbellek|p2,1,1,EVET,0.0069,0
h2|durum_anahtari|gunluk|g3|f2|yavas|onbellek|p3,1,1,EVET,0.0113,0
h2|durum_anahtari|gunluk|g3|f2|yavas|onbellek|p4,1,1,EVET,0.0111,0
h2|durum_anahtari|gunluk|g3|f3|hizli|taze|p0,1,1,EVET,0.0065,0
h2|durum_anahtari|gunluk|g3|f3|hizli|taze|p1,1,1,EVET,0.0064,0
h2|durum_anahtari|gunluk|g3|f3|hizli|taze|p2,1,1,EVET,0.0073,0
h2|durum_anahtari|gunluk|g3|f3|hizli|taze|p3,1,1,EVET,0.0139,0
h2|durum_anahtari|gunluk|g3|f3|hizli|taze|p4,1,1,EVET,0.0141,0
h2|durum_anahtari|gunluk|g3|f3|hizli|sabit|p0,1,1,EVET,0.0068,0
h2|durum_anahtari|gunluk|g3|f3|hizli|sabit|p1,1,1,EVET,0.0054,0
h2|durum_anahtari|gunluk|g3|f3|hizli|sabit|p2,1,1,EVET,0.0054,0
h2|durum_anahtari|gunluk|g3|f3|hizli|sabit|p3,1,1,EVET,0.0125,0
h2|durum_anahtari|gunluk|g3|f3|hizli|sabit|p4,1,1,EVET,0.011,0
h2|durum_anahtari|gunluk|g3|f3|hizli|onbellek|p0,1,1,EVET,0.0077,0
h2|durum_anahtari|gunluk|g3|f3|hizli|onbellek|p1,1,1,EVET,0.008,0
h2|durum_anahtari|gunluk|g3|f3|hizli|onbellek|p2,1,1,EVET,0.0072,0
h2|durum_anahtari|gunluk|g3|f3|hizli|onbellek|p3,1,1,EVET,0.0136,0
h2|durum_anahtari|gunluk|g3|f3|hizli|onbellek|p4,1,1,EVET,0.0119,0
h2|durum_anahtari|gunluk|g3|f3|orta|taze|p0,1,1,EVET,0.006,0
h2|durum_anahtari|gunluk|g3|f3|orta|taze|p1,1,1,EVET,0.0067,0
h2|durum_anahtari|gunluk|g3|f3|orta|taze|p2,1,1,EVET,0.0069,0
h2|durum_anahtari|gunluk|g3|f3|orta|taze|p3,1,1,EVET,0.0115,0
h2|durum_anahtari|gunluk|g3|f3|orta|taze|p4,1,1,EVET,0.0113,0
h2|durum_anahtari|gunluk|g3|f3|orta|sabit|p0,1,1,EVET,0.006,0
h2|durum_anahtari|gunluk|g3|f3|orta|sabit|p1,1,1,EVET,0.006,0
h2|durum_anahtari|gunluk|g3|f3|orta|sabit|p2,1,1,EVET,0.0051,0
h2|durum_anahtari|gunluk|g3|f3|orta|sabit|p3,1,1,EVET,0.012,0
h2|durum_anahtari|gunluk|g3|f3|orta|sabit|p4,1,1,EVET,0.0111,0
h2|durum_anahtari|gunluk|g3|f3|orta|onbellek|p0,1,1,EVET,0.007,0
h2|durum_anahtari|gunluk|g3|f3|orta|onbellek|p1,1,1,EVET,0.0075,0
h2|durum_anahtari|gunluk|g3|f3|orta|onbellek|p2,1,1,EVET,0.0072,0
h2|durum_anahtari|gunluk|g3|f3|orta|onbellek|p3,1,1,EVET,0.012,0
h2|durum_anahtari|gunluk|g3|f3|orta|onbellek|p4,1,1,EVET,0.0121,0
h2|durum_anahtari|gunluk|g3|f3|yavas|taze|p0,1,1,EVET,0.0066,0
h2|durum_anahtari|gunluk|g3|f3|yavas|taze|p1,1,1,EVET,0.0068,0
h2|durum_anahtari|gunluk|g3|f3|yavas|taze|p2,1,1,EVET,0.0071,0
h2|durum_anahtari|gunluk|g3|f3|yavas|taze|p3,1,1,EVET,0.0132,0
h2|durum_anahtari|gunluk|g3|f3|yavas|taze|p4,1,1,EVET,0.0113,0
h2|durum_anahtari|gunluk|g3|f3|yavas|sabit|p0,1,1,EVET,0.0056,0
h2|durum_anahtari|gunluk|g3|f3|yavas|sabit|p1,1,1,EVET,0.005,0
h2|durum_anahtari|gunluk|g3|f3|yavas|sabit|p2,1,1,EVET,0.0051,0
h2|durum_anahtari|gunluk|g3|f3|yavas|sabit|p3,1,1,EVET,0.0116,0
h2|durum_anahtari|gunluk|g3|f3|yavas|sabit|p4,1,1,EVET,0.0117,0
h2|durum_anahtari|gunluk|g3|f3|yavas|onbellek|p0,1,1,EVET,0.0073,0
h2|durum_anahtari|gunluk|g3|f3|yavas|onbellek|p1,1,1,EVET,0.0073,0
h2|durum_anahtari|gunluk|g3|f3|yavas|onbellek|p2,1,1,EVET,0.0063,0
h2|durum_anahtari|gunluk|g3|f3|yavas|onbellek|p3,1,1,EVET,0.0115,0
h2|durum_anahtari|gunluk|g3|f3|yavas|onbellek|p4,1,1,EVET,0.0136,0
h2|durum_anahtari|gunluk|g4|f1|hizli|taze|p0,0,0,EVET,0.0026,0
h2|durum_anahtari|gunluk|g4|f1|hizli|taze|p1,0,0,EVET,0.0029,0
h2|durum_anahtari|gunluk|g4|f1|hizli|taze|p2,0,0,EVET,0.0026,0
h2|durum_anahtari|gunluk|g4|f1|hizli|taze|p3,0,0,EVET,0.0042,0
h2|durum_anahtari|gunluk|g4|f1|hizli|taze|p4,0,0,EVET,0.0041,0
h2|durum_anahtari|gunluk|g4|f1|hizli|sabit|p0,0,0,EVET,0.0025,0
h2|durum_anahtari|gunluk|g4|f1|hizli|sabit|p1,0,0,EVET,0.0026,0
h2|durum_anahtari|gunluk|g4|f1|hizli|sabit|p2,0,0,EVET,0.0026,0
h2|durum_anahtari|gunluk|g4|f1|hizli|sabit|p3,0,0,EVET,0.0046,0
h2|durum_anahtari|gunluk|g4|f1|hizli|sabit|p4,0,0,EVET,0.0037,0
h2|durum_anahtari|gunluk|g4|f1|hizli|onbellek|p0,0,0,EVET,0.0028,0
h2|durum_anahtari|gunluk|g4|f1|hizli|onbellek|p1,0,0,EVET,0.0031,0
h2|durum_anahtari|gunluk|g4|f1|hizli|onbellek|p2,0,0,EVET,0.0026,0
h2|durum_anahtari|gunluk|g4|f1|hizli|onbellek|p3,0,0,EVET,0.0043,0
h2|durum_anahtari|gunluk|g4|f1|hizli|onbellek|p4,0,0,EVET,0.004,0
h2|durum_anahtari|gunluk|g4|f1|orta|taze|p0,0,0,EVET,0.0033,0
h2|durum_anahtari|gunluk|g4|f1|orta|taze|p1,0,0,EVET,0.0032,0
h2|durum_anahtari|gunluk|g4|f1|orta|taze|p2,0,0,EVET,0.0034,0
h2|durum_anahtari|gunluk|g4|f1|orta|taze|p3,0,0,EVET,0.0043,0
h2|durum_anahtari|gunluk|g4|f1|orta|taze|p4,0,0,EVET,0.0037,0
h2|durum_anahtari|gunluk|g4|f1|orta|sabit|p0,0,0,EVET,0.0026,0
h2|durum_anahtari|gunluk|g4|f1|orta|sabit|p1,0,0,EVET,0.0031,0
h2|durum_anahtari|gunluk|g4|f1|orta|sabit|p2,0,0,EVET,0.0029,0
h2|durum_anahtari|gunluk|g4|f1|orta|sabit|p3,0,0,EVET,0.0044,0
h2|durum_anahtari|gunluk|g4|f1|orta|sabit|p4,0,0,EVET,0.004,0
h2|durum_anahtari|gunluk|g4|f1|orta|onbellek|p0,0,0,EVET,0.0029,0
h2|durum_anahtari|gunluk|g4|f1|orta|onbellek|p1,0,0,EVET,0.0026,0
h2|durum_anahtari|gunluk|g4|f1|orta|onbellek|p2,0,0,EVET,0.0034,0
h2|durum_anahtari|gunluk|g4|f1|orta|onbellek|p3,0,0,EVET,0.0038,0
h2|durum_anahtari|gunluk|g4|f1|orta|onbellek|p4,0,0,EVET,0.0036,0
h2|durum_anahtari|gunluk|g4|f1|yavas|taze|p0,0,0,EVET,0.0026,0
h2|durum_anahtari|gunluk|g4|f1|yavas|taze|p1,0,0,EVET,0.0032,0
h2|durum_anahtari|gunluk|g4|f1|yavas|taze|p2,0,0,EVET,0.0031,0
h2|durum_anahtari|gunluk|g4|f1|yavas|taze|p3,0,0,EVET,0.0045,0
h2|durum_anahtari|gunluk|g4|f1|yavas|taze|p4,0,0,EVET,0.0046,0
h2|durum_anahtari|gunluk|g4|f1|yavas|sabit|p0,0,0,EVET,0.003,0
h2|durum_anahtari|gunluk|g4|f1|yavas|sabit|p1,0,0,EVET,0.0028,0
h2|durum_anahtari|gunluk|g4|f1|yavas|sabit|p2,0,0,EVET,0.0029,0
h2|durum_anahtari|gunluk|g4|f1|yavas|sabit|p3,0,0,EVET,0.0044,0
h2|durum_anahtari|gunluk|g4|f1|yavas|sabit|p4,0,0,EVET,0.0035,0
h2|durum_anahtari|gunluk|g4|f1|yavas|onbellek|p0,0,0,EVET,0.0026,0
h2|durum_anahtari|gunluk|g4|f1|yavas|onbellek|p1,0,0,EVET,0.0026,0
h2|durum_anahtari|gunluk|g4|f1|yavas|onbellek|p2,0,0,EVET,0.0026,0
h2|durum_anahtari|gunluk|g4|f1|yavas|onbellek|p3,0,0,EVET,0.0044,0
h2|durum_anahtari|gunluk|g4|f1|yavas|onbellek|p4,0,0,EVET,0.0044,0
h2|durum_anahtari|gunluk|g4|f2|hizli|taze|p0,0,0,EVET,0.0028,0
h2|durum_anahtari|gunluk|g4|f2|hizli|taze|p1,0,0,EVET,0.0028,0
h2|durum_anahtari|gunluk|g4|f2|hizli|taze|p2,0,0,EVET,0.0026,0
h2|durum_anahtari|gunluk|g4|f2|hizli|taze|p3,0,0,EVET,0.0057,0
h2|durum_anahtari|gunluk|g4|f2|hizli|taze|p4,0,0,EVET,0.0035,0
h2|durum_anahtari|gunluk|g4|f2|hizli|sabit|p0,0,0,EVET,0.0026,0
h2|durum_anahtari|gunluk|g4|f2|hizli|sabit|p1,0,0,EVET,0.0031,0
h2|durum_anahtari|gunluk|g4|f2|hizli|sabit|p2,0,0,EVET,0.0028,0
h2|durum_anahtari|gunluk|g4|f2|hizli|sabit|p3,0,0,EVET,0.0042,0
h2|durum_anahtari|gunluk|g4|f2|hizli|sabit|p4,0,0,EVET,0.0039,0
h2|durum_anahtari|gunluk|g4|f2|hizli|onbellek|p0,0,0,EVET,0.0026,0
h2|durum_anahtari|gunluk|g4|f2|hizli|onbellek|p1,0,0,EVET,0.0025,0
h2|durum_anahtari|gunluk|g4|f2|hizli|onbellek|p2,0,0,EVET,0.0036,0
h2|durum_anahtari|gunluk|g4|f2|hizli|onbellek|p3,0,0,EVET,0.0039,0
h2|durum_anahtari|gunluk|g4|f2|hizli|onbellek|p4,0,0,EVET,0.0035,0
h2|durum_anahtari|gunluk|g4|f2|orta|taze|p0,0,0,EVET,0.0025,0
h2|durum_anahtari|gunluk|g4|f2|orta|taze|p1,0,0,EVET,0.0033,0
h2|durum_anahtari|gunluk|g4|f2|orta|taze|p2,0,0,EVET,0.0032,0
h2|durum_anahtari|gunluk|g4|f2|orta|taze|p3,0,0,EVET,0.0046,0
h2|durum_anahtari|gunluk|g4|f2|orta|taze|p4,0,0,EVET,0.0041,0
h2|durum_anahtari|gunluk|g4|f2|orta|sabit|p0,0,0,EVET,0.0031,0
h2|durum_anahtari|gunluk|g4|f2|orta|sabit|p1,0,0,EVET,0.0031,0
h2|durum_anahtari|gunluk|g4|f2|orta|sabit|p2,0,0,EVET,0.0025,0
h2|durum_anahtari|gunluk|g4|f2|orta|sabit|p3,0,0,EVET,0.0036,0
h2|durum_anahtari|gunluk|g4|f2|orta|sabit|p4,0,0,EVET,0.0039,0
h2|durum_anahtari|gunluk|g4|f2|orta|onbellek|p0,0,0,EVET,0.0029,0
h2|durum_anahtari|gunluk|g4|f2|orta|onbellek|p1,0,0,EVET,0.0026,0
h2|durum_anahtari|gunluk|g4|f2|orta|onbellek|p2,0,0,EVET,0.0025,0
h2|durum_anahtari|gunluk|g4|f2|orta|onbellek|p3,0,0,EVET,0.0043,0
h2|durum_anahtari|gunluk|g4|f2|orta|onbellek|p4,0,0,EVET,0.0045,0
h2|durum_anahtari|gunluk|g4|f2|yavas|taze|p0,0,0,EVET,0.0028,0
h2|durum_anahtari|gunluk|g4|f2|yavas|taze|p1,0,0,EVET,0.0028,0
h2|durum_anahtari|gunluk|g4|f2|yavas|taze|p2,0,0,EVET,0.0025,0
h2|durum_anahtari|gunluk|g4|f2|yavas|taze|p3,0,0,EVET,0.0036,0
h2|durum_anahtari|gunluk|g4|f2|yavas|taze|p4,0,0,EVET,0.0044,0
h2|durum_anahtari|gunluk|g4|f2|yavas|sabit|p0,0,0,EVET,0.0032,0
h2|durum_anahtari|gunluk|g4|f2|yavas|sabit|p1,0,0,EVET,0.0026,0
h2|durum_anahtari|gunluk|g4|f2|yavas|sabit|p2,0,0,EVET,0.0025,0
h2|durum_anahtari|gunluk|g4|f2|yavas|sabit|p3,0,0,EVET,0.0044,0
h2|durum_anahtari|gunluk|g4|f2|yavas|sabit|p4,0,0,EVET,0.0042,0
h2|durum_anahtari|gunluk|g4|f2|yavas|onbellek|p0,0,0,EVET,0.0025,0
h2|durum_anahtari|gunluk|g4|f2|yavas|onbellek|p1,0,0,EVET,0.0025,0
h2|durum_anahtari|gunluk|g4|f2|yavas|onbellek|p2,0,0,EVET,0.0041,0
h2|durum_anahtari|gunluk|g4|f2|yavas|onbellek|p3,0,0,EVET,0.0044,0
h2|durum_anahtari|gunluk|g4|f2|yavas|onbellek|p4,0,0,EVET,0.0045,0
h2|durum_anahtari|gunluk|g4|f3|hizli|taze|p0,0,0,EVET,0.0031,0
h2|durum_anahtari|gunluk|g4|f3|hizli|taze|p1,0,0,EVET,0.0031,0
h2|durum_anahtari|gunluk|g4|f3|hizli|taze|p2,0,0,EVET,0.0027,0
h2|durum_anahtari|gunluk|g4|f3|hizli|taze|p3,0,0,EVET,0.004,0
h2|durum_anahtari|gunluk|g4|f3|hizli|taze|p4,0,0,EVET,0.0038,0
h2|durum_anahtari|gunluk|g4|f3|hizli|sabit|p0,0,0,EVET,0.0026,0
h2|durum_anahtari|gunluk|g4|f3|hizli|sabit|p1,0,0,EVET,0.0026,0
h2|durum_anahtari|gunluk|g4|f3|hizli|sabit|p2,0,0,EVET,0.003,0
h2|durum_anahtari|gunluk|g4|f3|hizli|sabit|p3,0,0,EVET,0.0043,0
h2|durum_anahtari|gunluk|g4|f3|hizli|sabit|p4,0,0,EVET,0.004,0
h2|durum_anahtari|gunluk|g4|f3|hizli|onbellek|p0,0,0,EVET,0.0028,0
h2|durum_anahtari|gunluk|g4|f3|hizli|onbellek|p1,0,0,EVET,0.0026,0
h2|durum_anahtari|gunluk|g4|f3|hizli|onbellek|p2,0,0,EVET,0.0025,0
h2|durum_anahtari|gunluk|g4|f3|hizli|onbellek|p3,0,0,EVET,0.0043,0
h2|durum_anahtari|gunluk|g4|f3|hizli|onbellek|p4,0,0,EVET,0.0039,0
h2|durum_anahtari|gunluk|g4|f3|orta|taze|p0,0,0,EVET,0.0026,0
h2|durum_anahtari|gunluk|g4|f3|orta|taze|p1,0,0,EVET,0.0027,0
h2|durum_anahtari|gunluk|g4|f3|orta|taze|p2,0,0,EVET,0.0029,0
h2|durum_anahtari|gunluk|g4|f3|orta|taze|p3,0,0,EVET,0.0046,0
h2|durum_anahtari|gunluk|g4|f3|orta|taze|p4,0,0,EVET,0.0043,0
h2|durum_anahtari|gunluk|g4|f3|orta|sabit|p0,0,0,EVET,0.0032,0
h2|durum_anahtari|gunluk|g4|f3|orta|sabit|p1,0,0,EVET,0.0035,0
h2|durum_anahtari|gunluk|g4|f3|orta|sabit|p2,0,0,EVET,0.0031,0
h2|durum_anahtari|gunluk|g4|f3|orta|sabit|p3,0,0,EVET,0.0036,0
h2|durum_anahtari|gunluk|g4|f3|orta|sabit|p4,0,0,EVET,0.0035,0
h2|durum_anahtari|gunluk|g4|f3|orta|onbellek|p0,0,0,EVET,0.0026,0
h2|durum_anahtari|gunluk|g4|f3|orta|onbellek|p1,0,0,EVET,0.0025,0
h2|durum_anahtari|gunluk|g4|f3|orta|onbellek|p2,0,0,EVET,0.0029,0
h2|durum_anahtari|gunluk|g4|f3|orta|onbellek|p3,0,0,EVET,0.0042,0
h2|durum_anahtari|gunluk|g4|f3|orta|onbellek|p4,0,0,EVET,0.0042,0
h2|durum_anahtari|gunluk|g4|f3|yavas|taze|p0,0,0,EVET,0.0028,0
h2|durum_anahtari|gunluk|g4|f3|yavas|taze|p1,0,0,EVET,0.0033,0
h2|durum_anahtari|gunluk|g4|f3|yavas|taze|p2,0,0,EVET,0.0031,0
h2|durum_anahtari|gunluk|g4|f3|yavas|taze|p3,0,0,EVET,0.0037,0
h2|durum_anahtari|gunluk|g4|f3|yavas|taze|p4,0,0,EVET,0.0033,0
h2|durum_anahtari|gunluk|g4|f3|yavas|sabit|p0,0,0,EVET,0.0028,0
h2|durum_anahtari|gunluk|g4|f3|yavas|sabit|p1,0,0,EVET,0.0027,0
h2|durum_anahtari|gunluk|g4|f3|yavas|sabit|p2,0,0,EVET,0.0025,0
h2|durum_anahtari|gunluk|g4|f3|yavas|sabit|p3,0,0,EVET,0.0037,0
h2|durum_anahtari|gunluk|g4|f3|yavas|sabit|p4,0,0,EVET,0.0042,0
h2|durum_anahtari|gunluk|g4|f3|yavas|onbellek|p0,0,0,EVET,0.0028,0
h2|durum_anahtari|gunluk|g4|f3|yavas|onbellek|p1,0,0,EVET,0.0032,0
h2|durum_anahtari|gunluk|g4|f3|yavas|onbellek|p2,0,0,EVET,0.0029,0
h2|durum_anahtari|gunluk|g4|f3|yavas|onbellek|p3,0,0,EVET,0.0036,0
h2|durum_anahtari|gunluk|g4|f3|yavas|onbellek|p4,0,0,EVET,0.0038,0
h2|durum_anahtari|gunluk|tum|f1|hizli|taze|p0,0,0,EVET,0.0058,0
h2|durum_anahtari|gunluk|tum|f1|hizli|taze|p1,0,0,EVET,0.0058,0
h2|durum_anahtari|gunluk|tum|f1|hizli|taze|p2,0,0,EVET,0.0074,0
h2|durum_anahtari|gunluk|tum|f1|hizli|taze|p3,0,0,EVET,0.0122,0
h2|durum_anahtari|gunluk|tum|f1|hizli|taze|p4,0,0,EVET,0.0103,0
h2|durum_anahtari|gunluk|tum|f1|hizli|sabit|p0,0,0,EVET,0.0066,0
h2|durum_anahtari|gunluk|tum|f1|hizli|sabit|p1,0,0,EVET,0.0065,0
h2|durum_anahtari|gunluk|tum|f1|hizli|sabit|p2,0,0,EVET,0.0062,0
h2|durum_anahtari|gunluk|tum|f1|hizli|sabit|p3,0,0,EVET,0.0107,0
h2|durum_anahtari|gunluk|tum|f1|hizli|sabit|p4,0,0,EVET,0.0101,0
h2|durum_anahtari|gunluk|tum|f1|hizli|onbellek|p0,0,0,EVET,0.0058,0
h2|durum_anahtari|gunluk|tum|f1|hizli|onbellek|p1,0,0,EVET,0.0058,0
h2|durum_anahtari|gunluk|tum|f1|hizli|onbellek|p2,0,0,EVET,0.0059,0
h2|durum_anahtari|gunluk|tum|f1|hizli|onbellek|p3,0,0,EVET,0.0099,0
h2|durum_anahtari|gunluk|tum|f1|hizli|onbellek|p4,0,0,EVET,0.0093,0
h2|durum_anahtari|gunluk|tum|f1|orta|taze|p0,0,0,EVET,0.006,0
h2|durum_anahtari|gunluk|tum|f1|orta|taze|p1,0,0,EVET,0.0064,0
h2|durum_anahtari|gunluk|tum|f1|orta|taze|p2,0,0,EVET,0.0064,0
h2|durum_anahtari|gunluk|tum|f1|orta|taze|p3,0,0,EVET,0.0108,0
h2|durum_anahtari|gunluk|tum|f1|orta|taze|p4,0,0,EVET,0.0093,0
h2|durum_anahtari|gunluk|tum|f1|orta|sabit|p0,0,0,EVET,0.0052,0
h2|durum_anahtari|gunluk|tum|f1|orta|sabit|p1,0,0,EVET,0.0051,0
h2|durum_anahtari|gunluk|tum|f1|orta|sabit|p2,0,0,EVET,0.0062,0
h2|durum_anahtari|gunluk|tum|f1|orta|sabit|p3,0,0,EVET,0.0105,0
h2|durum_anahtari|gunluk|tum|f1|orta|sabit|p4,0,0,EVET,0.0103,0
h2|durum_anahtari|gunluk|tum|f1|orta|onbellek|p0,0,0,EVET,0.0071,0
h2|durum_anahtari|gunluk|tum|f1|orta|onbellek|p1,0,0,EVET,0.0071,0
h2|durum_anahtari|gunluk|tum|f1|orta|onbellek|p2,0,0,EVET,0.0069,0
h2|durum_anahtari|gunluk|tum|f1|orta|onbellek|p3,0,0,EVET,0.0106,0
h2|durum_anahtari|gunluk|tum|f1|orta|onbellek|p4,0,0,EVET,0.0099,0
h2|durum_anahtari|gunluk|tum|f1|yavas|taze|p0,0,0,EVET,0.0072,0
h2|durum_anahtari|gunluk|tum|f1|yavas|taze|p1,0,0,EVET,0.0074,0
h2|durum_anahtari|gunluk|tum|f1|yavas|taze|p2,0,0,EVET,0.0058,0
h2|durum_anahtari|gunluk|tum|f1|yavas|taze|p3,0,0,EVET,0.0099,0
h2|durum_anahtari|gunluk|tum|f1|yavas|taze|p4,0,0,EVET,0.009,0
h2|durum_anahtari|gunluk|tum|f1|yavas|sabit|p0,0,0,EVET,0.0057,0
h2|durum_anahtari|gunluk|tum|f1|yavas|sabit|p1,0,0,EVET,0.005,0
h2|durum_anahtari|gunluk|tum|f1|yavas|sabit|p2,0,0,EVET,0.005,0
h2|durum_anahtari|gunluk|tum|f1|yavas|sabit|p3,0,0,EVET,0.0107,0
h2|durum_anahtari|gunluk|tum|f1|yavas|sabit|p4,0,0,EVET,0.0106,0
h2|durum_anahtari|gunluk|tum|f1|yavas|onbellek|p0,0,0,EVET,0.0059,0
h2|durum_anahtari|gunluk|tum|f1|yavas|onbellek|p1,0,0,EVET,0.0059,0
h2|durum_anahtari|gunluk|tum|f1|yavas|onbellek|p2,0,0,EVET,0.0067,0
h2|durum_anahtari|gunluk|tum|f1|yavas|onbellek|p3,0,0,EVET,0.011,0
h2|durum_anahtari|gunluk|tum|f1|yavas|onbellek|p4,0,0,EVET,0.009,0
h2|durum_anahtari|gunluk|tum|f2|hizli|taze|p0,0,0,EVET,0.006,0
h2|durum_anahtari|gunluk|tum|f2|hizli|taze|p1,0,0,EVET,0.0068,0
h2|durum_anahtari|gunluk|tum|f2|hizli|taze|p2,0,0,EVET,0.0068,0
h2|durum_anahtari|gunluk|tum|f2|hizli|taze|p3,0,0,EVET,0.0114,0
h2|durum_anahtari|gunluk|tum|f2|hizli|taze|p4,0,0,EVET,0.0131,0
h2|durum_anahtari|gunluk|tum|f2|hizli|sabit|p0,0,0,EVET,0.0062,0
h2|durum_anahtari|gunluk|tum|f2|hizli|sabit|p1,0,0,EVET,0.0059,0
h2|durum_anahtari|gunluk|tum|f2|hizli|sabit|p2,0,0,EVET,0.0056,0
h2|durum_anahtari|gunluk|tum|f2|hizli|sabit|p3,0,0,EVET,0.0128,0
h2|durum_anahtari|gunluk|tum|f2|hizli|sabit|p4,0,0,EVET,0.0089,0
h2|durum_anahtari|gunluk|tum|f2|hizli|onbellek|p0,0,0,EVET,0.0071,0
h2|durum_anahtari|gunluk|tum|f2|hizli|onbellek|p1,0,0,EVET,0.0057,0
h2|durum_anahtari|gunluk|tum|f2|hizli|onbellek|p2,0,0,EVET,0.0058,0
h2|durum_anahtari|gunluk|tum|f2|hizli|onbellek|p3,0,0,EVET,0.0128,0
h2|durum_anahtari|gunluk|tum|f2|hizli|onbellek|p4,0,0,EVET,0.0088,0
h2|durum_anahtari|gunluk|tum|f2|orta|taze|p0,0,0,EVET,0.0067,0
h2|durum_anahtari|gunluk|tum|f2|orta|taze|p1,0,0,EVET,0.0064,0
h2|durum_anahtari|gunluk|tum|f2|orta|taze|p2,0,0,EVET,0.0085,0
h2|durum_anahtari|gunluk|tum|f2|orta|taze|p3,0,0,EVET,0.0108,0
h2|durum_anahtari|gunluk|tum|f2|orta|taze|p4,0,0,EVET,0.0091,0
h2|durum_anahtari|gunluk|tum|f2|orta|sabit|p0,0,0,EVET,0.0057,0
h2|durum_anahtari|gunluk|tum|f2|orta|sabit|p1,0,0,EVET,0.009,0
h2|durum_anahtari|gunluk|tum|f2|orta|sabit|p2,0,0,EVET,0.0059,0
h2|durum_anahtari|gunluk|tum|f2|orta|sabit|p3,0,0,EVET,0.0169,0
h2|durum_anahtari|gunluk|tum|f2|orta|sabit|p4,0,0,EVET,0.0128,0
h2|durum_anahtari|gunluk|tum|f2|orta|onbellek|p0,0,0,EVET,0.0076,0
h2|durum_anahtari|gunluk|tum|f2|orta|onbellek|p1,0,0,EVET,0.007,0
h2|durum_anahtari|gunluk|tum|f2|orta|onbellek|p2,0,0,EVET,0.0058,0
h2|durum_anahtari|gunluk|tum|f2|orta|onbellek|p3,0,0,EVET,0.01,0
h2|durum_anahtari|gunluk|tum|f2|orta|onbellek|p4,0,0,EVET,0.0091,0
h2|durum_anahtari|gunluk|tum|f2|yavas|taze|p0,0,0,EVET,0.0075,0
h2|durum_anahtari|gunluk|tum|f2|yavas|taze|p1,0,0,EVET,0.0075,0
h2|durum_anahtari|gunluk|tum|f2|yavas|taze|p2,0,0,EVET,0.0073,0
h2|durum_anahtari|gunluk|tum|f2|yavas|taze|p3,0,0,EVET,0.0105,0
h2|durum_anahtari|gunluk|tum|f2|yavas|taze|p4,0,0,EVET,0.0102,0
h2|durum_anahtari|gunluk|tum|f2|yavas|sabit|p0,0,0,EVET,0.0053,0
h2|durum_anahtari|gunluk|tum|f2|yavas|sabit|p1,0,0,EVET,0.0052,0
h2|durum_anahtari|gunluk|tum|f2|yavas|sabit|p2,0,0,EVET,0.0063,0
h2|durum_anahtari|gunluk|tum|f2|yavas|sabit|p3,0,0,EVET,0.0124,0
h2|durum_anahtari|gunluk|tum|f2|yavas|sabit|p4,0,0,EVET,0.0105,0
h2|durum_anahtari|gunluk|tum|f2|yavas|onbellek|p0,0,0,EVET,0.0069,0
h2|durum_anahtari|gunluk|tum|f2|yavas|onbellek|p1,0,0,EVET,0.0066,0
h2|durum_anahtari|gunluk|tum|f2|yavas|onbellek|p2,0,0,EVET,0.0066,0
h2|durum_anahtari|gunluk|tum|f2|yavas|onbellek|p3,0,0,EVET,0.0121,0
h2|durum_anahtari|gunluk|tum|f2|yavas|onbellek|p4,0,0,EVET,0.0125,0
h2|durum_anahtari|gunluk|tum|f3|hizli|taze|p0,0,0,EVET,0.0058,0
h2|durum_anahtari|gunluk|tum|f3|hizli|taze|p1,0,0,EVET,0.0061,0
h2|durum_anahtari|gunluk|tum|f3|hizli|taze|p2,0,0,EVET,0.0059,0
h2|durum_anahtari|gunluk|tum|f3|hizli|taze|p3,0,0,EVET,0.0117,0
h2|durum_anahtari|gunluk|tum|f3|hizli|taze|p4,0,0,EVET,0.0101,0
h2|durum_anahtari|gunluk|tum|f3|hizli|sabit|p0,0,0,EVET,0.0055,0
h2|durum_anahtari|gunluk|tum|f3|hizli|sabit|p1,0,0,EVET,0.0059,0
h2|durum_anahtari|gunluk|tum|f3|hizli|sabit|p2,0,0,EVET,0.0094,0
h2|durum_anahtari|gunluk|tum|f3|hizli|sabit|p3,0,0,EVET,0.0105,0
h2|durum_anahtari|gunluk|tum|f3|hizli|sabit|p4,0,0,EVET,0.0091,0
h2|durum_anahtari|gunluk|tum|f3|hizli|onbellek|p0,0,0,EVET,0.0074,0
h2|durum_anahtari|gunluk|tum|f3|hizli|onbellek|p1,0,0,EVET,0.0068,0
h2|durum_anahtari|gunluk|tum|f3|hizli|onbellek|p2,0,0,EVET,0.0066,0
h2|durum_anahtari|gunluk|tum|f3|hizli|onbellek|p3,0,0,EVET,0.0105,0
h2|durum_anahtari|gunluk|tum|f3|hizli|onbellek|p4,0,0,EVET,0.0109,0
h2|durum_anahtari|gunluk|tum|f3|orta|taze|p0,0,0,EVET,0.0066,0
h2|durum_anahtari|gunluk|tum|f3|orta|taze|p1,0,0,EVET,0.0074,0
h2|durum_anahtari|gunluk|tum|f3|orta|taze|p2,0,0,EVET,0.0064,0
h2|durum_anahtari|gunluk|tum|f3|orta|taze|p3,0,0,EVET,0.01,0
h2|durum_anahtari|gunluk|tum|f3|orta|taze|p4,0,0,EVET,0.0087,0
h2|durum_anahtari|gunluk|tum|f3|orta|sabit|p0,0,0,EVET,0.0055,0
h2|durum_anahtari|gunluk|tum|f3|orta|sabit|p1,0,0,EVET,0.005,0
h2|durum_anahtari|gunluk|tum|f3|orta|sabit|p2,0,0,EVET,0.0051,0
h2|durum_anahtari|gunluk|tum|f3|orta|sabit|p3,0,0,EVET,0.0118,0
h2|durum_anahtari|gunluk|tum|f3|orta|sabit|p4,0,0,EVET,0.0098,0
h2|durum_anahtari|gunluk|tum|f3|orta|onbellek|p0,0,0,EVET,0.0063,0
h2|durum_anahtari|gunluk|tum|f3|orta|onbellek|p1,0,0,EVET,0.0071,0
h2|durum_anahtari|gunluk|tum|f3|orta|onbellek|p2,0,0,EVET,0.0063,0
h2|durum_anahtari|gunluk|tum|f3|orta|onbellek|p3,0,0,EVET,0.0104,0
h2|durum_anahtari|gunluk|tum|f3|orta|onbellek|p4,0,0,EVET,0.0099,0
h2|durum_anahtari|gunluk|tum|f3|yavas|taze|p0,0,0,EVET,0.0063,0
h2|durum_anahtari|gunluk|tum|f3|yavas|taze|p1,0,0,EVET,0.007,0
h2|durum_anahtari|gunluk|tum|f3|yavas|taze|p2,0,0,EVET,0.0071,0
h2|durum_anahtari|gunluk|tum|f3|yavas|taze|p3,0,0,EVET,0.0123,0
h2|durum_anahtari|gunluk|tum|f3|yavas|taze|p4,0,0,EVET,0.0103,0
h2|durum_anahtari|gunluk|tum|f3|yavas|sabit|p0,0,0,EVET,0.0058,0
h2|durum_anahtari|gunluk|tum|f3|yavas|sabit|p1,0,0,EVET,0.005,0
h2|durum_anahtari|gunluk|tum|f3|yavas|sabit|p2,0,0,EVET,0.0051,0
h2|durum_anahtari|gunluk|tum|f3|yavas|sabit|p3,0,0,EVET,0.0119,0
h2|durum_anahtari|gunluk|tum|f3|yavas|sabit|p4,0,0,EVET,0.0087,0
h2|durum_anahtari|gunluk|tum|f3|yavas|onbellek|p0,0,0,EVET,0.0057,0
h2|durum_anahtari|gunluk|tum|f3|yavas|onbellek|p1,0,0,EVET,0.0057,0
h2|durum_anahtari|gunluk|tum|f3|yavas|onbellek|p2,0,0,EVET,0.0065,0
h2|durum_anahtari|gunluk|tum|f3|yavas|onbellek|p3,0,0,EVET,0.0112,0
h2|durum_anahtari|gunluk|tum|f3|yavas|onbellek|p4,0,0,EVET,0.009,0
h2|durum_anahtari|gecici|g1|f1|hizli|taze|p0,0,0,EVET,0.0038,0
h2|durum_anahtari|gecici|g1|f1|hizli|taze|p1,0,0,EVET,0.0041,0
h2|durum_anahtari|gecici|g1|f1|hizli|taze|p2,0,0,EVET,0.0041,0
h2|durum_anahtari|gecici|g1|f1|hizli|taze|p3,0,0,EVET,0.0065,0
h2|durum_anahtari|gecici|g1|f1|hizli|taze|p4,2,2,EVET,0.0297,0
h2|durum_anahtari|gecici|g1|f1|hizli|sabit|p0,0,0,EVET,0.0038,0
h2|durum_anahtari|gecici|g1|f1|hizli|sabit|p1,0,0,EVET,0.0036,0
h2|durum_anahtari|gecici|g1|f1|hizli|sabit|p2,0,0,EVET,0.003,0
h2|durum_anahtari|gecici|g1|f1|hizli|sabit|p3,0,0,EVET,0.0064,0
h2|durum_anahtari|gecici|g1|f1|hizli|sabit|p4,2,2,EVET,0.033,0
h2|durum_anahtari|gecici|g1|f1|hizli|onbellek|p0,0,0,EVET,0.0042,0
h2|durum_anahtari|gecici|g1|f1|hizli|onbellek|p1,0,0,EVET,0.0041,0
h2|durum_anahtari|gecici|g1|f1|hizli|onbellek|p2,0,0,EVET,0.004,0
h2|durum_anahtari|gecici|g1|f1|hizli|onbellek|p3,0,0,EVET,0.0077,0
h2|durum_anahtari|gecici|g1|f1|hizli|onbellek|p4,2,2,EVET,0.0344,0
h2|durum_anahtari|gecici|g1|f1|orta|taze|p0,0,0,EVET,0.0047,0
h2|durum_anahtari|gecici|g1|f1|orta|taze|p1,0,0,EVET,0.0046,0
h2|durum_anahtari|gecici|g1|f1|orta|taze|p2,0,0,EVET,0.0044,0
h2|durum_anahtari|gecici|g1|f1|orta|taze|p3,0,0,EVET,0.0078,0
h2|durum_anahtari|gecici|g1|f1|orta|taze|p4,2,2,EVET,0.0299,0
h2|durum_anahtari|gecici|g1|f1|orta|sabit|p0,0,0,EVET,0.003,0
h2|durum_anahtari|gecici|g1|f1|orta|sabit|p1,0,0,EVET,0.003,0
h2|durum_anahtari|gecici|g1|f1|orta|sabit|p2,0,0,EVET,0.003,0
h2|durum_anahtari|gecici|g1|f1|orta|sabit|p3,0,0,EVET,0.0064,0
h2|durum_anahtari|gecici|g1|f1|orta|sabit|p4,2,2,EVET,0.0338,0
h2|durum_anahtari|gecici|g1|f1|orta|onbellek|p0,0,0,EVET,0.0039,0
h2|durum_anahtari|gecici|g1|f1|orta|onbellek|p1,0,0,EVET,0.0044,0
h2|durum_anahtari|gecici|g1|f1|orta|onbellek|p2,0,0,EVET,0.0041,0
h2|durum_anahtari|gecici|g1|f1|orta|onbellek|p3,0,0,EVET,0.0073,0
h2|durum_anahtari|gecici|g1|f1|orta|onbellek|p4,2,2,EVET,0.0376,0
h2|durum_anahtari|gecici|g1|f1|yavas|taze|p0,0,0,EVET,0.0046,0
h2|durum_anahtari|gecici|g1|f1|yavas|taze|p1,0,0,EVET,0.0039,0
h2|durum_anahtari|gecici|g1|f1|yavas|taze|p2,0,0,EVET,0.004,0
h2|durum_anahtari|gecici|g1|f1|yavas|taze|p3,0,0,EVET,0.0079,0
h2|durum_anahtari|gecici|g1|f1|yavas|taze|p4,2,2,EVET,0.0306,0
h2|durum_anahtari|gecici|g1|f1|yavas|sabit|p0,0,0,EVET,0.0037,0
h2|durum_anahtari|gecici|g1|f1|yavas|sabit|p1,0,0,EVET,0.0034,0
h2|durum_anahtari|gecici|g1|f1|yavas|sabit|p2,0,0,EVET,0.0033,0
h2|durum_anahtari|gecici|g1|f1|yavas|sabit|p3,0,0,EVET,0.0085,0
h2|durum_anahtari|gecici|g1|f1|yavas|sabit|p4,2,2,EVET,0.0356,0
h2|durum_anahtari|gecici|g1|f1|yavas|onbellek|p0,0,0,EVET,0.0036,0
h2|durum_anahtari|gecici|g1|f1|yavas|onbellek|p1,0,0,EVET,0.0054,0
h2|durum_anahtari|gecici|g1|f1|yavas|onbellek|p2,0,0,EVET,0.0049,0
h2|durum_anahtari|gecici|g1|f1|yavas|onbellek|p3,0,0,EVET,0.0067,0
h2|durum_anahtari|gecici|g1|f1|yavas|onbellek|p4,2,2,EVET,0.0287,0
h2|durum_anahtari|gecici|g1|f2|hizli|taze|p0,0,0,EVET,0.0042,0
h2|durum_anahtari|gecici|g1|f2|hizli|taze|p1,0,0,EVET,0.0038,0
h2|durum_anahtari|gecici|g1|f2|hizli|taze|p2,0,0,EVET,0.0041,0
h2|durum_anahtari|gecici|g1|f2|hizli|taze|p3,0,0,EVET,0.007,0
h2|durum_anahtari|gecici|g1|f2|hizli|taze|p4,2,2,EVET,0.0239,0
h2|durum_anahtari|gecici|g1|f2|hizli|sabit|p0,0,0,EVET,0.0029,0
h2|durum_anahtari|gecici|g1|f2|hizli|sabit|p1,0,0,EVET,0.0032,0
h2|durum_anahtari|gecici|g1|f2|hizli|sabit|p2,0,0,EVET,0.0033,0
h2|durum_anahtari|gecici|g1|f2|hizli|sabit|p3,0,0,EVET,0.0069,0
h2|durum_anahtari|gecici|g1|f2|hizli|sabit|p4,2,2,EVET,0.0222,0
h2|durum_anahtari|gecici|g1|f2|hizli|onbellek|p0,0,0,EVET,0.0042,0
h2|durum_anahtari|gecici|g1|f2|hizli|onbellek|p1,0,0,EVET,0.0043,0
h2|durum_anahtari|gecici|g1|f2|hizli|onbellek|p2,0,0,EVET,0.0039,0
h2|durum_anahtari|gecici|g1|f2|hizli|onbellek|p3,0,0,EVET,0.007,0
h2|durum_anahtari|gecici|g1|f2|hizli|onbellek|p4,2,2,EVET,0.0222,0
h2|durum_anahtari|gecici|g1|f2|orta|taze|p0,0,0,EVET,0.005,0
h2|durum_anahtari|gecici|g1|f2|orta|taze|p1,0,0,EVET,0.0036,0
h2|durum_anahtari|gecici|g1|f2|orta|taze|p2,0,0,EVET,0.0039,0
h2|durum_anahtari|gecici|g1|f2|orta|taze|p3,0,0,EVET,0.0072,0
h2|durum_anahtari|gecici|g1|f2|orta|taze|p4,2,2,EVET,0.0286,0
h2|durum_anahtari|gecici|g1|f2|orta|sabit|p0,0,0,EVET,0.0036,0
h2|durum_anahtari|gecici|g1|f2|orta|sabit|p1,0,0,EVET,0.0035,0
h2|durum_anahtari|gecici|g1|f2|orta|sabit|p2,0,0,EVET,0.003,0
h2|durum_anahtari|gecici|g1|f2|orta|sabit|p3,0,0,EVET,0.0063,0
h2|durum_anahtari|gecici|g1|f2|orta|sabit|p4,2,2,EVET,0.0217,0
h2|durum_anahtari|gecici|g1|f2|orta|onbellek|p0,0,0,EVET,0.0077,0
h2|durum_anahtari|gecici|g1|f2|orta|onbellek|p1,0,0,EVET,0.0044,0
h2|durum_anahtari|gecici|g1|f2|orta|onbellek|p2,0,0,EVET,0.0042,0
h2|durum_anahtari|gecici|g1|f2|orta|onbellek|p3,0,0,EVET,0.0069,0
h2|durum_anahtari|gecici|g1|f2|orta|onbellek|p4,2,2,EVET,0.0288,0
h2|durum_anahtari|gecici|g1|f2|yavas|taze|p0,0,0,EVET,0.0044,0
h2|durum_anahtari|gecici|g1|f2|yavas|taze|p1,0,0,EVET,0.0038,0
h2|durum_anahtari|gecici|g1|f2|yavas|taze|p2,0,0,EVET,0.0037,0
h2|durum_anahtari|gecici|g1|f2|yavas|taze|p3,0,0,EVET,0.0086,0
h2|durum_anahtari|gecici|g1|f2|yavas|taze|p4,2,2,EVET,0.0249,0
h2|durum_anahtari|gecici|g1|f2|yavas|sabit|p0,0,0,EVET,0.0031,0
h2|durum_anahtari|gecici|g1|f2|yavas|sabit|p1,0,0,EVET,0.0034,0
h2|durum_anahtari|gecici|g1|f2|yavas|sabit|p2,0,0,EVET,0.0037,0
h2|durum_anahtari|gecici|g1|f2|yavas|sabit|p3,0,0,EVET,0.0077,0
h2|durum_anahtari|gecici|g1|f2|yavas|sabit|p4,2,2,EVET,0.0267,0
h2|durum_anahtari|gecici|g1|f2|yavas|onbellek|p0,0,0,EVET,0.0042,0
h2|durum_anahtari|gecici|g1|f2|yavas|onbellek|p1,0,0,EVET,0.0046,0
h2|durum_anahtari|gecici|g1|f2|yavas|onbellek|p2,0,0,EVET,0.0059,0
h2|durum_anahtari|gecici|g1|f2|yavas|onbellek|p3,0,0,EVET,0.0082,0
h2|durum_anahtari|gecici|g1|f2|yavas|onbellek|p4,2,2,EVET,0.0262,0
h2|durum_anahtari|gecici|g1|f3|hizli|taze|p0,1,1,EVET,0.0065,0
h2|durum_anahtari|gecici|g1|f3|hizli|taze|p1,1,1,EVET,0.0089,0
h2|durum_anahtari|gecici|g1|f3|hizli|taze|p2,1,1,EVET,0.0076,0
h2|durum_anahtari|gecici|g1|f3|hizli|taze|p3,1,1,EVET,0.0196,0
h2|durum_anahtari|gecici|g1|f3|hizli|taze|p4,1,1,EVET,0.0146,0
h2|durum_anahtari|gecici|g1|f3|hizli|sabit|p0,1,1,EVET,0.0071,0
h2|durum_anahtari|gecici|g1|f3|hizli|sabit|p1,1,1,EVET,0.0073,0
h2|durum_anahtari|gecici|g1|f3|hizli|sabit|p2,1,1,EVET,0.0075,0
h2|durum_anahtari|gecici|g1|f3|hizli|sabit|p3,1,1,EVET,0.0114,0
h2|durum_anahtari|gecici|g1|f3|hizli|sabit|p4,1,1,EVET,0.0125,0
h2|durum_anahtari|gecici|g1|f3|hizli|onbellek|p0,1,1,EVET,0.0072,0
h2|durum_anahtari|gecici|g1|f3|hizli|onbellek|p1,1,1,EVET,0.0074,0
h2|durum_anahtari|gecici|g1|f3|hizli|onbellek|p2,1,1,EVET,0.0071,0
h2|durum_anahtari|gecici|g1|f3|hizli|onbellek|p3,1,1,EVET,0.0136,0
h2|durum_anahtari|gecici|g1|f3|hizli|onbellek|p4,1,1,EVET,0.0145,0
h2|durum_anahtari|gecici|g1|f3|orta|taze|p0,1,1,EVET,0.0078,0
h2|durum_anahtari|gecici|g1|f3|orta|taze|p1,1,1,EVET,0.0075,0
h2|durum_anahtari|gecici|g1|f3|orta|taze|p2,1,1,EVET,0.0064,0
h2|durum_anahtari|gecici|g1|f3|orta|taze|p3,1,1,EVET,0.0123,0
h2|durum_anahtari|gecici|g1|f3|orta|taze|p4,1,1,EVET,0.0119,0
h2|durum_anahtari|gecici|g1|f3|orta|sabit|p0,1,1,EVET,0.0053,0
h2|durum_anahtari|gecici|g1|f3|orta|sabit|p1,1,1,EVET,0.0065,0
h2|durum_anahtari|gecici|g1|f3|orta|sabit|p2,1,1,EVET,0.0065,0
h2|durum_anahtari|gecici|g1|f3|orta|sabit|p3,1,1,EVET,0.0127,0
h2|durum_anahtari|gecici|g1|f3|orta|sabit|p4,1,1,EVET,0.0119,0
h2|durum_anahtari|gecici|g1|f3|orta|onbellek|p0,1,1,EVET,0.0071,0
h2|durum_anahtari|gecici|g1|f3|orta|onbellek|p1,1,1,EVET,0.0075,0
h2|durum_anahtari|gecici|g1|f3|orta|onbellek|p2,1,1,EVET,0.007,0
h2|durum_anahtari|gecici|g1|f3|orta|onbellek|p3,1,1,EVET,0.0134,0
h2|durum_anahtari|gecici|g1|f3|orta|onbellek|p4,1,1,EVET,0.012,0
h2|durum_anahtari|gecici|g1|f3|yavas|taze|p0,1,1,EVET,0.0063,0
h2|durum_anahtari|gecici|g1|f3|yavas|taze|p1,1,1,EVET,0.0065,0
h2|durum_anahtari|gecici|g1|f3|yavas|taze|p2,1,1,EVET,0.0063,0
h2|durum_anahtari|gecici|g1|f3|yavas|taze|p3,1,1,EVET,0.0154,0
h2|durum_anahtari|gecici|g1|f3|yavas|taze|p4,1,1,EVET,0.0143,0
h2|durum_anahtari|gecici|g1|f3|yavas|sabit|p0,1,1,EVET,0.0052,0
h2|durum_anahtari|gecici|g1|f3|yavas|sabit|p1,1,1,EVET,0.0053,0
h2|durum_anahtari|gecici|g1|f3|yavas|sabit|p2,1,1,EVET,0.0053,0
h2|durum_anahtari|gecici|g1|f3|yavas|sabit|p3,1,1,EVET,0.011,0
h2|durum_anahtari|gecici|g1|f3|yavas|sabit|p4,1,1,EVET,0.0132,0
h2|durum_anahtari|gecici|g1|f3|yavas|onbellek|p0,1,1,EVET,0.0079,0
h2|durum_anahtari|gecici|g1|f3|yavas|onbellek|p1,1,1,EVET,0.0069,0
h2|durum_anahtari|gecici|g1|f3|yavas|onbellek|p2,1,1,EVET,0.0072,0
h2|durum_anahtari|gecici|g1|f3|yavas|onbellek|p3,1,1,EVET,0.0152,0
h2|durum_anahtari|gecici|g1|f3|yavas|onbellek|p4,1,1,EVET,0.0144,0
h2|durum_anahtari|gecici|g2|f1|hizli|taze|p0,0,0,EVET,0.004,0
h2|durum_anahtari|gecici|g2|f1|hizli|taze|p1,0,0,EVET,0.004,0
h2|durum_anahtari|gecici|g2|f1|hizli|taze|p2,0,0,EVET,0.004,0
h2|durum_anahtari|gecici|g2|f1|hizli|taze|p3,0,0,EVET,0.0071,0
h2|durum_anahtari|gecici|g2|f1|hizli|taze|p4,4,4,EVET,0.0633,0
h2|durum_anahtari|gecici|g2|f1|hizli|sabit|p0,0,0,EVET,0.0037,0
h2|durum_anahtari|gecici|g2|f1|hizli|sabit|p1,0,0,EVET,0.0034,0
h2|durum_anahtari|gecici|g2|f1|hizli|sabit|p2,0,0,EVET,0.0032,0
h2|durum_anahtari|gecici|g2|f1|hizli|sabit|p3,0,0,EVET,0.0081,0
h2|durum_anahtari|gecici|g2|f1|hizli|sabit|p4,4,4,EVET,0.0641,0
h2|durum_anahtari|gecici|g2|f1|hizli|onbellek|p0,0,0,EVET,0.0039,0
h2|durum_anahtari|gecici|g2|f1|hizli|onbellek|p1,0,0,EVET,0.0039,0
h2|durum_anahtari|gecici|g2|f1|hizli|onbellek|p2,0,0,EVET,0.004,0
h2|durum_anahtari|gecici|g2|f1|hizli|onbellek|p3,0,0,EVET,0.007,0
h2|durum_anahtari|gecici|g2|f1|hizli|onbellek|p4,4,4,EVET,0.0696,0
h2|durum_anahtari|gecici|g2|f1|orta|taze|p0,0,0,EVET,0.005,0
h2|durum_anahtari|gecici|g2|f1|orta|taze|p1,0,0,EVET,0.004,0
h2|durum_anahtari|gecici|g2|f1|orta|taze|p2,0,0,EVET,0.0039,0
h2|durum_anahtari|gecici|g2|f1|orta|taze|p3,0,0,EVET,0.0071,0
h2|durum_anahtari|gecici|g2|f1|orta|taze|p4,4,4,EVET,0.0566,0
h2|durum_anahtari|gecici|g2|f1|orta|sabit|p0,0,0,EVET,0.0038,0
h2|durum_anahtari|gecici|g2|f1|orta|sabit|p1,0,0,EVET,0.0037,0
h2|durum_anahtari|gecici|g2|f1|orta|sabit|p2,0,0,EVET,0.0032,0
h2|durum_anahtari|gecici|g2|f1|orta|sabit|p3,0,0,EVET,0.007,0
h2|durum_anahtari|gecici|g2|f1|orta|sabit|p4,4,4,EVET,0.066,0
h2|durum_anahtari|gecici|g2|f1|orta|onbellek|p0,0,0,EVET,0.004,0
h2|durum_anahtari|gecici|g2|f1|orta|onbellek|p1,0,0,EVET,0.0039,0
h2|durum_anahtari|gecici|g2|f1|orta|onbellek|p2,0,0,EVET,0.0038,0
h2|durum_anahtari|gecici|g2|f1|orta|onbellek|p3,0,0,EVET,0.007,0
h2|durum_anahtari|gecici|g2|f1|orta|onbellek|p4,4,4,EVET,0.0909,0
h2|durum_anahtari|gecici|g2|f1|yavas|taze|p0,0,0,EVET,0.0049,0
h2|durum_anahtari|gecici|g2|f1|yavas|taze|p1,0,0,EVET,0.0047,0
h2|durum_anahtari|gecici|g2|f1|yavas|taze|p2,0,0,EVET,0.004,0
h2|durum_anahtari|gecici|g2|f1|yavas|taze|p3,0,0,EVET,0.0069,0
h2|durum_anahtari|gecici|g2|f1|yavas|taze|p4,4,4,EVET,0.065,0
h2|durum_anahtari|gecici|g2|f1|yavas|sabit|p0,0,0,EVET,0.004,0
h2|durum_anahtari|gecici|g2|f1|yavas|sabit|p1,0,0,EVET,0.0036,0
h2|durum_anahtari|gecici|g2|f1|yavas|sabit|p2,0,0,EVET,0.0036,0
h2|durum_anahtari|gecici|g2|f1|yavas|sabit|p3,0,0,EVET,0.0086,0
h2|durum_anahtari|gecici|g2|f1|yavas|sabit|p4,4,4,EVET,0.0624,0
h2|durum_anahtari|gecici|g2|f1|yavas|onbellek|p0,0,0,EVET,0.0044,0
h2|durum_anahtari|gecici|g2|f1|yavas|onbellek|p1,0,0,EVET,0.0042,0
h2|durum_anahtari|gecici|g2|f1|yavas|onbellek|p2,0,0,EVET,0.0039,0
h2|durum_anahtari|gecici|g2|f1|yavas|onbellek|p3,0,0,EVET,0.0078,0
h2|durum_anahtari|gecici|g2|f1|yavas|onbellek|p4,4,4,EVET,0.0653,0
h2|durum_anahtari|gecici|g2|f2|hizli|taze|p0,0,0,EVET,0.004,0
h2|durum_anahtari|gecici|g2|f2|hizli|taze|p1,0,0,EVET,0.0039,0
h2|durum_anahtari|gecici|g2|f2|hizli|taze|p2,0,0,EVET,0.0038,0
h2|durum_anahtari|gecici|g2|f2|hizli|taze|p3,0,0,EVET,0.007,0
h2|durum_anahtari|gecici|g2|f2|hizli|taze|p4,4,4,EVET,0.0531,0
h2|durum_anahtari|gecici|g2|f2|hizli|sabit|p0,0,0,EVET,0.0036,0
h2|durum_anahtari|gecici|g2|f2|hizli|sabit|p1,0,0,EVET,0.0035,0
h2|durum_anahtari|gecici|g2|f2|hizli|sabit|p2,0,0,EVET,0.0035,0
h2|durum_anahtari|gecici|g2|f2|hizli|sabit|p3,0,0,EVET,0.0069,0
h2|durum_anahtari|gecici|g2|f2|hizli|sabit|p4,4,4,EVET,0.0455,0
h2|durum_anahtari|gecici|g2|f2|hizli|onbellek|p0,0,0,EVET,0.0045,0
h2|durum_anahtari|gecici|g2|f2|hizli|onbellek|p1,0,0,EVET,0.0046,0
h2|durum_anahtari|gecici|g2|f2|hizli|onbellek|p2,0,0,EVET,0.0043,0
h2|durum_anahtari|gecici|g2|f2|hizli|onbellek|p3,0,0,EVET,0.0086,0
h2|durum_anahtari|gecici|g2|f2|hizli|onbellek|p4,4,4,EVET,0.0533,0
h2|durum_anahtari|gecici|g2|f2|orta|taze|p0,0,0,EVET,0.0039,0
h2|durum_anahtari|gecici|g2|f2|orta|taze|p1,0,0,EVET,0.0038,0
h2|durum_anahtari|gecici|g2|f2|orta|taze|p2,0,0,EVET,0.0043,0
h2|durum_anahtari|gecici|g2|f2|orta|taze|p3,0,0,EVET,0.0077,0
h2|durum_anahtari|gecici|g2|f2|orta|taze|p4,4,4,EVET,0.053,0
h2|durum_anahtari|gecici|g2|f2|orta|sabit|p0,0,0,EVET,0.004,0
h2|durum_anahtari|gecici|g2|f2|orta|sabit|p1,0,0,EVET,0.0032,0
h2|durum_anahtari|gecici|g2|f2|orta|sabit|p2,0,0,EVET,0.0032,0
h2|durum_anahtari|gecici|g2|f2|orta|sabit|p3,0,0,EVET,0.0076,0
h2|durum_anahtari|gecici|g2|f2|orta|sabit|p4,4,4,EVET,0.0479,0
h2|durum_anahtari|gecici|g2|f2|orta|onbellek|p0,0,0,EVET,0.0043,0
h2|durum_anahtari|gecici|g2|f2|orta|onbellek|p1,0,0,EVET,0.0043,0
h2|durum_anahtari|gecici|g2|f2|orta|onbellek|p2,0,0,EVET,0.0038,0
h2|durum_anahtari|gecici|g2|f2|orta|onbellek|p3,0,0,EVET,0.0071,0
h2|durum_anahtari|gecici|g2|f2|orta|onbellek|p4,4,4,EVET,0.0491,0
h2|durum_anahtari|gecici|g2|f2|yavas|taze|p0,0,0,EVET,0.004,0
h2|durum_anahtari|gecici|g2|f2|yavas|taze|p1,0,0,EVET,0.0045,0
h2|durum_anahtari|gecici|g2|f2|yavas|taze|p2,0,0,EVET,0.0044,0
h2|durum_anahtari|gecici|g2|f2|yavas|taze|p3,0,0,EVET,0.0069,0
h2|durum_anahtari|gecici|g2|f2|yavas|taze|p4,4,4,EVET,0.0468,0
h2|durum_anahtari|gecici|g2|f2|yavas|sabit|p0,0,0,EVET,0.0032,0
h2|durum_anahtari|gecici|g2|f2|yavas|sabit|p1,0,0,EVET,0.0032,0
h2|durum_anahtari|gecici|g2|f2|yavas|sabit|p2,0,0,EVET,0.0034,0
h2|durum_anahtari|gecici|g2|f2|yavas|sabit|p3,0,0,EVET,0.0069,0
h2|durum_anahtari|gecici|g2|f2|yavas|sabit|p4,4,4,EVET,0.0507,0
h2|durum_anahtari|gecici|g2|f2|yavas|onbellek|p0,0,0,EVET,0.0049,0
h2|durum_anahtari|gecici|g2|f2|yavas|onbellek|p1,0,0,EVET,0.0052,0
h2|durum_anahtari|gecici|g2|f2|yavas|onbellek|p2,0,0,EVET,0.0049,0
h2|durum_anahtari|gecici|g2|f2|yavas|onbellek|p3,0,0,EVET,0.007,0
h2|durum_anahtari|gecici|g2|f2|yavas|onbellek|p4,4,4,EVET,0.0495,0
h2|durum_anahtari|gecici|g2|f3|hizli|taze|p0,1,1,EVET,0.007,0
h2|durum_anahtari|gecici|g2|f3|hizli|taze|p1,1,1,EVET,0.007,0
h2|durum_anahtari|gecici|g2|f3|hizli|taze|p2,1,1,EVET,0.0083,0
h2|durum_anahtari|gecici|g2|f3|hizli|taze|p3,1,1,EVET,0.0181,0
h2|durum_anahtari|gecici|g2|f3|hizli|taze|p4,1,1,EVET,0.015,0
h2|durum_anahtari|gecici|g2|f3|hizli|sabit|p0,1,1,EVET,0.0069,0
h2|durum_anahtari|gecici|g2|f3|hizli|sabit|p1,1,1,EVET,0.0061,0
h2|durum_anahtari|gecici|g2|f3|hizli|sabit|p2,1,1,EVET,0.006,0
h2|durum_anahtari|gecici|g2|f3|hizli|sabit|p3,1,1,EVET,0.0157,0
h2|durum_anahtari|gecici|g2|f3|hizli|sabit|p4,1,1,EVET,0.0159,0
h2|durum_anahtari|gecici|g2|f3|hizli|onbellek|p0,1,1,EVET,0.0088,0
h2|durum_anahtari|gecici|g2|f3|hizli|onbellek|p1,1,1,EVET,0.0084,0
h2|durum_anahtari|gecici|g2|f3|hizli|onbellek|p2,1,1,EVET,0.0081,0
h2|durum_anahtari|gecici|g2|f3|hizli|onbellek|p3,1,1,EVET,0.016,0
h2|durum_anahtari|gecici|g2|f3|hizli|onbellek|p4,1,1,EVET,0.0133,0
h2|durum_anahtari|gecici|g2|f3|orta|taze|p0,1,1,EVET,0.007,0
h2|durum_anahtari|gecici|g2|f3|orta|taze|p1,1,1,EVET,0.0083,0
h2|durum_anahtari|gecici|g2|f3|orta|taze|p2,1,1,EVET,0.0082,0
h2|durum_anahtari|gecici|g2|f3|orta|taze|p3,1,1,EVET,0.0137,0
h2|durum_anahtari|gecici|g2|f3|orta|taze|p4,1,1,EVET,0.013,0
h2|durum_anahtari|gecici|g2|f3|orta|sabit|p0,1,1,EVET,0.0058,0
h2|durum_anahtari|gecici|g2|f3|orta|sabit|p1,1,1,EVET,0.0059,0
h2|durum_anahtari|gecici|g2|f3|orta|sabit|p2,1,1,EVET,0.0072,0
h2|durum_anahtari|gecici|g2|f3|orta|sabit|p3,1,1,EVET,0.0153,0
h2|durum_anahtari|gecici|g2|f3|orta|sabit|p4,1,1,EVET,0.0152,0
h2|durum_anahtari|gecici|g2|f3|orta|onbellek|p0,1,1,EVET,0.0087,0
h2|durum_anahtari|gecici|g2|f3|orta|onbellek|p1,1,1,EVET,0.0071,0
h2|durum_anahtari|gecici|g2|f3|orta|onbellek|p2,1,1,EVET,0.0069,0
h2|durum_anahtari|gecici|g2|f3|orta|onbellek|p3,1,1,EVET,0.0164,0
h2|durum_anahtari|gecici|g2|f3|orta|onbellek|p4,1,1,EVET,0.0163,0
h2|durum_anahtari|gecici|g2|f3|yavas|taze|p0,1,1,EVET,0.007,0
h2|durum_anahtari|gecici|g2|f3|yavas|taze|p1,1,1,EVET,0.007,0
h2|durum_anahtari|gecici|g2|f3|yavas|taze|p2,1,1,EVET,0.0089,0
h2|durum_anahtari|gecici|g2|f3|yavas|taze|p3,1,1,EVET,0.0167,0
h2|durum_anahtari|gecici|g2|f3|yavas|taze|p4,1,1,EVET,0.0154,0
h2|durum_anahtari|gecici|g2|f3|yavas|sabit|p0,1,1,EVET,0.0068,0
h2|durum_anahtari|gecici|g2|f3|yavas|sabit|p1,1,1,EVET,0.0061,0
h2|durum_anahtari|gecici|g2|f3|yavas|sabit|p2,1,1,EVET,0.0059,0
h2|durum_anahtari|gecici|g2|f3|yavas|sabit|p3,1,1,EVET,0.0158,0
h2|durum_anahtari|gecici|g2|f3|yavas|sabit|p4,1,1,EVET,0.0155,0
h2|durum_anahtari|gecici|g2|f3|yavas|onbellek|p0,1,1,EVET,0.007,0
h2|durum_anahtari|gecici|g2|f3|yavas|onbellek|p1,1,1,EVET,0.0069,0
h2|durum_anahtari|gecici|g2|f3|yavas|onbellek|p2,1,1,EVET,0.007,0
h2|durum_anahtari|gecici|g2|f3|yavas|onbellek|p3,1,1,EVET,0.0135,0
h2|durum_anahtari|gecici|g2|f3|yavas|onbellek|p4,1,1,EVET,0.0133,0
h2|durum_anahtari|gecici|g3|f1|hizli|taze|p0,0,0,EVET,0.0036,0
h2|durum_anahtari|gecici|g3|f1|hizli|taze|p1,0,0,EVET,0.0045,0
h2|durum_anahtari|gecici|g3|f1|hizli|taze|p2,0,0,EVET,0.0044,0
h2|durum_anahtari|gecici|g3|f1|hizli|taze|p3,0,0,EVET,0.0066,0
h2|durum_anahtari|gecici|g3|f1|hizli|taze|p4,2,2,EVET,0.0332,0
h2|durum_anahtari|gecici|g3|f1|hizli|sabit|p0,0,0,EVET,0.0036,0
h2|durum_anahtari|gecici|g3|f1|hizli|sabit|p1,0,0,EVET,0.0038,0
h2|durum_anahtari|gecici|g3|f1|hizli|sabit|p2,0,0,EVET,0.003,0
h2|durum_anahtari|gecici|g3|f1|hizli|sabit|p3,0,0,EVET,0.0065,0
h2|durum_anahtari|gecici|g3|f1|hizli|sabit|p4,2,2,EVET,0.0297,0
h2|durum_anahtari|gecici|g3|f1|hizli|onbellek|p0,0,0,EVET,0.0038,0
h2|durum_anahtari|gecici|g3|f1|hizli|onbellek|p1,0,0,EVET,0.0042,0
h2|durum_anahtari|gecici|g3|f1|hizli|onbellek|p2,0,0,EVET,0.0043,0
h2|durum_anahtari|gecici|g3|f1|hizli|onbellek|p3,0,0,EVET,0.0081,0
h2|durum_anahtari|gecici|g3|f1|hizli|onbellek|p4,2,2,EVET,0.0357,0
h2|durum_anahtari|gecici|g3|f1|orta|taze|p0,0,0,EVET,0.0042,0
h2|durum_anahtari|gecici|g3|f1|orta|taze|p1,0,0,EVET,0.0046,0
h2|durum_anahtari|gecici|g3|f1|orta|taze|p2,0,0,EVET,0.0039,0
h2|durum_anahtari|gecici|g3|f1|orta|taze|p3,0,0,EVET,0.0065,0
h2|durum_anahtari|gecici|g3|f1|orta|taze|p4,1,1,EVET,0.0155,0
h2|durum_anahtari|gecici|g3|f1|orta|sabit|p0,0,0,EVET,0.003,0
h2|durum_anahtari|gecici|g3|f1|orta|sabit|p1,0,0,EVET,0.0037,0
h2|durum_anahtari|gecici|g3|f1|orta|sabit|p2,0,0,EVET,0.0035,0
h2|durum_anahtari|gecici|g3|f1|orta|sabit|p3,0,0,EVET,0.0064,0
h2|durum_anahtari|gecici|g3|f1|orta|sabit|p4,1,1,EVET,0.0156,0
h2|durum_anahtari|gecici|g3|f1|orta|onbellek|p0,0,0,EVET,0.0042,0
h2|durum_anahtari|gecici|g3|f1|orta|onbellek|p1,0,0,EVET,0.0042,0
h2|durum_anahtari|gecici|g3|f1|orta|onbellek|p2,0,0,EVET,0.0048,0
h2|durum_anahtari|gecici|g3|f1|orta|onbellek|p3,0,0,EVET,0.0083,0
h2|durum_anahtari|gecici|g3|f1|orta|onbellek|p4,1,1,EVET,0.019,0
h2|durum_anahtari|gecici|g3|f1|yavas|taze|p0,0,0,EVET,0.0045,0
h2|durum_anahtari|gecici|g3|f1|yavas|taze|p1,0,0,EVET,0.0045,0
h2|durum_anahtari|gecici|g3|f1|yavas|taze|p2,0,0,EVET,0.0046,0
h2|durum_anahtari|gecici|g3|f1|yavas|taze|p3,0,0,EVET,0.0065,0
h2|durum_anahtari|gecici|g3|f1|yavas|taze|p4,1,1,EVET,0.0156,0
h2|durum_anahtari|gecici|g3|f1|yavas|sabit|p0,0,0,EVET,0.0035,0
h2|durum_anahtari|gecici|g3|f1|yavas|sabit|p1,0,0,EVET,0.0033,0
h2|durum_anahtari|gecici|g3|f1|yavas|sabit|p2,0,0,EVET,0.0037,0
h2|durum_anahtari|gecici|g3|f1|yavas|sabit|p3,0,0,EVET,0.0079,0
h2|durum_anahtari|gecici|g3|f1|yavas|sabit|p4,1,1,EVET,0.0188,0
h2|durum_anahtari|gecici|g3|f1|yavas|onbellek|p0,0,0,EVET,0.0042,0
h2|durum_anahtari|gecici|g3|f1|yavas|onbellek|p1,0,0,EVET,0.0042,0
h2|durum_anahtari|gecici|g3|f1|yavas|onbellek|p2,0,0,EVET,0.0042,0
h2|durum_anahtari|gecici|g3|f1|yavas|onbellek|p3,0,0,EVET,0.0066,0
h2|durum_anahtari|gecici|g3|f1|yavas|onbellek|p4,1,1,EVET,0.0156,0
h2|durum_anahtari|gecici|g3|f2|hizli|taze|p0,0,0,EVET,0.0036,0
h2|durum_anahtari|gecici|g3|f2|hizli|taze|p1,0,0,EVET,0.0035,0
h2|durum_anahtari|gecici|g3|f2|hizli|taze|p2,0,0,EVET,0.0049,0
h2|durum_anahtari|gecici|g3|f2|hizli|taze|p3,0,0,EVET,0.0079,0
h2|durum_anahtari|gecici|g3|f2|hizli|taze|p4,2,2,EVET,0.0244,0
h2|durum_anahtari|gecici|g3|f2|hizli|sabit|p0,0,0,EVET,0.0047,0
h2|durum_anahtari|gecici|g3|f2|hizli|sabit|p1,0,0,EVET,0.0029,0
h2|durum_anahtari|gecici|g3|f2|hizli|sabit|p2,0,0,EVET,0.0029,0
h2|durum_anahtari|gecici|g3|f2|hizli|sabit|p3,0,0,EVET,0.0074,0
h2|durum_anahtari|gecici|g3|f2|hizli|sabit|p4,2,2,EVET,0.0237,0
h2|durum_anahtari|gecici|g3|f2|hizli|onbellek|p0,0,0,EVET,0.0044,0
h2|durum_anahtari|gecici|g3|f2|hizli|onbellek|p1,0,0,EVET,0.0042,0
h2|durum_anahtari|gecici|g3|f2|hizli|onbellek|p2,0,0,EVET,0.0035,0
h2|durum_anahtari|gecici|g3|f2|hizli|onbellek|p3,0,0,EVET,0.0063,0
h2|durum_anahtari|gecici|g3|f2|hizli|onbellek|p4,2,2,EVET,0.0212,0
h2|durum_anahtari|gecici|g3|f2|orta|taze|p0,1,1,EVET,0.0061,0
h2|durum_anahtari|gecici|g3|f2|orta|taze|p1,1,1,EVET,0.0061,0
h2|durum_anahtari|gecici|g3|f2|orta|taze|p2,1,1,EVET,0.0061,0
h2|durum_anahtari|gecici|g3|f2|orta|taze|p3,1,1,EVET,0.0146,0
h2|durum_anahtari|gecici|g3|f2|orta|taze|p4,1,1,EVET,0.0137,0
h2|durum_anahtari|gecici|g3|f2|orta|sabit|p0,1,1,EVET,0.0061,0
h2|durum_anahtari|gecici|g3|f2|orta|sabit|p1,1,1,EVET,0.006,0
h2|durum_anahtari|gecici|g3|f2|orta|sabit|p2,1,1,EVET,0.0064,0
h2|durum_anahtari|gecici|g3|f2|orta|sabit|p3,1,1,EVET,0.0128,0
h2|durum_anahtari|gecici|g3|f2|orta|sabit|p4,1,1,EVET,0.0102,0
h2|durum_anahtari|gecici|g3|f2|orta|onbellek|p0,1,1,EVET,0.0062,0
h2|durum_anahtari|gecici|g3|f2|orta|onbellek|p1,1,1,EVET,0.0073,0
h2|durum_anahtari|gecici|g3|f2|orta|onbellek|p2,1,1,EVET,0.0069,0
h2|durum_anahtari|gecici|g3|f2|orta|onbellek|p3,1,1,EVET,0.0116,0
h2|durum_anahtari|gecici|g3|f2|orta|onbellek|p4,1,1,EVET,0.011,0
h2|durum_anahtari|gecici|g3|f2|yavas|taze|p0,1,1,EVET,0.0063,0
h2|durum_anahtari|gecici|g3|f2|yavas|taze|p1,1,1,EVET,0.006,0
h2|durum_anahtari|gecici|g3|f2|yavas|taze|p2,1,1,EVET,0.0072,0
h2|durum_anahtari|gecici|g3|f2|yavas|taze|p3,1,1,EVET,0.0137,0
h2|durum_anahtari|gecici|g3|f2|yavas|taze|p4,1,1,EVET,0.0134,0
h2|durum_anahtari|gecici|g3|f2|yavas|sabit|p0,1,1,EVET,0.0062,0
h2|durum_anahtari|gecici|g3|f2|yavas|sabit|p1,1,1,EVET,0.0058,0
h2|durum_anahtari|gecici|g3|f2|yavas|sabit|p2,1,1,EVET,0.0052,0
h2|durum_anahtari|gecici|g3|f2|yavas|sabit|p3,1,1,EVET,0.0105,0
h2|durum_anahtari|gecici|g3|f2|yavas|sabit|p4,1,1,EVET,0.01,0
h2|durum_anahtari|gecici|g3|f2|yavas|onbellek|p0,1,1,EVET,0.0072,0
h2|durum_anahtari|gecici|g3|f2|yavas|onbellek|p1,1,1,EVET,0.0071,0
h2|durum_anahtari|gecici|g3|f2|yavas|onbellek|p2,1,1,EVET,0.0073,0
h2|durum_anahtari|gecici|g3|f2|yavas|onbellek|p3,1,1,EVET,0.0133,0
h2|durum_anahtari|gecici|g3|f2|yavas|onbellek|p4,1,1,EVET,0.011,0
h2|durum_anahtari|gecici|g3|f3|hizli|taze|p0,1,1,EVET,0.0064,0
h2|durum_anahtari|gecici|g3|f3|hizli|taze|p1,1,1,EVET,0.0082,0
h2|durum_anahtari|gecici|g3|f3|hizli|taze|p2,1,1,EVET,0.0082,0
h2|durum_anahtari|gecici|g3|f3|hizli|taze|p3,1,1,EVET,0.0124,0
h2|durum_anahtari|gecici|g3|f3|hizli|taze|p4,1,1,EVET,0.0119,0
h2|durum_anahtari|gecici|g3|f3|hizli|sabit|p0,1,1,EVET,0.0067,0
h2|durum_anahtari|gecici|g3|f3|hizli|sabit|p1,1,1,EVET,0.0067,0
h2|durum_anahtari|gecici|g3|f3|hizli|sabit|p2,1,1,EVET,0.0057,0
h2|durum_anahtari|gecici|g3|f3|hizli|sabit|p3,1,1,EVET,0.0116,0
h2|durum_anahtari|gecici|g3|f3|hizli|sabit|p4,1,1,EVET,0.0132,0
h2|durum_anahtari|gecici|g3|f3|hizli|onbellek|p0,1,1,EVET,0.0077,0
h2|durum_anahtari|gecici|g3|f3|hizli|onbellek|p1,1,1,EVET,0.0077,0
h2|durum_anahtari|gecici|g3|f3|hizli|onbellek|p2,1,1,EVET,0.0073,0
h2|durum_anahtari|gecici|g3|f3|hizli|onbellek|p3,1,1,EVET,0.0153,0
h2|durum_anahtari|gecici|g3|f3|hizli|onbellek|p4,1,1,EVET,0.0148,0
h2|durum_anahtari|gecici|g3|f3|orta|taze|p0,1,1,EVET,0.0074,0
h2|durum_anahtari|gecici|g3|f3|orta|taze|p1,1,1,EVET,0.0071,0
h2|durum_anahtari|gecici|g3|f3|orta|taze|p2,1,1,EVET,0.0062,0
h2|durum_anahtari|gecici|g3|f3|orta|taze|p3,1,1,EVET,0.0123,0
h2|durum_anahtari|gecici|g3|f3|orta|taze|p4,1,1,EVET,0.0111,0
h2|durum_anahtari|gecici|g3|f3|orta|sabit|p0,1,1,EVET,0.005,0
h2|durum_anahtari|gecici|g3|f3|orta|sabit|p1,1,1,EVET,0.0061,0
h2|durum_anahtari|gecici|g3|f3|orta|sabit|p2,1,1,EVET,0.0057,0
h2|durum_anahtari|gecici|g3|f3|orta|sabit|p3,1,1,EVET,0.0132,0
h2|durum_anahtari|gecici|g3|f3|orta|sabit|p4,1,1,EVET,0.0127,0
h2|durum_anahtari|gecici|g3|f3|orta|onbellek|p0,1,1,EVET,0.0061,0
h2|durum_anahtari|gecici|g3|f3|orta|onbellek|p1,1,1,EVET,0.0061,0
h2|durum_anahtari|gecici|g3|f3|orta|onbellek|p2,1,1,EVET,0.0061,0
h2|durum_anahtari|gecici|g3|f3|orta|onbellek|p3,1,1,EVET,0.0115,0
h2|durum_anahtari|gecici|g3|f3|orta|onbellek|p4,1,1,EVET,0.0116,0
h2|durum_anahtari|gecici|g3|f3|yavas|taze|p0,1,1,EVET,0.0066,0
h2|durum_anahtari|gecici|g3|f3|yavas|taze|p1,1,1,EVET,0.007,0
h2|durum_anahtari|gecici|g3|f3|yavas|taze|p2,1,1,EVET,0.007,0
h2|durum_anahtari|gecici|g3|f3|yavas|taze|p3,1,1,EVET,0.0132,0
h2|durum_anahtari|gecici|g3|f3|yavas|taze|p4,1,1,EVET,0.0157,0
h2|durum_anahtari|gecici|g3|f3|yavas|sabit|p0,1,1,EVET,0.0059,0
h2|durum_anahtari|gecici|g3|f3|yavas|sabit|p1,1,1,EVET,0.0059,0
h2|durum_anahtari|gecici|g3|f3|yavas|sabit|p2,1,1,EVET,0.005,0
h2|durum_anahtari|gecici|g3|f3|yavas|sabit|p3,1,1,EVET,0.0143,0
h2|durum_anahtari|gecici|g3|f3|yavas|sabit|p4,1,1,EVET,0.0126,0
h2|durum_anahtari|gecici|g3|f3|yavas|onbellek|p0,1,1,EVET,0.0116,0
h2|durum_anahtari|gecici|g3|f3|yavas|onbellek|p1,1,1,EVET,0.0062,0
h2|durum_anahtari|gecici|g3|f3|yavas|onbellek|p2,1,1,EVET,0.007,0
h2|durum_anahtari|gecici|g3|f3|yavas|onbellek|p3,1,1,EVET,0.017,0
h2|durum_anahtari|gecici|g3|f3|yavas|onbellek|p4,1,1,EVET,0.0194,0
h2|durum_anahtari|gecici|g4|f1|hizli|taze|p0,0,0,EVET,0.003,0
h2|durum_anahtari|gecici|g4|f1|hizli|taze|p1,0,0,EVET,0.0029,0
h2|durum_anahtari|gecici|g4|f1|hizli|taze|p2,0,0,EVET,0.0033,0
h2|durum_anahtari|gecici|g4|f1|hizli|taze|p3,0,0,EVET,0.0043,0
h2|durum_anahtari|gecici|g4|f1|hizli|taze|p4,0,0,EVET,0.0042,0
h2|durum_anahtari|gecici|g4|f1|hizli|sabit|p0,0,0,EVET,0.0033,0
h2|durum_anahtari|gecici|g4|f1|hizli|sabit|p1,0,0,EVET,0.0035,0
h2|durum_anahtari|gecici|g4|f1|hizli|sabit|p2,0,0,EVET,0.0035,0
h2|durum_anahtari|gecici|g4|f1|hizli|sabit|p3,0,0,EVET,0.0072,0
h2|durum_anahtari|gecici|g4|f1|hizli|sabit|p4,0,0,EVET,0.0051,0
h2|durum_anahtari|gecici|g4|f1|hizli|onbellek|p0,0,0,EVET,0.0028,0
h2|durum_anahtari|gecici|g4|f1|hizli|onbellek|p1,0,0,EVET,0.0026,0
h2|durum_anahtari|gecici|g4|f1|hizli|onbellek|p2,0,0,EVET,0.0027,0
h2|durum_anahtari|gecici|g4|f1|hizli|onbellek|p3,0,0,EVET,0.0037,0
h2|durum_anahtari|gecici|g4|f1|hizli|onbellek|p4,0,0,EVET,0.007,0
h2|durum_anahtari|gecici|g4|f1|orta|taze|p0,0,0,EVET,0.0035,0
h2|durum_anahtari|gecici|g4|f1|orta|taze|p1,0,0,EVET,0.0028,0
h2|durum_anahtari|gecici|g4|f1|orta|taze|p2,0,0,EVET,0.0027,0
h2|durum_anahtari|gecici|g4|f1|orta|taze|p3,0,0,EVET,0.0058,0
h2|durum_anahtari|gecici|g4|f1|orta|taze|p4,0,0,EVET,0.0037,0
h2|durum_anahtari|gecici|g4|f1|orta|sabit|p0,0,0,EVET,0.0038,0
h2|durum_anahtari|gecici|g4|f1|orta|sabit|p1,0,0,EVET,0.0044,0
h2|durum_anahtari|gecici|g4|f1|orta|sabit|p2,0,0,EVET,0.0027,0
h2|durum_anahtari|gecici|g4|f1|orta|sabit|p3,0,0,EVET,0.0046,0
h2|durum_anahtari|gecici|g4|f1|orta|sabit|p4,0,0,EVET,0.0055,0
h2|durum_anahtari|gecici|g4|f1|orta|onbellek|p0,0,0,EVET,0.0034,0
h2|durum_anahtari|gecici|g4|f1|orta|onbellek|p1,0,0,EVET,0.0032,0
h2|durum_anahtari|gecici|g4|f1|orta|onbellek|p2,0,0,EVET,0.0035,0
h2|durum_anahtari|gecici|g4|f1|orta|onbellek|p3,0,0,EVET,0.0037,0
h2|durum_anahtari|gecici|g4|f1|orta|onbellek|p4,0,0,EVET,0.0045,0
h2|durum_anahtari|gecici|g4|f1|yavas|taze|p0,0,0,EVET,0.0029,0
h2|durum_anahtari|gecici|g4|f1|yavas|taze|p1,0,0,EVET,0.0028,0
h2|durum_anahtari|gecici|g4|f1|yavas|taze|p2,0,0,EVET,0.0034,0
h2|durum_anahtari|gecici|g4|f1|yavas|taze|p3,0,0,EVET,0.0038,0
h2|durum_anahtari|gecici|g4|f1|yavas|taze|p4,0,0,EVET,0.0042,0
h2|durum_anahtari|gecici|g4|f1|yavas|sabit|p0,0,0,EVET,0.0039,0
h2|durum_anahtari|gecici|g4|f1|yavas|sabit|p1,0,0,EVET,0.0035,0
h2|durum_anahtari|gecici|g4|f1|yavas|sabit|p2,0,0,EVET,0.0033,0
h2|durum_anahtari|gecici|g4|f1|yavas|sabit|p3,0,0,EVET,0.0041,0
h2|durum_anahtari|gecici|g4|f1|yavas|sabit|p4,0,0,EVET,0.0036,0
h2|durum_anahtari|gecici|g4|f1|yavas|onbellek|p0,0,0,EVET,0.0033,0
h2|durum_anahtari|gecici|g4|f1|yavas|onbellek|p1,0,0,EVET,0.0032,0
h2|durum_anahtari|gecici|g4|f1|yavas|onbellek|p2,0,0,EVET,0.0027,0
h2|durum_anahtari|gecici|g4|f1|yavas|onbellek|p3,0,0,EVET,0.0037,0
h2|durum_anahtari|gecici|g4|f1|yavas|onbellek|p4,0,0,EVET,0.0054,0
h2|durum_anahtari|gecici|g4|f2|hizli|taze|p0,0,0,EVET,0.0038,0
h2|durum_anahtari|gecici|g4|f2|hizli|taze|p1,0,0,EVET,0.0036,0
h2|durum_anahtari|gecici|g4|f2|hizli|taze|p2,0,0,EVET,0.0032,0
h2|durum_anahtari|gecici|g4|f2|hizli|taze|p3,0,0,EVET,0.0047,0
h2|durum_anahtari|gecici|g4|f2|hizli|taze|p4,0,0,EVET,0.0044,0
h2|durum_anahtari|gecici|g4|f2|hizli|sabit|p0,0,0,EVET,0.0026,0
h2|durum_anahtari|gecici|g4|f2|hizli|sabit|p1,0,0,EVET,0.0042,0
h2|durum_anahtari|gecici|g4|f2|hizli|sabit|p2,0,0,EVET,0.0053,0
h2|durum_anahtari|gecici|g4|f2|hizli|sabit|p3,0,0,EVET,0.0043,0
h2|durum_anahtari|gecici|g4|f2|hizli|sabit|p4,0,0,EVET,0.0043,0
h2|durum_anahtari|gecici|g4|f2|hizli|onbellek|p0,0,0,EVET,0.0034,0
h2|durum_anahtari|gecici|g4|f2|hizli|onbellek|p1,0,0,EVET,0.0026,0
h2|durum_anahtari|gecici|g4|f2|hizli|onbellek|p2,0,0,EVET,0.0028,0
h2|durum_anahtari|gecici|g4|f2|hizli|onbellek|p3,0,0,EVET,0.0047,0
h2|durum_anahtari|gecici|g4|f2|hizli|onbellek|p4,0,0,EVET,0.0046,0
h2|durum_anahtari|gecici|g4|f2|orta|taze|p0,0,0,EVET,0.0035,0
h2|durum_anahtari|gecici|g4|f2|orta|taze|p1,0,0,EVET,0.0026,0
h2|durum_anahtari|gecici|g4|f2|orta|taze|p2,0,0,EVET,0.0035,0
h2|durum_anahtari|gecici|g4|f2|orta|taze|p3,0,0,EVET,0.0058,0
h2|durum_anahtari|gecici|g4|f2|orta|taze|p4,0,0,EVET,0.0056,0
h2|durum_anahtari|gecici|g4|f2|orta|sabit|p0,0,0,EVET,0.0033,0
h2|durum_anahtari|gecici|g4|f2|orta|sabit|p1,0,0,EVET,0.0032,0
h2|durum_anahtari|gecici|g4|f2|orta|sabit|p2,0,0,EVET,0.0033,0
h2|durum_anahtari|gecici|g4|f2|orta|sabit|p3,0,0,EVET,0.0052,0
h2|durum_anahtari|gecici|g4|f2|orta|sabit|p4,0,0,EVET,0.0051,0
h2|durum_anahtari|gecici|g4|f2|orta|onbellek|p0,0,0,EVET,0.0046,0
h2|durum_anahtari|gecici|g4|f2|orta|onbellek|p1,0,0,EVET,0.0031,0
h2|durum_anahtari|gecici|g4|f2|orta|onbellek|p2,0,0,EVET,0.0027,0
h2|durum_anahtari|gecici|g4|f2|orta|onbellek|p3,0,0,EVET,0.0035,0
h2|durum_anahtari|gecici|g4|f2|orta|onbellek|p4,0,0,EVET,0.0046,0
h2|durum_anahtari|gecici|g4|f2|yavas|taze|p0,0,0,EVET,0.0032,0
h2|durum_anahtari|gecici|g4|f2|yavas|taze|p1,0,0,EVET,0.0027,0
h2|durum_anahtari|gecici|g4|f2|yavas|taze|p2,0,0,EVET,0.0025,0
h2|durum_anahtari|gecici|g4|f2|yavas|taze|p3,0,0,EVET,0.005,0
h2|durum_anahtari|gecici|g4|f2|yavas|taze|p4,0,0,EVET,0.0044,0
h2|durum_anahtari|gecici|g4|f2|yavas|sabit|p0,0,0,EVET,0.0027,0
h2|durum_anahtari|gecici|g4|f2|yavas|sabit|p1,0,0,EVET,0.0026,0
h2|durum_anahtari|gecici|g4|f2|yavas|sabit|p2,0,0,EVET,0.0035,0
h2|durum_anahtari|gecici|g4|f2|yavas|sabit|p3,0,0,EVET,0.0054,0
h2|durum_anahtari|gecici|g4|f2|yavas|sabit|p4,0,0,EVET,0.0053,0
h2|durum_anahtari|gecici|g4|f2|yavas|onbellek|p0,0,0,EVET,0.0027,0
h2|durum_anahtari|gecici|g4|f2|yavas|onbellek|p1,0,0,EVET,0.0033,0
h2|durum_anahtari|gecici|g4|f2|yavas|onbellek|p2,0,0,EVET,0.003,0
h2|durum_anahtari|gecici|g4|f2|yavas|onbellek|p3,0,0,EVET,0.0035,0
h2|durum_anahtari|gecici|g4|f2|yavas|onbellek|p4,0,0,EVET,0.0034,0
h2|durum_anahtari|gecici|g4|f3|hizli|taze|p0,0,0,EVET,0.0031,0
h2|durum_anahtari|gecici|g4|f3|hizli|taze|p1,0,0,EVET,0.0034,0
h2|durum_anahtari|gecici|g4|f3|hizli|taze|p2,0,0,EVET,0.0026,0
h2|durum_anahtari|gecici|g4|f3|hizli|taze|p3,0,0,EVET,0.0036,0
h2|durum_anahtari|gecici|g4|f3|hizli|taze|p4,0,0,EVET,0.0045,0
h2|durum_anahtari|gecici|g4|f3|hizli|sabit|p0,0,0,EVET,0.0032,0
h2|durum_anahtari|gecici|g4|f3|hizli|sabit|p1,0,0,EVET,0.0041,0
h2|durum_anahtari|gecici|g4|f3|hizli|sabit|p2,0,0,EVET,0.0031,0
h2|durum_anahtari|gecici|g4|f3|hizli|sabit|p3,0,0,EVET,0.0048,0
h2|durum_anahtari|gecici|g4|f3|hizli|sabit|p4,0,0,EVET,0.0046,0
h2|durum_anahtari|gecici|g4|f3|hizli|onbellek|p0,0,0,EVET,0.0026,0
h2|durum_anahtari|gecici|g4|f3|hizli|onbellek|p1,0,0,EVET,0.0026,0
h2|durum_anahtari|gecici|g4|f3|hizli|onbellek|p2,0,0,EVET,0.0031,0
h2|durum_anahtari|gecici|g4|f3|hizli|onbellek|p3,0,0,EVET,0.0044,0
h2|durum_anahtari|gecici|g4|f3|hizli|onbellek|p4,0,0,EVET,0.0048,0
h2|durum_anahtari|gecici|g4|f3|orta|taze|p0,0,0,EVET,0.0031,0
h2|durum_anahtari|gecici|g4|f3|orta|taze|p1,0,0,EVET,0.0026,0
h2|durum_anahtari|gecici|g4|f3|orta|taze|p2,0,0,EVET,0.0026,0
h2|durum_anahtari|gecici|g4|f3|orta|taze|p3,0,0,EVET,0.0036,0
h2|durum_anahtari|gecici|g4|f3|orta|taze|p4,0,0,EVET,0.0034,0
h2|durum_anahtari|gecici|g4|f3|orta|sabit|p0,0,0,EVET,0.0036,0
h2|durum_anahtari|gecici|g4|f3|orta|sabit|p1,0,0,EVET,0.003,0
h2|durum_anahtari|gecici|g4|f3|orta|sabit|p2,0,0,EVET,0.0026,0
h2|durum_anahtari|gecici|g4|f3|orta|sabit|p3,0,0,EVET,0.0035,0
h2|durum_anahtari|gecici|g4|f3|orta|sabit|p4,0,0,EVET,0.0047,0
h2|durum_anahtari|gecici|g4|f3|orta|onbellek|p0,0,0,EVET,0.0033,0
h2|durum_anahtari|gecici|g4|f3|orta|onbellek|p1,0,0,EVET,0.0031,0
h2|durum_anahtari|gecici|g4|f3|orta|onbellek|p2,0,0,EVET,0.0031,0
h2|durum_anahtari|gecici|g4|f3|orta|onbellek|p3,0,0,EVET,0.0036,0
h2|durum_anahtari|gecici|g4|f3|orta|onbellek|p4,0,0,EVET,0.0043,0
h2|durum_anahtari|gecici|g4|f3|yavas|taze|p0,0,0,EVET,0.0038,0
h2|durum_anahtari|gecici|g4|f3|yavas|taze|p1,0,0,EVET,0.0042,0
h2|durum_anahtari|gecici|g4|f3|yavas|taze|p2,0,0,EVET,0.0025,0
h2|durum_anahtari|gecici|g4|f3|yavas|taze|p3,0,0,EVET,0.0035,0
h2|durum_anahtari|gecici|g4|f3|yavas|taze|p4,0,0,EVET,0.0034,0
h2|durum_anahtari|gecici|g4|f3|yavas|sabit|p0,0,0,EVET,0.0024,0
h2|durum_anahtari|gecici|g4|f3|yavas|sabit|p1,0,0,EVET,0.0031,0
h2|durum_anahtari|gecici|g4|f3|yavas|sabit|p2,0,0,EVET,0.0033,0
h2|durum_anahtari|gecici|g4|f3|yavas|sabit|p3,0,0,EVET,0.0035,0
h2|durum_anahtari|gecici|g4|f3|yavas|sabit|p4,0,0,EVET,0.0034,0
h2|durum_anahtari|gecici|g4|f3|yavas|onbellek|p0,0,0,EVET,0.0033,0
h2|durum_anahtari|gecici|g4|f3|yavas|onbellek|p1,0,0,EVET,0.0033,0
h2|durum_anahtari|gecici|g4|f3|yavas|onbellek|p2,0,0,EVET,0.0032,0
h2|durum_anahtari|gecici|g4|f3|yavas|onbellek|p3,0,0,EVET,0.0055,0
h2|durum_anahtari|gecici|g4|f3|yavas|onbellek|p4,0,0,EVET,0.0036,0
h2|durum_anahtari|gecici|tum|f1|hizli|taze|p0,0,0,EVET,0.0074,0
h2|durum_anahtari|gecici|tum|f1|hizli|taze|p1,0,0,EVET,0.0087,0
h2|durum_anahtari|gecici|tum|f1|hizli|taze|p2,0,0,EVET,0.008,0
h2|durum_anahtari|gecici|tum|f1|hizli|taze|p3,0,0,EVET,0.0102,0
h2|durum_anahtari|gecici|tum|f1|hizli|taze|p4,0,0,EVET,0.011,0
h2|durum_anahtari|gecici|tum|f1|hizli|sabit|p0,0,0,EVET,0.0065,0
h2|durum_anahtari|gecici|tum|f1|hizli|sabit|p1,0,0,EVET,0.0066,0
h2|durum_anahtari|gecici|tum|f1|hizli|sabit|p2,0,0,EVET,0.0066,0
h2|durum_anahtari|gecici|tum|f1|hizli|sabit|p3,0,0,EVET,0.0141,0
h2|durum_anahtari|gecici|tum|f1|hizli|sabit|p4,0,0,EVET,0.0098,0
h2|durum_anahtari|gecici|tum|f1|hizli|onbellek|p0,0,0,EVET,0.0065,0
h2|durum_anahtari|gecici|tum|f1|hizli|onbellek|p1,0,0,EVET,0.0088,0
h2|durum_anahtari|gecici|tum|f1|hizli|onbellek|p2,0,0,EVET,0.0067,0
h2|durum_anahtari|gecici|tum|f1|hizli|onbellek|p3,0,0,EVET,0.0136,0
h2|durum_anahtari|gecici|tum|f1|hizli|onbellek|p4,0,0,EVET,0.0124,0
h2|durum_anahtari|gecici|tum|f1|orta|taze|p0,0,0,EVET,0.0071,0
h2|durum_anahtari|gecici|tum|f1|orta|taze|p1,0,0,EVET,0.0085,0
h2|durum_anahtari|gecici|tum|f1|orta|taze|p2,0,0,EVET,0.0081,0
h2|durum_anahtari|gecici|tum|f1|orta|taze|p3,0,0,EVET,0.0132,0
h2|durum_anahtari|gecici|tum|f1|orta|taze|p4,0,0,EVET,0.0122,0
h2|durum_anahtari|gecici|tum|f1|orta|sabit|p0,0,0,EVET,0.0081,0
h2|durum_anahtari|gecici|tum|f1|orta|sabit|p1,0,0,EVET,0.0072,0
h2|durum_anahtari|gecici|tum|f1|orta|sabit|p2,0,0,EVET,0.0064,0
h2|durum_anahtari|gecici|tum|f1|orta|sabit|p3,0,0,EVET,0.0107,0
h2|durum_anahtari|gecici|tum|f1|orta|sabit|p4,0,0,EVET,0.0126,0
h2|durum_anahtari|gecici|tum|f1|orta|onbellek|p0,0,0,EVET,0.0077,0
h2|durum_anahtari|gecici|tum|f1|orta|onbellek|p1,0,0,EVET,0.0083,0
h2|durum_anahtari|gecici|tum|f1|orta|onbellek|p2,0,0,EVET,0.0065,0
h2|durum_anahtari|gecici|tum|f1|orta|onbellek|p3,0,0,EVET,0.0107,0
h2|durum_anahtari|gecici|tum|f1|orta|onbellek|p4,0,0,EVET,0.0121,0
h2|durum_anahtari|gecici|tum|f1|yavas|taze|p0,0,0,EVET,0.0075,0
h2|durum_anahtari|gecici|tum|f1|yavas|taze|p1,0,0,EVET,0.0067,0
h2|durum_anahtari|gecici|tum|f1|yavas|taze|p2,0,0,EVET,0.0065,0
h2|durum_anahtari|gecici|tum|f1|yavas|taze|p3,0,0,EVET,0.0146,0
h2|durum_anahtari|gecici|tum|f1|yavas|taze|p4,0,0,EVET,0.0135,0
h2|durum_anahtari|gecici|tum|f1|yavas|sabit|p0,0,0,EVET,0.0079,0
h2|durum_anahtari|gecici|tum|f1|yavas|sabit|p1,0,0,EVET,0.0059,0
h2|durum_anahtari|gecici|tum|f1|yavas|sabit|p2,0,0,EVET,0.0064,0
h2|durum_anahtari|gecici|tum|f1|yavas|sabit|p3,0,0,EVET,0.0118,0
h2|durum_anahtari|gecici|tum|f1|yavas|sabit|p4,0,0,EVET,0.0132,0
h2|durum_anahtari|gecici|tum|f1|yavas|onbellek|p0,0,0,EVET,0.0081,0
h2|durum_anahtari|gecici|tum|f1|yavas|onbellek|p1,0,0,EVET,0.0066,0
h2|durum_anahtari|gecici|tum|f1|yavas|onbellek|p2,0,0,EVET,0.0065,0
h2|durum_anahtari|gecici|tum|f1|yavas|onbellek|p3,0,0,EVET,0.0129,0
h2|durum_anahtari|gecici|tum|f1|yavas|onbellek|p4,0,0,EVET,0.0115,0
h2|durum_anahtari|gecici|tum|f2|hizli|taze|p0,0,0,EVET,0.0065,0
h2|durum_anahtari|gecici|tum|f2|hizli|taze|p1,0,0,EVET,0.0062,0
h2|durum_anahtari|gecici|tum|f2|hizli|taze|p2,0,0,EVET,0.0063,0
h2|durum_anahtari|gecici|tum|f2|hizli|taze|p3,0,0,EVET,0.0105,0
h2|durum_anahtari|gecici|tum|f2|hizli|taze|p4,0,0,EVET,0.0109,0
h2|durum_anahtari|gecici|tum|f2|hizli|sabit|p0,0,0,EVET,0.0062,0
h2|durum_anahtari|gecici|tum|f2|hizli|sabit|p1,0,0,EVET,0.0072,0
h2|durum_anahtari|gecici|tum|f2|hizli|sabit|p2,0,0,EVET,0.0069,0
h2|durum_anahtari|gecici|tum|f2|hizli|sabit|p3,0,0,EVET,0.0106,0
h2|durum_anahtari|gecici|tum|f2|hizli|sabit|p4,0,0,EVET,0.0096,0
h2|durum_anahtari|gecici|tum|f2|hizli|onbellek|p0,0,0,EVET,0.0063,0
h2|durum_anahtari|gecici|tum|f2|hizli|onbellek|p1,0,0,EVET,0.0062,0
h2|durum_anahtari|gecici|tum|f2|hizli|onbellek|p2,0,0,EVET,0.0072,0
h2|durum_anahtari|gecici|tum|f2|hizli|onbellek|p3,0,0,EVET,0.0117,0
h2|durum_anahtari|gecici|tum|f2|hizli|onbellek|p4,0,0,EVET,0.01,0
h2|durum_anahtari|gecici|tum|f2|orta|taze|p0,0,0,EVET,0.0063,0
h2|durum_anahtari|gecici|tum|f2|orta|taze|p1,0,0,EVET,0.0077,0
h2|durum_anahtari|gecici|tum|f2|orta|taze|p2,0,0,EVET,0.0079,0
h2|durum_anahtari|gecici|tum|f2|orta|taze|p3,0,0,EVET,0.0143,0
h2|durum_anahtari|gecici|tum|f2|orta|taze|p4,0,0,EVET,0.0122,0
h2|durum_anahtari|gecici|tum|f2|orta|sabit|p0,0,0,EVET,0.0055,0
h2|durum_anahtari|gecici|tum|f2|orta|sabit|p1,0,0,EVET,0.0054,0
h2|durum_anahtari|gecici|tum|f2|orta|sabit|p2,0,0,EVET,0.0068,0
h2|durum_anahtari|gecici|tum|f2|orta|sabit|p3,0,0,EVET,0.012,0
h2|durum_anahtari|gecici|tum|f2|orta|sabit|p4,0,0,EVET,0.0096,0
h2|durum_anahtari|gecici|tum|f2|orta|onbellek|p0,0,0,EVET,0.0062,0
h2|durum_anahtari|gecici|tum|f2|orta|onbellek|p1,0,0,EVET,0.0069,0
h2|durum_anahtari|gecici|tum|f2|orta|onbellek|p2,0,0,EVET,0.007,0
h2|durum_anahtari|gecici|tum|f2|orta|onbellek|p3,0,0,EVET,0.0128,0
h2|durum_anahtari|gecici|tum|f2|orta|onbellek|p4,0,0,EVET,0.0116,0
h2|durum_anahtari|gecici|tum|f2|yavas|taze|p0,0,0,EVET,0.0064,0
h2|durum_anahtari|gecici|tum|f2|yavas|taze|p1,0,0,EVET,0.0062,0
h2|durum_anahtari|gecici|tum|f2|yavas|taze|p2,0,0,EVET,0.0063,0
h2|durum_anahtari|gecici|tum|f2|yavas|taze|p3,0,0,EVET,0.0105,0
h2|durum_anahtari|gecici|tum|f2|yavas|taze|p4,0,0,EVET,0.0097,0
h2|durum_anahtari|gecici|tum|f2|yavas|sabit|p0,0,0,EVET,0.0055,0
h2|durum_anahtari|gecici|tum|f2|yavas|sabit|p1,0,0,EVET,0.0061,0
h2|durum_anahtari|gecici|tum|f2|yavas|sabit|p2,0,0,EVET,0.0061,0
h2|durum_anahtari|gecici|tum|f2|yavas|sabit|p3,0,0,EVET,0.0128,0
h2|durum_anahtari|gecici|tum|f2|yavas|sabit|p4,0,0,EVET,0.0112,0
h2|durum_anahtari|gecici|tum|f2|yavas|onbellek|p0,0,0,EVET,0.007,0
h2|durum_anahtari|gecici|tum|f2|yavas|onbellek|p1,0,0,EVET,0.0072,0
h2|durum_anahtari|gecici|tum|f2|yavas|onbellek|p2,0,0,EVET,0.0066,0
h2|durum_anahtari|gecici|tum|f2|yavas|onbellek|p3,0,0,EVET,0.0104,0
h2|durum_anahtari|gecici|tum|f2|yavas|onbellek|p4,0,0,EVET,0.0112,0
h2|durum_anahtari|gecici|tum|f3|hizli|taze|p0,0,0,EVET,0.007,0
h2|durum_anahtari|gecici|tum|f3|hizli|taze|p1,0,0,EVET,0.0062,0
h2|durum_anahtari|gecici|tum|f3|hizli|taze|p2,0,0,EVET,0.0068,0
h2|durum_anahtari|gecici|tum|f3|hizli|taze|p3,0,0,EVET,0.013,0
h2|durum_anahtari|gecici|tum|f3|hizli|taze|p4,0,0,EVET,0.0114,0
h2|durum_anahtari|gecici|tum|f3|hizli|sabit|p0,0,0,EVET,0.0061,0
h2|durum_anahtari|gecici|tum|f3|hizli|sabit|p1,0,0,EVET,0.0061,0
h2|durum_anahtari|gecici|tum|f3|hizli|sabit|p2,0,0,EVET,0.0056,0
h2|durum_anahtari|gecici|tum|f3|hizli|sabit|p3,0,0,EVET,0.0103,0
h2|durum_anahtari|gecici|tum|f3|hizli|sabit|p4,0,0,EVET,0.0094,0
h2|durum_anahtari|gecici|tum|f3|hizli|onbellek|p0,0,0,EVET,0.0063,0
h2|durum_anahtari|gecici|tum|f3|hizli|onbellek|p1,0,0,EVET,0.0073,0
h2|durum_anahtari|gecici|tum|f3|hizli|onbellek|p2,0,0,EVET,0.0072,0
h2|durum_anahtari|gecici|tum|f3|hizli|onbellek|p3,0,0,EVET,0.0103,0
h2|durum_anahtari|gecici|tum|f3|hizli|onbellek|p4,0,0,EVET,0.0093,0
h2|durum_anahtari|gecici|tum|f3|orta|taze|p0,0,0,EVET,0.0076,0
h2|durum_anahtari|gecici|tum|f3|orta|taze|p1,0,0,EVET,0.0081,0
h2|durum_anahtari|gecici|tum|f3|orta|taze|p2,0,0,EVET,0.0063,0
h2|durum_anahtari|gecici|tum|f3|orta|taze|p3,0,0,EVET,0.0102,0
h2|durum_anahtari|gecici|tum|f3|orta|taze|p4,0,0,EVET,0.0112,0
h2|durum_anahtari|gecici|tum|f3|orta|sabit|p0,0,0,EVET,0.0063,0
h2|durum_anahtari|gecici|tum|f3|orta|sabit|p1,0,0,EVET,0.0062,0
h2|durum_anahtari|gecici|tum|f3|orta|sabit|p2,0,0,EVET,0.0061,0
h2|durum_anahtari|gecici|tum|f3|orta|sabit|p3,0,0,EVET,0.0127,0
h2|durum_anahtari|gecici|tum|f3|orta|sabit|p4,0,0,EVET,0.0114,0
h2|durum_anahtari|gecici|tum|f3|orta|onbellek|p0,0,0,EVET,0.0062,0
h2|durum_anahtari|gecici|tum|f3|orta|onbellek|p1,0,0,EVET,0.0062,0
h2|durum_anahtari|gecici|tum|f3|orta|onbellek|p2,0,0,EVET,0.0061,0
h2|durum_anahtari|gecici|tum|f3|orta|onbellek|p3,0,0,EVET,0.0102,0
h2|durum_anahtari|gecici|tum|f3|orta|onbellek|p4,0,0,EVET,0.0113,0
h2|durum_anahtari|gecici|tum|f3|yavas|taze|p0,0,0,EVET,0.007,0
h2|durum_anahtari|gecici|tum|f3|yavas|taze|p1,0,0,EVET,0.0075,0
h2|durum_anahtari|gecici|tum|f3|yavas|taze|p2,0,0,EVET,0.0068,0
h2|durum_anahtari|gecici|tum|f3|yavas|taze|p3,0,0,EVET,0.0135,0
h2|durum_anahtari|gecici|tum|f3|yavas|taze|p4,0,0,EVET,0.0109,0
h2|durum_anahtari|gecici|tum|f3|yavas|sabit|p0,0,0,EVET,0.006,0
h2|durum_anahtari|gecici|tum|f3|yavas|sabit|p1,0,0,EVET,0.006,0
h2|durum_anahtari|gecici|tum|f3|yavas|sabit|p2,0,0,EVET,0.0055,0
h2|durum_anahtari|gecici|tum|f3|yavas|sabit|p3,0,0,EVET,0.0102,0
h2|durum_anahtari|gecici|tum|f3|yavas|sabit|p4,0,0,EVET,0.0093,0
h2|durum_anahtari|gecici|tum|f3|yavas|onbellek|p0,0,0,EVET,0.0063,0
h2|durum_anahtari|gecici|tum|f3|yavas|onbellek|p1,0,0,EVET,0.0061,0
h2|durum_anahtari|gecici|tum|f3|yavas|onbellek|p2,0,0,EVET,0.0061,0
h2|durum_anahtari|gecici|tum|f3|yavas|onbellek|p3,0,0,EVET,0.0121,0
h2|durum_anahtari|gecici|tum|f3|yavas|onbellek|p4,0,0,EVET,0.0113,0
h2|ihracci_anahtari|gunluk|g1|f1|hizli|taze|p0,0,0,EVET,0.004,0
h2|ihracci_anahtari|gunluk|g1|f1|hizli|taze|p1,0,0,EVET,0.004,0
h2|ihracci_anahtari|gunluk|g1|f1|hizli|taze|p2,0,0,EVET,0.005,0
h2|ihracci_anahtari|gunluk|g1|f1|hizli|taze|p3,0,0,EVET,0.0091,0
h2|ihracci_anahtari|gunluk|g1|f1|hizli|taze|p4,2,2,EVET,0.0354,0
h2|ihracci_anahtari|gunluk|g1|f1|hizli|sabit|p0,0,0,EVET,0.0041,0
h2|ihracci_anahtari|gunluk|g1|f1|hizli|sabit|p1,0,0,EVET,0.0039,0
h2|ihracci_anahtari|gunluk|g1|f1|hizli|sabit|p2,0,0,EVET,0.004,0
h2|ihracci_anahtari|gunluk|g1|f1|hizli|sabit|p3,0,0,EVET,0.0085,0
h2|ihracci_anahtari|gunluk|g1|f1|hizli|sabit|p4,2,2,EVET,0.0387,0
h2|ihracci_anahtari|gunluk|g1|f1|hizli|onbellek|p0,0,0,EVET,0.0044,0
h2|ihracci_anahtari|gunluk|g1|f1|hizli|onbellek|p1,0,0,EVET,0.0048,0
h2|ihracci_anahtari|gunluk|g1|f1|hizli|onbellek|p2,0,0,EVET,0.0041,0
h2|ihracci_anahtari|gunluk|g1|f1|hizli|onbellek|p3,0,0,EVET,0.0072,0
h2|ihracci_anahtari|gunluk|g1|f1|hizli|onbellek|p4,2,2,EVET,0.0326,0
h2|ihracci_anahtari|gunluk|g1|f1|orta|taze|p0,0,0,EVET,0.004,0
h2|ihracci_anahtari|gunluk|g1|f1|orta|taze|p1,0,0,EVET,0.0046,0
h2|ihracci_anahtari|gunluk|g1|f1|orta|taze|p2,0,0,EVET,0.0053,0
h2|ihracci_anahtari|gunluk|g1|f1|orta|taze|p3,0,0,EVET,0.0082,0
h2|ihracci_anahtari|gunluk|g1|f1|orta|taze|p4,2,2,EVET,0.0319,0
h2|ihracci_anahtari|gunluk|g1|f1|orta|sabit|p0,0,0,EVET,0.0034,0
h2|ihracci_anahtari|gunluk|g1|f1|orta|sabit|p1,0,0,EVET,0.0031,0
h2|ihracci_anahtari|gunluk|g1|f1|orta|sabit|p2,0,0,EVET,0.0043,0
h2|ihracci_anahtari|gunluk|g1|f1|orta|sabit|p3,0,0,EVET,0.008,0
h2|ihracci_anahtari|gunluk|g1|f1|orta|sabit|p4,2,2,EVET,0.0379,0
h2|ihracci_anahtari|gunluk|g1|f1|orta|onbellek|p0,0,0,EVET,0.0041,0
h2|ihracci_anahtari|gunluk|g1|f1|orta|onbellek|p1,0,0,EVET,0.0048,0
h2|ihracci_anahtari|gunluk|g1|f1|orta|onbellek|p2,0,0,EVET,0.0046,0
h2|ihracci_anahtari|gunluk|g1|f1|orta|onbellek|p3,0,0,EVET,0.0083,0
h2|ihracci_anahtari|gunluk|g1|f1|orta|onbellek|p4,2,2,EVET,0.032,0
h2|ihracci_anahtari|gunluk|g1|f1|yavas|taze|p0,0,0,EVET,0.004,0
h2|ihracci_anahtari|gunluk|g1|f1|yavas|taze|p1,0,0,EVET,0.0039,0
h2|ihracci_anahtari|gunluk|g1|f1|yavas|taze|p2,0,0,EVET,0.0039,0
h2|ihracci_anahtari|gunluk|g1|f1|yavas|taze|p3,0,0,EVET,0.007,0
h2|ihracci_anahtari|gunluk|g1|f1|yavas|taze|p4,2,2,EVET,0.0343,0
h2|ihracci_anahtari|gunluk|g1|f1|yavas|sabit|p0,0,0,EVET,0.0025,0
h2|ihracci_anahtari|gunluk|g1|f1|yavas|sabit|p1,0,0,EVET,0.0039,0
h2|ihracci_anahtari|gunluk|g1|f1|yavas|sabit|p2,0,0,EVET,0.004,0
h2|ihracci_anahtari|gunluk|g1|f1|yavas|sabit|p3,0,0,EVET,0.0078,0
h2|ihracci_anahtari|gunluk|g1|f1|yavas|sabit|p4,2,2,EVET,0.0302,0
h2|ihracci_anahtari|gunluk|g1|f1|yavas|onbellek|p0,0,0,EVET,0.0046,0
h2|ihracci_anahtari|gunluk|g1|f1|yavas|onbellek|p1,0,0,EVET,0.0047,0
h2|ihracci_anahtari|gunluk|g1|f1|yavas|onbellek|p2,0,0,EVET,0.0052,0
h2|ihracci_anahtari|gunluk|g1|f1|yavas|onbellek|p3,0,0,EVET,0.0081,0
h2|ihracci_anahtari|gunluk|g1|f1|yavas|onbellek|p4,2,2,EVET,0.0452,0
h2|ihracci_anahtari|gunluk|g1|f2|hizli|taze|p0,0,0,EVET,0.003,0
h2|ihracci_anahtari|gunluk|g1|f2|hizli|taze|p1,0,0,EVET,0.0047,0
h2|ihracci_anahtari|gunluk|g1|f2|hizli|taze|p2,0,0,EVET,0.0048,0
h2|ihracci_anahtari|gunluk|g1|f2|hizli|taze|p3,0,0,EVET,0.007,0
h2|ihracci_anahtari|gunluk|g1|f2|hizli|taze|p4,2,2,EVET,0.0178,0
h2|ihracci_anahtari|gunluk|g1|f2|hizli|sabit|p0,0,0,EVET,0.0038,0
h2|ihracci_anahtari|gunluk|g1|f2|hizli|sabit|p1,0,0,EVET,0.0029,0
h2|ihracci_anahtari|gunluk|g1|f2|hizli|sabit|p2,0,0,EVET,0.0039,0
h2|ihracci_anahtari|gunluk|g1|f2|hizli|sabit|p3,0,0,EVET,0.0064,0
h2|ihracci_anahtari|gunluk|g1|f2|hizli|sabit|p4,2,2,EVET,0.0165,0
h2|ihracci_anahtari|gunluk|g1|f2|hizli|onbellek|p0,0,0,EVET,0.0029,0
h2|ihracci_anahtari|gunluk|g1|f2|hizli|onbellek|p1,0,0,EVET,0.0042,0
h2|ihracci_anahtari|gunluk|g1|f2|hizli|onbellek|p2,0,0,EVET,0.0035,0
h2|ihracci_anahtari|gunluk|g1|f2|hizli|onbellek|p3,0,0,EVET,0.0063,0
h2|ihracci_anahtari|gunluk|g1|f2|hizli|onbellek|p4,2,2,EVET,0.0232,0
h2|ihracci_anahtari|gunluk|g1|f2|orta|taze|p0,0,0,EVET,0.004,0
h2|ihracci_anahtari|gunluk|g1|f2|orta|taze|p1,0,0,EVET,0.0037,0
h2|ihracci_anahtari|gunluk|g1|f2|orta|taze|p2,0,0,EVET,0.0043,0
h2|ihracci_anahtari|gunluk|g1|f2|orta|taze|p3,0,0,EVET,0.0068,0
h2|ihracci_anahtari|gunluk|g1|f2|orta|taze|p4,2,2,EVET,0.0217,0
h2|ihracci_anahtari|gunluk|g1|f2|orta|sabit|p0,0,0,EVET,0.0023,0
h2|ihracci_anahtari|gunluk|g1|f2|orta|sabit|p1,0,0,EVET,0.0029,0
h2|ihracci_anahtari|gunluk|g1|f2|orta|sabit|p2,0,0,EVET,0.0029,0
h2|ihracci_anahtari|gunluk|g1|f2|orta|sabit|p3,0,0,EVET,0.0053,0
h2|ihracci_anahtari|gunluk|g1|f2|orta|sabit|p4,2,2,EVET,0.0156,0
h2|ihracci_anahtari|gunluk|g1|f2|orta|onbellek|p0,0,0,EVET,0.0044,0
h2|ihracci_anahtari|gunluk|g1|f2|orta|onbellek|p1,0,0,EVET,0.0034,0
h2|ihracci_anahtari|gunluk|g1|f2|orta|onbellek|p2,0,0,EVET,0.0031,0
h2|ihracci_anahtari|gunluk|g1|f2|orta|onbellek|p3,0,0,EVET,0.0053,0
h2|ihracci_anahtari|gunluk|g1|f2|orta|onbellek|p4,2,2,EVET,0.0214,0
h2|ihracci_anahtari|gunluk|g1|f2|yavas|taze|p0,0,0,EVET,0.0035,0
h2|ihracci_anahtari|gunluk|g1|f2|yavas|taze|p1,0,0,EVET,0.0029,0
h2|ihracci_anahtari|gunluk|g1|f2|yavas|taze|p2,0,0,EVET,0.0028,0
h2|ihracci_anahtari|gunluk|g1|f2|yavas|taze|p3,0,0,EVET,0.0062,0
h2|ihracci_anahtari|gunluk|g1|f2|yavas|taze|p4,2,2,EVET,0.0206,0
h2|ihracci_anahtari|gunluk|g1|f2|yavas|sabit|p0,0,0,EVET,0.0023,0
h2|ihracci_anahtari|gunluk|g1|f2|yavas|sabit|p1,0,0,EVET,0.0025,0
h2|ihracci_anahtari|gunluk|g1|f2|yavas|sabit|p2,0,0,EVET,0.003,0
h2|ihracci_anahtari|gunluk|g1|f2|yavas|sabit|p3,0,0,EVET,0.0061,0
h2|ihracci_anahtari|gunluk|g1|f2|yavas|sabit|p4,2,2,EVET,0.0156,0
h2|ihracci_anahtari|gunluk|g1|f2|yavas|onbellek|p0,0,0,EVET,0.0028,0
h2|ihracci_anahtari|gunluk|g1|f2|yavas|onbellek|p1,0,0,EVET,0.003,0
h2|ihracci_anahtari|gunluk|g1|f2|yavas|onbellek|p2,0,0,EVET,0.0029,0
h2|ihracci_anahtari|gunluk|g1|f2|yavas|onbellek|p3,0,0,EVET,0.0078,0
h2|ihracci_anahtari|gunluk|g1|f2|yavas|onbellek|p4,2,2,EVET,0.021,0
h2|ihracci_anahtari|gunluk|g1|f3|hizli|taze|p0,1,1,EVET,0.0055,0
h2|ihracci_anahtari|gunluk|g1|f3|hizli|taze|p1,1,1,EVET,0.0053,0
h2|ihracci_anahtari|gunluk|g1|f3|hizli|taze|p2,1,1,EVET,0.0065,0
h2|ihracci_anahtari|gunluk|g1|f3|hizli|taze|p3,1,1,EVET,0.012,0
h2|ihracci_anahtari|gunluk|g1|f3|hizli|taze|p4,1,1,EVET,0.0097,0
h2|ihracci_anahtari|gunluk|g1|f3|hizli|sabit|p0,1,1,EVET,0.0043,0
h2|ihracci_anahtari|gunluk|g1|f3|hizli|sabit|p1,1,1,EVET,0.0043,0
h2|ihracci_anahtari|gunluk|g1|f3|hizli|sabit|p2,1,1,EVET,0.0042,0
h2|ihracci_anahtari|gunluk|g1|f3|hizli|sabit|p3,1,1,EVET,0.0127,0
h2|ihracci_anahtari|gunluk|g1|f3|hizli|sabit|p4,1,1,EVET,0.0088,0
h2|ihracci_anahtari|gunluk|g1|f3|hizli|onbellek|p0,1,1,EVET,0.0051,0
h2|ihracci_anahtari|gunluk|g1|f3|hizli|onbellek|p1,1,1,EVET,0.0051,0
h2|ihracci_anahtari|gunluk|g1|f3|hizli|onbellek|p2,1,1,EVET,0.0056,0
h2|ihracci_anahtari|gunluk|g1|f3|hizli|onbellek|p3,1,1,EVET,0.0126,0
h2|ihracci_anahtari|gunluk|g1|f3|hizli|onbellek|p4,1,1,EVET,0.012,0
h2|ihracci_anahtari|gunluk|g1|f3|orta|taze|p0,1,1,EVET,0.0065,0
h2|ihracci_anahtari|gunluk|g1|f3|orta|taze|p1,1,1,EVET,0.0068,0
h2|ihracci_anahtari|gunluk|g1|f3|orta|taze|p2,1,1,EVET,0.0069,0
h2|ihracci_anahtari|gunluk|g1|f3|orta|taze|p3,1,1,EVET,0.01,0
h2|ihracci_anahtari|gunluk|g1|f3|orta|taze|p4,1,1,EVET,0.0096,0
h2|ihracci_anahtari|gunluk|g1|f3|orta|sabit|p0,1,1,EVET,0.0046,0
h2|ihracci_anahtari|gunluk|g1|f3|orta|sabit|p1,1,1,EVET,0.0044,0
h2|ihracci_anahtari|gunluk|g1|f3|orta|sabit|p2,1,1,EVET,0.0043,0
h2|ihracci_anahtari|gunluk|g1|f3|orta|sabit|p3,1,1,EVET,0.0113,0
h2|ihracci_anahtari|gunluk|g1|f3|orta|sabit|p4,1,1,EVET,0.009,0
h2|ihracci_anahtari|gunluk|g1|f3|orta|onbellek|p0,1,1,EVET,0.0052,0
h2|ihracci_anahtari|gunluk|g1|f3|orta|onbellek|p1,1,1,EVET,0.0064,0
h2|ihracci_anahtari|gunluk|g1|f3|orta|onbellek|p2,1,1,EVET,0.0075,0
h2|ihracci_anahtari|gunluk|g1|f3|orta|onbellek|p3,1,1,EVET,0.0132,0
h2|ihracci_anahtari|gunluk|g1|f3|orta|onbellek|p4,1,1,EVET,0.0124,0
h2|ihracci_anahtari|gunluk|g1|f3|yavas|taze|p0,1,1,EVET,0.0054,0
h2|ihracci_anahtari|gunluk|g1|f3|yavas|taze|p1,1,1,EVET,0.0054,0
h2|ihracci_anahtari|gunluk|g1|f3|yavas|taze|p2,1,1,EVET,0.0051,0
h2|ihracci_anahtari|gunluk|g1|f3|yavas|taze|p3,1,1,EVET,0.0099,0
h2|ihracci_anahtari|gunluk|g1|f3|yavas|taze|p4,1,1,EVET,0.0098,0
h2|ihracci_anahtari|gunluk|g1|f3|yavas|sabit|p0,1,1,EVET,0.0044,0
h2|ihracci_anahtari|gunluk|g1|f3|yavas|sabit|p1,1,1,EVET,0.006,0
h2|ihracci_anahtari|gunluk|g1|f3|yavas|sabit|p2,1,1,EVET,0.0055,0
h2|ihracci_anahtari|gunluk|g1|f3|yavas|sabit|p3,1,1,EVET,0.0154,0
h2|ihracci_anahtari|gunluk|g1|f3|yavas|sabit|p4,1,1,EVET,0.0092,0
h2|ihracci_anahtari|gunluk|g1|f3|yavas|onbellek|p0,1,1,EVET,0.0052,0
h2|ihracci_anahtari|gunluk|g1|f3|yavas|onbellek|p1,1,1,EVET,0.0051,0
h2|ihracci_anahtari|gunluk|g1|f3|yavas|onbellek|p2,1,1,EVET,0.0063,0
h2|ihracci_anahtari|gunluk|g1|f3|yavas|onbellek|p3,1,1,EVET,0.0136,0
h2|ihracci_anahtari|gunluk|g1|f3|yavas|onbellek|p4,1,1,EVET,0.0097,0
h2|ihracci_anahtari|gunluk|g2|f1|hizli|taze|p0,0,0,EVET,0.0033,0
h2|ihracci_anahtari|gunluk|g2|f1|hizli|taze|p1,0,0,EVET,0.004,0
h2|ihracci_anahtari|gunluk|g2|f1|hizli|taze|p2,0,0,EVET,0.004,0
h2|ihracci_anahtari|gunluk|g2|f1|hizli|taze|p3,0,0,EVET,0.0057,0
h2|ihracci_anahtari|gunluk|g2|f1|hizli|taze|p4,4,4,EVET,0.0596,0
h2|ihracci_anahtari|gunluk|g2|f1|hizli|sabit|p0,0,0,EVET,0.0029,0
h2|ihracci_anahtari|gunluk|g2|f1|hizli|sabit|p1,0,0,EVET,0.0034,0
h2|ihracci_anahtari|gunluk|g2|f1|hizli|sabit|p2,0,0,EVET,0.0029,0
h2|ihracci_anahtari|gunluk|g2|f1|hizli|sabit|p3,0,0,EVET,0.0065,0
h2|ihracci_anahtari|gunluk|g2|f1|hizli|sabit|p4,4,4,EVET,0.0611,0
h2|ihracci_anahtari|gunluk|g2|f1|hizli|onbellek|p0,0,0,EVET,0.0042,0
h2|ihracci_anahtari|gunluk|g2|f1|hizli|onbellek|p1,0,0,EVET,0.0032,0
h2|ihracci_anahtari|gunluk|g2|f1|hizli|onbellek|p2,0,0,EVET,0.0033,0
h2|ihracci_anahtari|gunluk|g2|f1|hizli|onbellek|p3,0,0,EVET,0.0076,0
h2|ihracci_anahtari|gunluk|g2|f1|hizli|onbellek|p4,4,4,EVET,0.0611,0
h2|ihracci_anahtari|gunluk|g2|f1|orta|taze|p0,0,0,EVET,0.0033,0
h2|ihracci_anahtari|gunluk|g2|f1|orta|taze|p1,0,0,EVET,0.0033,0
h2|ihracci_anahtari|gunluk|g2|f1|orta|taze|p2,0,0,EVET,0.0041,0
h2|ihracci_anahtari|gunluk|g2|f1|orta|taze|p3,0,0,EVET,0.0089,0
h2|ihracci_anahtari|gunluk|g2|f1|orta|taze|p4,4,4,EVET,0.0599,0
h2|ihracci_anahtari|gunluk|g2|f1|orta|sabit|p0,0,0,EVET,0.003,0
h2|ihracci_anahtari|gunluk|g2|f1|orta|sabit|p1,0,0,EVET,0.0037,0
h2|ihracci_anahtari|gunluk|g2|f1|orta|sabit|p2,0,0,EVET,0.0034,0
h2|ihracci_anahtari|gunluk|g2|f1|orta|sabit|p3,0,0,EVET,0.0065,0
h2|ihracci_anahtari|gunluk|g2|f1|orta|sabit|p4,4,4,EVET,0.0524,0
h2|ihracci_anahtari|gunluk|g2|f1|orta|onbellek|p0,0,0,EVET,0.0034,0
h2|ihracci_anahtari|gunluk|g2|f1|orta|onbellek|p1,0,0,EVET,0.0034,0
h2|ihracci_anahtari|gunluk|g2|f1|orta|onbellek|p2,0,0,EVET,0.0033,0
h2|ihracci_anahtari|gunluk|g2|f1|orta|onbellek|p3,0,0,EVET,0.0059,0
h2|ihracci_anahtari|gunluk|g2|f1|orta|onbellek|p4,4,4,EVET,0.0477,0
h2|ihracci_anahtari|gunluk|g2|f1|yavas|taze|p0,0,0,EVET,0.0035,0
h2|ihracci_anahtari|gunluk|g2|f1|yavas|taze|p1,0,0,EVET,0.004,0
h2|ihracci_anahtari|gunluk|g2|f1|yavas|taze|p2,0,0,EVET,0.004,0
h2|ihracci_anahtari|gunluk|g2|f1|yavas|taze|p3,0,0,EVET,0.006,0
h2|ihracci_anahtari|gunluk|g2|f1|yavas|taze|p4,4,4,EVET,0.0507,0
h2|ihracci_anahtari|gunluk|g2|f1|yavas|sabit|p0,0,0,EVET,0.0041,0
h2|ihracci_anahtari|gunluk|g2|f1|yavas|sabit|p1,0,0,EVET,0.0035,0
h2|ihracci_anahtari|gunluk|g2|f1|yavas|sabit|p2,0,0,EVET,0.0028,0
h2|ihracci_anahtari|gunluk|g2|f1|yavas|sabit|p3,0,0,EVET,0.0076,0
h2|ihracci_anahtari|gunluk|g2|f1|yavas|sabit|p4,4,4,EVET,0.0567,0
h2|ihracci_anahtari|gunluk|g2|f1|yavas|onbellek|p0,0,0,EVET,0.0038,0
h2|ihracci_anahtari|gunluk|g2|f1|yavas|onbellek|p1,0,0,EVET,0.0035,0
h2|ihracci_anahtari|gunluk|g2|f1|yavas|onbellek|p2,0,0,EVET,0.0036,0
h2|ihracci_anahtari|gunluk|g2|f1|yavas|onbellek|p3,0,0,EVET,0.0085,0
h2|ihracci_anahtari|gunluk|g2|f1|yavas|onbellek|p4,4,4,EVET,0.0602,0
h2|ihracci_anahtari|gunluk|g2|f2|hizli|taze|p0,0,0,EVET,0.0032,0
h2|ihracci_anahtari|gunluk|g2|f2|hizli|taze|p1,0,0,EVET,0.0032,0
h2|ihracci_anahtari|gunluk|g2|f2|hizli|taze|p2,0,0,EVET,0.0033,0
h2|ihracci_anahtari|gunluk|g2|f2|hizli|taze|p3,0,0,EVET,0.0059,0
h2|ihracci_anahtari|gunluk|g2|f2|hizli|taze|p4,4,4,EVET,0.0477,0
h2|ihracci_anahtari|gunluk|g2|f2|hizli|sabit|p0,0,0,EVET,0.0041,0
h2|ihracci_anahtari|gunluk|g2|f2|hizli|sabit|p1,0,0,EVET,0.0033,0
h2|ihracci_anahtari|gunluk|g2|f2|hizli|sabit|p2,0,0,EVET,0.0032,0
h2|ihracci_anahtari|gunluk|g2|f2|hizli|sabit|p3,0,0,EVET,0.006,0
h2|ihracci_anahtari|gunluk|g2|f2|hizli|sabit|p4,4,4,EVET,0.0455,0
h2|ihracci_anahtari|gunluk|g2|f2|hizli|onbellek|p0,0,0,EVET,0.0041,0
h2|ihracci_anahtari|gunluk|g2|f2|hizli|onbellek|p1,0,0,EVET,0.004,0
h2|ihracci_anahtari|gunluk|g2|f2|hizli|onbellek|p2,0,0,EVET,0.0038,0
h2|ihracci_anahtari|gunluk|g2|f2|hizli|onbellek|p3,0,0,EVET,0.0073,0
h2|ihracci_anahtari|gunluk|g2|f2|hizli|onbellek|p4,4,4,EVET,0.0421,0
h2|ihracci_anahtari|gunluk|g2|f2|orta|taze|p0,0,0,EVET,0.0038,0
h2|ihracci_anahtari|gunluk|g2|f2|orta|taze|p1,0,0,EVET,0.0035,0
h2|ihracci_anahtari|gunluk|g2|f2|orta|taze|p2,0,0,EVET,0.0035,0
h2|ihracci_anahtari|gunluk|g2|f2|orta|taze|p3,0,0,EVET,0.0084,0
h2|ihracci_anahtari|gunluk|g2|f2|orta|taze|p4,4,4,EVET,0.0461,0
h2|ihracci_anahtari|gunluk|g2|f2|orta|sabit|p0,0,0,EVET,0.0037,0
h2|ihracci_anahtari|gunluk|g2|f2|orta|sabit|p1,0,0,EVET,0.0039,0
h2|ihracci_anahtari|gunluk|g2|f2|orta|sabit|p2,0,0,EVET,0.0031,0
h2|ihracci_anahtari|gunluk|g2|f2|orta|sabit|p3,0,0,EVET,0.0068,0
h2|ihracci_anahtari|gunluk|g2|f2|orta|sabit|p4,4,4,EVET,0.0384,0
h2|ihracci_anahtari|gunluk|g2|f2|orta|onbellek|p0,0,0,EVET,0.0046,0
h2|ihracci_anahtari|gunluk|g2|f2|orta|onbellek|p1,0,0,EVET,0.0041,0
h2|ihracci_anahtari|gunluk|g2|f2|orta|onbellek|p2,0,0,EVET,0.004,0
h2|ihracci_anahtari|gunluk|g2|f2|orta|onbellek|p3,0,0,EVET,0.0082,0
h2|ihracci_anahtari|gunluk|g2|f2|orta|onbellek|p4,4,4,EVET,0.0532,0
h2|ihracci_anahtari|gunluk|g2|f2|yavas|taze|p0,0,0,EVET,0.0036,0
h2|ihracci_anahtari|gunluk|g2|f2|yavas|taze|p1,0,0,EVET,0.0035,0
h2|ihracci_anahtari|gunluk|g2|f2|yavas|taze|p2,0,0,EVET,0.0036,0
h2|ihracci_anahtari|gunluk|g2|f2|yavas|taze|p3,0,0,EVET,0.0063,0
h2|ihracci_anahtari|gunluk|g2|f2|yavas|taze|p4,4,4,EVET,0.0476,0
h2|ihracci_anahtari|gunluk|g2|f2|yavas|sabit|p0,0,0,EVET,0.0034,0
h2|ihracci_anahtari|gunluk|g2|f2|yavas|sabit|p1,0,0,EVET,0.003,0
h2|ihracci_anahtari|gunluk|g2|f2|yavas|sabit|p2,0,0,EVET,0.0029,0
h2|ihracci_anahtari|gunluk|g2|f2|yavas|sabit|p3,0,0,EVET,0.0064,0
h2|ihracci_anahtari|gunluk|g2|f2|yavas|sabit|p4,4,4,EVET,0.0374,0
h2|ihracci_anahtari|gunluk|g2|f2|yavas|onbellek|p0,0,0,EVET,0.0045,0
h2|ihracci_anahtari|gunluk|g2|f2|yavas|onbellek|p1,0,0,EVET,0.0042,0
h2|ihracci_anahtari|gunluk|g2|f2|yavas|onbellek|p2,0,0,EVET,0.0036,0
h2|ihracci_anahtari|gunluk|g2|f2|yavas|onbellek|p3,0,0,EVET,0.0063,0
h2|ihracci_anahtari|gunluk|g2|f2|yavas|onbellek|p4,4,4,EVET,0.0424,0
h2|ihracci_anahtari|gunluk|g2|f3|hizli|taze|p0,1,1,EVET,0.0067,0
h2|ihracci_anahtari|gunluk|g2|f3|hizli|taze|p1,1,1,EVET,0.0075,0
h2|ihracci_anahtari|gunluk|g2|f3|hizli|taze|p2,1,1,EVET,0.0083,0
h2|ihracci_anahtari|gunluk|g2|f3|hizli|taze|p3,1,1,EVET,0.0126,0
h2|ihracci_anahtari|gunluk|g2|f3|hizli|taze|p4,1,1,EVET,0.012,0
h2|ihracci_anahtari|gunluk|g2|f3|hizli|sabit|p0,1,1,EVET,0.0057,0
h2|ihracci_anahtari|gunluk|g2|f3|hizli|sabit|p1,1,1,EVET,0.0056,0
h2|ihracci_anahtari|gunluk|g2|f3|hizli|sabit|p2,1,1,EVET,0.0068,0
h2|ihracci_anahtari|gunluk|g2|f3|hizli|sabit|p3,1,1,EVET,0.0138,0
h2|ihracci_anahtari|gunluk|g2|f3|hizli|sabit|p4,1,1,EVET,0.0137,0
h2|ihracci_anahtari|gunluk|g2|f3|hizli|onbellek|p0,1,1,EVET,0.0077,0
h2|ihracci_anahtari|gunluk|g2|f3|hizli|onbellek|p1,1,1,EVET,0.008,0
h2|ihracci_anahtari|gunluk|g2|f3|hizli|onbellek|p2,1,1,EVET,0.0077,0
h2|ihracci_anahtari|gunluk|g2|f3|hizli|onbellek|p3,1,1,EVET,0.0125,0
h2|ihracci_anahtari|gunluk|g2|f3|hizli|onbellek|p4,1,1,EVET,0.0123,0
h2|ihracci_anahtari|gunluk|g2|f3|orta|taze|p0,1,1,EVET,0.0067,0
h2|ihracci_anahtari|gunluk|g2|f3|orta|taze|p1,1,1,EVET,0.0067,0
h2|ihracci_anahtari|gunluk|g2|f3|orta|taze|p2,1,1,EVET,0.0065,0
h2|ihracci_anahtari|gunluk|g2|f3|orta|taze|p3,1,1,EVET,0.0126,0
h2|ihracci_anahtari|gunluk|g2|f3|orta|taze|p4,1,1,EVET,0.0159,0
h2|ihracci_anahtari|gunluk|g2|f3|orta|sabit|p0,1,1,EVET,0.0065,0
h2|ihracci_anahtari|gunluk|g2|f3|orta|sabit|p1,1,1,EVET,0.0066,0
h2|ihracci_anahtari|gunluk|g2|f3|orta|sabit|p2,1,1,EVET,0.0069,0
h2|ihracci_anahtari|gunluk|g2|f3|orta|sabit|p3,1,1,EVET,0.0119,0
h2|ihracci_anahtari|gunluk|g2|f3|orta|sabit|p4,1,1,EVET,0.0113,0
h2|ihracci_anahtari|gunluk|g2|f3|orta|onbellek|p0,1,1,EVET,0.0073,0
h2|ihracci_anahtari|gunluk|g2|f3|orta|onbellek|p1,1,1,EVET,0.0076,0
h2|ihracci_anahtari|gunluk|g2|f3|orta|onbellek|p2,1,1,EVET,0.0067,0
h2|ihracci_anahtari|gunluk|g2|f3|orta|onbellek|p3,1,1,EVET,0.0134,0
h2|ihracci_anahtari|gunluk|g2|f3|orta|onbellek|p4,1,1,EVET,0.0141,0
h2|ihracci_anahtari|gunluk|g2|f3|yavas|taze|p0,1,1,EVET,0.0068,0
h2|ihracci_anahtari|gunluk|g2|f3|yavas|taze|p1,1,1,EVET,0.0093,0
h2|ihracci_anahtari|gunluk|g2|f3|yavas|taze|p2,1,1,EVET,0.0092,0
h2|ihracci_anahtari|gunluk|g2|f3|yavas|taze|p3,1,1,EVET,0.0127,0
h2|ihracci_anahtari|gunluk|g2|f3|yavas|taze|p4,1,1,EVET,0.0122,0
h2|ihracci_anahtari|gunluk|g2|f3|yavas|sabit|p0,1,1,EVET,0.0064,0
h2|ihracci_anahtari|gunluk|g2|f3|yavas|sabit|p1,1,1,EVET,0.0061,0
h2|ihracci_anahtari|gunluk|g2|f3|yavas|sabit|p2,1,1,EVET,0.0069,0
h2|ihracci_anahtari|gunluk|g2|f3|yavas|sabit|p3,1,1,EVET,0.0142,0
h2|ihracci_anahtari|gunluk|g2|f3|yavas|sabit|p4,1,1,EVET,0.0132,0
h2|ihracci_anahtari|gunluk|g2|f3|yavas|onbellek|p0,1,1,EVET,0.0078,0
h2|ihracci_anahtari|gunluk|g2|f3|yavas|onbellek|p1,1,1,EVET,0.0065,0
h2|ihracci_anahtari|gunluk|g2|f3|yavas|onbellek|p2,1,1,EVET,0.0064,0
h2|ihracci_anahtari|gunluk|g2|f3|yavas|onbellek|p3,1,1,EVET,0.0155,0
h2|ihracci_anahtari|gunluk|g2|f3|yavas|onbellek|p4,1,1,EVET,0.0148,0
h2|ihracci_anahtari|gunluk|g3|f1|hizli|taze|p0,0,0,EVET,0.0036,0
h2|ihracci_anahtari|gunluk|g3|f1|hizli|taze|p1,0,0,EVET,0.0036,0
h2|ihracci_anahtari|gunluk|g3|f1|hizli|taze|p2,0,0,EVET,0.0045,0
h2|ihracci_anahtari|gunluk|g3|f1|hizli|taze|p3,0,0,EVET,0.008,0
h2|ihracci_anahtari|gunluk|g3|f1|hizli|taze|p4,2,2,EVET,0.0265,0
h2|ihracci_anahtari|gunluk|g3|f1|hizli|sabit|p0,0,0,EVET,0.003,0
h2|ihracci_anahtari|gunluk|g3|f1|hizli|sabit|p1,0,0,EVET,0.0027,0
h2|ihracci_anahtari|gunluk|g3|f1|hizli|sabit|p2,0,0,EVET,0.0028,0
h2|ihracci_anahtari|gunluk|g3|f1|hizli|sabit|p3,0,0,EVET,0.0069,0
h2|ihracci_anahtari|gunluk|g3|f1|hizli|sabit|p4,2,2,EVET,0.0313,0
h2|ihracci_anahtari|gunluk|g3|f1|hizli|onbellek|p0,0,0,EVET,0.0036,0
h2|ihracci_anahtari|gunluk|g3|f1|hizli|onbellek|p1,0,0,EVET,0.0034,0
h2|ihracci_anahtari|gunluk|g3|f1|hizli|onbellek|p2,0,0,EVET,0.0033,0
h2|ihracci_anahtari|gunluk|g3|f1|hizli|onbellek|p3,0,0,EVET,0.006,0
h2|ihracci_anahtari|gunluk|g3|f1|hizli|onbellek|p4,2,2,EVET,0.0264,0
h2|ihracci_anahtari|gunluk|g3|f1|orta|taze|p0,0,0,EVET,0.0054,0
h2|ihracci_anahtari|gunluk|g3|f1|orta|taze|p1,0,0,EVET,0.0041,0
h2|ihracci_anahtari|gunluk|g3|f1|orta|taze|p2,0,0,EVET,0.004,0
h2|ihracci_anahtari|gunluk|g3|f1|orta|taze|p3,0,0,EVET,0.0081,0
h2|ihracci_anahtari|gunluk|g3|f1|orta|taze|p4,2,2,EVET,0.0462,0
h2|ihracci_anahtari|gunluk|g3|f1|orta|sabit|p0,0,0,EVET,0.0031,0
h2|ihracci_anahtari|gunluk|g3|f1|orta|sabit|p1,0,0,EVET,0.0031,0
h2|ihracci_anahtari|gunluk|g3|f1|orta|sabit|p2,0,0,EVET,0.0028,0
h2|ihracci_anahtari|gunluk|g3|f1|orta|sabit|p3,0,0,EVET,0.006,0
h2|ihracci_anahtari|gunluk|g3|f1|orta|sabit|p4,2,2,EVET,0.0376,0
h2|ihracci_anahtari|gunluk|g3|f1|orta|onbellek|p0,0,0,EVET,0.004,0
h2|ihracci_anahtari|gunluk|g3|f1|orta|onbellek|p1,0,0,EVET,0.0033,0
h2|ihracci_anahtari|gunluk|g3|f1|orta|onbellek|p2,0,0,EVET,0.0034,0
h2|ihracci_anahtari|gunluk|g3|f1|orta|onbellek|p3,0,0,EVET,0.007,0
h2|ihracci_anahtari|gunluk|g3|f1|orta|onbellek|p4,2,2,EVET,0.0436,0
h2|ihracci_anahtari|gunluk|g3|f1|yavas|taze|p0,0,0,EVET,0.0043,0
h2|ihracci_anahtari|gunluk|g3|f1|yavas|taze|p1,0,0,EVET,0.0039,0
h2|ihracci_anahtari|gunluk|g3|f1|yavas|taze|p2,0,0,EVET,0.0034,0
h2|ihracci_anahtari|gunluk|g3|f1|yavas|taze|p3,0,0,EVET,0.0067,0
h2|ihracci_anahtari|gunluk|g3|f1|yavas|taze|p4,2,2,EVET,0.0335,0
h2|ihracci_anahtari|gunluk|g3|f1|yavas|sabit|p0,0,0,EVET,0.0032,0
h2|ihracci_anahtari|gunluk|g3|f1|yavas|sabit|p1,0,0,EVET,0.0035,0
h2|ihracci_anahtari|gunluk|g3|f1|yavas|sabit|p2,0,0,EVET,0.0036,0
h2|ihracci_anahtari|gunluk|g3|f1|yavas|sabit|p3,0,0,EVET,0.0135,0
h2|ihracci_anahtari|gunluk|g3|f1|yavas|sabit|p4,2,2,EVET,0.0438,0
h2|ihracci_anahtari|gunluk|g3|f1|yavas|onbellek|p0,0,0,EVET,0.0038,0
h2|ihracci_anahtari|gunluk|g3|f1|yavas|onbellek|p1,0,0,EVET,0.0034,0
h2|ihracci_anahtari|gunluk|g3|f1|yavas|onbellek|p2,0,0,EVET,0.0041,0
h2|ihracci_anahtari|gunluk|g3|f1|yavas|onbellek|p3,0,0,EVET,0.0117,0
h2|ihracci_anahtari|gunluk|g3|f1|yavas|onbellek|p4,2,2,EVET,0.0323,0
h2|ihracci_anahtari|gunluk|g3|f2|hizli|taze|p0,0,0,EVET,0.0041,0
h2|ihracci_anahtari|gunluk|g3|f2|hizli|taze|p1,0,0,EVET,0.0035,0
h2|ihracci_anahtari|gunluk|g3|f2|hizli|taze|p2,0,0,EVET,0.0036,0
h2|ihracci_anahtari|gunluk|g3|f2|hizli|taze|p3,0,0,EVET,0.0086,0
h2|ihracci_anahtari|gunluk|g3|f2|hizli|taze|p4,2,2,EVET,0.0225,0
h2|ihracci_anahtari|gunluk|g3|f2|hizli|sabit|p0,0,0,EVET,0.0028,0
h2|ihracci_anahtari|gunluk|g3|f2|hizli|sabit|p1,0,0,EVET,0.0027,0
h2|ihracci_anahtari|gunluk|g3|f2|hizli|sabit|p2,0,0,EVET,0.0028,0
h2|ihracci_anahtari|gunluk|g3|f2|hizli|sabit|p3,0,0,EVET,0.0059,0
h2|ihracci_anahtari|gunluk|g3|f2|hizli|sabit|p4,2,2,EVET,0.0247,0
h2|ihracci_anahtari|gunluk|g3|f2|hizli|onbellek|p0,0,0,EVET,0.0033,0
h2|ihracci_anahtari|gunluk|g3|f2|hizli|onbellek|p1,0,0,EVET,0.0032,0
h2|ihracci_anahtari|gunluk|g3|f2|hizli|onbellek|p2,0,0,EVET,0.0032,0
h2|ihracci_anahtari|gunluk|g3|f2|hizli|onbellek|p3,0,0,EVET,0.006,0
h2|ihracci_anahtari|gunluk|g3|f2|hizli|onbellek|p4,2,2,EVET,0.0195,0
h2|ihracci_anahtari|gunluk|g3|f2|orta|taze|p0,0,0,EVET,0.0042,0
h2|ihracci_anahtari|gunluk|g3|f2|orta|taze|p1,0,0,EVET,0.0052,0
h2|ihracci_anahtari|gunluk|g3|f2|orta|taze|p2,0,0,EVET,0.0038,0
h2|ihracci_anahtari|gunluk|g3|f2|orta|taze|p3,0,0,EVET,0.0068,0
h2|ihracci_anahtari|gunluk|g3|f2|orta|taze|p4,2,2,EVET,0.0202,0
h2|ihracci_anahtari|gunluk|g3|f2|orta|sabit|p0,0,0,EVET,0.0027,0
h2|ihracci_anahtari|gunluk|g3|f2|orta|sabit|p1,0,0,EVET,0.0036,0
h2|ihracci_anahtari|gunluk|g3|f2|orta|sabit|p2,0,0,EVET,0.0035,0
h2|ihracci_anahtari|gunluk|g3|f2|orta|sabit|p3,0,0,EVET,0.0066,0
h2|ihracci_anahtari|gunluk|g3|f2|orta|sabit|p4,2,2,EVET,0.0204,0
h2|ihracci_anahtari|gunluk|g3|f2|orta|onbellek|p0,0,0,EVET,0.0043,0
h2|ihracci_anahtari|gunluk|g3|f2|orta|onbellek|p1,0,0,EVET,0.0044,0
h2|ihracci_anahtari|gunluk|g3|f2|orta|onbellek|p2,0,0,EVET,0.004,0
h2|ihracci_anahtari|gunluk|g3|f2|orta|onbellek|p3,0,0,EVET,0.0076,0
h2|ihracci_anahtari|gunluk|g3|f2|orta|onbellek|p4,2,2,EVET,0.0192,0
h2|ihracci_anahtari|gunluk|g3|f2|yavas|taze|p0,0,0,EVET,0.0035,0
h2|ihracci_anahtari|gunluk|g3|f2|yavas|taze|p1,0,0,EVET,0.0041,0
h2|ihracci_anahtari|gunluk|g3|f2|yavas|taze|p2,0,0,EVET,0.0043,0
h2|ihracci_anahtari|gunluk|g3|f2|yavas|taze|p3,0,0,EVET,0.0078,0
h2|ihracci_anahtari|gunluk|g3|f2|yavas|taze|p4,2,2,EVET,0.0242,0
h2|ihracci_anahtari|gunluk|g3|f2|yavas|sabit|p0,0,0,EVET,0.0038,0
h2|ihracci_anahtari|gunluk|g3|f2|yavas|sabit|p1,0,0,EVET,0.0034,0
h2|ihracci_anahtari|gunluk|g3|f2|yavas|sabit|p2,0,0,EVET,0.0027,0
h2|ihracci_anahtari|gunluk|g3|f2|yavas|sabit|p3,0,0,EVET,0.0078,0
h2|ihracci_anahtari|gunluk|g3|f2|yavas|sabit|p4,2,2,EVET,0.0215,0
h2|ihracci_anahtari|gunluk|g3|f2|yavas|onbellek|p0,0,0,EVET,0.0043,0
h2|ihracci_anahtari|gunluk|g3|f2|yavas|onbellek|p1,0,0,EVET,0.0041,0
h2|ihracci_anahtari|gunluk|g3|f2|yavas|onbellek|p2,0,0,EVET,0.0034,0
h2|ihracci_anahtari|gunluk|g3|f2|yavas|onbellek|p3,0,0,EVET,0.0093,0
h2|ihracci_anahtari|gunluk|g3|f2|yavas|onbellek|p4,2,2,EVET,0.0245,0
h2|ihracci_anahtari|gunluk|g3|f3|hizli|taze|p0,1,1,EVET,0.006,0
h2|ihracci_anahtari|gunluk|g3|f3|hizli|taze|p1,1,1,EVET,0.0061,0
h2|ihracci_anahtari|gunluk|g3|f3|hizli|taze|p2,1,1,EVET,0.0093,0
h2|ihracci_anahtari|gunluk|g3|f3|hizli|taze|p3,1,1,EVET,0.0153,0
h2|ihracci_anahtari|gunluk|g3|f3|hizli|taze|p4,1,1,EVET,0.0121,0
h2|ihracci_anahtari|gunluk|g3|f3|hizli|sabit|p0,1,1,EVET,0.0054,0
h2|ihracci_anahtari|gunluk|g3|f3|hizli|sabit|p1,1,1,EVET,0.0067,0
h2|ihracci_anahtari|gunluk|g3|f3|hizli|sabit|p2,1,1,EVET,0.0065,0
h2|ihracci_anahtari|gunluk|g3|f3|hizli|sabit|p3,1,1,EVET,0.0114,0
h2|ihracci_anahtari|gunluk|g3|f3|hizli|sabit|p4,1,1,EVET,0.0109,0
h2|ihracci_anahtari|gunluk|g3|f3|hizli|onbellek|p0,1,1,EVET,0.0065,0
h2|ihracci_anahtari|gunluk|g3|f3|hizli|onbellek|p1,1,1,EVET,0.0064,0
h2|ihracci_anahtari|gunluk|g3|f3|hizli|onbellek|p2,1,1,EVET,0.0071,0
h2|ihracci_anahtari|gunluk|g3|f3|hizli|onbellek|p3,1,1,EVET,0.0134,0
h2|ihracci_anahtari|gunluk|g3|f3|hizli|onbellek|p4,1,1,EVET,0.0118,0
h2|ihracci_anahtari|gunluk|g3|f3|orta|taze|p0,1,1,EVET,0.0065,0
h2|ihracci_anahtari|gunluk|g3|f3|orta|taze|p1,1,1,EVET,0.0079,0
h2|ihracci_anahtari|gunluk|g3|f3|orta|taze|p2,1,1,EVET,0.0077,0
h2|ihracci_anahtari|gunluk|g3|f3|orta|taze|p3,1,1,EVET,0.0124,0
h2|ihracci_anahtari|gunluk|g3|f3|orta|taze|p4,1,1,EVET,0.012,0
h2|ihracci_anahtari|gunluk|g3|f3|orta|sabit|p0,1,1,EVET,0.0063,0
h2|ihracci_anahtari|gunluk|g3|f3|orta|sabit|p1,1,1,EVET,0.0063,0
h2|ihracci_anahtari|gunluk|g3|f3|orta|sabit|p2,1,1,EVET,0.0066,0
h2|ihracci_anahtari|gunluk|g3|f3|orta|sabit|p3,1,1,EVET,0.0135,0
h2|ihracci_anahtari|gunluk|g3|f3|orta|sabit|p4,1,1,EVET,0.011,0
h2|ihracci_anahtari|gunluk|g3|f3|orta|onbellek|p0,1,1,EVET,0.0064,0
h2|ihracci_anahtari|gunluk|g3|f3|orta|onbellek|p1,1,1,EVET,0.0079,0
h2|ihracci_anahtari|gunluk|g3|f3|orta|onbellek|p2,1,1,EVET,0.0078,0
h2|ihracci_anahtari|gunluk|g3|f3|orta|onbellek|p3,1,1,EVET,0.0123,0
h2|ihracci_anahtari|gunluk|g3|f3|orta|onbellek|p4,1,1,EVET,0.0119,0
h2|ihracci_anahtari|gunluk|g3|f3|yavas|taze|p0,1,1,EVET,0.0065,0
h2|ihracci_anahtari|gunluk|g3|f3|yavas|taze|p1,1,1,EVET,0.0065,0
h2|ihracci_anahtari|gunluk|g3|f3|yavas|taze|p2,1,1,EVET,0.0071,0
h2|ihracci_anahtari|gunluk|g3|f3|yavas|taze|p3,1,1,EVET,0.0135,0
h2|ihracci_anahtari|gunluk|g3|f3|yavas|taze|p4,1,1,EVET,0.0145,0
h2|ihracci_anahtari|gunluk|g3|f3|yavas|sabit|p0,1,1,EVET,0.0066,0
h2|ihracci_anahtari|gunluk|g3|f3|yavas|sabit|p1,1,1,EVET,0.0066,0
h2|ihracci_anahtari|gunluk|g3|f3|yavas|sabit|p2,1,1,EVET,0.0065,0
h2|ihracci_anahtari|gunluk|g3|f3|yavas|sabit|p3,1,1,EVET,0.0135,0
h2|ihracci_anahtari|gunluk|g3|f3|yavas|sabit|p4,1,1,EVET,0.0135,0
h2|ihracci_anahtari|gunluk|g3|f3|yavas|onbellek|p0,1,1,EVET,0.0077,0
h2|ihracci_anahtari|gunluk|g3|f3|yavas|onbellek|p1,1,1,EVET,0.0065,0
h2|ihracci_anahtari|gunluk|g3|f3|yavas|onbellek|p2,1,1,EVET,0.0065,0
h2|ihracci_anahtari|gunluk|g3|f3|yavas|onbellek|p3,1,1,EVET,0.0128,0
h2|ihracci_anahtari|gunluk|g3|f3|yavas|onbellek|p4,1,1,EVET,0.0152,0
h2|ihracci_anahtari|gunluk|g4|f1|hizli|taze|p0,0,0,EVET,0.0035,0
h2|ihracci_anahtari|gunluk|g4|f1|hizli|taze|p1,0,0,EVET,0.0026,0
h2|ihracci_anahtari|gunluk|g4|f1|hizli|taze|p2,0,0,EVET,0.0027,0
h2|ihracci_anahtari|gunluk|g4|f1|hizli|taze|p3,0,0,EVET,0.0045,0
h2|ihracci_anahtari|gunluk|g4|f1|hizli|taze|p4,0,0,EVET,0.0042,0
h2|ihracci_anahtari|gunluk|g4|f1|hizli|sabit|p0,0,0,EVET,0.0033,0
h2|ihracci_anahtari|gunluk|g4|f1|hizli|sabit|p1,0,0,EVET,0.0032,0
h2|ihracci_anahtari|gunluk|g4|f1|hizli|sabit|p2,0,0,EVET,0.0026,0
h2|ihracci_anahtari|gunluk|g4|f1|hizli|sabit|p3,0,0,EVET,0.0036,0
h2|ihracci_anahtari|gunluk|g4|f1|hizli|sabit|p4,0,0,EVET,0.0037,0
h2|ihracci_anahtari|gunluk|g4|f1|hizli|onbellek|p0,0,0,EVET,0.003,0
h2|ihracci_anahtari|gunluk|g4|f1|hizli|onbellek|p1,0,0,EVET,0.0029,0
h2|ihracci_anahtari|gunluk|g4|f1|hizli|onbellek|p2,0,0,EVET,0.0033,0
h2|ihracci_anahtari|gunluk|g4|f1|hizli|onbellek|p3,0,0,EVET,0.0063,0
h2|ihracci_anahtari|gunluk|g4|f1|hizli|onbellek|p4,0,0,EVET,0.0054,0
h2|ihracci_anahtari|gunluk|g4|f1|orta|taze|p0,0,0,EVET,0.0039,0
h2|ihracci_anahtari|gunluk|g4|f1|orta|taze|p1,0,0,EVET,0.004,0
h2|ihracci_anahtari|gunluk|g4|f1|orta|taze|p2,0,0,EVET,0.0043,0
h2|ihracci_anahtari|gunluk|g4|f1|orta|taze|p3,0,0,EVET,0.0055,0
h2|ihracci_anahtari|gunluk|g4|f1|orta|taze|p4,0,0,EVET,0.0039,0
h2|ihracci_anahtari|gunluk|g4|f1|orta|sabit|p0,0,0,EVET,0.0029,0
h2|ihracci_anahtari|gunluk|g4|f1|orta|sabit|p1,0,0,EVET,0.003,0
h2|ihracci_anahtari|gunluk|g4|f1|orta|sabit|p2,0,0,EVET,0.0029,0
h2|ihracci_anahtari|gunluk|g4|f1|orta|sabit|p3,0,0,EVET,0.0045,0
h2|ihracci_anahtari|gunluk|g4|f1|orta|sabit|p4,0,0,EVET,0.0042,0
h2|ihracci_anahtari|gunluk|g4|f1|orta|onbellek|p0,0,0,EVET,0.003,0
h2|ihracci_anahtari|gunluk|g4|f1|orta|onbellek|p1,0,0,EVET,0.0027,0
h2|ihracci_anahtari|gunluk|g4|f1|orta|onbellek|p2,0,0,EVET,0.003,0
h2|ihracci_anahtari|gunluk|g4|f1|orta|onbellek|p3,0,0,EVET,0.0036,0
h2|ihracci_anahtari|gunluk|g4|f1|orta|onbellek|p4,0,0,EVET,0.0038,0
h2|ihracci_anahtari|gunluk|g4|f1|yavas|taze|p0,0,0,EVET,0.0028,0
h2|ihracci_anahtari|gunluk|g4|f1|yavas|taze|p1,0,0,EVET,0.0033,0
h2|ihracci_anahtari|gunluk|g4|f1|yavas|taze|p2,0,0,EVET,0.003,0
h2|ihracci_anahtari|gunluk|g4|f1|yavas|taze|p3,0,0,EVET,0.0047,0
h2|ihracci_anahtari|gunluk|g4|f1|yavas|taze|p4,0,0,EVET,0.0042,0
h2|ihracci_anahtari|gunluk|g4|f1|yavas|sabit|p0,0,0,EVET,0.0028,0
h2|ihracci_anahtari|gunluk|g4|f1|yavas|sabit|p1,0,0,EVET,0.003,0
h2|ihracci_anahtari|gunluk|g4|f1|yavas|sabit|p2,0,0,EVET,0.0036,0
h2|ihracci_anahtari|gunluk|g4|f1|yavas|sabit|p3,0,0,EVET,0.0044,0
h2|ihracci_anahtari|gunluk|g4|f1|yavas|sabit|p4,0,0,EVET,0.004,0
h2|ihracci_anahtari|gunluk|g4|f1|yavas|onbellek|p0,0,0,EVET,0.003,0
h2|ihracci_anahtari|gunluk|g4|f1|yavas|onbellek|p1,0,0,EVET,0.0025,0
h2|ihracci_anahtari|gunluk|g4|f1|yavas|onbellek|p2,0,0,EVET,0.0026,0
h2|ihracci_anahtari|gunluk|g4|f1|yavas|onbellek|p3,0,0,EVET,0.0041,0
h2|ihracci_anahtari|gunluk|g4|f1|yavas|onbellek|p4,0,0,EVET,0.0037,0
h2|ihracci_anahtari|gunluk|g4|f2|hizli|taze|p0,0,0,EVET,0.0026,0
h2|ihracci_anahtari|gunluk|g4|f2|hizli|taze|p1,0,0,EVET,0.0025,0
h2|ihracci_anahtari|gunluk|g4|f2|hizli|taze|p2,0,0,EVET,0.0026,0
h2|ihracci_anahtari|gunluk|g4|f2|hizli|taze|p3,0,0,EVET,0.0036,0
h2|ihracci_anahtari|gunluk|g4|f2|hizli|taze|p4,0,0,EVET,0.0038,0
h2|ihracci_anahtari|gunluk|g4|f2|hizli|sabit|p0,0,0,EVET,0.0029,0
h2|ihracci_anahtari|gunluk|g4|f2|hizli|sabit|p1,0,0,EVET,0.003,0
h2|ihracci_anahtari|gunluk|g4|f2|hizli|sabit|p2,0,0,EVET,0.003,0
h2|ihracci_anahtari|gunluk|g4|f2|hizli|sabit|p3,0,0,EVET,0.0046,0
h2|ihracci_anahtari|gunluk|g4|f2|hizli|sabit|p4,0,0,EVET,0.0047,0
h2|ihracci_anahtari|gunluk|g4|f2|hizli|onbellek|p0,0,0,EVET,0.0025,0
h2|ihracci_anahtari|gunluk|g4|f2|hizli|onbellek|p1,0,0,EVET,0.0026,0
h2|ihracci_anahtari|gunluk|g4|f2|hizli|onbellek|p2,0,0,EVET,0.0032,0
h2|ihracci_anahtari|gunluk|g4|f2|hizli|onbellek|p3,0,0,EVET,0.0039,0
h2|ihracci_anahtari|gunluk|g4|f2|hizli|onbellek|p4,0,0,EVET,0.0042,0
h2|ihracci_anahtari|gunluk|g4|f2|orta|taze|p0,0,0,EVET,0.0034,0
h2|ihracci_anahtari|gunluk|g4|f2|orta|taze|p1,0,0,EVET,0.0028,0
h2|ihracci_anahtari|gunluk|g4|f2|orta|taze|p2,0,0,EVET,0.0028,0
h2|ihracci_anahtari|gunluk|g4|f2|orta|taze|p3,0,0,EVET,0.0037,0
h2|ihracci_anahtari|gunluk|g4|f2|orta|taze|p4,0,0,EVET,0.0041,0
h2|ihracci_anahtari|gunluk|g4|f2|orta|sabit|p0,0,0,EVET,0.0027,0
h2|ihracci_anahtari|gunluk|g4|f2|orta|sabit|p1,0,0,EVET,0.0026,0
h2|ihracci_anahtari|gunluk|g4|f2|orta|sabit|p2,0,0,EVET,0.0025,0
h2|ihracci_anahtari|gunluk|g4|f2|orta|sabit|p3,0,0,EVET,0.0035,0
h2|ihracci_anahtari|gunluk|g4|f2|orta|sabit|p4,0,0,EVET,0.004,0
h2|ihracci_anahtari|gunluk|g4|f2|orta|onbellek|p0,0,0,EVET,0.0028,0
h2|ihracci_anahtari|gunluk|g4|f2|orta|onbellek|p1,0,0,EVET,0.0027,0
h2|ihracci_anahtari|gunluk|g4|f2|orta|onbellek|p2,0,0,EVET,0.0028,0
h2|ihracci_anahtari|gunluk|g4|f2|orta|onbellek|p3,0,0,EVET,0.0036,0
h2|ihracci_anahtari|gunluk|g4|f2|orta|onbellek|p4,0,0,EVET,0.0035,0
h2|ihracci_anahtari|gunluk|g4|f2|yavas|taze|p0,0,0,EVET,0.0028,0
h2|ihracci_anahtari|gunluk|g4|f2|yavas|taze|p1,0,0,EVET,0.0029,0
h2|ihracci_anahtari|gunluk|g4|f2|yavas|taze|p2,0,0,EVET,0.0033,0
h2|ihracci_anahtari|gunluk|g4|f2|yavas|taze|p3,0,0,EVET,0.0046,0
h2|ihracci_anahtari|gunluk|g4|f2|yavas|taze|p4,0,0,EVET,0.0045,0
h2|ihracci_anahtari|gunluk|g4|f2|yavas|sabit|p0,0,0,EVET,0.0033,0
h2|ihracci_anahtari|gunluk|g4|f2|yavas|sabit|p1,0,0,EVET,0.0026,0
h2|ihracci_anahtari|gunluk|g4|f2|yavas|sabit|p2,0,0,EVET,0.0027,0
h2|ihracci_anahtari|gunluk|g4|f2|yavas|sabit|p3,0,0,EVET,0.0049,0
h2|ihracci_anahtari|gunluk|g4|f2|yavas|sabit|p4,0,0,EVET,0.0043,0
h2|ihracci_anahtari|gunluk|g4|f2|yavas|onbellek|p0,0,0,EVET,0.0026,0
h2|ihracci_anahtari|gunluk|g4|f2|yavas|onbellek|p1,0,0,EVET,0.0027,0
h2|ihracci_anahtari|gunluk|g4|f2|yavas|onbellek|p2,0,0,EVET,0.0033,0
h2|ihracci_anahtari|gunluk|g4|f2|yavas|onbellek|p3,0,0,EVET,0.0044,0
h2|ihracci_anahtari|gunluk|g4|f2|yavas|onbellek|p4,0,0,EVET,0.004,0
h2|ihracci_anahtari|gunluk|g4|f3|hizli|taze|p0,0,0,EVET,0.0028,0
h2|ihracci_anahtari|gunluk|g4|f3|hizli|taze|p1,0,0,EVET,0.0029,0
h2|ihracci_anahtari|gunluk|g4|f3|hizli|taze|p2,0,0,EVET,0.0028,0
h2|ihracci_anahtari|gunluk|g4|f3|hizli|taze|p3,0,0,EVET,0.0036,0
h2|ihracci_anahtari|gunluk|g4|f3|hizli|taze|p4,0,0,EVET,0.0034,0
h2|ihracci_anahtari|gunluk|g4|f3|hizli|sabit|p0,0,0,EVET,0.0029,0
h2|ihracci_anahtari|gunluk|g4|f3|hizli|sabit|p1,0,0,EVET,0.0029,0
h2|ihracci_anahtari|gunluk|g4|f3|hizli|sabit|p2,0,0,EVET,0.0026,0
h2|ihracci_anahtari|gunluk|g4|f3|hizli|sabit|p3,0,0,EVET,0.0038,0
h2|ihracci_anahtari|gunluk|g4|f3|hizli|sabit|p4,0,0,EVET,0.0035,0
h2|ihracci_anahtari|gunluk|g4|f3|hizli|onbellek|p0,0,0,EVET,0.0025,0
h2|ihracci_anahtari|gunluk|g4|f3|hizli|onbellek|p1,0,0,EVET,0.0031,0
h2|ihracci_anahtari|gunluk|g4|f3|hizli|onbellek|p2,0,0,EVET,0.0031,0
h2|ihracci_anahtari|gunluk|g4|f3|hizli|onbellek|p3,0,0,EVET,0.0051,0
h2|ihracci_anahtari|gunluk|g4|f3|hizli|onbellek|p4,0,0,EVET,0.0037,0
h2|ihracci_anahtari|gunluk|g4|f3|orta|taze|p0,0,0,EVET,0.0031,0
h2|ihracci_anahtari|gunluk|g4|f3|orta|taze|p1,0,0,EVET,0.0031,0
h2|ihracci_anahtari|gunluk|g4|f3|orta|taze|p2,0,0,EVET,0.0028,0
h2|ihracci_anahtari|gunluk|g4|f3|orta|taze|p3,0,0,EVET,0.0039,0
h2|ihracci_anahtari|gunluk|g4|f3|orta|taze|p4,0,0,EVET,0.0039,0
h2|ihracci_anahtari|gunluk|g4|f3|orta|sabit|p0,0,0,EVET,0.0029,0
h2|ihracci_anahtari|gunluk|g4|f3|orta|sabit|p1,0,0,EVET,0.0028,0
h2|ihracci_anahtari|gunluk|g4|f3|orta|sabit|p2,0,0,EVET,0.0026,0
h2|ihracci_anahtari|gunluk|g4|f3|orta|sabit|p3,0,0,EVET,0.0056,0
h2|ihracci_anahtari|gunluk|g4|f3|orta|sabit|p4,0,0,EVET,0.0039,0
h2|ihracci_anahtari|gunluk|g4|f3|orta|onbellek|p0,0,0,EVET,0.0025,0
h2|ihracci_anahtari|gunluk|g4|f3|orta|onbellek|p1,0,0,EVET,0.0026,0
h2|ihracci_anahtari|gunluk|g4|f3|orta|onbellek|p2,0,0,EVET,0.0034,0
h2|ihracci_anahtari|gunluk|g4|f3|orta|onbellek|p3,0,0,EVET,0.0039,0
h2|ihracci_anahtari|gunluk|g4|f3|orta|onbellek|p4,0,0,EVET,0.0034,0
h2|ihracci_anahtari|gunluk|g4|f3|yavas|taze|p0,0,0,EVET,0.0025,0
h2|ihracci_anahtari|gunluk|g4|f3|yavas|taze|p1,0,0,EVET,0.0031,0
h2|ihracci_anahtari|gunluk|g4|f3|yavas|taze|p2,0,0,EVET,0.003,0
h2|ihracci_anahtari|gunluk|g4|f3|yavas|taze|p3,0,0,EVET,0.0043,0
h2|ihracci_anahtari|gunluk|g4|f3|yavas|taze|p4,0,0,EVET,0.0041,0
h2|ihracci_anahtari|gunluk|g4|f3|yavas|sabit|p0,0,0,EVET,0.0026,0
h2|ihracci_anahtari|gunluk|g4|f3|yavas|sabit|p1,0,0,EVET,0.0025,0
h2|ihracci_anahtari|gunluk|g4|f3|yavas|sabit|p2,0,0,EVET,0.0028,0
h2|ihracci_anahtari|gunluk|g4|f3|yavas|sabit|p3,0,0,EVET,0.0039,0
h2|ihracci_anahtari|gunluk|g4|f3|yavas|sabit|p4,0,0,EVET,0.0034,0
h2|ihracci_anahtari|gunluk|g4|f3|yavas|onbellek|p0,0,0,EVET,0.0025,0
h2|ihracci_anahtari|gunluk|g4|f3|yavas|onbellek|p1,0,0,EVET,0.0026,0
h2|ihracci_anahtari|gunluk|g4|f3|yavas|onbellek|p2,0,0,EVET,0.0025,0
h2|ihracci_anahtari|gunluk|g4|f3|yavas|onbellek|p3,0,0,EVET,0.0039,0
h2|ihracci_anahtari|gunluk|g4|f3|yavas|onbellek|p4,0,0,EVET,0.0037,0
h2|ihracci_anahtari|gunluk|tum|f1|hizli|taze|p0,0,0,EVET,0.0058,0
h2|ihracci_anahtari|gunluk|tum|f1|hizli|taze|p1,0,0,EVET,0.0058,0
h2|ihracci_anahtari|gunluk|tum|f1|hizli|taze|p2,0,0,EVET,0.0077,0
h2|ihracci_anahtari|gunluk|tum|f1|hizli|taze|p3,0,0,EVET,0.012,0
h2|ihracci_anahtari|gunluk|tum|f1|hizli|taze|p4,0,0,EVET,0.0106,0
h2|ihracci_anahtari|gunluk|tum|f1|hizli|sabit|p0,0,0,EVET,0.0058,0
h2|ihracci_anahtari|gunluk|tum|f1|hizli|sabit|p1,0,0,EVET,0.0064,0
h2|ihracci_anahtari|gunluk|tum|f1|hizli|sabit|p2,0,0,EVET,0.0062,0
h2|ihracci_anahtari|gunluk|tum|f1|hizli|sabit|p3,0,0,EVET,0.0097,0
h2|ihracci_anahtari|gunluk|tum|f1|hizli|sabit|p4,0,0,EVET,0.0089,0
h2|ihracci_anahtari|gunluk|tum|f1|hizli|onbellek|p0,0,0,EVET,0.006,0
h2|ihracci_anahtari|gunluk|tum|f1|hizli|onbellek|p1,0,0,EVET,0.006,0
h2|ihracci_anahtari|gunluk|tum|f1|hizli|onbellek|p2,0,0,EVET,0.0058,0
h2|ihracci_anahtari|gunluk|tum|f1|hizli|onbellek|p3,0,0,EVET,0.0097,0
h2|ihracci_anahtari|gunluk|tum|f1|hizli|onbellek|p4,0,0,EVET,0.0098,0
h2|ihracci_anahtari|gunluk|tum|f1|orta|taze|p0,0,0,EVET,0.0066,0
h2|ihracci_anahtari|gunluk|tum|f1|orta|taze|p1,0,0,EVET,0.007,0
h2|ihracci_anahtari|gunluk|tum|f1|orta|taze|p2,0,0,EVET,0.007,0
h2|ihracci_anahtari|gunluk|tum|f1|orta|taze|p3,0,0,EVET,0.0107,0
h2|ihracci_anahtari|gunluk|tum|f1|orta|taze|p4,0,0,EVET,0.0099,0
h2|ihracci_anahtari|gunluk|tum|f1|orta|sabit|p0,0,0,EVET,0.0052,0
h2|ihracci_anahtari|gunluk|tum|f1|orta|sabit|p1,0,0,EVET,0.0051,0
h2|ihracci_anahtari|gunluk|tum|f1|orta|sabit|p2,0,0,EVET,0.0064,0
h2|ihracci_anahtari|gunluk|tum|f1|orta|sabit|p3,0,0,EVET,0.0122,0
h2|ihracci_anahtari|gunluk|tum|f1|orta|sabit|p4,0,0,EVET,0.0092,0
h2|ihracci_anahtari|gunluk|tum|f1|orta|onbellek|p0,0,0,EVET,0.0063,0
h2|ihracci_anahtari|gunluk|tum|f1|orta|onbellek|p1,0,0,EVET,0.0073,0
h2|ihracci_anahtari|gunluk|tum|f1|orta|onbellek|p2,0,0,EVET,0.0072,0
h2|ihracci_anahtari|gunluk|tum|f1|orta|onbellek|p3,0,0,EVET,0.0097,0
h2|ihracci_anahtari|gunluk|tum|f1|orta|onbellek|p4,0,0,EVET,0.0089,0
h2|ihracci_anahtari|gunluk|tum|f1|yavas|taze|p0,0,0,EVET,0.0066,0
h2|ihracci_anahtari|gunluk|tum|f1|yavas|taze|p1,0,0,EVET,0.0066,0
h2|ihracci_anahtari|gunluk|tum|f1|yavas|taze|p2,0,0,EVET,0.0075,0
h2|ihracci_anahtari|gunluk|tum|f1|yavas|taze|p3,0,0,EVET,0.012,0
h2|ihracci_anahtari|gunluk|tum|f1|yavas|taze|p4,0,0,EVET,0.0098,0
h2|ihracci_anahtari|gunluk|tum|f1|yavas|sabit|p0,0,0,EVET,0.0057,0
h2|ihracci_anahtari|gunluk|tum|f1|yavas|sabit|p1,0,0,EVET,0.0051,0
h2|ihracci_anahtari|gunluk|tum|f1|yavas|sabit|p2,0,0,EVET,0.0054,0
h2|ihracci_anahtari|gunluk|tum|f1|yavas|sabit|p3,0,0,EVET,0.0097,0
h2|ihracci_anahtari|gunluk|tum|f1|yavas|sabit|p4,0,0,EVET,0.0089,0
h2|ihracci_anahtari|gunluk|tum|f1|yavas|onbellek|p0,0,0,EVET,0.0066,0
h2|ihracci_anahtari|gunluk|tum|f1|yavas|onbellek|p1,0,0,EVET,0.0065,0
h2|ihracci_anahtari|gunluk|tum|f1|yavas|onbellek|p2,0,0,EVET,0.0065,0
h2|ihracci_anahtari|gunluk|tum|f1|yavas|onbellek|p3,0,0,EVET,0.0111,0
h2|ihracci_anahtari|gunluk|tum|f1|yavas|onbellek|p4,0,0,EVET,0.0094,0
h2|ihracci_anahtari|gunluk|tum|f2|hizli|taze|p0,0,0,EVET,0.0058,0
h2|ihracci_anahtari|gunluk|tum|f2|hizli|taze|p1,0,0,EVET,0.0071,0
h2|ihracci_anahtari|gunluk|tum|f2|hizli|taze|p2,0,0,EVET,0.0073,0
h2|ihracci_anahtari|gunluk|tum|f2|hizli|taze|p3,0,0,EVET,0.0095,0
h2|ihracci_anahtari|gunluk|tum|f2|hizli|taze|p4,0,0,EVET,0.009,0
h2|ihracci_anahtari|gunluk|tum|f2|hizli|sabit|p0,0,0,EVET,0.0058,0
h2|ihracci_anahtari|gunluk|tum|f2|hizli|sabit|p1,0,0,EVET,0.0061,0
h2|ihracci_anahtari|gunluk|tum|f2|hizli|sabit|p2,0,0,EVET,0.0056,0
h2|ihracci_anahtari|gunluk|tum|f2|hizli|sabit|p3,0,0,EVET,0.0106,0
h2|ihracci_anahtari|gunluk|tum|f2|hizli|sabit|p4,0,0,EVET,0.0089,0
h2|ihracci_anahtari|gunluk|tum|f2|hizli|onbellek|p0,0,0,EVET,0.0057,0
h2|ihracci_anahtari|gunluk|tum|f2|hizli|onbellek|p1,0,0,EVET,0.0073,0
h2|ihracci_anahtari|gunluk|tum|f2|hizli|onbellek|p2,0,0,EVET,0.0069,0
h2|ihracci_anahtari|gunluk|tum|f2|hizli|onbellek|p3,0,0,EVET,0.0105,0
h2|ihracci_anahtari|gunluk|tum|f2|hizli|onbellek|p4,0,0,EVET,0.0105,0
h2|ihracci_anahtari|gunluk|tum|f2|orta|taze|p0,0,0,EVET,0.0059,0
h2|ihracci_anahtari|gunluk|tum|f2|orta|taze|p1,0,0,EVET,0.0057,0
h2|ihracci_anahtari|gunluk|tum|f2|orta|taze|p2,0,0,EVET,0.0069,0
h2|ihracci_anahtari|gunluk|tum|f2|orta|taze|p3,0,0,EVET,0.0105,0
h2|ihracci_anahtari|gunluk|tum|f2|orta|taze|p4,0,0,EVET,0.0113,0
h2|ihracci_anahtari|gunluk|tum|f2|orta|sabit|p0,0,0,EVET,0.0064,0
h2|ihracci_anahtari|gunluk|tum|f2|orta|sabit|p1,0,0,EVET,0.0051,0
h2|ihracci_anahtari|gunluk|tum|f2|orta|sabit|p2,0,0,EVET,0.005,0
h2|ihracci_anahtari|gunluk|tum|f2|orta|sabit|p3,0,0,EVET,0.011,0
h2|ihracci_anahtari|gunluk|tum|f2|orta|sabit|p4,0,0,EVET,0.0099,0
h2|ihracci_anahtari|gunluk|tum|f2|orta|onbellek|p0,0,0,EVET,0.0058,0
h2|ihracci_anahtari|gunluk|tum|f2|orta|onbellek|p1,0,0,EVET,0.0061,0
h2|ihracci_anahtari|gunluk|tum|f2|orta|onbellek|p2,0,0,EVET,0.0058,0
h2|ihracci_anahtari|gunluk|tum|f2|orta|onbellek|p3,0,0,EVET,0.0095,0
h2|ihracci_anahtari|gunluk|tum|f2|orta|onbellek|p4,0,0,EVET,0.0096,0
h2|ihracci_anahtari|gunluk|tum|f2|yavas|taze|p0,0,0,EVET,0.0063,0
h2|ihracci_anahtari|gunluk|tum|f2|yavas|taze|p1,0,0,EVET,0.0057,0
h2|ihracci_anahtari|gunluk|tum|f2|yavas|taze|p2,0,0,EVET,0.0056,0
h2|ihracci_anahtari|gunluk|tum|f2|yavas|taze|p3,0,0,EVET,0.011,0
h2|ihracci_anahtari|gunluk|tum|f2|yavas|taze|p4,0,0,EVET,0.0102,0
h2|ihracci_anahtari|gunluk|tum|f2|yavas|sabit|p0,0,0,EVET,0.0052,0
h2|ihracci_anahtari|gunluk|tum|f2|yavas|sabit|p1,0,0,EVET,0.005,0
h2|ihracci_anahtari|gunluk|tum|f2|yavas|sabit|p2,0,0,EVET,0.0062,0
h2|ihracci_anahtari|gunluk|tum|f2|yavas|sabit|p3,0,0,EVET,0.0118,0
h2|ihracci_anahtari|gunluk|tum|f2|yavas|sabit|p4,0,0,EVET,0.0095,0
h2|ihracci_anahtari|gunluk|tum|f2|yavas|onbellek|p0,0,0,EVET,0.0059,0
h2|ihracci_anahtari|gunluk|tum|f2|yavas|onbellek|p1,0,0,EVET,0.0057,0
h2|ihracci_anahtari|gunluk|tum|f2|yavas|onbellek|p2,0,0,EVET,0.0057,0
h2|ihracci_anahtari|gunluk|tum|f2|yavas|onbellek|p3,0,0,EVET,0.0095,0
h2|ihracci_anahtari|gunluk|tum|f2|yavas|onbellek|p4,0,0,EVET,0.0088,0
h2|ihracci_anahtari|gunluk|tum|f3|hizli|taze|p0,0,0,EVET,0.007,0
h2|ihracci_anahtari|gunluk|tum|f3|hizli|taze|p1,0,0,EVET,0.0071,0
h2|ihracci_anahtari|gunluk|tum|f3|hizli|taze|p2,0,0,EVET,0.007,0
h2|ihracci_anahtari|gunluk|tum|f3|hizli|taze|p3,0,0,EVET,0.0117,0
h2|ihracci_anahtari|gunluk|tum|f3|hizli|taze|p4,0,0,EVET,0.0088,0
h2|ihracci_anahtari|gunluk|tum|f3|hizli|sabit|p0,0,0,EVET,0.005,0
h2|ihracci_anahtari|gunluk|tum|f3|hizli|sabit|p1,0,0,EVET,0.0056,0
h2|ihracci_anahtari|gunluk|tum|f3|hizli|sabit|p2,0,0,EVET,0.0055,0
h2|ihracci_anahtari|gunluk|tum|f3|hizli|sabit|p3,0,0,EVET,0.0106,0
h2|ihracci_anahtari|gunluk|tum|f3|hizli|sabit|p4,0,0,EVET,0.0096,0
h2|ihracci_anahtari|gunluk|tum|f3|hizli|onbellek|p0,0,0,EVET,0.006,0
h2|ihracci_anahtari|gunluk|tum|f3|hizli|onbellek|p1,0,0,EVET,0.0057,0
h2|ihracci_anahtari|gunluk|tum|f3|hizli|onbellek|p2,0,0,EVET,0.007,0
h2|ihracci_anahtari|gunluk|tum|f3|hizli|onbellek|p3,0,0,EVET,0.0104,0
h2|ihracci_anahtari|gunluk|tum|f3|hizli|onbellek|p4,0,0,EVET,0.0086,0
h2|ihracci_anahtari|gunluk|tum|f3|orta|taze|p0,0,0,EVET,0.0056,0
h2|ihracci_anahtari|gunluk|tum|f3|orta|taze|p1,0,0,EVET,0.007,0
h2|ihracci_anahtari|gunluk|tum|f3|orta|taze|p2,0,0,EVET,0.0067,0
h2|ihracci_anahtari|gunluk|tum|f3|orta|taze|p3,0,0,EVET,0.0114,0
h2|ihracci_anahtari|gunluk|tum|f3|orta|taze|p4,0,0,EVET,0.0105,0
h2|ihracci_anahtari|gunluk|tum|f3|orta|sabit|p0,0,0,EVET,0.0055,0
h2|ihracci_anahtari|gunluk|tum|f3|orta|sabit|p1,0,0,EVET,0.0055,0
h2|ihracci_anahtari|gunluk|tum|f3|orta|sabit|p2,0,0,EVET,0.005,0
h2|ihracci_anahtari|gunluk|tum|f3|orta|sabit|p3,0,0,EVET,0.0093,0
h2|ihracci_anahtari|gunluk|tum|f3|orta|sabit|p4,0,0,EVET,0.0085,0
h2|ihracci_anahtari|gunluk|tum|f3|orta|onbellek|p0,0,0,EVET,0.0056,0
h2|ihracci_anahtari|gunluk|tum|f3|orta|onbellek|p1,0,0,EVET,0.0068,0
h2|ihracci_anahtari|gunluk|tum|f3|orta|onbellek|p2,0,0,EVET,0.007,0
h2|ihracci_anahtari|gunluk|tum|f3|orta|onbellek|p3,0,0,EVET,0.0095,0
h2|ihracci_anahtari|gunluk|tum|f3|orta|onbellek|p4,0,0,EVET,0.0102,0
h2|ihracci_anahtari|gunluk|tum|f3|yavas|taze|p0,0,0,EVET,0.0064,0
h2|ihracci_anahtari|gunluk|tum|f3|yavas|taze|p1,0,0,EVET,0.0065,0
h2|ihracci_anahtari|gunluk|tum|f3|yavas|taze|p2,0,0,EVET,0.0063,0
h2|ihracci_anahtari|gunluk|tum|f3|yavas|taze|p3,0,0,EVET,0.0104,0
h2|ihracci_anahtari|gunluk|tum|f3|yavas|taze|p4,0,0,EVET,0.0087,0
h2|ihracci_anahtari|gunluk|tum|f3|yavas|sabit|p0,0,0,EVET,0.0052,0
h2|ihracci_anahtari|gunluk|tum|f3|yavas|sabit|p1,0,0,EVET,0.0061,0
h2|ihracci_anahtari|gunluk|tum|f3|yavas|sabit|p2,0,0,EVET,0.005,0
h2|ihracci_anahtari|gunluk|tum|f3|yavas|sabit|p3,0,0,EVET,0.0106,0
h2|ihracci_anahtari|gunluk|tum|f3|yavas|sabit|p4,0,0,EVET,0.0099,0
h2|ihracci_anahtari|gunluk|tum|f3|yavas|onbellek|p0,0,0,EVET,0.0057,0
h2|ihracci_anahtari|gunluk|tum|f3|yavas|onbellek|p1,0,0,EVET,0.0056,0
h2|ihracci_anahtari|gunluk|tum|f3|yavas|onbellek|p2,0,0,EVET,0.0057,0
h2|ihracci_anahtari|gunluk|tum|f3|yavas|onbellek|p3,0,0,EVET,0.0094,0
h2|ihracci_anahtari|gunluk|tum|f3|yavas|onbellek|p4,0,0,EVET,0.0109,0
h2|ihracci_anahtari|gecici|g1|f1|hizli|taze|p0,0,0,EVET,0.0045,0
h2|ihracci_anahtari|gecici|g1|f1|hizli|taze|p1,0,0,EVET,0.0046,0
h2|ihracci_anahtari|gecici|g1|f1|hizli|taze|p2,0,0,EVET,0.0043,0
h2|ihracci_anahtari|gecici|g1|f1|hizli|taze|p3,0,0,EVET,0.0079,0
h2|ihracci_anahtari|gecici|g1|f1|hizli|taze|p4,2,2,EVET,0.034,0
h2|ihracci_anahtari|gecici|g1|f1|hizli|sabit|p0,0,0,EVET,0.003,0
h2|ihracci_anahtari|gecici|g1|f1|hizli|sabit|p1,0,0,EVET,0.0028,0
h2|ihracci_anahtari|gecici|g1|f1|hizli|sabit|p2,0,0,EVET,0.003,0
h2|ihracci_anahtari|gecici|g1|f1|hizli|sabit|p3,0,0,EVET,0.0065,0
h2|ihracci_anahtari|gecici|g1|f1|hizli|sabit|p4,2,2,EVET,0.0331,0
h2|ihracci_anahtari|gecici|g1|f1|hizli|onbellek|p0,0,0,EVET,0.0046,0
h2|ihracci_anahtari|gecici|g1|f1|hizli|onbellek|p1,0,0,EVET,0.0036,0
h2|ihracci_anahtari|gecici|g1|f1|hizli|onbellek|p2,0,0,EVET,0.0036,0
h2|ihracci_anahtari|gecici|g1|f1|hizli|onbellek|p3,0,0,EVET,0.0071,0
h2|ihracci_anahtari|gecici|g1|f1|hizli|onbellek|p4,2,2,EVET,0.0317,0
h2|ihracci_anahtari|gecici|g1|f1|orta|taze|p0,0,0,EVET,0.0036,0
h2|ihracci_anahtari|gecici|g1|f1|orta|taze|p1,0,0,EVET,0.0036,0
h2|ihracci_anahtari|gecici|g1|f1|orta|taze|p2,0,0,EVET,0.0044,0
h2|ihracci_anahtari|gecici|g1|f1|orta|taze|p3,0,0,EVET,0.0077,0
h2|ihracci_anahtari|gecici|g1|f1|orta|taze|p4,2,2,EVET,0.0286,0
h2|ihracci_anahtari|gecici|g1|f1|orta|sabit|p0,0,0,EVET,0.003,0
h2|ihracci_anahtari|gecici|g1|f1|orta|sabit|p1,0,0,EVET,0.0034,0
h2|ihracci_anahtari|gecici|g1|f1|orta|sabit|p2,0,0,EVET,0.0031,0
h2|ihracci_anahtari|gecici|g1|f1|orta|sabit|p3,0,0,EVET,0.0064,0
h2|ihracci_anahtari|gecici|g1|f1|orta|sabit|p4,2,2,EVET,0.0287,0
h2|ihracci_anahtari|gecici|g1|f1|orta|onbellek|p0,0,0,EVET,0.0044,0
h2|ihracci_anahtari|gecici|g1|f1|orta|onbellek|p1,0,0,EVET,0.0045,0
h2|ihracci_anahtari|gecici|g1|f1|orta|onbellek|p2,0,0,EVET,0.0037,0
h2|ihracci_anahtari|gecici|g1|f1|orta|onbellek|p3,0,0,EVET,0.0065,0
h2|ihracci_anahtari|gecici|g1|f1|orta|onbellek|p4,2,2,EVET,0.0328,0
h2|ihracci_anahtari|gecici|g1|f1|yavas|taze|p0,0,0,EVET,0.0041,0
h2|ihracci_anahtari|gecici|g1|f1|yavas|taze|p1,0,0,EVET,0.004,0
h2|ihracci_anahtari|gecici|g1|f1|yavas|taze|p2,0,0,EVET,0.0039,0
h2|ihracci_anahtari|gecici|g1|f1|yavas|taze|p3,0,0,EVET,0.0083,0
h2|ihracci_anahtari|gecici|g1|f1|yavas|taze|p4,2,2,EVET,0.0352,0
h2|ihracci_anahtari|gecici|g1|f1|yavas|sabit|p0,0,0,EVET,0.003,0
h2|ihracci_anahtari|gecici|g1|f1|yavas|sabit|p1,0,0,EVET,0.0029,0
h2|ihracci_anahtari|gecici|g1|f1|yavas|sabit|p2,0,0,EVET,0.003,0
h2|ihracci_anahtari|gecici|g1|f1|yavas|sabit|p3,0,0,EVET,0.0064,0
h2|ihracci_anahtari|gecici|g1|f1|yavas|sabit|p4,2,2,EVET,0.0336,0
h2|ihracci_anahtari|gecici|g1|f1|yavas|onbellek|p0,0,0,EVET,0.0049,0
h2|ihracci_anahtari|gecici|g1|f1|yavas|onbellek|p1,0,0,EVET,0.004,0
h2|ihracci_anahtari|gecici|g1|f1|yavas|onbellek|p2,0,0,EVET,0.0036,0
h2|ihracci_anahtari|gecici|g1|f1|yavas|onbellek|p3,0,0,EVET,0.0065,0
h2|ihracci_anahtari|gecici|g1|f1|yavas|onbellek|p4,2,2,EVET,0.0291,0
h2|ihracci_anahtari|gecici|g1|f2|hizli|taze|p0,0,0,EVET,0.0042,0
h2|ihracci_anahtari|gecici|g1|f2|hizli|taze|p1,0,0,EVET,0.0041,0
h2|ihracci_anahtari|gecici|g1|f2|hizli|taze|p2,0,0,EVET,0.0035,0
h2|ihracci_anahtari|gecici|g1|f2|hizli|taze|p3,0,0,EVET,0.0063,0
h2|ihracci_anahtari|gecici|g1|f2|hizli|taze|p4,2,2,EVET,0.0221,0
h2|ihracci_anahtari|gecici|g1|f2|hizli|sabit|p0,0,0,EVET,0.003,0
h2|ihracci_anahtari|gecici|g1|f2|hizli|sabit|p1,0,0,EVET,0.0036,0
h2|ihracci_anahtari|gecici|g1|f2|hizli|sabit|p2,0,0,EVET,0.0035,0
h2|ihracci_anahtari|gecici|g1|f2|hizli|sabit|p3,0,0,EVET,0.0071,0
h2|ihracci_anahtari|gecici|g1|f2|hizli|sabit|p4,2,2,EVET,0.0221,0
h2|ihracci_anahtari|gecici|g1|f2|hizli|onbellek|p0,0,0,EVET,0.0038,0
h2|ihracci_anahtari|gecici|g1|f2|hizli|onbellek|p1,0,0,EVET,0.0037,0
h2|ihracci_anahtari|gecici|g1|f2|hizli|onbellek|p2,0,0,EVET,0.0036,0
h2|ihracci_anahtari|gecici|g1|f2|hizli|onbellek|p3,0,0,EVET,0.0064,0
h2|ihracci_anahtari|gecici|g1|f2|hizli|onbellek|p4,2,2,EVET,0.0263,0
h2|ihracci_anahtari|gecici|g1|f2|orta|taze|p0,0,0,EVET,0.0043,0
h2|ihracci_anahtari|gecici|g1|f2|orta|taze|p1,0,0,EVET,0.0035,0
h2|ihracci_anahtari|gecici|g1|f2|orta|taze|p2,0,0,EVET,0.0035,0
h2|ihracci_anahtari|gecici|g1|f2|orta|taze|p3,0,0,EVET,0.0072,0
h2|ihracci_anahtari|gecici|g1|f2|orta|taze|p4,2,2,EVET,0.0239,0
h2|ihracci_anahtari|gecici|g1|f2|orta|sabit|p0,0,0,EVET,0.0032,0
h2|ihracci_anahtari|gecici|g1|f2|orta|sabit|p1,0,0,EVET,0.0031,0
h2|ihracci_anahtari|gecici|g1|f2|orta|sabit|p2,0,0,EVET,0.0029,0
h2|ihracci_anahtari|gecici|g1|f2|orta|sabit|p3,0,0,EVET,0.0068,0
h2|ihracci_anahtari|gecici|g1|f2|orta|sabit|p4,2,2,EVET,0.0194,0
h2|ihracci_anahtari|gecici|g1|f2|orta|onbellek|p0,0,0,EVET,0.0035,0
h2|ihracci_anahtari|gecici|g1|f2|orta|onbellek|p1,0,0,EVET,0.0058,0
h2|ihracci_anahtari|gecici|g1|f2|orta|onbellek|p2,0,0,EVET,0.0049,0
h2|ihracci_anahtari|gecici|g1|f2|orta|onbellek|p3,0,0,EVET,0.0083,0
h2|ihracci_anahtari|gecici|g1|f2|orta|onbellek|p4,2,2,EVET,0.0273,0
h2|ihracci_anahtari|gecici|g1|f2|yavas|taze|p0,0,0,EVET,0.005,0
h2|ihracci_anahtari|gecici|g1|f2|yavas|taze|p1,0,0,EVET,0.0043,0
h2|ihracci_anahtari|gecici|g1|f2|yavas|taze|p2,0,0,EVET,0.0037,0
h2|ihracci_anahtari|gecici|g1|f2|yavas|taze|p3,0,0,EVET,0.0067,0
h2|ihracci_anahtari|gecici|g1|f2|yavas|taze|p4,2,2,EVET,0.0233,0
h2|ihracci_anahtari|gecici|g1|f2|yavas|sabit|p0,0,0,EVET,0.0029,0
h2|ihracci_anahtari|gecici|g1|f2|yavas|sabit|p1,0,0,EVET,0.0032,0
h2|ihracci_anahtari|gecici|g1|f2|yavas|sabit|p2,0,0,EVET,0.0029,0
h2|ihracci_anahtari|gecici|g1|f2|yavas|sabit|p3,0,0,EVET,0.0078,0
h2|ihracci_anahtari|gecici|g1|f2|yavas|sabit|p4,2,2,EVET,0.0242,0
h2|ihracci_anahtari|gecici|g1|f2|yavas|onbellek|p0,0,0,EVET,0.0041,0
h2|ihracci_anahtari|gecici|g1|f2|yavas|onbellek|p1,0,0,EVET,0.0039,0
h2|ihracci_anahtari|gecici|g1|f2|yavas|onbellek|p2,0,0,EVET,0.0046,0
h2|ihracci_anahtari|gecici|g1|f2|yavas|onbellek|p3,0,0,EVET,0.0083,0
h2|ihracci_anahtari|gecici|g1|f2|yavas|onbellek|p4,2,2,EVET,0.0247,0
h2|ihracci_anahtari|gecici|g1|f3|hizli|taze|p0,1,1,EVET,0.0077,0
h2|ihracci_anahtari|gecici|g1|f3|hizli|taze|p1,1,1,EVET,0.0073,0
h2|ihracci_anahtari|gecici|g1|f3|hizli|taze|p2,1,1,EVET,0.0072,0
h2|ihracci_anahtari|gecici|g1|f3|hizli|taze|p3,1,1,EVET,0.0138,0
h2|ihracci_anahtari|gecici|g1|f3|hizli|taze|p4,1,1,EVET,0.0119,0
h2|ihracci_anahtari|gecici|g1|f3|hizli|sabit|p0,1,1,EVET,0.0102,0
h2|ihracci_anahtari|gecici|g1|f3|hizli|sabit|p1,1,1,EVET,0.0059,0
h2|ihracci_anahtari|gecici|g1|f3|hizli|sabit|p2,1,1,EVET,0.0059,0
h2|ihracci_anahtari|gecici|g1|f3|hizli|sabit|p3,1,1,EVET,0.0126,0
h2|ihracci_anahtari|gecici|g1|f3|hizli|sabit|p4,1,1,EVET,0.011,0
h2|ihracci_anahtari|gecici|g1|f3|hizli|onbellek|p0,1,1,EVET,0.0065,0
h2|ihracci_anahtari|gecici|g1|f3|hizli|onbellek|p1,1,1,EVET,0.0065,0
h2|ihracci_anahtari|gecici|g1|f3|hizli|onbellek|p2,1,1,EVET,0.0063,0
h2|ihracci_anahtari|gecici|g1|f3|hizli|onbellek|p3,1,1,EVET,0.0134,0
h2|ihracci_anahtari|gecici|g1|f3|hizli|onbellek|p4,1,1,EVET,0.0122,0
h2|ihracci_anahtari|gecici|g1|f3|orta|taze|p0,1,1,EVET,0.0064,0
h2|ihracci_anahtari|gecici|g1|f3|orta|taze|p1,1,1,EVET,0.0064,0
h2|ihracci_anahtari|gecici|g1|f3|orta|taze|p2,1,1,EVET,0.0077,0
h2|ihracci_anahtari|gecici|g1|f3|orta|taze|p3,1,1,EVET,0.0148,0
h2|ihracci_anahtari|gecici|g1|f3|orta|taze|p4,1,1,EVET,0.0141,0
h2|ihracci_anahtari|gecici|g1|f3|orta|sabit|p0,1,1,EVET,0.0065,0
h2|ihracci_anahtari|gecici|g1|f3|orta|sabit|p1,1,1,EVET,0.0052,0
h2|ihracci_anahtari|gecici|g1|f3|orta|sabit|p2,1,1,EVET,0.0057,0
h2|ihracci_anahtari|gecici|g1|f3|orta|sabit|p3,1,1,EVET,0.0124,0
h2|ihracci_anahtari|gecici|g1|f3|orta|sabit|p4,1,1,EVET,0.0118,0
h2|ihracci_anahtari|gecici|g1|f3|orta|onbellek|p0,1,1,EVET,0.0064,0
h2|ihracci_anahtari|gecici|g1|f3|orta|onbellek|p1,1,1,EVET,0.0063,0
h2|ihracci_anahtari|gecici|g1|f3|orta|onbellek|p2,1,1,EVET,0.0082,0
h2|ihracci_anahtari|gecici|g1|f3|orta|onbellek|p3,1,1,EVET,0.0147,0
h2|ihracci_anahtari|gecici|g1|f3|orta|onbellek|p4,1,1,EVET,0.0118,0
h2|ihracci_anahtari|gecici|g1|f3|yavas|taze|p0,1,1,EVET,0.0065,0
h2|ihracci_anahtari|gecici|g1|f3|yavas|taze|p1,1,1,EVET,0.0064,0
h2|ihracci_anahtari|gecici|g1|f3|yavas|taze|p2,1,1,EVET,0.0065,0
h2|ihracci_anahtari|gecici|g1|f3|yavas|taze|p3,1,1,EVET,0.0136,0
h2|ihracci_anahtari|gecici|g1|f3|yavas|taze|p4,1,1,EVET,0.0131,0
h2|ihracci_anahtari|gecici|g1|f3|yavas|sabit|p0,1,1,EVET,0.0056,0
h2|ihracci_anahtari|gecici|g1|f3|yavas|sabit|p1,1,1,EVET,0.0057,0
h2|ihracci_anahtari|gecici|g1|f3|yavas|sabit|p2,1,1,EVET,0.0053,0
h2|ihracci_anahtari|gecici|g1|f3|yavas|sabit|p3,1,1,EVET,0.0114,0
h2|ihracci_anahtari|gecici|g1|f3|yavas|sabit|p4,1,1,EVET,0.0108,0
h2|ihracci_anahtari|gecici|g1|f3|yavas|onbellek|p0,1,1,EVET,0.0063,0
h2|ihracci_anahtari|gecici|g1|f3|yavas|onbellek|p1,1,1,EVET,0.0066,0
h2|ihracci_anahtari|gecici|g1|f3|yavas|onbellek|p2,1,1,EVET,0.0064,0
h2|ihracci_anahtari|gecici|g1|f3|yavas|onbellek|p3,1,1,EVET,0.0149,0
h2|ihracci_anahtari|gecici|g1|f3|yavas|onbellek|p4,1,1,EVET,0.0121,0
h2|ihracci_anahtari|gecici|g2|f1|hizli|taze|p0,0,0,EVET,0.0049,0
h2|ihracci_anahtari|gecici|g2|f1|hizli|taze|p1,0,0,EVET,0.0048,0
h2|ihracci_anahtari|gecici|g2|f1|hizli|taze|p2,0,0,EVET,0.0046,0
h2|ihracci_anahtari|gecici|g2|f1|hizli|taze|p3,0,0,EVET,0.0083,0
h2|ihracci_anahtari|gecici|g2|f1|hizli|taze|p4,4,4,EVET,0.0665,0
h2|ihracci_anahtari|gecici|g2|f1|hizli|sabit|p0,0,0,EVET,0.0034,0
h2|ihracci_anahtari|gecici|g2|f1|hizli|sabit|p1,0,0,EVET,0.004,0
h2|ihracci_anahtari|gecici|g2|f1|hizli|sabit|p2,0,0,EVET,0.0038,0
h2|ihracci_anahtari|gecici|g2|f1|hizli|sabit|p3,0,0,EVET,0.0079,0
h2|ihracci_anahtari|gecici|g2|f1|hizli|sabit|p4,4,4,EVET,0.0614,0
h2|ihracci_anahtari|gecici|g2|f1|hizli|onbellek|p0,0,0,EVET,0.0049,0
h2|ihracci_anahtari|gecici|g2|f1|hizli|onbellek|p1,0,0,EVET,0.0048,0
h2|ihracci_anahtari|gecici|g2|f1|hizli|onbellek|p2,0,0,EVET,0.0041,0
h2|ihracci_anahtari|gecici|g2|f1|hizli|onbellek|p3,0,0,EVET,0.0069,0
h2|ihracci_anahtari|gecici|g2|f1|hizli|onbellek|p4,4,4,EVET,0.0653,0
h2|ihracci_anahtari|gecici|g2|f1|orta|taze|p0,0,0,EVET,0.0045,0
h2|ihracci_anahtari|gecici|g2|f1|orta|taze|p1,0,0,EVET,0.0046,0
h2|ihracci_anahtari|gecici|g2|f1|orta|taze|p2,0,0,EVET,0.0048,0
h2|ihracci_anahtari|gecici|g2|f1|orta|taze|p3,0,0,EVET,0.0089,0
h2|ihracci_anahtari|gecici|g2|f1|orta|taze|p4,4,4,EVET,0.065,0
h2|ihracci_anahtari|gecici|g2|f1|orta|sabit|p0,0,0,EVET,0.0034,0
h2|ihracci_anahtari|gecici|g2|f1|orta|sabit|p1,0,0,EVET,0.0035,0
h2|ihracci_anahtari|gecici|g2|f1|orta|sabit|p2,0,0,EVET,0.0039,0
h2|ihracci_anahtari|gecici|g2|f1|orta|sabit|p3,0,0,EVET,0.0082,0
h2|ihracci_anahtari|gecici|g2|f1|orta|sabit|p4,4,4,EVET,0.063,0
h2|ihracci_anahtari|gecici|g2|f1|orta|onbellek|p0,0,0,EVET,0.0043,0
h2|ihracci_anahtari|gecici|g2|f1|orta|onbellek|p1,0,0,EVET,0.004,0
h2|ihracci_anahtari|gecici|g2|f1|orta|onbellek|p2,0,0,EVET,0.004,0
h2|ihracci_anahtari|gecici|g2|f1|orta|onbellek|p3,0,0,EVET,0.0072,0
h2|ihracci_anahtari|gecici|g2|f1|orta|onbellek|p4,4,4,EVET,0.0604,0
h2|ihracci_anahtari|gecici|g2|f1|yavas|taze|p0,0,0,EVET,0.0048,0
h2|ihracci_anahtari|gecici|g2|f1|yavas|taze|p1,0,0,EVET,0.0048,0
h2|ihracci_anahtari|gecici|g2|f1|yavas|taze|p2,0,0,EVET,0.0041,0
h2|ihracci_anahtari|gecici|g2|f1|yavas|taze|p3,0,0,EVET,0.0071,0
h2|ihracci_anahtari|gecici|g2|f1|yavas|taze|p4,4,4,EVET,0.0635,0
h2|ihracci_anahtari|gecici|g2|f1|yavas|sabit|p0,0,0,EVET,0.0035,0
h2|ihracci_anahtari|gecici|g2|f1|yavas|sabit|p1,0,0,EVET,0.0032,0
h2|ihracci_anahtari|gecici|g2|f1|yavas|sabit|p2,0,0,EVET,0.0032,0
h2|ihracci_anahtari|gecici|g2|f1|yavas|sabit|p3,0,0,EVET,0.0088,0
h2|ihracci_anahtari|gecici|g2|f1|yavas|sabit|p4,4,4,EVET,0.0658,0
h2|ihracci_anahtari|gecici|g2|f1|yavas|onbellek|p0,0,0,EVET,0.0039,0
h2|ihracci_anahtari|gecici|g2|f1|yavas|onbellek|p1,0,0,EVET,0.0039,0
h2|ihracci_anahtari|gecici|g2|f1|yavas|onbellek|p2,0,0,EVET,0.004,0
h2|ihracci_anahtari|gecici|g2|f1|yavas|onbellek|p3,0,0,EVET,0.0084,0
h2|ihracci_anahtari|gecici|g2|f1|yavas|onbellek|p4,4,4,EVET,0.0662,0
h2|ihracci_anahtari|gecici|g2|f2|hizli|taze|p0,0,0,EVET,0.0047,0
h2|ihracci_anahtari|gecici|g2|f2|hizli|taze|p1,0,0,EVET,0.0045,0
h2|ihracci_anahtari|gecici|g2|f2|hizli|taze|p2,0,0,EVET,0.0046,0
h2|ihracci_anahtari|gecici|g2|f2|hizli|taze|p3,0,0,EVET,0.0084,0
h2|ihracci_anahtari|gecici|g2|f2|hizli|taze|p4,4,4,EVET,0.0491,0
h2|ihracci_anahtari|gecici|g2|f2|hizli|sabit|p0,0,0,EVET,0.0033,0
h2|ihracci_anahtari|gecici|g2|f2|hizli|sabit|p1,0,0,EVET,0.0032,0
h2|ihracci_anahtari|gecici|g2|f2|hizli|sabit|p2,0,0,EVET,0.0041,0
h2|ihracci_anahtari|gecici|g2|f2|hizli|sabit|p3,0,0,EVET,0.0085,0
h2|ihracci_anahtari|gecici|g2|f2|hizli|sabit|p4,4,4,EVET,0.0462,0
h2|ihracci_anahtari|gecici|g2|f2|hizli|onbellek|p0,0,0,EVET,0.004,0
h2|ihracci_anahtari|gecici|g2|f2|hizli|onbellek|p1,0,0,EVET,0.0044,0
h2|ihracci_anahtari|gecici|g2|f2|hizli|onbellek|p2,0,0,EVET,0.0042,0
h2|ihracci_anahtari|gecici|g2|f2|hizli|onbellek|p3,0,0,EVET,0.0087,0
h2|ihracci_anahtari|gecici|g2|f2|hizli|onbellek|p4,4,4,EVET,0.0465,0
h2|ihracci_anahtari|gecici|g2|f2|orta|taze|p0,0,0,EVET,0.004,0
h2|ihracci_anahtari|gecici|g2|f2|orta|taze|p1,0,0,EVET,0.0039,0
h2|ihracci_anahtari|gecici|g2|f2|orta|taze|p2,0,0,EVET,0.0042,0
h2|ihracci_anahtari|gecici|g2|f2|orta|taze|p3,0,0,EVET,0.0071,0
h2|ihracci_anahtari|gecici|g2|f2|orta|taze|p4,4,4,EVET,0.0492,0
h2|ihracci_anahtari|gecici|g2|f2|orta|sabit|p0,0,0,EVET,0.0039,0
h2|ihracci_anahtari|gecici|g2|f2|orta|sabit|p1,0,0,EVET,0.0035,0
h2|ihracci_anahtari|gecici|g2|f2|orta|sabit|p2,0,0,EVET,0.0035,0
h2|ihracci_anahtari|gecici|g2|f2|orta|sabit|p3,0,0,EVET,0.007,0
h2|ihracci_anahtari|gecici|g2|f2|orta|sabit|p4,4,4,EVET,0.0453,0
h2|ihracci_anahtari|gecici|g2|f2|orta|onbellek|p0,0,0,EVET,0.0043,0
h2|ihracci_anahtari|gecici|g2|f2|orta|onbellek|p1,0,0,EVET,0.0042,0
h2|ihracci_anahtari|gecici|g2|f2|orta|onbellek|p2,0,0,EVET,0.0042,0
h2|ihracci_anahtari|gecici|g2|f2|orta|onbellek|p3,0,0,EVET,0.0076,0
h2|ihracci_anahtari|gecici|g2|f2|orta|onbellek|p4,4,4,EVET,0.0446,0
h2|ihracci_anahtari|gecici|g2|f2|yavas|taze|p0,0,0,EVET,0.004,0
h2|ihracci_anahtari|gecici|g2|f2|yavas|taze|p1,0,0,EVET,0.0048,0
h2|ihracci_anahtari|gecici|g2|f2|yavas|taze|p2,0,0,EVET,0.0046,0
h2|ihracci_anahtari|gecici|g2|f2|yavas|taze|p3,0,0,EVET,0.0079,0
h2|ihracci_anahtari|gecici|g2|f2|yavas|taze|p4,4,4,EVET,0.0457,0
h2|ihracci_anahtari|gecici|g2|f2|yavas|sabit|p0,0,0,EVET,0.0035,0
h2|ihracci_anahtari|gecici|g2|f2|yavas|sabit|p1,0,0,EVET,0.0035,0
h2|ihracci_anahtari|gecici|g2|f2|yavas|sabit|p2,0,0,EVET,0.004,0
h2|ihracci_anahtari|gecici|g2|f2|yavas|sabit|p3,0,0,EVET,0.0083,0
h2|ihracci_anahtari|gecici|g2|f2|yavas|sabit|p4,4,4,EVET,0.0502,0
h2|ihracci_anahtari|gecici|g2|f2|yavas|onbellek|p0,0,0,EVET,0.0041,0
h2|ihracci_anahtari|gecici|g2|f2|yavas|onbellek|p1,0,0,EVET,0.0041,0
h2|ihracci_anahtari|gecici|g2|f2|yavas|onbellek|p2,0,0,EVET,0.0041,0
h2|ihracci_anahtari|gecici|g2|f2|yavas|onbellek|p3,0,0,EVET,0.0082,0
h2|ihracci_anahtari|gecici|g2|f2|yavas|onbellek|p4,4,4,EVET,0.0505,0
h2|ihracci_anahtari|gecici|g2|f3|hizli|taze|p0,1,1,EVET,0.0086,0
h2|ihracci_anahtari|gecici|g2|f3|hizli|taze|p1,1,1,EVET,0.0081,0
h2|ihracci_anahtari|gecici|g2|f3|hizli|taze|p2,1,1,EVET,0.0077,0
h2|ihracci_anahtari|gecici|g2|f3|hizli|taze|p3,1,1,EVET,0.0151,0
h2|ihracci_anahtari|gecici|g2|f3|hizli|taze|p4,1,1,EVET,0.014,0
h2|ihracci_anahtari|gecici|g2|f3|hizli|sabit|p0,1,1,EVET,0.0061,0
h2|ihracci_anahtari|gecici|g2|f3|hizli|sabit|p1,1,1,EVET,0.0061,0
h2|ihracci_anahtari|gecici|g2|f3|hizli|sabit|p2,1,1,EVET,0.006,0
h2|ihracci_anahtari|gecici|g2|f3|hizli|sabit|p3,1,1,EVET,0.0146,0
h2|ihracci_anahtari|gecici|g2|f3|hizli|sabit|p4,1,1,EVET,0.0138,0
h2|ihracci_anahtari|gecici|g2|f3|hizli|onbellek|p0,1,1,EVET,0.0086,0
h2|ihracci_anahtari|gecici|g2|f3|hizli|onbellek|p1,1,1,EVET,0.0083,0
h2|ihracci_anahtari|gecici|g2|f3|hizli|onbellek|p2,1,1,EVET,0.0088,0
h2|ihracci_anahtari|gecici|g2|f3|hizli|onbellek|p3,1,1,EVET,0.017,0
h2|ihracci_anahtari|gecici|g2|f3|hizli|onbellek|p4,1,1,EVET,0.0153,0
h2|ihracci_anahtari|gecici|g2|f3|orta|taze|p0,1,1,EVET,0.0085,0
h2|ihracci_anahtari|gecici|g2|f3|orta|taze|p1,1,1,EVET,0.0078,0
h2|ihracci_anahtari|gecici|g2|f3|orta|taze|p2,1,1,EVET,0.0077,0
h2|ihracci_anahtari|gecici|g2|f3|orta|taze|p3,1,1,EVET,0.0139,0
h2|ihracci_anahtari|gecici|g2|f3|orta|taze|p4,1,1,EVET,0.0138,0
h2|ihracci_anahtari|gecici|g2|f3|orta|sabit|p0,1,1,EVET,0.006,0
h2|ihracci_anahtari|gecici|g2|f3|orta|sabit|p1,1,1,EVET,0.0064,0
h2|ihracci_anahtari|gecici|g2|f3|orta|sabit|p2,1,1,EVET,0.0061,0
h2|ihracci_anahtari|gecici|g2|f3|orta|sabit|p3,1,1,EVET,0.0132,0
h2|ihracci_anahtari|gecici|g2|f3|orta|sabit|p4,1,1,EVET,0.0149,0
h2|ihracci_anahtari|gecici|g2|f3|orta|onbellek|p0,1,1,EVET,0.0084,0
h2|ihracci_anahtari|gecici|g2|f3|orta|onbellek|p1,1,1,EVET,0.0079,0
h2|ihracci_anahtari|gecici|g2|f3|orta|onbellek|p2,1,1,EVET,0.0077,0
h2|ihracci_anahtari|gecici|g2|f3|orta|onbellek|p3,1,1,EVET,0.015,0
h2|ihracci_anahtari|gecici|g2|f3|orta|onbellek|p4,1,1,EVET,0.0133,0
h2|ihracci_anahtari|gecici|g2|f3|yavas|taze|p0,1,1,EVET,0.008,0
h2|ihracci_anahtari|gecici|g2|f3|yavas|taze|p1,1,1,EVET,0.0076,0
h2|ihracci_anahtari|gecici|g2|f3|yavas|taze|p2,1,1,EVET,0.0085,0
h2|ihracci_anahtari|gecici|g2|f3|yavas|taze|p3,1,1,EVET,0.0162,0
h2|ihracci_anahtari|gecici|g2|f3|yavas|taze|p4,1,1,EVET,0.0151,0
h2|ihracci_anahtari|gecici|g2|f3|yavas|sabit|p0,1,1,EVET,0.006,0
h2|ihracci_anahtari|gecici|g2|f3|yavas|sabit|p1,1,1,EVET,0.0073,0
h2|ihracci_anahtari|gecici|g2|f3|yavas|sabit|p2,1,1,EVET,0.0073,0
h2|ihracci_anahtari|gecici|g2|f3|yavas|sabit|p3,1,1,EVET,0.0157,0
h2|ihracci_anahtari|gecici|g2|f3|yavas|sabit|p4,1,1,EVET,0.0149,0
h2|ihracci_anahtari|gecici|g2|f3|yavas|onbellek|p0,1,1,EVET,0.0074,0
h2|ihracci_anahtari|gecici|g2|f3|yavas|onbellek|p1,1,1,EVET,0.008,0
h2|ihracci_anahtari|gecici|g2|f3|yavas|onbellek|p2,1,1,EVET,0.0071,0
h2|ihracci_anahtari|gecici|g2|f3|yavas|onbellek|p3,1,1,EVET,0.0142,0
h2|ihracci_anahtari|gecici|g2|f3|yavas|onbellek|p4,1,1,EVET,0.0152,0
h2|ihracci_anahtari|gecici|g3|f1|hizli|taze|p0,0,0,EVET,0.0041,0
h2|ihracci_anahtari|gecici|g3|f1|hizli|taze|p1,0,0,EVET,0.0047,0
h2|ihracci_anahtari|gecici|g3|f1|hizli|taze|p2,0,0,EVET,0.0045,0
h2|ihracci_anahtari|gecici|g3|f1|hizli|taze|p3,0,0,EVET,0.0071,0
h2|ihracci_anahtari|gecici|g3|f1|hizli|taze|p4,2,2,EVET,0.0317,0
h2|ihracci_anahtari|gecici|g3|f1|hizli|sabit|p0,0,0,EVET,0.0037,0
h2|ihracci_anahtari|gecici|g3|f1|hizli|sabit|p1,0,0,EVET,0.0036,0
h2|ihracci_anahtari|gecici|g3|f1|hizli|sabit|p2,0,0,EVET,0.0035,0
h2|ihracci_anahtari|gecici|g3|f1|hizli|sabit|p3,0,0,EVET,0.0076,0
h2|ihracci_anahtari|gecici|g3|f1|hizli|sabit|p4,2,2,EVET,0.0339,0
h2|ihracci_anahtari|gecici|g3|f1|hizli|onbellek|p0,0,0,EVET,0.004,0
h2|ihracci_anahtari|gecici|g3|f1|hizli|onbellek|p1,0,0,EVET,0.0041,0
h2|ihracci_anahtari|gecici|g3|f1|hizli|onbellek|p2,0,0,EVET,0.0042,0
h2|ihracci_anahtari|gecici|g3|f1|hizli|onbellek|p3,0,0,EVET,0.0066,0
h2|ihracci_anahtari|gecici|g3|f1|hizli|onbellek|p4,2,2,EVET,0.0343,0
h2|ihracci_anahtari|gecici|g3|f1|orta|taze|p0,0,0,EVET,0.0037,0
h2|ihracci_anahtari|gecici|g3|f1|orta|taze|p1,0,0,EVET,0.0042,0
h2|ihracci_anahtari|gecici|g3|f1|orta|taze|p2,0,0,EVET,0.0046,0
h2|ihracci_anahtari|gecici|g3|f1|orta|taze|p3,0,0,EVET,0.0079,0
h2|ihracci_anahtari|gecici|g3|f1|orta|taze|p4,2,2,EVET,0.0661,0
h2|ihracci_anahtari|gecici|g3|f1|orta|sabit|p0,0,0,EVET,0.004,0
h2|ihracci_anahtari|gecici|g3|f1|orta|sabit|p1,0,0,EVET,0.0032,0
h2|ihracci_anahtari|gecici|g3|f1|orta|sabit|p2,0,0,EVET,0.0029,0
h2|ihracci_anahtari|gecici|g3|f1|orta|sabit|p3,0,0,EVET,0.0081,0
h2|ihracci_anahtari|gecici|g3|f1|orta|sabit|p4,2,2,EVET,0.0331,0
h2|ihracci_anahtari|gecici|g3|f1|orta|onbellek|p0,0,0,EVET,0.0042,0
h2|ihracci_anahtari|gecici|g3|f1|orta|onbellek|p1,0,0,EVET,0.0042,0
h2|ihracci_anahtari|gecici|g3|f1|orta|onbellek|p2,0,0,EVET,0.0039,0
h2|ihracci_anahtari|gecici|g3|f1|orta|onbellek|p3,0,0,EVET,0.0067,0
h2|ihracci_anahtari|gecici|g3|f1|orta|onbellek|p4,2,2,EVET,0.0361,0
h2|ihracci_anahtari|gecici|g3|f1|yavas|taze|p0,0,0,EVET,0.0044,0
h2|ihracci_anahtari|gecici|g3|f1|yavas|taze|p1,0,0,EVET,0.004,0
h2|ihracci_anahtari|gecici|g3|f1|yavas|taze|p2,0,0,EVET,0.0039,0
h2|ihracci_anahtari|gecici|g3|f1|yavas|taze|p3,0,0,EVET,0.0073,0
h2|ihracci_anahtari|gecici|g3|f1|yavas|taze|p4,2,2,EVET,0.0311,0
h2|ihracci_anahtari|gecici|g3|f1|yavas|sabit|p0,0,0,EVET,0.0038,0
h2|ihracci_anahtari|gecici|g3|f1|yavas|sabit|p1,0,0,EVET,0.0034,0
h2|ihracci_anahtari|gecici|g3|f1|yavas|sabit|p2,0,0,EVET,0.0031,0
h2|ihracci_anahtari|gecici|g3|f1|yavas|sabit|p3,0,0,EVET,0.0082,0
h2|ihracci_anahtari|gecici|g3|f1|yavas|sabit|p4,2,2,EVET,0.0362,0
h2|ihracci_anahtari|gecici|g3|f1|yavas|onbellek|p0,0,0,EVET,0.0049,0
h2|ihracci_anahtari|gecici|g3|f1|yavas|onbellek|p1,0,0,EVET,0.0045,0
h2|ihracci_anahtari|gecici|g3|f1|yavas|onbellek|p2,0,0,EVET,0.0046,0
h2|ihracci_anahtari|gecici|g3|f1|yavas|onbellek|p3,0,0,EVET,0.0069,0
h2|ihracci_anahtari|gecici|g3|f1|yavas|onbellek|p4,2,2,EVET,0.0363,0
h2|ihracci_anahtari|gecici|g3|f2|hizli|taze|p0,0,0,EVET,0.0044,0
h2|ihracci_anahtari|gecici|g3|f2|hizli|taze|p1,0,0,EVET,0.0046,0
h2|ihracci_anahtari|gecici|g3|f2|hizli|taze|p2,0,0,EVET,0.0047,0
h2|ihracci_anahtari|gecici|g3|f2|hizli|taze|p3,0,0,EVET,0.0081,0
h2|ihracci_anahtari|gecici|g3|f2|hizli|taze|p4,2,2,EVET,0.0218,0
h2|ihracci_anahtari|gecici|g3|f2|hizli|sabit|p0,0,0,EVET,0.0035,0
h2|ihracci_anahtari|gecici|g3|f2|hizli|sabit|p1,0,0,EVET,0.0034,0
h2|ihracci_anahtari|gecici|g3|f2|hizli|sabit|p2,0,0,EVET,0.0033,0
h2|ihracci_anahtari|gecici|g3|f2|hizli|sabit|p3,0,0,EVET,0.0066,0
h2|ihracci_anahtari|gecici|g3|f2|hizli|sabit|p4,2,2,EVET,0.0203,0
h2|ihracci_anahtari|gecici|g3|f2|hizli|onbellek|p0,0,0,EVET,0.0046,0
h2|ihracci_anahtari|gecici|g3|f2|hizli|onbellek|p1,0,0,EVET,0.0049,0
h2|ihracci_anahtari|gecici|g3|f2|hizli|onbellek|p2,0,0,EVET,0.0042,0
h2|ihracci_anahtari|gecici|g3|f2|hizli|onbellek|p3,0,0,EVET,0.0074,0
h2|ihracci_anahtari|gecici|g3|f2|hizli|onbellek|p4,2,2,EVET,0.0226,0
h2|ihracci_anahtari|gecici|g3|f2|orta|taze|p0,0,0,EVET,0.0037,0
h2|ihracci_anahtari|gecici|g3|f2|orta|taze|p1,0,0,EVET,0.0052,0
h2|ihracci_anahtari|gecici|g3|f2|orta|taze|p2,0,0,EVET,0.0049,0
h2|ihracci_anahtari|gecici|g3|f2|orta|taze|p3,0,0,EVET,0.0068,0
h2|ihracci_anahtari|gecici|g3|f2|orta|taze|p4,2,2,EVET,0.0226,0
h2|ihracci_anahtari|gecici|g3|f2|orta|sabit|p0,0,0,EVET,0.0043,0
h2|ihracci_anahtari|gecici|g3|f2|orta|sabit|p1,0,0,EVET,0.0035,0
h2|ihracci_anahtari|gecici|g3|f2|orta|sabit|p2,0,0,EVET,0.0035,0
h2|ihracci_anahtari|gecici|g3|f2|orta|sabit|p3,0,0,EVET,0.0084,0
h2|ihracci_anahtari|gecici|g3|f2|orta|sabit|p4,2,2,EVET,0.0264,0
h2|ihracci_anahtari|gecici|g3|f2|orta|onbellek|p0,0,0,EVET,0.0043,0
h2|ihracci_anahtari|gecici|g3|f2|orta|onbellek|p1,0,0,EVET,0.0053,0
h2|ihracci_anahtari|gecici|g3|f2|orta|onbellek|p2,0,0,EVET,0.0053,0
h2|ihracci_anahtari|gecici|g3|f2|orta|onbellek|p3,0,0,EVET,0.0106,0
h2|ihracci_anahtari|gecici|g3|f2|orta|onbellek|p4,2,2,EVET,0.0248,0
h2|ihracci_anahtari|gecici|g3|f2|yavas|taze|p0,0,0,EVET,0.0049,0
h2|ihracci_anahtari|gecici|g3|f2|yavas|taze|p1,0,0,EVET,0.0038,0
h2|ihracci_anahtari|gecici|g3|f2|yavas|taze|p2,0,0,EVET,0.0042,0
h2|ihracci_anahtari|gecici|g3|f2|yavas|taze|p3,0,0,EVET,0.0065,0
h2|ihracci_anahtari|gecici|g3|f2|yavas|taze|p4,2,2,EVET,0.0246,0
h2|ihracci_anahtari|gecici|g3|f2|yavas|sabit|p0,0,0,EVET,0.0036,0
h2|ihracci_anahtari|gecici|g3|f2|yavas|sabit|p1,0,0,EVET,0.004,0
h2|ihracci_anahtari|gecici|g3|f2|yavas|sabit|p2,0,0,EVET,0.0036,0
h2|ihracci_anahtari|gecici|g3|f2|yavas|sabit|p3,0,0,EVET,0.0072,0
h2|ihracci_anahtari|gecici|g3|f2|yavas|sabit|p4,2,2,EVET,0.023,0
h2|ihracci_anahtari|gecici|g3|f2|yavas|onbellek|p0,0,0,EVET,0.0036,0
h2|ihracci_anahtari|gecici|g3|f2|yavas|onbellek|p1,0,0,EVET,0.0034,0
h2|ihracci_anahtari|gecici|g3|f2|yavas|onbellek|p2,0,0,EVET,0.0045,0
h2|ihracci_anahtari|gecici|g3|f2|yavas|onbellek|p3,0,0,EVET,0.0064,0
h2|ihracci_anahtari|gecici|g3|f2|yavas|onbellek|p4,2,2,EVET,0.0252,0
h2|ihracci_anahtari|gecici|g3|f3|hizli|taze|p0,1,1,EVET,0.0074,0
h2|ihracci_anahtari|gecici|g3|f3|hizli|taze|p1,1,1,EVET,0.0065,0
h2|ihracci_anahtari|gecici|g3|f3|hizli|taze|p2,1,1,EVET,0.0063,0
h2|ihracci_anahtari|gecici|g3|f3|hizli|taze|p3,1,1,EVET,0.0154,0
h2|ihracci_anahtari|gecici|g3|f3|hizli|taze|p4,1,1,EVET,0.0148,0
h2|ihracci_anahtari|gecici|g3|f3|hizli|sabit|p0,1,1,EVET,0.0055,0
h2|ihracci_anahtari|gecici|g3|f3|hizli|sabit|p1,1,1,EVET,0.0054,0
h2|ihracci_anahtari|gecici|g3|f3|hizli|sabit|p2,1,1,EVET,0.0056,0
h2|ihracci_anahtari|gecici|g3|f3|hizli|sabit|p3,1,1,EVET,0.0115,0
h2|ihracci_anahtari|gecici|g3|f3|hizli|sabit|p4,1,1,EVET,0.0111,0
h2|ihracci_anahtari|gecici|g3|f3|hizli|onbellek|p0,1,1,EVET,0.0065,0
h2|ihracci_anahtari|gecici|g3|f3|hizli|onbellek|p1,1,1,EVET,0.0064,0
h2|ihracci_anahtari|gecici|g3|f3|hizli|onbellek|p2,1,1,EVET,0.0064,0
h2|ihracci_anahtari|gecici|g3|f3|hizli|onbellek|p3,1,1,EVET,0.0131,0
h2|ihracci_anahtari|gecici|g3|f3|hizli|onbellek|p4,1,1,EVET,0.0121,0
h2|ihracci_anahtari|gecici|g3|f3|orta|taze|p0,1,1,EVET,0.0081,0
h2|ihracci_anahtari|gecici|g3|f3|orta|taze|p1,1,1,EVET,0.0074,0
h2|ihracci_anahtari|gecici|g3|f3|orta|taze|p2,1,1,EVET,0.0091,0
h2|ihracci_anahtari|gecici|g3|f3|orta|taze|p3,1,1,EVET,0.013,0
h2|ihracci_anahtari|gecici|g3|f3|orta|taze|p4,1,1,EVET,0.0149,0
h2|ihracci_anahtari|gecici|g3|f3|orta|sabit|p0,1,1,EVET,0.0067,0
h2|ihracci_anahtari|gecici|g3|f3|orta|sabit|p1,1,1,EVET,0.0062,0
h2|ihracci_anahtari|gecici|g3|f3|orta|sabit|p2,1,1,EVET,0.0071,0
h2|ihracci_anahtari|gecici|g3|f3|orta|sabit|p3,1,1,EVET,0.0141,0
h2|ihracci_anahtari|gecici|g3|f3|orta|sabit|p4,1,1,EVET,0.0135,0
h2|ihracci_anahtari|gecici|g3|f3|orta|onbellek|p0,1,1,EVET,0.0085,0
h2|ihracci_anahtari|gecici|g3|f3|orta|onbellek|p1,1,1,EVET,0.0075,0
h2|ihracci_anahtari|gecici|g3|f3|orta|onbellek|p2,1,1,EVET,0.0074,0
h2|ihracci_anahtari|gecici|g3|f3|orta|onbellek|p3,1,1,EVET,0.0151,0
h2|ihracci_anahtari|gecici|g3|f3|orta|onbellek|p4,1,1,EVET,0.0149,0
h2|ihracci_anahtari|gecici|g3|f3|yavas|taze|p0,1,1,EVET,0.0066,0
h2|ihracci_anahtari|gecici|g3|f3|yavas|taze|p1,1,1,EVET,0.0066,0
h2|ihracci_anahtari|gecici|g3|f3|yavas|taze|p2,1,1,EVET,0.0064,0
h2|ihracci_anahtari|gecici|g3|f3|yavas|taze|p3,1,1,EVET,0.0125,0
h2|ihracci_anahtari|gecici|g3|f3|yavas|taze|p4,1,1,EVET,0.012,0
h2|ihracci_anahtari|gecici|g3|f3|yavas|sabit|p0,1,1,EVET,0.0065,0
h2|ihracci_anahtari|gecici|g3|f3|yavas|sabit|p1,1,1,EVET,0.0065,0
h2|ihracci_anahtari|gecici|g3|f3|yavas|sabit|p2,1,1,EVET,0.0054,0
h2|ihracci_anahtari|gecici|g3|f3|yavas|sabit|p3,1,1,EVET,0.0115,0
h2|ihracci_anahtari|gecici|g3|f3|yavas|sabit|p4,1,1,EVET,0.0145,0
h2|ihracci_anahtari|gecici|g3|f3|yavas|onbellek|p0,1,1,EVET,0.0082,0
h2|ihracci_anahtari|gecici|g3|f3|yavas|onbellek|p1,1,1,EVET,0.0079,0
h2|ihracci_anahtari|gecici|g3|f3|yavas|onbellek|p2,1,1,EVET,0.0081,0
h2|ihracci_anahtari|gecici|g3|f3|yavas|onbellek|p3,1,1,EVET,0.0153,0
h2|ihracci_anahtari|gecici|g3|f3|yavas|onbellek|p4,1,1,EVET,0.0146,0
h2|ihracci_anahtari|gecici|g4|f1|hizli|taze|p0,0,0,EVET,0.0026,0
h2|ihracci_anahtari|gecici|g4|f1|hizli|taze|p1,0,0,EVET,0.0026,0
h2|ihracci_anahtari|gecici|g4|f1|hizli|taze|p2,0,0,EVET,0.0032,0
h2|ihracci_anahtari|gecici|g4|f1|hizli|taze|p3,0,0,EVET,0.0047,0
h2|ihracci_anahtari|gecici|g4|f1|hizli|taze|p4,0,0,EVET,0.0036,0
h2|ihracci_anahtari|gecici|g4|f1|hizli|sabit|p0,0,0,EVET,0.0026,0
h2|ihracci_anahtari|gecici|g4|f1|hizli|sabit|p1,0,0,EVET,0.0036,0
h2|ihracci_anahtari|gecici|g4|f1|hizli|sabit|p2,0,0,EVET,0.0033,0
h2|ihracci_anahtari|gecici|g4|f1|hizli|sabit|p3,0,0,EVET,0.0044,0
h2|ihracci_anahtari|gecici|g4|f1|hizli|sabit|p4,0,0,EVET,0.005,0
h2|ihracci_anahtari|gecici|g4|f1|hizli|onbellek|p0,0,0,EVET,0.0034,0
h2|ihracci_anahtari|gecici|g4|f1|hizli|onbellek|p1,0,0,EVET,0.0037,0
h2|ihracci_anahtari|gecici|g4|f1|hizli|onbellek|p2,0,0,EVET,0.0026,0
h2|ihracci_anahtari|gecici|g4|f1|hizli|onbellek|p3,0,0,EVET,0.0036,0
h2|ihracci_anahtari|gecici|g4|f1|hizli|onbellek|p4,0,0,EVET,0.0036,0
h2|ihracci_anahtari|gecici|g4|f1|orta|taze|p0,0,0,EVET,0.0025,0
h2|ihracci_anahtari|gecici|g4|f1|orta|taze|p1,0,0,EVET,0.0034,0
h2|ihracci_anahtari|gecici|g4|f1|orta|taze|p2,0,0,EVET,0.0033,0
h2|ihracci_anahtari|gecici|g4|f1|orta|taze|p3,0,0,EVET,0.0037,0
h2|ihracci_anahtari|gecici|g4|f1|orta|taze|p4,0,0,EVET,0.0035,0
h2|ihracci_anahtari|gecici|g4|f1|orta|sabit|p0,0,0,EVET,0.0026,0
h2|ihracci_anahtari|gecici|g4|f1|orta|sabit|p1,0,0,EVET,0.0026,0
h2|ihracci_anahtari|gecici|g4|f1|orta|sabit|p2,0,0,EVET,0.0032,0
h2|ihracci_anahtari|gecici|g4|f1|orta|sabit|p3,0,0,EVET,0.0044,0
h2|ihracci_anahtari|gecici|g4|f1|orta|sabit|p4,0,0,EVET,0.0044,0
h2|ihracci_anahtari|gecici|g4|f1|orta|onbellek|p0,0,0,EVET,0.0026,0
h2|ihracci_anahtari|gecici|g4|f1|orta|onbellek|p1,0,0,EVET,0.0037,0
h2|ihracci_anahtari|gecici|g4|f1|orta|onbellek|p2,0,0,EVET,0.0032,0
h2|ihracci_anahtari|gecici|g4|f1|orta|onbellek|p3,0,0,EVET,0.0036,0
h2|ihracci_anahtari|gecici|g4|f1|orta|onbellek|p4,0,0,EVET,0.0035,0
h2|ihracci_anahtari|gecici|g4|f1|yavas|taze|p0,0,0,EVET,0.0032,0
h2|ihracci_anahtari|gecici|g4|f1|yavas|taze|p1,0,0,EVET,0.0032,0
h2|ihracci_anahtari|gecici|g4|f1|yavas|taze|p2,0,0,EVET,0.0026,0
h2|ihracci_anahtari|gecici|g4|f1|yavas|taze|p3,0,0,EVET,0.0036,0
h2|ihracci_anahtari|gecici|g4|f1|yavas|taze|p4,0,0,EVET,0.0043,0
h2|ihracci_anahtari|gecici|g4|f1|yavas|sabit|p0,0,0,EVET,0.003,0
h2|ihracci_anahtari|gecici|g4|f1|yavas|sabit|p1,0,0,EVET,0.0026,0
h2|ihracci_anahtari|gecici|g4|f1|yavas|sabit|p2,0,0,EVET,0.0025,0
h2|ihracci_anahtari|gecici|g4|f1|yavas|sabit|p3,0,0,EVET,0.0044,0
h2|ihracci_anahtari|gecici|g4|f1|yavas|sabit|p4,0,0,EVET,0.0044,0
h2|ihracci_anahtari|gecici|g4|f1|yavas|onbellek|p0,0,0,EVET,0.0031,0
h2|ihracci_anahtari|gecici|g4|f1|yavas|onbellek|p1,0,0,EVET,0.003,0
h2|ihracci_anahtari|gecici|g4|f1|yavas|onbellek|p2,0,0,EVET,0.0026,0
h2|ihracci_anahtari|gecici|g4|f1|yavas|onbellek|p3,0,0,EVET,0.0036,0
h2|ihracci_anahtari|gecici|g4|f1|yavas|onbellek|p4,0,0,EVET,0.0044,0
h2|ihracci_anahtari|gecici|g4|f2|hizli|taze|p0,0,0,EVET,0.0033,0
h2|ihracci_anahtari|gecici|g4|f2|hizli|taze|p1,0,0,EVET,0.0032,0
h2|ihracci_anahtari|gecici|g4|f2|hizli|taze|p2,0,0,EVET,0.0032,0
h2|ihracci_anahtari|gecici|g4|f2|hizli|taze|p3,0,0,EVET,0.0035,0
h2|ihracci_anahtari|gecici|g4|f2|hizli|taze|p4,0,0,EVET,0.0034,0
h2|ihracci_anahtari|gecici|g4|f2|hizli|sabit|p0,0,0,EVET,0.0025,0
h2|ihracci_anahtari|gecici|g4|f2|hizli|sabit|p1,0,0,EVET,0.0025,0
h2|ihracci_anahtari|gecici|g4|f2|hizli|sabit|p2,0,0,EVET,0.0025,0
h2|ihracci_anahtari|gecici|g4|f2|hizli|sabit|p3,0,0,EVET,0.0035,0
h2|ihracci_anahtari|gecici|g4|f2|hizli|sabit|p4,0,0,EVET,0.0043,0
h2|ihracci_anahtari|gecici|g4|f2|hizli|onbellek|p0,0,0,EVET,0.0031,0
h2|ihracci_anahtari|gecici|g4|f2|hizli|onbellek|p1,0,0,EVET,0.003,0
h2|ihracci_anahtari|gecici|g4|f2|hizli|onbellek|p2,0,0,EVET,0.0031,0
h2|ihracci_anahtari|gecici|g4|f2|hizli|onbellek|p3,0,0,EVET,0.0044,0
h2|ihracci_anahtari|gecici|g4|f2|hizli|onbellek|p4,0,0,EVET,0.0043,0
h2|ihracci_anahtari|gecici|g4|f2|orta|taze|p0,0,0,EVET,0.0033,0
h2|ihracci_anahtari|gecici|g4|f2|orta|taze|p1,0,0,EVET,0.0027,0
h2|ihracci_anahtari|gecici|g4|f2|orta|taze|p2,0,0,EVET,0.003,0
h2|ihracci_anahtari|gecici|g4|f2|orta|taze|p3,0,0,EVET,0.0047,0
h2|ihracci_anahtari|gecici|g4|f2|orta|taze|p4,0,0,EVET,0.0049,0
h2|ihracci_anahtari|gecici|g4|f2|orta|sabit|p0,0,0,EVET,0.0031,0
h2|ihracci_anahtari|gecici|g4|f2|orta|sabit|p1,0,0,EVET,0.0028,0
h2|ihracci_anahtari|gecici|g4|f2|orta|sabit|p2,0,0,EVET,0.0026,0
h2|ihracci_anahtari|gecici|g4|f2|orta|sabit|p3,0,0,EVET,0.0037,0
h2|ihracci_anahtari|gecici|g4|f2|orta|sabit|p4,0,0,EVET,0.0035,0
h2|ihracci_anahtari|gecici|g4|f2|orta|onbellek|p0,0,0,EVET,0.0026,0
h2|ihracci_anahtari|gecici|g4|f2|orta|onbellek|p1,0,0,EVET,0.0025,0
h2|ihracci_anahtari|gecici|g4|f2|orta|onbellek|p2,0,0,EVET,0.0033,0
h2|ihracci_anahtari|gecici|g4|f2|orta|onbellek|p3,0,0,EVET,0.0043,0
h2|ihracci_anahtari|gecici|g4|f2|orta|onbellek|p4,0,0,EVET,0.0044,0
h2|ihracci_anahtari|gecici|g4|f2|yavas|taze|p0,0,0,EVET,0.0029,0
h2|ihracci_anahtari|gecici|g4|f2|yavas|taze|p1,0,0,EVET,0.0029,0
h2|ihracci_anahtari|gecici|g4|f2|yavas|taze|p2,0,0,EVET,0.003,0
h2|ihracci_anahtari|gecici|g4|f2|yavas|taze|p3,0,0,EVET,0.0036,0
h2|ihracci_anahtari|gecici|g4|f2|yavas|taze|p4,0,0,EVET,0.0035,0
h2|ihracci_anahtari|gecici|g4|f2|yavas|sabit|p0,0,0,EVET,0.0025,0
h2|ihracci_anahtari|gecici|g4|f2|yavas|sabit|p1,0,0,EVET,0.0026,0
h2|ihracci_anahtari|gecici|g4|f2|yavas|sabit|p2,0,0,EVET,0.0025,0
h2|ihracci_anahtari|gecici|g4|f2|yavas|sabit|p3,0,0,EVET,0.0036,0
h2|ihracci_anahtari|gecici|g4|f2|yavas|sabit|p4,0,0,EVET,0.0042,0
h2|ihracci_anahtari|gecici|g4|f2|yavas|onbellek|p0,0,0,EVET,0.0032,0
h2|ihracci_anahtari|gecici|g4|f2|yavas|onbellek|p1,0,0,EVET,0.0032,0
h2|ihracci_anahtari|gecici|g4|f2|yavas|onbellek|p2,0,0,EVET,0.0031,0
h2|ihracci_anahtari|gecici|g4|f2|yavas|onbellek|p3,0,0,EVET,0.0038,0
h2|ihracci_anahtari|gecici|g4|f2|yavas|onbellek|p4,0,0,EVET,0.0035,0
h2|ihracci_anahtari|gecici|g4|f3|hizli|taze|p0,0,0,EVET,0.0032,0
h2|ihracci_anahtari|gecici|g4|f3|hizli|taze|p1,0,0,EVET,0.003,0
h2|ihracci_anahtari|gecici|g4|f3|hizli|taze|p2,0,0,EVET,0.0041,0
h2|ihracci_anahtari|gecici|g4|f3|hizli|taze|p3,0,0,EVET,0.0045,0
h2|ihracci_anahtari|gecici|g4|f3|hizli|taze|p4,0,0,EVET,0.0043,0
h2|ihracci_anahtari|gecici|g4|f3|hizli|sabit|p0,0,0,EVET,0.003,0
h2|ihracci_anahtari|gecici|g4|f3|hizli|sabit|p1,0,0,EVET,0.0026,0
h2|ihracci_anahtari|gecici|g4|f3|hizli|sabit|p2,0,0,EVET,0.0025,0
h2|ihracci_anahtari|gecici|g4|f3|hizli|sabit|p3,0,0,EVET,0.0044,0
h2|ihracci_anahtari|gecici|g4|f3|hizli|sabit|p4,0,0,EVET,0.0041,0
h2|ihracci_anahtari|gecici|g4|f3|hizli|onbellek|p0,0,0,EVET,0.003,0
h2|ihracci_anahtari|gecici|g4|f3|hizli|onbellek|p1,0,0,EVET,0.0029,0
h2|ihracci_anahtari|gecici|g4|f3|hizli|onbellek|p2,0,0,EVET,0.0025,0
h2|ihracci_anahtari|gecici|g4|f3|hizli|onbellek|p3,0,0,EVET,0.0034,0
h2|ihracci_anahtari|gecici|g4|f3|hizli|onbellek|p4,0,0,EVET,0.0043,0
h2|ihracci_anahtari|gecici|g4|f3|orta|taze|p0,0,0,EVET,0.003,0
h2|ihracci_anahtari|gecici|g4|f3|orta|taze|p1,0,0,EVET,0.0025,0
h2|ihracci_anahtari|gecici|g4|f3|orta|taze|p2,0,0,EVET,0.0024,0
h2|ihracci_anahtari|gecici|g4|f3|orta|taze|p3,0,0,EVET,0.0042,0
h2|ihracci_anahtari|gecici|g4|f3|orta|taze|p4,0,0,EVET,0.004,0
h2|ihracci_anahtari|gecici|g4|f3|orta|sabit|p0,0,0,EVET,0.0025,0
h2|ihracci_anahtari|gecici|g4|f3|orta|sabit|p1,0,0,EVET,0.0025,0
h2|ihracci_anahtari|gecici|g4|f3|orta|sabit|p2,0,0,EVET,0.0025,0
h2|ihracci_anahtari|gecici|g4|f3|orta|sabit|p3,0,0,EVET,0.0036,0
h2|ihracci_anahtari|gecici|g4|f3|orta|sabit|p4,0,0,EVET,0.0044,0
h2|ihracci_anahtari|gecici|g4|f3|orta|onbellek|p0,0,0,EVET,0.0031,0
h2|ihracci_anahtari|gecici|g4|f3|orta|onbellek|p1,0,0,EVET,0.0032,0
h2|ihracci_anahtari|gecici|g4|f3|orta|onbellek|p2,0,0,EVET,0.0029,0
h2|ihracci_anahtari|gecici|g4|f3|orta|onbellek|p3,0,0,EVET,0.0042,0
h2|ihracci_anahtari|gecici|g4|f3|orta|onbellek|p4,0,0,EVET,0.004,0
h2|ihracci_anahtari|gecici|g4|f3|yavas|taze|p0,0,0,EVET,0.0025,0
h2|ihracci_anahtari|gecici|g4|f3|yavas|taze|p1,0,0,EVET,0.0024,0
h2|ihracci_anahtari|gecici|g4|f3|yavas|taze|p2,0,0,EVET,0.0025,0
h2|ihracci_anahtari|gecici|g4|f3|yavas|taze|p3,0,0,EVET,0.0034,0
h2|ihracci_anahtari|gecici|g4|f3|yavas|taze|p4,0,0,EVET,0.0034,0
h2|ihracci_anahtari|gecici|g4|f3|yavas|sabit|p0,0,0,EVET,0.0026,0
h2|ihracci_anahtari|gecici|g4|f3|yavas|sabit|p1,0,0,EVET,0.0029,0
h2|ihracci_anahtari|gecici|g4|f3|yavas|sabit|p2,0,0,EVET,0.003,0
h2|ihracci_anahtari|gecici|g4|f3|yavas|sabit|p3,0,0,EVET,0.0045,0
h2|ihracci_anahtari|gecici|g4|f3|yavas|sabit|p4,0,0,EVET,0.0042,0
h2|ihracci_anahtari|gecici|g4|f3|yavas|onbellek|p0,0,0,EVET,0.0025,0
h2|ihracci_anahtari|gecici|g4|f3|yavas|onbellek|p1,0,0,EVET,0.0025,0
h2|ihracci_anahtari|gecici|g4|f3|yavas|onbellek|p2,0,0,EVET,0.003,0
h2|ihracci_anahtari|gecici|g4|f3|yavas|onbellek|p3,0,0,EVET,0.0043,0
h2|ihracci_anahtari|gecici|g4|f3|yavas|onbellek|p4,0,0,EVET,0.0035,0
h2|ihracci_anahtari|gecici|tum|f1|hizli|taze|p0,0,0,EVET,0.0058,0
h2|ihracci_anahtari|gecici|tum|f1|hizli|taze|p1,0,0,EVET,0.0073,0
h2|ihracci_anahtari|gecici|tum|f1|hizli|taze|p2,0,0,EVET,0.0073,0
h2|ihracci_anahtari|gecici|tum|f1|hizli|taze|p3,0,0,EVET,0.0096,0
h2|ihracci_anahtari|gecici|tum|f1|hizli|taze|p4,0,0,EVET,0.0088,0
h2|ihracci_anahtari|gecici|tum|f1|hizli|sabit|p0,0,0,EVET,0.0065,0
h2|ihracci_anahtari|gecici|tum|f1|hizli|sabit|p1,0,0,EVET,0.0063,0
h2|ihracci_anahtari|gecici|tum|f1|hizli|sabit|p2,0,0,EVET,0.007,0
h2|ihracci_anahtari|gecici|tum|f1|hizli|sabit|p3,0,0,EVET,0.0116,0
h2|ihracci_anahtari|gecici|tum|f1|hizli|sabit|p4,0,0,EVET,0.009,0
h2|ihracci_anahtari|gecici|tum|f1|hizli|onbellek|p0,0,0,EVET,0.0059,0
h2|ihracci_anahtari|gecici|tum|f1|hizli|onbellek|p1,0,0,EVET,0.0071,0
h2|ihracci_anahtari|gecici|tum|f1|hizli|onbellek|p2,0,0,EVET,0.0079,0
h2|ihracci_anahtari|gecici|tum|f1|hizli|onbellek|p3,0,0,EVET,0.0097,0
h2|ihracci_anahtari|gecici|tum|f1|hizli|onbellek|p4,0,0,EVET,0.009,0
h2|ihracci_anahtari|gecici|tum|f1|orta|taze|p0,0,0,EVET,0.0073,0
h2|ihracci_anahtari|gecici|tum|f1|orta|taze|p1,0,0,EVET,0.0072,0
h2|ihracci_anahtari|gecici|tum|f1|orta|taze|p2,0,0,EVET,0.0072,0
h2|ihracci_anahtari|gecici|tum|f1|orta|taze|p3,0,0,EVET,0.0117,0
h2|ihracci_anahtari|gecici|tum|f1|orta|taze|p4,0,0,EVET,0.0088,0
h2|ihracci_anahtari|gecici|tum|f1|orta|sabit|p0,0,0,EVET,0.0051,0
h2|ihracci_anahtari|gecici|tum|f1|orta|sabit|p1,0,0,EVET,0.0065,0
h2|ihracci_anahtari|gecici|tum|f1|orta|sabit|p2,0,0,EVET,0.007,0
h2|ihracci_anahtari|gecici|tum|f1|orta|sabit|p3,0,0,EVET,0.0116,0
h2|ihracci_anahtari|gecici|tum|f1|orta|sabit|p4,0,0,EVET,0.0114,0
h2|ihracci_anahtari|gecici|tum|f1|orta|onbellek|p0,0,0,EVET,0.0058,0
h2|ihracci_anahtari|gecici|tum|f1|orta|onbellek|p1,0,0,EVET,0.0058,0
h2|ihracci_anahtari|gecici|tum|f1|orta|onbellek|p2,0,0,EVET,0.007,0
h2|ihracci_anahtari|gecici|tum|f1|orta|onbellek|p3,0,0,EVET,0.01,0
h2|ihracci_anahtari|gecici|tum|f1|orta|onbellek|p4,0,0,EVET,0.0096,0
h2|ihracci_anahtari|gecici|tum|f1|yavas|taze|p0,0,0,EVET,0.0071,0
h2|ihracci_anahtari|gecici|tum|f1|yavas|taze|p1,0,0,EVET,0.0072,0
h2|ihracci_anahtari|gecici|tum|f1|yavas|taze|p2,0,0,EVET,0.0063,0
h2|ihracci_anahtari|gecici|tum|f1|yavas|taze|p3,0,0,EVET,0.0117,0
h2|ihracci_anahtari|gecici|tum|f1|yavas|taze|p4,0,0,EVET,0.0118,0
h2|ihracci_anahtari|gecici|tum|f1|yavas|sabit|p0,0,0,EVET,0.0051,0
h2|ihracci_anahtari|gecici|tum|f1|yavas|sabit|p1,0,0,EVET,0.0051,0
h2|ihracci_anahtari|gecici|tum|f1|yavas|sabit|p2,0,0,EVET,0.0051,0
h2|ihracci_anahtari|gecici|tum|f1|yavas|sabit|p3,0,0,EVET,0.0095,0
h2|ihracci_anahtari|gecici|tum|f1|yavas|sabit|p4,0,0,EVET,0.0114,0
h2|ihracci_anahtari|gecici|tum|f1|yavas|onbellek|p0,0,0,EVET,0.0074,0
h2|ihracci_anahtari|gecici|tum|f1|yavas|onbellek|p1,0,0,EVET,0.0081,0
h2|ihracci_anahtari|gecici|tum|f1|yavas|onbellek|p2,0,0,EVET,0.0082,0
h2|ihracci_anahtari|gecici|tum|f1|yavas|onbellek|p3,0,0,EVET,0.0119,0
h2|ihracci_anahtari|gecici|tum|f1|yavas|onbellek|p4,0,0,EVET,0.0091,0
h2|ihracci_anahtari|gecici|tum|f2|hizli|taze|p0,0,0,EVET,0.0061,0
h2|ihracci_anahtari|gecici|tum|f2|hizli|taze|p1,0,0,EVET,0.0075,0
h2|ihracci_anahtari|gecici|tum|f2|hizli|taze|p2,0,0,EVET,0.0075,0
h2|ihracci_anahtari|gecici|tum|f2|hizli|taze|p3,0,0,EVET,0.0119,0
h2|ihracci_anahtari|gecici|tum|f2|hizli|taze|p4,0,0,EVET,0.0091,0
h2|ihracci_anahtari|gecici|tum|f2|hizli|sabit|p0,0,0,EVET,0.0051,0
h2|ihracci_anahtari|gecici|tum|f2|hizli|sabit|p1,0,0,EVET,0.006,0
h2|ihracci_anahtari|gecici|tum|f2|hizli|sabit|p2,0,0,EVET,0.0063,0
h2|ihracci_anahtari|gecici|tum|f2|hizli|sabit|p3,0,0,EVET,0.0095,0
h2|ihracci_anahtari|gecici|tum|f2|hizli|sabit|p4,0,0,EVET,0.0087,0
h2|ihracci_anahtari|gecici|tum|f2|hizli|onbellek|p0,0,0,EVET,0.0074,0
h2|ihracci_anahtari|gecici|tum|f2|hizli|onbellek|p1,0,0,EVET,0.007,0
h2|ihracci_anahtari|gecici|tum|f2|hizli|onbellek|p2,0,0,EVET,0.0073,0
h2|ihracci_anahtari|gecici|tum|f2|hizli|onbellek|p3,0,0,EVET,0.0118,0
h2|ihracci_anahtari|gecici|tum|f2|hizli|onbellek|p4,0,0,EVET,0.0107,0
h2|ihracci_anahtari|gecici|tum|f2|orta|taze|p0,0,0,EVET,0.0075,0
h2|ihracci_anahtari|gecici|tum|f2|orta|taze|p1,0,0,EVET,0.0074,0
h2|ihracci_anahtari|gecici|tum|f2|orta|taze|p2,0,0,EVET,0.0073,0
h2|ihracci_anahtari|gecici|tum|f2|orta|taze|p3,0,0,EVET,0.0101,0
h2|ihracci_anahtari|gecici|tum|f2|orta|taze|p4,0,0,EVET,0.0088,0
h2|ihracci_anahtari|gecici|tum|f2|orta|sabit|p0,0,0,EVET,0.006,0
h2|ihracci_anahtari|gecici|tum|f2|orta|sabit|p1,0,0,EVET,0.006,0
h2|ihracci_anahtari|gecici|tum|f2|orta|sabit|p2,0,0,EVET,0.005,0
h2|ihracci_anahtari|gecici|tum|f2|orta|sabit|p3,0,0,EVET,0.0094,0
h2|ihracci_anahtari|gecici|tum|f2|orta|sabit|p4,0,0,EVET,0.0086,0
h2|ihracci_anahtari|gecici|tum|f2|orta|onbellek|p0,0,0,EVET,0.0057,0
h2|ihracci_anahtari|gecici|tum|f2|orta|onbellek|p1,0,0,EVET,0.0069,0
h2|ihracci_anahtari|gecici|tum|f2|orta|onbellek|p2,0,0,EVET,0.0071,0
h2|ihracci_anahtari|gecici|tum|f2|orta|onbellek|p3,0,0,EVET,0.0117,0
h2|ihracci_anahtari|gecici|tum|f2|orta|onbellek|p4,0,0,EVET,0.0109,0
h2|ihracci_anahtari|gecici|tum|f2|yavas|taze|p0,0,0,EVET,0.0057,0
h2|ihracci_anahtari|gecici|tum|f2|yavas|taze|p1,0,0,EVET,0.0056,0
h2|ihracci_anahtari|gecici|tum|f2|yavas|taze|p2,0,0,EVET,0.0072,0
h2|ihracci_anahtari|gecici|tum|f2|yavas|taze|p3,0,0,EVET,0.0122,0
h2|ihracci_anahtari|gecici|tum|f2|yavas|taze|p4,0,0,EVET,0.0108,0
h2|ihracci_anahtari|gecici|tum|f2|yavas|sabit|p0,0,0,EVET,0.0061,0
h2|ihracci_anahtari|gecici|tum|f2|yavas|sabit|p1,0,0,EVET,0.0065,0
h2|ihracci_anahtari|gecici|tum|f2|yavas|sabit|p2,0,0,EVET,0.007,0
h2|ihracci_anahtari|gecici|tum|f2|yavas|sabit|p3,0,0,EVET,0.0094,0
h2|ihracci_anahtari|gecici|tum|f2|yavas|sabit|p4,0,0,EVET,0.0091,0
h2|ihracci_anahtari|gecici|tum|f2|yavas|onbellek|p0,0,0,EVET,0.007,0
h2|ihracci_anahtari|gecici|tum|f2|yavas|onbellek|p1,0,0,EVET,0.0068,0
h2|ihracci_anahtari|gecici|tum|f2|yavas|onbellek|p2,0,0,EVET,0.006,0
h2|ihracci_anahtari|gecici|tum|f2|yavas|onbellek|p3,0,0,EVET,0.0096,0
h2|ihracci_anahtari|gecici|tum|f2|yavas|onbellek|p4,0,0,EVET,0.0088,0
h2|ihracci_anahtari|gecici|tum|f3|hizli|taze|p0,0,0,EVET,0.0068,0
h2|ihracci_anahtari|gecici|tum|f3|hizli|taze|p1,0,0,EVET,0.0073,0
h2|ihracci_anahtari|gecici|tum|f3|hizli|taze|p2,0,0,EVET,0.0067,0
h2|ihracci_anahtari|gecici|tum|f3|hizli|taze|p3,0,0,EVET,0.0094,0
h2|ihracci_anahtari|gecici|tum|f3|hizli|taze|p4,0,0,EVET,0.0087,0
h2|ihracci_anahtari|gecici|tum|f3|hizli|sabit|p0,0,0,EVET,0.0053,0
h2|ihracci_anahtari|gecici|tum|f3|hizli|sabit|p1,0,0,EVET,0.0062,0
h2|ihracci_anahtari|gecici|tum|f3|hizli|sabit|p2,0,0,EVET,0.006,0
h2|ihracci_anahtari|gecici|tum|f3|hizli|sabit|p3,0,0,EVET,0.0113,0
h2|ihracci_anahtari|gecici|tum|f3|hizli|sabit|p4,0,0,EVET,0.0108,0
h2|ihracci_anahtari|gecici|tum|f3|hizli|onbellek|p0,0,0,EVET,0.007,0
h2|ihracci_anahtari|gecici|tum|f3|hizli|onbellek|p1,0,0,EVET,0.0074,0
h2|ihracci_anahtari|gecici|tum|f3|hizli|onbellek|p2,0,0,EVET,0.0067,0
h2|ihracci_anahtari|gecici|tum|f3|hizli|onbellek|p3,0,0,EVET,0.0116,0
h2|ihracci_anahtari|gecici|tum|f3|hizli|onbellek|p4,0,0,EVET,0.0107,0
h2|ihracci_anahtari|gecici|tum|f3|orta|taze|p0,0,0,EVET,0.0057,0
h2|ihracci_anahtari|gecici|tum|f3|orta|taze|p1,0,0,EVET,0.0056,0
h2|ihracci_anahtari|gecici|tum|f3|orta|taze|p2,0,0,EVET,0.006,0
h2|ihracci_anahtari|gecici|tum|f3|orta|taze|p3,0,0,EVET,0.0106,0
h2|ihracci_anahtari|gecici|tum|f3|orta|taze|p4,0,0,EVET,0.0104,0
h2|ihracci_anahtari|gecici|tum|f3|orta|sabit|p0,0,0,EVET,0.006,0
h2|ihracci_anahtari|gecici|tum|f3|orta|sabit|p1,0,0,EVET,0.005,0
h2|ihracci_anahtari|gecici|tum|f3|orta|sabit|p2,0,0,EVET,0.0049,0
h2|ihracci_anahtari|gecici|tum|f3|orta|sabit|p3,0,0,EVET,0.0093,0
h2|ihracci_anahtari|gecici|tum|f3|orta|sabit|p4,0,0,EVET,0.0086,0
h2|ihracci_anahtari|gecici|tum|f3|orta|onbellek|p0,0,0,EVET,0.0064,0
h2|ihracci_anahtari|gecici|tum|f3|orta|onbellek|p1,0,0,EVET,0.0057,0
h2|ihracci_anahtari|gecici|tum|f3|orta|onbellek|p2,0,0,EVET,0.0056,0
h2|ihracci_anahtari|gecici|tum|f3|orta|onbellek|p3,0,0,EVET,0.0094,0
h2|ihracci_anahtari|gecici|tum|f3|orta|onbellek|p4,0,0,EVET,0.0104,0
h2|ihracci_anahtari|gecici|tum|f3|yavas|taze|p0,0,0,EVET,0.0061,0
h2|ihracci_anahtari|gecici|tum|f3|yavas|taze|p1,0,0,EVET,0.0057,0
h2|ihracci_anahtari|gecici|tum|f3|yavas|taze|p2,0,0,EVET,0.0055,0
h2|ihracci_anahtari|gecici|tum|f3|yavas|taze|p3,0,0,EVET,0.0114,0
h2|ihracci_anahtari|gecici|tum|f3|yavas|taze|p4,0,0,EVET,0.0102,0
h2|ihracci_anahtari|gecici|tum|f3|yavas|sabit|p0,0,0,EVET,0.0063,0
h2|ihracci_anahtari|gecici|tum|f3|yavas|sabit|p1,0,0,EVET,0.006,0
h2|ihracci_anahtari|gecici|tum|f3|yavas|sabit|p2,0,0,EVET,0.0062,0
h2|ihracci_anahtari|gecici|tum|f3|yavas|sabit|p3,0,0,EVET,0.0096,0
h2|ihracci_anahtari|gecici|tum|f3|yavas|sabit|p4,0,0,EVET,0.0105,0
h2|ihracci_anahtari|gecici|tum|f3|yavas|onbellek|p0,0,0,EVET,0.006,0
h2|ihracci_anahtari|gecici|tum|f3|yavas|onbellek|p1,0,0,EVET,0.0056,0
h2|ihracci_anahtari|gecici|tum|f3|yavas|onbellek|p2,0,0,EVET,0.0057,0
h2|ihracci_anahtari|gecici|tum|f3|yavas|onbellek|p3,0,0,EVET,0.0124,0
h2|ihracci_anahtari|gecici|tum|f3|yavas|onbellek|p4,0,0,EVET,0.0086,0
