vektor_id	politika	kol	sinif	vaka	karar	dayanak	not
T1K_both_valid	L4	kontrol-EdDSA	birincil	K1;MR1;MR2	accept-classical	ÖK §6.5 (ON-KAYIT v0.8 (capa 7); 00-on-kayit/ON-KAYIT-TASLAK.md:1054): "İhraççı başına gerekli küme R = {X}, izinli küme {A, X}." | [T328] JWTBCP §3.1 (draft-ietf-oauth-rfc8725bis-10; metin/JWTBCP.txt:482): "it MUST determine which algorithms are permitted for itself and that issuer and ensure that the received JWT complies with those requirements" | ÖK §4.7 G5 (ON-KAYIT v0.8 (capa 7); 00-on-kayit/ON-KAYIT-TASLAK.md:767): "Göç etmiş bir varlık, ilan ettiği eski-sürüm penceresi dışında yalnız klasik kanıtla kabul edilemez." | ÖK §6.5 K1 (ON-KAYIT v0.8 (capa 7); 00-on-kayit/ON-KAYIT-TASLAK.md:1058): "Çift imza (A + X), ikisi geçerli | KABUL" | ÖK §4.13 L4 (ON-KAYIT v0.8 (capa 7); 00-on-kayit/ON-KAYIT-TASLAK.md:844): "Yapılandırılmış hâlde K1 KABUL, K2 RED, K3 RED (§6.5)"	insa: ES256=geçerli, EdDSA=geçerli || R={EdDSA} geçerli imzayla karşılandı; W içindeki imzalar geçerli; kontrol kolu: X klasik
T1K_both_valid	L4-S	kontrol-EdDSA	birincil	K1;MR1;MR2	accept-classical	ÖK §6.5 (ON-KAYIT v0.8 (capa 7); 00-on-kayit/ON-KAYIT-TASLAK.md:1054): "İhraççı başına gerekli küme R = {X}, izinli küme {A, X}." | [T328] JWTBCP §3.1 (draft-ietf-oauth-rfc8725bis-10; metin/JWTBCP.txt:482): "it MUST determine which algorithms are permitted for itself and that issuer and ensure that the received JWT complies with those requirements" | ÖK §4.7 G5 (ON-KAYIT v0.8 (capa 7); 00-on-kayit/ON-KAYIT-TASLAK.md:767): "Göç etmiş bir varlık, ilan ettiği eski-sürüm penceresi dışında yalnız klasik kanıtla kabul edilemez." | ÖK §6.5 K1 (ON-KAYIT v0.8 (capa 7); 00-on-kayit/ON-KAYIT-TASLAK.md:1058): "Çift imza (A + X), ikisi geçerli | KABUL" | ÖK §4.8 P3 (ON-KAYIT v0.8 (capa 7); 00-on-kayit/ON-KAYIT-TASLAK.md:778): "P2 + ihraççı başına gerekli küme R_I"	insa: ES256=geçerli, EdDSA=geçerli || R={EdDSA} geçerli imzayla karşılandı; W içindeki imzalar geçerli; kontrol kolu: X klasik
T1K_both_valid	L4-Y	kontrol-EdDSA	birincil	K1;MR1;MR2	accept-classical	ÖK §6.5 (ON-KAYIT v0.8 (capa 7); 00-on-kayit/ON-KAYIT-TASLAK.md:1054): "İhraççı başına gerekli küme R = {X}, izinli küme {A, X}." | [T328] JWTBCP §3.1 (draft-ietf-oauth-rfc8725bis-10; metin/JWTBCP.txt:482): "it MUST determine which algorithms are permitted for itself and that issuer and ensure that the received JWT complies with those requirements" | ÖK §4.7 G5 (ON-KAYIT v0.8 (capa 7); 00-on-kayit/ON-KAYIT-TASLAK.md:767): "Göç etmiş bir varlık, ilan ettiği eski-sürüm penceresi dışında yalnız klasik kanıtla kabul edilemez." | ÖK §6.5 K1 (ON-KAYIT v0.8 (capa 7); 00-on-kayit/ON-KAYIT-TASLAK.md:1058): "Çift imza (A + X), ikisi geçerli | KABUL" | [T314] RFC7515 §5.2 (RFC 7515; metin/RFC7515.txt:810): "When there are multiple JWS Signature values, it is an application decision which of the JWS Signature values must successfully validate for the JWS to be accepted."	insa: ES256=geçerli, EdDSA=geçerli || R={EdDSA} geçerli imzayla karşılandı; W içindeki imzalar geçerli; kontrol kolu: X klasik
T1K_both_valid	P0	kontrol-EdDSA	birincil	K1;MR1;MR2	accept-classical	ÖK §4.8 P0 (ON-KAYIT v0.8 (capa 7); 00-on-kayit/ON-KAYIT-TASLAK.md:775): "En az bir imza geçerliyse kabul" | [T314] RFC7515 §5.2 (RFC 7515; metin/RFC7515.txt:810): "When there are multiple JWS Signature values, it is an application decision which of the JWS Signature values must successfully validate for the JWS to be accepted."	insa: ES256=geçerli, EdDSA=geçerli || en az bir geçerli imza var; kabul için klasik ES256 yeterli
T1K_both_valid	P1	kontrol-EdDSA	birincil	K1;MR1;MR2	accept-classical	ÖK §4.8 P1 (ON-KAYIT v0.8 (capa 7); 00-on-kayit/ON-KAYIT-TASLAK.md:776): "Mevcut imzaların tümü geçerliyse kabul. İmza silinmesi (soyma) fark edilmez" | [T135] ACM2 Note 51 (ECCG ACM v2.0; metin/ACM2.txt:946): "the veriﬁcation function accepting if and only if all signatures are correct"	insa: ES256=geçerli, EdDSA=geçerli || mevcut imzaların tümü geçerli
T2K_second_tampered	L4	kontrol-EdDSA	birincil	K2	reject	ÖK §6.5 (ON-KAYIT v0.8 (capa 7); 00-on-kayit/ON-KAYIT-TASLAK.md:1054): "İhraççı başına gerekli küme R = {X}, izinli küme {A, X}." | [T328] JWTBCP §3.1 (draft-ietf-oauth-rfc8725bis-10; metin/JWTBCP.txt:482): "it MUST determine which algorithms are permitted for itself and that issuer and ensure that the received JWT complies with those requirements" | ÖK §4.7 G5 (ON-KAYIT v0.8 (capa 7); 00-on-kayit/ON-KAYIT-TASLAK.md:767): "Göç etmiş bir varlık, ilan ettiği eski-sürüm penceresi dışında yalnız klasik kanıtla kabul edilemez." | JWTBCP §3.3 (draft-ietf-oauth-rfc8725bis-10; metin/JWTBCP.txt:566): "the entire JWT MUST be rejected if any of them fail to validate" | RFC7515 §5.2 (RFC 7515; metin/RFC7515.txt:876): "which MUST be accurately represented by the value of the "alg" (algorithm) Header Parameter" | ÖK §6.5 K2 (ON-KAYIT v0.8 (capa 7); 00-on-kayit/ON-KAYIT-TASLAK.md:1059): "X imzası bozuk | RED" | ÖK §4.13 L4 (ON-KAYIT v0.8 (capa 7); 00-on-kayit/ON-KAYIT-TASLAK.md:844): "Yapılandırılmış hâlde K1 KABUL, K2 RED, K3 RED (§6.5)"	insa: ES256=geçerli, EdDSA=geçersiz || W içinde geçersiz imza: EdDSA: imza bozuk (bozuk: bayt 5, bit 0 cevrildi)
T2K_second_tampered	L4-S	kontrol-EdDSA	birincil	K2	reject	ÖK §6.5 (ON-KAYIT v0.8 (capa 7); 00-on-kayit/ON-KAYIT-TASLAK.md:1054): "İhraççı başına gerekli küme R = {X}, izinli küme {A, X}." | [T328] JWTBCP §3.1 (draft-ietf-oauth-rfc8725bis-10; metin/JWTBCP.txt:482): "it MUST determine which algorithms are permitted for itself and that issuer and ensure that the received JWT complies with those requirements" | ÖK §4.7 G5 (ON-KAYIT v0.8 (capa 7); 00-on-kayit/ON-KAYIT-TASLAK.md:767): "Göç etmiş bir varlık, ilan ettiği eski-sürüm penceresi dışında yalnız klasik kanıtla kabul edilemez." | JWTBCP §3.3 (draft-ietf-oauth-rfc8725bis-10; metin/JWTBCP.txt:566): "the entire JWT MUST be rejected if any of them fail to validate" | RFC7515 §5.2 (RFC 7515; metin/RFC7515.txt:876): "which MUST be accurately represented by the value of the "alg" (algorithm) Header Parameter" | ÖK §6.5 K2 (ON-KAYIT v0.8 (capa 7); 00-on-kayit/ON-KAYIT-TASLAK.md:1059): "X imzası bozuk | RED" | ÖK §4.8 P3 (ON-KAYIT v0.8 (capa 7); 00-on-kayit/ON-KAYIT-TASLAK.md:778): "P2 + ihraççı başına gerekli küme R_I"	insa: ES256=geçerli, EdDSA=geçersiz || W içinde geçersiz imza: EdDSA: imza bozuk (bozuk: bayt 5, bit 0 cevrildi)
T2K_second_tampered	L4-Y	kontrol-EdDSA	birincil	K2	reject	ÖK §6.5 (ON-KAYIT v0.8 (capa 7); 00-on-kayit/ON-KAYIT-TASLAK.md:1054): "İhraççı başına gerekli küme R = {X}, izinli küme {A, X}." | [T328] JWTBCP §3.1 (draft-ietf-oauth-rfc8725bis-10; metin/JWTBCP.txt:482): "it MUST determine which algorithms are permitted for itself and that issuer and ensure that the received JWT complies with those requirements" | ÖK §4.7 G5 (ON-KAYIT v0.8 (capa 7); 00-on-kayit/ON-KAYIT-TASLAK.md:767): "Göç etmiş bir varlık, ilan ettiği eski-sürüm penceresi dışında yalnız klasik kanıtla kabul edilemez." | JWTBCP §3.3 (draft-ietf-oauth-rfc8725bis-10; metin/JWTBCP.txt:566): "the entire JWT MUST be rejected if any of them fail to validate" | RFC7515 §5.2 (RFC 7515; metin/RFC7515.txt:876): "which MUST be accurately represented by the value of the "alg" (algorithm) Header Parameter" | ÖK §6.5 K2 (ON-KAYIT v0.8 (capa 7); 00-on-kayit/ON-KAYIT-TASLAK.md:1059): "X imzası bozuk | RED" | [T314] RFC7515 §5.2 (RFC 7515; metin/RFC7515.txt:810): "When there are multiple JWS Signature values, it is an application decision which of the JWS Signature values must successfully validate for the JWS to be accepted."	insa: ES256=geçerli, EdDSA=geçersiz || W içinde geçersiz imza: EdDSA: imza bozuk (bozuk: bayt 5, bit 0 cevrildi)
T2K_second_tampered	P0	kontrol-EdDSA	birincil	K2	accept-classical	ÖK §4.8 P0 (ON-KAYIT v0.8 (capa 7); 00-on-kayit/ON-KAYIT-TASLAK.md:775): "En az bir imza geçerliyse kabul" | [T314] RFC7515 §5.2 (RFC 7515; metin/RFC7515.txt:810): "When there are multiple JWS Signature values, it is an application decision which of the JWS Signature values must successfully validate for the JWS to be accepted."	insa: ES256=geçerli, EdDSA=geçersiz || en az bir geçerli imza var; kabul için klasik ES256 yeterli
T2K_second_tampered	P1	kontrol-EdDSA	birincil	K2	reject	ÖK §4.8 P1 (ON-KAYIT v0.8 (capa 7); 00-on-kayit/ON-KAYIT-TASLAK.md:776): "Mevcut imzaların tümü geçerliyse kabul. İmza silinmesi (soyma) fark edilmez" | RFC7515 §5.2 (RFC 7515; metin/RFC7515.txt:876): "which MUST be accurately represented by the value of the "alg" (algorithm) Header Parameter"	insa: ES256=geçerli, EdDSA=geçersiz || mevcut imzaların tümü geçerli değil: EdDSA: imza bozuk (bozuk: bayt 5, bit 0 cevrildi)
T3_stripped_to_ES256	GEC	kontrol-EdDSA	birincil	K3;MR1	accept-classical	ÖK §4.15 (ON-KAYIT v0.8 (capa 7); 00-on-kayit/ON-KAYIT-TASLAK.md:881): "V+: tek geçerli klasik imza → KABUL; V−: bozuk imza → RED" | [T315] RFC7515 §5.2 (RFC 7515; metin/RFC7515.txt:815): "at least one JWS Signature value MUST successfully validate, or the JWS MUST be considered invalid"	insa: ES256=geçerli || imza(lar) geçerli; alg ∈ W
T3_stripped_to_ES256	IZIN-A	kontrol-EdDSA	birincil	K3;MR1	accept-classical	ÖK §4.13 L1 (ON-KAYIT v0.8 (capa 7); 00-on-kayit/ON-KAYIT-TASLAK.md:841): "Doğrulayıcı genelinde izin listesi; izinsiz algoritma reddediliyor" | [T327] JWTBCP §3.1 (draft-ietf-oauth-rfc8725bis-10; metin/JWTBCP.txt:464): "MUST NOT employ any algorithms outside this configured set"	insa: ES256=geçerli || imza(lar) geçerli; alg ∈ W
T3_stripped_to_ES256	IZIN-AX	kontrol-EdDSA	birincil	K3;MR1	accept-classical	ÖK §4.13 L1 (ON-KAYIT v0.8 (capa 7); 00-on-kayit/ON-KAYIT-TASLAK.md:841): "Doğrulayıcı genelinde izin listesi; izinsiz algoritma reddediliyor" | [T327] JWTBCP §3.1 (draft-ietf-oauth-rfc8725bis-10; metin/JWTBCP.txt:464): "MUST NOT employ any algorithms outside this configured set" | ÖK §2B m.6 (ON-KAYIT v0.8 (capa 7); 00-on-kayit/ON-KAYIT-TASLAK.md:256): "Göç etmiş ihraççının yalnız klasik imzalı belgesi reddedilir, eski ihraççının klasik imzalı belgesi kabul edilir."	insa: ES256=geçerli || imza(lar) geçerli; alg ∈ W
T3_stripped_to_ES256	L4	kontrol-EdDSA	birincil	K3;MR1	reject	ÖK §6.5 (ON-KAYIT v0.8 (capa 7); 00-on-kayit/ON-KAYIT-TASLAK.md:1054): "İhraççı başına gerekli küme R = {X}, izinli küme {A, X}." | [T328] JWTBCP §3.1 (draft-ietf-oauth-rfc8725bis-10; metin/JWTBCP.txt:482): "it MUST determine which algorithms are permitted for itself and that issuer and ensure that the received JWT complies with those requirements" | ÖK §4.7 G5 (ON-KAYIT v0.8 (capa 7); 00-on-kayit/ON-KAYIT-TASLAK.md:767): "Göç etmiş bir varlık, ilan ettiği eski-sürüm penceresi dışında yalnız klasik kanıtla kabul edilemez." | ÖK §4.13 L4 (ON-KAYIT v0.8 (capa 7); 00-on-kayit/ON-KAYIT-TASLAK.md:844): "Yapılandırılmış hâlde K1 KABUL, K2 RED, K3 RED (§6.5)" | ÖK §6.5 K3 (ON-KAYIT v0.8 (capa 7); 00-on-kayit/ON-KAYIT-TASLAK.md:1060): "X soyulmuş (yalnız A) | RED" | ÖK §2B m.6 (ON-KAYIT v0.8 (capa 7); 00-on-kayit/ON-KAYIT-TASLAK.md:256): "Göç etmiş ihraççının yalnız klasik imzalı belgesi reddedilir, eski ihraççının klasik imzalı belgesi kabul edilir."	insa: ES256=geçerli || gerekli küme R=['EdDSA'] karşılanmıyor (yalnız ES256)
T3_stripped_to_ES256	L4-S	kontrol-EdDSA	birincil	K3;MR1	reject	ÖK §6.5 (ON-KAYIT v0.8 (capa 7); 00-on-kayit/ON-KAYIT-TASLAK.md:1054): "İhraççı başına gerekli küme R = {X}, izinli küme {A, X}." | [T328] JWTBCP §3.1 (draft-ietf-oauth-rfc8725bis-10; metin/JWTBCP.txt:482): "it MUST determine which algorithms are permitted for itself and that issuer and ensure that the received JWT complies with those requirements" | ÖK §4.7 G5 (ON-KAYIT v0.8 (capa 7); 00-on-kayit/ON-KAYIT-TASLAK.md:767): "Göç etmiş bir varlık, ilan ettiği eski-sürüm penceresi dışında yalnız klasik kanıtla kabul edilemez." | ÖK §4.13 L4 (ON-KAYIT v0.8 (capa 7); 00-on-kayit/ON-KAYIT-TASLAK.md:844): "Yapılandırılmış hâlde K1 KABUL, K2 RED, K3 RED (§6.5)" | ÖK §6.5 K3 (ON-KAYIT v0.8 (capa 7); 00-on-kayit/ON-KAYIT-TASLAK.md:1060): "X soyulmuş (yalnız A) | RED" | ÖK §4.8 P3 (ON-KAYIT v0.8 (capa 7); 00-on-kayit/ON-KAYIT-TASLAK.md:778): "P2 + ihraççı başına gerekli küme R_I" | ÖK §2B m.6 (ON-KAYIT v0.8 (capa 7); 00-on-kayit/ON-KAYIT-TASLAK.md:256): "Göç etmiş ihraççının yalnız klasik imzalı belgesi reddedilir, eski ihraççının klasik imzalı belgesi kabul edilir."	insa: ES256=geçerli || gerekli küme R=['EdDSA'] karşılanmıyor (yalnız ES256)
T3_stripped_to_ES256	L4-Y	kontrol-EdDSA	birincil	K3;MR1	reject	ÖK §6.5 (ON-KAYIT v0.8 (capa 7); 00-on-kayit/ON-KAYIT-TASLAK.md:1054): "İhraççı başına gerekli küme R = {X}, izinli küme {A, X}." | [T328] JWTBCP §3.1 (draft-ietf-oauth-rfc8725bis-10; metin/JWTBCP.txt:482): "it MUST determine which algorithms are permitted for itself and that issuer and ensure that the received JWT complies with those requirements" | ÖK §4.7 G5 (ON-KAYIT v0.8 (capa 7); 00-on-kayit/ON-KAYIT-TASLAK.md:767): "Göç etmiş bir varlık, ilan ettiği eski-sürüm penceresi dışında yalnız klasik kanıtla kabul edilemez." | ÖK §4.13 L4 (ON-KAYIT v0.8 (capa 7); 00-on-kayit/ON-KAYIT-TASLAK.md:844): "Yapılandırılmış hâlde K1 KABUL, K2 RED, K3 RED (§6.5)" | ÖK §6.5 K3 (ON-KAYIT v0.8 (capa 7); 00-on-kayit/ON-KAYIT-TASLAK.md:1060): "X soyulmuş (yalnız A) | RED" | [T314] RFC7515 §5.2 (RFC 7515; metin/RFC7515.txt:810): "When there are multiple JWS Signature values, it is an application decision which of the JWS Signature values must successfully validate for the JWS to be accepted." | ÖK §2B m.6 (ON-KAYIT v0.8 (capa 7); 00-on-kayit/ON-KAYIT-TASLAK.md:256): "Göç etmiş ihraççının yalnız klasik imzalı belgesi reddedilir, eski ihraççının klasik imzalı belgesi kabul edilir."	insa: ES256=geçerli || gerekli küme R=['EdDSA'] karşılanmıyor (yalnız ES256)
T3_stripped_to_ES256	P0	kontrol-EdDSA	birincil	K3;MR1	accept-classical	ÖK §4.8 P0 (ON-KAYIT v0.8 (capa 7); 00-on-kayit/ON-KAYIT-TASLAK.md:775): "En az bir imza geçerliyse kabul" | [T314] RFC7515 §5.2 (RFC 7515; metin/RFC7515.txt:810): "When there are multiple JWS Signature values, it is an application decision which of the JWS Signature values must successfully validate for the JWS to be accepted."	insa: ES256=geçerli || en az bir geçerli imza var; kabul için klasik ES256 yeterli
T3_stripped_to_ES256	P1	kontrol-EdDSA	birincil	K3;MR1	accept-classical	ÖK §4.8 P1 (ON-KAYIT v0.8 (capa 7); 00-on-kayit/ON-KAYIT-TASLAK.md:776): "Mevcut imzaların tümü geçerliyse kabul. İmza silinmesi (soyma) fark edilmez" | [T135] ACM2 Note 51 (ECCG ACM v2.0; metin/ACM2.txt:946): "the veriﬁcation function accepting if and only if all signatures are correct"	insa: ES256=geçerli || mevcut imzaların tümü geçerli
T3_stripped_to_ES256	GEC	kontrol-Ed25519	birincil	K3;MR1	accept-classical	ÖK §4.15 (ON-KAYIT v0.8 (capa 7); 00-on-kayit/ON-KAYIT-TASLAK.md:881): "V+: tek geçerli klasik imza → KABUL; V−: bozuk imza → RED" | [T315] RFC7515 §5.2 (RFC 7515; metin/RFC7515.txt:815): "at least one JWS Signature value MUST successfully validate, or the JWS MUST be considered invalid"	insa: ES256=geçerli || imza(lar) geçerli; alg ∈ W
T3_stripped_to_ES256	IZIN-A	kontrol-Ed25519	birincil	K3;MR1	accept-classical	ÖK §4.13 L1 (ON-KAYIT v0.8 (capa 7); 00-on-kayit/ON-KAYIT-TASLAK.md:841): "Doğrulayıcı genelinde izin listesi; izinsiz algoritma reddediliyor" | [T327] JWTBCP §3.1 (draft-ietf-oauth-rfc8725bis-10; metin/JWTBCP.txt:464): "MUST NOT employ any algorithms outside this configured set"	insa: ES256=geçerli || imza(lar) geçerli; alg ∈ W
T3_stripped_to_ES256	IZIN-AX	kontrol-Ed25519	birincil	K3;MR1	accept-classical	ÖK §4.13 L1 (ON-KAYIT v0.8 (capa 7); 00-on-kayit/ON-KAYIT-TASLAK.md:841): "Doğrulayıcı genelinde izin listesi; izinsiz algoritma reddediliyor" | [T327] JWTBCP §3.1 (draft-ietf-oauth-rfc8725bis-10; metin/JWTBCP.txt:464): "MUST NOT employ any algorithms outside this configured set" | ÖK §2B m.6 (ON-KAYIT v0.8 (capa 7); 00-on-kayit/ON-KAYIT-TASLAK.md:256): "Göç etmiş ihraççının yalnız klasik imzalı belgesi reddedilir, eski ihraççının klasik imzalı belgesi kabul edilir."	insa: ES256=geçerli || imza(lar) geçerli; alg ∈ W
T3_stripped_to_ES256	L4	kontrol-Ed25519	birincil	K3;MR1	reject	ÖK §6.5 (ON-KAYIT v0.8 (capa 7); 00-on-kayit/ON-KAYIT-TASLAK.md:1054): "İhraççı başına gerekli küme R = {X}, izinli küme {A, X}." | [T328] JWTBCP §3.1 (draft-ietf-oauth-rfc8725bis-10; metin/JWTBCP.txt:482): "it MUST determine which algorithms are permitted for itself and that issuer and ensure that the received JWT complies with those requirements" | ÖK §4.7 G5 (ON-KAYIT v0.8 (capa 7); 00-on-kayit/ON-KAYIT-TASLAK.md:767): "Göç etmiş bir varlık, ilan ettiği eski-sürüm penceresi dışında yalnız klasik kanıtla kabul edilemez." | ÖK §4.13 L4 (ON-KAYIT v0.8 (capa 7); 00-on-kayit/ON-KAYIT-TASLAK.md:844): "Yapılandırılmış hâlde K1 KABUL, K2 RED, K3 RED (§6.5)" | ÖK §6.5 K3 (ON-KAYIT v0.8 (capa 7); 00-on-kayit/ON-KAYIT-TASLAK.md:1060): "X soyulmuş (yalnız A) | RED" | ÖK §2B m.6 (ON-KAYIT v0.8 (capa 7); 00-on-kayit/ON-KAYIT-TASLAK.md:256): "Göç etmiş ihraççının yalnız klasik imzalı belgesi reddedilir, eski ihraççının klasik imzalı belgesi kabul edilir."	insa: ES256=geçerli || gerekli küme R=['Ed25519'] karşılanmıyor (yalnız ES256)
T3_stripped_to_ES256	L4-S	kontrol-Ed25519	birincil	K3;MR1	reject	ÖK §6.5 (ON-KAYIT v0.8 (capa 7); 00-on-kayit/ON-KAYIT-TASLAK.md:1054): "İhraççı başına gerekli küme R = {X}, izinli küme {A, X}." | [T328] JWTBCP §3.1 (draft-ietf-oauth-rfc8725bis-10; metin/JWTBCP.txt:482): "it MUST determine which algorithms are permitted for itself and that issuer and ensure that the received JWT complies with those requirements" | ÖK §4.7 G5 (ON-KAYIT v0.8 (capa 7); 00-on-kayit/ON-KAYIT-TASLAK.md:767): "Göç etmiş bir varlık, ilan ettiği eski-sürüm penceresi dışında yalnız klasik kanıtla kabul edilemez." | ÖK §4.13 L4 (ON-KAYIT v0.8 (capa 7); 00-on-kayit/ON-KAYIT-TASLAK.md:844): "Yapılandırılmış hâlde K1 KABUL, K2 RED, K3 RED (§6.5)" | ÖK §6.5 K3 (ON-KAYIT v0.8 (capa 7); 00-on-kayit/ON-KAYIT-TASLAK.md:1060): "X soyulmuş (yalnız A) | RED" | ÖK §4.8 P3 (ON-KAYIT v0.8 (capa 7); 00-on-kayit/ON-KAYIT-TASLAK.md:778): "P2 + ihraççı başına gerekli küme R_I" | ÖK §2B m.6 (ON-KAYIT v0.8 (capa 7); 00-on-kayit/ON-KAYIT-TASLAK.md:256): "Göç etmiş ihraççının yalnız klasik imzalı belgesi reddedilir, eski ihraççının klasik imzalı belgesi kabul edilir."	insa: ES256=geçerli || gerekli küme R=['Ed25519'] karşılanmıyor (yalnız ES256)
T3_stripped_to_ES256	L4-Y	kontrol-Ed25519	birincil	K3;MR1	reject	ÖK §6.5 (ON-KAYIT v0.8 (capa 7); 00-on-kayit/ON-KAYIT-TASLAK.md:1054): "İhraççı başına gerekli küme R = {X}, izinli küme {A, X}." | [T328] JWTBCP §3.1 (draft-ietf-oauth-rfc8725bis-10; metin/JWTBCP.txt:482): "it MUST determine which algorithms are permitted for itself and that issuer and ensure that the received JWT complies with those requirements" | ÖK §4.7 G5 (ON-KAYIT v0.8 (capa 7); 00-on-kayit/ON-KAYIT-TASLAK.md:767): "Göç etmiş bir varlık, ilan ettiği eski-sürüm penceresi dışında yalnız klasik kanıtla kabul edilemez." | ÖK §4.13 L4 (ON-KAYIT v0.8 (capa 7); 00-on-kayit/ON-KAYIT-TASLAK.md:844): "Yapılandırılmış hâlde K1 KABUL, K2 RED, K3 RED (§6.5)" | ÖK §6.5 K3 (ON-KAYIT v0.8 (capa 7); 00-on-kayit/ON-KAYIT-TASLAK.md:1060): "X soyulmuş (yalnız A) | RED" | [T314] RFC7515 §5.2 (RFC 7515; metin/RFC7515.txt:810): "When there are multiple JWS Signature values, it is an application decision which of the JWS Signature values must successfully validate for the JWS to be accepted." | ÖK §2B m.6 (ON-KAYIT v0.8 (capa 7); 00-on-kayit/ON-KAYIT-TASLAK.md:256): "Göç etmiş ihraççının yalnız klasik imzalı belgesi reddedilir, eski ihraççının klasik imzalı belgesi kabul edilir."	insa: ES256=geçerli || gerekli küme R=['Ed25519'] karşılanmıyor (yalnız ES256)
T3_stripped_to_ES256	P0	kontrol-Ed25519	birincil	K3;MR1	accept-classical	ÖK §4.8 P0 (ON-KAYIT v0.8 (capa 7); 00-on-kayit/ON-KAYIT-TASLAK.md:775): "En az bir imza geçerliyse kabul" | [T314] RFC7515 §5.2 (RFC 7515; metin/RFC7515.txt:810): "When there are multiple JWS Signature values, it is an application decision which of the JWS Signature values must successfully validate for the JWS to be accepted."	insa: ES256=geçerli || en az bir geçerli imza var; kabul için klasik ES256 yeterli
T3_stripped_to_ES256	P1	kontrol-Ed25519	birincil	K3;MR1	accept-classical	ÖK §4.8 P1 (ON-KAYIT v0.8 (capa 7); 00-on-kayit/ON-KAYIT-TASLAK.md:776): "Mevcut imzaların tümü geçerliyse kabul. İmza silinmesi (soyma) fark edilmez" | [T135] ACM2 Note 51 (ECCG ACM v2.0; metin/ACM2.txt:946): "the veriﬁcation function accepting if and only if all signatures are correct"	insa: ES256=geçerli || mevcut imzaların tümü geçerli
T3_stripped_to_ES256	GEC	tedavi-ML-DSA-65	birincil	K3;MR1	accept-classical	ÖK §4.15 (ON-KAYIT v0.8 (capa 7); 00-on-kayit/ON-KAYIT-TASLAK.md:881): "V+: tek geçerli klasik imza → KABUL; V−: bozuk imza → RED" | [T315] RFC7515 §5.2 (RFC 7515; metin/RFC7515.txt:815): "at least one JWS Signature value MUST successfully validate, or the JWS MUST be considered invalid"	insa: ES256=geçerli || imza(lar) geçerli; alg ∈ W
T3_stripped_to_ES256	IZIN-A	tedavi-ML-DSA-65	birincil	K3;MR1	accept-classical	ÖK §4.13 L1 (ON-KAYIT v0.8 (capa 7); 00-on-kayit/ON-KAYIT-TASLAK.md:841): "Doğrulayıcı genelinde izin listesi; izinsiz algoritma reddediliyor" | [T327] JWTBCP §3.1 (draft-ietf-oauth-rfc8725bis-10; metin/JWTBCP.txt:464): "MUST NOT employ any algorithms outside this configured set"	insa: ES256=geçerli || imza(lar) geçerli; alg ∈ W
T3_stripped_to_ES256	IZIN-AX	tedavi-ML-DSA-65	birincil	K3;MR1	accept-classical	ÖK §4.13 L1 (ON-KAYIT v0.8 (capa 7); 00-on-kayit/ON-KAYIT-TASLAK.md:841): "Doğrulayıcı genelinde izin listesi; izinsiz algoritma reddediliyor" | [T327] JWTBCP §3.1 (draft-ietf-oauth-rfc8725bis-10; metin/JWTBCP.txt:464): "MUST NOT employ any algorithms outside this configured set" | ÖK §2B m.6 (ON-KAYIT v0.8 (capa 7); 00-on-kayit/ON-KAYIT-TASLAK.md:256): "Göç etmiş ihraççının yalnız klasik imzalı belgesi reddedilir, eski ihraççının klasik imzalı belgesi kabul edilir."	insa: ES256=geçerli || imza(lar) geçerli; alg ∈ W
T3_stripped_to_ES256	L4	tedavi-ML-DSA-65	birincil	K3;MR1	reject	ÖK §6.5 (ON-KAYIT v0.8 (capa 7); 00-on-kayit/ON-KAYIT-TASLAK.md:1054): "İhraççı başına gerekli küme R = {X}, izinli küme {A, X}." | [T328] JWTBCP §3.1 (draft-ietf-oauth-rfc8725bis-10; metin/JWTBCP.txt:482): "it MUST determine which algorithms are permitted for itself and that issuer and ensure that the received JWT complies with those requirements" | ÖK §4.7 G5 (ON-KAYIT v0.8 (capa 7); 00-on-kayit/ON-KAYIT-TASLAK.md:767): "Göç etmiş bir varlık, ilan ettiği eski-sürüm penceresi dışında yalnız klasik kanıtla kabul edilemez." | ÖK §4.13 L4 (ON-KAYIT v0.8 (capa 7); 00-on-kayit/ON-KAYIT-TASLAK.md:844): "Yapılandırılmış hâlde K1 KABUL, K2 RED, K3 RED (§6.5)" | ÖK §6.5 K3 (ON-KAYIT v0.8 (capa 7); 00-on-kayit/ON-KAYIT-TASLAK.md:1060): "X soyulmuş (yalnız A) | RED" | ÖK §2B m.6 (ON-KAYIT v0.8 (capa 7); 00-on-kayit/ON-KAYIT-TASLAK.md:256): "Göç etmiş ihraççının yalnız klasik imzalı belgesi reddedilir, eski ihraççının klasik imzalı belgesi kabul edilir."	insa: ES256=geçerli || gerekli küme R=['ML-DSA-65'] karşılanmıyor (yalnız ES256)
T3_stripped_to_ES256	L4-S	tedavi-ML-DSA-65	birincil	K3;MR1	reject	ÖK §6.5 (ON-KAYIT v0.8 (capa 7); 00-on-kayit/ON-KAYIT-TASLAK.md:1054): "İhraççı başına gerekli küme R = {X}, izinli küme {A, X}." | [T328] JWTBCP §3.1 (draft-ietf-oauth-rfc8725bis-10; metin/JWTBCP.txt:482): "it MUST determine which algorithms are permitted for itself and that issuer and ensure that the received JWT complies with those requirements" | ÖK §4.7 G5 (ON-KAYIT v0.8 (capa 7); 00-on-kayit/ON-KAYIT-TASLAK.md:767): "Göç etmiş bir varlık, ilan ettiği eski-sürüm penceresi dışında yalnız klasik kanıtla kabul edilemez." | ÖK §4.13 L4 (ON-KAYIT v0.8 (capa 7); 00-on-kayit/ON-KAYIT-TASLAK.md:844): "Yapılandırılmış hâlde K1 KABUL, K2 RED, K3 RED (§6.5)" | ÖK §6.5 K3 (ON-KAYIT v0.8 (capa 7); 00-on-kayit/ON-KAYIT-TASLAK.md:1060): "X soyulmuş (yalnız A) | RED" | ÖK §4.8 P3 (ON-KAYIT v0.8 (capa 7); 00-on-kayit/ON-KAYIT-TASLAK.md:778): "P2 + ihraççı başına gerekli küme R_I" | ÖK §2B m.6 (ON-KAYIT v0.8 (capa 7); 00-on-kayit/ON-KAYIT-TASLAK.md:256): "Göç etmiş ihraççının yalnız klasik imzalı belgesi reddedilir, eski ihraççının klasik imzalı belgesi kabul edilir."	insa: ES256=geçerli || gerekli küme R=['ML-DSA-65'] karşılanmıyor (yalnız ES256)
T3_stripped_to_ES256	L4-Y	tedavi-ML-DSA-65	birincil	K3;MR1	reject	ÖK §6.5 (ON-KAYIT v0.8 (capa 7); 00-on-kayit/ON-KAYIT-TASLAK.md:1054): "İhraççı başına gerekli küme R = {X}, izinli küme {A, X}." | [T328] JWTBCP §3.1 (draft-ietf-oauth-rfc8725bis-10; metin/JWTBCP.txt:482): "it MUST determine which algorithms are permitted for itself and that issuer and ensure that the received JWT complies with those requirements" | ÖK §4.7 G5 (ON-KAYIT v0.8 (capa 7); 00-on-kayit/ON-KAYIT-TASLAK.md:767): "Göç etmiş bir varlık, ilan ettiği eski-sürüm penceresi dışında yalnız klasik kanıtla kabul edilemez." | ÖK §4.13 L4 (ON-KAYIT v0.8 (capa 7); 00-on-kayit/ON-KAYIT-TASLAK.md:844): "Yapılandırılmış hâlde K1 KABUL, K2 RED, K3 RED (§6.5)" | ÖK §6.5 K3 (ON-KAYIT v0.8 (capa 7); 00-on-kayit/ON-KAYIT-TASLAK.md:1060): "X soyulmuş (yalnız A) | RED" | [T314] RFC7515 §5.2 (RFC 7515; metin/RFC7515.txt:810): "When there are multiple JWS Signature values, it is an application decision which of the JWS Signature values must successfully validate for the JWS to be accepted." | ÖK §2B m.6 (ON-KAYIT v0.8 (capa 7); 00-on-kayit/ON-KAYIT-TASLAK.md:256): "Göç etmiş ihraççının yalnız klasik imzalı belgesi reddedilir, eski ihraççının klasik imzalı belgesi kabul edilir."	insa: ES256=geçerli || gerekli küme R=['ML-DSA-65'] karşılanmıyor (yalnız ES256)
T3_stripped_to_ES256	P0	tedavi-ML-DSA-65	birincil	K3;MR1	accept-classical	ÖK §4.8 P0 (ON-KAYIT v0.8 (capa 7); 00-on-kayit/ON-KAYIT-TASLAK.md:775): "En az bir imza geçerliyse kabul" | [T314] RFC7515 §5.2 (RFC 7515; metin/RFC7515.txt:810): "When there are multiple JWS Signature values, it is an application decision which of the JWS Signature values must successfully validate for the JWS to be accepted."	insa: ES256=geçerli || en az bir geçerli imza var; kabul için klasik ES256 yeterli
T3_stripped_to_ES256	P1	tedavi-ML-DSA-65	birincil	K3;MR1	accept-classical	ÖK §4.8 P1 (ON-KAYIT v0.8 (capa 7); 00-on-kayit/ON-KAYIT-TASLAK.md:776): "Mevcut imzaların tümü geçerliyse kabul. İmza silinmesi (soyma) fark edilmez" | [T135] ACM2 Note 51 (ECCG ACM v2.0; metin/ACM2.txt:946): "the veriﬁcation function accepting if and only if all signatures are correct"	insa: ES256=geçerli || mevcut imzaların tümü geçerli
T3_stripped_to_ES256	GEC	tedavi-composite	birincil	K3;MR1	accept-classical	ÖK §4.15 (ON-KAYIT v0.8 (capa 7); 00-on-kayit/ON-KAYIT-TASLAK.md:881): "V+: tek geçerli klasik imza → KABUL; V−: bozuk imza → RED" | [T315] RFC7515 §5.2 (RFC 7515; metin/RFC7515.txt:815): "at least one JWS Signature value MUST successfully validate, or the JWS MUST be considered invalid"	insa: ES256=geçerli || imza(lar) geçerli; alg ∈ W
T3_stripped_to_ES256	IZIN-A	tedavi-composite	birincil	K3;MR1	accept-classical	ÖK §4.13 L1 (ON-KAYIT v0.8 (capa 7); 00-on-kayit/ON-KAYIT-TASLAK.md:841): "Doğrulayıcı genelinde izin listesi; izinsiz algoritma reddediliyor" | [T327] JWTBCP §3.1 (draft-ietf-oauth-rfc8725bis-10; metin/JWTBCP.txt:464): "MUST NOT employ any algorithms outside this configured set"	insa: ES256=geçerli || imza(lar) geçerli; alg ∈ W
T3_stripped_to_ES256	IZIN-AX	tedavi-composite	birincil	K3;MR1	accept-classical	ÖK §4.13 L1 (ON-KAYIT v0.8 (capa 7); 00-on-kayit/ON-KAYIT-TASLAK.md:841): "Doğrulayıcı genelinde izin listesi; izinsiz algoritma reddediliyor" | [T327] JWTBCP §3.1 (draft-ietf-oauth-rfc8725bis-10; metin/JWTBCP.txt:464): "MUST NOT employ any algorithms outside this configured set" | ÖK §2B m.6 (ON-KAYIT v0.8 (capa 7); 00-on-kayit/ON-KAYIT-TASLAK.md:256): "Göç etmiş ihraççının yalnız klasik imzalı belgesi reddedilir, eski ihraççının klasik imzalı belgesi kabul edilir."	insa: ES256=geçerli || imza(lar) geçerli; alg ∈ W
T3_stripped_to_ES256	L4	tedavi-composite	birincil	K3;MR1	reject	ÖK §6.5 (ON-KAYIT v0.8 (capa 7); 00-on-kayit/ON-KAYIT-TASLAK.md:1054): "İhraççı başına gerekli küme R = {X}, izinli küme {A, X}." | [T328] JWTBCP §3.1 (draft-ietf-oauth-rfc8725bis-10; metin/JWTBCP.txt:482): "it MUST determine which algorithms are permitted for itself and that issuer and ensure that the received JWT complies with those requirements" | ÖK §4.7 G5 (ON-KAYIT v0.8 (capa 7); 00-on-kayit/ON-KAYIT-TASLAK.md:767): "Göç etmiş bir varlık, ilan ettiği eski-sürüm penceresi dışında yalnız klasik kanıtla kabul edilemez." | ÖK §4.13 L4 (ON-KAYIT v0.8 (capa 7); 00-on-kayit/ON-KAYIT-TASLAK.md:844): "Yapılandırılmış hâlde K1 KABUL, K2 RED, K3 RED (§6.5)" | ÖK §6.5 K3 (ON-KAYIT v0.8 (capa 7); 00-on-kayit/ON-KAYIT-TASLAK.md:1060): "X soyulmuş (yalnız A) | RED" | ÖK §2B m.6 (ON-KAYIT v0.8 (capa 7); 00-on-kayit/ON-KAYIT-TASLAK.md:256): "Göç etmiş ihraççının yalnız klasik imzalı belgesi reddedilir, eski ihraççının klasik imzalı belgesi kabul edilir."	insa: ES256=geçerli || gerekli küme R=['ML-DSA-65-ES256'] karşılanmıyor (yalnız ES256)
T3_stripped_to_ES256	L4-S	tedavi-composite	birincil	K3;MR1	reject	ÖK §6.5 (ON-KAYIT v0.8 (capa 7); 00-on-kayit/ON-KAYIT-TASLAK.md:1054): "İhraççı başına gerekli küme R = {X}, izinli küme {A, X}." | [T328] JWTBCP §3.1 (draft-ietf-oauth-rfc8725bis-10; metin/JWTBCP.txt:482): "it MUST determine which algorithms are permitted for itself and that issuer and ensure that the received JWT complies with those requirements" | ÖK §4.7 G5 (ON-KAYIT v0.8 (capa 7); 00-on-kayit/ON-KAYIT-TASLAK.md:767): "Göç etmiş bir varlık, ilan ettiği eski-sürüm penceresi dışında yalnız klasik kanıtla kabul edilemez." | ÖK §4.13 L4 (ON-KAYIT v0.8 (capa 7); 00-on-kayit/ON-KAYIT-TASLAK.md:844): "Yapılandırılmış hâlde K1 KABUL, K2 RED, K3 RED (§6.5)" | ÖK §6.5 K3 (ON-KAYIT v0.8 (capa 7); 00-on-kayit/ON-KAYIT-TASLAK.md:1060): "X soyulmuş (yalnız A) | RED" | ÖK §4.8 P3 (ON-KAYIT v0.8 (capa 7); 00-on-kayit/ON-KAYIT-TASLAK.md:778): "P2 + ihraççı başına gerekli küme R_I" | ÖK §2B m.6 (ON-KAYIT v0.8 (capa 7); 00-on-kayit/ON-KAYIT-TASLAK.md:256): "Göç etmiş ihraççının yalnız klasik imzalı belgesi reddedilir, eski ihraççının klasik imzalı belgesi kabul edilir."	insa: ES256=geçerli || gerekli küme R=['ML-DSA-65-ES256'] karşılanmıyor (yalnız ES256)
T3_stripped_to_ES256	L4-Y	tedavi-composite	birincil	K3;MR1	reject	ÖK §6.5 (ON-KAYIT v0.8 (capa 7); 00-on-kayit/ON-KAYIT-TASLAK.md:1054): "İhraççı başına gerekli küme R = {X}, izinli küme {A, X}." | [T328] JWTBCP §3.1 (draft-ietf-oauth-rfc8725bis-10; metin/JWTBCP.txt:482): "it MUST determine which algorithms are permitted for itself and that issuer and ensure that the received JWT complies with those requirements" | ÖK §4.7 G5 (ON-KAYIT v0.8 (capa 7); 00-on-kayit/ON-KAYIT-TASLAK.md:767): "Göç etmiş bir varlık, ilan ettiği eski-sürüm penceresi dışında yalnız klasik kanıtla kabul edilemez." | ÖK §4.13 L4 (ON-KAYIT v0.8 (capa 7); 00-on-kayit/ON-KAYIT-TASLAK.md:844): "Yapılandırılmış hâlde K1 KABUL, K2 RED, K3 RED (§6.5)" | ÖK §6.5 K3 (ON-KAYIT v0.8 (capa 7); 00-on-kayit/ON-KAYIT-TASLAK.md:1060): "X soyulmuş (yalnız A) | RED" | [T314] RFC7515 §5.2 (RFC 7515; metin/RFC7515.txt:810): "When there are multiple JWS Signature values, it is an application decision which of the JWS Signature values must successfully validate for the JWS to be accepted." | ÖK §2B m.6 (ON-KAYIT v0.8 (capa 7); 00-on-kayit/ON-KAYIT-TASLAK.md:256): "Göç etmiş ihraççının yalnız klasik imzalı belgesi reddedilir, eski ihraççının klasik imzalı belgesi kabul edilir."	insa: ES256=geçerli || gerekli küme R=['ML-DSA-65-ES256'] karşılanmıyor (yalnız ES256)
T3_stripped_to_ES256	P0	tedavi-composite	birincil	K3;MR1	accept-classical	ÖK §4.8 P0 (ON-KAYIT v0.8 (capa 7); 00-on-kayit/ON-KAYIT-TASLAK.md:775): "En az bir imza geçerliyse kabul" | [T314] RFC7515 §5.2 (RFC 7515; metin/RFC7515.txt:810): "When there are multiple JWS Signature values, it is an application decision which of the JWS Signature values must successfully validate for the JWS to be accepted."	insa: ES256=geçerli || en az bir geçerli imza var; kabul için klasik ES256 yeterli
T3_stripped_to_ES256	P1	tedavi-composite	birincil	K3;MR1	accept-classical	ÖK §4.8 P1 (ON-KAYIT v0.8 (capa 7); 00-on-kayit/ON-KAYIT-TASLAK.md:776): "Mevcut imzaların tümü geçerliyse kabul. İmza silinmesi (soyma) fark edilmez" | [T135] ACM2 Note 51 (ECCG ACM v2.0; metin/ACM2.txt:946): "the veriﬁcation function accepting if and only if all signatures are correct"	insa: ES256=geçerli || mevcut imzaların tümü geçerli
T1P_both_valid	L4	tedavi-ML-DSA-65	birincil	K1;MR1;MR2	accept-hybrid	ÖK §6.5 (ON-KAYIT v0.8 (capa 7); 00-on-kayit/ON-KAYIT-TASLAK.md:1054): "İhraççı başına gerekli küme R = {X}, izinli küme {A, X}." | [T328] JWTBCP §3.1 (draft-ietf-oauth-rfc8725bis-10; metin/JWTBCP.txt:482): "it MUST determine which algorithms are permitted for itself and that issuer and ensure that the received JWT complies with those requirements" | ÖK §4.7 G5 (ON-KAYIT v0.8 (capa 7); 00-on-kayit/ON-KAYIT-TASLAK.md:767): "Göç etmiş bir varlık, ilan ettiği eski-sürüm penceresi dışında yalnız klasik kanıtla kabul edilemez." | ÖK §6.5 K1 (ON-KAYIT v0.8 (capa 7); 00-on-kayit/ON-KAYIT-TASLAK.md:1058): "Çift imza (A + X), ikisi geçerli | KABUL" | ÖK §4.13 L4 (ON-KAYIT v0.8 (capa 7); 00-on-kayit/ON-KAYIT-TASLAK.md:844): "Yapılandırılmış hâlde K1 KABUL, K2 RED, K3 RED (§6.5)"	insa: ES256=geçerli, ML-DSA-65=geçerli || R={ML-DSA-65} geçerli imzayla karşılandı; W içindeki imzalar geçerli
T1P_both_valid	L4-S	tedavi-ML-DSA-65	birincil	K1;MR1;MR2	accept-hybrid	ÖK §6.5 (ON-KAYIT v0.8 (capa 7); 00-on-kayit/ON-KAYIT-TASLAK.md:1054): "İhraççı başına gerekli küme R = {X}, izinli küme {A, X}." | [T328] JWTBCP §3.1 (draft-ietf-oauth-rfc8725bis-10; metin/JWTBCP.txt:482): "it MUST determine which algorithms are permitted for itself and that issuer and ensure that the received JWT complies with those requirements" | ÖK §4.7 G5 (ON-KAYIT v0.8 (capa 7); 00-on-kayit/ON-KAYIT-TASLAK.md:767): "Göç etmiş bir varlık, ilan ettiği eski-sürüm penceresi dışında yalnız klasik kanıtla kabul edilemez." | ÖK §6.5 K1 (ON-KAYIT v0.8 (capa 7); 00-on-kayit/ON-KAYIT-TASLAK.md:1058): "Çift imza (A + X), ikisi geçerli | KABUL" | ÖK §4.8 P3 (ON-KAYIT v0.8 (capa 7); 00-on-kayit/ON-KAYIT-TASLAK.md:778): "P2 + ihraççı başına gerekli küme R_I"	insa: ES256=geçerli, ML-DSA-65=geçerli || R={ML-DSA-65} geçerli imzayla karşılandı; W içindeki imzalar geçerli
T1P_both_valid	L4-Y	tedavi-ML-DSA-65	birincil	K1;MR1;MR2	accept-hybrid	ÖK §6.5 (ON-KAYIT v0.8 (capa 7); 00-on-kayit/ON-KAYIT-TASLAK.md:1054): "İhraççı başına gerekli küme R = {X}, izinli küme {A, X}." | [T328] JWTBCP §3.1 (draft-ietf-oauth-rfc8725bis-10; metin/JWTBCP.txt:482): "it MUST determine which algorithms are permitted for itself and that issuer and ensure that the received JWT complies with those requirements" | ÖK §4.7 G5 (ON-KAYIT v0.8 (capa 7); 00-on-kayit/ON-KAYIT-TASLAK.md:767): "Göç etmiş bir varlık, ilan ettiği eski-sürüm penceresi dışında yalnız klasik kanıtla kabul edilemez." | ÖK §6.5 K1 (ON-KAYIT v0.8 (capa 7); 00-on-kayit/ON-KAYIT-TASLAK.md:1058): "Çift imza (A + X), ikisi geçerli | KABUL" | [T314] RFC7515 §5.2 (RFC 7515; metin/RFC7515.txt:810): "When there are multiple JWS Signature values, it is an application decision which of the JWS Signature values must successfully validate for the JWS to be accepted."	insa: ES256=geçerli, ML-DSA-65=geçerli || R={ML-DSA-65} geçerli imzayla karşılandı; W içindeki imzalar geçerli
T1P_both_valid	P0	tedavi-ML-DSA-65	birincil	K1;MR1;MR2	accept-classical	ÖK §4.8 P0 (ON-KAYIT v0.8 (capa 7); 00-on-kayit/ON-KAYIT-TASLAK.md:775): "En az bir imza geçerliyse kabul" | [T314] RFC7515 §5.2 (RFC 7515; metin/RFC7515.txt:810): "When there are multiple JWS Signature values, it is an application decision which of the JWS Signature values must successfully validate for the JWS to be accepted."	insa: ES256=geçerli, ML-DSA-65=geçerli || en az bir geçerli imza var; kabul için klasik ES256 yeterli
T1P_both_valid	P1	tedavi-ML-DSA-65	birincil	K1;MR1;MR2	accept-hybrid	ÖK §4.8 P1 (ON-KAYIT v0.8 (capa 7); 00-on-kayit/ON-KAYIT-TASLAK.md:776): "Mevcut imzaların tümü geçerliyse kabul. İmza silinmesi (soyma) fark edilmez" | [T135] ACM2 Note 51 (ECCG ACM v2.0; metin/ACM2.txt:946): "the veriﬁcation function accepting if and only if all signatures are correct"	insa: ES256=geçerli, ML-DSA-65=geçerli || mevcut imzaların tümü geçerli; aralarında PQ imza var, kabul PQ doğrulamasını içerir
T2P_second_tampered	L4	tedavi-ML-DSA-65	birincil	K2	reject	ÖK §6.5 (ON-KAYIT v0.8 (capa 7); 00-on-kayit/ON-KAYIT-TASLAK.md:1054): "İhraççı başına gerekli küme R = {X}, izinli küme {A, X}." | [T328] JWTBCP §3.1 (draft-ietf-oauth-rfc8725bis-10; metin/JWTBCP.txt:482): "it MUST determine which algorithms are permitted for itself and that issuer and ensure that the received JWT complies with those requirements" | ÖK §4.7 G5 (ON-KAYIT v0.8 (capa 7); 00-on-kayit/ON-KAYIT-TASLAK.md:767): "Göç etmiş bir varlık, ilan ettiği eski-sürüm penceresi dışında yalnız klasik kanıtla kabul edilemez." | JWTBCP §3.3 (draft-ietf-oauth-rfc8725bis-10; metin/JWTBCP.txt:566): "the entire JWT MUST be rejected if any of them fail to validate" | RFC7515 §5.2 (RFC 7515; metin/RFC7515.txt:876): "which MUST be accurately represented by the value of the "alg" (algorithm) Header Parameter" | ÖK §6.5 K2 (ON-KAYIT v0.8 (capa 7); 00-on-kayit/ON-KAYIT-TASLAK.md:1059): "X imzası bozuk | RED" | ÖK §4.13 L4 (ON-KAYIT v0.8 (capa 7); 00-on-kayit/ON-KAYIT-TASLAK.md:844): "Yapılandırılmış hâlde K1 KABUL, K2 RED, K3 RED (§6.5)"	insa: ES256=geçerli, ML-DSA-65=geçersiz || W içinde geçersiz imza: ML-DSA-65: imza bozuk (bozuk: bayt 5, bit 0 cevrildi)
T2P_second_tampered	L4-S	tedavi-ML-DSA-65	birincil	K2	reject	ÖK §6.5 (ON-KAYIT v0.8 (capa 7); 00-on-kayit/ON-KAYIT-TASLAK.md:1054): "İhraççı başına gerekli küme R = {X}, izinli küme {A, X}." | [T328] JWTBCP §3.1 (draft-ietf-oauth-rfc8725bis-10; metin/JWTBCP.txt:482): "it MUST determine which algorithms are permitted for itself and that issuer and ensure that the received JWT complies with those requirements" | ÖK §4.7 G5 (ON-KAYIT v0.8 (capa 7); 00-on-kayit/ON-KAYIT-TASLAK.md:767): "Göç etmiş bir varlık, ilan ettiği eski-sürüm penceresi dışında yalnız klasik kanıtla kabul edilemez." | JWTBCP §3.3 (draft-ietf-oauth-rfc8725bis-10; metin/JWTBCP.txt:566): "the entire JWT MUST be rejected if any of them fail to validate" | RFC7515 §5.2 (RFC 7515; metin/RFC7515.txt:876): "which MUST be accurately represented by the value of the "alg" (algorithm) Header Parameter" | ÖK §6.5 K2 (ON-KAYIT v0.8 (capa 7); 00-on-kayit/ON-KAYIT-TASLAK.md:1059): "X imzası bozuk | RED" | ÖK §4.8 P3 (ON-KAYIT v0.8 (capa 7); 00-on-kayit/ON-KAYIT-TASLAK.md:778): "P2 + ihraççı başına gerekli küme R_I"	insa: ES256=geçerli, ML-DSA-65=geçersiz || W içinde geçersiz imza: ML-DSA-65: imza bozuk (bozuk: bayt 5, bit 0 cevrildi)
T2P_second_tampered	L4-Y	tedavi-ML-DSA-65	birincil	K2	reject	ÖK §6.5 (ON-KAYIT v0.8 (capa 7); 00-on-kayit/ON-KAYIT-TASLAK.md:1054): "İhraççı başına gerekli küme R = {X}, izinli küme {A, X}." | [T328] JWTBCP §3.1 (draft-ietf-oauth-rfc8725bis-10; metin/JWTBCP.txt:482): "it MUST determine which algorithms are permitted for itself and that issuer and ensure that the received JWT complies with those requirements" | ÖK §4.7 G5 (ON-KAYIT v0.8 (capa 7); 00-on-kayit/ON-KAYIT-TASLAK.md:767): "Göç etmiş bir varlık, ilan ettiği eski-sürüm penceresi dışında yalnız klasik kanıtla kabul edilemez." | JWTBCP §3.3 (draft-ietf-oauth-rfc8725bis-10; metin/JWTBCP.txt:566): "the entire JWT MUST be rejected if any of them fail to validate" | RFC7515 §5.2 (RFC 7515; metin/RFC7515.txt:876): "which MUST be accurately represented by the value of the "alg" (algorithm) Header Parameter" | ÖK §6.5 K2 (ON-KAYIT v0.8 (capa 7); 00-on-kayit/ON-KAYIT-TASLAK.md:1059): "X imzası bozuk | RED" | [T314] RFC7515 §5.2 (RFC 7515; metin/RFC7515.txt:810): "When there are multiple JWS Signature values, it is an application decision which of the JWS Signature values must successfully validate for the JWS to be accepted."	insa: ES256=geçerli, ML-DSA-65=geçersiz || W içinde geçersiz imza: ML-DSA-65: imza bozuk (bozuk: bayt 5, bit 0 cevrildi)
T2P_second_tampered	P0	tedavi-ML-DSA-65	birincil	K2	accept-classical	ÖK §4.8 P0 (ON-KAYIT v0.8 (capa 7); 00-on-kayit/ON-KAYIT-TASLAK.md:775): "En az bir imza geçerliyse kabul" | [T314] RFC7515 §5.2 (RFC 7515; metin/RFC7515.txt:810): "When there are multiple JWS Signature values, it is an application decision which of the JWS Signature values must successfully validate for the JWS to be accepted."	insa: ES256=geçerli, ML-DSA-65=geçersiz || en az bir geçerli imza var; kabul için klasik ES256 yeterli
T2P_second_tampered	P1	tedavi-ML-DSA-65	birincil	K2	reject	ÖK §4.8 P1 (ON-KAYIT v0.8 (capa 7); 00-on-kayit/ON-KAYIT-TASLAK.md:776): "Mevcut imzaların tümü geçerliyse kabul. İmza silinmesi (soyma) fark edilmez" | RFC7515 §5.2 (RFC 7515; metin/RFC7515.txt:876): "which MUST be accurately represented by the value of the "alg" (algorithm) Header Parameter"	insa: ES256=geçerli, ML-DSA-65=geçersiz || mevcut imzaların tümü geçerli değil: ML-DSA-65: imza bozuk (bozuk: bayt 5, bit 0 cevrildi)
T1C_both_valid	L4	tedavi-composite	birincil	K1;MR1;MR2	accept-hybrid	ÖK §6.5 (ON-KAYIT v0.8 (capa 7); 00-on-kayit/ON-KAYIT-TASLAK.md:1054): "İhraççı başına gerekli küme R = {X}, izinli küme {A, X}." | [T328] JWTBCP §3.1 (draft-ietf-oauth-rfc8725bis-10; metin/JWTBCP.txt:482): "it MUST determine which algorithms are permitted for itself and that issuer and ensure that the received JWT complies with those requirements" | ÖK §4.7 G5 (ON-KAYIT v0.8 (capa 7); 00-on-kayit/ON-KAYIT-TASLAK.md:767): "Göç etmiş bir varlık, ilan ettiği eski-sürüm penceresi dışında yalnız klasik kanıtla kabul edilemez." | ÖK §6.5 K1 (ON-KAYIT v0.8 (capa 7); 00-on-kayit/ON-KAYIT-TASLAK.md:1058): "Çift imza (A + X), ikisi geçerli | KABUL" | ÖK §4.13 L4 (ON-KAYIT v0.8 (capa 7); 00-on-kayit/ON-KAYIT-TASLAK.md:844): "Yapılandırılmış hâlde K1 KABUL, K2 RED, K3 RED (§6.5)"	insa: ES256=geçerli, ML-DSA-65-ES256=geçerli || R={ML-DSA-65-ES256} geçerli imzayla karşılandı; W içindeki imzalar geçerli
T1C_both_valid	L4-S	tedavi-composite	birincil	K1;MR1;MR2	accept-hybrid	ÖK §6.5 (ON-KAYIT v0.8 (capa 7); 00-on-kayit/ON-KAYIT-TASLAK.md:1054): "İhraççı başına gerekli küme R = {X}, izinli küme {A, X}." | [T328] JWTBCP §3.1 (draft-ietf-oauth-rfc8725bis-10; metin/JWTBCP.txt:482): "it MUST determine which algorithms are permitted for itself and that issuer and ensure that the received JWT complies with those requirements" | ÖK §4.7 G5 (ON-KAYIT v0.8 (capa 7); 00-on-kayit/ON-KAYIT-TASLAK.md:767): "Göç etmiş bir varlık, ilan ettiği eski-sürüm penceresi dışında yalnız klasik kanıtla kabul edilemez." | ÖK §6.5 K1 (ON-KAYIT v0.8 (capa 7); 00-on-kayit/ON-KAYIT-TASLAK.md:1058): "Çift imza (A + X), ikisi geçerli | KABUL" | ÖK §4.8 P3 (ON-KAYIT v0.8 (capa 7); 00-on-kayit/ON-KAYIT-TASLAK.md:778): "P2 + ihraççı başına gerekli küme R_I"	insa: ES256=geçerli, ML-DSA-65-ES256=geçerli || R={ML-DSA-65-ES256} geçerli imzayla karşılandı; W içindeki imzalar geçerli
T1C_both_valid	L4-Y	tedavi-composite	birincil	K1;MR1;MR2	accept-hybrid	ÖK §6.5 (ON-KAYIT v0.8 (capa 7); 00-on-kayit/ON-KAYIT-TASLAK.md:1054): "İhraççı başına gerekli küme R = {X}, izinli küme {A, X}." | [T328] JWTBCP §3.1 (draft-ietf-oauth-rfc8725bis-10; metin/JWTBCP.txt:482): "it MUST determine which algorithms are permitted for itself and that issuer and ensure that the received JWT complies with those requirements" | ÖK §4.7 G5 (ON-KAYIT v0.8 (capa 7); 00-on-kayit/ON-KAYIT-TASLAK.md:767): "Göç etmiş bir varlık, ilan ettiği eski-sürüm penceresi dışında yalnız klasik kanıtla kabul edilemez." | ÖK §6.5 K1 (ON-KAYIT v0.8 (capa 7); 00-on-kayit/ON-KAYIT-TASLAK.md:1058): "Çift imza (A + X), ikisi geçerli | KABUL" | [T314] RFC7515 §5.2 (RFC 7515; metin/RFC7515.txt:810): "When there are multiple JWS Signature values, it is an application decision which of the JWS Signature values must successfully validate for the JWS to be accepted."	insa: ES256=geçerli, ML-DSA-65-ES256=geçerli || R={ML-DSA-65-ES256} geçerli imzayla karşılandı; W içindeki imzalar geçerli
T1C_both_valid	P0	tedavi-composite	birincil	K1;MR1;MR2	accept-classical	ÖK §4.8 P0 (ON-KAYIT v0.8 (capa 7); 00-on-kayit/ON-KAYIT-TASLAK.md:775): "En az bir imza geçerliyse kabul" | [T314] RFC7515 §5.2 (RFC 7515; metin/RFC7515.txt:810): "When there are multiple JWS Signature values, it is an application decision which of the JWS Signature values must successfully validate for the JWS to be accepted."	insa: ES256=geçerli, ML-DSA-65-ES256=geçerli || en az bir geçerli imza var; kabul için klasik ES256 yeterli
T1C_both_valid	P1	tedavi-composite	birincil	K1;MR1;MR2	accept-hybrid	ÖK §4.8 P1 (ON-KAYIT v0.8 (capa 7); 00-on-kayit/ON-KAYIT-TASLAK.md:776): "Mevcut imzaların tümü geçerliyse kabul. İmza silinmesi (soyma) fark edilmez" | [T135] ACM2 Note 51 (ECCG ACM v2.0; metin/ACM2.txt:946): "the veriﬁcation function accepting if and only if all signatures are correct"	insa: ES256=geçerli, ML-DSA-65-ES256=geçerli || mevcut imzaların tümü geçerli; aralarında PQ imza var, kabul PQ doğrulamasını içerir
T2C_second_tampered	L4	tedavi-composite	birincil	K2	reject	ÖK §6.5 (ON-KAYIT v0.8 (capa 7); 00-on-kayit/ON-KAYIT-TASLAK.md:1054): "İhraççı başına gerekli küme R = {X}, izinli küme {A, X}." | [T328] JWTBCP §3.1 (draft-ietf-oauth-rfc8725bis-10; metin/JWTBCP.txt:482): "it MUST determine which algorithms are permitted for itself and that issuer and ensure that the received JWT complies with those requirements" | ÖK §4.7 G5 (ON-KAYIT v0.8 (capa 7); 00-on-kayit/ON-KAYIT-TASLAK.md:767): "Göç etmiş bir varlık, ilan ettiği eski-sürüm penceresi dışında yalnız klasik kanıtla kabul edilemez." | JWTBCP §3.3 (draft-ietf-oauth-rfc8725bis-10; metin/JWTBCP.txt:566): "the entire JWT MUST be rejected if any of them fail to validate" | RFC7515 §5.2 (RFC 7515; metin/RFC7515.txt:876): "which MUST be accurately represented by the value of the "alg" (algorithm) Header Parameter" | [T345] JOSECOMP §4.3 (draft-ietf-jose-pq-composite-sigs-04; metin/JOSECOMP.txt:452): "The Verify algorithm MUST validate a signature only if all component signatures were successfully validated." | ÖK §6.5 K2 (ON-KAYIT v0.8 (capa 7); 00-on-kayit/ON-KAYIT-TASLAK.md:1059): "X imzası bozuk | RED" | ÖK §4.13 L4 (ON-KAYIT v0.8 (capa 7); 00-on-kayit/ON-KAYIT-TASLAK.md:844): "Yapılandırılmış hâlde K1 KABUL, K2 RED, K3 RED (§6.5)"	insa: ES256=geçerli, ML-DSA-65-ES256=geçersiz || W içinde geçersiz imza: ML-DSA-65-ES256: imza bozuk (bozuk: bayt 5, bit 0 cevrildi (ML-DSA bileseni icinde))
T2C_second_tampered	L4-S	tedavi-composite	birincil	K2	reject	ÖK §6.5 (ON-KAYIT v0.8 (capa 7); 00-on-kayit/ON-KAYIT-TASLAK.md:1054): "İhraççı başına gerekli küme R = {X}, izinli küme {A, X}." | [T328] JWTBCP §3.1 (draft-ietf-oauth-rfc8725bis-10; metin/JWTBCP.txt:482): "it MUST determine which algorithms are permitted for itself and that issuer and ensure that the received JWT complies with those requirements" | ÖK §4.7 G5 (ON-KAYIT v0.8 (capa 7); 00-on-kayit/ON-KAYIT-TASLAK.md:767): "Göç etmiş bir varlık, ilan ettiği eski-sürüm penceresi dışında yalnız klasik kanıtla kabul edilemez." | JWTBCP §3.3 (draft-ietf-oauth-rfc8725bis-10; metin/JWTBCP.txt:566): "the entire JWT MUST be rejected if any of them fail to validate" | RFC7515 §5.2 (RFC 7515; metin/RFC7515.txt:876): "which MUST be accurately represented by the value of the "alg" (algorithm) Header Parameter" | [T345] JOSECOMP §4.3 (draft-ietf-jose-pq-composite-sigs-04; metin/JOSECOMP.txt:452): "The Verify algorithm MUST validate a signature only if all component signatures were successfully validated." | ÖK §6.5 K2 (ON-KAYIT v0.8 (capa 7); 00-on-kayit/ON-KAYIT-TASLAK.md:1059): "X imzası bozuk | RED" | ÖK §4.8 P3 (ON-KAYIT v0.8 (capa 7); 00-on-kayit/ON-KAYIT-TASLAK.md:778): "P2 + ihraççı başına gerekli küme R_I"	insa: ES256=geçerli, ML-DSA-65-ES256=geçersiz || W içinde geçersiz imza: ML-DSA-65-ES256: imza bozuk (bozuk: bayt 5, bit 0 cevrildi (ML-DSA bileseni icinde))
T2C_second_tampered	L4-Y	tedavi-composite	birincil	K2	reject	ÖK §6.5 (ON-KAYIT v0.8 (capa 7); 00-on-kayit/ON-KAYIT-TASLAK.md:1054): "İhraççı başına gerekli küme R = {X}, izinli küme {A, X}." | [T328] JWTBCP §3.1 (draft-ietf-oauth-rfc8725bis-10; metin/JWTBCP.txt:482): "it MUST determine which algorithms are permitted for itself and that issuer and ensure that the received JWT complies with those requirements" | ÖK §4.7 G5 (ON-KAYIT v0.8 (capa 7); 00-on-kayit/ON-KAYIT-TASLAK.md:767): "Göç etmiş bir varlık, ilan ettiği eski-sürüm penceresi dışında yalnız klasik kanıtla kabul edilemez." | JWTBCP §3.3 (draft-ietf-oauth-rfc8725bis-10; metin/JWTBCP.txt:566): "the entire JWT MUST be rejected if any of them fail to validate" | RFC7515 §5.2 (RFC 7515; metin/RFC7515.txt:876): "which MUST be accurately represented by the value of the "alg" (algorithm) Header Parameter" | [T345] JOSECOMP §4.3 (draft-ietf-jose-pq-composite-sigs-04; metin/JOSECOMP.txt:452): "The Verify algorithm MUST validate a signature only if all component signatures were successfully validated." | ÖK §6.5 K2 (ON-KAYIT v0.8 (capa 7); 00-on-kayit/ON-KAYIT-TASLAK.md:1059): "X imzası bozuk | RED" | [T314] RFC7515 §5.2 (RFC 7515; metin/RFC7515.txt:810): "When there are multiple JWS Signature values, it is an application decision which of the JWS Signature values must successfully validate for the JWS to be accepted."	insa: ES256=geçerli, ML-DSA-65-ES256=geçersiz || W içinde geçersiz imza: ML-DSA-65-ES256: imza bozuk (bozuk: bayt 5, bit 0 cevrildi (ML-DSA bileseni icinde))
T2C_second_tampered	P0	tedavi-composite	birincil	K2	accept-classical	ÖK §4.8 P0 (ON-KAYIT v0.8 (capa 7); 00-on-kayit/ON-KAYIT-TASLAK.md:775): "En az bir imza geçerliyse kabul" | [T314] RFC7515 §5.2 (RFC 7515; metin/RFC7515.txt:810): "When there are multiple JWS Signature values, it is an application decision which of the JWS Signature values must successfully validate for the JWS to be accepted."	insa: ES256=geçerli, ML-DSA-65-ES256=geçersiz || en az bir geçerli imza var; kabul için klasik ES256 yeterli
T2C_second_tampered	P1	tedavi-composite	birincil	K2	reject	ÖK §4.8 P1 (ON-KAYIT v0.8 (capa 7); 00-on-kayit/ON-KAYIT-TASLAK.md:776): "Mevcut imzaların tümü geçerliyse kabul. İmza silinmesi (soyma) fark edilmez" | RFC7515 §5.2 (RFC 7515; metin/RFC7515.txt:876): "which MUST be accurately represented by the value of the "alg" (algorithm) Header Parameter" | [T345] JOSECOMP §4.3 (draft-ietf-jose-pq-composite-sigs-04; metin/JOSECOMP.txt:452): "The Verify algorithm MUST validate a signature only if all component signatures were successfully validated."	insa: ES256=geçerli, ML-DSA-65-ES256=geçersiz || mevcut imzaların tümü geçerli değil: ML-DSA-65-ES256: imza bozuk (bozuk: bayt 5, bit 0 cevrildi (ML-DSA bileseni icinde))
T4K_plus_ML-DSA-65	L4	kontrol-EdDSA	ikincil	K5(ikincil);MR2	indeterminate	ÖK §6.5 K5 (ON-KAYIT v0.8 (capa 7); 00-on-kayit/ON-KAYIT-TASLAK.md:1062): "K1 + tanınmayan algoritmalı üçüncü imza | Politikaya göre (MR2); bayrak B1" | ÖK §4.20 MR2 (ON-KAYIT v0.8 (capa 7); 00-on-kayit/ON-KAYIT-TASLAK.md:944): "MR2: Bilinmeyen alg eklemenin etkisi politikaya göre öngörülebilir olmalı." | [T314] RFC7515 §5.2 (RFC 7515; metin/RFC7515.txt:810): "When there are multiple JWS Signature values, it is an application decision which of the JWS Signature values must successfully validate for the JWS to be accepted." | [T316] RFC7515 §5.2 (RFC 7515; metin/RFC7515.txt:894): "unless the algorithm(s) used in the JWS are acceptable to the application, it SHOULD consider the JWS to be invalid" | ÖK §6.5 (ON-KAYIT v0.8 (capa 7); 00-on-kayit/ON-KAYIT-TASLAK.md:1054): "İhraççı başına gerekli küme R = {X}, izinli küme {A, X}." | ÖK §4.13 L4 (ON-KAYIT v0.8 (capa 7); 00-on-kayit/ON-KAYIT-TASLAK.md:844): "Yapılandırılmış hâlde K1 KABUL, K2 RED, K3 RED (§6.5)"	insa: ES256=geçerli, EdDSA=geçerli, ML-DSA-65=geçerli || ÖK §6.5 K5 "politikaya göre": S → reject, Y → accept-classical (W dışı ek imza: ML-DSA-65)
T4K_plus_ML-DSA-65	L4-S	kontrol-EdDSA	ikincil	K5(ikincil);MR2	reject	ÖK §6.5 (ON-KAYIT v0.8 (capa 7); 00-on-kayit/ON-KAYIT-TASLAK.md:1054): "İhraççı başına gerekli küme R = {X}, izinli küme {A, X}." | [T328] JWTBCP §3.1 (draft-ietf-oauth-rfc8725bis-10; metin/JWTBCP.txt:482): "it MUST determine which algorithms are permitted for itself and that issuer and ensure that the received JWT complies with those requirements" | ÖK §4.7 G5 (ON-KAYIT v0.8 (capa 7); 00-on-kayit/ON-KAYIT-TASLAK.md:767): "Göç etmiş bir varlık, ilan ettiği eski-sürüm penceresi dışında yalnız klasik kanıtla kabul edilemez." | ÖK §4.8 P3 (ON-KAYIT v0.8 (capa 7); 00-on-kayit/ON-KAYIT-TASLAK.md:778): "P2 + ihraççı başına gerekli küme R_I" | ÖK §4.8 P1 (ON-KAYIT v0.8 (capa 7); 00-on-kayit/ON-KAYIT-TASLAK.md:776): "Mevcut imzaların tümü geçerliyse kabul. İmza silinmesi (soyma) fark edilmez" | [T135] ACM2 Note 51 (ECCG ACM v2.0; metin/ACM2.txt:946): "the veriﬁcation function accepting if and only if all signatures are correct" | [T316] RFC7515 §5.2 (RFC 7515; metin/RFC7515.txt:894): "unless the algorithm(s) used in the JWS are acceptable to the application, it SHOULD consider the JWS to be invalid" | [T327] JWTBCP §3.1 (draft-ietf-oauth-rfc8725bis-10; metin/JWTBCP.txt:464): "MUST NOT employ any algorithms outside this configured set" | ÖK §6.5 K5 (ON-KAYIT v0.8 (capa 7); 00-on-kayit/ON-KAYIT-TASLAK.md:1062): "K1 + tanınmayan algoritmalı üçüncü imza | Politikaya göre (MR2); bayrak B1"	insa: ES256=geçerli, EdDSA=geçerli, ML-DSA-65=geçerli || S: W dışı imza var (ML-DSA-65) → mevcut-tümü-geçerli koşulu sağlanmaz
T4K_plus_ML-DSA-65	L4-Y	kontrol-EdDSA	ikincil	K5(ikincil);MR2	accept-classical	ÖK §6.5 (ON-KAYIT v0.8 (capa 7); 00-on-kayit/ON-KAYIT-TASLAK.md:1054): "İhraççı başına gerekli küme R = {X}, izinli küme {A, X}." | [T328] JWTBCP §3.1 (draft-ietf-oauth-rfc8725bis-10; metin/JWTBCP.txt:482): "it MUST determine which algorithms are permitted for itself and that issuer and ensure that the received JWT complies with those requirements" | ÖK §4.7 G5 (ON-KAYIT v0.8 (capa 7); 00-on-kayit/ON-KAYIT-TASLAK.md:767): "Göç etmiş bir varlık, ilan ettiği eski-sürüm penceresi dışında yalnız klasik kanıtla kabul edilemez." | [T314] RFC7515 §5.2 (RFC 7515; metin/RFC7515.txt:810): "When there are multiple JWS Signature values, it is an application decision which of the JWS Signature values must successfully validate for the JWS to be accepted." | [T327] JWTBCP §3.1 (draft-ietf-oauth-rfc8725bis-10; metin/JWTBCP.txt:464): "MUST NOT employ any algorithms outside this configured set" | ÖK §6.5 K5 (ON-KAYIT v0.8 (capa 7); 00-on-kayit/ON-KAYIT-TASLAK.md:1062): "K1 + tanınmayan algoritmalı üçüncü imza | Politikaya göre (MR2); bayrak B1"	insa: ES256=geçerli, EdDSA=geçerli, ML-DSA-65=geçerli || R={EdDSA} geçerli imzayla karşılandı; W içindeki imzalar geçerli; Y: W dışı ek imza(lar) yok sayıldı (ML-DSA-65); kontrol kolu: X klasik
T4K_plus_ML-DSA-65	P0	kontrol-EdDSA	ikincil	K5(ikincil);MR2	accept-classical	ÖK §4.8 P0 (ON-KAYIT v0.8 (capa 7); 00-on-kayit/ON-KAYIT-TASLAK.md:775): "En az bir imza geçerliyse kabul" | [T314] RFC7515 §5.2 (RFC 7515; metin/RFC7515.txt:810): "When there are multiple JWS Signature values, it is an application decision which of the JWS Signature values must successfully validate for the JWS to be accepted."	insa: ES256=geçerli, EdDSA=geçerli, ML-DSA-65=geçerli || en az bir geçerli imza var; kabul için klasik ES256 yeterli
T4K_plus_ML-DSA-65	P1	kontrol-EdDSA	ikincil	K5(ikincil);MR2	accept-hybrid	ÖK §4.8 P1 (ON-KAYIT v0.8 (capa 7); 00-on-kayit/ON-KAYIT-TASLAK.md:776): "Mevcut imzaların tümü geçerliyse kabul. İmza silinmesi (soyma) fark edilmez" | [T135] ACM2 Note 51 (ECCG ACM v2.0; metin/ACM2.txt:946): "the veriﬁcation function accepting if and only if all signatures are correct"	insa: ES256=geçerli, EdDSA=geçerli, ML-DSA-65=geçerli || mevcut imzaların tümü geçerli; aralarında PQ imza var, kabul PQ doğrulamasını içerir
T4P_plus_ML-DSA-65-ES256	L4	tedavi-ML-DSA-65	ikincil	K5(ikincil);MR2	indeterminate	ÖK §6.5 K5 (ON-KAYIT v0.8 (capa 7); 00-on-kayit/ON-KAYIT-TASLAK.md:1062): "K1 + tanınmayan algoritmalı üçüncü imza | Politikaya göre (MR2); bayrak B1" | ÖK §4.20 MR2 (ON-KAYIT v0.8 (capa 7); 00-on-kayit/ON-KAYIT-TASLAK.md:944): "MR2: Bilinmeyen alg eklemenin etkisi politikaya göre öngörülebilir olmalı." | [T314] RFC7515 §5.2 (RFC 7515; metin/RFC7515.txt:810): "When there are multiple JWS Signature values, it is an application decision which of the JWS Signature values must successfully validate for the JWS to be accepted." | [T316] RFC7515 §5.2 (RFC 7515; metin/RFC7515.txt:894): "unless the algorithm(s) used in the JWS are acceptable to the application, it SHOULD consider the JWS to be invalid" | ÖK §6.5 (ON-KAYIT v0.8 (capa 7); 00-on-kayit/ON-KAYIT-TASLAK.md:1054): "İhraççı başına gerekli küme R = {X}, izinli küme {A, X}." | ÖK §4.13 L4 (ON-KAYIT v0.8 (capa 7); 00-on-kayit/ON-KAYIT-TASLAK.md:844): "Yapılandırılmış hâlde K1 KABUL, K2 RED, K3 RED (§6.5)"	insa: ES256=geçerli, ML-DSA-65=geçerli, ML-DSA-65-ES256=geçerli || ÖK §6.5 K5 "politikaya göre": S → reject, Y → accept-hybrid (W dışı ek imza: ML-DSA-65-ES256)
T4P_plus_ML-DSA-65-ES256	L4-S	tedavi-ML-DSA-65	ikincil	K5(ikincil);MR2	reject	ÖK §6.5 (ON-KAYIT v0.8 (capa 7); 00-on-kayit/ON-KAYIT-TASLAK.md:1054): "İhraççı başına gerekli küme R = {X}, izinli küme {A, X}." | [T328] JWTBCP §3.1 (draft-ietf-oauth-rfc8725bis-10; metin/JWTBCP.txt:482): "it MUST determine which algorithms are permitted for itself and that issuer and ensure that the received JWT complies with those requirements" | ÖK §4.7 G5 (ON-KAYIT v0.8 (capa 7); 00-on-kayit/ON-KAYIT-TASLAK.md:767): "Göç etmiş bir varlık, ilan ettiği eski-sürüm penceresi dışında yalnız klasik kanıtla kabul edilemez." | ÖK §4.8 P3 (ON-KAYIT v0.8 (capa 7); 00-on-kayit/ON-KAYIT-TASLAK.md:778): "P2 + ihraççı başına gerekli küme R_I" | ÖK §4.8 P1 (ON-KAYIT v0.8 (capa 7); 00-on-kayit/ON-KAYIT-TASLAK.md:776): "Mevcut imzaların tümü geçerliyse kabul. İmza silinmesi (soyma) fark edilmez" | [T135] ACM2 Note 51 (ECCG ACM v2.0; metin/ACM2.txt:946): "the veriﬁcation function accepting if and only if all signatures are correct" | [T316] RFC7515 §5.2 (RFC 7515; metin/RFC7515.txt:894): "unless the algorithm(s) used in the JWS are acceptable to the application, it SHOULD consider the JWS to be invalid" | [T327] JWTBCP §3.1 (draft-ietf-oauth-rfc8725bis-10; metin/JWTBCP.txt:464): "MUST NOT employ any algorithms outside this configured set" | ÖK §6.5 K5 (ON-KAYIT v0.8 (capa 7); 00-on-kayit/ON-KAYIT-TASLAK.md:1062): "K1 + tanınmayan algoritmalı üçüncü imza | Politikaya göre (MR2); bayrak B1"	insa: ES256=geçerli, ML-DSA-65=geçerli, ML-DSA-65-ES256=geçerli || S: W dışı imza var (ML-DSA-65-ES256) → mevcut-tümü-geçerli koşulu sağlanmaz
T4P_plus_ML-DSA-65-ES256	L4-Y	tedavi-ML-DSA-65	ikincil	K5(ikincil);MR2	accept-hybrid	ÖK §6.5 (ON-KAYIT v0.8 (capa 7); 00-on-kayit/ON-KAYIT-TASLAK.md:1054): "İhraççı başına gerekli küme R = {X}, izinli küme {A, X}." | [T328] JWTBCP §3.1 (draft-ietf-oauth-rfc8725bis-10; metin/JWTBCP.txt:482): "it MUST determine which algorithms are permitted for itself and that issuer and ensure that the received JWT complies with those requirements" | ÖK §4.7 G5 (ON-KAYIT v0.8 (capa 7); 00-on-kayit/ON-KAYIT-TASLAK.md:767): "Göç etmiş bir varlık, ilan ettiği eski-sürüm penceresi dışında yalnız klasik kanıtla kabul edilemez." | [T314] RFC7515 §5.2 (RFC 7515; metin/RFC7515.txt:810): "When there are multiple JWS Signature values, it is an application decision which of the JWS Signature values must successfully validate for the JWS to be accepted." | [T327] JWTBCP §3.1 (draft-ietf-oauth-rfc8725bis-10; metin/JWTBCP.txt:464): "MUST NOT employ any algorithms outside this configured set" | ÖK §6.5 K5 (ON-KAYIT v0.8 (capa 7); 00-on-kayit/ON-KAYIT-TASLAK.md:1062): "K1 + tanınmayan algoritmalı üçüncü imza | Politikaya göre (MR2); bayrak B1"	insa: ES256=geçerli, ML-DSA-65=geçerli, ML-DSA-65-ES256=geçerli || R={ML-DSA-65} geçerli imzayla karşılandı; W içindeki imzalar geçerli; Y: W dışı ek imza(lar) yok sayıldı (ML-DSA-65-ES256)
T4P_plus_ML-DSA-65-ES256	P0	tedavi-ML-DSA-65	ikincil	K5(ikincil);MR2	accept-classical	ÖK §4.8 P0 (ON-KAYIT v0.8 (capa 7); 00-on-kayit/ON-KAYIT-TASLAK.md:775): "En az bir imza geçerliyse kabul" | [T314] RFC7515 §5.2 (RFC 7515; metin/RFC7515.txt:810): "When there are multiple JWS Signature values, it is an application decision which of the JWS Signature values must successfully validate for the JWS to be accepted."	insa: ES256=geçerli, ML-DSA-65=geçerli, ML-DSA-65-ES256=geçerli || en az bir geçerli imza var; kabul için klasik ES256 yeterli
T4P_plus_ML-DSA-65-ES256	P1	tedavi-ML-DSA-65	ikincil	K5(ikincil);MR2	accept-hybrid	ÖK §4.8 P1 (ON-KAYIT v0.8 (capa 7); 00-on-kayit/ON-KAYIT-TASLAK.md:776): "Mevcut imzaların tümü geçerliyse kabul. İmza silinmesi (soyma) fark edilmez" | [T135] ACM2 Note 51 (ECCG ACM v2.0; metin/ACM2.txt:946): "the veriﬁcation function accepting if and only if all signatures are correct"	insa: ES256=geçerli, ML-DSA-65=geçerli, ML-DSA-65-ES256=geçerli || mevcut imzaların tümü geçerli; aralarında PQ imza var, kabul PQ doğrulamasını içerir
T4C_plus_ML-DSA-65	L4	tedavi-composite	ikincil	K5(ikincil);MR2	indeterminate	ÖK §6.5 K5 (ON-KAYIT v0.8 (capa 7); 00-on-kayit/ON-KAYIT-TASLAK.md:1062): "K1 + tanınmayan algoritmalı üçüncü imza | Politikaya göre (MR2); bayrak B1" | ÖK §4.20 MR2 (ON-KAYIT v0.8 (capa 7); 00-on-kayit/ON-KAYIT-TASLAK.md:944): "MR2: Bilinmeyen alg eklemenin etkisi politikaya göre öngörülebilir olmalı." | [T314] RFC7515 §5.2 (RFC 7515; metin/RFC7515.txt:810): "When there are multiple JWS Signature values, it is an application decision which of the JWS Signature values must successfully validate for the JWS to be accepted." | [T316] RFC7515 §5.2 (RFC 7515; metin/RFC7515.txt:894): "unless the algorithm(s) used in the JWS are acceptable to the application, it SHOULD consider the JWS to be invalid" | ÖK §6.5 (ON-KAYIT v0.8 (capa 7); 00-on-kayit/ON-KAYIT-TASLAK.md:1054): "İhraççı başına gerekli küme R = {X}, izinli küme {A, X}." | ÖK §4.13 L4 (ON-KAYIT v0.8 (capa 7); 00-on-kayit/ON-KAYIT-TASLAK.md:844): "Yapılandırılmış hâlde K1 KABUL, K2 RED, K3 RED (§6.5)"	insa: ES256=geçerli, ML-DSA-65-ES256=geçerli, ML-DSA-65=geçerli || ÖK §6.5 K5 "politikaya göre": S → reject, Y → accept-hybrid (W dışı ek imza: ML-DSA-65)
T4C_plus_ML-DSA-65	L4-S	tedavi-composite	ikincil	K5(ikincil);MR2	reject	ÖK §6.5 (ON-KAYIT v0.8 (capa 7); 00-on-kayit/ON-KAYIT-TASLAK.md:1054): "İhraççı başına gerekli küme R = {X}, izinli küme {A, X}." | [T328] JWTBCP §3.1 (draft-ietf-oauth-rfc8725bis-10; metin/JWTBCP.txt:482): "it MUST determine which algorithms are permitted for itself and that issuer and ensure that the received JWT complies with those requirements" | ÖK §4.7 G5 (ON-KAYIT v0.8 (capa 7); 00-on-kayit/ON-KAYIT-TASLAK.md:767): "Göç etmiş bir varlık, ilan ettiği eski-sürüm penceresi dışında yalnız klasik kanıtla kabul edilemez." | ÖK §4.8 P3 (ON-KAYIT v0.8 (capa 7); 00-on-kayit/ON-KAYIT-TASLAK.md:778): "P2 + ihraççı başına gerekli küme R_I" | ÖK §4.8 P1 (ON-KAYIT v0.8 (capa 7); 00-on-kayit/ON-KAYIT-TASLAK.md:776): "Mevcut imzaların tümü geçerliyse kabul. İmza silinmesi (soyma) fark edilmez" | [T135] ACM2 Note 51 (ECCG ACM v2.0; metin/ACM2.txt:946): "the veriﬁcation function accepting if and only if all signatures are correct" | [T316] RFC7515 §5.2 (RFC 7515; metin/RFC7515.txt:894): "unless the algorithm(s) used in the JWS are acceptable to the application, it SHOULD consider the JWS to be invalid" | [T327] JWTBCP §3.1 (draft-ietf-oauth-rfc8725bis-10; metin/JWTBCP.txt:464): "MUST NOT employ any algorithms outside this configured set" | ÖK §6.5 K5 (ON-KAYIT v0.8 (capa 7); 00-on-kayit/ON-KAYIT-TASLAK.md:1062): "K1 + tanınmayan algoritmalı üçüncü imza | Politikaya göre (MR2); bayrak B1"	insa: ES256=geçerli, ML-DSA-65-ES256=geçerli, ML-DSA-65=geçerli || S: W dışı imza var (ML-DSA-65) → mevcut-tümü-geçerli koşulu sağlanmaz
T4C_plus_ML-DSA-65	L4-Y	tedavi-composite	ikincil	K5(ikincil);MR2	accept-hybrid	ÖK §6.5 (ON-KAYIT v0.8 (capa 7); 00-on-kayit/ON-KAYIT-TASLAK.md:1054): "İhraççı başına gerekli küme R = {X}, izinli küme {A, X}." | [T328] JWTBCP §3.1 (draft-ietf-oauth-rfc8725bis-10; metin/JWTBCP.txt:482): "it MUST determine which algorithms are permitted for itself and that issuer and ensure that the received JWT complies with those requirements" | ÖK §4.7 G5 (ON-KAYIT v0.8 (capa 7); 00-on-kayit/ON-KAYIT-TASLAK.md:767): "Göç etmiş bir varlık, ilan ettiği eski-sürüm penceresi dışında yalnız klasik kanıtla kabul edilemez." | [T314] RFC7515 §5.2 (RFC 7515; metin/RFC7515.txt:810): "When there are multiple JWS Signature values, it is an application decision which of the JWS Signature values must successfully validate for the JWS to be accepted." | [T327] JWTBCP §3.1 (draft-ietf-oauth-rfc8725bis-10; metin/JWTBCP.txt:464): "MUST NOT employ any algorithms outside this configured set" | ÖK §6.5 K5 (ON-KAYIT v0.8 (capa 7); 00-on-kayit/ON-KAYIT-TASLAK.md:1062): "K1 + tanınmayan algoritmalı üçüncü imza | Politikaya göre (MR2); bayrak B1"	insa: ES256=geçerli, ML-DSA-65-ES256=geçerli, ML-DSA-65=geçerli || R={ML-DSA-65-ES256} geçerli imzayla karşılandı; W içindeki imzalar geçerli; Y: W dışı ek imza(lar) yok sayıldı (ML-DSA-65)
T4C_plus_ML-DSA-65	P0	tedavi-composite	ikincil	K5(ikincil);MR2	accept-classical	ÖK §4.8 P0 (ON-KAYIT v0.8 (capa 7); 00-on-kayit/ON-KAYIT-TASLAK.md:775): "En az bir imza geçerliyse kabul" | [T314] RFC7515 §5.2 (RFC 7515; metin/RFC7515.txt:810): "When there are multiple JWS Signature values, it is an application decision which of the JWS Signature values must successfully validate for the JWS to be accepted."	insa: ES256=geçerli, ML-DSA-65-ES256=geçerli, ML-DSA-65=geçerli || en az bir geçerli imza var; kabul için klasik ES256 yeterli
T4C_plus_ML-DSA-65	P1	tedavi-composite	ikincil	K5(ikincil);MR2	accept-hybrid	ÖK §4.8 P1 (ON-KAYIT v0.8 (capa 7); 00-on-kayit/ON-KAYIT-TASLAK.md:776): "Mevcut imzaların tümü geçerliyse kabul. İmza silinmesi (soyma) fark edilmez" | [T135] ACM2 Note 51 (ECCG ACM v2.0; metin/ACM2.txt:946): "the veriﬁcation function accepting if and only if all signatures are correct"	insa: ES256=geçerli, ML-DSA-65-ES256=geçerli, ML-DSA-65=geçerli || mevcut imzaların tümü geçerli; aralarında PQ imza var, kabul PQ doğrulamasını içerir
T5P_only_ML-DSA-65	GEC	tedavi-ML-DSA-65	birincil	K4	accept-hybrid	ÖK §4.15 (ON-KAYIT v0.8 (capa 7); 00-on-kayit/ON-KAYIT-TASLAK.md:881): "V+: tek geçerli klasik imza → KABUL; V−: bozuk imza → RED" | [T315] RFC7515 §5.2 (RFC 7515; metin/RFC7515.txt:815): "at least one JWS Signature value MUST successfully validate, or the JWS MUST be considered invalid"	insa: ML-DSA-65=geçerli || imza(lar) geçerli; alg ∈ W
T5P_only_ML-DSA-65	IZIN-A	tedavi-ML-DSA-65	birincil	K4	reject	[T327] JWTBCP §3.1 (draft-ietf-oauth-rfc8725bis-10; metin/JWTBCP.txt:464): "MUST NOT employ any algorithms outside this configured set" | [T315] RFC7515 §5.2 (RFC 7515; metin/RFC7515.txt:815): "at least one JWS Signature value MUST successfully validate, or the JWS MUST be considered invalid" | ÖK §4.13 L1 (ON-KAYIT v0.8 (capa 7); 00-on-kayit/ON-KAYIT-TASLAK.md:841): "Doğrulayıcı genelinde izin listesi; izinsiz algoritma reddediliyor"	insa: ML-DSA-65=geçerli || alg ML-DSA-65 izin kümesi W=['ES256'] dışında
T5P_only_ML-DSA-65	IZIN-AX	tedavi-ML-DSA-65	birincil	K4	accept-hybrid	ÖK §4.13 L1 (ON-KAYIT v0.8 (capa 7); 00-on-kayit/ON-KAYIT-TASLAK.md:841): "Doğrulayıcı genelinde izin listesi; izinsiz algoritma reddediliyor" | [T327] JWTBCP §3.1 (draft-ietf-oauth-rfc8725bis-10; metin/JWTBCP.txt:464): "MUST NOT employ any algorithms outside this configured set"	insa: ML-DSA-65=geçerli || imza(lar) geçerli; alg ∈ W
T5P_only_ML-DSA-65	L4	tedavi-ML-DSA-65	birincil	K4	accept-hybrid	ÖK §6.5 (ON-KAYIT v0.8 (capa 7); 00-on-kayit/ON-KAYIT-TASLAK.md:1054): "İhraççı başına gerekli küme R = {X}, izinli küme {A, X}." | [T328] JWTBCP §3.1 (draft-ietf-oauth-rfc8725bis-10; metin/JWTBCP.txt:482): "it MUST determine which algorithms are permitted for itself and that issuer and ensure that the received JWT complies with those requirements" | ÖK §4.7 G5 (ON-KAYIT v0.8 (capa 7); 00-on-kayit/ON-KAYIT-TASLAK.md:767): "Göç etmiş bir varlık, ilan ettiği eski-sürüm penceresi dışında yalnız klasik kanıtla kabul edilemez." | ÖK §6.5 K4 (ON-KAYIT v0.8 (capa 7); 00-on-kayit/ON-KAYIT-TASLAK.md:1061): "Yalnız X | KABUL" | ÖK §4.13 L4 (ON-KAYIT v0.8 (capa 7); 00-on-kayit/ON-KAYIT-TASLAK.md:844): "Yapılandırılmış hâlde K1 KABUL, K2 RED, K3 RED (§6.5)"	insa: ML-DSA-65=geçerli || R={ML-DSA-65} geçerli imzayla karşılandı; W içindeki imzalar geçerli
T5P_only_ML-DSA-65	L4-S	tedavi-ML-DSA-65	birincil	K4	accept-hybrid	ÖK §6.5 (ON-KAYIT v0.8 (capa 7); 00-on-kayit/ON-KAYIT-TASLAK.md:1054): "İhraççı başına gerekli küme R = {X}, izinli küme {A, X}." | [T328] JWTBCP §3.1 (draft-ietf-oauth-rfc8725bis-10; metin/JWTBCP.txt:482): "it MUST determine which algorithms are permitted for itself and that issuer and ensure that the received JWT complies with those requirements" | ÖK §4.7 G5 (ON-KAYIT v0.8 (capa 7); 00-on-kayit/ON-KAYIT-TASLAK.md:767): "Göç etmiş bir varlık, ilan ettiği eski-sürüm penceresi dışında yalnız klasik kanıtla kabul edilemez." | ÖK §6.5 K4 (ON-KAYIT v0.8 (capa 7); 00-on-kayit/ON-KAYIT-TASLAK.md:1061): "Yalnız X | KABUL" | ÖK §4.8 P3 (ON-KAYIT v0.8 (capa 7); 00-on-kayit/ON-KAYIT-TASLAK.md:778): "P2 + ihraççı başına gerekli küme R_I"	insa: ML-DSA-65=geçerli || R={ML-DSA-65} geçerli imzayla karşılandı; W içindeki imzalar geçerli
T5P_only_ML-DSA-65	L4-Y	tedavi-ML-DSA-65	birincil	K4	accept-hybrid	ÖK §6.5 (ON-KAYIT v0.8 (capa 7); 00-on-kayit/ON-KAYIT-TASLAK.md:1054): "İhraççı başına gerekli küme R = {X}, izinli küme {A, X}." | [T328] JWTBCP §3.1 (draft-ietf-oauth-rfc8725bis-10; metin/JWTBCP.txt:482): "it MUST determine which algorithms are permitted for itself and that issuer and ensure that the received JWT complies with those requirements" | ÖK §4.7 G5 (ON-KAYIT v0.8 (capa 7); 00-on-kayit/ON-KAYIT-TASLAK.md:767): "Göç etmiş bir varlık, ilan ettiği eski-sürüm penceresi dışında yalnız klasik kanıtla kabul edilemez." | ÖK §6.5 K4 (ON-KAYIT v0.8 (capa 7); 00-on-kayit/ON-KAYIT-TASLAK.md:1061): "Yalnız X | KABUL" | [T314] RFC7515 §5.2 (RFC 7515; metin/RFC7515.txt:810): "When there are multiple JWS Signature values, it is an application decision which of the JWS Signature values must successfully validate for the JWS to be accepted."	insa: ML-DSA-65=geçerli || R={ML-DSA-65} geçerli imzayla karşılandı; W içindeki imzalar geçerli
T5P_only_ML-DSA-65	P0	tedavi-ML-DSA-65	birincil	K4	accept-hybrid	ÖK §4.8 P0 (ON-KAYIT v0.8 (capa 7); 00-on-kayit/ON-KAYIT-TASLAK.md:775): "En az bir imza geçerliyse kabul"	insa: ML-DSA-65=geçerli || geçerli imzaların hepsi PQ
T5P_only_ML-DSA-65	P1	tedavi-ML-DSA-65	birincil	K4	accept-hybrid	ÖK §4.8 P1 (ON-KAYIT v0.8 (capa 7); 00-on-kayit/ON-KAYIT-TASLAK.md:776): "Mevcut imzaların tümü geçerliyse kabul. İmza silinmesi (soyma) fark edilmez" | [T135] ACM2 Note 51 (ECCG ACM v2.0; metin/ACM2.txt:946): "the veriﬁcation function accepting if and only if all signatures are correct"	insa: ML-DSA-65=geçerli || mevcut imzaların tümü geçerli; aralarında PQ imza var, kabul PQ doğrulamasını içerir
T5C_only_ML-DSA-65-ES256	GEC	tedavi-composite	birincil	K4;K6(ikincil)	accept-hybrid	ÖK §4.15 (ON-KAYIT v0.8 (capa 7); 00-on-kayit/ON-KAYIT-TASLAK.md:881): "V+: tek geçerli klasik imza → KABUL; V−: bozuk imza → RED" | [T315] RFC7515 §5.2 (RFC 7515; metin/RFC7515.txt:815): "at least one JWS Signature value MUST successfully validate, or the JWS MUST be considered invalid"	insa: ML-DSA-65-ES256=geçerli || imza(lar) geçerli; alg ∈ W
T5C_only_ML-DSA-65-ES256	IZIN-A	tedavi-composite	birincil	K4;K6(ikincil)	reject	[T327] JWTBCP §3.1 (draft-ietf-oauth-rfc8725bis-10; metin/JWTBCP.txt:464): "MUST NOT employ any algorithms outside this configured set" | [T315] RFC7515 §5.2 (RFC 7515; metin/RFC7515.txt:815): "at least one JWS Signature value MUST successfully validate, or the JWS MUST be considered invalid" | ÖK §4.13 L1 (ON-KAYIT v0.8 (capa 7); 00-on-kayit/ON-KAYIT-TASLAK.md:841): "Doğrulayıcı genelinde izin listesi; izinsiz algoritma reddediliyor"	insa: ML-DSA-65-ES256=geçerli || alg ML-DSA-65-ES256 izin kümesi W=['ES256'] dışında
T5C_only_ML-DSA-65-ES256	IZIN-AX	tedavi-composite	birincil	K4;K6(ikincil)	accept-hybrid	ÖK §4.13 L1 (ON-KAYIT v0.8 (capa 7); 00-on-kayit/ON-KAYIT-TASLAK.md:841): "Doğrulayıcı genelinde izin listesi; izinsiz algoritma reddediliyor" | [T327] JWTBCP §3.1 (draft-ietf-oauth-rfc8725bis-10; metin/JWTBCP.txt:464): "MUST NOT employ any algorithms outside this configured set"	insa: ML-DSA-65-ES256=geçerli || imza(lar) geçerli; alg ∈ W
T5C_only_ML-DSA-65-ES256	L4	tedavi-composite	birincil	K4;K6(ikincil)	accept-hybrid	ÖK §6.5 (ON-KAYIT v0.8 (capa 7); 00-on-kayit/ON-KAYIT-TASLAK.md:1054): "İhraççı başına gerekli küme R = {X}, izinli küme {A, X}." | [T328] JWTBCP §3.1 (draft-ietf-oauth-rfc8725bis-10; metin/JWTBCP.txt:482): "it MUST determine which algorithms are permitted for itself and that issuer and ensure that the received JWT complies with those requirements" | ÖK §4.7 G5 (ON-KAYIT v0.8 (capa 7); 00-on-kayit/ON-KAYIT-TASLAK.md:767): "Göç etmiş bir varlık, ilan ettiği eski-sürüm penceresi dışında yalnız klasik kanıtla kabul edilemez." | ÖK §6.5 K6 (ON-KAYIT v0.8 (capa 7); 00-on-kayit/ON-KAYIT-TASLAK.md:1063): "Composite tek imza, geçerli (desteklenen hedeflerde) | KABUL" | ÖK §6.5 K4 (ON-KAYIT v0.8 (capa 7); 00-on-kayit/ON-KAYIT-TASLAK.md:1061): "Yalnız X | KABUL" | ÖK §4.13 L4 (ON-KAYIT v0.8 (capa 7); 00-on-kayit/ON-KAYIT-TASLAK.md:844): "Yapılandırılmış hâlde K1 KABUL, K2 RED, K3 RED (§6.5)"	insa: ML-DSA-65-ES256=geçerli || R={ML-DSA-65-ES256} geçerli imzayla karşılandı; W içindeki imzalar geçerli
T5C_only_ML-DSA-65-ES256	L4-S	tedavi-composite	birincil	K4;K6(ikincil)	accept-hybrid	ÖK §6.5 (ON-KAYIT v0.8 (capa 7); 00-on-kayit/ON-KAYIT-TASLAK.md:1054): "İhraççı başına gerekli küme R = {X}, izinli küme {A, X}." | [T328] JWTBCP §3.1 (draft-ietf-oauth-rfc8725bis-10; metin/JWTBCP.txt:482): "it MUST determine which algorithms are permitted for itself and that issuer and ensure that the received JWT complies with those requirements" | ÖK §4.7 G5 (ON-KAYIT v0.8 (capa 7); 00-on-kayit/ON-KAYIT-TASLAK.md:767): "Göç etmiş bir varlık, ilan ettiği eski-sürüm penceresi dışında yalnız klasik kanıtla kabul edilemez." | ÖK §6.5 K6 (ON-KAYIT v0.8 (capa 7); 00-on-kayit/ON-KAYIT-TASLAK.md:1063): "Composite tek imza, geçerli (desteklenen hedeflerde) | KABUL" | ÖK §6.5 K4 (ON-KAYIT v0.8 (capa 7); 00-on-kayit/ON-KAYIT-TASLAK.md:1061): "Yalnız X | KABUL" | ÖK §4.8 P3 (ON-KAYIT v0.8 (capa 7); 00-on-kayit/ON-KAYIT-TASLAK.md:778): "P2 + ihraççı başına gerekli küme R_I"	insa: ML-DSA-65-ES256=geçerli || R={ML-DSA-65-ES256} geçerli imzayla karşılandı; W içindeki imzalar geçerli
T5C_only_ML-DSA-65-ES256	L4-Y	tedavi-composite	birincil	K4;K6(ikincil)	accept-hybrid	ÖK §6.5 (ON-KAYIT v0.8 (capa 7); 00-on-kayit/ON-KAYIT-TASLAK.md:1054): "İhraççı başına gerekli küme R = {X}, izinli küme {A, X}." | [T328] JWTBCP §3.1 (draft-ietf-oauth-rfc8725bis-10; metin/JWTBCP.txt:482): "it MUST determine which algorithms are permitted for itself and that issuer and ensure that the received JWT complies with those requirements" | ÖK §4.7 G5 (ON-KAYIT v0.8 (capa 7); 00-on-kayit/ON-KAYIT-TASLAK.md:767): "Göç etmiş bir varlık, ilan ettiği eski-sürüm penceresi dışında yalnız klasik kanıtla kabul edilemez." | ÖK §6.5 K6 (ON-KAYIT v0.8 (capa 7); 00-on-kayit/ON-KAYIT-TASLAK.md:1063): "Composite tek imza, geçerli (desteklenen hedeflerde) | KABUL" | ÖK §6.5 K4 (ON-KAYIT v0.8 (capa 7); 00-on-kayit/ON-KAYIT-TASLAK.md:1061): "Yalnız X | KABUL" | [T314] RFC7515 §5.2 (RFC 7515; metin/RFC7515.txt:810): "When there are multiple JWS Signature values, it is an application decision which of the JWS Signature values must successfully validate for the JWS to be accepted."	insa: ML-DSA-65-ES256=geçerli || R={ML-DSA-65-ES256} geçerli imzayla karşılandı; W içindeki imzalar geçerli
T5C_only_ML-DSA-65-ES256	P0	tedavi-composite	birincil	K4;K6(ikincil)	accept-hybrid	ÖK §4.8 P0 (ON-KAYIT v0.8 (capa 7); 00-on-kayit/ON-KAYIT-TASLAK.md:775): "En az bir imza geçerliyse kabul"	insa: ML-DSA-65-ES256=geçerli || geçerli imzaların hepsi PQ
T5C_only_ML-DSA-65-ES256	P1	tedavi-composite	birincil	K4;K6(ikincil)	accept-hybrid	ÖK §4.8 P1 (ON-KAYIT v0.8 (capa 7); 00-on-kayit/ON-KAYIT-TASLAK.md:776): "Mevcut imzaların tümü geçerliyse kabul. İmza silinmesi (soyma) fark edilmez" | [T135] ACM2 Note 51 (ECCG ACM v2.0; metin/ACM2.txt:946): "the veriﬁcation function accepting if and only if all signatures are correct"	insa: ML-DSA-65-ES256=geçerli || mevcut imzaların tümü geçerli; aralarında PQ imza var, kabul PQ doğrulamasını içerir
T5K_only_EdDSA	GEC	kontrol-EdDSA	birincil	K4	accept-classical	ÖK §4.15 (ON-KAYIT v0.8 (capa 7); 00-on-kayit/ON-KAYIT-TASLAK.md:881): "V+: tek geçerli klasik imza → KABUL; V−: bozuk imza → RED" | [T315] RFC7515 §5.2 (RFC 7515; metin/RFC7515.txt:815): "at least one JWS Signature value MUST successfully validate, or the JWS MUST be considered invalid"	insa: EdDSA=geçerli || imza(lar) geçerli; alg ∈ W
T5K_only_EdDSA	IZIN-A	kontrol-EdDSA	birincil	K4	reject	[T327] JWTBCP §3.1 (draft-ietf-oauth-rfc8725bis-10; metin/JWTBCP.txt:464): "MUST NOT employ any algorithms outside this configured set" | [T315] RFC7515 §5.2 (RFC 7515; metin/RFC7515.txt:815): "at least one JWS Signature value MUST successfully validate, or the JWS MUST be considered invalid" | ÖK §4.13 L1 (ON-KAYIT v0.8 (capa 7); 00-on-kayit/ON-KAYIT-TASLAK.md:841): "Doğrulayıcı genelinde izin listesi; izinsiz algoritma reddediliyor"	insa: EdDSA=geçerli || alg EdDSA izin kümesi W=['ES256'] dışında
T5K_only_EdDSA	IZIN-AX	kontrol-EdDSA	birincil	K4	accept-classical	ÖK §4.13 L1 (ON-KAYIT v0.8 (capa 7); 00-on-kayit/ON-KAYIT-TASLAK.md:841): "Doğrulayıcı genelinde izin listesi; izinsiz algoritma reddediliyor" | [T327] JWTBCP §3.1 (draft-ietf-oauth-rfc8725bis-10; metin/JWTBCP.txt:464): "MUST NOT employ any algorithms outside this configured set"	insa: EdDSA=geçerli || imza(lar) geçerli; alg ∈ W
T5K_only_EdDSA	L4	kontrol-EdDSA	birincil	K4	accept-classical	ÖK §6.5 (ON-KAYIT v0.8 (capa 7); 00-on-kayit/ON-KAYIT-TASLAK.md:1054): "İhraççı başına gerekli küme R = {X}, izinli küme {A, X}." | [T328] JWTBCP §3.1 (draft-ietf-oauth-rfc8725bis-10; metin/JWTBCP.txt:482): "it MUST determine which algorithms are permitted for itself and that issuer and ensure that the received JWT complies with those requirements" | ÖK §4.7 G5 (ON-KAYIT v0.8 (capa 7); 00-on-kayit/ON-KAYIT-TASLAK.md:767): "Göç etmiş bir varlık, ilan ettiği eski-sürüm penceresi dışında yalnız klasik kanıtla kabul edilemez." | ÖK §6.5 K4 (ON-KAYIT v0.8 (capa 7); 00-on-kayit/ON-KAYIT-TASLAK.md:1061): "Yalnız X | KABUL" | ÖK §4.13 L4 (ON-KAYIT v0.8 (capa 7); 00-on-kayit/ON-KAYIT-TASLAK.md:844): "Yapılandırılmış hâlde K1 KABUL, K2 RED, K3 RED (§6.5)"	insa: EdDSA=geçerli || R={EdDSA} geçerli imzayla karşılandı; W içindeki imzalar geçerli; kontrol kolu: X klasik
T5K_only_EdDSA	L4-S	kontrol-EdDSA	birincil	K4	accept-classical	ÖK §6.5 (ON-KAYIT v0.8 (capa 7); 00-on-kayit/ON-KAYIT-TASLAK.md:1054): "İhraççı başına gerekli küme R = {X}, izinli küme {A, X}." | [T328] JWTBCP §3.1 (draft-ietf-oauth-rfc8725bis-10; metin/JWTBCP.txt:482): "it MUST determine which algorithms are permitted for itself and that issuer and ensure that the received JWT complies with those requirements" | ÖK §4.7 G5 (ON-KAYIT v0.8 (capa 7); 00-on-kayit/ON-KAYIT-TASLAK.md:767): "Göç etmiş bir varlık, ilan ettiği eski-sürüm penceresi dışında yalnız klasik kanıtla kabul edilemez." | ÖK §6.5 K4 (ON-KAYIT v0.8 (capa 7); 00-on-kayit/ON-KAYIT-TASLAK.md:1061): "Yalnız X | KABUL" | ÖK §4.8 P3 (ON-KAYIT v0.8 (capa 7); 00-on-kayit/ON-KAYIT-TASLAK.md:778): "P2 + ihraççı başına gerekli küme R_I"	insa: EdDSA=geçerli || R={EdDSA} geçerli imzayla karşılandı; W içindeki imzalar geçerli; kontrol kolu: X klasik
T5K_only_EdDSA	L4-Y	kontrol-EdDSA	birincil	K4	accept-classical	ÖK §6.5 (ON-KAYIT v0.8 (capa 7); 00-on-kayit/ON-KAYIT-TASLAK.md:1054): "İhraççı başına gerekli küme R = {X}, izinli küme {A, X}." | [T328] JWTBCP §3.1 (draft-ietf-oauth-rfc8725bis-10; metin/JWTBCP.txt:482): "it MUST determine which algorithms are permitted for itself and that issuer and ensure that the received JWT complies with those requirements" | ÖK §4.7 G5 (ON-KAYIT v0.8 (capa 7); 00-on-kayit/ON-KAYIT-TASLAK.md:767): "Göç etmiş bir varlık, ilan ettiği eski-sürüm penceresi dışında yalnız klasik kanıtla kabul edilemez." | ÖK §6.5 K4 (ON-KAYIT v0.8 (capa 7); 00-on-kayit/ON-KAYIT-TASLAK.md:1061): "Yalnız X | KABUL" | [T314] RFC7515 §5.2 (RFC 7515; metin/RFC7515.txt:810): "When there are multiple JWS Signature values, it is an application decision which of the JWS Signature values must successfully validate for the JWS to be accepted."	insa: EdDSA=geçerli || R={EdDSA} geçerli imzayla karşılandı; W içindeki imzalar geçerli; kontrol kolu: X klasik
T5K_only_EdDSA	P0	kontrol-EdDSA	birincil	K4	accept-classical	ÖK §4.8 P0 (ON-KAYIT v0.8 (capa 7); 00-on-kayit/ON-KAYIT-TASLAK.md:775): "En az bir imza geçerliyse kabul" | [T314] RFC7515 §5.2 (RFC 7515; metin/RFC7515.txt:810): "When there are multiple JWS Signature values, it is an application decision which of the JWS Signature values must successfully validate for the JWS to be accepted."	insa: EdDSA=geçerli || en az bir geçerli imza var; kabul için klasik EdDSA yeterli
T5K_only_EdDSA	P1	kontrol-EdDSA	birincil	K4	accept-classical	ÖK §4.8 P1 (ON-KAYIT v0.8 (capa 7); 00-on-kayit/ON-KAYIT-TASLAK.md:776): "Mevcut imzaların tümü geçerliyse kabul. İmza silinmesi (soyma) fark edilmez" | [T135] ACM2 Note 51 (ECCG ACM v2.0; metin/ACM2.txt:946): "the veriﬁcation function accepting if and only if all signatures are correct"	insa: EdDSA=geçerli || mevcut imzaların tümü geçerli
T6_plus_composite	L4	kontrol-EdDSA	ikincil	K5(ikincil);MR2	indeterminate	ÖK §6.5 K5 (ON-KAYIT v0.8 (capa 7); 00-on-kayit/ON-KAYIT-TASLAK.md:1062): "K1 + tanınmayan algoritmalı üçüncü imza | Politikaya göre (MR2); bayrak B1" | ÖK §4.20 MR2 (ON-KAYIT v0.8 (capa 7); 00-on-kayit/ON-KAYIT-TASLAK.md:944): "MR2: Bilinmeyen alg eklemenin etkisi politikaya göre öngörülebilir olmalı." | [T314] RFC7515 §5.2 (RFC 7515; metin/RFC7515.txt:810): "When there are multiple JWS Signature values, it is an application decision which of the JWS Signature values must successfully validate for the JWS to be accepted." | [T316] RFC7515 §5.2 (RFC 7515; metin/RFC7515.txt:894): "unless the algorithm(s) used in the JWS are acceptable to the application, it SHOULD consider the JWS to be invalid" | ÖK §6.5 (ON-KAYIT v0.8 (capa 7); 00-on-kayit/ON-KAYIT-TASLAK.md:1054): "İhraççı başına gerekli küme R = {X}, izinli küme {A, X}." | ÖK §4.13 L4 (ON-KAYIT v0.8 (capa 7); 00-on-kayit/ON-KAYIT-TASLAK.md:844): "Yapılandırılmış hâlde K1 KABUL, K2 RED, K3 RED (§6.5)"	insa: ES256=geçerli, EdDSA=geçerli, ML-DSA-65-ES256=geçerli || ÖK §6.5 K5 "politikaya göre": S → reject, Y → accept-classical (W dışı ek imza: ML-DSA-65-ES256)
T6_plus_composite	L4-S	kontrol-EdDSA	ikincil	K5(ikincil);MR2	reject	ÖK §6.5 (ON-KAYIT v0.8 (capa 7); 00-on-kayit/ON-KAYIT-TASLAK.md:1054): "İhraççı başına gerekli küme R = {X}, izinli küme {A, X}." | [T328] JWTBCP §3.1 (draft-ietf-oauth-rfc8725bis-10; metin/JWTBCP.txt:482): "it MUST determine which algorithms are permitted for itself and that issuer and ensure that the received JWT complies with those requirements" | ÖK §4.7 G5 (ON-KAYIT v0.8 (capa 7); 00-on-kayit/ON-KAYIT-TASLAK.md:767): "Göç etmiş bir varlık, ilan ettiği eski-sürüm penceresi dışında yalnız klasik kanıtla kabul edilemez." | ÖK §4.8 P3 (ON-KAYIT v0.8 (capa 7); 00-on-kayit/ON-KAYIT-TASLAK.md:778): "P2 + ihraççı başına gerekli küme R_I" | ÖK §4.8 P1 (ON-KAYIT v0.8 (capa 7); 00-on-kayit/ON-KAYIT-TASLAK.md:776): "Mevcut imzaların tümü geçerliyse kabul. İmza silinmesi (soyma) fark edilmez" | [T135] ACM2 Note 51 (ECCG ACM v2.0; metin/ACM2.txt:946): "the veriﬁcation function accepting if and only if all signatures are correct" | [T316] RFC7515 §5.2 (RFC 7515; metin/RFC7515.txt:894): "unless the algorithm(s) used in the JWS are acceptable to the application, it SHOULD consider the JWS to be invalid" | [T327] JWTBCP §3.1 (draft-ietf-oauth-rfc8725bis-10; metin/JWTBCP.txt:464): "MUST NOT employ any algorithms outside this configured set" | ÖK §6.5 K5 (ON-KAYIT v0.8 (capa 7); 00-on-kayit/ON-KAYIT-TASLAK.md:1062): "K1 + tanınmayan algoritmalı üçüncü imza | Politikaya göre (MR2); bayrak B1"	insa: ES256=geçerli, EdDSA=geçerli, ML-DSA-65-ES256=geçerli || S: W dışı imza var (ML-DSA-65-ES256) → mevcut-tümü-geçerli koşulu sağlanmaz
T6_plus_composite	L4-Y	kontrol-EdDSA	ikincil	K5(ikincil);MR2	accept-classical	ÖK §6.5 (ON-KAYIT v0.8 (capa 7); 00-on-kayit/ON-KAYIT-TASLAK.md:1054): "İhraççı başına gerekli küme R = {X}, izinli küme {A, X}." | [T328] JWTBCP §3.1 (draft-ietf-oauth-rfc8725bis-10; metin/JWTBCP.txt:482): "it MUST determine which algorithms are permitted for itself and that issuer and ensure that the received JWT complies with those requirements" | ÖK §4.7 G5 (ON-KAYIT v0.8 (capa 7); 00-on-kayit/ON-KAYIT-TASLAK.md:767): "Göç etmiş bir varlık, ilan ettiği eski-sürüm penceresi dışında yalnız klasik kanıtla kabul edilemez." | [T314] RFC7515 §5.2 (RFC 7515; metin/RFC7515.txt:810): "When there are multiple JWS Signature values, it is an application decision which of the JWS Signature values must successfully validate for the JWS to be accepted." | [T327] JWTBCP §3.1 (draft-ietf-oauth-rfc8725bis-10; metin/JWTBCP.txt:464): "MUST NOT employ any algorithms outside this configured set" | ÖK §6.5 K5 (ON-KAYIT v0.8 (capa 7); 00-on-kayit/ON-KAYIT-TASLAK.md:1062): "K1 + tanınmayan algoritmalı üçüncü imza | Politikaya göre (MR2); bayrak B1"	insa: ES256=geçerli, EdDSA=geçerli, ML-DSA-65-ES256=geçerli || R={EdDSA} geçerli imzayla karşılandı; W içindeki imzalar geçerli; Y: W dışı ek imza(lar) yok sayıldı (ML-DSA-65-ES256); kontrol kolu: X klasik
T6_plus_composite	P0	kontrol-EdDSA	ikincil	K5(ikincil);MR2	accept-classical	ÖK §4.8 P0 (ON-KAYIT v0.8 (capa 7); 00-on-kayit/ON-KAYIT-TASLAK.md:775): "En az bir imza geçerliyse kabul" | [T314] RFC7515 §5.2 (RFC 7515; metin/RFC7515.txt:810): "When there are multiple JWS Signature values, it is an application decision which of the JWS Signature values must successfully validate for the JWS to be accepted."	insa: ES256=geçerli, EdDSA=geçerli, ML-DSA-65-ES256=geçerli || en az bir geçerli imza var; kabul için klasik ES256 yeterli
T6_plus_composite	P1	kontrol-EdDSA	ikincil	K5(ikincil);MR2	accept-hybrid	ÖK §4.8 P1 (ON-KAYIT v0.8 (capa 7); 00-on-kayit/ON-KAYIT-TASLAK.md:776): "Mevcut imzaların tümü geçerliyse kabul. İmza silinmesi (soyma) fark edilmez" | [T135] ACM2 Note 51 (ECCG ACM v2.0; metin/ACM2.txt:946): "the veriﬁcation function accepting if and only if all signatures are correct"	insa: ES256=geçerli, EdDSA=geçerli, ML-DSA-65-ES256=geçerli || mevcut imzaların tümü geçerli; aralarında PQ imza var, kabul PQ doğrulamasını içerir
UNK01_alg_ML-DSA-66	GEC	tedavi-ML-DSA-65	ikincil	eşleme-dışı	reject	[T327] JWTBCP §3.1 (draft-ietf-oauth-rfc8725bis-10; metin/JWTBCP.txt:464): "MUST NOT employ any algorithms outside this configured set" | [T315] RFC7515 §5.2 (RFC 7515; metin/RFC7515.txt:815): "at least one JWS Signature value MUST successfully validate, or the JWS MUST be considered invalid" | ÖK §4.15 (ON-KAYIT v0.8 (capa 7); 00-on-kayit/ON-KAYIT-TASLAK.md:881): "V+: tek geçerli klasik imza → KABUL; V−: bozuk imza → RED"	insa: ML-DSA-66=geçersiz || alg ML-DSA-66 izin kümesi W=['ES256', 'Ed25519', 'EdDSA', 'ML-DSA-44', 'ML-DSA-65', 'ML-DSA-65-ES256', 'ML-DSA-65-Ed25519', 'ML-DSA-87'] dışında
UNK01_alg_ML-DSA-66	IZIN-A	tedavi-ML-DSA-65	ikincil	eşleme-dışı	reject	[T327] JWTBCP §3.1 (draft-ietf-oauth-rfc8725bis-10; metin/JWTBCP.txt:464): "MUST NOT employ any algorithms outside this configured set" | [T315] RFC7515 §5.2 (RFC 7515; metin/RFC7515.txt:815): "at least one JWS Signature value MUST successfully validate, or the JWS MUST be considered invalid" | ÖK §4.13 L1 (ON-KAYIT v0.8 (capa 7); 00-on-kayit/ON-KAYIT-TASLAK.md:841): "Doğrulayıcı genelinde izin listesi; izinsiz algoritma reddediliyor"	insa: ML-DSA-66=geçersiz || alg ML-DSA-66 izin kümesi W=['ES256'] dışında
UNK01_alg_ML-DSA-66	IZIN-AX	tedavi-ML-DSA-65	ikincil	eşleme-dışı	reject	[T327] JWTBCP §3.1 (draft-ietf-oauth-rfc8725bis-10; metin/JWTBCP.txt:464): "MUST NOT employ any algorithms outside this configured set" | [T315] RFC7515 §5.2 (RFC 7515; metin/RFC7515.txt:815): "at least one JWS Signature value MUST successfully validate, or the JWS MUST be considered invalid" | ÖK §4.13 L1 (ON-KAYIT v0.8 (capa 7); 00-on-kayit/ON-KAYIT-TASLAK.md:841): "Doğrulayıcı genelinde izin listesi; izinsiz algoritma reddediliyor"	insa: ML-DSA-66=geçersiz || alg ML-DSA-66 izin kümesi W=['ES256', 'ML-DSA-65'] dışında
UNK01_alg_ML-DSA-66	L4	tedavi-ML-DSA-65	ikincil	eşleme-dışı	reject	ÖK §6.5 (ON-KAYIT v0.8 (capa 7); 00-on-kayit/ON-KAYIT-TASLAK.md:1054): "İhraççı başına gerekli küme R = {X}, izinli küme {A, X}." | [T328] JWTBCP §3.1 (draft-ietf-oauth-rfc8725bis-10; metin/JWTBCP.txt:482): "it MUST determine which algorithms are permitted for itself and that issuer and ensure that the received JWT complies with those requirements" | ÖK §4.7 G5 (ON-KAYIT v0.8 (capa 7); 00-on-kayit/ON-KAYIT-TASLAK.md:767): "Göç etmiş bir varlık, ilan ettiği eski-sürüm penceresi dışında yalnız klasik kanıtla kabul edilemez." | ÖK §4.8 P3 (ON-KAYIT v0.8 (capa 7); 00-on-kayit/ON-KAYIT-TASLAK.md:778): "P2 + ihraççı başına gerekli küme R_I" | ÖK §4.8 P1 (ON-KAYIT v0.8 (capa 7); 00-on-kayit/ON-KAYIT-TASLAK.md:776): "Mevcut imzaların tümü geçerliyse kabul. İmza silinmesi (soyma) fark edilmez" | [T135] ACM2 Note 51 (ECCG ACM v2.0; metin/ACM2.txt:946): "the veriﬁcation function accepting if and only if all signatures are correct" | [T316] RFC7515 §5.2 (RFC 7515; metin/RFC7515.txt:894): "unless the algorithm(s) used in the JWS are acceptable to the application, it SHOULD consider the JWS to be invalid" | [T327] JWTBCP §3.1 (draft-ietf-oauth-rfc8725bis-10; metin/JWTBCP.txt:464): "MUST NOT employ any algorithms outside this configured set" | ÖK §4.13 L4 (ON-KAYIT v0.8 (capa 7); 00-on-kayit/ON-KAYIT-TASLAK.md:844): "Yapılandırılmış hâlde K1 KABUL, K2 RED, K3 RED (§6.5)"	insa: ML-DSA-66=geçersiz || S: W dışı imza var (ML-DSA-66) → mevcut-tümü-geçerli koşulu sağlanmaz || gerekli küme R=['ML-DSA-65'] karşılanmıyor (yalnız hiç imza yok)
UNK01_alg_ML-DSA-66	L4-S	tedavi-ML-DSA-65	ikincil	eşleme-dışı	reject	ÖK §6.5 (ON-KAYIT v0.8 (capa 7); 00-on-kayit/ON-KAYIT-TASLAK.md:1054): "İhraççı başına gerekli küme R = {X}, izinli küme {A, X}." | [T328] JWTBCP §3.1 (draft-ietf-oauth-rfc8725bis-10; metin/JWTBCP.txt:482): "it MUST determine which algorithms are permitted for itself and that issuer and ensure that the received JWT complies with those requirements" | ÖK §4.7 G5 (ON-KAYIT v0.8 (capa 7); 00-on-kayit/ON-KAYIT-TASLAK.md:767): "Göç etmiş bir varlık, ilan ettiği eski-sürüm penceresi dışında yalnız klasik kanıtla kabul edilemez." | ÖK §4.8 P3 (ON-KAYIT v0.8 (capa 7); 00-on-kayit/ON-KAYIT-TASLAK.md:778): "P2 + ihraççı başına gerekli küme R_I" | ÖK §4.8 P1 (ON-KAYIT v0.8 (capa 7); 00-on-kayit/ON-KAYIT-TASLAK.md:776): "Mevcut imzaların tümü geçerliyse kabul. İmza silinmesi (soyma) fark edilmez" | [T135] ACM2 Note 51 (ECCG ACM v2.0; metin/ACM2.txt:946): "the veriﬁcation function accepting if and only if all signatures are correct" | [T316] RFC7515 §5.2 (RFC 7515; metin/RFC7515.txt:894): "unless the algorithm(s) used in the JWS are acceptable to the application, it SHOULD consider the JWS to be invalid" | [T327] JWTBCP §3.1 (draft-ietf-oauth-rfc8725bis-10; metin/JWTBCP.txt:464): "MUST NOT employ any algorithms outside this configured set"	insa: ML-DSA-66=geçersiz || S: W dışı imza var (ML-DSA-66) → mevcut-tümü-geçerli koşulu sağlanmaz
UNK01_alg_ML-DSA-66	L4-Y	tedavi-ML-DSA-65	ikincil	eşleme-dışı	reject	ÖK §6.5 (ON-KAYIT v0.8 (capa 7); 00-on-kayit/ON-KAYIT-TASLAK.md:1054): "İhraççı başına gerekli küme R = {X}, izinli küme {A, X}." | [T328] JWTBCP §3.1 (draft-ietf-oauth-rfc8725bis-10; metin/JWTBCP.txt:482): "it MUST determine which algorithms are permitted for itself and that issuer and ensure that the received JWT complies with those requirements" | ÖK §4.7 G5 (ON-KAYIT v0.8 (capa 7); 00-on-kayit/ON-KAYIT-TASLAK.md:767): "Göç etmiş bir varlık, ilan ettiği eski-sürüm penceresi dışında yalnız klasik kanıtla kabul edilemez." | ÖK §4.13 L4 (ON-KAYIT v0.8 (capa 7); 00-on-kayit/ON-KAYIT-TASLAK.md:844): "Yapılandırılmış hâlde K1 KABUL, K2 RED, K3 RED (§6.5)" | [T314] RFC7515 §5.2 (RFC 7515; metin/RFC7515.txt:810): "When there are multiple JWS Signature values, it is an application decision which of the JWS Signature values must successfully validate for the JWS to be accepted."	insa: ML-DSA-66=geçersiz || gerekli küme R=['ML-DSA-65'] karşılanmıyor (yalnız hiç imza yok)
UNK02_alg_ML-DSA-65-P256	GEC	tedavi-composite	ikincil	eşleme-dışı	reject	[T327] JWTBCP §3.1 (draft-ietf-oauth-rfc8725bis-10; metin/JWTBCP.txt:464): "MUST NOT employ any algorithms outside this configured set" | [T315] RFC7515 §5.2 (RFC 7515; metin/RFC7515.txt:815): "at least one JWS Signature value MUST successfully validate, or the JWS MUST be considered invalid" | ÖK §4.15 (ON-KAYIT v0.8 (capa 7); 00-on-kayit/ON-KAYIT-TASLAK.md:881): "V+: tek geçerli klasik imza → KABUL; V−: bozuk imza → RED"	insa: ML-DSA-65-P256=geçersiz || alg ML-DSA-65-P256 izin kümesi W=['ES256', 'Ed25519', 'EdDSA', 'ML-DSA-44', 'ML-DSA-65', 'ML-DSA-65-ES256', 'ML-DSA-65-Ed25519', 'ML-DSA-87'] dışında
UNK02_alg_ML-DSA-65-P256	IZIN-A	tedavi-composite	ikincil	eşleme-dışı	reject	[T327] JWTBCP §3.1 (draft-ietf-oauth-rfc8725bis-10; metin/JWTBCP.txt:464): "MUST NOT employ any algorithms outside this configured set" | [T315] RFC7515 §5.2 (RFC 7515; metin/RFC7515.txt:815): "at least one JWS Signature value MUST successfully validate, or the JWS MUST be considered invalid" | ÖK §4.13 L1 (ON-KAYIT v0.8 (capa 7); 00-on-kayit/ON-KAYIT-TASLAK.md:841): "Doğrulayıcı genelinde izin listesi; izinsiz algoritma reddediliyor"	insa: ML-DSA-65-P256=geçersiz || alg ML-DSA-65-P256 izin kümesi W=['ES256'] dışında
UNK02_alg_ML-DSA-65-P256	IZIN-AX	tedavi-composite	ikincil	eşleme-dışı	reject	[T327] JWTBCP §3.1 (draft-ietf-oauth-rfc8725bis-10; metin/JWTBCP.txt:464): "MUST NOT employ any algorithms outside this configured set" | [T315] RFC7515 §5.2 (RFC 7515; metin/RFC7515.txt:815): "at least one JWS Signature value MUST successfully validate, or the JWS MUST be considered invalid" | ÖK §4.13 L1 (ON-KAYIT v0.8 (capa 7); 00-on-kayit/ON-KAYIT-TASLAK.md:841): "Doğrulayıcı genelinde izin listesi; izinsiz algoritma reddediliyor"	insa: ML-DSA-65-P256=geçersiz || alg ML-DSA-65-P256 izin kümesi W=['ES256', 'ML-DSA-65-ES256'] dışında
UNK02_alg_ML-DSA-65-P256	L4	tedavi-composite	ikincil	eşleme-dışı	reject	ÖK §6.5 (ON-KAYIT v0.8 (capa 7); 00-on-kayit/ON-KAYIT-TASLAK.md:1054): "İhraççı başına gerekli küme R = {X}, izinli küme {A, X}." | [T328] JWTBCP §3.1 (draft-ietf-oauth-rfc8725bis-10; metin/JWTBCP.txt:482): "it MUST determine which algorithms are permitted for itself and that issuer and ensure that the received JWT complies with those requirements" | ÖK §4.7 G5 (ON-KAYIT v0.8 (capa 7); 00-on-kayit/ON-KAYIT-TASLAK.md:767): "Göç etmiş bir varlık, ilan ettiği eski-sürüm penceresi dışında yalnız klasik kanıtla kabul edilemez." | ÖK §4.8 P3 (ON-KAYIT v0.8 (capa 7); 00-on-kayit/ON-KAYIT-TASLAK.md:778): "P2 + ihraççı başına gerekli küme R_I" | ÖK §4.8 P1 (ON-KAYIT v0.8 (capa 7); 00-on-kayit/ON-KAYIT-TASLAK.md:776): "Mevcut imzaların tümü geçerliyse kabul. İmza silinmesi (soyma) fark edilmez" | [T135] ACM2 Note 51 (ECCG ACM v2.0; metin/ACM2.txt:946): "the veriﬁcation function accepting if and only if all signatures are correct" | [T316] RFC7515 §5.2 (RFC 7515; metin/RFC7515.txt:894): "unless the algorithm(s) used in the JWS are acceptable to the application, it SHOULD consider the JWS to be invalid" | [T327] JWTBCP §3.1 (draft-ietf-oauth-rfc8725bis-10; metin/JWTBCP.txt:464): "MUST NOT employ any algorithms outside this configured set" | ÖK §4.13 L4 (ON-KAYIT v0.8 (capa 7); 00-on-kayit/ON-KAYIT-TASLAK.md:844): "Yapılandırılmış hâlde K1 KABUL, K2 RED, K3 RED (§6.5)"	insa: ML-DSA-65-P256=geçersiz || S: W dışı imza var (ML-DSA-65-P256) → mevcut-tümü-geçerli koşulu sağlanmaz || gerekli küme R=['ML-DSA-65-ES256'] karşılanmıyor (yalnız hiç imza yok)
UNK02_alg_ML-DSA-65-P256	L4-S	tedavi-composite	ikincil	eşleme-dışı	reject	ÖK §6.5 (ON-KAYIT v0.8 (capa 7); 00-on-kayit/ON-KAYIT-TASLAK.md:1054): "İhraççı başına gerekli küme R = {X}, izinli küme {A, X}." | [T328] JWTBCP §3.1 (draft-ietf-oauth-rfc8725bis-10; metin/JWTBCP.txt:482): "it MUST determine which algorithms are permitted for itself and that issuer and ensure that the received JWT complies with those requirements" | ÖK §4.7 G5 (ON-KAYIT v0.8 (capa 7); 00-on-kayit/ON-KAYIT-TASLAK.md:767): "Göç etmiş bir varlık, ilan ettiği eski-sürüm penceresi dışında yalnız klasik kanıtla kabul edilemez." | ÖK §4.8 P3 (ON-KAYIT v0.8 (capa 7); 00-on-kayit/ON-KAYIT-TASLAK.md:778): "P2 + ihraççı başına gerekli küme R_I" | ÖK §4.8 P1 (ON-KAYIT v0.8 (capa 7); 00-on-kayit/ON-KAYIT-TASLAK.md:776): "Mevcut imzaların tümü geçerliyse kabul. İmza silinmesi (soyma) fark edilmez" | [T135] ACM2 Note 51 (ECCG ACM v2.0; metin/ACM2.txt:946): "the veriﬁcation function accepting if and only if all signatures are correct" | [T316] RFC7515 §5.2 (RFC 7515; metin/RFC7515.txt:894): "unless the algorithm(s) used in the JWS are acceptable to the application, it SHOULD consider the JWS to be invalid" | [T327] JWTBCP §3.1 (draft-ietf-oauth-rfc8725bis-10; metin/JWTBCP.txt:464): "MUST NOT employ any algorithms outside this configured set"	insa: ML-DSA-65-P256=geçersiz || S: W dışı imza var (ML-DSA-65-P256) → mevcut-tümü-geçerli koşulu sağlanmaz
UNK02_alg_ML-DSA-65-P256	L4-Y	tedavi-composite	ikincil	eşleme-dışı	reject	ÖK §6.5 (ON-KAYIT v0.8 (capa 7); 00-on-kayit/ON-KAYIT-TASLAK.md:1054): "İhraççı başına gerekli küme R = {X}, izinli küme {A, X}." | [T328] JWTBCP §3.1 (draft-ietf-oauth-rfc8725bis-10; metin/JWTBCP.txt:482): "it MUST determine which algorithms are permitted for itself and that issuer and ensure that the received JWT complies with those requirements" | ÖK §4.7 G5 (ON-KAYIT v0.8 (capa 7); 00-on-kayit/ON-KAYIT-TASLAK.md:767): "Göç etmiş bir varlık, ilan ettiği eski-sürüm penceresi dışında yalnız klasik kanıtla kabul edilemez." | ÖK §4.13 L4 (ON-KAYIT v0.8 (capa 7); 00-on-kayit/ON-KAYIT-TASLAK.md:844): "Yapılandırılmış hâlde K1 KABUL, K2 RED, K3 RED (§6.5)" | [T314] RFC7515 §5.2 (RFC 7515; metin/RFC7515.txt:810): "When there are multiple JWS Signature values, it is an application decision which of the JWS Signature values must successfully validate for the JWS to be accepted."	insa: ML-DSA-65-P256=geçersiz || gerekli küme R=['ML-DSA-65-ES256'] karşılanmıyor (yalnız hiç imza yok)
UNK03_alg_kucuk_harf	GEC	tedavi-ML-DSA-65	ikincil	eşleme-dışı	reject	[T327] JWTBCP §3.1 (draft-ietf-oauth-rfc8725bis-10; metin/JWTBCP.txt:464): "MUST NOT employ any algorithms outside this configured set" | [T315] RFC7515 §5.2 (RFC 7515; metin/RFC7515.txt:815): "at least one JWS Signature value MUST successfully validate, or the JWS MUST be considered invalid" | ÖK §4.15 (ON-KAYIT v0.8 (capa 7); 00-on-kayit/ON-KAYIT-TASLAK.md:881): "V+: tek geçerli klasik imza → KABUL; V−: bozuk imza → RED"	insa: ml-dsa-65=geçersiz || alg ml-dsa-65 izin kümesi W=['ES256', 'Ed25519', 'EdDSA', 'ML-DSA-44', 'ML-DSA-65', 'ML-DSA-65-ES256', 'ML-DSA-65-Ed25519', 'ML-DSA-87'] dışında
UNK03_alg_kucuk_harf	IZIN-A	tedavi-ML-DSA-65	ikincil	eşleme-dışı	reject	[T327] JWTBCP §3.1 (draft-ietf-oauth-rfc8725bis-10; metin/JWTBCP.txt:464): "MUST NOT employ any algorithms outside this configured set" | [T315] RFC7515 §5.2 (RFC 7515; metin/RFC7515.txt:815): "at least one JWS Signature value MUST successfully validate, or the JWS MUST be considered invalid" | ÖK §4.13 L1 (ON-KAYIT v0.8 (capa 7); 00-on-kayit/ON-KAYIT-TASLAK.md:841): "Doğrulayıcı genelinde izin listesi; izinsiz algoritma reddediliyor"	insa: ml-dsa-65=geçersiz || alg ml-dsa-65 izin kümesi W=['ES256'] dışında
UNK03_alg_kucuk_harf	IZIN-AX	tedavi-ML-DSA-65	ikincil	eşleme-dışı	reject	[T327] JWTBCP §3.1 (draft-ietf-oauth-rfc8725bis-10; metin/JWTBCP.txt:464): "MUST NOT employ any algorithms outside this configured set" | [T315] RFC7515 §5.2 (RFC 7515; metin/RFC7515.txt:815): "at least one JWS Signature value MUST successfully validate, or the JWS MUST be considered invalid" | ÖK §4.13 L1 (ON-KAYIT v0.8 (capa 7); 00-on-kayit/ON-KAYIT-TASLAK.md:841): "Doğrulayıcı genelinde izin listesi; izinsiz algoritma reddediliyor"	insa: ml-dsa-65=geçersiz || alg ml-dsa-65 izin kümesi W=['ES256', 'ML-DSA-65'] dışında
UNK03_alg_kucuk_harf	L4	tedavi-ML-DSA-65	ikincil	eşleme-dışı	reject	ÖK §6.5 (ON-KAYIT v0.8 (capa 7); 00-on-kayit/ON-KAYIT-TASLAK.md:1054): "İhraççı başına gerekli küme R = {X}, izinli küme {A, X}." | [T328] JWTBCP §3.1 (draft-ietf-oauth-rfc8725bis-10; metin/JWTBCP.txt:482): "it MUST determine which algorithms are permitted for itself and that issuer and ensure that the received JWT complies with those requirements" | ÖK §4.7 G5 (ON-KAYIT v0.8 (capa 7); 00-on-kayit/ON-KAYIT-TASLAK.md:767): "Göç etmiş bir varlık, ilan ettiği eski-sürüm penceresi dışında yalnız klasik kanıtla kabul edilemez." | ÖK §4.8 P3 (ON-KAYIT v0.8 (capa 7); 00-on-kayit/ON-KAYIT-TASLAK.md:778): "P2 + ihraççı başına gerekli küme R_I" | ÖK §4.8 P1 (ON-KAYIT v0.8 (capa 7); 00-on-kayit/ON-KAYIT-TASLAK.md:776): "Mevcut imzaların tümü geçerliyse kabul. İmza silinmesi (soyma) fark edilmez" | [T135] ACM2 Note 51 (ECCG ACM v2.0; metin/ACM2.txt:946): "the veriﬁcation function accepting if and only if all signatures are correct" | [T316] RFC7515 §5.2 (RFC 7515; metin/RFC7515.txt:894): "unless the algorithm(s) used in the JWS are acceptable to the application, it SHOULD consider the JWS to be invalid" | [T327] JWTBCP §3.1 (draft-ietf-oauth-rfc8725bis-10; metin/JWTBCP.txt:464): "MUST NOT employ any algorithms outside this configured set" | ÖK §4.13 L4 (ON-KAYIT v0.8 (capa 7); 00-on-kayit/ON-KAYIT-TASLAK.md:844): "Yapılandırılmış hâlde K1 KABUL, K2 RED, K3 RED (§6.5)"	insa: ml-dsa-65=geçersiz || S: W dışı imza var (ml-dsa-65) → mevcut-tümü-geçerli koşulu sağlanmaz || gerekli küme R=['ML-DSA-65'] karşılanmıyor (yalnız hiç imza yok)
UNK03_alg_kucuk_harf	L4-S	tedavi-ML-DSA-65	ikincil	eşleme-dışı	reject	ÖK §6.5 (ON-KAYIT v0.8 (capa 7); 00-on-kayit/ON-KAYIT-TASLAK.md:1054): "İhraççı başına gerekli küme R = {X}, izinli küme {A, X}." | [T328] JWTBCP §3.1 (draft-ietf-oauth-rfc8725bis-10; metin/JWTBCP.txt:482): "it MUST determine which algorithms are permitted for itself and that issuer and ensure that the received JWT complies with those requirements" | ÖK §4.7 G5 (ON-KAYIT v0.8 (capa 7); 00-on-kayit/ON-KAYIT-TASLAK.md:767): "Göç etmiş bir varlık, ilan ettiği eski-sürüm penceresi dışında yalnız klasik kanıtla kabul edilemez." | ÖK §4.8 P3 (ON-KAYIT v0.8 (capa 7); 00-on-kayit/ON-KAYIT-TASLAK.md:778): "P2 + ihraççı başına gerekli küme R_I" | ÖK §4.8 P1 (ON-KAYIT v0.8 (capa 7); 00-on-kayit/ON-KAYIT-TASLAK.md:776): "Mevcut imzaların tümü geçerliyse kabul. İmza silinmesi (soyma) fark edilmez" | [T135] ACM2 Note 51 (ECCG ACM v2.0; metin/ACM2.txt:946): "the veriﬁcation function accepting if and only if all signatures are correct" | [T316] RFC7515 §5.2 (RFC 7515; metin/RFC7515.txt:894): "unless the algorithm(s) used in the JWS are acceptable to the application, it SHOULD consider the JWS to be invalid" | [T327] JWTBCP §3.1 (draft-ietf-oauth-rfc8725bis-10; metin/JWTBCP.txt:464): "MUST NOT employ any algorithms outside this configured set"	insa: ml-dsa-65=geçersiz || S: W dışı imza var (ml-dsa-65) → mevcut-tümü-geçerli koşulu sağlanmaz
UNK03_alg_kucuk_harf	L4-Y	tedavi-ML-DSA-65	ikincil	eşleme-dışı	reject	ÖK §6.5 (ON-KAYIT v0.8 (capa 7); 00-on-kayit/ON-KAYIT-TASLAK.md:1054): "İhraççı başına gerekli küme R = {X}, izinli küme {A, X}." | [T328] JWTBCP §3.1 (draft-ietf-oauth-rfc8725bis-10; metin/JWTBCP.txt:482): "it MUST determine which algorithms are permitted for itself and that issuer and ensure that the received JWT complies with those requirements" | ÖK §4.7 G5 (ON-KAYIT v0.8 (capa 7); 00-on-kayit/ON-KAYIT-TASLAK.md:767): "Göç etmiş bir varlık, ilan ettiği eski-sürüm penceresi dışında yalnız klasik kanıtla kabul edilemez." | ÖK §4.13 L4 (ON-KAYIT v0.8 (capa 7); 00-on-kayit/ON-KAYIT-TASLAK.md:844): "Yapılandırılmış hâlde K1 KABUL, K2 RED, K3 RED (§6.5)" | [T314] RFC7515 §5.2 (RFC 7515; metin/RFC7515.txt:810): "When there are multiple JWS Signature values, it is an application decision which of the JWS Signature values must successfully validate for the JWS to be accepted."	insa: ml-dsa-65=geçersiz || gerekli küme R=['ML-DSA-65'] karşılanmıyor (yalnız hiç imza yok)
UNK04_general_arti_kayitsiz_composite	L4	tedavi-ML-DSA-65	ikincil	K5(ikincil)	indeterminate	ÖK §6.5 K5 (ON-KAYIT v0.8 (capa 7); 00-on-kayit/ON-KAYIT-TASLAK.md:1062): "K1 + tanınmayan algoritmalı üçüncü imza | Politikaya göre (MR2); bayrak B1" | ÖK §4.20 MR2 (ON-KAYIT v0.8 (capa 7); 00-on-kayit/ON-KAYIT-TASLAK.md:944): "MR2: Bilinmeyen alg eklemenin etkisi politikaya göre öngörülebilir olmalı." | [T314] RFC7515 §5.2 (RFC 7515; metin/RFC7515.txt:810): "When there are multiple JWS Signature values, it is an application decision which of the JWS Signature values must successfully validate for the JWS to be accepted." | [T316] RFC7515 §5.2 (RFC 7515; metin/RFC7515.txt:894): "unless the algorithm(s) used in the JWS are acceptable to the application, it SHOULD consider the JWS to be invalid" | ÖK §6.5 (ON-KAYIT v0.8 (capa 7); 00-on-kayit/ON-KAYIT-TASLAK.md:1054): "İhraççı başına gerekli küme R = {X}, izinli küme {A, X}." | ÖK §4.13 L4 (ON-KAYIT v0.8 (capa 7); 00-on-kayit/ON-KAYIT-TASLAK.md:844): "Yapılandırılmış hâlde K1 KABUL, K2 RED, K3 RED (§6.5)"	insa: ES256=geçerli, ML-DSA-65=geçerli, ML-DSA-65-P256=geçersiz || ÖK §6.5 K5 "politikaya göre": S → reject, Y → accept-hybrid (W dışı ek imza: ML-DSA-65-P256)
UNK04_general_arti_kayitsiz_composite	L4-S	tedavi-ML-DSA-65	ikincil	K5(ikincil)	reject	ÖK §6.5 (ON-KAYIT v0.8 (capa 7); 00-on-kayit/ON-KAYIT-TASLAK.md:1054): "İhraççı başına gerekli küme R = {X}, izinli küme {A, X}." | [T328] JWTBCP §3.1 (draft-ietf-oauth-rfc8725bis-10; metin/JWTBCP.txt:482): "it MUST determine which algorithms are permitted for itself and that issuer and ensure that the received JWT complies with those requirements" | ÖK §4.7 G5 (ON-KAYIT v0.8 (capa 7); 00-on-kayit/ON-KAYIT-TASLAK.md:767): "Göç etmiş bir varlık, ilan ettiği eski-sürüm penceresi dışında yalnız klasik kanıtla kabul edilemez." | ÖK §4.8 P3 (ON-KAYIT v0.8 (capa 7); 00-on-kayit/ON-KAYIT-TASLAK.md:778): "P2 + ihraççı başına gerekli küme R_I" | ÖK §4.8 P1 (ON-KAYIT v0.8 (capa 7); 00-on-kayit/ON-KAYIT-TASLAK.md:776): "Mevcut imzaların tümü geçerliyse kabul. İmza silinmesi (soyma) fark edilmez" | [T135] ACM2 Note 51 (ECCG ACM v2.0; metin/ACM2.txt:946): "the veriﬁcation function accepting if and only if all signatures are correct" | [T316] RFC7515 §5.2 (RFC 7515; metin/RFC7515.txt:894): "unless the algorithm(s) used in the JWS are acceptable to the application, it SHOULD consider the JWS to be invalid" | [T327] JWTBCP §3.1 (draft-ietf-oauth-rfc8725bis-10; metin/JWTBCP.txt:464): "MUST NOT employ any algorithms outside this configured set" | ÖK §6.5 K5 (ON-KAYIT v0.8 (capa 7); 00-on-kayit/ON-KAYIT-TASLAK.md:1062): "K1 + tanınmayan algoritmalı üçüncü imza | Politikaya göre (MR2); bayrak B1"	insa: ES256=geçerli, ML-DSA-65=geçerli, ML-DSA-65-P256=geçersiz || S: W dışı imza var (ML-DSA-65-P256) → mevcut-tümü-geçerli koşulu sağlanmaz
UNK04_general_arti_kayitsiz_composite	L4-Y	tedavi-ML-DSA-65	ikincil	K5(ikincil)	accept-hybrid	ÖK §6.5 (ON-KAYIT v0.8 (capa 7); 00-on-kayit/ON-KAYIT-TASLAK.md:1054): "İhraççı başına gerekli küme R = {X}, izinli küme {A, X}." | [T328] JWTBCP §3.1 (draft-ietf-oauth-rfc8725bis-10; metin/JWTBCP.txt:482): "it MUST determine which algorithms are permitted for itself and that issuer and ensure that the received JWT complies with those requirements" | ÖK §4.7 G5 (ON-KAYIT v0.8 (capa 7); 00-on-kayit/ON-KAYIT-TASLAK.md:767): "Göç etmiş bir varlık, ilan ettiği eski-sürüm penceresi dışında yalnız klasik kanıtla kabul edilemez." | [T314] RFC7515 §5.2 (RFC 7515; metin/RFC7515.txt:810): "When there are multiple JWS Signature values, it is an application decision which of the JWS Signature values must successfully validate for the JWS to be accepted." | [T327] JWTBCP §3.1 (draft-ietf-oauth-rfc8725bis-10; metin/JWTBCP.txt:464): "MUST NOT employ any algorithms outside this configured set" | ÖK §6.5 K5 (ON-KAYIT v0.8 (capa 7); 00-on-kayit/ON-KAYIT-TASLAK.md:1062): "K1 + tanınmayan algoritmalı üçüncü imza | Politikaya göre (MR2); bayrak B1"	insa: ES256=geçerli, ML-DSA-65=geçerli, ML-DSA-65-P256=geçersiz || R={ML-DSA-65} geçerli imzayla karşılandı; W içindeki imzalar geçerli; Y: W dışı ek imza(lar) yok sayıldı (ML-DSA-65-P256)
UNK04_general_arti_kayitsiz_composite	P0	tedavi-ML-DSA-65	ikincil	K5(ikincil)	accept-classical	ÖK §4.8 P0 (ON-KAYIT v0.8 (capa 7); 00-on-kayit/ON-KAYIT-TASLAK.md:775): "En az bir imza geçerliyse kabul" | [T314] RFC7515 §5.2 (RFC 7515; metin/RFC7515.txt:810): "When there are multiple JWS Signature values, it is an application decision which of the JWS Signature values must successfully validate for the JWS to be accepted."	insa: ES256=geçerli, ML-DSA-65=geçerli, ML-DSA-65-P256=geçersiz || en az bir geçerli imza var; kabul için klasik ES256 yeterli
UNK04_general_arti_kayitsiz_composite	P1	tedavi-ML-DSA-65	ikincil	K5(ikincil)	reject	ÖK §4.8 P1 (ON-KAYIT v0.8 (capa 7); 00-on-kayit/ON-KAYIT-TASLAK.md:776): "Mevcut imzaların tümü geçerliyse kabul. İmza silinmesi (soyma) fark edilmez" | [T319] RFC7515 §4.1.1 (RFC 7515; metin/RFC7515.txt:508): "The JWS Signature value is not valid if the "alg" value does not represent a supported algorithm"	insa: ES256=geçerli, ML-DSA-65=geçerli, ML-DSA-65-P256=geçersiz || mevcut imzaların tümü geçerli değil: ML-DSA-65-P256: alg "ML-DSA-65-P256" kayıtsız/desteklenmeyen
UNK05_general_arti_alg_none	L4	tedavi-ML-DSA-65	ikincil	K5(ikincil)	indeterminate	ÖK §6.5 K5 (ON-KAYIT v0.8 (capa 7); 00-on-kayit/ON-KAYIT-TASLAK.md:1062): "K1 + tanınmayan algoritmalı üçüncü imza | Politikaya göre (MR2); bayrak B1" | ÖK §4.20 MR2 (ON-KAYIT v0.8 (capa 7); 00-on-kayit/ON-KAYIT-TASLAK.md:944): "MR2: Bilinmeyen alg eklemenin etkisi politikaya göre öngörülebilir olmalı." | [T314] RFC7515 §5.2 (RFC 7515; metin/RFC7515.txt:810): "When there are multiple JWS Signature values, it is an application decision which of the JWS Signature values must successfully validate for the JWS to be accepted." | [T316] RFC7515 §5.2 (RFC 7515; metin/RFC7515.txt:894): "unless the algorithm(s) used in the JWS are acceptable to the application, it SHOULD consider the JWS to be invalid" | ÖK §6.5 (ON-KAYIT v0.8 (capa 7); 00-on-kayit/ON-KAYIT-TASLAK.md:1054): "İhraççı başına gerekli küme R = {X}, izinli küme {A, X}." | ÖK §4.13 L4 (ON-KAYIT v0.8 (capa 7); 00-on-kayit/ON-KAYIT-TASLAK.md:844): "Yapılandırılmış hâlde K1 KABUL, K2 RED, K3 RED (§6.5)"	insa: ES256=geçerli, ML-DSA-65=geçerli, none=geçersiz || ÖK §6.5 K5 "politikaya göre": S → reject, Y → accept-hybrid (W dışı ek imza: none)
UNK05_general_arti_alg_none	L4-S	tedavi-ML-DSA-65	ikincil	K5(ikincil)	reject	ÖK §6.5 (ON-KAYIT v0.8 (capa 7); 00-on-kayit/ON-KAYIT-TASLAK.md:1054): "İhraççı başına gerekli küme R = {X}, izinli küme {A, X}." | [T328] JWTBCP §3.1 (draft-ietf-oauth-rfc8725bis-10; metin/JWTBCP.txt:482): "it MUST determine which algorithms are permitted for itself and that issuer and ensure that the received JWT complies with those requirements" | ÖK §4.7 G5 (ON-KAYIT v0.8 (capa 7); 00-on-kayit/ON-KAYIT-TASLAK.md:767): "Göç etmiş bir varlık, ilan ettiği eski-sürüm penceresi dışında yalnız klasik kanıtla kabul edilemez." | ÖK §4.8 P3 (ON-KAYIT v0.8 (capa 7); 00-on-kayit/ON-KAYIT-TASLAK.md:778): "P2 + ihraççı başına gerekli küme R_I" | ÖK §4.8 P1 (ON-KAYIT v0.8 (capa 7); 00-on-kayit/ON-KAYIT-TASLAK.md:776): "Mevcut imzaların tümü geçerliyse kabul. İmza silinmesi (soyma) fark edilmez" | [T135] ACM2 Note 51 (ECCG ACM v2.0; metin/ACM2.txt:946): "the veriﬁcation function accepting if and only if all signatures are correct" | [T316] RFC7515 §5.2 (RFC 7515; metin/RFC7515.txt:894): "unless the algorithm(s) used in the JWS are acceptable to the application, it SHOULD consider the JWS to be invalid" | [T327] JWTBCP §3.1 (draft-ietf-oauth-rfc8725bis-10; metin/JWTBCP.txt:464): "MUST NOT employ any algorithms outside this configured set" | ÖK §6.5 K5 (ON-KAYIT v0.8 (capa 7); 00-on-kayit/ON-KAYIT-TASLAK.md:1062): "K1 + tanınmayan algoritmalı üçüncü imza | Politikaya göre (MR2); bayrak B1"	insa: ES256=geçerli, ML-DSA-65=geçerli, none=geçersiz || S: W dışı imza var (none) → mevcut-tümü-geçerli koşulu sağlanmaz
UNK05_general_arti_alg_none	L4-Y	tedavi-ML-DSA-65	ikincil	K5(ikincil)	accept-hybrid	ÖK §6.5 (ON-KAYIT v0.8 (capa 7); 00-on-kayit/ON-KAYIT-TASLAK.md:1054): "İhraççı başına gerekli küme R = {X}, izinli küme {A, X}." | [T328] JWTBCP §3.1 (draft-ietf-oauth-rfc8725bis-10; metin/JWTBCP.txt:482): "it MUST determine which algorithms are permitted for itself and that issuer and ensure that the received JWT complies with those requirements" | ÖK §4.7 G5 (ON-KAYIT v0.8 (capa 7); 00-on-kayit/ON-KAYIT-TASLAK.md:767): "Göç etmiş bir varlık, ilan ettiği eski-sürüm penceresi dışında yalnız klasik kanıtla kabul edilemez." | [T314] RFC7515 §5.2 (RFC 7515; metin/RFC7515.txt:810): "When there are multiple JWS Signature values, it is an application decision which of the JWS Signature values must successfully validate for the JWS to be accepted." | [T327] JWTBCP §3.1 (draft-ietf-oauth-rfc8725bis-10; metin/JWTBCP.txt:464): "MUST NOT employ any algorithms outside this configured set" | ÖK §6.5 K5 (ON-KAYIT v0.8 (capa 7); 00-on-kayit/ON-KAYIT-TASLAK.md:1062): "K1 + tanınmayan algoritmalı üçüncü imza | Politikaya göre (MR2); bayrak B1"	insa: ES256=geçerli, ML-DSA-65=geçerli, none=geçersiz || R={ML-DSA-65} geçerli imzayla karşılandı; W içindeki imzalar geçerli; Y: W dışı ek imza(lar) yok sayıldı (none)
UNK05_general_arti_alg_none	P0	tedavi-ML-DSA-65	ikincil	K5(ikincil)	accept-classical	ÖK §4.8 P0 (ON-KAYIT v0.8 (capa 7); 00-on-kayit/ON-KAYIT-TASLAK.md:775): "En az bir imza geçerliyse kabul" | [T314] RFC7515 §5.2 (RFC 7515; metin/RFC7515.txt:810): "When there are multiple JWS Signature values, it is an application decision which of the JWS Signature values must successfully validate for the JWS to be accepted."	insa: ES256=geçerli, ML-DSA-65=geçerli, none=geçersiz || en az bir geçerli imza var; kabul için klasik ES256 yeterli
UNK05_general_arti_alg_none	P1	tedavi-ML-DSA-65	ikincil	K5(ikincil)	reject	ÖK §4.8 P1 (ON-KAYIT v0.8 (capa 7); 00-on-kayit/ON-KAYIT-TASLAK.md:776): "Mevcut imzaların tümü geçerliyse kabul. İmza silinmesi (soyma) fark edilmez" | JWTBCP §3.2 (draft-ietf-oauth-rfc8725bis-10; metin/JWTBCP.txt:524): "JWT libraries MUST NOT consume JWTs using "none" unless explicitly allowed by the caller" | [T319] RFC7515 §4.1.1 (RFC 7515; metin/RFC7515.txt:508): "The JWS Signature value is not valid if the "alg" value does not represent a supported algorithm"	insa: ES256=geçerli, ML-DSA-65=geçerli, none=geçersiz || mevcut imzaların tümü geçerli değil: none: alg=none: imza yok
CMP00_gecerli_referans	GEC	tedavi-composite	birincil	K6;V+	accept-hybrid	ÖK §6.5 V± (ON-KAYIT v0.8 (capa 7); 00-on-kayit/ON-KAYIT-TASLAK.md:1069): "Adaptör geçerlilik kontrolleri | KABUL / RED" | ÖK §4.15 (ON-KAYIT v0.8 (capa 7); 00-on-kayit/ON-KAYIT-TASLAK.md:881): "V+: tek geçerli klasik imza → KABUL; V−: bozuk imza → RED" | [T315] RFC7515 §5.2 (RFC 7515; metin/RFC7515.txt:815): "at least one JWS Signature value MUST successfully validate, or the JWS MUST be considered invalid"	insa: ML-DSA-65-ES256=geçerli || imza(lar) geçerli; alg ∈ W
CMP00_gecerli_referans	IZIN-A	tedavi-composite	birincil	K6;V+	reject	[T327] JWTBCP §3.1 (draft-ietf-oauth-rfc8725bis-10; metin/JWTBCP.txt:464): "MUST NOT employ any algorithms outside this configured set" | [T315] RFC7515 §5.2 (RFC 7515; metin/RFC7515.txt:815): "at least one JWS Signature value MUST successfully validate, or the JWS MUST be considered invalid" | ÖK §4.13 L1 (ON-KAYIT v0.8 (capa 7); 00-on-kayit/ON-KAYIT-TASLAK.md:841): "Doğrulayıcı genelinde izin listesi; izinsiz algoritma reddediliyor"	insa: ML-DSA-65-ES256=geçerli || alg ML-DSA-65-ES256 izin kümesi W=['ES256'] dışında
CMP00_gecerli_referans	IZIN-AX	tedavi-composite	birincil	K6;V+	accept-hybrid	ÖK §4.13 L1 (ON-KAYIT v0.8 (capa 7); 00-on-kayit/ON-KAYIT-TASLAK.md:841): "Doğrulayıcı genelinde izin listesi; izinsiz algoritma reddediliyor" | [T327] JWTBCP §3.1 (draft-ietf-oauth-rfc8725bis-10; metin/JWTBCP.txt:464): "MUST NOT employ any algorithms outside this configured set"	insa: ML-DSA-65-ES256=geçerli || imza(lar) geçerli; alg ∈ W
CMP00_gecerli_referans	L4	tedavi-composite	birincil	K6;V+	accept-hybrid	ÖK §6.5 (ON-KAYIT v0.8 (capa 7); 00-on-kayit/ON-KAYIT-TASLAK.md:1054): "İhraççı başına gerekli küme R = {X}, izinli küme {A, X}." | [T328] JWTBCP §3.1 (draft-ietf-oauth-rfc8725bis-10; metin/JWTBCP.txt:482): "it MUST determine which algorithms are permitted for itself and that issuer and ensure that the received JWT complies with those requirements" | ÖK §4.7 G5 (ON-KAYIT v0.8 (capa 7); 00-on-kayit/ON-KAYIT-TASLAK.md:767): "Göç etmiş bir varlık, ilan ettiği eski-sürüm penceresi dışında yalnız klasik kanıtla kabul edilemez." | ÖK §6.5 K6 (ON-KAYIT v0.8 (capa 7); 00-on-kayit/ON-KAYIT-TASLAK.md:1063): "Composite tek imza, geçerli (desteklenen hedeflerde) | KABUL" | ÖK §4.13 L4 (ON-KAYIT v0.8 (capa 7); 00-on-kayit/ON-KAYIT-TASLAK.md:844): "Yapılandırılmış hâlde K1 KABUL, K2 RED, K3 RED (§6.5)" | ÖK §2B m.6 (ON-KAYIT v0.8 (capa 7); 00-on-kayit/ON-KAYIT-TASLAK.md:256): "Göç etmiş ihraççının yalnız klasik imzalı belgesi reddedilir, eski ihraççının klasik imzalı belgesi kabul edilir."	insa: ML-DSA-65-ES256=geçerli || R={ML-DSA-65-ES256} geçerli imzayla karşılandı; W içindeki imzalar geçerli
CMP00_gecerli_referans	L4-S	tedavi-composite	birincil	K6;V+	accept-hybrid	ÖK §6.5 (ON-KAYIT v0.8 (capa 7); 00-on-kayit/ON-KAYIT-TASLAK.md:1054): "İhraççı başına gerekli küme R = {X}, izinli küme {A, X}." | [T328] JWTBCP §3.1 (draft-ietf-oauth-rfc8725bis-10; metin/JWTBCP.txt:482): "it MUST determine which algorithms are permitted for itself and that issuer and ensure that the received JWT complies with those requirements" | ÖK §4.7 G5 (ON-KAYIT v0.8 (capa 7); 00-on-kayit/ON-KAYIT-TASLAK.md:767): "Göç etmiş bir varlık, ilan ettiği eski-sürüm penceresi dışında yalnız klasik kanıtla kabul edilemez." | ÖK §6.5 K6 (ON-KAYIT v0.8 (capa 7); 00-on-kayit/ON-KAYIT-TASLAK.md:1063): "Composite tek imza, geçerli (desteklenen hedeflerde) | KABUL" | ÖK §4.8 P3 (ON-KAYIT v0.8 (capa 7); 00-on-kayit/ON-KAYIT-TASLAK.md:778): "P2 + ihraççı başına gerekli küme R_I" | ÖK §2B m.6 (ON-KAYIT v0.8 (capa 7); 00-on-kayit/ON-KAYIT-TASLAK.md:256): "Göç etmiş ihraççının yalnız klasik imzalı belgesi reddedilir, eski ihraççının klasik imzalı belgesi kabul edilir."	insa: ML-DSA-65-ES256=geçerli || R={ML-DSA-65-ES256} geçerli imzayla karşılandı; W içindeki imzalar geçerli
CMP00_gecerli_referans	L4-Y	tedavi-composite	birincil	K6;V+	accept-hybrid	ÖK §6.5 (ON-KAYIT v0.8 (capa 7); 00-on-kayit/ON-KAYIT-TASLAK.md:1054): "İhraççı başına gerekli küme R = {X}, izinli küme {A, X}." | [T328] JWTBCP §3.1 (draft-ietf-oauth-rfc8725bis-10; metin/JWTBCP.txt:482): "it MUST determine which algorithms are permitted for itself and that issuer and ensure that the received JWT complies with those requirements" | ÖK §4.7 G5 (ON-KAYIT v0.8 (capa 7); 00-on-kayit/ON-KAYIT-TASLAK.md:767): "Göç etmiş bir varlık, ilan ettiği eski-sürüm penceresi dışında yalnız klasik kanıtla kabul edilemez." | ÖK §6.5 K6 (ON-KAYIT v0.8 (capa 7); 00-on-kayit/ON-KAYIT-TASLAK.md:1063): "Composite tek imza, geçerli (desteklenen hedeflerde) | KABUL" | [T314] RFC7515 §5.2 (RFC 7515; metin/RFC7515.txt:810): "When there are multiple JWS Signature values, it is an application decision which of the JWS Signature values must successfully validate for the JWS to be accepted." | ÖK §2B m.6 (ON-KAYIT v0.8 (capa 7); 00-on-kayit/ON-KAYIT-TASLAK.md:256): "Göç etmiş ihraççının yalnız klasik imzalı belgesi reddedilir, eski ihraççının klasik imzalı belgesi kabul edilir."	insa: ML-DSA-65-ES256=geçerli || R={ML-DSA-65-ES256} geçerli imzayla karşılandı; W içindeki imzalar geçerli
CMP01_ml_bileseni_bozuk	GEC	tedavi-composite	birincil	K7;V-	reject	[T345] JOSECOMP §4.3 (draft-ietf-jose-pq-composite-sigs-04; metin/JOSECOMP.txt:452): "The Verify algorithm MUST validate a signature only if all component signatures were successfully validated." | ÖK §6.5 V± (ON-KAYIT v0.8 (capa 7); 00-on-kayit/ON-KAYIT-TASLAK.md:1069): "Adaptör geçerlilik kontrolleri | KABUL / RED" | ÖK §4.15 (ON-KAYIT v0.8 (capa 7); 00-on-kayit/ON-KAYIT-TASLAK.md:881): "V+: tek geçerli klasik imza → KABUL; V−: bozuk imza → RED" | [T315] RFC7515 §5.2 (RFC 7515; metin/RFC7515.txt:815): "at least one JWS Signature value MUST successfully validate, or the JWS MUST be considered invalid"	insa: ML-DSA-65-ES256=geçersiz || ML-DSA bileşeni bozuk; composite AND gereği geçersiz
CMP01_ml_bileseni_bozuk	IZIN-A	tedavi-composite	birincil	K7;V-	reject	[T327] JWTBCP §3.1 (draft-ietf-oauth-rfc8725bis-10; metin/JWTBCP.txt:464): "MUST NOT employ any algorithms outside this configured set" | [T315] RFC7515 §5.2 (RFC 7515; metin/RFC7515.txt:815): "at least one JWS Signature value MUST successfully validate, or the JWS MUST be considered invalid" | ÖK §4.13 L1 (ON-KAYIT v0.8 (capa 7); 00-on-kayit/ON-KAYIT-TASLAK.md:841): "Doğrulayıcı genelinde izin listesi; izinsiz algoritma reddediliyor"	insa: ML-DSA-65-ES256=geçersiz || alg ML-DSA-65-ES256 izin kümesi W=['ES256'] dışında
CMP01_ml_bileseni_bozuk	IZIN-AX	tedavi-composite	birincil	K7;V-	reject	[T345] JOSECOMP §4.3 (draft-ietf-jose-pq-composite-sigs-04; metin/JOSECOMP.txt:452): "The Verify algorithm MUST validate a signature only if all component signatures were successfully validated." | ÖK §4.13 L1 (ON-KAYIT v0.8 (capa 7); 00-on-kayit/ON-KAYIT-TASLAK.md:841): "Doğrulayıcı genelinde izin listesi; izinsiz algoritma reddediliyor" | [T327] JWTBCP §3.1 (draft-ietf-oauth-rfc8725bis-10; metin/JWTBCP.txt:464): "MUST NOT employ any algorithms outside this configured set"	insa: ML-DSA-65-ES256=geçersiz || ML-DSA bileşeni bozuk; composite AND gereği geçersiz
CMP01_ml_bileseni_bozuk	L4	tedavi-composite	birincil	K7;V-	reject	ÖK §6.5 (ON-KAYIT v0.8 (capa 7); 00-on-kayit/ON-KAYIT-TASLAK.md:1054): "İhraççı başına gerekli küme R = {X}, izinli küme {A, X}." | [T328] JWTBCP §3.1 (draft-ietf-oauth-rfc8725bis-10; metin/JWTBCP.txt:482): "it MUST determine which algorithms are permitted for itself and that issuer and ensure that the received JWT complies with those requirements" | ÖK §4.7 G5 (ON-KAYIT v0.8 (capa 7); 00-on-kayit/ON-KAYIT-TASLAK.md:767): "Göç etmiş bir varlık, ilan ettiği eski-sürüm penceresi dışında yalnız klasik kanıtla kabul edilemez." | JWTBCP §3.3 (draft-ietf-oauth-rfc8725bis-10; metin/JWTBCP.txt:566): "the entire JWT MUST be rejected if any of them fail to validate" | [T345] JOSECOMP §4.3 (draft-ietf-jose-pq-composite-sigs-04; metin/JOSECOMP.txt:452): "The Verify algorithm MUST validate a signature only if all component signatures were successfully validated." | ÖK §6.5 K7 (ON-KAYIT v0.8 (capa 7); 00-on-kayit/ON-KAYIT-TASLAK.md:1064): "Composite etiketli, bileşeni bozuk | RED" | ÖK §4.13 L4 (ON-KAYIT v0.8 (capa 7); 00-on-kayit/ON-KAYIT-TASLAK.md:844): "Yapılandırılmış hâlde K1 KABUL, K2 RED, K3 RED (§6.5)"	insa: ML-DSA-65-ES256=geçersiz || W içinde geçersiz imza: ML-DSA-65-ES256: ML-DSA bileşeni bozuk; composite AND gereği geçersiz
CMP01_ml_bileseni_bozuk	L4-S	tedavi-composite	birincil	K7;V-	reject	ÖK §6.5 (ON-KAYIT v0.8 (capa 7); 00-on-kayit/ON-KAYIT-TASLAK.md:1054): "İhraççı başına gerekli küme R = {X}, izinli küme {A, X}." | [T328] JWTBCP §3.1 (draft-ietf-oauth-rfc8725bis-10; metin/JWTBCP.txt:482): "it MUST determine which algorithms are permitted for itself and that issuer and ensure that the received JWT complies with those requirements" | ÖK §4.7 G5 (ON-KAYIT v0.8 (capa 7); 00-on-kayit/ON-KAYIT-TASLAK.md:767): "Göç etmiş bir varlık, ilan ettiği eski-sürüm penceresi dışında yalnız klasik kanıtla kabul edilemez." | JWTBCP §3.3 (draft-ietf-oauth-rfc8725bis-10; metin/JWTBCP.txt:566): "the entire JWT MUST be rejected if any of them fail to validate" | [T345] JOSECOMP §4.3 (draft-ietf-jose-pq-composite-sigs-04; metin/JOSECOMP.txt:452): "The Verify algorithm MUST validate a signature only if all component signatures were successfully validated." | ÖK §6.5 K7 (ON-KAYIT v0.8 (capa 7); 00-on-kayit/ON-KAYIT-TASLAK.md:1064): "Composite etiketli, bileşeni bozuk | RED" | ÖK §4.8 P3 (ON-KAYIT v0.8 (capa 7); 00-on-kayit/ON-KAYIT-TASLAK.md:778): "P2 + ihraççı başına gerekli küme R_I"	insa: ML-DSA-65-ES256=geçersiz || W içinde geçersiz imza: ML-DSA-65-ES256: ML-DSA bileşeni bozuk; composite AND gereği geçersiz
CMP01_ml_bileseni_bozuk	L4-Y	tedavi-composite	birincil	K7;V-	reject	ÖK §6.5 (ON-KAYIT v0.8 (capa 7); 00-on-kayit/ON-KAYIT-TASLAK.md:1054): "İhraççı başına gerekli küme R = {X}, izinli küme {A, X}." | [T328] JWTBCP §3.1 (draft-ietf-oauth-rfc8725bis-10; metin/JWTBCP.txt:482): "it MUST determine which algorithms are permitted for itself and that issuer and ensure that the received JWT complies with those requirements" | ÖK §4.7 G5 (ON-KAYIT v0.8 (capa 7); 00-on-kayit/ON-KAYIT-TASLAK.md:767): "Göç etmiş bir varlık, ilan ettiği eski-sürüm penceresi dışında yalnız klasik kanıtla kabul edilemez." | JWTBCP §3.3 (draft-ietf-oauth-rfc8725bis-10; metin/JWTBCP.txt:566): "the entire JWT MUST be rejected if any of them fail to validate" | [T345] JOSECOMP §4.3 (draft-ietf-jose-pq-composite-sigs-04; metin/JOSECOMP.txt:452): "The Verify algorithm MUST validate a signature only if all component signatures were successfully validated." | ÖK §6.5 K7 (ON-KAYIT v0.8 (capa 7); 00-on-kayit/ON-KAYIT-TASLAK.md:1064): "Composite etiketli, bileşeni bozuk | RED" | [T314] RFC7515 §5.2 (RFC 7515; metin/RFC7515.txt:810): "When there are multiple JWS Signature values, it is an application decision which of the JWS Signature values must successfully validate for the JWS to be accepted."	insa: ML-DSA-65-ES256=geçersiz || W içinde geçersiz imza: ML-DSA-65-ES256: ML-DSA bileşeni bozuk; composite AND gereği geçersiz
CMP02_ecdsa_bileseni_bozuk	GEC	tedavi-composite	birincil	K7	reject	[T345] JOSECOMP §4.3 (draft-ietf-jose-pq-composite-sigs-04; metin/JOSECOMP.txt:452): "The Verify algorithm MUST validate a signature only if all component signatures were successfully validated." | ÖK §4.15 (ON-KAYIT v0.8 (capa 7); 00-on-kayit/ON-KAYIT-TASLAK.md:881): "V+: tek geçerli klasik imza → KABUL; V−: bozuk imza → RED" | [T315] RFC7515 §5.2 (RFC 7515; metin/RFC7515.txt:815): "at least one JWS Signature value MUST successfully validate, or the JWS MUST be considered invalid"	insa: ML-DSA-65-ES256=geçersiz || ECDSA bileşeni bozuk; composite AND gereği geçersiz
CMP02_ecdsa_bileseni_bozuk	IZIN-A	tedavi-composite	birincil	K7	reject	[T327] JWTBCP §3.1 (draft-ietf-oauth-rfc8725bis-10; metin/JWTBCP.txt:464): "MUST NOT employ any algorithms outside this configured set" | [T315] RFC7515 §5.2 (RFC 7515; metin/RFC7515.txt:815): "at least one JWS Signature value MUST successfully validate, or the JWS MUST be considered invalid" | ÖK §4.13 L1 (ON-KAYIT v0.8 (capa 7); 00-on-kayit/ON-KAYIT-TASLAK.md:841): "Doğrulayıcı genelinde izin listesi; izinsiz algoritma reddediliyor"	insa: ML-DSA-65-ES256=geçersiz || alg ML-DSA-65-ES256 izin kümesi W=['ES256'] dışında
CMP02_ecdsa_bileseni_bozuk	IZIN-AX	tedavi-composite	birincil	K7	reject	[T345] JOSECOMP §4.3 (draft-ietf-jose-pq-composite-sigs-04; metin/JOSECOMP.txt:452): "The Verify algorithm MUST validate a signature only if all component signatures were successfully validated." | ÖK §4.13 L1 (ON-KAYIT v0.8 (capa 7); 00-on-kayit/ON-KAYIT-TASLAK.md:841): "Doğrulayıcı genelinde izin listesi; izinsiz algoritma reddediliyor" | [T327] JWTBCP §3.1 (draft-ietf-oauth-rfc8725bis-10; metin/JWTBCP.txt:464): "MUST NOT employ any algorithms outside this configured set"	insa: ML-DSA-65-ES256=geçersiz || ECDSA bileşeni bozuk; composite AND gereği geçersiz
CMP02_ecdsa_bileseni_bozuk	L4	tedavi-composite	birincil	K7	reject	ÖK §6.5 (ON-KAYIT v0.8 (capa 7); 00-on-kayit/ON-KAYIT-TASLAK.md:1054): "İhraççı başına gerekli küme R = {X}, izinli küme {A, X}." | [T328] JWTBCP §3.1 (draft-ietf-oauth-rfc8725bis-10; metin/JWTBCP.txt:482): "it MUST determine which algorithms are permitted for itself and that issuer and ensure that the received JWT complies with those requirements" | ÖK §4.7 G5 (ON-KAYIT v0.8 (capa 7); 00-on-kayit/ON-KAYIT-TASLAK.md:767): "Göç etmiş bir varlık, ilan ettiği eski-sürüm penceresi dışında yalnız klasik kanıtla kabul edilemez." | JWTBCP §3.3 (draft-ietf-oauth-rfc8725bis-10; metin/JWTBCP.txt:566): "the entire JWT MUST be rejected if any of them fail to validate" | [T345] JOSECOMP §4.3 (draft-ietf-jose-pq-composite-sigs-04; metin/JOSECOMP.txt:452): "The Verify algorithm MUST validate a signature only if all component signatures were successfully validated." | ÖK §6.5 K7 (ON-KAYIT v0.8 (capa 7); 00-on-kayit/ON-KAYIT-TASLAK.md:1064): "Composite etiketli, bileşeni bozuk | RED" | ÖK §4.13 L4 (ON-KAYIT v0.8 (capa 7); 00-on-kayit/ON-KAYIT-TASLAK.md:844): "Yapılandırılmış hâlde K1 KABUL, K2 RED, K3 RED (§6.5)"	insa: ML-DSA-65-ES256=geçersiz || W içinde geçersiz imza: ML-DSA-65-ES256: ECDSA bileşeni bozuk; composite AND gereği geçersiz
CMP02_ecdsa_bileseni_bozuk	L4-S	tedavi-composite	birincil	K7	reject	ÖK §6.5 (ON-KAYIT v0.8 (capa 7); 00-on-kayit/ON-KAYIT-TASLAK.md:1054): "İhraççı başına gerekli küme R = {X}, izinli küme {A, X}." | [T328] JWTBCP §3.1 (draft-ietf-oauth-rfc8725bis-10; metin/JWTBCP.txt:482): "it MUST determine which algorithms are permitted for itself and that issuer and ensure that the received JWT complies with those requirements" | ÖK §4.7 G5 (ON-KAYIT v0.8 (capa 7); 00-on-kayit/ON-KAYIT-TASLAK.md:767): "Göç etmiş bir varlık, ilan ettiği eski-sürüm penceresi dışında yalnız klasik kanıtla kabul edilemez." | JWTBCP §3.3 (draft-ietf-oauth-rfc8725bis-10; metin/JWTBCP.txt:566): "the entire JWT MUST be rejected if any of them fail to validate" | [T345] JOSECOMP §4.3 (draft-ietf-jose-pq-composite-sigs-04; metin/JOSECOMP.txt:452): "The Verify algorithm MUST validate a signature only if all component signatures were successfully validated." | ÖK §6.5 K7 (ON-KAYIT v0.8 (capa 7); 00-on-kayit/ON-KAYIT-TASLAK.md:1064): "Composite etiketli, bileşeni bozuk | RED" | ÖK §4.8 P3 (ON-KAYIT v0.8 (capa 7); 00-on-kayit/ON-KAYIT-TASLAK.md:778): "P2 + ihraççı başına gerekli küme R_I"	insa: ML-DSA-65-ES256=geçersiz || W içinde geçersiz imza: ML-DSA-65-ES256: ECDSA bileşeni bozuk; composite AND gereği geçersiz
CMP02_ecdsa_bileseni_bozuk	L4-Y	tedavi-composite	birincil	K7	reject	ÖK §6.5 (ON-KAYIT v0.8 (capa 7); 00-on-kayit/ON-KAYIT-TASLAK.md:1054): "İhraççı başına gerekli küme R = {X}, izinli küme {A, X}." | [T328] JWTBCP §3.1 (draft-ietf-oauth-rfc8725bis-10; metin/JWTBCP.txt:482): "it MUST determine which algorithms are permitted for itself and that issuer and ensure that the received JWT complies with those requirements" | ÖK §4.7 G5 (ON-KAYIT v0.8 (capa 7); 00-on-kayit/ON-KAYIT-TASLAK.md:767): "Göç etmiş bir varlık, ilan ettiği eski-sürüm penceresi dışında yalnız klasik kanıtla kabul edilemez." | JWTBCP §3.3 (draft-ietf-oauth-rfc8725bis-10; metin/JWTBCP.txt:566): "the entire JWT MUST be rejected if any of them fail to validate" | [T345] JOSECOMP §4.3 (draft-ietf-jose-pq-composite-sigs-04; metin/JOSECOMP.txt:452): "The Verify algorithm MUST validate a signature only if all component signatures were successfully validated." | ÖK §6.5 K7 (ON-KAYIT v0.8 (capa 7); 00-on-kayit/ON-KAYIT-TASLAK.md:1064): "Composite etiketli, bileşeni bozuk | RED" | [T314] RFC7515 §5.2 (RFC 7515; metin/RFC7515.txt:810): "When there are multiple JWS Signature values, it is an application decision which of the JWS Signature values must successfully validate for the JWS to be accepted."	insa: ML-DSA-65-ES256=geçersiz || W içinde geçersiz imza: ML-DSA-65-ES256: ECDSA bileşeni bozuk; composite AND gereği geçersiz
CMP03_ecdsa_der_uzunluk_bozuk	GEC	tedavi-composite	ikincil	K7(ikincil)	reject	JOSECOMP §4.2 (draft-ietf-jose-pq-composite-sigs-04; metin/JOSECOMP.txt:408): "the ECDSA signature is encoded as an Ecdsa-Sig-Value" | JOSECOMP §4.3 (draft-ietf-jose-pq-composite-sigs-04; metin/JOSECOMP.txt:489): "If Error during deserialization, or if any of the component keys or signature values are not of the correct type or length for the given component algorithm then output "Invalid signature" and stop." | LAMPSCOMP §4.3 (draft-ietf-lamps-pq-composite-sigs-19; metin/LAMPSCOMP.txt:1300): "Deserialization reverses this process, raising an error in the event that the input is malformed." | ÖK §4.15 (ON-KAYIT v0.8 (capa 7); 00-on-kayit/ON-KAYIT-TASLAK.md:881): "V+: tek geçerli klasik imza → KABUL; V−: bozuk imza → RED" | [T315] RFC7515 §5.2 (RFC 7515; metin/RFC7515.txt:815): "at least one JWS Signature value MUST successfully validate, or the JWS MUST be considered invalid"	insa: ML-DSA-65-ES256=geçersiz || ECDSA bileşeni Ecdsa-Sig-Value olarak çözülemez
CMP03_ecdsa_der_uzunluk_bozuk	IZIN-A	tedavi-composite	ikincil	K7(ikincil)	reject	[T327] JWTBCP §3.1 (draft-ietf-oauth-rfc8725bis-10; metin/JWTBCP.txt:464): "MUST NOT employ any algorithms outside this configured set" | [T315] RFC7515 §5.2 (RFC 7515; metin/RFC7515.txt:815): "at least one JWS Signature value MUST successfully validate, or the JWS MUST be considered invalid" | ÖK §4.13 L1 (ON-KAYIT v0.8 (capa 7); 00-on-kayit/ON-KAYIT-TASLAK.md:841): "Doğrulayıcı genelinde izin listesi; izinsiz algoritma reddediliyor"	insa: ML-DSA-65-ES256=geçersiz || alg ML-DSA-65-ES256 izin kümesi W=['ES256'] dışında
CMP03_ecdsa_der_uzunluk_bozuk	IZIN-AX	tedavi-composite	ikincil	K7(ikincil)	reject	JOSECOMP §4.2 (draft-ietf-jose-pq-composite-sigs-04; metin/JOSECOMP.txt:408): "the ECDSA signature is encoded as an Ecdsa-Sig-Value" | JOSECOMP §4.3 (draft-ietf-jose-pq-composite-sigs-04; metin/JOSECOMP.txt:489): "If Error during deserialization, or if any of the component keys or signature values are not of the correct type or length for the given component algorithm then output "Invalid signature" and stop." | LAMPSCOMP §4.3 (draft-ietf-lamps-pq-composite-sigs-19; metin/LAMPSCOMP.txt:1300): "Deserialization reverses this process, raising an error in the event that the input is malformed." | ÖK §4.13 L1 (ON-KAYIT v0.8 (capa 7); 00-on-kayit/ON-KAYIT-TASLAK.md:841): "Doğrulayıcı genelinde izin listesi; izinsiz algoritma reddediliyor" | [T327] JWTBCP §3.1 (draft-ietf-oauth-rfc8725bis-10; metin/JWTBCP.txt:464): "MUST NOT employ any algorithms outside this configured set"	insa: ML-DSA-65-ES256=geçersiz || ECDSA bileşeni Ecdsa-Sig-Value olarak çözülemez
CMP03_ecdsa_der_uzunluk_bozuk	L4	tedavi-composite	ikincil	K7(ikincil)	reject	ÖK §6.5 (ON-KAYIT v0.8 (capa 7); 00-on-kayit/ON-KAYIT-TASLAK.md:1054): "İhraççı başına gerekli küme R = {X}, izinli küme {A, X}." | [T328] JWTBCP §3.1 (draft-ietf-oauth-rfc8725bis-10; metin/JWTBCP.txt:482): "it MUST determine which algorithms are permitted for itself and that issuer and ensure that the received JWT complies with those requirements" | ÖK §4.7 G5 (ON-KAYIT v0.8 (capa 7); 00-on-kayit/ON-KAYIT-TASLAK.md:767): "Göç etmiş bir varlık, ilan ettiği eski-sürüm penceresi dışında yalnız klasik kanıtla kabul edilemez." | JWTBCP §3.3 (draft-ietf-oauth-rfc8725bis-10; metin/JWTBCP.txt:566): "the entire JWT MUST be rejected if any of them fail to validate" | JOSECOMP §4.2 (draft-ietf-jose-pq-composite-sigs-04; metin/JOSECOMP.txt:408): "the ECDSA signature is encoded as an Ecdsa-Sig-Value" | JOSECOMP §4.3 (draft-ietf-jose-pq-composite-sigs-04; metin/JOSECOMP.txt:489): "If Error during deserialization, or if any of the component keys or signature values are not of the correct type or length for the given component algorithm then output "Invalid signature" and stop." | LAMPSCOMP §4.3 (draft-ietf-lamps-pq-composite-sigs-19; metin/LAMPSCOMP.txt:1300): "Deserialization reverses this process, raising an error in the event that the input is malformed." | ÖK §6.5 K7 (ON-KAYIT v0.8 (capa 7); 00-on-kayit/ON-KAYIT-TASLAK.md:1064): "Composite etiketli, bileşeni bozuk | RED" | ÖK §4.13 L4 (ON-KAYIT v0.8 (capa 7); 00-on-kayit/ON-KAYIT-TASLAK.md:844): "Yapılandırılmış hâlde K1 KABUL, K2 RED, K3 RED (§6.5)"	insa: ML-DSA-65-ES256=geçersiz || W içinde geçersiz imza: ML-DSA-65-ES256: ECDSA bileşeni Ecdsa-Sig-Value olarak çözülemez
CMP03_ecdsa_der_uzunluk_bozuk	L4-S	tedavi-composite	ikincil	K7(ikincil)	reject	ÖK §6.5 (ON-KAYIT v0.8 (capa 7); 00-on-kayit/ON-KAYIT-TASLAK.md:1054): "İhraççı başına gerekli küme R = {X}, izinli küme {A, X}." | [T328] JWTBCP §3.1 (draft-ietf-oauth-rfc8725bis-10; metin/JWTBCP.txt:482): "it MUST determine which algorithms are permitted for itself and that issuer and ensure that the received JWT complies with those requirements" | ÖK §4.7 G5 (ON-KAYIT v0.8 (capa 7); 00-on-kayit/ON-KAYIT-TASLAK.md:767): "Göç etmiş bir varlık, ilan ettiği eski-sürüm penceresi dışında yalnız klasik kanıtla kabul edilemez." | JWTBCP §3.3 (draft-ietf-oauth-rfc8725bis-10; metin/JWTBCP.txt:566): "the entire JWT MUST be rejected if any of them fail to validate" | JOSECOMP §4.2 (draft-ietf-jose-pq-composite-sigs-04; metin/JOSECOMP.txt:408): "the ECDSA signature is encoded as an Ecdsa-Sig-Value" | JOSECOMP §4.3 (draft-ietf-jose-pq-composite-sigs-04; metin/JOSECOMP.txt:489): "If Error during deserialization, or if any of the component keys or signature values are not of the correct type or length for the given component algorithm then output "Invalid signature" and stop." | LAMPSCOMP §4.3 (draft-ietf-lamps-pq-composite-sigs-19; metin/LAMPSCOMP.txt:1300): "Deserialization reverses this process, raising an error in the event that the input is malformed." | ÖK §6.5 K7 (ON-KAYIT v0.8 (capa 7); 00-on-kayit/ON-KAYIT-TASLAK.md:1064): "Composite etiketli, bileşeni bozuk | RED" | ÖK §4.8 P3 (ON-KAYIT v0.8 (capa 7); 00-on-kayit/ON-KAYIT-TASLAK.md:778): "P2 + ihraççı başına gerekli küme R_I"	insa: ML-DSA-65-ES256=geçersiz || W içinde geçersiz imza: ML-DSA-65-ES256: ECDSA bileşeni Ecdsa-Sig-Value olarak çözülemez
CMP03_ecdsa_der_uzunluk_bozuk	L4-Y	tedavi-composite	ikincil	K7(ikincil)	reject	ÖK §6.5 (ON-KAYIT v0.8 (capa 7); 00-on-kayit/ON-KAYIT-TASLAK.md:1054): "İhraççı başına gerekli küme R = {X}, izinli küme {A, X}." | [T328] JWTBCP §3.1 (draft-ietf-oauth-rfc8725bis-10; metin/JWTBCP.txt:482): "it MUST determine which algorithms are permitted for itself and that issuer and ensure that the received JWT complies with those requirements" | ÖK §4.7 G5 (ON-KAYIT v0.8 (capa 7); 00-on-kayit/ON-KAYIT-TASLAK.md:767): "Göç etmiş bir varlık, ilan ettiği eski-sürüm penceresi dışında yalnız klasik kanıtla kabul edilemez." | JWTBCP §3.3 (draft-ietf-oauth-rfc8725bis-10; metin/JWTBCP.txt:566): "the entire JWT MUST be rejected if any of them fail to validate" | JOSECOMP §4.2 (draft-ietf-jose-pq-composite-sigs-04; metin/JOSECOMP.txt:408): "the ECDSA signature is encoded as an Ecdsa-Sig-Value" | JOSECOMP §4.3 (draft-ietf-jose-pq-composite-sigs-04; metin/JOSECOMP.txt:489): "If Error during deserialization, or if any of the component keys or signature values are not of the correct type or length for the given component algorithm then output "Invalid signature" and stop." | LAMPSCOMP §4.3 (draft-ietf-lamps-pq-composite-sigs-19; metin/LAMPSCOMP.txt:1300): "Deserialization reverses this process, raising an error in the event that the input is malformed." | ÖK §6.5 K7 (ON-KAYIT v0.8 (capa 7); 00-on-kayit/ON-KAYIT-TASLAK.md:1064): "Composite etiketli, bileşeni bozuk | RED" | [T314] RFC7515 §5.2 (RFC 7515; metin/RFC7515.txt:810): "When there are multiple JWS Signature values, it is an application decision which of the JWS Signature values must successfully validate for the JWS to be accepted."	insa: ML-DSA-65-ES256=geçersiz || W içinde geçersiz imza: ML-DSA-65-ES256: ECDSA bileşeni Ecdsa-Sig-Value olarak çözülemez
CMP04_ecdsa_ham_rs	GEC	tedavi-composite	ikincil	K7(ikincil)	reject	JOSECOMP §4.2 (draft-ietf-jose-pq-composite-sigs-04; metin/JOSECOMP.txt:408): "the ECDSA signature is encoded as an Ecdsa-Sig-Value" | JOSECOMP §4.3 (draft-ietf-jose-pq-composite-sigs-04; metin/JOSECOMP.txt:489): "If Error during deserialization, or if any of the component keys or signature values are not of the correct type or length for the given component algorithm then output "Invalid signature" and stop." | LAMPSCOMP §4.3 (draft-ietf-lamps-pq-composite-sigs-19; metin/LAMPSCOMP.txt:1300): "Deserialization reverses this process, raising an error in the event that the input is malformed." | ÖK §4.15 (ON-KAYIT v0.8 (capa 7); 00-on-kayit/ON-KAYIT-TASLAK.md:881): "V+: tek geçerli klasik imza → KABUL; V−: bozuk imza → RED" | [T315] RFC7515 §5.2 (RFC 7515; metin/RFC7515.txt:815): "at least one JWS Signature value MUST successfully validate, or the JWS MUST be considered invalid"	insa: ML-DSA-65-ES256=geçersiz || ECDSA bileşeni DER Ecdsa-Sig-Value değil (ham r||s)
CMP04_ecdsa_ham_rs	IZIN-A	tedavi-composite	ikincil	K7(ikincil)	reject	[T327] JWTBCP §3.1 (draft-ietf-oauth-rfc8725bis-10; metin/JWTBCP.txt:464): "MUST NOT employ any algorithms outside this configured set" | [T315] RFC7515 §5.2 (RFC 7515; metin/RFC7515.txt:815): "at least one JWS Signature value MUST successfully validate, or the JWS MUST be considered invalid" | ÖK §4.13 L1 (ON-KAYIT v0.8 (capa 7); 00-on-kayit/ON-KAYIT-TASLAK.md:841): "Doğrulayıcı genelinde izin listesi; izinsiz algoritma reddediliyor"	insa: ML-DSA-65-ES256=geçersiz || alg ML-DSA-65-ES256 izin kümesi W=['ES256'] dışında
CMP04_ecdsa_ham_rs	IZIN-AX	tedavi-composite	ikincil	K7(ikincil)	reject	JOSECOMP §4.2 (draft-ietf-jose-pq-composite-sigs-04; metin/JOSECOMP.txt:408): "the ECDSA signature is encoded as an Ecdsa-Sig-Value" | JOSECOMP §4.3 (draft-ietf-jose-pq-composite-sigs-04; metin/JOSECOMP.txt:489): "If Error during deserialization, or if any of the component keys or signature values are not of the correct type or length for the given component algorithm then output "Invalid signature" and stop." | LAMPSCOMP §4.3 (draft-ietf-lamps-pq-composite-sigs-19; metin/LAMPSCOMP.txt:1300): "Deserialization reverses this process, raising an error in the event that the input is malformed." | ÖK §4.13 L1 (ON-KAYIT v0.8 (capa 7); 00-on-kayit/ON-KAYIT-TASLAK.md:841): "Doğrulayıcı genelinde izin listesi; izinsiz algoritma reddediliyor" | [T327] JWTBCP §3.1 (draft-ietf-oauth-rfc8725bis-10; metin/JWTBCP.txt:464): "MUST NOT employ any algorithms outside this configured set"	insa: ML-DSA-65-ES256=geçersiz || ECDSA bileşeni DER Ecdsa-Sig-Value değil (ham r||s)
CMP04_ecdsa_ham_rs	L4	tedavi-composite	ikincil	K7(ikincil)	reject	ÖK §6.5 (ON-KAYIT v0.8 (capa 7); 00-on-kayit/ON-KAYIT-TASLAK.md:1054): "İhraççı başına gerekli küme R = {X}, izinli küme {A, X}." | [T328] JWTBCP §3.1 (draft-ietf-oauth-rfc8725bis-10; metin/JWTBCP.txt:482): "it MUST determine which algorithms are permitted for itself and that issuer and ensure that the received JWT complies with those requirements" | ÖK §4.7 G5 (ON-KAYIT v0.8 (capa 7); 00-on-kayit/ON-KAYIT-TASLAK.md:767): "Göç etmiş bir varlık, ilan ettiği eski-sürüm penceresi dışında yalnız klasik kanıtla kabul edilemez." | JWTBCP §3.3 (draft-ietf-oauth-rfc8725bis-10; metin/JWTBCP.txt:566): "the entire JWT MUST be rejected if any of them fail to validate" | JOSECOMP §4.2 (draft-ietf-jose-pq-composite-sigs-04; metin/JOSECOMP.txt:408): "the ECDSA signature is encoded as an Ecdsa-Sig-Value" | JOSECOMP §4.3 (draft-ietf-jose-pq-composite-sigs-04; metin/JOSECOMP.txt:489): "If Error during deserialization, or if any of the component keys or signature values are not of the correct type or length for the given component algorithm then output "Invalid signature" and stop." | LAMPSCOMP §4.3 (draft-ietf-lamps-pq-composite-sigs-19; metin/LAMPSCOMP.txt:1300): "Deserialization reverses this process, raising an error in the event that the input is malformed." | ÖK §6.5 K7 (ON-KAYIT v0.8 (capa 7); 00-on-kayit/ON-KAYIT-TASLAK.md:1064): "Composite etiketli, bileşeni bozuk | RED" | ÖK §4.13 L4 (ON-KAYIT v0.8 (capa 7); 00-on-kayit/ON-KAYIT-TASLAK.md:844): "Yapılandırılmış hâlde K1 KABUL, K2 RED, K3 RED (§6.5)"	insa: ML-DSA-65-ES256=geçersiz || W içinde geçersiz imza: ML-DSA-65-ES256: ECDSA bileşeni DER Ecdsa-Sig-Value değil (ham r||s)
CMP04_ecdsa_ham_rs	L4-S	tedavi-composite	ikincil	K7(ikincil)	reject	ÖK §6.5 (ON-KAYIT v0.8 (capa 7); 00-on-kayit/ON-KAYIT-TASLAK.md:1054): "İhraççı başına gerekli küme R = {X}, izinli küme {A, X}." | [T328] JWTBCP §3.1 (draft-ietf-oauth-rfc8725bis-10; metin/JWTBCP.txt:482): "it MUST determine which algorithms are permitted for itself and that issuer and ensure that the received JWT complies with those requirements" | ÖK §4.7 G5 (ON-KAYIT v0.8 (capa 7); 00-on-kayit/ON-KAYIT-TASLAK.md:767): "Göç etmiş bir varlık, ilan ettiği eski-sürüm penceresi dışında yalnız klasik kanıtla kabul edilemez." | JWTBCP §3.3 (draft-ietf-oauth-rfc8725bis-10; metin/JWTBCP.txt:566): "the entire JWT MUST be rejected if any of them fail to validate" | JOSECOMP §4.2 (draft-ietf-jose-pq-composite-sigs-04; metin/JOSECOMP.txt:408): "the ECDSA signature is encoded as an Ecdsa-Sig-Value" | JOSECOMP §4.3 (draft-ietf-jose-pq-composite-sigs-04; metin/JOSECOMP.txt:489): "If Error during deserialization, or if any of the component keys or signature values are not of the correct type or length for the given component algorithm then output "Invalid signature" and stop." | LAMPSCOMP §4.3 (draft-ietf-lamps-pq-composite-sigs-19; metin/LAMPSCOMP.txt:1300): "Deserialization reverses this process, raising an error in the event that the input is malformed." | ÖK §6.5 K7 (ON-KAYIT v0.8 (capa 7); 00-on-kayit/ON-KAYIT-TASLAK.md:1064): "Composite etiketli, bileşeni bozuk | RED" | ÖK §4.8 P3 (ON-KAYIT v0.8 (capa 7); 00-on-kayit/ON-KAYIT-TASLAK.md:778): "P2 + ihraççı başına gerekli küme R_I"	insa: ML-DSA-65-ES256=geçersiz || W içinde geçersiz imza: ML-DSA-65-ES256: ECDSA bileşeni DER Ecdsa-Sig-Value değil (ham r||s)
CMP04_ecdsa_ham_rs	L4-Y	tedavi-composite	ikincil	K7(ikincil)	reject	ÖK §6.5 (ON-KAYIT v0.8 (capa 7); 00-on-kayit/ON-KAYIT-TASLAK.md:1054): "İhraççı başına gerekli küme R = {X}, izinli küme {A, X}." | [T328] JWTBCP §3.1 (draft-ietf-oauth-rfc8725bis-10; metin/JWTBCP.txt:482): "it MUST determine which algorithms are permitted for itself and that issuer and ensure that the received JWT complies with those requirements" | ÖK §4.7 G5 (ON-KAYIT v0.8 (capa 7); 00-on-kayit/ON-KAYIT-TASLAK.md:767): "Göç etmiş bir varlık, ilan ettiği eski-sürüm penceresi dışında yalnız klasik kanıtla kabul edilemez." | JWTBCP §3.3 (draft-ietf-oauth-rfc8725bis-10; metin/JWTBCP.txt:566): "the entire JWT MUST be rejected if any of them fail to validate" | JOSECOMP §4.2 (draft-ietf-jose-pq-composite-sigs-04; metin/JOSECOMP.txt:408): "the ECDSA signature is encoded as an Ecdsa-Sig-Value" | JOSECOMP §4.3 (draft-ietf-jose-pq-composite-sigs-04; metin/JOSECOMP.txt:489): "If Error during deserialization, or if any of the component keys or signature values are not of the correct type or length for the given component algorithm then output "Invalid signature" and stop." | LAMPSCOMP §4.3 (draft-ietf-lamps-pq-composite-sigs-19; metin/LAMPSCOMP.txt:1300): "Deserialization reverses this process, raising an error in the event that the input is malformed." | ÖK §6.5 K7 (ON-KAYIT v0.8 (capa 7); 00-on-kayit/ON-KAYIT-TASLAK.md:1064): "Composite etiketli, bileşeni bozuk | RED" | [T314] RFC7515 §5.2 (RFC 7515; metin/RFC7515.txt:810): "When there are multiple JWS Signature values, it is an application decision which of the JWS Signature values must successfully validate for the JWS to be accepted."	insa: ML-DSA-65-ES256=geçersiz || W içinde geçersiz imza: ML-DSA-65-ES256: ECDSA bileşeni DER Ecdsa-Sig-Value değil (ham r||s)
CMP05_ecdsa_asgari_olmayan_der	GEC	tedavi-composite	ikincil	K7(ikincil)	indeterminate	JOSECOMP §4.2 (draft-ietf-jose-pq-composite-sigs-04; metin/JOSECOMP.txt:408): "the ECDSA signature is encoded as an Ecdsa-Sig-Value" | JOSECOMP §4.5.1 (draft-ietf-jose-pq-composite-sigs-04; metin/JOSECOMP.txt:606): "Decoding simply reverses these two steps." | LAMPSCOMP §4.3 (draft-ietf-lamps-pq-composite-sigs-19; metin/LAMPSCOMP.txt:1300): "Deserialization reverses this process, raising an error in the event that the input is malformed." | ÖK §4.15 (ON-KAYIT v0.8 (capa 7); 00-on-kayit/ON-KAYIT-TASLAK.md:881): "V+: tek geçerli klasik imza → KABUL; V−: bozuk imza → RED" | [T315] RFC7515 §5.2 (RFC 7515; metin/RFC7515.txt:815): "at least one JWS Signature value MUST successfully validate, or the JWS MUST be considered invalid"	insa: ML-DSA-65-ES256=belirsiz || asgari olmayan DER: -04 §4.5.1 "çözme adımları tersine çevirir" der, katı DER reddi yazılı değil
CMP05_ecdsa_asgari_olmayan_der	IZIN-A	tedavi-composite	ikincil	K7(ikincil)	reject	[T327] JWTBCP §3.1 (draft-ietf-oauth-rfc8725bis-10; metin/JWTBCP.txt:464): "MUST NOT employ any algorithms outside this configured set" | [T315] RFC7515 §5.2 (RFC 7515; metin/RFC7515.txt:815): "at least one JWS Signature value MUST successfully validate, or the JWS MUST be considered invalid" | ÖK §4.13 L1 (ON-KAYIT v0.8 (capa 7); 00-on-kayit/ON-KAYIT-TASLAK.md:841): "Doğrulayıcı genelinde izin listesi; izinsiz algoritma reddediliyor"	insa: ML-DSA-65-ES256=belirsiz || alg ML-DSA-65-ES256 izin kümesi W=['ES256'] dışında
CMP05_ecdsa_asgari_olmayan_der	IZIN-AX	tedavi-composite	ikincil	K7(ikincil)	indeterminate	JOSECOMP §4.2 (draft-ietf-jose-pq-composite-sigs-04; metin/JOSECOMP.txt:408): "the ECDSA signature is encoded as an Ecdsa-Sig-Value" | JOSECOMP §4.5.1 (draft-ietf-jose-pq-composite-sigs-04; metin/JOSECOMP.txt:606): "Decoding simply reverses these two steps." | LAMPSCOMP §4.3 (draft-ietf-lamps-pq-composite-sigs-19; metin/LAMPSCOMP.txt:1300): "Deserialization reverses this process, raising an error in the event that the input is malformed." | ÖK §4.13 L1 (ON-KAYIT v0.8 (capa 7); 00-on-kayit/ON-KAYIT-TASLAK.md:841): "Doğrulayıcı genelinde izin listesi; izinsiz algoritma reddediliyor" | [T327] JWTBCP §3.1 (draft-ietf-oauth-rfc8725bis-10; metin/JWTBCP.txt:464): "MUST NOT employ any algorithms outside this configured set"	insa: ML-DSA-65-ES256=belirsiz || asgari olmayan DER: -04 §4.5.1 "çözme adımları tersine çevirir" der, katı DER reddi yazılı değil
CMP05_ecdsa_asgari_olmayan_der	L4	tedavi-composite	ikincil	K7(ikincil)	indeterminate	ÖK §6.5 (ON-KAYIT v0.8 (capa 7); 00-on-kayit/ON-KAYIT-TASLAK.md:1054): "İhraççı başına gerekli küme R = {X}, izinli küme {A, X}." | [T328] JWTBCP §3.1 (draft-ietf-oauth-rfc8725bis-10; metin/JWTBCP.txt:482): "it MUST determine which algorithms are permitted for itself and that issuer and ensure that the received JWT complies with those requirements" | ÖK §4.7 G5 (ON-KAYIT v0.8 (capa 7); 00-on-kayit/ON-KAYIT-TASLAK.md:767): "Göç etmiş bir varlık, ilan ettiği eski-sürüm penceresi dışında yalnız klasik kanıtla kabul edilemez." | JOSECOMP §4.2 (draft-ietf-jose-pq-composite-sigs-04; metin/JOSECOMP.txt:408): "the ECDSA signature is encoded as an Ecdsa-Sig-Value" | JOSECOMP §4.5.1 (draft-ietf-jose-pq-composite-sigs-04; metin/JOSECOMP.txt:606): "Decoding simply reverses these two steps." | LAMPSCOMP §4.3 (draft-ietf-lamps-pq-composite-sigs-19; metin/LAMPSCOMP.txt:1300): "Deserialization reverses this process, raising an error in the event that the input is malformed." | ÖK §6.5 K7 (ON-KAYIT v0.8 (capa 7); 00-on-kayit/ON-KAYIT-TASLAK.md:1064): "Composite etiketli, bileşeni bozuk | RED" | ÖK §4.13 L4 (ON-KAYIT v0.8 (capa 7); 00-on-kayit/ON-KAYIT-TASLAK.md:844): "Yapılandırılmış hâlde K1 KABUL, K2 RED, K3 RED (§6.5)"	insa: ML-DSA-65-ES256=belirsiz || asgari olmayan DER: -04 §4.5.1 "çözme adımları tersine çevirir" der, katı DER reddi yazılı değil
CMP05_ecdsa_asgari_olmayan_der	L4-S	tedavi-composite	ikincil	K7(ikincil)	indeterminate	ÖK §6.5 (ON-KAYIT v0.8 (capa 7); 00-on-kayit/ON-KAYIT-TASLAK.md:1054): "İhraççı başına gerekli küme R = {X}, izinli küme {A, X}." | [T328] JWTBCP §3.1 (draft-ietf-oauth-rfc8725bis-10; metin/JWTBCP.txt:482): "it MUST determine which algorithms are permitted for itself and that issuer and ensure that the received JWT complies with those requirements" | ÖK §4.7 G5 (ON-KAYIT v0.8 (capa 7); 00-on-kayit/ON-KAYIT-TASLAK.md:767): "Göç etmiş bir varlık, ilan ettiği eski-sürüm penceresi dışında yalnız klasik kanıtla kabul edilemez." | JOSECOMP §4.2 (draft-ietf-jose-pq-composite-sigs-04; metin/JOSECOMP.txt:408): "the ECDSA signature is encoded as an Ecdsa-Sig-Value" | JOSECOMP §4.5.1 (draft-ietf-jose-pq-composite-sigs-04; metin/JOSECOMP.txt:606): "Decoding simply reverses these two steps." | LAMPSCOMP §4.3 (draft-ietf-lamps-pq-composite-sigs-19; metin/LAMPSCOMP.txt:1300): "Deserialization reverses this process, raising an error in the event that the input is malformed." | ÖK §6.5 K7 (ON-KAYIT v0.8 (capa 7); 00-on-kayit/ON-KAYIT-TASLAK.md:1064): "Composite etiketli, bileşeni bozuk | RED" | ÖK §4.8 P3 (ON-KAYIT v0.8 (capa 7); 00-on-kayit/ON-KAYIT-TASLAK.md:778): "P2 + ihraççı başına gerekli küme R_I"	insa: ML-DSA-65-ES256=belirsiz || asgari olmayan DER: -04 §4.5.1 "çözme adımları tersine çevirir" der, katı DER reddi yazılı değil
CMP05_ecdsa_asgari_olmayan_der	L4-Y	tedavi-composite	ikincil	K7(ikincil)	indeterminate	ÖK §6.5 (ON-KAYIT v0.8 (capa 7); 00-on-kayit/ON-KAYIT-TASLAK.md:1054): "İhraççı başına gerekli küme R = {X}, izinli küme {A, X}." | [T328] JWTBCP §3.1 (draft-ietf-oauth-rfc8725bis-10; metin/JWTBCP.txt:482): "it MUST determine which algorithms are permitted for itself and that issuer and ensure that the received JWT complies with those requirements" | ÖK §4.7 G5 (ON-KAYIT v0.8 (capa 7); 00-on-kayit/ON-KAYIT-TASLAK.md:767): "Göç etmiş bir varlık, ilan ettiği eski-sürüm penceresi dışında yalnız klasik kanıtla kabul edilemez." | JOSECOMP §4.2 (draft-ietf-jose-pq-composite-sigs-04; metin/JOSECOMP.txt:408): "the ECDSA signature is encoded as an Ecdsa-Sig-Value" | JOSECOMP §4.5.1 (draft-ietf-jose-pq-composite-sigs-04; metin/JOSECOMP.txt:606): "Decoding simply reverses these two steps." | LAMPSCOMP §4.3 (draft-ietf-lamps-pq-composite-sigs-19; metin/LAMPSCOMP.txt:1300): "Deserialization reverses this process, raising an error in the event that the input is malformed." | ÖK §6.5 K7 (ON-KAYIT v0.8 (capa 7); 00-on-kayit/ON-KAYIT-TASLAK.md:1064): "Composite etiketli, bileşeni bozuk | RED" | [T314] RFC7515 §5.2 (RFC 7515; metin/RFC7515.txt:810): "When there are multiple JWS Signature values, it is an application decision which of the JWS Signature values must successfully validate for the JWS to be accepted."	insa: ML-DSA-65-ES256=belirsiz || asgari olmayan DER: -04 §4.5.1 "çözme adımları tersine çevirir" der, katı DER reddi yazılı değil
CMP06_sonda_artik_bayt	GEC	tedavi-composite	ikincil	K7(ikincil)	indeterminate	JOSECOMP §4.2 (draft-ietf-jose-pq-composite-sigs-04; metin/JOSECOMP.txt:408): "the ECDSA signature is encoded as an Ecdsa-Sig-Value" | JOSECOMP §4.5.1 (draft-ietf-jose-pq-composite-sigs-04; metin/JOSECOMP.txt:606): "Decoding simply reverses these two steps." | LAMPSCOMP §4.3 (draft-ietf-lamps-pq-composite-sigs-19; metin/LAMPSCOMP.txt:1300): "Deserialization reverses this process, raising an error in the event that the input is malformed." | ÖK §4.15 (ON-KAYIT v0.8 (capa 7); 00-on-kayit/ON-KAYIT-TASLAK.md:881): "V+: tek geçerli klasik imza → KABUL; V−: bozuk imza → RED" | [T315] RFC7515 §5.2 (RFC 7515; metin/RFC7515.txt:815): "at least one JWS Signature value MUST successfully validate, or the JWS MUST be considered invalid"	insa: ML-DSA-65-ES256=belirsiz || Ecdsa-Sig-Value sonrası artık bayt: "malformed" tanımsız; katı ayrıştırıcı reddeder, gevşek ayrıştırıcı kabul eder
CMP06_sonda_artik_bayt	IZIN-A	tedavi-composite	ikincil	K7(ikincil)	reject	[T327] JWTBCP §3.1 (draft-ietf-oauth-rfc8725bis-10; metin/JWTBCP.txt:464): "MUST NOT employ any algorithms outside this configured set" | [T315] RFC7515 §5.2 (RFC 7515; metin/RFC7515.txt:815): "at least one JWS Signature value MUST successfully validate, or the JWS MUST be considered invalid" | ÖK §4.13 L1 (ON-KAYIT v0.8 (capa 7); 00-on-kayit/ON-KAYIT-TASLAK.md:841): "Doğrulayıcı genelinde izin listesi; izinsiz algoritma reddediliyor"	insa: ML-DSA-65-ES256=belirsiz || alg ML-DSA-65-ES256 izin kümesi W=['ES256'] dışında
CMP06_sonda_artik_bayt	IZIN-AX	tedavi-composite	ikincil	K7(ikincil)	indeterminate	JOSECOMP §4.2 (draft-ietf-jose-pq-composite-sigs-04; metin/JOSECOMP.txt:408): "the ECDSA signature is encoded as an Ecdsa-Sig-Value" | JOSECOMP §4.5.1 (draft-ietf-jose-pq-composite-sigs-04; metin/JOSECOMP.txt:606): "Decoding simply reverses these two steps." | LAMPSCOMP §4.3 (draft-ietf-lamps-pq-composite-sigs-19; metin/LAMPSCOMP.txt:1300): "Deserialization reverses this process, raising an error in the event that the input is malformed." | ÖK §4.13 L1 (ON-KAYIT v0.8 (capa 7); 00-on-kayit/ON-KAYIT-TASLAK.md:841): "Doğrulayıcı genelinde izin listesi; izinsiz algoritma reddediliyor" | [T327] JWTBCP §3.1 (draft-ietf-oauth-rfc8725bis-10; metin/JWTBCP.txt:464): "MUST NOT employ any algorithms outside this configured set"	insa: ML-DSA-65-ES256=belirsiz || Ecdsa-Sig-Value sonrası artık bayt: "malformed" tanımsız; katı ayrıştırıcı reddeder, gevşek ayrıştırıcı kabul eder
CMP06_sonda_artik_bayt	L4	tedavi-composite	ikincil	K7(ikincil)	indeterminate	ÖK §6.5 (ON-KAYIT v0.8 (capa 7); 00-on-kayit/ON-KAYIT-TASLAK.md:1054): "İhraççı başına gerekli küme R = {X}, izinli küme {A, X}." | [T328] JWTBCP §3.1 (draft-ietf-oauth-rfc8725bis-10; metin/JWTBCP.txt:482): "it MUST determine which algorithms are permitted for itself and that issuer and ensure that the received JWT complies with those requirements" | ÖK §4.7 G5 (ON-KAYIT v0.8 (capa 7); 00-on-kayit/ON-KAYIT-TASLAK.md:767): "Göç etmiş bir varlık, ilan ettiği eski-sürüm penceresi dışında yalnız klasik kanıtla kabul edilemez." | JOSECOMP §4.2 (draft-ietf-jose-pq-composite-sigs-04; metin/JOSECOMP.txt:408): "the ECDSA signature is encoded as an Ecdsa-Sig-Value" | JOSECOMP §4.5.1 (draft-ietf-jose-pq-composite-sigs-04; metin/JOSECOMP.txt:606): "Decoding simply reverses these two steps." | LAMPSCOMP §4.3 (draft-ietf-lamps-pq-composite-sigs-19; metin/LAMPSCOMP.txt:1300): "Deserialization reverses this process, raising an error in the event that the input is malformed." | ÖK §6.5 K7 (ON-KAYIT v0.8 (capa 7); 00-on-kayit/ON-KAYIT-TASLAK.md:1064): "Composite etiketli, bileşeni bozuk | RED" | ÖK §4.13 L4 (ON-KAYIT v0.8 (capa 7); 00-on-kayit/ON-KAYIT-TASLAK.md:844): "Yapılandırılmış hâlde K1 KABUL, K2 RED, K3 RED (§6.5)"	insa: ML-DSA-65-ES256=belirsiz || Ecdsa-Sig-Value sonrası artık bayt: "malformed" tanımsız; katı ayrıştırıcı reddeder, gevşek ayrıştırıcı kabul eder
CMP06_sonda_artik_bayt	L4-S	tedavi-composite	ikincil	K7(ikincil)	indeterminate	ÖK §6.5 (ON-KAYIT v0.8 (capa 7); 00-on-kayit/ON-KAYIT-TASLAK.md:1054): "İhraççı başına gerekli küme R = {X}, izinli küme {A, X}." | [T328] JWTBCP §3.1 (draft-ietf-oauth-rfc8725bis-10; metin/JWTBCP.txt:482): "it MUST determine which algorithms are permitted for itself and that issuer and ensure that the received JWT complies with those requirements" | ÖK §4.7 G5 (ON-KAYIT v0.8 (capa 7); 00-on-kayit/ON-KAYIT-TASLAK.md:767): "Göç etmiş bir varlık, ilan ettiği eski-sürüm penceresi dışında yalnız klasik kanıtla kabul edilemez." | JOSECOMP §4.2 (draft-ietf-jose-pq-composite-sigs-04; metin/JOSECOMP.txt:408): "the ECDSA signature is encoded as an Ecdsa-Sig-Value" | JOSECOMP §4.5.1 (draft-ietf-jose-pq-composite-sigs-04; metin/JOSECOMP.txt:606): "Decoding simply reverses these two steps." | LAMPSCOMP §4.3 (draft-ietf-lamps-pq-composite-sigs-19; metin/LAMPSCOMP.txt:1300): "Deserialization reverses this process, raising an error in the event that the input is malformed." | ÖK §6.5 K7 (ON-KAYIT v0.8 (capa 7); 00-on-kayit/ON-KAYIT-TASLAK.md:1064): "Composite etiketli, bileşeni bozuk | RED" | ÖK §4.8 P3 (ON-KAYIT v0.8 (capa 7); 00-on-kayit/ON-KAYIT-TASLAK.md:778): "P2 + ihraççı başına gerekli küme R_I"	insa: ML-DSA-65-ES256=belirsiz || Ecdsa-Sig-Value sonrası artık bayt: "malformed" tanımsız; katı ayrıştırıcı reddeder, gevşek ayrıştırıcı kabul eder
CMP06_sonda_artik_bayt	L4-Y	tedavi-composite	ikincil	K7(ikincil)	indeterminate	ÖK §6.5 (ON-KAYIT v0.8 (capa 7); 00-on-kayit/ON-KAYIT-TASLAK.md:1054): "İhraççı başına gerekli küme R = {X}, izinli küme {A, X}." | [T328] JWTBCP §3.1 (draft-ietf-oauth-rfc8725bis-10; metin/JWTBCP.txt:482): "it MUST determine which algorithms are permitted for itself and that issuer and ensure that the received JWT complies with those requirements" | ÖK §4.7 G5 (ON-KAYIT v0.8 (capa 7); 00-on-kayit/ON-KAYIT-TASLAK.md:767): "Göç etmiş bir varlık, ilan ettiği eski-sürüm penceresi dışında yalnız klasik kanıtla kabul edilemez." | JOSECOMP §4.2 (draft-ietf-jose-pq-composite-sigs-04; metin/JOSECOMP.txt:408): "the ECDSA signature is encoded as an Ecdsa-Sig-Value" | JOSECOMP §4.5.1 (draft-ietf-jose-pq-composite-sigs-04; metin/JOSECOMP.txt:606): "Decoding simply reverses these two steps." | LAMPSCOMP §4.3 (draft-ietf-lamps-pq-composite-sigs-19; metin/LAMPSCOMP.txt:1300): "Deserialization reverses this process, raising an error in the event that the input is malformed." | ÖK §6.5 K7 (ON-KAYIT v0.8 (capa 7); 00-on-kayit/ON-KAYIT-TASLAK.md:1064): "Composite etiketli, bileşeni bozuk | RED" | [T314] RFC7515 §5.2 (RFC 7515; metin/RFC7515.txt:810): "When there are multiple JWS Signature values, it is an application decision which of the JWS Signature values must successfully validate for the JWS to be accepted."	insa: ML-DSA-65-ES256=belirsiz || Ecdsa-Sig-Value sonrası artık bayt: "malformed" tanımsız; katı ayrıştırıcı reddeder, gevşek ayrıştırıcı kabul eder
CMP07_yalniz_ml_bileseni	GEC	tedavi-composite	ikincil	K7(ikincil)	reject	JOSECOMP §4.2 (draft-ietf-jose-pq-composite-sigs-04; metin/JOSECOMP.txt:334): "A composite signature's value MUST include the two signature components" | JOSECOMP §4.3 (draft-ietf-jose-pq-composite-sigs-04; metin/JOSECOMP.txt:489): "If Error during deserialization, or if any of the component keys or signature values are not of the correct type or length for the given component algorithm then output "Invalid signature" and stop." | ÖK §4.15 (ON-KAYIT v0.8 (capa 7); 00-on-kayit/ON-KAYIT-TASLAK.md:881): "V+: tek geçerli klasik imza → KABUL; V−: bozuk imza → RED" | [T315] RFC7515 §5.2 (RFC 7515; metin/RFC7515.txt:815): "at least one JWS Signature value MUST successfully validate, or the JWS MUST be considered invalid"	insa: ML-DSA-65-ES256=geçersiz || ECDSA bileşeni yok
CMP07_yalniz_ml_bileseni	IZIN-A	tedavi-composite	ikincil	K7(ikincil)	reject	[T327] JWTBCP §3.1 (draft-ietf-oauth-rfc8725bis-10; metin/JWTBCP.txt:464): "MUST NOT employ any algorithms outside this configured set" | [T315] RFC7515 §5.2 (RFC 7515; metin/RFC7515.txt:815): "at least one JWS Signature value MUST successfully validate, or the JWS MUST be considered invalid" | ÖK §4.13 L1 (ON-KAYIT v0.8 (capa 7); 00-on-kayit/ON-KAYIT-TASLAK.md:841): "Doğrulayıcı genelinde izin listesi; izinsiz algoritma reddediliyor"	insa: ML-DSA-65-ES256=geçersiz || alg ML-DSA-65-ES256 izin kümesi W=['ES256'] dışında
CMP07_yalniz_ml_bileseni	IZIN-AX	tedavi-composite	ikincil	K7(ikincil)	reject	JOSECOMP §4.2 (draft-ietf-jose-pq-composite-sigs-04; metin/JOSECOMP.txt:334): "A composite signature's value MUST include the two signature components" | JOSECOMP §4.3 (draft-ietf-jose-pq-composite-sigs-04; metin/JOSECOMP.txt:489): "If Error during deserialization, or if any of the component keys or signature values are not of the correct type or length for the given component algorithm then output "Invalid signature" and stop." | ÖK §4.13 L1 (ON-KAYIT v0.8 (capa 7); 00-on-kayit/ON-KAYIT-TASLAK.md:841): "Doğrulayıcı genelinde izin listesi; izinsiz algoritma reddediliyor" | [T327] JWTBCP §3.1 (draft-ietf-oauth-rfc8725bis-10; metin/JWTBCP.txt:464): "MUST NOT employ any algorithms outside this configured set"	insa: ML-DSA-65-ES256=geçersiz || ECDSA bileşeni yok
CMP07_yalniz_ml_bileseni	L4	tedavi-composite	ikincil	K7(ikincil)	reject	ÖK §6.5 (ON-KAYIT v0.8 (capa 7); 00-on-kayit/ON-KAYIT-TASLAK.md:1054): "İhraççı başına gerekli küme R = {X}, izinli küme {A, X}." | [T328] JWTBCP §3.1 (draft-ietf-oauth-rfc8725bis-10; metin/JWTBCP.txt:482): "it MUST determine which algorithms are permitted for itself and that issuer and ensure that the received JWT complies with those requirements" | ÖK §4.7 G5 (ON-KAYIT v0.8 (capa 7); 00-on-kayit/ON-KAYIT-TASLAK.md:767): "Göç etmiş bir varlık, ilan ettiği eski-sürüm penceresi dışında yalnız klasik kanıtla kabul edilemez." | JWTBCP §3.3 (draft-ietf-oauth-rfc8725bis-10; metin/JWTBCP.txt:566): "the entire JWT MUST be rejected if any of them fail to validate" | JOSECOMP §4.2 (draft-ietf-jose-pq-composite-sigs-04; metin/JOSECOMP.txt:334): "A composite signature's value MUST include the two signature components" | JOSECOMP §4.3 (draft-ietf-jose-pq-composite-sigs-04; metin/JOSECOMP.txt:489): "If Error during deserialization, or if any of the component keys or signature values are not of the correct type or length for the given component algorithm then output "Invalid signature" and stop." | ÖK §6.5 K7 (ON-KAYIT v0.8 (capa 7); 00-on-kayit/ON-KAYIT-TASLAK.md:1064): "Composite etiketli, bileşeni bozuk | RED" | ÖK §4.13 L4 (ON-KAYIT v0.8 (capa 7); 00-on-kayit/ON-KAYIT-TASLAK.md:844): "Yapılandırılmış hâlde K1 KABUL, K2 RED, K3 RED (§6.5)"	insa: ML-DSA-65-ES256=geçersiz || W içinde geçersiz imza: ML-DSA-65-ES256: ECDSA bileşeni yok
CMP07_yalniz_ml_bileseni	L4-S	tedavi-composite	ikincil	K7(ikincil)	reject	ÖK §6.5 (ON-KAYIT v0.8 (capa 7); 00-on-kayit/ON-KAYIT-TASLAK.md:1054): "İhraççı başına gerekli küme R = {X}, izinli küme {A, X}." | [T328] JWTBCP §3.1 (draft-ietf-oauth-rfc8725bis-10; metin/JWTBCP.txt:482): "it MUST determine which algorithms are permitted for itself and that issuer and ensure that the received JWT complies with those requirements" | ÖK §4.7 G5 (ON-KAYIT v0.8 (capa 7); 00-on-kayit/ON-KAYIT-TASLAK.md:767): "Göç etmiş bir varlık, ilan ettiği eski-sürüm penceresi dışında yalnız klasik kanıtla kabul edilemez." | JWTBCP §3.3 (draft-ietf-oauth-rfc8725bis-10; metin/JWTBCP.txt:566): "the entire JWT MUST be rejected if any of them fail to validate" | JOSECOMP §4.2 (draft-ietf-jose-pq-composite-sigs-04; metin/JOSECOMP.txt:334): "A composite signature's value MUST include the two signature components" | JOSECOMP §4.3 (draft-ietf-jose-pq-composite-sigs-04; metin/JOSECOMP.txt:489): "If Error during deserialization, or if any of the component keys or signature values are not of the correct type or length for the given component algorithm then output "Invalid signature" and stop." | ÖK §6.5 K7 (ON-KAYIT v0.8 (capa 7); 00-on-kayit/ON-KAYIT-TASLAK.md:1064): "Composite etiketli, bileşeni bozuk | RED" | ÖK §4.8 P3 (ON-KAYIT v0.8 (capa 7); 00-on-kayit/ON-KAYIT-TASLAK.md:778): "P2 + ihraççı başına gerekli küme R_I"	insa: ML-DSA-65-ES256=geçersiz || W içinde geçersiz imza: ML-DSA-65-ES256: ECDSA bileşeni yok
CMP07_yalniz_ml_bileseni	L4-Y	tedavi-composite	ikincil	K7(ikincil)	reject	ÖK §6.5 (ON-KAYIT v0.8 (capa 7); 00-on-kayit/ON-KAYIT-TASLAK.md:1054): "İhraççı başına gerekli küme R = {X}, izinli küme {A, X}." | [T328] JWTBCP §3.1 (draft-ietf-oauth-rfc8725bis-10; metin/JWTBCP.txt:482): "it MUST determine which algorithms are permitted for itself and that issuer and ensure that the received JWT complies with those requirements" | ÖK §4.7 G5 (ON-KAYIT v0.8 (capa 7); 00-on-kayit/ON-KAYIT-TASLAK.md:767): "Göç etmiş bir varlık, ilan ettiği eski-sürüm penceresi dışında yalnız klasik kanıtla kabul edilemez." | JWTBCP §3.3 (draft-ietf-oauth-rfc8725bis-10; metin/JWTBCP.txt:566): "the entire JWT MUST be rejected if any of them fail to validate" | JOSECOMP §4.2 (draft-ietf-jose-pq-composite-sigs-04; metin/JOSECOMP.txt:334): "A composite signature's value MUST include the two signature components" | JOSECOMP §4.3 (draft-ietf-jose-pq-composite-sigs-04; metin/JOSECOMP.txt:489): "If Error during deserialization, or if any of the component keys or signature values are not of the correct type or length for the given component algorithm then output "Invalid signature" and stop." | ÖK §6.5 K7 (ON-KAYIT v0.8 (capa 7); 00-on-kayit/ON-KAYIT-TASLAK.md:1064): "Composite etiketli, bileşeni bozuk | RED" | [T314] RFC7515 §5.2 (RFC 7515; metin/RFC7515.txt:810): "When there are multiple JWS Signature values, it is an application decision which of the JWS Signature values must successfully validate for the JWS to be accepted."	insa: ML-DSA-65-ES256=geçersiz || W içinde geçersiz imza: ML-DSA-65-ES256: ECDSA bileşeni yok
CMP08_bilesenler_farkli_iletilerden	GEC	tedavi-composite	ikincil	K7(ikincil)	reject	[T345] JOSECOMP §4.3 (draft-ietf-jose-pq-composite-sigs-04; metin/JOSECOMP.txt:452): "The Verify algorithm MUST validate a signature only if all component signatures were successfully validated." | ÖK §4.15 (ON-KAYIT v0.8 (capa 7); 00-on-kayit/ON-KAYIT-TASLAK.md:881): "V+: tek geçerli klasik imza → KABUL; V−: bozuk imza → RED" | [T315] RFC7515 §5.2 (RFC 7515; metin/RFC7515.txt:815): "at least one JWS Signature value MUST successfully validate, or the JWS MUST be considered invalid"	insa: ML-DSA-65-ES256=geçersiz || ML-DSA bileşeni bu M' üzerinde doğrulanmaz
CMP08_bilesenler_farkli_iletilerden	IZIN-A	tedavi-composite	ikincil	K7(ikincil)	reject	[T327] JWTBCP §3.1 (draft-ietf-oauth-rfc8725bis-10; metin/JWTBCP.txt:464): "MUST NOT employ any algorithms outside this configured set" | [T315] RFC7515 §5.2 (RFC 7515; metin/RFC7515.txt:815): "at least one JWS Signature value MUST successfully validate, or the JWS MUST be considered invalid" | ÖK §4.13 L1 (ON-KAYIT v0.8 (capa 7); 00-on-kayit/ON-KAYIT-TASLAK.md:841): "Doğrulayıcı genelinde izin listesi; izinsiz algoritma reddediliyor"	insa: ML-DSA-65-ES256=geçersiz || alg ML-DSA-65-ES256 izin kümesi W=['ES256'] dışında
CMP08_bilesenler_farkli_iletilerden	IZIN-AX	tedavi-composite	ikincil	K7(ikincil)	reject	[T345] JOSECOMP §4.3 (draft-ietf-jose-pq-composite-sigs-04; metin/JOSECOMP.txt:452): "The Verify algorithm MUST validate a signature only if all component signatures were successfully validated." | ÖK §4.13 L1 (ON-KAYIT v0.8 (capa 7); 00-on-kayit/ON-KAYIT-TASLAK.md:841): "Doğrulayıcı genelinde izin listesi; izinsiz algoritma reddediliyor" | [T327] JWTBCP §3.1 (draft-ietf-oauth-rfc8725bis-10; metin/JWTBCP.txt:464): "MUST NOT employ any algorithms outside this configured set"	insa: ML-DSA-65-ES256=geçersiz || ML-DSA bileşeni bu M' üzerinde doğrulanmaz
CMP08_bilesenler_farkli_iletilerden	L4	tedavi-composite	ikincil	K7(ikincil)	reject	ÖK §6.5 (ON-KAYIT v0.8 (capa 7); 00-on-kayit/ON-KAYIT-TASLAK.md:1054): "İhraççı başına gerekli küme R = {X}, izinli küme {A, X}." | [T328] JWTBCP §3.1 (draft-ietf-oauth-rfc8725bis-10; metin/JWTBCP.txt:482): "it MUST determine which algorithms are permitted for itself and that issuer and ensure that the received JWT complies with those requirements" | ÖK §4.7 G5 (ON-KAYIT v0.8 (capa 7); 00-on-kayit/ON-KAYIT-TASLAK.md:767): "Göç etmiş bir varlık, ilan ettiği eski-sürüm penceresi dışında yalnız klasik kanıtla kabul edilemez." | JWTBCP §3.3 (draft-ietf-oauth-rfc8725bis-10; metin/JWTBCP.txt:566): "the entire JWT MUST be rejected if any of them fail to validate" | [T345] JOSECOMP §4.3 (draft-ietf-jose-pq-composite-sigs-04; metin/JOSECOMP.txt:452): "The Verify algorithm MUST validate a signature only if all component signatures were successfully validated." | ÖK §6.5 K7 (ON-KAYIT v0.8 (capa 7); 00-on-kayit/ON-KAYIT-TASLAK.md:1064): "Composite etiketli, bileşeni bozuk | RED" | ÖK §4.13 L4 (ON-KAYIT v0.8 (capa 7); 00-on-kayit/ON-KAYIT-TASLAK.md:844): "Yapılandırılmış hâlde K1 KABUL, K2 RED, K3 RED (§6.5)"	insa: ML-DSA-65-ES256=geçersiz || W içinde geçersiz imza: ML-DSA-65-ES256: ML-DSA bileşeni bu M' üzerinde doğrulanmaz
CMP08_bilesenler_farkli_iletilerden	L4-S	tedavi-composite	ikincil	K7(ikincil)	reject	ÖK §6.5 (ON-KAYIT v0.8 (capa 7); 00-on-kayit/ON-KAYIT-TASLAK.md:1054): "İhraççı başına gerekli küme R = {X}, izinli küme {A, X}." | [T328] JWTBCP §3.1 (draft-ietf-oauth-rfc8725bis-10; metin/JWTBCP.txt:482): "it MUST determine which algorithms are permitted for itself and that issuer and ensure that the received JWT complies with those requirements" | ÖK §4.7 G5 (ON-KAYIT v0.8 (capa 7); 00-on-kayit/ON-KAYIT-TASLAK.md:767): "Göç etmiş bir varlık, ilan ettiği eski-sürüm penceresi dışında yalnız klasik kanıtla kabul edilemez." | JWTBCP §3.3 (draft-ietf-oauth-rfc8725bis-10; metin/JWTBCP.txt:566): "the entire JWT MUST be rejected if any of them fail to validate" | [T345] JOSECOMP §4.3 (draft-ietf-jose-pq-composite-sigs-04; metin/JOSECOMP.txt:452): "The Verify algorithm MUST validate a signature only if all component signatures were successfully validated." | ÖK §6.5 K7 (ON-KAYIT v0.8 (capa 7); 00-on-kayit/ON-KAYIT-TASLAK.md:1064): "Composite etiketli, bileşeni bozuk | RED" | ÖK §4.8 P3 (ON-KAYIT v0.8 (capa 7); 00-on-kayit/ON-KAYIT-TASLAK.md:778): "P2 + ihraççı başına gerekli küme R_I"	insa: ML-DSA-65-ES256=geçersiz || W içinde geçersiz imza: ML-DSA-65-ES256: ML-DSA bileşeni bu M' üzerinde doğrulanmaz
CMP08_bilesenler_farkli_iletilerden	L4-Y	tedavi-composite	ikincil	K7(ikincil)	reject	ÖK §6.5 (ON-KAYIT v0.8 (capa 7); 00-on-kayit/ON-KAYIT-TASLAK.md:1054): "İhraççı başına gerekli küme R = {X}, izinli küme {A, X}." | [T328] JWTBCP §3.1 (draft-ietf-oauth-rfc8725bis-10; metin/JWTBCP.txt:482): "it MUST determine which algorithms are permitted for itself and that issuer and ensure that the received JWT complies with those requirements" | ÖK §4.7 G5 (ON-KAYIT v0.8 (capa 7); 00-on-kayit/ON-KAYIT-TASLAK.md:767): "Göç etmiş bir varlık, ilan ettiği eski-sürüm penceresi dışında yalnız klasik kanıtla kabul edilemez." | JWTBCP §3.3 (draft-ietf-oauth-rfc8725bis-10; metin/JWTBCP.txt:566): "the entire JWT MUST be rejected if any of them fail to validate" | [T345] JOSECOMP §4.3 (draft-ietf-jose-pq-composite-sigs-04; metin/JOSECOMP.txt:452): "The Verify algorithm MUST validate a signature only if all component signatures were successfully validated." | ÖK §6.5 K7 (ON-KAYIT v0.8 (capa 7); 00-on-kayit/ON-KAYIT-TASLAK.md:1064): "Composite etiketli, bileşeni bozuk | RED" | [T314] RFC7515 §5.2 (RFC 7515; metin/RFC7515.txt:810): "When there are multiple JWS Signature values, it is an application decision which of the JWS Signature values must successfully validate for the JWS to be accepted."	insa: ML-DSA-65-ES256=geçersiz || W içinde geçersiz imza: ML-DSA-65-ES256: ML-DSA bileşeni bu M' üzerinde doğrulanmaz
CMP09_ml_bileseni_ctx_bos	GEC	tedavi-composite	ikincil	K7(ikincil)	reject	JOSECOMP §4.2 (draft-ietf-jose-pq-composite-sigs-04; metin/JOSECOMP.txt:389): "mldsaSig <- ML-DSA.Sign(mldsaSK, M', ctx=Label)" | [T345] JOSECOMP §4.3 (draft-ietf-jose-pq-composite-sigs-04; metin/JOSECOMP.txt:452): "The Verify algorithm MUST validate a signature only if all component signatures were successfully validated." | ÖK §4.15 (ON-KAYIT v0.8 (capa 7); 00-on-kayit/ON-KAYIT-TASLAK.md:881): "V+: tek geçerli klasik imza → KABUL; V−: bozuk imza → RED" | [T315] RFC7515 §5.2 (RFC 7515; metin/RFC7515.txt:815): "at least one JWS Signature value MUST successfully validate, or the JWS MUST be considered invalid"	insa: ML-DSA-65-ES256=geçersiz || ML-DSA bileşeni ctx=Label ile doğrulanmaz (boş ctx ile üretilmiş)
CMP09_ml_bileseni_ctx_bos	IZIN-A	tedavi-composite	ikincil	K7(ikincil)	reject	[T327] JWTBCP §3.1 (draft-ietf-oauth-rfc8725bis-10; metin/JWTBCP.txt:464): "MUST NOT employ any algorithms outside this configured set" | [T315] RFC7515 §5.2 (RFC 7515; metin/RFC7515.txt:815): "at least one JWS Signature value MUST successfully validate, or the JWS MUST be considered invalid" | ÖK §4.13 L1 (ON-KAYIT v0.8 (capa 7); 00-on-kayit/ON-KAYIT-TASLAK.md:841): "Doğrulayıcı genelinde izin listesi; izinsiz algoritma reddediliyor"	insa: ML-DSA-65-ES256=geçersiz || alg ML-DSA-65-ES256 izin kümesi W=['ES256'] dışında
CMP09_ml_bileseni_ctx_bos	IZIN-AX	tedavi-composite	ikincil	K7(ikincil)	reject	JOSECOMP §4.2 (draft-ietf-jose-pq-composite-sigs-04; metin/JOSECOMP.txt:389): "mldsaSig <- ML-DSA.Sign(mldsaSK, M', ctx=Label)" | [T345] JOSECOMP §4.3 (draft-ietf-jose-pq-composite-sigs-04; metin/JOSECOMP.txt:452): "The Verify algorithm MUST validate a signature only if all component signatures were successfully validated." | ÖK §4.13 L1 (ON-KAYIT v0.8 (capa 7); 00-on-kayit/ON-KAYIT-TASLAK.md:841): "Doğrulayıcı genelinde izin listesi; izinsiz algoritma reddediliyor" | [T327] JWTBCP §3.1 (draft-ietf-oauth-rfc8725bis-10; metin/JWTBCP.txt:464): "MUST NOT employ any algorithms outside this configured set"	insa: ML-DSA-65-ES256=geçersiz || ML-DSA bileşeni ctx=Label ile doğrulanmaz (boş ctx ile üretilmiş)
CMP09_ml_bileseni_ctx_bos	L4	tedavi-composite	ikincil	K7(ikincil)	reject	ÖK §6.5 (ON-KAYIT v0.8 (capa 7); 00-on-kayit/ON-KAYIT-TASLAK.md:1054): "İhraççı başına gerekli küme R = {X}, izinli küme {A, X}." | [T328] JWTBCP §3.1 (draft-ietf-oauth-rfc8725bis-10; metin/JWTBCP.txt:482): "it MUST determine which algorithms are permitted for itself and that issuer and ensure that the received JWT complies with those requirements" | ÖK §4.7 G5 (ON-KAYIT v0.8 (capa 7); 00-on-kayit/ON-KAYIT-TASLAK.md:767): "Göç etmiş bir varlık, ilan ettiği eski-sürüm penceresi dışında yalnız klasik kanıtla kabul edilemez." | JWTBCP §3.3 (draft-ietf-oauth-rfc8725bis-10; metin/JWTBCP.txt:566): "the entire JWT MUST be rejected if any of them fail to validate" | JOSECOMP §4.2 (draft-ietf-jose-pq-composite-sigs-04; metin/JOSECOMP.txt:389): "mldsaSig <- ML-DSA.Sign(mldsaSK, M', ctx=Label)" | [T345] JOSECOMP §4.3 (draft-ietf-jose-pq-composite-sigs-04; metin/JOSECOMP.txt:452): "The Verify algorithm MUST validate a signature only if all component signatures were successfully validated." | ÖK §6.5 K7 (ON-KAYIT v0.8 (capa 7); 00-on-kayit/ON-KAYIT-TASLAK.md:1064): "Composite etiketli, bileşeni bozuk | RED" | ÖK §4.13 L4 (ON-KAYIT v0.8 (capa 7); 00-on-kayit/ON-KAYIT-TASLAK.md:844): "Yapılandırılmış hâlde K1 KABUL, K2 RED, K3 RED (§6.5)"	insa: ML-DSA-65-ES256=geçersiz || W içinde geçersiz imza: ML-DSA-65-ES256: ML-DSA bileşeni ctx=Label ile doğrulanmaz (boş ctx ile üretilmiş)
CMP09_ml_bileseni_ctx_bos	L4-S	tedavi-composite	ikincil	K7(ikincil)	reject	ÖK §6.5 (ON-KAYIT v0.8 (capa 7); 00-on-kayit/ON-KAYIT-TASLAK.md:1054): "İhraççı başına gerekli küme R = {X}, izinli küme {A, X}." | [T328] JWTBCP §3.1 (draft-ietf-oauth-rfc8725bis-10; metin/JWTBCP.txt:482): "it MUST determine which algorithms are permitted for itself and that issuer and ensure that the received JWT complies with those requirements" | ÖK §4.7 G5 (ON-KAYIT v0.8 (capa 7); 00-on-kayit/ON-KAYIT-TASLAK.md:767): "Göç etmiş bir varlık, ilan ettiği eski-sürüm penceresi dışında yalnız klasik kanıtla kabul edilemez." | JWTBCP §3.3 (draft-ietf-oauth-rfc8725bis-10; metin/JWTBCP.txt:566): "the entire JWT MUST be rejected if any of them fail to validate" | JOSECOMP §4.2 (draft-ietf-jose-pq-composite-sigs-04; metin/JOSECOMP.txt:389): "mldsaSig <- ML-DSA.Sign(mldsaSK, M', ctx=Label)" | [T345] JOSECOMP §4.3 (draft-ietf-jose-pq-composite-sigs-04; metin/JOSECOMP.txt:452): "The Verify algorithm MUST validate a signature only if all component signatures were successfully validated." | ÖK §6.5 K7 (ON-KAYIT v0.8 (capa 7); 00-on-kayit/ON-KAYIT-TASLAK.md:1064): "Composite etiketli, bileşeni bozuk | RED" | ÖK §4.8 P3 (ON-KAYIT v0.8 (capa 7); 00-on-kayit/ON-KAYIT-TASLAK.md:778): "P2 + ihraççı başına gerekli küme R_I"	insa: ML-DSA-65-ES256=geçersiz || W içinde geçersiz imza: ML-DSA-65-ES256: ML-DSA bileşeni ctx=Label ile doğrulanmaz (boş ctx ile üretilmiş)
CMP09_ml_bileseni_ctx_bos	L4-Y	tedavi-composite	ikincil	K7(ikincil)	reject	ÖK §6.5 (ON-KAYIT v0.8 (capa 7); 00-on-kayit/ON-KAYIT-TASLAK.md:1054): "İhraççı başına gerekli küme R = {X}, izinli küme {A, X}." | [T328] JWTBCP §3.1 (draft-ietf-oauth-rfc8725bis-10; metin/JWTBCP.txt:482): "it MUST determine which algorithms are permitted for itself and that issuer and ensure that the received JWT complies with those requirements" | ÖK §4.7 G5 (ON-KAYIT v0.8 (capa 7); 00-on-kayit/ON-KAYIT-TASLAK.md:767): "Göç etmiş bir varlık, ilan ettiği eski-sürüm penceresi dışında yalnız klasik kanıtla kabul edilemez." | JWTBCP §3.3 (draft-ietf-oauth-rfc8725bis-10; metin/JWTBCP.txt:566): "the entire JWT MUST be rejected if any of them fail to validate" | JOSECOMP §4.2 (draft-ietf-jose-pq-composite-sigs-04; metin/JOSECOMP.txt:389): "mldsaSig <- ML-DSA.Sign(mldsaSK, M', ctx=Label)" | [T345] JOSECOMP §4.3 (draft-ietf-jose-pq-composite-sigs-04; metin/JOSECOMP.txt:452): "The Verify algorithm MUST validate a signature only if all component signatures were successfully validated." | ÖK §6.5 K7 (ON-KAYIT v0.8 (capa 7); 00-on-kayit/ON-KAYIT-TASLAK.md:1064): "Composite etiketli, bileşeni bozuk | RED" | [T314] RFC7515 §5.2 (RFC 7515; metin/RFC7515.txt:810): "When there are multiple JWS Signature values, it is an application decision which of the JWS Signature values must successfully validate for the JWS to be accepted."	insa: ML-DSA-65-ES256=geçersiz || W içinde geçersiz imza: ML-DSA-65-ES256: ML-DSA bileşeni ctx=Label ile doğrulanmaz (boş ctx ile üretilmiş)
CMP10_onozet_sha256	GEC	tedavi-composite	ikincil	K7(ikincil)	reject	JOSECOMP §5.1 (draft-ietf-jose-pq-composite-sigs-04; metin/JOSECOMP.txt:792): "|ML-DSA-65-ES256 |ML-DSA-65|ecdsa-with-SHA256|SHA512 |Composite |" | JOSECOMP §4.2 (draft-ietf-jose-pq-composite-sigs-04; metin/JOSECOMP.txt:380): "M' <- Prefix || Label || 0x00 || PH(M)" | [T345] JOSECOMP §4.3 (draft-ietf-jose-pq-composite-sigs-04; metin/JOSECOMP.txt:452): "The Verify algorithm MUST validate a signature only if all component signatures were successfully validated." | ÖK §4.15 (ON-KAYIT v0.8 (capa 7); 00-on-kayit/ON-KAYIT-TASLAK.md:881): "V+: tek geçerli klasik imza → KABUL; V−: bozuk imza → RED" | [T315] RFC7515 §5.2 (RFC 7515; metin/RFC7515.txt:815): "at least one JWS Signature value MUST successfully validate, or the JWS MUST be considered invalid"	insa: ML-DSA-65-ES256=geçersiz || doğrulayıcı M'yi SHA512 ön-özetle kurar (Tablo 5); SHA-256 ile kurulmuş M' üzerindeki bileşenler doğrulanmaz
CMP10_onozet_sha256	IZIN-A	tedavi-composite	ikincil	K7(ikincil)	reject	[T327] JWTBCP §3.1 (draft-ietf-oauth-rfc8725bis-10; metin/JWTBCP.txt:464): "MUST NOT employ any algorithms outside this configured set" | [T315] RFC7515 §5.2 (RFC 7515; metin/RFC7515.txt:815): "at least one JWS Signature value MUST successfully validate, or the JWS MUST be considered invalid" | ÖK §4.13 L1 (ON-KAYIT v0.8 (capa 7); 00-on-kayit/ON-KAYIT-TASLAK.md:841): "Doğrulayıcı genelinde izin listesi; izinsiz algoritma reddediliyor"	insa: ML-DSA-65-ES256=geçersiz || alg ML-DSA-65-ES256 izin kümesi W=['ES256'] dışında
CMP10_onozet_sha256	IZIN-AX	tedavi-composite	ikincil	K7(ikincil)	reject	JOSECOMP §5.1 (draft-ietf-jose-pq-composite-sigs-04; metin/JOSECOMP.txt:792): "|ML-DSA-65-ES256 |ML-DSA-65|ecdsa-with-SHA256|SHA512 |Composite |" | JOSECOMP §4.2 (draft-ietf-jose-pq-composite-sigs-04; metin/JOSECOMP.txt:380): "M' <- Prefix || Label || 0x00 || PH(M)" | [T345] JOSECOMP §4.3 (draft-ietf-jose-pq-composite-sigs-04; metin/JOSECOMP.txt:452): "The Verify algorithm MUST validate a signature only if all component signatures were successfully validated." | ÖK §4.13 L1 (ON-KAYIT v0.8 (capa 7); 00-on-kayit/ON-KAYIT-TASLAK.md:841): "Doğrulayıcı genelinde izin listesi; izinsiz algoritma reddediliyor" | [T327] JWTBCP §3.1 (draft-ietf-oauth-rfc8725bis-10; metin/JWTBCP.txt:464): "MUST NOT employ any algorithms outside this configured set"	insa: ML-DSA-65-ES256=geçersiz || doğrulayıcı M'yi SHA512 ön-özetle kurar (Tablo 5); SHA-256 ile kurulmuş M' üzerindeki bileşenler doğrulanmaz
CMP10_onozet_sha256	L4	tedavi-composite	ikincil	K7(ikincil)	reject	ÖK §6.5 (ON-KAYIT v0.8 (capa 7); 00-on-kayit/ON-KAYIT-TASLAK.md:1054): "İhraççı başına gerekli küme R = {X}, izinli küme {A, X}." | [T328] JWTBCP §3.1 (draft-ietf-oauth-rfc8725bis-10; metin/JWTBCP.txt:482): "it MUST determine which algorithms are permitted for itself and that issuer and ensure that the received JWT complies with those requirements" | ÖK §4.7 G5 (ON-KAYIT v0.8 (capa 7); 00-on-kayit/ON-KAYIT-TASLAK.md:767): "Göç etmiş bir varlık, ilan ettiği eski-sürüm penceresi dışında yalnız klasik kanıtla kabul edilemez." | JWTBCP §3.3 (draft-ietf-oauth-rfc8725bis-10; metin/JWTBCP.txt:566): "the entire JWT MUST be rejected if any of them fail to validate" | JOSECOMP §5.1 (draft-ietf-jose-pq-composite-sigs-04; metin/JOSECOMP.txt:792): "|ML-DSA-65-ES256 |ML-DSA-65|ecdsa-with-SHA256|SHA512 |Composite |" | JOSECOMP §4.2 (draft-ietf-jose-pq-composite-sigs-04; metin/JOSECOMP.txt:380): "M' <- Prefix || Label || 0x00 || PH(M)" | [T345] JOSECOMP §4.3 (draft-ietf-jose-pq-composite-sigs-04; metin/JOSECOMP.txt:452): "The Verify algorithm MUST validate a signature only if all component signatures were successfully validated." | ÖK §6.5 K7 (ON-KAYIT v0.8 (capa 7); 00-on-kayit/ON-KAYIT-TASLAK.md:1064): "Composite etiketli, bileşeni bozuk | RED" | ÖK §4.13 L4 (ON-KAYIT v0.8 (capa 7); 00-on-kayit/ON-KAYIT-TASLAK.md:844): "Yapılandırılmış hâlde K1 KABUL, K2 RED, K3 RED (§6.5)"	insa: ML-DSA-65-ES256=geçersiz || W içinde geçersiz imza: ML-DSA-65-ES256: doğrulayıcı M'yi SHA512 ön-özetle kurar (Tablo 5); SHA-256 ile kurulmuş M' üzerindeki bileşenler doğrulanmaz
CMP10_onozet_sha256	L4-S	tedavi-composite	ikincil	K7(ikincil)	reject	ÖK §6.5 (ON-KAYIT v0.8 (capa 7); 00-on-kayit/ON-KAYIT-TASLAK.md:1054): "İhraççı başına gerekli küme R = {X}, izinli küme {A, X}." | [T328] JWTBCP §3.1 (draft-ietf-oauth-rfc8725bis-10; metin/JWTBCP.txt:482): "it MUST determine which algorithms are permitted for itself and that issuer and ensure that the received JWT complies with those requirements" | ÖK §4.7 G5 (ON-KAYIT v0.8 (capa 7); 00-on-kayit/ON-KAYIT-TASLAK.md:767): "Göç etmiş bir varlık, ilan ettiği eski-sürüm penceresi dışında yalnız klasik kanıtla kabul edilemez." | JWTBCP §3.3 (draft-ietf-oauth-rfc8725bis-10; metin/JWTBCP.txt:566): "the entire JWT MUST be rejected if any of them fail to validate" | JOSECOMP §5.1 (draft-ietf-jose-pq-composite-sigs-04; metin/JOSECOMP.txt:792): "|ML-DSA-65-ES256 |ML-DSA-65|ecdsa-with-SHA256|SHA512 |Composite |" | JOSECOMP §4.2 (draft-ietf-jose-pq-composite-sigs-04; metin/JOSECOMP.txt:380): "M' <- Prefix || Label || 0x00 || PH(M)" | [T345] JOSECOMP §4.3 (draft-ietf-jose-pq-composite-sigs-04; metin/JOSECOMP.txt:452): "The Verify algorithm MUST validate a signature only if all component signatures were successfully validated." | ÖK §6.5 K7 (ON-KAYIT v0.8 (capa 7); 00-on-kayit/ON-KAYIT-TASLAK.md:1064): "Composite etiketli, bileşeni bozuk | RED" | ÖK §4.8 P3 (ON-KAYIT v0.8 (capa 7); 00-on-kayit/ON-KAYIT-TASLAK.md:778): "P2 + ihraççı başına gerekli küme R_I"	insa: ML-DSA-65-ES256=geçersiz || W içinde geçersiz imza: ML-DSA-65-ES256: doğrulayıcı M'yi SHA512 ön-özetle kurar (Tablo 5); SHA-256 ile kurulmuş M' üzerindeki bileşenler doğrulanmaz
CMP10_onozet_sha256	L4-Y	tedavi-composite	ikincil	K7(ikincil)	reject	ÖK §6.5 (ON-KAYIT v0.8 (capa 7); 00-on-kayit/ON-KAYIT-TASLAK.md:1054): "İhraççı başına gerekli küme R = {X}, izinli küme {A, X}." | [T328] JWTBCP §3.1 (draft-ietf-oauth-rfc8725bis-10; metin/JWTBCP.txt:482): "it MUST determine which algorithms are permitted for itself and that issuer and ensure that the received JWT complies with those requirements" | ÖK §4.7 G5 (ON-KAYIT v0.8 (capa 7); 00-on-kayit/ON-KAYIT-TASLAK.md:767): "Göç etmiş bir varlık, ilan ettiği eski-sürüm penceresi dışında yalnız klasik kanıtla kabul edilemez." | JWTBCP §3.3 (draft-ietf-oauth-rfc8725bis-10; metin/JWTBCP.txt:566): "the entire JWT MUST be rejected if any of them fail to validate" | JOSECOMP §5.1 (draft-ietf-jose-pq-composite-sigs-04; metin/JOSECOMP.txt:792): "|ML-DSA-65-ES256 |ML-DSA-65|ecdsa-with-SHA256|SHA512 |Composite |" | JOSECOMP §4.2 (draft-ietf-jose-pq-composite-sigs-04; metin/JOSECOMP.txt:380): "M' <- Prefix || Label || 0x00 || PH(M)" | [T345] JOSECOMP §4.3 (draft-ietf-jose-pq-composite-sigs-04; metin/JOSECOMP.txt:452): "The Verify algorithm MUST validate a signature only if all component signatures were successfully validated." | ÖK §6.5 K7 (ON-KAYIT v0.8 (capa 7); 00-on-kayit/ON-KAYIT-TASLAK.md:1064): "Composite etiketli, bileşeni bozuk | RED" | [T314] RFC7515 §5.2 (RFC 7515; metin/RFC7515.txt:810): "When there are multiple JWS Signature values, it is an application decision which of the JWS Signature values must successfully validate for the JWS to be accepted."	insa: ML-DSA-65-ES256=geçersiz || W içinde geçersiz imza: ML-DSA-65-ES256: doğrulayıcı M'yi SHA512 ön-özetle kurar (Tablo 5); SHA-256 ile kurulmuş M' üzerindeki bileşenler doğrulanmaz
CMP11_bos_ctx_uzunlugu_yok	GEC	tedavi-composite	ikincil	K7(ikincil)	reject	JOSECOMP §4.2 (draft-ietf-jose-pq-composite-sigs-04; metin/JOSECOMP.txt:380): "M' <- Prefix || Label || 0x00 || PH(M)" | [T345] JOSECOMP §4.3 (draft-ietf-jose-pq-composite-sigs-04; metin/JOSECOMP.txt:452): "The Verify algorithm MUST validate a signature only if all component signatures were successfully validated." | ÖK §4.15 (ON-KAYIT v0.8 (capa 7); 00-on-kayit/ON-KAYIT-TASLAK.md:881): "V+: tek geçerli klasik imza → KABUL; V−: bozuk imza → RED" | [T315] RFC7515 §5.2 (RFC 7515; metin/RFC7515.txt:815): "at least one JWS Signature value MUST successfully validate, or the JWS MUST be considered invalid"	insa: ML-DSA-65-ES256=geçersiz || doğrulayıcı M'yi 0x00 ile kurar; bileşenler doğrulanmaz
CMP11_bos_ctx_uzunlugu_yok	IZIN-A	tedavi-composite	ikincil	K7(ikincil)	reject	[T327] JWTBCP §3.1 (draft-ietf-oauth-rfc8725bis-10; metin/JWTBCP.txt:464): "MUST NOT employ any algorithms outside this configured set" | [T315] RFC7515 §5.2 (RFC 7515; metin/RFC7515.txt:815): "at least one JWS Signature value MUST successfully validate, or the JWS MUST be considered invalid" | ÖK §4.13 L1 (ON-KAYIT v0.8 (capa 7); 00-on-kayit/ON-KAYIT-TASLAK.md:841): "Doğrulayıcı genelinde izin listesi; izinsiz algoritma reddediliyor"	insa: ML-DSA-65-ES256=geçersiz || alg ML-DSA-65-ES256 izin kümesi W=['ES256'] dışında
CMP11_bos_ctx_uzunlugu_yok	IZIN-AX	tedavi-composite	ikincil	K7(ikincil)	reject	JOSECOMP §4.2 (draft-ietf-jose-pq-composite-sigs-04; metin/JOSECOMP.txt:380): "M' <- Prefix || Label || 0x00 || PH(M)" | [T345] JOSECOMP §4.3 (draft-ietf-jose-pq-composite-sigs-04; metin/JOSECOMP.txt:452): "The Verify algorithm MUST validate a signature only if all component signatures were successfully validated." | ÖK §4.13 L1 (ON-KAYIT v0.8 (capa 7); 00-on-kayit/ON-KAYIT-TASLAK.md:841): "Doğrulayıcı genelinde izin listesi; izinsiz algoritma reddediliyor" | [T327] JWTBCP §3.1 (draft-ietf-oauth-rfc8725bis-10; metin/JWTBCP.txt:464): "MUST NOT employ any algorithms outside this configured set"	insa: ML-DSA-65-ES256=geçersiz || doğrulayıcı M'yi 0x00 ile kurar; bileşenler doğrulanmaz
CMP11_bos_ctx_uzunlugu_yok	L4	tedavi-composite	ikincil	K7(ikincil)	reject	ÖK §6.5 (ON-KAYIT v0.8 (capa 7); 00-on-kayit/ON-KAYIT-TASLAK.md:1054): "İhraççı başına gerekli küme R = {X}, izinli küme {A, X}." | [T328] JWTBCP §3.1 (draft-ietf-oauth-rfc8725bis-10; metin/JWTBCP.txt:482): "it MUST determine which algorithms are permitted for itself and that issuer and ensure that the received JWT complies with those requirements" | ÖK §4.7 G5 (ON-KAYIT v0.8 (capa 7); 00-on-kayit/ON-KAYIT-TASLAK.md:767): "Göç etmiş bir varlık, ilan ettiği eski-sürüm penceresi dışında yalnız klasik kanıtla kabul edilemez." | JWTBCP §3.3 (draft-ietf-oauth-rfc8725bis-10; metin/JWTBCP.txt:566): "the entire JWT MUST be rejected if any of them fail to validate" | JOSECOMP §4.2 (draft-ietf-jose-pq-composite-sigs-04; metin/JOSECOMP.txt:380): "M' <- Prefix || Label || 0x00 || PH(M)" | [T345] JOSECOMP §4.3 (draft-ietf-jose-pq-composite-sigs-04; metin/JOSECOMP.txt:452): "The Verify algorithm MUST validate a signature only if all component signatures were successfully validated." | ÖK §6.5 K7 (ON-KAYIT v0.8 (capa 7); 00-on-kayit/ON-KAYIT-TASLAK.md:1064): "Composite etiketli, bileşeni bozuk | RED" | ÖK §4.13 L4 (ON-KAYIT v0.8 (capa 7); 00-on-kayit/ON-KAYIT-TASLAK.md:844): "Yapılandırılmış hâlde K1 KABUL, K2 RED, K3 RED (§6.5)"	insa: ML-DSA-65-ES256=geçersiz || W içinde geçersiz imza: ML-DSA-65-ES256: doğrulayıcı M'yi 0x00 ile kurar; bileşenler doğrulanmaz
CMP11_bos_ctx_uzunlugu_yok	L4-S	tedavi-composite	ikincil	K7(ikincil)	reject	ÖK §6.5 (ON-KAYIT v0.8 (capa 7); 00-on-kayit/ON-KAYIT-TASLAK.md:1054): "İhraççı başına gerekli küme R = {X}, izinli küme {A, X}." | [T328] JWTBCP §3.1 (draft-ietf-oauth-rfc8725bis-10; metin/JWTBCP.txt:482): "it MUST determine which algorithms are permitted for itself and that issuer and ensure that the received JWT complies with those requirements" | ÖK §4.7 G5 (ON-KAYIT v0.8 (capa 7); 00-on-kayit/ON-KAYIT-TASLAK.md:767): "Göç etmiş bir varlık, ilan ettiği eski-sürüm penceresi dışında yalnız klasik kanıtla kabul edilemez." | JWTBCP §3.3 (draft-ietf-oauth-rfc8725bis-10; metin/JWTBCP.txt:566): "the entire JWT MUST be rejected if any of them fail to validate" | JOSECOMP §4.2 (draft-ietf-jose-pq-composite-sigs-04; metin/JOSECOMP.txt:380): "M' <- Prefix || Label || 0x00 || PH(M)" | [T345] JOSECOMP §4.3 (draft-ietf-jose-pq-composite-sigs-04; metin/JOSECOMP.txt:452): "The Verify algorithm MUST validate a signature only if all component signatures were successfully validated." | ÖK §6.5 K7 (ON-KAYIT v0.8 (capa 7); 00-on-kayit/ON-KAYIT-TASLAK.md:1064): "Composite etiketli, bileşeni bozuk | RED" | ÖK §4.8 P3 (ON-KAYIT v0.8 (capa 7); 00-on-kayit/ON-KAYIT-TASLAK.md:778): "P2 + ihraççı başına gerekli küme R_I"	insa: ML-DSA-65-ES256=geçersiz || W içinde geçersiz imza: ML-DSA-65-ES256: doğrulayıcı M'yi 0x00 ile kurar; bileşenler doğrulanmaz
CMP11_bos_ctx_uzunlugu_yok	L4-Y	tedavi-composite	ikincil	K7(ikincil)	reject	ÖK §6.5 (ON-KAYIT v0.8 (capa 7); 00-on-kayit/ON-KAYIT-TASLAK.md:1054): "İhraççı başına gerekli küme R = {X}, izinli küme {A, X}." | [T328] JWTBCP §3.1 (draft-ietf-oauth-rfc8725bis-10; metin/JWTBCP.txt:482): "it MUST determine which algorithms are permitted for itself and that issuer and ensure that the received JWT complies with those requirements" | ÖK §4.7 G5 (ON-KAYIT v0.8 (capa 7); 00-on-kayit/ON-KAYIT-TASLAK.md:767): "Göç etmiş bir varlık, ilan ettiği eski-sürüm penceresi dışında yalnız klasik kanıtla kabul edilemez." | JWTBCP §3.3 (draft-ietf-oauth-rfc8725bis-10; metin/JWTBCP.txt:566): "the entire JWT MUST be rejected if any of them fail to validate" | JOSECOMP §4.2 (draft-ietf-jose-pq-composite-sigs-04; metin/JOSECOMP.txt:380): "M' <- Prefix || Label || 0x00 || PH(M)" | [T345] JOSECOMP §4.3 (draft-ietf-jose-pq-composite-sigs-04; metin/JOSECOMP.txt:452): "The Verify algorithm MUST validate a signature only if all component signatures were successfully validated." | ÖK §6.5 K7 (ON-KAYIT v0.8 (capa 7); 00-on-kayit/ON-KAYIT-TASLAK.md:1064): "Composite etiketli, bileşeni bozuk | RED" | [T314] RFC7515 §5.2 (RFC 7515; metin/RFC7515.txt:810): "When there are multiple JWS Signature values, it is an application decision which of the JWS Signature values must successfully validate for the JWS to be accepted."	insa: ML-DSA-65-ES256=geçersiz || W içinde geçersiz imza: ML-DSA-65-ES256: doğrulayıcı M'yi 0x00 ile kurar; bileşenler doğrulanmaz
CMP12_ayrilabilirlik_ecdsa_ES256	GEC	tedavi-composite	ikincil	K10(ikincil)	reject	RFC7518 §3.4 (RFC 7518; metin/RFC7518.txt:496): "Submit the JWS Signing Input, R, S, and the public key (x, y) to the ECDSA P-256 SHA-256 validator." | [T347] JOSECOMP §6.3 (draft-ietf-jose-pq-composite-sigs-04; metin/JOSECOMP.txt:1076): "ensures that signatures cannot be removed from the composite and used in other contexts" | [T057] JOSECOMP §6.2 (draft-ietf-jose-pq-composite-sigs-04; metin/JOSECOMP.txt:1045): "compliant parties MUST NOT use, import, or export component keys that are used in other contexts, combinations, or as standalone keys" | ÖK §4.15 (ON-KAYIT v0.8 (capa 7); 00-on-kayit/ON-KAYIT-TASLAK.md:881): "V+: tek geçerli klasik imza → KABUL; V−: bozuk imza → RED" | [T315] RFC7515 §5.2 (RFC 7515; metin/RFC7515.txt:815): "at least one JWS Signature value MUST successfully validate, or the JWS MUST be considered invalid"	insa: ES256=geçersiz || ES256 doğrulaması JWS Signing Input üzerinde yapılır; imza M' üzerinde üretilmiş; bileşen anahtarının bağımsız kullanımı yasak
CMP12_ayrilabilirlik_ecdsa_ES256	IZIN-A	tedavi-composite	ikincil	K10(ikincil)	reject	RFC7518 §3.4 (RFC 7518; metin/RFC7518.txt:496): "Submit the JWS Signing Input, R, S, and the public key (x, y) to the ECDSA P-256 SHA-256 validator." | [T347] JOSECOMP §6.3 (draft-ietf-jose-pq-composite-sigs-04; metin/JOSECOMP.txt:1076): "ensures that signatures cannot be removed from the composite and used in other contexts" | [T057] JOSECOMP §6.2 (draft-ietf-jose-pq-composite-sigs-04; metin/JOSECOMP.txt:1045): "compliant parties MUST NOT use, import, or export component keys that are used in other contexts, combinations, or as standalone keys" | ÖK §6.5 K10 (ON-KAYIT v0.8 (capa 7); 00-on-kayit/ON-KAYIT-TASLAK.md:1067): "Alg–anahtar uyuşmazlığı | RED (L2/L3)" | ÖK §4.13 L1 (ON-KAYIT v0.8 (capa 7); 00-on-kayit/ON-KAYIT-TASLAK.md:841): "Doğrulayıcı genelinde izin listesi; izinsiz algoritma reddediliyor" | [T327] JWTBCP §3.1 (draft-ietf-oauth-rfc8725bis-10; metin/JWTBCP.txt:464): "MUST NOT employ any algorithms outside this configured set"	insa: ES256=geçersiz || ES256 doğrulaması JWS Signing Input üzerinde yapılır; imza M' üzerinde üretilmiş; bileşen anahtarının bağımsız kullanımı yasak
CMP12_ayrilabilirlik_ecdsa_ES256	IZIN-AX	tedavi-composite	ikincil	K10(ikincil)	reject	RFC7518 §3.4 (RFC 7518; metin/RFC7518.txt:496): "Submit the JWS Signing Input, R, S, and the public key (x, y) to the ECDSA P-256 SHA-256 validator." | [T347] JOSECOMP §6.3 (draft-ietf-jose-pq-composite-sigs-04; metin/JOSECOMP.txt:1076): "ensures that signatures cannot be removed from the composite and used in other contexts" | [T057] JOSECOMP §6.2 (draft-ietf-jose-pq-composite-sigs-04; metin/JOSECOMP.txt:1045): "compliant parties MUST NOT use, import, or export component keys that are used in other contexts, combinations, or as standalone keys" | ÖK §6.5 K10 (ON-KAYIT v0.8 (capa 7); 00-on-kayit/ON-KAYIT-TASLAK.md:1067): "Alg–anahtar uyuşmazlığı | RED (L2/L3)" | ÖK §4.13 L1 (ON-KAYIT v0.8 (capa 7); 00-on-kayit/ON-KAYIT-TASLAK.md:841): "Doğrulayıcı genelinde izin listesi; izinsiz algoritma reddediliyor" | [T327] JWTBCP §3.1 (draft-ietf-oauth-rfc8725bis-10; metin/JWTBCP.txt:464): "MUST NOT employ any algorithms outside this configured set" | ÖK §4.13 L3 (ON-KAYIT v0.8 (capa 7); 00-on-kayit/ON-KAYIT-TASLAK.md:843): "Anahtar ya da ihraççı başına algoritma bağlama; K10 (alg–anahtar uyuşmazlığı) reddediliyor"	insa: ES256=geçersiz || ES256 doğrulaması JWS Signing Input üzerinde yapılır; imza M' üzerinde üretilmiş; bileşen anahtarının bağımsız kullanımı yasak
CMP12_ayrilabilirlik_ecdsa_ES256	L4	tedavi-composite	ikincil	K10(ikincil)	reject	ÖK §6.5 (ON-KAYIT v0.8 (capa 7); 00-on-kayit/ON-KAYIT-TASLAK.md:1054): "İhraççı başına gerekli küme R = {X}, izinli küme {A, X}." | [T328] JWTBCP §3.1 (draft-ietf-oauth-rfc8725bis-10; metin/JWTBCP.txt:482): "it MUST determine which algorithms are permitted for itself and that issuer and ensure that the received JWT complies with those requirements" | ÖK §4.7 G5 (ON-KAYIT v0.8 (capa 7); 00-on-kayit/ON-KAYIT-TASLAK.md:767): "Göç etmiş bir varlık, ilan ettiği eski-sürüm penceresi dışında yalnız klasik kanıtla kabul edilemez." | JWTBCP §3.3 (draft-ietf-oauth-rfc8725bis-10; metin/JWTBCP.txt:566): "the entire JWT MUST be rejected if any of them fail to validate" | RFC7518 §3.4 (RFC 7518; metin/RFC7518.txt:496): "Submit the JWS Signing Input, R, S, and the public key (x, y) to the ECDSA P-256 SHA-256 validator." | [T347] JOSECOMP §6.3 (draft-ietf-jose-pq-composite-sigs-04; metin/JOSECOMP.txt:1076): "ensures that signatures cannot be removed from the composite and used in other contexts" | [T057] JOSECOMP §6.2 (draft-ietf-jose-pq-composite-sigs-04; metin/JOSECOMP.txt:1045): "compliant parties MUST NOT use, import, or export component keys that are used in other contexts, combinations, or as standalone keys" | ÖK §6.5 K10 (ON-KAYIT v0.8 (capa 7); 00-on-kayit/ON-KAYIT-TASLAK.md:1067): "Alg–anahtar uyuşmazlığı | RED (L2/L3)" | ÖK §4.13 L4 (ON-KAYIT v0.8 (capa 7); 00-on-kayit/ON-KAYIT-TASLAK.md:844): "Yapılandırılmış hâlde K1 KABUL, K2 RED, K3 RED (§6.5)"	insa: ES256=geçersiz || W içinde geçersiz imza: ES256: ES256 doğrulaması JWS Signing Input üzerinde yapılır; imza M' üzerinde üretilmiş; bileşen anahtarının bağımsız kullanımı yasak
CMP12_ayrilabilirlik_ecdsa_ES256	L4-S	tedavi-composite	ikincil	K10(ikincil)	reject	ÖK §6.5 (ON-KAYIT v0.8 (capa 7); 00-on-kayit/ON-KAYIT-TASLAK.md:1054): "İhraççı başına gerekli küme R = {X}, izinli küme {A, X}." | [T328] JWTBCP §3.1 (draft-ietf-oauth-rfc8725bis-10; metin/JWTBCP.txt:482): "it MUST determine which algorithms are permitted for itself and that issuer and ensure that the received JWT complies with those requirements" | ÖK §4.7 G5 (ON-KAYIT v0.8 (capa 7); 00-on-kayit/ON-KAYIT-TASLAK.md:767): "Göç etmiş bir varlık, ilan ettiği eski-sürüm penceresi dışında yalnız klasik kanıtla kabul edilemez." | JWTBCP §3.3 (draft-ietf-oauth-rfc8725bis-10; metin/JWTBCP.txt:566): "the entire JWT MUST be rejected if any of them fail to validate" | RFC7518 §3.4 (RFC 7518; metin/RFC7518.txt:496): "Submit the JWS Signing Input, R, S, and the public key (x, y) to the ECDSA P-256 SHA-256 validator." | [T347] JOSECOMP §6.3 (draft-ietf-jose-pq-composite-sigs-04; metin/JOSECOMP.txt:1076): "ensures that signatures cannot be removed from the composite and used in other contexts" | [T057] JOSECOMP §6.2 (draft-ietf-jose-pq-composite-sigs-04; metin/JOSECOMP.txt:1045): "compliant parties MUST NOT use, import, or export component keys that are used in other contexts, combinations, or as standalone keys" | ÖK §6.5 K10 (ON-KAYIT v0.8 (capa 7); 00-on-kayit/ON-KAYIT-TASLAK.md:1067): "Alg–anahtar uyuşmazlığı | RED (L2/L3)" | ÖK §4.8 P3 (ON-KAYIT v0.8 (capa 7); 00-on-kayit/ON-KAYIT-TASLAK.md:778): "P2 + ihraççı başına gerekli küme R_I"	insa: ES256=geçersiz || W içinde geçersiz imza: ES256: ES256 doğrulaması JWS Signing Input üzerinde yapılır; imza M' üzerinde üretilmiş; bileşen anahtarının bağımsız kullanımı yasak
CMP12_ayrilabilirlik_ecdsa_ES256	L4-Y	tedavi-composite	ikincil	K10(ikincil)	reject	ÖK §6.5 (ON-KAYIT v0.8 (capa 7); 00-on-kayit/ON-KAYIT-TASLAK.md:1054): "İhraççı başına gerekli küme R = {X}, izinli küme {A, X}." | [T328] JWTBCP §3.1 (draft-ietf-oauth-rfc8725bis-10; metin/JWTBCP.txt:482): "it MUST determine which algorithms are permitted for itself and that issuer and ensure that the received JWT complies with those requirements" | ÖK §4.7 G5 (ON-KAYIT v0.8 (capa 7); 00-on-kayit/ON-KAYIT-TASLAK.md:767): "Göç etmiş bir varlık, ilan ettiği eski-sürüm penceresi dışında yalnız klasik kanıtla kabul edilemez." | JWTBCP §3.3 (draft-ietf-oauth-rfc8725bis-10; metin/JWTBCP.txt:566): "the entire JWT MUST be rejected if any of them fail to validate" | RFC7518 §3.4 (RFC 7518; metin/RFC7518.txt:496): "Submit the JWS Signing Input, R, S, and the public key (x, y) to the ECDSA P-256 SHA-256 validator." | [T347] JOSECOMP §6.3 (draft-ietf-jose-pq-composite-sigs-04; metin/JOSECOMP.txt:1076): "ensures that signatures cannot be removed from the composite and used in other contexts" | [T057] JOSECOMP §6.2 (draft-ietf-jose-pq-composite-sigs-04; metin/JOSECOMP.txt:1045): "compliant parties MUST NOT use, import, or export component keys that are used in other contexts, combinations, or as standalone keys" | ÖK §6.5 K10 (ON-KAYIT v0.8 (capa 7); 00-on-kayit/ON-KAYIT-TASLAK.md:1067): "Alg–anahtar uyuşmazlığı | RED (L2/L3)" | [T314] RFC7515 §5.2 (RFC 7515; metin/RFC7515.txt:810): "When there are multiple JWS Signature values, it is an application decision which of the JWS Signature values must successfully validate for the JWS to be accepted."	insa: ES256=geçersiz || W içinde geçersiz imza: ES256: ES256 doğrulaması JWS Signing Input üzerinde yapılır; imza M' üzerinde üretilmiş; bileşen anahtarının bağımsız kullanımı yasak
CMP13_ayrilabilirlik_ml_MLDSA65	GEC	tedavi-composite	ikincil	K10(ikincil)	reject	[T338] RFC9964 §5 (RFC 9964; metin/RFC9964.txt:219): "The ctx parameter MUST be the empty string for ML-DSA-44, ML-DSA- 65, and ML-DSA-87." | [T347] JOSECOMP §6.3 (draft-ietf-jose-pq-composite-sigs-04; metin/JOSECOMP.txt:1076): "ensures that signatures cannot be removed from the composite and used in other contexts" | [T057] JOSECOMP §6.2 (draft-ietf-jose-pq-composite-sigs-04; metin/JOSECOMP.txt:1045): "compliant parties MUST NOT use, import, or export component keys that are used in other contexts, combinations, or as standalone keys" | ÖK §4.15 (ON-KAYIT v0.8 (capa 7); 00-on-kayit/ON-KAYIT-TASLAK.md:881): "V+: tek geçerli klasik imza → KABUL; V−: bozuk imza → RED" | [T315] RFC7515 §5.2 (RFC 7515; metin/RFC7515.txt:815): "at least one JWS Signature value MUST successfully validate, or the JWS MUST be considered invalid"	insa: ML-DSA-65=geçersiz || ML-DSA-65 doğrulaması boş ctx ile JWS Signing Input üzerinde yapılır; imza M' ve ctx=Label ile üretilmiş; bileşen anahtarının bağımsız kullanımı yasak
CMP13_ayrilabilirlik_ml_MLDSA65	IZIN-A	tedavi-composite	ikincil	K10(ikincil)	reject	[T327] JWTBCP §3.1 (draft-ietf-oauth-rfc8725bis-10; metin/JWTBCP.txt:464): "MUST NOT employ any algorithms outside this configured set" | [T315] RFC7515 §5.2 (RFC 7515; metin/RFC7515.txt:815): "at least one JWS Signature value MUST successfully validate, or the JWS MUST be considered invalid" | ÖK §4.13 L1 (ON-KAYIT v0.8 (capa 7); 00-on-kayit/ON-KAYIT-TASLAK.md:841): "Doğrulayıcı genelinde izin listesi; izinsiz algoritma reddediliyor" | ÖK §6.5 K10 (ON-KAYIT v0.8 (capa 7); 00-on-kayit/ON-KAYIT-TASLAK.md:1067): "Alg–anahtar uyuşmazlığı | RED (L2/L3)"	insa: ML-DSA-65=geçersiz || alg ML-DSA-65 izin kümesi W=['ES256'] dışında
CMP13_ayrilabilirlik_ml_MLDSA65	IZIN-AX	tedavi-composite	ikincil	K10(ikincil)	reject	[T327] JWTBCP §3.1 (draft-ietf-oauth-rfc8725bis-10; metin/JWTBCP.txt:464): "MUST NOT employ any algorithms outside this configured set" | [T315] RFC7515 §5.2 (RFC 7515; metin/RFC7515.txt:815): "at least one JWS Signature value MUST successfully validate, or the JWS MUST be considered invalid" | ÖK §4.13 L1 (ON-KAYIT v0.8 (capa 7); 00-on-kayit/ON-KAYIT-TASLAK.md:841): "Doğrulayıcı genelinde izin listesi; izinsiz algoritma reddediliyor" | ÖK §6.5 K10 (ON-KAYIT v0.8 (capa 7); 00-on-kayit/ON-KAYIT-TASLAK.md:1067): "Alg–anahtar uyuşmazlığı | RED (L2/L3)" | ÖK §4.13 L3 (ON-KAYIT v0.8 (capa 7); 00-on-kayit/ON-KAYIT-TASLAK.md:843): "Anahtar ya da ihraççı başına algoritma bağlama; K10 (alg–anahtar uyuşmazlığı) reddediliyor"	insa: ML-DSA-65=geçersiz || alg ML-DSA-65 izin kümesi W=['ES256', 'ML-DSA-65-ES256'] dışında
CMP13_ayrilabilirlik_ml_MLDSA65	L4	tedavi-composite	ikincil	K10(ikincil)	reject	ÖK §6.5 (ON-KAYIT v0.8 (capa 7); 00-on-kayit/ON-KAYIT-TASLAK.md:1054): "İhraççı başına gerekli küme R = {X}, izinli küme {A, X}." | [T328] JWTBCP §3.1 (draft-ietf-oauth-rfc8725bis-10; metin/JWTBCP.txt:482): "it MUST determine which algorithms are permitted for itself and that issuer and ensure that the received JWT complies with those requirements" | ÖK §4.7 G5 (ON-KAYIT v0.8 (capa 7); 00-on-kayit/ON-KAYIT-TASLAK.md:767): "Göç etmiş bir varlık, ilan ettiği eski-sürüm penceresi dışında yalnız klasik kanıtla kabul edilemez." | ÖK §4.8 P3 (ON-KAYIT v0.8 (capa 7); 00-on-kayit/ON-KAYIT-TASLAK.md:778): "P2 + ihraççı başına gerekli küme R_I" | ÖK §4.8 P1 (ON-KAYIT v0.8 (capa 7); 00-on-kayit/ON-KAYIT-TASLAK.md:776): "Mevcut imzaların tümü geçerliyse kabul. İmza silinmesi (soyma) fark edilmez" | [T135] ACM2 Note 51 (ECCG ACM v2.0; metin/ACM2.txt:946): "the veriﬁcation function accepting if and only if all signatures are correct" | [T316] RFC7515 §5.2 (RFC 7515; metin/RFC7515.txt:894): "unless the algorithm(s) used in the JWS are acceptable to the application, it SHOULD consider the JWS to be invalid" | [T327] JWTBCP §3.1 (draft-ietf-oauth-rfc8725bis-10; metin/JWTBCP.txt:464): "MUST NOT employ any algorithms outside this configured set" | ÖK §4.13 L4 (ON-KAYIT v0.8 (capa 7); 00-on-kayit/ON-KAYIT-TASLAK.md:844): "Yapılandırılmış hâlde K1 KABUL, K2 RED, K3 RED (§6.5)" | ÖK §6.5 K10 (ON-KAYIT v0.8 (capa 7); 00-on-kayit/ON-KAYIT-TASLAK.md:1067): "Alg–anahtar uyuşmazlığı | RED (L2/L3)"	insa: ML-DSA-65=geçersiz || S: W dışı imza var (ML-DSA-65) → mevcut-tümü-geçerli koşulu sağlanmaz || gerekli küme R=['ML-DSA-65-ES256'] karşılanmıyor (yalnız hiç imza yok)
CMP13_ayrilabilirlik_ml_MLDSA65	L4-S	tedavi-composite	ikincil	K10(ikincil)	reject	ÖK §6.5 (ON-KAYIT v0.8 (capa 7); 00-on-kayit/ON-KAYIT-TASLAK.md:1054): "İhraççı başına gerekli küme R = {X}, izinli küme {A, X}." | [T328] JWTBCP §3.1 (draft-ietf-oauth-rfc8725bis-10; metin/JWTBCP.txt:482): "it MUST determine which algorithms are permitted for itself and that issuer and ensure that the received JWT complies with those requirements" | ÖK §4.7 G5 (ON-KAYIT v0.8 (capa 7); 00-on-kayit/ON-KAYIT-TASLAK.md:767): "Göç etmiş bir varlık, ilan ettiği eski-sürüm penceresi dışında yalnız klasik kanıtla kabul edilemez." | ÖK §4.8 P3 (ON-KAYIT v0.8 (capa 7); 00-on-kayit/ON-KAYIT-TASLAK.md:778): "P2 + ihraççı başına gerekli küme R_I" | ÖK §4.8 P1 (ON-KAYIT v0.8 (capa 7); 00-on-kayit/ON-KAYIT-TASLAK.md:776): "Mevcut imzaların tümü geçerliyse kabul. İmza silinmesi (soyma) fark edilmez" | [T135] ACM2 Note 51 (ECCG ACM v2.0; metin/ACM2.txt:946): "the veriﬁcation function accepting if and only if all signatures are correct" | [T316] RFC7515 §5.2 (RFC 7515; metin/RFC7515.txt:894): "unless the algorithm(s) used in the JWS are acceptable to the application, it SHOULD consider the JWS to be invalid" | [T327] JWTBCP §3.1 (draft-ietf-oauth-rfc8725bis-10; metin/JWTBCP.txt:464): "MUST NOT employ any algorithms outside this configured set" | ÖK §6.5 K10 (ON-KAYIT v0.8 (capa 7); 00-on-kayit/ON-KAYIT-TASLAK.md:1067): "Alg–anahtar uyuşmazlığı | RED (L2/L3)"	insa: ML-DSA-65=geçersiz || S: W dışı imza var (ML-DSA-65) → mevcut-tümü-geçerli koşulu sağlanmaz
CMP13_ayrilabilirlik_ml_MLDSA65	L4-Y	tedavi-composite	ikincil	K10(ikincil)	reject	ÖK §6.5 (ON-KAYIT v0.8 (capa 7); 00-on-kayit/ON-KAYIT-TASLAK.md:1054): "İhraççı başına gerekli küme R = {X}, izinli küme {A, X}." | [T328] JWTBCP §3.1 (draft-ietf-oauth-rfc8725bis-10; metin/JWTBCP.txt:482): "it MUST determine which algorithms are permitted for itself and that issuer and ensure that the received JWT complies with those requirements" | ÖK §4.7 G5 (ON-KAYIT v0.8 (capa 7); 00-on-kayit/ON-KAYIT-TASLAK.md:767): "Göç etmiş bir varlık, ilan ettiği eski-sürüm penceresi dışında yalnız klasik kanıtla kabul edilemez." | ÖK §4.13 L4 (ON-KAYIT v0.8 (capa 7); 00-on-kayit/ON-KAYIT-TASLAK.md:844): "Yapılandırılmış hâlde K1 KABUL, K2 RED, K3 RED (§6.5)" | ÖK §6.5 K10 (ON-KAYIT v0.8 (capa 7); 00-on-kayit/ON-KAYIT-TASLAK.md:1067): "Alg–anahtar uyuşmazlığı | RED (L2/L3)" | [T314] RFC7515 §5.2 (RFC 7515; metin/RFC7515.txt:810): "When there are multiple JWS Signature values, it is an application decision which of the JWS Signature values must successfully validate for the JWS to be accepted."	insa: ML-DSA-65=geçersiz || gerekli küme R=['ML-DSA-65-ES256'] karşılanmıyor (yalnız hiç imza yok)
CMP14_ed25519_ml_bileseni_bozuk	GEC	kapsam-hibrit	ikincil	eşleme-dışı	reject	[T345] JOSECOMP §4.3 (draft-ietf-jose-pq-composite-sigs-04; metin/JOSECOMP.txt:452): "The Verify algorithm MUST validate a signature only if all component signatures were successfully validated." | ÖK §4.15 (ON-KAYIT v0.8 (capa 7); 00-on-kayit/ON-KAYIT-TASLAK.md:881): "V+: tek geçerli klasik imza → KABUL; V−: bozuk imza → RED" | [T315] RFC7515 §5.2 (RFC 7515; metin/RFC7515.txt:815): "at least one JWS Signature value MUST successfully validate, or the JWS MUST be considered invalid"	insa: ML-DSA-65-Ed25519=geçersiz || ML-DSA bileşeni bozuk; composite AND
CMP15_ed25519_eddsa_bileseni_bozuk	GEC	kapsam-hibrit	ikincil	eşleme-dışı	reject	[T345] JOSECOMP §4.3 (draft-ietf-jose-pq-composite-sigs-04; metin/JOSECOMP.txt:452): "The Verify algorithm MUST validate a signature only if all component signatures were successfully validated." | ÖK §4.15 (ON-KAYIT v0.8 (capa 7); 00-on-kayit/ON-KAYIT-TASLAK.md:881): "V+: tek geçerli klasik imza → KABUL; V−: bozuk imza → RED" | [T315] RFC7515 §5.2 (RFC 7515; metin/RFC7515.txt:815): "at least one JWS Signature value MUST successfully validate, or the JWS MUST be considered invalid"	insa: ML-DSA-65-Ed25519=geçersiz || Ed25519 bileşeni bozuk; composite AND
CMP16_bilesen_sirasi_ters	GEC	tedavi-composite	ikincil	K7(ikincil)	reject	JOSECOMP §4.2 (draft-ietf-jose-pq-composite-sigs-04; metin/JOSECOMP.txt:335): "the two components MUST be in the same order as the components from the corresponding signing key" | JOSECOMP §4.3 (draft-ietf-jose-pq-composite-sigs-04; metin/JOSECOMP.txt:489): "If Error during deserialization, or if any of the component keys or signature values are not of the correct type or length for the given component algorithm then output "Invalid signature" and stop." | ÖK §4.15 (ON-KAYIT v0.8 (capa 7); 00-on-kayit/ON-KAYIT-TASLAK.md:881): "V+: tek geçerli klasik imza → KABUL; V−: bozuk imza → RED" | [T315] RFC7515 §5.2 (RFC 7515; metin/RFC7515.txt:815): "at least one JWS Signature value MUST successfully validate, or the JWS MUST be considered invalid"	insa: ML-DSA-65-ES256=geçersiz || bileşen sırası anahtardakinin tersi; ilk 3309 bayt ML-DSA imzası olarak çözülemez
CMP16_bilesen_sirasi_ters	IZIN-A	tedavi-composite	ikincil	K7(ikincil)	reject	[T327] JWTBCP §3.1 (draft-ietf-oauth-rfc8725bis-10; metin/JWTBCP.txt:464): "MUST NOT employ any algorithms outside this configured set" | [T315] RFC7515 §5.2 (RFC 7515; metin/RFC7515.txt:815): "at least one JWS Signature value MUST successfully validate, or the JWS MUST be considered invalid" | ÖK §4.13 L1 (ON-KAYIT v0.8 (capa 7); 00-on-kayit/ON-KAYIT-TASLAK.md:841): "Doğrulayıcı genelinde izin listesi; izinsiz algoritma reddediliyor"	insa: ML-DSA-65-ES256=geçersiz || alg ML-DSA-65-ES256 izin kümesi W=['ES256'] dışında
CMP16_bilesen_sirasi_ters	IZIN-AX	tedavi-composite	ikincil	K7(ikincil)	reject	JOSECOMP §4.2 (draft-ietf-jose-pq-composite-sigs-04; metin/JOSECOMP.txt:335): "the two components MUST be in the same order as the components from the corresponding signing key" | JOSECOMP §4.3 (draft-ietf-jose-pq-composite-sigs-04; metin/JOSECOMP.txt:489): "If Error during deserialization, or if any of the component keys or signature values are not of the correct type or length for the given component algorithm then output "Invalid signature" and stop." | ÖK §4.13 L1 (ON-KAYIT v0.8 (capa 7); 00-on-kayit/ON-KAYIT-TASLAK.md:841): "Doğrulayıcı genelinde izin listesi; izinsiz algoritma reddediliyor" | [T327] JWTBCP §3.1 (draft-ietf-oauth-rfc8725bis-10; metin/JWTBCP.txt:464): "MUST NOT employ any algorithms outside this configured set"	insa: ML-DSA-65-ES256=geçersiz || bileşen sırası anahtardakinin tersi; ilk 3309 bayt ML-DSA imzası olarak çözülemez
CMP16_bilesen_sirasi_ters	L4	tedavi-composite	ikincil	K7(ikincil)	reject	ÖK §6.5 (ON-KAYIT v0.8 (capa 7); 00-on-kayit/ON-KAYIT-TASLAK.md:1054): "İhraççı başına gerekli küme R = {X}, izinli küme {A, X}." | [T328] JWTBCP §3.1 (draft-ietf-oauth-rfc8725bis-10; metin/JWTBCP.txt:482): "it MUST determine which algorithms are permitted for itself and that issuer and ensure that the received JWT complies with those requirements" | ÖK §4.7 G5 (ON-KAYIT v0.8 (capa 7); 00-on-kayit/ON-KAYIT-TASLAK.md:767): "Göç etmiş bir varlık, ilan ettiği eski-sürüm penceresi dışında yalnız klasik kanıtla kabul edilemez." | JWTBCP §3.3 (draft-ietf-oauth-rfc8725bis-10; metin/JWTBCP.txt:566): "the entire JWT MUST be rejected if any of them fail to validate" | JOSECOMP §4.2 (draft-ietf-jose-pq-composite-sigs-04; metin/JOSECOMP.txt:335): "the two components MUST be in the same order as the components from the corresponding signing key" | JOSECOMP §4.3 (draft-ietf-jose-pq-composite-sigs-04; metin/JOSECOMP.txt:489): "If Error during deserialization, or if any of the component keys or signature values are not of the correct type or length for the given component algorithm then output "Invalid signature" and stop." | ÖK §6.5 K7 (ON-KAYIT v0.8 (capa 7); 00-on-kayit/ON-KAYIT-TASLAK.md:1064): "Composite etiketli, bileşeni bozuk | RED" | ÖK §4.13 L4 (ON-KAYIT v0.8 (capa 7); 00-on-kayit/ON-KAYIT-TASLAK.md:844): "Yapılandırılmış hâlde K1 KABUL, K2 RED, K3 RED (§6.5)"	insa: ML-DSA-65-ES256=geçersiz || W içinde geçersiz imza: ML-DSA-65-ES256: bileşen sırası anahtardakinin tersi; ilk 3309 bayt ML-DSA imzası olarak çözülemez
CMP16_bilesen_sirasi_ters	L4-S	tedavi-composite	ikincil	K7(ikincil)	reject	ÖK §6.5 (ON-KAYIT v0.8 (capa 7); 00-on-kayit/ON-KAYIT-TASLAK.md:1054): "İhraççı başına gerekli küme R = {X}, izinli küme {A, X}." | [T328] JWTBCP §3.1 (draft-ietf-oauth-rfc8725bis-10; metin/JWTBCP.txt:482): "it MUST determine which algorithms are permitted for itself and that issuer and ensure that the received JWT complies with those requirements" | ÖK §4.7 G5 (ON-KAYIT v0.8 (capa 7); 00-on-kayit/ON-KAYIT-TASLAK.md:767): "Göç etmiş bir varlık, ilan ettiği eski-sürüm penceresi dışında yalnız klasik kanıtla kabul edilemez." | JWTBCP §3.3 (draft-ietf-oauth-rfc8725bis-10; metin/JWTBCP.txt:566): "the entire JWT MUST be rejected if any of them fail to validate" | JOSECOMP §4.2 (draft-ietf-jose-pq-composite-sigs-04; metin/JOSECOMP.txt:335): "the two components MUST be in the same order as the components from the corresponding signing key" | JOSECOMP §4.3 (draft-ietf-jose-pq-composite-sigs-04; metin/JOSECOMP.txt:489): "If Error during deserialization, or if any of the component keys or signature values are not of the correct type or length for the given component algorithm then output "Invalid signature" and stop." | ÖK §6.5 K7 (ON-KAYIT v0.8 (capa 7); 00-on-kayit/ON-KAYIT-TASLAK.md:1064): "Composite etiketli, bileşeni bozuk | RED" | ÖK §4.8 P3 (ON-KAYIT v0.8 (capa 7); 00-on-kayit/ON-KAYIT-TASLAK.md:778): "P2 + ihraççı başına gerekli küme R_I"	insa: ML-DSA-65-ES256=geçersiz || W içinde geçersiz imza: ML-DSA-65-ES256: bileşen sırası anahtardakinin tersi; ilk 3309 bayt ML-DSA imzası olarak çözülemez
CMP16_bilesen_sirasi_ters	L4-Y	tedavi-composite	ikincil	K7(ikincil)	reject	ÖK §6.5 (ON-KAYIT v0.8 (capa 7); 00-on-kayit/ON-KAYIT-TASLAK.md:1054): "İhraççı başına gerekli küme R = {X}, izinli küme {A, X}." | [T328] JWTBCP §3.1 (draft-ietf-oauth-rfc8725bis-10; metin/JWTBCP.txt:482): "it MUST determine which algorithms are permitted for itself and that issuer and ensure that the received JWT complies with those requirements" | ÖK §4.7 G5 (ON-KAYIT v0.8 (capa 7); 00-on-kayit/ON-KAYIT-TASLAK.md:767): "Göç etmiş bir varlık, ilan ettiği eski-sürüm penceresi dışında yalnız klasik kanıtla kabul edilemez." | JWTBCP §3.3 (draft-ietf-oauth-rfc8725bis-10; metin/JWTBCP.txt:566): "the entire JWT MUST be rejected if any of them fail to validate" | JOSECOMP §4.2 (draft-ietf-jose-pq-composite-sigs-04; metin/JOSECOMP.txt:335): "the two components MUST be in the same order as the components from the corresponding signing key" | JOSECOMP §4.3 (draft-ietf-jose-pq-composite-sigs-04; metin/JOSECOMP.txt:489): "If Error during deserialization, or if any of the component keys or signature values are not of the correct type or length for the given component algorithm then output "Invalid signature" and stop." | ÖK §6.5 K7 (ON-KAYIT v0.8 (capa 7); 00-on-kayit/ON-KAYIT-TASLAK.md:1064): "Composite etiketli, bileşeni bozuk | RED" | [T314] RFC7515 §5.2 (RFC 7515; metin/RFC7515.txt:810): "When there are multiple JWS Signature values, it is an application decision which of the JWS Signature values must successfully validate for the JWS to be accepted."	insa: ML-DSA-65-ES256=geçersiz || W içinde geçersiz imza: ML-DSA-65-ES256: bileşen sırası anahtardakinin tersi; ilk 3309 bayt ML-DSA imzası olarak çözülemez
X5C01_klasik_zincir	GEC	tedavi-ML-DSA-65	ikincil	eşleme-dışı	accept-classical	ÖK §2D m.1 (ON-KAYIT v0.8 (capa 7); 00-on-kayit/ON-KAYIT-TASLAK.md:395): "`x5c`/zincir davranışı yalnız X5C vektörlerinde, klasik ve ML-DSA zincirleriyle ölçülür." | [T038] RFC7515 §4.1.6 (RFC 7515; metin/RFC7515.txt:596): "The recipient MUST validate the certificate chain according to RFC 5280 [RFC5280] and consider the certificate or certificate chain to be invalid if any validation failure occurs." | ÖK §4.15 (ON-KAYIT v0.8 (capa 7); 00-on-kayit/ON-KAYIT-TASLAK.md:881): "V+: tek geçerli klasik imza → KABUL; V−: bozuk imza → RED" | [T315] RFC7515 §5.2 (RFC 7515; metin/RFC7515.txt:815): "at least one JWS Signature value MUST successfully validate, or the JWS MUST be considered invalid"	insa: ES256=geçerli || imza(lar) geçerli; alg ∈ W || anahtar x5c + güven çapalarıyla (root-ec, root-ml) çözülür; zincir sınıfı tam-klasik; yol politikası yok
X5C01_klasik_zincir	L4	tedavi-ML-DSA-65	ikincil	eşleme-dışı	reject	ÖK §6.5 (ON-KAYIT v0.8 (capa 7); 00-on-kayit/ON-KAYIT-TASLAK.md:1054): "İhraççı başına gerekli küme R = {X}, izinli küme {A, X}." | [T328] JWTBCP §3.1 (draft-ietf-oauth-rfc8725bis-10; metin/JWTBCP.txt:482): "it MUST determine which algorithms are permitted for itself and that issuer and ensure that the received JWT complies with those requirements" | ÖK §4.7 G5 (ON-KAYIT v0.8 (capa 7); 00-on-kayit/ON-KAYIT-TASLAK.md:767): "Göç etmiş bir varlık, ilan ettiği eski-sürüm penceresi dışında yalnız klasik kanıtla kabul edilemez." | ÖK §4.13 L4 (ON-KAYIT v0.8 (capa 7); 00-on-kayit/ON-KAYIT-TASLAK.md:844): "Yapılandırılmış hâlde K1 KABUL, K2 RED, K3 RED (§6.5)" | ÖK §2D m.1 (ON-KAYIT v0.8 (capa 7); 00-on-kayit/ON-KAYIT-TASLAK.md:395): "`x5c`/zincir davranışı yalnız X5C vektörlerinde, klasik ve ML-DSA zincirleriyle ölçülür." | [T038] RFC7515 §4.1.6 (RFC 7515; metin/RFC7515.txt:596): "The recipient MUST validate the certificate chain according to RFC 5280 [RFC5280] and consider the certificate or certificate chain to be invalid if any validation failure occurs."	insa: ES256=geçerli || gerekli küme R=['ML-DSA-65'] karşılanmıyor (yalnız ES256) || anahtar x5c + güven çapalarıyla (root-ec, root-ml) çözülür; zincir sınıfı tam-klasik; yol politikası yok
X5C01_klasik_zincir	L4-S	tedavi-ML-DSA-65	ikincil	eşleme-dışı	reject	ÖK §6.5 (ON-KAYIT v0.8 (capa 7); 00-on-kayit/ON-KAYIT-TASLAK.md:1054): "İhraççı başına gerekli küme R = {X}, izinli küme {A, X}." | [T328] JWTBCP §3.1 (draft-ietf-oauth-rfc8725bis-10; metin/JWTBCP.txt:482): "it MUST determine which algorithms are permitted for itself and that issuer and ensure that the received JWT complies with those requirements" | ÖK §4.7 G5 (ON-KAYIT v0.8 (capa 7); 00-on-kayit/ON-KAYIT-TASLAK.md:767): "Göç etmiş bir varlık, ilan ettiği eski-sürüm penceresi dışında yalnız klasik kanıtla kabul edilemez." | ÖK §4.13 L4 (ON-KAYIT v0.8 (capa 7); 00-on-kayit/ON-KAYIT-TASLAK.md:844): "Yapılandırılmış hâlde K1 KABUL, K2 RED, K3 RED (§6.5)" | ÖK §2D m.1 (ON-KAYIT v0.8 (capa 7); 00-on-kayit/ON-KAYIT-TASLAK.md:395): "`x5c`/zincir davranışı yalnız X5C vektörlerinde, klasik ve ML-DSA zincirleriyle ölçülür." | [T038] RFC7515 §4.1.6 (RFC 7515; metin/RFC7515.txt:596): "The recipient MUST validate the certificate chain according to RFC 5280 [RFC5280] and consider the certificate or certificate chain to be invalid if any validation failure occurs." | ÖK §4.8 P3 (ON-KAYIT v0.8 (capa 7); 00-on-kayit/ON-KAYIT-TASLAK.md:778): "P2 + ihraççı başına gerekli küme R_I"	insa: ES256=geçerli || gerekli küme R=['ML-DSA-65'] karşılanmıyor (yalnız ES256) || anahtar x5c + güven çapalarıyla (root-ec, root-ml) çözülür; zincir sınıfı tam-klasik; yol politikası yok
X5C01_klasik_zincir	L4-Y	tedavi-ML-DSA-65	ikincil	eşleme-dışı	reject	ÖK §6.5 (ON-KAYIT v0.8 (capa 7); 00-on-kayit/ON-KAYIT-TASLAK.md:1054): "İhraççı başına gerekli küme R = {X}, izinli küme {A, X}." | [T328] JWTBCP §3.1 (draft-ietf-oauth-rfc8725bis-10; metin/JWTBCP.txt:482): "it MUST determine which algorithms are permitted for itself and that issuer and ensure that the received JWT complies with those requirements" | ÖK §4.7 G5 (ON-KAYIT v0.8 (capa 7); 00-on-kayit/ON-KAYIT-TASLAK.md:767): "Göç etmiş bir varlık, ilan ettiği eski-sürüm penceresi dışında yalnız klasik kanıtla kabul edilemez." | ÖK §4.13 L4 (ON-KAYIT v0.8 (capa 7); 00-on-kayit/ON-KAYIT-TASLAK.md:844): "Yapılandırılmış hâlde K1 KABUL, K2 RED, K3 RED (§6.5)" | ÖK §2D m.1 (ON-KAYIT v0.8 (capa 7); 00-on-kayit/ON-KAYIT-TASLAK.md:395): "`x5c`/zincir davranışı yalnız X5C vektörlerinde, klasik ve ML-DSA zincirleriyle ölçülür." | [T038] RFC7515 §4.1.6 (RFC 7515; metin/RFC7515.txt:596): "The recipient MUST validate the certificate chain according to RFC 5280 [RFC5280] and consider the certificate or certificate chain to be invalid if any validation failure occurs." | [T314] RFC7515 §5.2 (RFC 7515; metin/RFC7515.txt:810): "When there are multiple JWS Signature values, it is an application decision which of the JWS Signature values must successfully validate for the JWS to be accepted."	insa: ES256=geçerli || gerekli küme R=['ML-DSA-65'] karşılanmıyor (yalnız ES256) || anahtar x5c + güven çapalarıyla (root-ec, root-ml) çözülür; zincir sınıfı tam-klasik; yol politikası yok
X5C01_klasik_zincir	L4-YOL	tedavi-ML-DSA-65	ikincil	eşleme-dışı	reject	ÖK §2D m.13 (ON-KAYIT v0.8 (capa 7); 00-on-kayit/ON-KAYIT-TASLAK.md:460): "kabul edilen yolun, TL/LoTE'de listelenen çıpadan kimlik bilgisine kadar bütün kenarları PQ olmalıdır" | [T055] JOSECOMP §6.2 (draft-ietf-jose-pq-composite-sigs-04; metin/JOSECOMP.txt:1052): "Because the certificate itself is protected by a composite signature, an attacker cannot forge a fake certificate to swap a public key even if the traditional algorithm is broken." | [T038] RFC7515 §4.1.6 (RFC 7515; metin/RFC7515.txt:596): "The recipient MUST validate the certificate chain according to RFC 5280 [RFC5280] and consider the certificate or certificate chain to be invalid if any validation failure occurs." | ÖK §6.5 (ON-KAYIT v0.8 (capa 7); 00-on-kayit/ON-KAYIT-TASLAK.md:1054): "İhraççı başına gerekli küme R = {X}, izinli küme {A, X}." | [T328] JWTBCP §3.1 (draft-ietf-oauth-rfc8725bis-10; metin/JWTBCP.txt:482): "it MUST determine which algorithms are permitted for itself and that issuer and ensure that the received JWT complies with those requirements" | ÖK §4.7 G5 (ON-KAYIT v0.8 (capa 7); 00-on-kayit/ON-KAYIT-TASLAK.md:767): "Göç etmiş bir varlık, ilan ettiği eski-sürüm penceresi dışında yalnız klasik kanıtla kabul edilemez." | ÖK §4.13 L4 (ON-KAYIT v0.8 (capa 7); 00-on-kayit/ON-KAYIT-TASLAK.md:844): "Yapılandırılmış hâlde K1 KABUL, K2 RED, K3 RED (§6.5)"	insa: ES256=geçerli || yol sınıfı "tam-klasik": yolun en az bir kenarı klasik imzalı → B2 politikası reddeder || gerekli küme R=['ML-DSA-65'] karşılanmıyor (yalnız ES256)
X5C02_pq_zincir	GEC	tedavi-ML-DSA-65	ikincil	eşleme-dışı	accept-hybrid	ÖK §2D m.1 (ON-KAYIT v0.8 (capa 7); 00-on-kayit/ON-KAYIT-TASLAK.md:395): "`x5c`/zincir davranışı yalnız X5C vektörlerinde, klasik ve ML-DSA zincirleriyle ölçülür." | [T038] RFC7515 §4.1.6 (RFC 7515; metin/RFC7515.txt:596): "The recipient MUST validate the certificate chain according to RFC 5280 [RFC5280] and consider the certificate or certificate chain to be invalid if any validation failure occurs." | ÖK §4.15 (ON-KAYIT v0.8 (capa 7); 00-on-kayit/ON-KAYIT-TASLAK.md:881): "V+: tek geçerli klasik imza → KABUL; V−: bozuk imza → RED" | [T315] RFC7515 §5.2 (RFC 7515; metin/RFC7515.txt:815): "at least one JWS Signature value MUST successfully validate, or the JWS MUST be considered invalid"	insa: ML-DSA-65=geçerli || imza(lar) geçerli; alg ∈ W || anahtar x5c + güven çapalarıyla (root-ec, root-ml) çözülür; zincir sınıfı tam-pq; yol politikası yok
X5C02_pq_zincir	L4	tedavi-ML-DSA-65	ikincil	eşleme-dışı	accept-hybrid	ÖK §6.5 (ON-KAYIT v0.8 (capa 7); 00-on-kayit/ON-KAYIT-TASLAK.md:1054): "İhraççı başına gerekli küme R = {X}, izinli küme {A, X}." | [T328] JWTBCP §3.1 (draft-ietf-oauth-rfc8725bis-10; metin/JWTBCP.txt:482): "it MUST determine which algorithms are permitted for itself and that issuer and ensure that the received JWT complies with those requirements" | ÖK §4.7 G5 (ON-KAYIT v0.8 (capa 7); 00-on-kayit/ON-KAYIT-TASLAK.md:767): "Göç etmiş bir varlık, ilan ettiği eski-sürüm penceresi dışında yalnız klasik kanıtla kabul edilemez." | ÖK §2D m.1 (ON-KAYIT v0.8 (capa 7); 00-on-kayit/ON-KAYIT-TASLAK.md:395): "`x5c`/zincir davranışı yalnız X5C vektörlerinde, klasik ve ML-DSA zincirleriyle ölçülür." | [T038] RFC7515 §4.1.6 (RFC 7515; metin/RFC7515.txt:596): "The recipient MUST validate the certificate chain according to RFC 5280 [RFC5280] and consider the certificate or certificate chain to be invalid if any validation failure occurs." | ÖK §4.13 L4 (ON-KAYIT v0.8 (capa 7); 00-on-kayit/ON-KAYIT-TASLAK.md:844): "Yapılandırılmış hâlde K1 KABUL, K2 RED, K3 RED (§6.5)"	insa: ML-DSA-65=geçerli || R={ML-DSA-65} geçerli imzayla karşılandı; W içindeki imzalar geçerli || anahtar x5c + güven çapalarıyla (root-ec, root-ml) çözülür; zincir sınıfı tam-pq; yol politikası yok
X5C02_pq_zincir	L4-S	tedavi-ML-DSA-65	ikincil	eşleme-dışı	accept-hybrid	ÖK §6.5 (ON-KAYIT v0.8 (capa 7); 00-on-kayit/ON-KAYIT-TASLAK.md:1054): "İhraççı başına gerekli küme R = {X}, izinli küme {A, X}." | [T328] JWTBCP §3.1 (draft-ietf-oauth-rfc8725bis-10; metin/JWTBCP.txt:482): "it MUST determine which algorithms are permitted for itself and that issuer and ensure that the received JWT complies with those requirements" | ÖK §4.7 G5 (ON-KAYIT v0.8 (capa 7); 00-on-kayit/ON-KAYIT-TASLAK.md:767): "Göç etmiş bir varlık, ilan ettiği eski-sürüm penceresi dışında yalnız klasik kanıtla kabul edilemez." | ÖK §2D m.1 (ON-KAYIT v0.8 (capa 7); 00-on-kayit/ON-KAYIT-TASLAK.md:395): "`x5c`/zincir davranışı yalnız X5C vektörlerinde, klasik ve ML-DSA zincirleriyle ölçülür." | [T038] RFC7515 §4.1.6 (RFC 7515; metin/RFC7515.txt:596): "The recipient MUST validate the certificate chain according to RFC 5280 [RFC5280] and consider the certificate or certificate chain to be invalid if any validation failure occurs." | ÖK §4.8 P3 (ON-KAYIT v0.8 (capa 7); 00-on-kayit/ON-KAYIT-TASLAK.md:778): "P2 + ihraççı başına gerekli küme R_I"	insa: ML-DSA-65=geçerli || R={ML-DSA-65} geçerli imzayla karşılandı; W içindeki imzalar geçerli || anahtar x5c + güven çapalarıyla (root-ec, root-ml) çözülür; zincir sınıfı tam-pq; yol politikası yok
X5C02_pq_zincir	L4-Y	tedavi-ML-DSA-65	ikincil	eşleme-dışı	accept-hybrid	ÖK §6.5 (ON-KAYIT v0.8 (capa 7); 00-on-kayit/ON-KAYIT-TASLAK.md:1054): "İhraççı başına gerekli küme R = {X}, izinli küme {A, X}." | [T328] JWTBCP §3.1 (draft-ietf-oauth-rfc8725bis-10; metin/JWTBCP.txt:482): "it MUST determine which algorithms are permitted for itself and that issuer and ensure that the received JWT complies with those requirements" | ÖK §4.7 G5 (ON-KAYIT v0.8 (capa 7); 00-on-kayit/ON-KAYIT-TASLAK.md:767): "Göç etmiş bir varlık, ilan ettiği eski-sürüm penceresi dışında yalnız klasik kanıtla kabul edilemez." | ÖK §2D m.1 (ON-KAYIT v0.8 (capa 7); 00-on-kayit/ON-KAYIT-TASLAK.md:395): "`x5c`/zincir davranışı yalnız X5C vektörlerinde, klasik ve ML-DSA zincirleriyle ölçülür." | [T038] RFC7515 §4.1.6 (RFC 7515; metin/RFC7515.txt:596): "The recipient MUST validate the certificate chain according to RFC 5280 [RFC5280] and consider the certificate or certificate chain to be invalid if any validation failure occurs." | [T314] RFC7515 §5.2 (RFC 7515; metin/RFC7515.txt:810): "When there are multiple JWS Signature values, it is an application decision which of the JWS Signature values must successfully validate for the JWS to be accepted."	insa: ML-DSA-65=geçerli || R={ML-DSA-65} geçerli imzayla karşılandı; W içindeki imzalar geçerli || anahtar x5c + güven çapalarıyla (root-ec, root-ml) çözülür; zincir sınıfı tam-pq; yol politikası yok
X5C02_pq_zincir	L4-YOL	tedavi-ML-DSA-65	ikincil	eşleme-dışı	accept-hybrid	ÖK §6.5 (ON-KAYIT v0.8 (capa 7); 00-on-kayit/ON-KAYIT-TASLAK.md:1054): "İhraççı başına gerekli küme R = {X}, izinli küme {A, X}." | [T328] JWTBCP §3.1 (draft-ietf-oauth-rfc8725bis-10; metin/JWTBCP.txt:482): "it MUST determine which algorithms are permitted for itself and that issuer and ensure that the received JWT complies with those requirements" | ÖK §4.7 G5 (ON-KAYIT v0.8 (capa 7); 00-on-kayit/ON-KAYIT-TASLAK.md:767): "Göç etmiş bir varlık, ilan ettiği eski-sürüm penceresi dışında yalnız klasik kanıtla kabul edilemez." | ÖK §2D m.13 (ON-KAYIT v0.8 (capa 7); 00-on-kayit/ON-KAYIT-TASLAK.md:460): "kabul edilen yolun, TL/LoTE'de listelenen çıpadan kimlik bilgisine kadar bütün kenarları PQ olmalıdır"	insa: ML-DSA-65=geçerli || R={ML-DSA-65} geçerli imzayla karşılandı; W içindeki imzalar geçerli || yol sınıfı tam-PQ
X5C03_karisik_klasik_yaprak_pq_ara	GEC	tedavi-ML-DSA-65	ikincil	K8(ikincil)	accept-classical	ÖK §2D m.1 (ON-KAYIT v0.8 (capa 7); 00-on-kayit/ON-KAYIT-TASLAK.md:395): "`x5c`/zincir davranışı yalnız X5C vektörlerinde, klasik ve ML-DSA zincirleriyle ölçülür." | [T038] RFC7515 §4.1.6 (RFC 7515; metin/RFC7515.txt:596): "The recipient MUST validate the certificate chain according to RFC 5280 [RFC5280] and consider the certificate or certificate chain to be invalid if any validation failure occurs." | ÖK §4.15 (ON-KAYIT v0.8 (capa 7); 00-on-kayit/ON-KAYIT-TASLAK.md:881): "V+: tek geçerli klasik imza → KABUL; V−: bozuk imza → RED" | [T315] RFC7515 §5.2 (RFC 7515; metin/RFC7515.txt:815): "at least one JWS Signature value MUST successfully validate, or the JWS MUST be considered invalid"	insa: ES256=geçerli || imza(lar) geçerli; alg ∈ W || anahtar x5c + güven çapalarıyla (root-ec, root-ml) çözülür; zincir sınıfı karisik; yol politikası yok
X5C03_karisik_klasik_yaprak_pq_ara	L4	tedavi-ML-DSA-65	ikincil	K8(ikincil)	reject	ÖK §6.5 (ON-KAYIT v0.8 (capa 7); 00-on-kayit/ON-KAYIT-TASLAK.md:1054): "İhraççı başına gerekli küme R = {X}, izinli küme {A, X}." | [T328] JWTBCP §3.1 (draft-ietf-oauth-rfc8725bis-10; metin/JWTBCP.txt:482): "it MUST determine which algorithms are permitted for itself and that issuer and ensure that the received JWT complies with those requirements" | ÖK §4.7 G5 (ON-KAYIT v0.8 (capa 7); 00-on-kayit/ON-KAYIT-TASLAK.md:767): "Göç etmiş bir varlık, ilan ettiği eski-sürüm penceresi dışında yalnız klasik kanıtla kabul edilemez." | ÖK §4.13 L4 (ON-KAYIT v0.8 (capa 7); 00-on-kayit/ON-KAYIT-TASLAK.md:844): "Yapılandırılmış hâlde K1 KABUL, K2 RED, K3 RED (§6.5)" | ÖK §2D m.1 (ON-KAYIT v0.8 (capa 7); 00-on-kayit/ON-KAYIT-TASLAK.md:395): "`x5c`/zincir davranışı yalnız X5C vektörlerinde, klasik ve ML-DSA zincirleriyle ölçülür." | [T038] RFC7515 §4.1.6 (RFC 7515; metin/RFC7515.txt:596): "The recipient MUST validate the certificate chain according to RFC 5280 [RFC5280] and consider the certificate or certificate chain to be invalid if any validation failure occurs." | ÖK §6.5 K8 (ON-KAYIT v0.8 (capa 7); 00-on-kayit/ON-KAYIT-TASLAK.md:1065): "zinciri (yaprak composite, ara CA klasik) | Bayrak B2"	insa: ES256=geçerli || gerekli küme R=['ML-DSA-65'] karşılanmıyor (yalnız ES256) || anahtar x5c + güven çapalarıyla (root-ec, root-ml) çözülür; zincir sınıfı karisik; yol politikası yok
X5C03_karisik_klasik_yaprak_pq_ara	L4-S	tedavi-ML-DSA-65	ikincil	K8(ikincil)	reject	ÖK §6.5 (ON-KAYIT v0.8 (capa 7); 00-on-kayit/ON-KAYIT-TASLAK.md:1054): "İhraççı başına gerekli küme R = {X}, izinli küme {A, X}." | [T328] JWTBCP §3.1 (draft-ietf-oauth-rfc8725bis-10; metin/JWTBCP.txt:482): "it MUST determine which algorithms are permitted for itself and that issuer and ensure that the received JWT complies with those requirements" | ÖK §4.7 G5 (ON-KAYIT v0.8 (capa 7); 00-on-kayit/ON-KAYIT-TASLAK.md:767): "Göç etmiş bir varlık, ilan ettiği eski-sürüm penceresi dışında yalnız klasik kanıtla kabul edilemez." | ÖK §4.13 L4 (ON-KAYIT v0.8 (capa 7); 00-on-kayit/ON-KAYIT-TASLAK.md:844): "Yapılandırılmış hâlde K1 KABUL, K2 RED, K3 RED (§6.5)" | ÖK §2D m.1 (ON-KAYIT v0.8 (capa 7); 00-on-kayit/ON-KAYIT-TASLAK.md:395): "`x5c`/zincir davranışı yalnız X5C vektörlerinde, klasik ve ML-DSA zincirleriyle ölçülür." | [T038] RFC7515 §4.1.6 (RFC 7515; metin/RFC7515.txt:596): "The recipient MUST validate the certificate chain according to RFC 5280 [RFC5280] and consider the certificate or certificate chain to be invalid if any validation failure occurs." | ÖK §6.5 K8 (ON-KAYIT v0.8 (capa 7); 00-on-kayit/ON-KAYIT-TASLAK.md:1065): "zinciri (yaprak composite, ara CA klasik) | Bayrak B2" | ÖK §4.8 P3 (ON-KAYIT v0.8 (capa 7); 00-on-kayit/ON-KAYIT-TASLAK.md:778): "P2 + ihraççı başına gerekli küme R_I"	insa: ES256=geçerli || gerekli küme R=['ML-DSA-65'] karşılanmıyor (yalnız ES256) || anahtar x5c + güven çapalarıyla (root-ec, root-ml) çözülür; zincir sınıfı karisik; yol politikası yok
X5C03_karisik_klasik_yaprak_pq_ara	L4-Y	tedavi-ML-DSA-65	ikincil	K8(ikincil)	reject	ÖK §6.5 (ON-KAYIT v0.8 (capa 7); 00-on-kayit/ON-KAYIT-TASLAK.md:1054): "İhraççı başına gerekli küme R = {X}, izinli küme {A, X}." | [T328] JWTBCP §3.1 (draft-ietf-oauth-rfc8725bis-10; metin/JWTBCP.txt:482): "it MUST determine which algorithms are permitted for itself and that issuer and ensure that the received JWT complies with those requirements" | ÖK §4.7 G5 (ON-KAYIT v0.8 (capa 7); 00-on-kayit/ON-KAYIT-TASLAK.md:767): "Göç etmiş bir varlık, ilan ettiği eski-sürüm penceresi dışında yalnız klasik kanıtla kabul edilemez." | ÖK §4.13 L4 (ON-KAYIT v0.8 (capa 7); 00-on-kayit/ON-KAYIT-TASLAK.md:844): "Yapılandırılmış hâlde K1 KABUL, K2 RED, K3 RED (§6.5)" | ÖK §2D m.1 (ON-KAYIT v0.8 (capa 7); 00-on-kayit/ON-KAYIT-TASLAK.md:395): "`x5c`/zincir davranışı yalnız X5C vektörlerinde, klasik ve ML-DSA zincirleriyle ölçülür." | [T038] RFC7515 §4.1.6 (RFC 7515; metin/RFC7515.txt:596): "The recipient MUST validate the certificate chain according to RFC 5280 [RFC5280] and consider the certificate or certificate chain to be invalid if any validation failure occurs." | ÖK §6.5 K8 (ON-KAYIT v0.8 (capa 7); 00-on-kayit/ON-KAYIT-TASLAK.md:1065): "zinciri (yaprak composite, ara CA klasik) | Bayrak B2" | [T314] RFC7515 §5.2 (RFC 7515; metin/RFC7515.txt:810): "When there are multiple JWS Signature values, it is an application decision which of the JWS Signature values must successfully validate for the JWS to be accepted."	insa: ES256=geçerli || gerekli küme R=['ML-DSA-65'] karşılanmıyor (yalnız ES256) || anahtar x5c + güven çapalarıyla (root-ec, root-ml) çözülür; zincir sınıfı karisik; yol politikası yok
X5C03_karisik_klasik_yaprak_pq_ara	L4-YOL	tedavi-ML-DSA-65	ikincil	K8(ikincil)	reject	ÖK §2D m.13 (ON-KAYIT v0.8 (capa 7); 00-on-kayit/ON-KAYIT-TASLAK.md:460): "kabul edilen yolun, TL/LoTE'de listelenen çıpadan kimlik bilgisine kadar bütün kenarları PQ olmalıdır" | [T055] JOSECOMP §6.2 (draft-ietf-jose-pq-composite-sigs-04; metin/JOSECOMP.txt:1052): "Because the certificate itself is protected by a composite signature, an attacker cannot forge a fake certificate to swap a public key even if the traditional algorithm is broken." | [T038] RFC7515 §4.1.6 (RFC 7515; metin/RFC7515.txt:596): "The recipient MUST validate the certificate chain according to RFC 5280 [RFC5280] and consider the certificate or certificate chain to be invalid if any validation failure occurs." | ÖK §6.5 (ON-KAYIT v0.8 (capa 7); 00-on-kayit/ON-KAYIT-TASLAK.md:1054): "İhraççı başına gerekli küme R = {X}, izinli küme {A, X}." | [T328] JWTBCP §3.1 (draft-ietf-oauth-rfc8725bis-10; metin/JWTBCP.txt:482): "it MUST determine which algorithms are permitted for itself and that issuer and ensure that the received JWT complies with those requirements" | ÖK §4.7 G5 (ON-KAYIT v0.8 (capa 7); 00-on-kayit/ON-KAYIT-TASLAK.md:767): "Göç etmiş bir varlık, ilan ettiği eski-sürüm penceresi dışında yalnız klasik kanıtla kabul edilemez." | ÖK §4.13 L4 (ON-KAYIT v0.8 (capa 7); 00-on-kayit/ON-KAYIT-TASLAK.md:844): "Yapılandırılmış hâlde K1 KABUL, K2 RED, K3 RED (§6.5)" | ÖK §6.5 K8 (ON-KAYIT v0.8 (capa 7); 00-on-kayit/ON-KAYIT-TASLAK.md:1065): "zinciri (yaprak composite, ara CA klasik) | Bayrak B2"	insa: ES256=geçerli || yol sınıfı "karisik": yolun en az bir kenarı klasik imzalı → B2 politikası reddeder || gerekli küme R=['ML-DSA-65'] karşılanmıyor (yalnız ES256)
X5C04_karisik_pq_yaprak_klasik_ara	GEC	tedavi-ML-DSA-65	birincil	K8	accept-hybrid	ÖK §2D m.1 (ON-KAYIT v0.8 (capa 7); 00-on-kayit/ON-KAYIT-TASLAK.md:395): "`x5c`/zincir davranışı yalnız X5C vektörlerinde, klasik ve ML-DSA zincirleriyle ölçülür." | [T038] RFC7515 §4.1.6 (RFC 7515; metin/RFC7515.txt:596): "The recipient MUST validate the certificate chain according to RFC 5280 [RFC5280] and consider the certificate or certificate chain to be invalid if any validation failure occurs." | ÖK §4.15 (ON-KAYIT v0.8 (capa 7); 00-on-kayit/ON-KAYIT-TASLAK.md:881): "V+: tek geçerli klasik imza → KABUL; V−: bozuk imza → RED" | [T315] RFC7515 §5.2 (RFC 7515; metin/RFC7515.txt:815): "at least one JWS Signature value MUST successfully validate, or the JWS MUST be considered invalid"	insa: ML-DSA-65=geçerli || imza(lar) geçerli; alg ∈ W || anahtar x5c + güven çapalarıyla (root-ec, root-ml) çözülür; zincir sınıfı karisik; yol politikası yok
X5C04_karisik_pq_yaprak_klasik_ara	L4	tedavi-ML-DSA-65	birincil	K8	accept-hybrid	ÖK §6.5 (ON-KAYIT v0.8 (capa 7); 00-on-kayit/ON-KAYIT-TASLAK.md:1054): "İhraççı başına gerekli küme R = {X}, izinli küme {A, X}." | [T328] JWTBCP §3.1 (draft-ietf-oauth-rfc8725bis-10; metin/JWTBCP.txt:482): "it MUST determine which algorithms are permitted for itself and that issuer and ensure that the received JWT complies with those requirements" | ÖK §4.7 G5 (ON-KAYIT v0.8 (capa 7); 00-on-kayit/ON-KAYIT-TASLAK.md:767): "Göç etmiş bir varlık, ilan ettiği eski-sürüm penceresi dışında yalnız klasik kanıtla kabul edilemez." | ÖK §2D m.1 (ON-KAYIT v0.8 (capa 7); 00-on-kayit/ON-KAYIT-TASLAK.md:395): "`x5c`/zincir davranışı yalnız X5C vektörlerinde, klasik ve ML-DSA zincirleriyle ölçülür." | [T038] RFC7515 §4.1.6 (RFC 7515; metin/RFC7515.txt:596): "The recipient MUST validate the certificate chain according to RFC 5280 [RFC5280] and consider the certificate or certificate chain to be invalid if any validation failure occurs." | ÖK §6.5 K8 (ON-KAYIT v0.8 (capa 7); 00-on-kayit/ON-KAYIT-TASLAK.md:1065): "zinciri (yaprak composite, ara CA klasik) | Bayrak B2" | ÖK §4.13 L4 (ON-KAYIT v0.8 (capa 7); 00-on-kayit/ON-KAYIT-TASLAK.md:844): "Yapılandırılmış hâlde K1 KABUL, K2 RED, K3 RED (§6.5)"	insa: ML-DSA-65=geçerli || R={ML-DSA-65} geçerli imzayla karşılandı; W içindeki imzalar geçerli || anahtar x5c + güven çapalarıyla (root-ec, root-ml) çözülür; zincir sınıfı karisik; yol politikası yok
X5C04_karisik_pq_yaprak_klasik_ara	L4	tedavi-composite	birincil	K8	accept-hybrid	ÖK §6.5 (ON-KAYIT v0.8 (capa 7); 00-on-kayit/ON-KAYIT-TASLAK.md:1054): "İhraççı başına gerekli küme R = {X}, izinli küme {A, X}." | [T328] JWTBCP §3.1 (draft-ietf-oauth-rfc8725bis-10; metin/JWTBCP.txt:482): "it MUST determine which algorithms are permitted for itself and that issuer and ensure that the received JWT complies with those requirements" | ÖK §4.7 G5 (ON-KAYIT v0.8 (capa 7); 00-on-kayit/ON-KAYIT-TASLAK.md:767): "Göç etmiş bir varlık, ilan ettiği eski-sürüm penceresi dışında yalnız klasik kanıtla kabul edilemez." | ÖK §2D m.1 (ON-KAYIT v0.8 (capa 7); 00-on-kayit/ON-KAYIT-TASLAK.md:395): "`x5c`/zincir davranışı yalnız X5C vektörlerinde, klasik ve ML-DSA zincirleriyle ölçülür." | [T038] RFC7515 §4.1.6 (RFC 7515; metin/RFC7515.txt:596): "The recipient MUST validate the certificate chain according to RFC 5280 [RFC5280] and consider the certificate or certificate chain to be invalid if any validation failure occurs." | ÖK §2F m.4 (ON-KAYIT v0.8 (capa 7); 00-on-kayit/ON-KAYIT-TASLAK.md:554): ""**yaprak ML-DSA-65, ara CA klasik**" (vektör X5C04)" | ÖK §6.5 K8 (ON-KAYIT v0.8 (capa 7); 00-on-kayit/ON-KAYIT-TASLAK.md:1065): "zinciri (yaprak composite, ara CA klasik) | Bayrak B2" | ÖK §4.13 L4 (ON-KAYIT v0.8 (capa 7); 00-on-kayit/ON-KAYIT-TASLAK.md:844): "Yapılandırılmış hâlde K1 KABUL, K2 RED, K3 RED (§6.5)"	insa: ML-DSA-65=geçerli || R={ML-DSA-65} geçerli imzayla karşılandı; W içindeki imzalar geçerli || anahtar x5c + güven çapalarıyla (root-ec, root-ml) çözülür; zincir sınıfı karisik; yol politikası yok || composite kolunda ÖK §2F m.4 uyarlaması: politika X=ML-DSA-65 ile örneklendi (composite X.509 kapsam dışı)
X5C04_karisik_pq_yaprak_klasik_ara	L4-S	tedavi-ML-DSA-65	birincil	K8	accept-hybrid	ÖK §6.5 (ON-KAYIT v0.8 (capa 7); 00-on-kayit/ON-KAYIT-TASLAK.md:1054): "İhraççı başına gerekli küme R = {X}, izinli küme {A, X}." | [T328] JWTBCP §3.1 (draft-ietf-oauth-rfc8725bis-10; metin/JWTBCP.txt:482): "it MUST determine which algorithms are permitted for itself and that issuer and ensure that the received JWT complies with those requirements" | ÖK §4.7 G5 (ON-KAYIT v0.8 (capa 7); 00-on-kayit/ON-KAYIT-TASLAK.md:767): "Göç etmiş bir varlık, ilan ettiği eski-sürüm penceresi dışında yalnız klasik kanıtla kabul edilemez." | ÖK §2D m.1 (ON-KAYIT v0.8 (capa 7); 00-on-kayit/ON-KAYIT-TASLAK.md:395): "`x5c`/zincir davranışı yalnız X5C vektörlerinde, klasik ve ML-DSA zincirleriyle ölçülür." | [T038] RFC7515 §4.1.6 (RFC 7515; metin/RFC7515.txt:596): "The recipient MUST validate the certificate chain according to RFC 5280 [RFC5280] and consider the certificate or certificate chain to be invalid if any validation failure occurs." | ÖK §6.5 K8 (ON-KAYIT v0.8 (capa 7); 00-on-kayit/ON-KAYIT-TASLAK.md:1065): "zinciri (yaprak composite, ara CA klasik) | Bayrak B2" | ÖK §4.8 P3 (ON-KAYIT v0.8 (capa 7); 00-on-kayit/ON-KAYIT-TASLAK.md:778): "P2 + ihraççı başına gerekli küme R_I"	insa: ML-DSA-65=geçerli || R={ML-DSA-65} geçerli imzayla karşılandı; W içindeki imzalar geçerli || anahtar x5c + güven çapalarıyla (root-ec, root-ml) çözülür; zincir sınıfı karisik; yol politikası yok
X5C04_karisik_pq_yaprak_klasik_ara	L4-S	tedavi-composite	birincil	K8	accept-hybrid	ÖK §6.5 (ON-KAYIT v0.8 (capa 7); 00-on-kayit/ON-KAYIT-TASLAK.md:1054): "İhraççı başına gerekli küme R = {X}, izinli küme {A, X}." | [T328] JWTBCP §3.1 (draft-ietf-oauth-rfc8725bis-10; metin/JWTBCP.txt:482): "it MUST determine which algorithms are permitted for itself and that issuer and ensure that the received JWT complies with those requirements" | ÖK §4.7 G5 (ON-KAYIT v0.8 (capa 7); 00-on-kayit/ON-KAYIT-TASLAK.md:767): "Göç etmiş bir varlık, ilan ettiği eski-sürüm penceresi dışında yalnız klasik kanıtla kabul edilemez." | ÖK §2D m.1 (ON-KAYIT v0.8 (capa 7); 00-on-kayit/ON-KAYIT-TASLAK.md:395): "`x5c`/zincir davranışı yalnız X5C vektörlerinde, klasik ve ML-DSA zincirleriyle ölçülür." | [T038] RFC7515 §4.1.6 (RFC 7515; metin/RFC7515.txt:596): "The recipient MUST validate the certificate chain according to RFC 5280 [RFC5280] and consider the certificate or certificate chain to be invalid if any validation failure occurs." | ÖK §2F m.4 (ON-KAYIT v0.8 (capa 7); 00-on-kayit/ON-KAYIT-TASLAK.md:554): ""**yaprak ML-DSA-65, ara CA klasik**" (vektör X5C04)" | ÖK §6.5 K8 (ON-KAYIT v0.8 (capa 7); 00-on-kayit/ON-KAYIT-TASLAK.md:1065): "zinciri (yaprak composite, ara CA klasik) | Bayrak B2" | ÖK §4.8 P3 (ON-KAYIT v0.8 (capa 7); 00-on-kayit/ON-KAYIT-TASLAK.md:778): "P2 + ihraççı başına gerekli küme R_I"	insa: ML-DSA-65=geçerli || R={ML-DSA-65} geçerli imzayla karşılandı; W içindeki imzalar geçerli || anahtar x5c + güven çapalarıyla (root-ec, root-ml) çözülür; zincir sınıfı karisik; yol politikası yok || composite kolunda ÖK §2F m.4 uyarlaması: politika X=ML-DSA-65 ile örneklendi (composite X.509 kapsam dışı)
X5C04_karisik_pq_yaprak_klasik_ara	L4-Y	tedavi-ML-DSA-65	birincil	K8	accept-hybrid	ÖK §6.5 (ON-KAYIT v0.8 (capa 7); 00-on-kayit/ON-KAYIT-TASLAK.md:1054): "İhraççı başına gerekli küme R = {X}, izinli küme {A, X}." | [T328] JWTBCP §3.1 (draft-ietf-oauth-rfc8725bis-10; metin/JWTBCP.txt:482): "it MUST determine which algorithms are permitted for itself and that issuer and ensure that the received JWT complies with those requirements" | ÖK §4.7 G5 (ON-KAYIT v0.8 (capa 7); 00-on-kayit/ON-KAYIT-TASLAK.md:767): "Göç etmiş bir varlık, ilan ettiği eski-sürüm penceresi dışında yalnız klasik kanıtla kabul edilemez." | ÖK §2D m.1 (ON-KAYIT v0.8 (capa 7); 00-on-kayit/ON-KAYIT-TASLAK.md:395): "`x5c`/zincir davranışı yalnız X5C vektörlerinde, klasik ve ML-DSA zincirleriyle ölçülür." | [T038] RFC7515 §4.1.6 (RFC 7515; metin/RFC7515.txt:596): "The recipient MUST validate the certificate chain according to RFC 5280 [RFC5280] and consider the certificate or certificate chain to be invalid if any validation failure occurs." | ÖK §6.5 K8 (ON-KAYIT v0.8 (capa 7); 00-on-kayit/ON-KAYIT-TASLAK.md:1065): "zinciri (yaprak composite, ara CA klasik) | Bayrak B2" | [T314] RFC7515 §5.2 (RFC 7515; metin/RFC7515.txt:810): "When there are multiple JWS Signature values, it is an application decision which of the JWS Signature values must successfully validate for the JWS to be accepted."	insa: ML-DSA-65=geçerli || R={ML-DSA-65} geçerli imzayla karşılandı; W içindeki imzalar geçerli || anahtar x5c + güven çapalarıyla (root-ec, root-ml) çözülür; zincir sınıfı karisik; yol politikası yok
X5C04_karisik_pq_yaprak_klasik_ara	L4-Y	tedavi-composite	birincil	K8	accept-hybrid	ÖK §6.5 (ON-KAYIT v0.8 (capa 7); 00-on-kayit/ON-KAYIT-TASLAK.md:1054): "İhraççı başına gerekli küme R = {X}, izinli küme {A, X}." | [T328] JWTBCP §3.1 (draft-ietf-oauth-rfc8725bis-10; metin/JWTBCP.txt:482): "it MUST determine which algorithms are permitted for itself and that issuer and ensure that the received JWT complies with those requirements" | ÖK §4.7 G5 (ON-KAYIT v0.8 (capa 7); 00-on-kayit/ON-KAYIT-TASLAK.md:767): "Göç etmiş bir varlık, ilan ettiği eski-sürüm penceresi dışında yalnız klasik kanıtla kabul edilemez." | ÖK §2D m.1 (ON-KAYIT v0.8 (capa 7); 00-on-kayit/ON-KAYIT-TASLAK.md:395): "`x5c`/zincir davranışı yalnız X5C vektörlerinde, klasik ve ML-DSA zincirleriyle ölçülür." | [T038] RFC7515 §4.1.6 (RFC 7515; metin/RFC7515.txt:596): "The recipient MUST validate the certificate chain according to RFC 5280 [RFC5280] and consider the certificate or certificate chain to be invalid if any validation failure occurs." | ÖK §2F m.4 (ON-KAYIT v0.8 (capa 7); 00-on-kayit/ON-KAYIT-TASLAK.md:554): ""**yaprak ML-DSA-65, ara CA klasik**" (vektör X5C04)" | ÖK §6.5 K8 (ON-KAYIT v0.8 (capa 7); 00-on-kayit/ON-KAYIT-TASLAK.md:1065): "zinciri (yaprak composite, ara CA klasik) | Bayrak B2" | [T314] RFC7515 §5.2 (RFC 7515; metin/RFC7515.txt:810): "When there are multiple JWS Signature values, it is an application decision which of the JWS Signature values must successfully validate for the JWS to be accepted."	insa: ML-DSA-65=geçerli || R={ML-DSA-65} geçerli imzayla karşılandı; W içindeki imzalar geçerli || anahtar x5c + güven çapalarıyla (root-ec, root-ml) çözülür; zincir sınıfı karisik; yol politikası yok || composite kolunda ÖK §2F m.4 uyarlaması: politika X=ML-DSA-65 ile örneklendi (composite X.509 kapsam dışı)
X5C04_karisik_pq_yaprak_klasik_ara	L4-YOL	tedavi-ML-DSA-65	birincil	K8	reject	ÖK §2D m.13 (ON-KAYIT v0.8 (capa 7); 00-on-kayit/ON-KAYIT-TASLAK.md:460): "kabul edilen yolun, TL/LoTE'de listelenen çıpadan kimlik bilgisine kadar bütün kenarları PQ olmalıdır" | [T055] JOSECOMP §6.2 (draft-ietf-jose-pq-composite-sigs-04; metin/JOSECOMP.txt:1052): "Because the certificate itself is protected by a composite signature, an attacker cannot forge a fake certificate to swap a public key even if the traditional algorithm is broken." | [T038] RFC7515 §4.1.6 (RFC 7515; metin/RFC7515.txt:596): "The recipient MUST validate the certificate chain according to RFC 5280 [RFC5280] and consider the certificate or certificate chain to be invalid if any validation failure occurs." | ÖK §6.5 (ON-KAYIT v0.8 (capa 7); 00-on-kayit/ON-KAYIT-TASLAK.md:1054): "İhraççı başına gerekli küme R = {X}, izinli küme {A, X}." | [T328] JWTBCP §3.1 (draft-ietf-oauth-rfc8725bis-10; metin/JWTBCP.txt:482): "it MUST determine which algorithms are permitted for itself and that issuer and ensure that the received JWT complies with those requirements" | ÖK §4.7 G5 (ON-KAYIT v0.8 (capa 7); 00-on-kayit/ON-KAYIT-TASLAK.md:767): "Göç etmiş bir varlık, ilan ettiği eski-sürüm penceresi dışında yalnız klasik kanıtla kabul edilemez." | ÖK §6.5 K8 (ON-KAYIT v0.8 (capa 7); 00-on-kayit/ON-KAYIT-TASLAK.md:1065): "zinciri (yaprak composite, ara CA klasik) | Bayrak B2"	insa: ML-DSA-65=geçerli || yol sınıfı "karisik": yolun en az bir kenarı klasik imzalı → B2 politikası reddeder || imza düzeyi: accept-hybrid (R={ML-DSA-65} geçerli imzayla karşılandı; W içindeki imzalar geçerli)
X5C04_karisik_pq_yaprak_klasik_ara	L4-YOL	tedavi-composite	birincil	K8	reject	ÖK §2D m.13 (ON-KAYIT v0.8 (capa 7); 00-on-kayit/ON-KAYIT-TASLAK.md:460): "kabul edilen yolun, TL/LoTE'de listelenen çıpadan kimlik bilgisine kadar bütün kenarları PQ olmalıdır" | [T055] JOSECOMP §6.2 (draft-ietf-jose-pq-composite-sigs-04; metin/JOSECOMP.txt:1052): "Because the certificate itself is protected by a composite signature, an attacker cannot forge a fake certificate to swap a public key even if the traditional algorithm is broken." | [T038] RFC7515 §4.1.6 (RFC 7515; metin/RFC7515.txt:596): "The recipient MUST validate the certificate chain according to RFC 5280 [RFC5280] and consider the certificate or certificate chain to be invalid if any validation failure occurs." | ÖK §6.5 (ON-KAYIT v0.8 (capa 7); 00-on-kayit/ON-KAYIT-TASLAK.md:1054): "İhraççı başına gerekli küme R = {X}, izinli küme {A, X}." | [T328] JWTBCP §3.1 (draft-ietf-oauth-rfc8725bis-10; metin/JWTBCP.txt:482): "it MUST determine which algorithms are permitted for itself and that issuer and ensure that the received JWT complies with those requirements" | ÖK §4.7 G5 (ON-KAYIT v0.8 (capa 7); 00-on-kayit/ON-KAYIT-TASLAK.md:767): "Göç etmiş bir varlık, ilan ettiği eski-sürüm penceresi dışında yalnız klasik kanıtla kabul edilemez." | ÖK §2F m.4 (ON-KAYIT v0.8 (capa 7); 00-on-kayit/ON-KAYIT-TASLAK.md:554): ""**yaprak ML-DSA-65, ara CA klasik**" (vektör X5C04)" | ÖK §6.5 K8 (ON-KAYIT v0.8 (capa 7); 00-on-kayit/ON-KAYIT-TASLAK.md:1065): "zinciri (yaprak composite, ara CA klasik) | Bayrak B2"	insa: ML-DSA-65=geçerli || yol sınıfı "karisik": yolun en az bir kenarı klasik imzalı → B2 politikası reddeder || imza düzeyi: accept-hybrid (R={ML-DSA-65} geçerli imzayla karşılandı; W içindeki imzalar geçerli) || composite kolunda ÖK §2F m.4 uyarlaması: politika X=ML-DSA-65 ile örneklendi (composite X.509 kapsam dışı)
X5C05_karisik_pq_ara_klasik_kok	GEC	tedavi-ML-DSA-65	ikincil	K8(ikincil)	accept-hybrid	ÖK §2D m.1 (ON-KAYIT v0.8 (capa 7); 00-on-kayit/ON-KAYIT-TASLAK.md:395): "`x5c`/zincir davranışı yalnız X5C vektörlerinde, klasik ve ML-DSA zincirleriyle ölçülür." | [T038] RFC7515 §4.1.6 (RFC 7515; metin/RFC7515.txt:596): "The recipient MUST validate the certificate chain according to RFC 5280 [RFC5280] and consider the certificate or certificate chain to be invalid if any validation failure occurs." | ÖK §4.15 (ON-KAYIT v0.8 (capa 7); 00-on-kayit/ON-KAYIT-TASLAK.md:881): "V+: tek geçerli klasik imza → KABUL; V−: bozuk imza → RED" | [T315] RFC7515 §5.2 (RFC 7515; metin/RFC7515.txt:815): "at least one JWS Signature value MUST successfully validate, or the JWS MUST be considered invalid"	insa: ML-DSA-65=geçerli || imza(lar) geçerli; alg ∈ W || anahtar x5c + güven çapalarıyla (root-ec, root-ml) çözülür; zincir sınıfı karisik; yol politikası yok
X5C05_karisik_pq_ara_klasik_kok	L4	tedavi-ML-DSA-65	ikincil	K8(ikincil)	accept-hybrid	ÖK §6.5 (ON-KAYIT v0.8 (capa 7); 00-on-kayit/ON-KAYIT-TASLAK.md:1054): "İhraççı başına gerekli küme R = {X}, izinli küme {A, X}." | [T328] JWTBCP §3.1 (draft-ietf-oauth-rfc8725bis-10; metin/JWTBCP.txt:482): "it MUST determine which algorithms are permitted for itself and that issuer and ensure that the received JWT complies with those requirements" | ÖK §4.7 G5 (ON-KAYIT v0.8 (capa 7); 00-on-kayit/ON-KAYIT-TASLAK.md:767): "Göç etmiş bir varlık, ilan ettiği eski-sürüm penceresi dışında yalnız klasik kanıtla kabul edilemez." | ÖK §2D m.1 (ON-KAYIT v0.8 (capa 7); 00-on-kayit/ON-KAYIT-TASLAK.md:395): "`x5c`/zincir davranışı yalnız X5C vektörlerinde, klasik ve ML-DSA zincirleriyle ölçülür." | [T038] RFC7515 §4.1.6 (RFC 7515; metin/RFC7515.txt:596): "The recipient MUST validate the certificate chain according to RFC 5280 [RFC5280] and consider the certificate or certificate chain to be invalid if any validation failure occurs." | ÖK §6.5 K8 (ON-KAYIT v0.8 (capa 7); 00-on-kayit/ON-KAYIT-TASLAK.md:1065): "zinciri (yaprak composite, ara CA klasik) | Bayrak B2" | ÖK §4.13 L4 (ON-KAYIT v0.8 (capa 7); 00-on-kayit/ON-KAYIT-TASLAK.md:844): "Yapılandırılmış hâlde K1 KABUL, K2 RED, K3 RED (§6.5)"	insa: ML-DSA-65=geçerli || R={ML-DSA-65} geçerli imzayla karşılandı; W içindeki imzalar geçerli || anahtar x5c + güven çapalarıyla (root-ec, root-ml) çözülür; zincir sınıfı karisik; yol politikası yok
X5C05_karisik_pq_ara_klasik_kok	L4-S	tedavi-ML-DSA-65	ikincil	K8(ikincil)	accept-hybrid	ÖK §6.5 (ON-KAYIT v0.8 (capa 7); 00-on-kayit/ON-KAYIT-TASLAK.md:1054): "İhraççı başına gerekli küme R = {X}, izinli küme {A, X}." | [T328] JWTBCP §3.1 (draft-ietf-oauth-rfc8725bis-10; metin/JWTBCP.txt:482): "it MUST determine which algorithms are permitted for itself and that issuer and ensure that the received JWT complies with those requirements" | ÖK §4.7 G5 (ON-KAYIT v0.8 (capa 7); 00-on-kayit/ON-KAYIT-TASLAK.md:767): "Göç etmiş bir varlık, ilan ettiği eski-sürüm penceresi dışında yalnız klasik kanıtla kabul edilemez." | ÖK §2D m.1 (ON-KAYIT v0.8 (capa 7); 00-on-kayit/ON-KAYIT-TASLAK.md:395): "`x5c`/zincir davranışı yalnız X5C vektörlerinde, klasik ve ML-DSA zincirleriyle ölçülür." | [T038] RFC7515 §4.1.6 (RFC 7515; metin/RFC7515.txt:596): "The recipient MUST validate the certificate chain according to RFC 5280 [RFC5280] and consider the certificate or certificate chain to be invalid if any validation failure occurs." | ÖK §6.5 K8 (ON-KAYIT v0.8 (capa 7); 00-on-kayit/ON-KAYIT-TASLAK.md:1065): "zinciri (yaprak composite, ara CA klasik) | Bayrak B2" | ÖK §4.8 P3 (ON-KAYIT v0.8 (capa 7); 00-on-kayit/ON-KAYIT-TASLAK.md:778): "P2 + ihraççı başına gerekli küme R_I"	insa: ML-DSA-65=geçerli || R={ML-DSA-65} geçerli imzayla karşılandı; W içindeki imzalar geçerli || anahtar x5c + güven çapalarıyla (root-ec, root-ml) çözülür; zincir sınıfı karisik; yol politikası yok
X5C05_karisik_pq_ara_klasik_kok	L4-Y	tedavi-ML-DSA-65	ikincil	K8(ikincil)	accept-hybrid	ÖK §6.5 (ON-KAYIT v0.8 (capa 7); 00-on-kayit/ON-KAYIT-TASLAK.md:1054): "İhraççı başına gerekli küme R = {X}, izinli küme {A, X}." | [T328] JWTBCP §3.1 (draft-ietf-oauth-rfc8725bis-10; metin/JWTBCP.txt:482): "it MUST determine which algorithms are permitted for itself and that issuer and ensure that the received JWT complies with those requirements" | ÖK §4.7 G5 (ON-KAYIT v0.8 (capa 7); 00-on-kayit/ON-KAYIT-TASLAK.md:767): "Göç etmiş bir varlık, ilan ettiği eski-sürüm penceresi dışında yalnız klasik kanıtla kabul edilemez." | ÖK §2D m.1 (ON-KAYIT v0.8 (capa 7); 00-on-kayit/ON-KAYIT-TASLAK.md:395): "`x5c`/zincir davranışı yalnız X5C vektörlerinde, klasik ve ML-DSA zincirleriyle ölçülür." | [T038] RFC7515 §4.1.6 (RFC 7515; metin/RFC7515.txt:596): "The recipient MUST validate the certificate chain according to RFC 5280 [RFC5280] and consider the certificate or certificate chain to be invalid if any validation failure occurs." | ÖK §6.5 K8 (ON-KAYIT v0.8 (capa 7); 00-on-kayit/ON-KAYIT-TASLAK.md:1065): "zinciri (yaprak composite, ara CA klasik) | Bayrak B2" | [T314] RFC7515 §5.2 (RFC 7515; metin/RFC7515.txt:810): "When there are multiple JWS Signature values, it is an application decision which of the JWS Signature values must successfully validate for the JWS to be accepted."	insa: ML-DSA-65=geçerli || R={ML-DSA-65} geçerli imzayla karşılandı; W içindeki imzalar geçerli || anahtar x5c + güven çapalarıyla (root-ec, root-ml) çözülür; zincir sınıfı karisik; yol politikası yok
X5C05_karisik_pq_ara_klasik_kok	L4-YOL	tedavi-ML-DSA-65	ikincil	K8(ikincil)	reject	ÖK §2D m.13 (ON-KAYIT v0.8 (capa 7); 00-on-kayit/ON-KAYIT-TASLAK.md:460): "kabul edilen yolun, TL/LoTE'de listelenen çıpadan kimlik bilgisine kadar bütün kenarları PQ olmalıdır" | [T055] JOSECOMP §6.2 (draft-ietf-jose-pq-composite-sigs-04; metin/JOSECOMP.txt:1052): "Because the certificate itself is protected by a composite signature, an attacker cannot forge a fake certificate to swap a public key even if the traditional algorithm is broken." | [T038] RFC7515 §4.1.6 (RFC 7515; metin/RFC7515.txt:596): "The recipient MUST validate the certificate chain according to RFC 5280 [RFC5280] and consider the certificate or certificate chain to be invalid if any validation failure occurs." | ÖK §6.5 (ON-KAYIT v0.8 (capa 7); 00-on-kayit/ON-KAYIT-TASLAK.md:1054): "İhraççı başına gerekli küme R = {X}, izinli küme {A, X}." | [T328] JWTBCP §3.1 (draft-ietf-oauth-rfc8725bis-10; metin/JWTBCP.txt:482): "it MUST determine which algorithms are permitted for itself and that issuer and ensure that the received JWT complies with those requirements" | ÖK §4.7 G5 (ON-KAYIT v0.8 (capa 7); 00-on-kayit/ON-KAYIT-TASLAK.md:767): "Göç etmiş bir varlık, ilan ettiği eski-sürüm penceresi dışında yalnız klasik kanıtla kabul edilemez." | ÖK §6.5 K8 (ON-KAYIT v0.8 (capa 7); 00-on-kayit/ON-KAYIT-TASLAK.md:1065): "zinciri (yaprak composite, ara CA klasik) | Bayrak B2"	insa: ML-DSA-65=geçerli || yol sınıfı "karisik": yolun en az bir kenarı klasik imzalı → B2 politikası reddeder || imza düzeyi: accept-hybrid (R={ML-DSA-65} geçerli imzayla karşılandı; W içindeki imzalar geçerli)
X5C06_guven_capasi_x5c_icinde	GEC	tedavi-ML-DSA-65	ikincil	eşleme-dışı	indeterminate	[T043] HAIP §6.1.1 (HAIP 1.0 Final; metin/HAIP.txt:490): "The X.509 certificate of the trust anchor MUST NOT be included in the x5c JOSE header of the SD-JWT VC." | [T038] RFC7515 §4.1.6 (RFC 7515; metin/RFC7515.txt:596): "The recipient MUST validate the certificate chain according to RFC 5280 [RFC5280] and consider the certificate or certificate chain to be invalid if any validation failure occurs." | ÖK §2D m.1 (ON-KAYIT v0.8 (capa 7); 00-on-kayit/ON-KAYIT-TASLAK.md:395): "`x5c`/zincir davranışı yalnız X5C vektörlerinde, klasik ve ML-DSA zincirleriyle ölçülür." | ÖK §4.15 (ON-KAYIT v0.8 (capa 7); 00-on-kayit/ON-KAYIT-TASLAK.md:881): "V+: tek geçerli klasik imza → KABUL; V−: bozuk imza → RED" | [T315] RFC7515 §5.2 (RFC 7515; metin/RFC7515.txt:815): "at least one JWS Signature value MUST successfully validate, or the JWS MUST be considered invalid"	insa: ML-DSA-65=geçerli || güven çapası x5c içinde: HAIP üreticiye MUST NOT der, doğrulayıcının tepkisi yazılı değil; RFC 5280 yolu yine kurulur || imza düzeyi: accept-hybrid (imza(lar) geçerli; alg ∈ W) || anahtar x5c + güven çapalarıyla (root-ec, root-ml) çözülür; zincir sınıfı tam-pq; yol politikası yok
X5C06_guven_capasi_x5c_icinde	L4	tedavi-ML-DSA-65	ikincil	eşleme-dışı	indeterminate	ÖK §6.5 (ON-KAYIT v0.8 (capa 7); 00-on-kayit/ON-KAYIT-TASLAK.md:1054): "İhraççı başına gerekli küme R = {X}, izinli küme {A, X}." | [T328] JWTBCP §3.1 (draft-ietf-oauth-rfc8725bis-10; metin/JWTBCP.txt:482): "it MUST determine which algorithms are permitted for itself and that issuer and ensure that the received JWT complies with those requirements" | ÖK §4.7 G5 (ON-KAYIT v0.8 (capa 7); 00-on-kayit/ON-KAYIT-TASLAK.md:767): "Göç etmiş bir varlık, ilan ettiği eski-sürüm penceresi dışında yalnız klasik kanıtla kabul edilemez." | [T043] HAIP §6.1.1 (HAIP 1.0 Final; metin/HAIP.txt:490): "The X.509 certificate of the trust anchor MUST NOT be included in the x5c JOSE header of the SD-JWT VC." | [T038] RFC7515 §4.1.6 (RFC 7515; metin/RFC7515.txt:596): "The recipient MUST validate the certificate chain according to RFC 5280 [RFC5280] and consider the certificate or certificate chain to be invalid if any validation failure occurs." | ÖK §2D m.1 (ON-KAYIT v0.8 (capa 7); 00-on-kayit/ON-KAYIT-TASLAK.md:395): "`x5c`/zincir davranışı yalnız X5C vektörlerinde, klasik ve ML-DSA zincirleriyle ölçülür." | ÖK §4.13 L4 (ON-KAYIT v0.8 (capa 7); 00-on-kayit/ON-KAYIT-TASLAK.md:844): "Yapılandırılmış hâlde K1 KABUL, K2 RED, K3 RED (§6.5)"	insa: ML-DSA-65=geçerli || güven çapası x5c içinde: HAIP üreticiye MUST NOT der, doğrulayıcının tepkisi yazılı değil; RFC 5280 yolu yine kurulur || imza düzeyi: accept-hybrid (R={ML-DSA-65} geçerli imzayla karşılandı; W içindeki imzalar geçerli) || anahtar x5c + güven çapalarıyla (root-ec, root-ml) çözülür; zincir sınıfı tam-pq; yol politikası yok
X5C06_guven_capasi_x5c_icinde	L4-S	tedavi-ML-DSA-65	ikincil	eşleme-dışı	indeterminate	ÖK §6.5 (ON-KAYIT v0.8 (capa 7); 00-on-kayit/ON-KAYIT-TASLAK.md:1054): "İhraççı başına gerekli küme R = {X}, izinli küme {A, X}." | [T328] JWTBCP §3.1 (draft-ietf-oauth-rfc8725bis-10; metin/JWTBCP.txt:482): "it MUST determine which algorithms are permitted for itself and that issuer and ensure that the received JWT complies with those requirements" | ÖK §4.7 G5 (ON-KAYIT v0.8 (capa 7); 00-on-kayit/ON-KAYIT-TASLAK.md:767): "Göç etmiş bir varlık, ilan ettiği eski-sürüm penceresi dışında yalnız klasik kanıtla kabul edilemez." | [T043] HAIP §6.1.1 (HAIP 1.0 Final; metin/HAIP.txt:490): "The X.509 certificate of the trust anchor MUST NOT be included in the x5c JOSE header of the SD-JWT VC." | [T038] RFC7515 §4.1.6 (RFC 7515; metin/RFC7515.txt:596): "The recipient MUST validate the certificate chain according to RFC 5280 [RFC5280] and consider the certificate or certificate chain to be invalid if any validation failure occurs." | ÖK §2D m.1 (ON-KAYIT v0.8 (capa 7); 00-on-kayit/ON-KAYIT-TASLAK.md:395): "`x5c`/zincir davranışı yalnız X5C vektörlerinde, klasik ve ML-DSA zincirleriyle ölçülür." | ÖK §4.8 P3 (ON-KAYIT v0.8 (capa 7); 00-on-kayit/ON-KAYIT-TASLAK.md:778): "P2 + ihraççı başına gerekli küme R_I"	insa: ML-DSA-65=geçerli || güven çapası x5c içinde: HAIP üreticiye MUST NOT der, doğrulayıcının tepkisi yazılı değil; RFC 5280 yolu yine kurulur || imza düzeyi: accept-hybrid (R={ML-DSA-65} geçerli imzayla karşılandı; W içindeki imzalar geçerli) || anahtar x5c + güven çapalarıyla (root-ec, root-ml) çözülür; zincir sınıfı tam-pq; yol politikası yok
X5C06_guven_capasi_x5c_icinde	L4-Y	tedavi-ML-DSA-65	ikincil	eşleme-dışı	indeterminate	ÖK §6.5 (ON-KAYIT v0.8 (capa 7); 00-on-kayit/ON-KAYIT-TASLAK.md:1054): "İhraççı başına gerekli küme R = {X}, izinli küme {A, X}." | [T328] JWTBCP §3.1 (draft-ietf-oauth-rfc8725bis-10; metin/JWTBCP.txt:482): "it MUST determine which algorithms are permitted for itself and that issuer and ensure that the received JWT complies with those requirements" | ÖK §4.7 G5 (ON-KAYIT v0.8 (capa 7); 00-on-kayit/ON-KAYIT-TASLAK.md:767): "Göç etmiş bir varlık, ilan ettiği eski-sürüm penceresi dışında yalnız klasik kanıtla kabul edilemez." | [T043] HAIP §6.1.1 (HAIP 1.0 Final; metin/HAIP.txt:490): "The X.509 certificate of the trust anchor MUST NOT be included in the x5c JOSE header of the SD-JWT VC." | [T038] RFC7515 §4.1.6 (RFC 7515; metin/RFC7515.txt:596): "The recipient MUST validate the certificate chain according to RFC 5280 [RFC5280] and consider the certificate or certificate chain to be invalid if any validation failure occurs." | ÖK §2D m.1 (ON-KAYIT v0.8 (capa 7); 00-on-kayit/ON-KAYIT-TASLAK.md:395): "`x5c`/zincir davranışı yalnız X5C vektörlerinde, klasik ve ML-DSA zincirleriyle ölçülür." | [T314] RFC7515 §5.2 (RFC 7515; metin/RFC7515.txt:810): "When there are multiple JWS Signature values, it is an application decision which of the JWS Signature values must successfully validate for the JWS to be accepted."	insa: ML-DSA-65=geçerli || güven çapası x5c içinde: HAIP üreticiye MUST NOT der, doğrulayıcının tepkisi yazılı değil; RFC 5280 yolu yine kurulur || imza düzeyi: accept-hybrid (R={ML-DSA-65} geçerli imzayla karşılandı; W içindeki imzalar geçerli) || anahtar x5c + güven çapalarıyla (root-ec, root-ml) çözülür; zincir sınıfı tam-pq; yol politikası yok
X5C06_guven_capasi_x5c_icinde	L4-YOL	tedavi-ML-DSA-65	ikincil	eşleme-dışı	indeterminate	ÖK §6.5 (ON-KAYIT v0.8 (capa 7); 00-on-kayit/ON-KAYIT-TASLAK.md:1054): "İhraççı başına gerekli küme R = {X}, izinli küme {A, X}." | [T328] JWTBCP §3.1 (draft-ietf-oauth-rfc8725bis-10; metin/JWTBCP.txt:482): "it MUST determine which algorithms are permitted for itself and that issuer and ensure that the received JWT complies with those requirements" | ÖK §4.7 G5 (ON-KAYIT v0.8 (capa 7); 00-on-kayit/ON-KAYIT-TASLAK.md:767): "Göç etmiş bir varlık, ilan ettiği eski-sürüm penceresi dışında yalnız klasik kanıtla kabul edilemez." | [T043] HAIP §6.1.1 (HAIP 1.0 Final; metin/HAIP.txt:490): "The X.509 certificate of the trust anchor MUST NOT be included in the x5c JOSE header of the SD-JWT VC." | [T038] RFC7515 §4.1.6 (RFC 7515; metin/RFC7515.txt:596): "The recipient MUST validate the certificate chain according to RFC 5280 [RFC5280] and consider the certificate or certificate chain to be invalid if any validation failure occurs." | ÖK §2D m.13 (ON-KAYIT v0.8 (capa 7); 00-on-kayit/ON-KAYIT-TASLAK.md:460): "kabul edilen yolun, TL/LoTE'de listelenen çıpadan kimlik bilgisine kadar bütün kenarları PQ olmalıdır"	insa: ML-DSA-65=geçerli || güven çapası x5c içinde: HAIP üreticiye MUST NOT der, doğrulayıcının tepkisi yazılı değil; RFC 5280 yolu yine kurulur || imza düzeyi: accept-hybrid (R={ML-DSA-65} geçerli imzayla karşılandı; W içindeki imzalar geçerli) || yol sınıfı tam-PQ
X5C07_korumasiz_x5c	GEC	tedavi-ML-DSA-65	birincil	K9	reject	SDJWTVC13 §3.5 (draft-ietf-oauth-sd-jwt-vc-13; metin/SDJWTVC13.txt:748): "When the protected header of the Issuer-signed JWT contains the x5c parameter, the recipient uses the public key from the end-entity certificate" | [T045] SDJWTVC §2.5 (draft-ietf-oauth-sd-jwt-vc-19; metin/SDJWTVC.txt:1036): "When the protected header of the Issuer-signed JWT contains the x5c parameter, the recipient uses the public key from the end- entity certificate" | [T047] SDJWTVC §2.5 (draft-ietf-oauth-sd-jwt-vc-19; metin/SDJWTVC.txt:1050): "If a recipient cannot validate that the public verification key corresponds to the Issuer of the Issuer-signed JWT using a permitted key discovery and validation mechanism, the SD-JWT VC MUST be rejected." | [T040] RFC7515 §6 (RFC 7515; metin/RFC7515.txt:946): "These Header Parameters MUST be integrity protected if the information that they convey is to be utilized in a trust decision" | [T048] SDJWTVC §7.3 (draft-ietf-oauth-sd-jwt-vc-19; metin/SDJWTVC.txt:2155): "an attacker cannot influence the type of verification process used" | ÖK §2D m.1 (ON-KAYIT v0.8 (capa 7); 00-on-kayit/ON-KAYIT-TASLAK.md:395): "`x5c`/zincir davranışı yalnız X5C vektörlerinde, klasik ve ML-DSA zincirleriyle ölçülür." | [T038] RFC7515 §4.1.6 (RFC 7515; metin/RFC7515.txt:596): "The recipient MUST validate the certificate chain according to RFC 5280 [RFC5280] and consider the certificate or certificate chain to be invalid if any validation failure occurs." | ÖK §4.15 (ON-KAYIT v0.8 (capa 7); 00-on-kayit/ON-KAYIT-TASLAK.md:881): "V+: tek geçerli klasik imza → KABUL; V−: bozuk imza → RED" | [T315] RFC7515 §5.2 (RFC 7515; metin/RFC7515.txt:815): "at least one JWS Signature value MUST successfully validate, or the JWS MUST be considered invalid"	insa: ML-DSA-65=geçerli || x5c yalnız korumasız başlıkta: X.509 anahtar mekanizması yalnız korumalı başlıktaki x5c için tanımlı; güven kararında korumasız bilgi kullanılamaz; izinli mekanizmayla anahtar doğrulanamaz → MUST red (B3 = korumasız x5c işlenirse 1) || imza düzeyi: accept-hybrid (imza(lar) geçerli; alg ∈ W || JSON serileştirme isteğe bağlı: destekleyen hedef için karar; desteklemeyen hedefte B6 (uygulanamaz) [RFC9901 §8; T114 SDJWTVC13 §3.2; T115 HAIP §6.1; ÖK §4.13 B6]) || anahtar x5c + güven çapalarıyla (root-ec, root-ml) çözülür; zincir sınıfı tam-pq; yol politikası yok
X5C07_korumasiz_x5c	L4	tedavi-ML-DSA-65	birincil	K9	reject	SDJWTVC13 §3.5 (draft-ietf-oauth-sd-jwt-vc-13; metin/SDJWTVC13.txt:748): "When the protected header of the Issuer-signed JWT contains the x5c parameter, the recipient uses the public key from the end-entity certificate" | [T045] SDJWTVC §2.5 (draft-ietf-oauth-sd-jwt-vc-19; metin/SDJWTVC.txt:1036): "When the protected header of the Issuer-signed JWT contains the x5c parameter, the recipient uses the public key from the end- entity certificate" | [T047] SDJWTVC §2.5 (draft-ietf-oauth-sd-jwt-vc-19; metin/SDJWTVC.txt:1050): "If a recipient cannot validate that the public verification key corresponds to the Issuer of the Issuer-signed JWT using a permitted key discovery and validation mechanism, the SD-JWT VC MUST be rejected." | [T040] RFC7515 §6 (RFC 7515; metin/RFC7515.txt:946): "These Header Parameters MUST be integrity protected if the information that they convey is to be utilized in a trust decision" | [T048] SDJWTVC §7.3 (draft-ietf-oauth-sd-jwt-vc-19; metin/SDJWTVC.txt:2155): "an attacker cannot influence the type of verification process used" | ÖK §2D m.1 (ON-KAYIT v0.8 (capa 7); 00-on-kayit/ON-KAYIT-TASLAK.md:395): "`x5c`/zincir davranışı yalnız X5C vektörlerinde, klasik ve ML-DSA zincirleriyle ölçülür." | ÖK §6.5 (ON-KAYIT v0.8 (capa 7); 00-on-kayit/ON-KAYIT-TASLAK.md:1054): "İhraççı başına gerekli küme R = {X}, izinli küme {A, X}." | [T328] JWTBCP §3.1 (draft-ietf-oauth-rfc8725bis-10; metin/JWTBCP.txt:482): "it MUST determine which algorithms are permitted for itself and that issuer and ensure that the received JWT complies with those requirements" | ÖK §4.7 G5 (ON-KAYIT v0.8 (capa 7); 00-on-kayit/ON-KAYIT-TASLAK.md:767): "Göç etmiş bir varlık, ilan ettiği eski-sürüm penceresi dışında yalnız klasik kanıtla kabul edilemez." | [T038] RFC7515 §4.1.6 (RFC 7515; metin/RFC7515.txt:596): "The recipient MUST validate the certificate chain according to RFC 5280 [RFC5280] and consider the certificate or certificate chain to be invalid if any validation failure occurs." | ÖK §6.5 K9 (ON-KAYIT v0.8 (capa 7); 00-on-kayit/ON-KAYIT-TASLAK.md:1066): "Korumasız başlıkta `x5c` | Bayrak B3" | ÖK §4.13 L4 (ON-KAYIT v0.8 (capa 7); 00-on-kayit/ON-KAYIT-TASLAK.md:844): "Yapılandırılmış hâlde K1 KABUL, K2 RED, K3 RED (§6.5)"	insa: ML-DSA-65=geçerli || x5c yalnız korumasız başlıkta: X.509 anahtar mekanizması yalnız korumalı başlıktaki x5c için tanımlı; güven kararında korumasız bilgi kullanılamaz; izinli mekanizmayla anahtar doğrulanamaz → MUST red (B3 = korumasız x5c işlenirse 1) || imza düzeyi: accept-hybrid (R={ML-DSA-65} geçerli imzayla karşılandı; W içindeki imzalar geçerli || JSON serileştirme isteğe bağlı: destekleyen hedef için karar; desteklemeyen hedefte B6 (uygulanamaz) [RFC9901 §8; T114 SDJWTVC13 §3.2; T115 HAIP §6.1; ÖK §4.13 B6]) || anahtar x5c + güven çapalarıyla (root-ec, root-ml) çözülür; zincir sınıfı tam-pq; yol politikası yok
X5C07_korumasiz_x5c	L4	tedavi-composite	birincil	K9	reject	SDJWTVC13 §3.5 (draft-ietf-oauth-sd-jwt-vc-13; metin/SDJWTVC13.txt:748): "When the protected header of the Issuer-signed JWT contains the x5c parameter, the recipient uses the public key from the end-entity certificate" | [T045] SDJWTVC §2.5 (draft-ietf-oauth-sd-jwt-vc-19; metin/SDJWTVC.txt:1036): "When the protected header of the Issuer-signed JWT contains the x5c parameter, the recipient uses the public key from the end- entity certificate" | [T047] SDJWTVC §2.5 (draft-ietf-oauth-sd-jwt-vc-19; metin/SDJWTVC.txt:1050): "If a recipient cannot validate that the public verification key corresponds to the Issuer of the Issuer-signed JWT using a permitted key discovery and validation mechanism, the SD-JWT VC MUST be rejected." | [T040] RFC7515 §6 (RFC 7515; metin/RFC7515.txt:946): "These Header Parameters MUST be integrity protected if the information that they convey is to be utilized in a trust decision" | [T048] SDJWTVC §7.3 (draft-ietf-oauth-sd-jwt-vc-19; metin/SDJWTVC.txt:2155): "an attacker cannot influence the type of verification process used" | ÖK §2D m.1 (ON-KAYIT v0.8 (capa 7); 00-on-kayit/ON-KAYIT-TASLAK.md:395): "`x5c`/zincir davranışı yalnız X5C vektörlerinde, klasik ve ML-DSA zincirleriyle ölçülür." | ÖK §6.5 (ON-KAYIT v0.8 (capa 7); 00-on-kayit/ON-KAYIT-TASLAK.md:1054): "İhraççı başına gerekli küme R = {X}, izinli küme {A, X}." | [T328] JWTBCP §3.1 (draft-ietf-oauth-rfc8725bis-10; metin/JWTBCP.txt:482): "it MUST determine which algorithms are permitted for itself and that issuer and ensure that the received JWT complies with those requirements" | ÖK §4.7 G5 (ON-KAYIT v0.8 (capa 7); 00-on-kayit/ON-KAYIT-TASLAK.md:767): "Göç etmiş bir varlık, ilan ettiği eski-sürüm penceresi dışında yalnız klasik kanıtla kabul edilemez." | [T038] RFC7515 §4.1.6 (RFC 7515; metin/RFC7515.txt:596): "The recipient MUST validate the certificate chain according to RFC 5280 [RFC5280] and consider the certificate or certificate chain to be invalid if any validation failure occurs." | ÖK §2F m.4 (ON-KAYIT v0.8 (capa 7); 00-on-kayit/ON-KAYIT-TASLAK.md:554): ""**yaprak ML-DSA-65, ara CA klasik**" (vektör X5C04)" | ÖK §6.5 K9 (ON-KAYIT v0.8 (capa 7); 00-on-kayit/ON-KAYIT-TASLAK.md:1066): "Korumasız başlıkta `x5c` | Bayrak B3" | ÖK §4.13 L4 (ON-KAYIT v0.8 (capa 7); 00-on-kayit/ON-KAYIT-TASLAK.md:844): "Yapılandırılmış hâlde K1 KABUL, K2 RED, K3 RED (§6.5)"	insa: ML-DSA-65=geçerli || x5c yalnız korumasız başlıkta: X.509 anahtar mekanizması yalnız korumalı başlıktaki x5c için tanımlı; güven kararında korumasız bilgi kullanılamaz; izinli mekanizmayla anahtar doğrulanamaz → MUST red (B3 = korumasız x5c işlenirse 1) || imza düzeyi: accept-hybrid (R={ML-DSA-65} geçerli imzayla karşılandı; W içindeki imzalar geçerli || JSON serileştirme isteğe bağlı: destekleyen hedef için karar; desteklemeyen hedefte B6 (uygulanamaz) [RFC9901 §8; T114 SDJWTVC13 §3.2; T115 HAIP §6.1; ÖK §4.13 B6]) || anahtar x5c + güven çapalarıyla (root-ec, root-ml) çözülür; zincir sınıfı tam-pq; yol politikası yok || composite kolunda ÖK §2F m.4 uyarlaması: politika X=ML-DSA-65 ile örneklendi (composite X.509 kapsam dışı)
X5C07_korumasiz_x5c	L4-S	tedavi-ML-DSA-65	birincil	K9	reject	SDJWTVC13 §3.5 (draft-ietf-oauth-sd-jwt-vc-13; metin/SDJWTVC13.txt:748): "When the protected header of the Issuer-signed JWT contains the x5c parameter, the recipient uses the public key from the end-entity certificate" | [T045] SDJWTVC §2.5 (draft-ietf-oauth-sd-jwt-vc-19; metin/SDJWTVC.txt:1036): "When the protected header of the Issuer-signed JWT contains the x5c parameter, the recipient uses the public key from the end- entity certificate" | [T047] SDJWTVC §2.5 (draft-ietf-oauth-sd-jwt-vc-19; metin/SDJWTVC.txt:1050): "If a recipient cannot validate that the public verification key corresponds to the Issuer of the Issuer-signed JWT using a permitted key discovery and validation mechanism, the SD-JWT VC MUST be rejected." | [T040] RFC7515 §6 (RFC 7515; metin/RFC7515.txt:946): "These Header Parameters MUST be integrity protected if the information that they convey is to be utilized in a trust decision" | [T048] SDJWTVC §7.3 (draft-ietf-oauth-sd-jwt-vc-19; metin/SDJWTVC.txt:2155): "an attacker cannot influence the type of verification process used" | ÖK §2D m.1 (ON-KAYIT v0.8 (capa 7); 00-on-kayit/ON-KAYIT-TASLAK.md:395): "`x5c`/zincir davranışı yalnız X5C vektörlerinde, klasik ve ML-DSA zincirleriyle ölçülür." | ÖK §6.5 (ON-KAYIT v0.8 (capa 7); 00-on-kayit/ON-KAYIT-TASLAK.md:1054): "İhraççı başına gerekli küme R = {X}, izinli küme {A, X}." | [T328] JWTBCP §3.1 (draft-ietf-oauth-rfc8725bis-10; metin/JWTBCP.txt:482): "it MUST determine which algorithms are permitted for itself and that issuer and ensure that the received JWT complies with those requirements" | ÖK §4.7 G5 (ON-KAYIT v0.8 (capa 7); 00-on-kayit/ON-KAYIT-TASLAK.md:767): "Göç etmiş bir varlık, ilan ettiği eski-sürüm penceresi dışında yalnız klasik kanıtla kabul edilemez." | [T038] RFC7515 §4.1.6 (RFC 7515; metin/RFC7515.txt:596): "The recipient MUST validate the certificate chain according to RFC 5280 [RFC5280] and consider the certificate or certificate chain to be invalid if any validation failure occurs." | ÖK §6.5 K9 (ON-KAYIT v0.8 (capa 7); 00-on-kayit/ON-KAYIT-TASLAK.md:1066): "Korumasız başlıkta `x5c` | Bayrak B3" | ÖK §4.8 P3 (ON-KAYIT v0.8 (capa 7); 00-on-kayit/ON-KAYIT-TASLAK.md:778): "P2 + ihraççı başına gerekli küme R_I"	insa: ML-DSA-65=geçerli || x5c yalnız korumasız başlıkta: X.509 anahtar mekanizması yalnız korumalı başlıktaki x5c için tanımlı; güven kararında korumasız bilgi kullanılamaz; izinli mekanizmayla anahtar doğrulanamaz → MUST red (B3 = korumasız x5c işlenirse 1) || imza düzeyi: accept-hybrid (R={ML-DSA-65} geçerli imzayla karşılandı; W içindeki imzalar geçerli || JSON serileştirme isteğe bağlı: destekleyen hedef için karar; desteklemeyen hedefte B6 (uygulanamaz) [RFC9901 §8; T114 SDJWTVC13 §3.2; T115 HAIP §6.1; ÖK §4.13 B6]) || anahtar x5c + güven çapalarıyla (root-ec, root-ml) çözülür; zincir sınıfı tam-pq; yol politikası yok
X5C07_korumasiz_x5c	L4-S	tedavi-composite	birincil	K9	reject	SDJWTVC13 §3.5 (draft-ietf-oauth-sd-jwt-vc-13; metin/SDJWTVC13.txt:748): "When the protected header of the Issuer-signed JWT contains the x5c parameter, the recipient uses the public key from the end-entity certificate" | [T045] SDJWTVC §2.5 (draft-ietf-oauth-sd-jwt-vc-19; metin/SDJWTVC.txt:1036): "When the protected header of the Issuer-signed JWT contains the x5c parameter, the recipient uses the public key from the end- entity certificate" | [T047] SDJWTVC §2.5 (draft-ietf-oauth-sd-jwt-vc-19; metin/SDJWTVC.txt:1050): "If a recipient cannot validate that the public verification key corresponds to the Issuer of the Issuer-signed JWT using a permitted key discovery and validation mechanism, the SD-JWT VC MUST be rejected." | [T040] RFC7515 §6 (RFC 7515; metin/RFC7515.txt:946): "These Header Parameters MUST be integrity protected if the information that they convey is to be utilized in a trust decision" | [T048] SDJWTVC §7.3 (draft-ietf-oauth-sd-jwt-vc-19; metin/SDJWTVC.txt:2155): "an attacker cannot influence the type of verification process used" | ÖK §2D m.1 (ON-KAYIT v0.8 (capa 7); 00-on-kayit/ON-KAYIT-TASLAK.md:395): "`x5c`/zincir davranışı yalnız X5C vektörlerinde, klasik ve ML-DSA zincirleriyle ölçülür." | ÖK §6.5 (ON-KAYIT v0.8 (capa 7); 00-on-kayit/ON-KAYIT-TASLAK.md:1054): "İhraççı başına gerekli küme R = {X}, izinli küme {A, X}." | [T328] JWTBCP §3.1 (draft-ietf-oauth-rfc8725bis-10; metin/JWTBCP.txt:482): "it MUST determine which algorithms are permitted for itself and that issuer and ensure that the received JWT complies with those requirements" | ÖK §4.7 G5 (ON-KAYIT v0.8 (capa 7); 00-on-kayit/ON-KAYIT-TASLAK.md:767): "Göç etmiş bir varlık, ilan ettiği eski-sürüm penceresi dışında yalnız klasik kanıtla kabul edilemez." | [T038] RFC7515 §4.1.6 (RFC 7515; metin/RFC7515.txt:596): "The recipient MUST validate the certificate chain according to RFC 5280 [RFC5280] and consider the certificate or certificate chain to be invalid if any validation failure occurs." | ÖK §2F m.4 (ON-KAYIT v0.8 (capa 7); 00-on-kayit/ON-KAYIT-TASLAK.md:554): ""**yaprak ML-DSA-65, ara CA klasik**" (vektör X5C04)" | ÖK §6.5 K9 (ON-KAYIT v0.8 (capa 7); 00-on-kayit/ON-KAYIT-TASLAK.md:1066): "Korumasız başlıkta `x5c` | Bayrak B3" | ÖK §4.8 P3 (ON-KAYIT v0.8 (capa 7); 00-on-kayit/ON-KAYIT-TASLAK.md:778): "P2 + ihraççı başına gerekli küme R_I"	insa: ML-DSA-65=geçerli || x5c yalnız korumasız başlıkta: X.509 anahtar mekanizması yalnız korumalı başlıktaki x5c için tanımlı; güven kararında korumasız bilgi kullanılamaz; izinli mekanizmayla anahtar doğrulanamaz → MUST red (B3 = korumasız x5c işlenirse 1) || imza düzeyi: accept-hybrid (R={ML-DSA-65} geçerli imzayla karşılandı; W içindeki imzalar geçerli || JSON serileştirme isteğe bağlı: destekleyen hedef için karar; desteklemeyen hedefte B6 (uygulanamaz) [RFC9901 §8; T114 SDJWTVC13 §3.2; T115 HAIP §6.1; ÖK §4.13 B6]) || anahtar x5c + güven çapalarıyla (root-ec, root-ml) çözülür; zincir sınıfı tam-pq; yol politikası yok || composite kolunda ÖK §2F m.4 uyarlaması: politika X=ML-DSA-65 ile örneklendi (composite X.509 kapsam dışı)
X5C07_korumasiz_x5c	L4-Y	tedavi-ML-DSA-65	birincil	K9	reject	SDJWTVC13 §3.5 (draft-ietf-oauth-sd-jwt-vc-13; metin/SDJWTVC13.txt:748): "When the protected header of the Issuer-signed JWT contains the x5c parameter, the recipient uses the public key from the end-entity certificate" | [T045] SDJWTVC §2.5 (draft-ietf-oauth-sd-jwt-vc-19; metin/SDJWTVC.txt:1036): "When the protected header of the Issuer-signed JWT contains the x5c parameter, the recipient uses the public key from the end- entity certificate" | [T047] SDJWTVC §2.5 (draft-ietf-oauth-sd-jwt-vc-19; metin/SDJWTVC.txt:1050): "If a recipient cannot validate that the public verification key corresponds to the Issuer of the Issuer-signed JWT using a permitted key discovery and validation mechanism, the SD-JWT VC MUST be rejected." | [T040] RFC7515 §6 (RFC 7515; metin/RFC7515.txt:946): "These Header Parameters MUST be integrity protected if the information that they convey is to be utilized in a trust decision" | [T048] SDJWTVC §7.3 (draft-ietf-oauth-sd-jwt-vc-19; metin/SDJWTVC.txt:2155): "an attacker cannot influence the type of verification process used" | ÖK §2D m.1 (ON-KAYIT v0.8 (capa 7); 00-on-kayit/ON-KAYIT-TASLAK.md:395): "`x5c`/zincir davranışı yalnız X5C vektörlerinde, klasik ve ML-DSA zincirleriyle ölçülür." | ÖK §6.5 (ON-KAYIT v0.8 (capa 7); 00-on-kayit/ON-KAYIT-TASLAK.md:1054): "İhraççı başına gerekli küme R = {X}, izinli küme {A, X}." | [T328] JWTBCP §3.1 (draft-ietf-oauth-rfc8725bis-10; metin/JWTBCP.txt:482): "it MUST determine which algorithms are permitted for itself and that issuer and ensure that the received JWT complies with those requirements" | ÖK §4.7 G5 (ON-KAYIT v0.8 (capa 7); 00-on-kayit/ON-KAYIT-TASLAK.md:767): "Göç etmiş bir varlık, ilan ettiği eski-sürüm penceresi dışında yalnız klasik kanıtla kabul edilemez." | [T038] RFC7515 §4.1.6 (RFC 7515; metin/RFC7515.txt:596): "The recipient MUST validate the certificate chain according to RFC 5280 [RFC5280] and consider the certificate or certificate chain to be invalid if any validation failure occurs." | ÖK §6.5 K9 (ON-KAYIT v0.8 (capa 7); 00-on-kayit/ON-KAYIT-TASLAK.md:1066): "Korumasız başlıkta `x5c` | Bayrak B3" | [T314] RFC7515 §5.2 (RFC 7515; metin/RFC7515.txt:810): "When there are multiple JWS Signature values, it is an application decision which of the JWS Signature values must successfully validate for the JWS to be accepted."	insa: ML-DSA-65=geçerli || x5c yalnız korumasız başlıkta: X.509 anahtar mekanizması yalnız korumalı başlıktaki x5c için tanımlı; güven kararında korumasız bilgi kullanılamaz; izinli mekanizmayla anahtar doğrulanamaz → MUST red (B3 = korumasız x5c işlenirse 1) || imza düzeyi: accept-hybrid (R={ML-DSA-65} geçerli imzayla karşılandı; W içindeki imzalar geçerli || JSON serileştirme isteğe bağlı: destekleyen hedef için karar; desteklemeyen hedefte B6 (uygulanamaz) [RFC9901 §8; T114 SDJWTVC13 §3.2; T115 HAIP §6.1; ÖK §4.13 B6]) || anahtar x5c + güven çapalarıyla (root-ec, root-ml) çözülür; zincir sınıfı tam-pq; yol politikası yok
X5C07_korumasiz_x5c	L4-Y	tedavi-composite	birincil	K9	reject	SDJWTVC13 §3.5 (draft-ietf-oauth-sd-jwt-vc-13; metin/SDJWTVC13.txt:748): "When the protected header of the Issuer-signed JWT contains the x5c parameter, the recipient uses the public key from the end-entity certificate" | [T045] SDJWTVC §2.5 (draft-ietf-oauth-sd-jwt-vc-19; metin/SDJWTVC.txt:1036): "When the protected header of the Issuer-signed JWT contains the x5c parameter, the recipient uses the public key from the end- entity certificate" | [T047] SDJWTVC §2.5 (draft-ietf-oauth-sd-jwt-vc-19; metin/SDJWTVC.txt:1050): "If a recipient cannot validate that the public verification key corresponds to the Issuer of the Issuer-signed JWT using a permitted key discovery and validation mechanism, the SD-JWT VC MUST be rejected." | [T040] RFC7515 §6 (RFC 7515; metin/RFC7515.txt:946): "These Header Parameters MUST be integrity protected if the information that they convey is to be utilized in a trust decision" | [T048] SDJWTVC §7.3 (draft-ietf-oauth-sd-jwt-vc-19; metin/SDJWTVC.txt:2155): "an attacker cannot influence the type of verification process used" | ÖK §2D m.1 (ON-KAYIT v0.8 (capa 7); 00-on-kayit/ON-KAYIT-TASLAK.md:395): "`x5c`/zincir davranışı yalnız X5C vektörlerinde, klasik ve ML-DSA zincirleriyle ölçülür." | ÖK §6.5 (ON-KAYIT v0.8 (capa 7); 00-on-kayit/ON-KAYIT-TASLAK.md:1054): "İhraççı başına gerekli küme R = {X}, izinli küme {A, X}." | [T328] JWTBCP §3.1 (draft-ietf-oauth-rfc8725bis-10; metin/JWTBCP.txt:482): "it MUST determine which algorithms are permitted for itself and that issuer and ensure that the received JWT complies with those requirements" | ÖK §4.7 G5 (ON-KAYIT v0.8 (capa 7); 00-on-kayit/ON-KAYIT-TASLAK.md:767): "Göç etmiş bir varlık, ilan ettiği eski-sürüm penceresi dışında yalnız klasik kanıtla kabul edilemez." | [T038] RFC7515 §4.1.6 (RFC 7515; metin/RFC7515.txt:596): "The recipient MUST validate the certificate chain according to RFC 5280 [RFC5280] and consider the certificate or certificate chain to be invalid if any validation failure occurs." | ÖK §2F m.4 (ON-KAYIT v0.8 (capa 7); 00-on-kayit/ON-KAYIT-TASLAK.md:554): ""**yaprak ML-DSA-65, ara CA klasik**" (vektör X5C04)" | ÖK §6.5 K9 (ON-KAYIT v0.8 (capa 7); 00-on-kayit/ON-KAYIT-TASLAK.md:1066): "Korumasız başlıkta `x5c` | Bayrak B3" | [T314] RFC7515 §5.2 (RFC 7515; metin/RFC7515.txt:810): "When there are multiple JWS Signature values, it is an application decision which of the JWS Signature values must successfully validate for the JWS to be accepted."	insa: ML-DSA-65=geçerli || x5c yalnız korumasız başlıkta: X.509 anahtar mekanizması yalnız korumalı başlıktaki x5c için tanımlı; güven kararında korumasız bilgi kullanılamaz; izinli mekanizmayla anahtar doğrulanamaz → MUST red (B3 = korumasız x5c işlenirse 1) || imza düzeyi: accept-hybrid (R={ML-DSA-65} geçerli imzayla karşılandı; W içindeki imzalar geçerli || JSON serileştirme isteğe bağlı: destekleyen hedef için karar; desteklemeyen hedefte B6 (uygulanamaz) [RFC9901 §8; T114 SDJWTVC13 §3.2; T115 HAIP §6.1; ÖK §4.13 B6]) || anahtar x5c + güven çapalarıyla (root-ec, root-ml) çözülür; zincir sınıfı tam-pq; yol politikası yok || composite kolunda ÖK §2F m.4 uyarlaması: politika X=ML-DSA-65 ile örneklendi (composite X.509 kapsam dışı)
X5C07_korumasiz_x5c	L4-YOL	tedavi-ML-DSA-65	birincil	K9	reject	SDJWTVC13 §3.5 (draft-ietf-oauth-sd-jwt-vc-13; metin/SDJWTVC13.txt:748): "When the protected header of the Issuer-signed JWT contains the x5c parameter, the recipient uses the public key from the end-entity certificate" | [T045] SDJWTVC §2.5 (draft-ietf-oauth-sd-jwt-vc-19; metin/SDJWTVC.txt:1036): "When the protected header of the Issuer-signed JWT contains the x5c parameter, the recipient uses the public key from the end- entity certificate" | [T047] SDJWTVC §2.5 (draft-ietf-oauth-sd-jwt-vc-19; metin/SDJWTVC.txt:1050): "If a recipient cannot validate that the public verification key corresponds to the Issuer of the Issuer-signed JWT using a permitted key discovery and validation mechanism, the SD-JWT VC MUST be rejected." | [T040] RFC7515 §6 (RFC 7515; metin/RFC7515.txt:946): "These Header Parameters MUST be integrity protected if the information that they convey is to be utilized in a trust decision" | [T048] SDJWTVC §7.3 (draft-ietf-oauth-sd-jwt-vc-19; metin/SDJWTVC.txt:2155): "an attacker cannot influence the type of verification process used" | ÖK §2D m.1 (ON-KAYIT v0.8 (capa 7); 00-on-kayit/ON-KAYIT-TASLAK.md:395): "`x5c`/zincir davranışı yalnız X5C vektörlerinde, klasik ve ML-DSA zincirleriyle ölçülür." | ÖK §6.5 (ON-KAYIT v0.8 (capa 7); 00-on-kayit/ON-KAYIT-TASLAK.md:1054): "İhraççı başına gerekli küme R = {X}, izinli küme {A, X}." | [T328] JWTBCP §3.1 (draft-ietf-oauth-rfc8725bis-10; metin/JWTBCP.txt:482): "it MUST determine which algorithms are permitted for itself and that issuer and ensure that the received JWT complies with those requirements" | ÖK §4.7 G5 (ON-KAYIT v0.8 (capa 7); 00-on-kayit/ON-KAYIT-TASLAK.md:767): "Göç etmiş bir varlık, ilan ettiği eski-sürüm penceresi dışında yalnız klasik kanıtla kabul edilemez." | ÖK §2D m.13 (ON-KAYIT v0.8 (capa 7); 00-on-kayit/ON-KAYIT-TASLAK.md:460): "kabul edilen yolun, TL/LoTE'de listelenen çıpadan kimlik bilgisine kadar bütün kenarları PQ olmalıdır" | ÖK §6.5 K9 (ON-KAYIT v0.8 (capa 7); 00-on-kayit/ON-KAYIT-TASLAK.md:1066): "Korumasız başlıkta `x5c` | Bayrak B3"	insa: ML-DSA-65=geçerli || x5c yalnız korumasız başlıkta: X.509 anahtar mekanizması yalnız korumalı başlıktaki x5c için tanımlı; güven kararında korumasız bilgi kullanılamaz; izinli mekanizmayla anahtar doğrulanamaz → MUST red (B3 = korumasız x5c işlenirse 1) || imza düzeyi: accept-hybrid (R={ML-DSA-65} geçerli imzayla karşılandı; W içindeki imzalar geçerli || JSON serileştirme isteğe bağlı: destekleyen hedef için karar; desteklemeyen hedefte B6 (uygulanamaz) [RFC9901 §8; T114 SDJWTVC13 §3.2; T115 HAIP §6.1; ÖK §4.13 B6]) || yol sınıfı tam-PQ
X5C07_korumasiz_x5c	L4-YOL	tedavi-composite	birincil	K9	reject	SDJWTVC13 §3.5 (draft-ietf-oauth-sd-jwt-vc-13; metin/SDJWTVC13.txt:748): "When the protected header of the Issuer-signed JWT contains the x5c parameter, the recipient uses the public key from the end-entity certificate" | [T045] SDJWTVC §2.5 (draft-ietf-oauth-sd-jwt-vc-19; metin/SDJWTVC.txt:1036): "When the protected header of the Issuer-signed JWT contains the x5c parameter, the recipient uses the public key from the end- entity certificate" | [T047] SDJWTVC §2.5 (draft-ietf-oauth-sd-jwt-vc-19; metin/SDJWTVC.txt:1050): "If a recipient cannot validate that the public verification key corresponds to the Issuer of the Issuer-signed JWT using a permitted key discovery and validation mechanism, the SD-JWT VC MUST be rejected." | [T040] RFC7515 §6 (RFC 7515; metin/RFC7515.txt:946): "These Header Parameters MUST be integrity protected if the information that they convey is to be utilized in a trust decision" | [T048] SDJWTVC §7.3 (draft-ietf-oauth-sd-jwt-vc-19; metin/SDJWTVC.txt:2155): "an attacker cannot influence the type of verification process used" | ÖK §2D m.1 (ON-KAYIT v0.8 (capa 7); 00-on-kayit/ON-KAYIT-TASLAK.md:395): "`x5c`/zincir davranışı yalnız X5C vektörlerinde, klasik ve ML-DSA zincirleriyle ölçülür." | ÖK §6.5 (ON-KAYIT v0.8 (capa 7); 00-on-kayit/ON-KAYIT-TASLAK.md:1054): "İhraççı başına gerekli küme R = {X}, izinli küme {A, X}." | [T328] JWTBCP §3.1 (draft-ietf-oauth-rfc8725bis-10; metin/JWTBCP.txt:482): "it MUST determine which algorithms are permitted for itself and that issuer and ensure that the received JWT complies with those requirements" | ÖK §4.7 G5 (ON-KAYIT v0.8 (capa 7); 00-on-kayit/ON-KAYIT-TASLAK.md:767): "Göç etmiş bir varlık, ilan ettiği eski-sürüm penceresi dışında yalnız klasik kanıtla kabul edilemez." | ÖK §2D m.13 (ON-KAYIT v0.8 (capa 7); 00-on-kayit/ON-KAYIT-TASLAK.md:460): "kabul edilen yolun, TL/LoTE'de listelenen çıpadan kimlik bilgisine kadar bütün kenarları PQ olmalıdır" | ÖK §2F m.4 (ON-KAYIT v0.8 (capa 7); 00-on-kayit/ON-KAYIT-TASLAK.md:554): ""**yaprak ML-DSA-65, ara CA klasik**" (vektör X5C04)" | ÖK §6.5 K9 (ON-KAYIT v0.8 (capa 7); 00-on-kayit/ON-KAYIT-TASLAK.md:1066): "Korumasız başlıkta `x5c` | Bayrak B3"	insa: ML-DSA-65=geçerli || x5c yalnız korumasız başlıkta: X.509 anahtar mekanizması yalnız korumalı başlıktaki x5c için tanımlı; güven kararında korumasız bilgi kullanılamaz; izinli mekanizmayla anahtar doğrulanamaz → MUST red (B3 = korumasız x5c işlenirse 1) || imza düzeyi: accept-hybrid (R={ML-DSA-65} geçerli imzayla karşılandı; W içindeki imzalar geçerli || JSON serileştirme isteğe bağlı: destekleyen hedef için karar; desteklemeyen hedefte B6 (uygulanamaz) [RFC9901 §8; T114 SDJWTVC13 §3.2; T115 HAIP §6.1; ÖK §4.13 B6]) || yol sınıfı tam-PQ || composite kolunda ÖK §2F m.4 uyarlaması: politika X=ML-DSA-65 ile örneklendi (composite X.509 kapsam dışı)
X5C08_korumasiz_x5c_zincir_degisimi	GEC	tedavi-ML-DSA-65	ikincil	K9(ikincil)	reject	SDJWTVC13 §3.5 (draft-ietf-oauth-sd-jwt-vc-13; metin/SDJWTVC13.txt:748): "When the protected header of the Issuer-signed JWT contains the x5c parameter, the recipient uses the public key from the end-entity certificate" | [T045] SDJWTVC §2.5 (draft-ietf-oauth-sd-jwt-vc-19; metin/SDJWTVC.txt:1036): "When the protected header of the Issuer-signed JWT contains the x5c parameter, the recipient uses the public key from the end- entity certificate" | [T047] SDJWTVC §2.5 (draft-ietf-oauth-sd-jwt-vc-19; metin/SDJWTVC.txt:1050): "If a recipient cannot validate that the public verification key corresponds to the Issuer of the Issuer-signed JWT using a permitted key discovery and validation mechanism, the SD-JWT VC MUST be rejected." | [T040] RFC7515 §6 (RFC 7515; metin/RFC7515.txt:946): "These Header Parameters MUST be integrity protected if the information that they convey is to be utilized in a trust decision" | [T048] SDJWTVC §7.3 (draft-ietf-oauth-sd-jwt-vc-19; metin/SDJWTVC.txt:2155): "an attacker cannot influence the type of verification process used" | ÖK §2D m.1 (ON-KAYIT v0.8 (capa 7); 00-on-kayit/ON-KAYIT-TASLAK.md:395): "`x5c`/zincir davranışı yalnız X5C vektörlerinde, klasik ve ML-DSA zincirleriyle ölçülür." | [T038] RFC7515 §4.1.6 (RFC 7515; metin/RFC7515.txt:596): "The recipient MUST validate the certificate chain according to RFC 5280 [RFC5280] and consider the certificate or certificate chain to be invalid if any validation failure occurs." | ÖK §4.15 (ON-KAYIT v0.8 (capa 7); 00-on-kayit/ON-KAYIT-TASLAK.md:881): "V+: tek geçerli klasik imza → KABUL; V−: bozuk imza → RED" | [T315] RFC7515 §5.2 (RFC 7515; metin/RFC7515.txt:815): "at least one JWS Signature value MUST successfully validate, or the JWS MUST be considered invalid"	insa: ML-DSA-65=geçerli || x5c yalnız korumasız başlıkta: X.509 anahtar mekanizması yalnız korumalı başlıktaki x5c için tanımlı; güven kararında korumasız bilgi kullanılamaz; izinli mekanizmayla anahtar doğrulanamaz → MUST red (B3 = korumasız x5c işlenirse 1) || imza düzeyi: accept-hybrid (imza(lar) geçerli; alg ∈ W || JSON serileştirme isteğe bağlı: destekleyen hedef için karar; desteklemeyen hedefte B6 (uygulanamaz) [RFC9901 §8; T114 SDJWTVC13 §3.2; T115 HAIP §6.1; ÖK §4.13 B6]) || anahtar x5c + güven çapalarıyla (root-ec, root-ml) çözülür; zincir sınıfı karisik; yol politikası yok
X5C08_korumasiz_x5c_zincir_degisimi	L4	tedavi-ML-DSA-65	ikincil	K9(ikincil)	reject	SDJWTVC13 §3.5 (draft-ietf-oauth-sd-jwt-vc-13; metin/SDJWTVC13.txt:748): "When the protected header of the Issuer-signed JWT contains the x5c parameter, the recipient uses the public key from the end-entity certificate" | [T045] SDJWTVC §2.5 (draft-ietf-oauth-sd-jwt-vc-19; metin/SDJWTVC.txt:1036): "When the protected header of the Issuer-signed JWT contains the x5c parameter, the recipient uses the public key from the end- entity certificate" | [T047] SDJWTVC §2.5 (draft-ietf-oauth-sd-jwt-vc-19; metin/SDJWTVC.txt:1050): "If a recipient cannot validate that the public verification key corresponds to the Issuer of the Issuer-signed JWT using a permitted key discovery and validation mechanism, the SD-JWT VC MUST be rejected." | [T040] RFC7515 §6 (RFC 7515; metin/RFC7515.txt:946): "These Header Parameters MUST be integrity protected if the information that they convey is to be utilized in a trust decision" | [T048] SDJWTVC §7.3 (draft-ietf-oauth-sd-jwt-vc-19; metin/SDJWTVC.txt:2155): "an attacker cannot influence the type of verification process used" | ÖK §2D m.1 (ON-KAYIT v0.8 (capa 7); 00-on-kayit/ON-KAYIT-TASLAK.md:395): "`x5c`/zincir davranışı yalnız X5C vektörlerinde, klasik ve ML-DSA zincirleriyle ölçülür." | ÖK §6.5 (ON-KAYIT v0.8 (capa 7); 00-on-kayit/ON-KAYIT-TASLAK.md:1054): "İhraççı başına gerekli küme R = {X}, izinli küme {A, X}." | [T328] JWTBCP §3.1 (draft-ietf-oauth-rfc8725bis-10; metin/JWTBCP.txt:482): "it MUST determine which algorithms are permitted for itself and that issuer and ensure that the received JWT complies with those requirements" | ÖK §4.7 G5 (ON-KAYIT v0.8 (capa 7); 00-on-kayit/ON-KAYIT-TASLAK.md:767): "Göç etmiş bir varlık, ilan ettiği eski-sürüm penceresi dışında yalnız klasik kanıtla kabul edilemez." | [T038] RFC7515 §4.1.6 (RFC 7515; metin/RFC7515.txt:596): "The recipient MUST validate the certificate chain according to RFC 5280 [RFC5280] and consider the certificate or certificate chain to be invalid if any validation failure occurs." | ÖK §6.5 K9 (ON-KAYIT v0.8 (capa 7); 00-on-kayit/ON-KAYIT-TASLAK.md:1066): "Korumasız başlıkta `x5c` | Bayrak B3" | ÖK §4.13 L4 (ON-KAYIT v0.8 (capa 7); 00-on-kayit/ON-KAYIT-TASLAK.md:844): "Yapılandırılmış hâlde K1 KABUL, K2 RED, K3 RED (§6.5)"	insa: ML-DSA-65=geçerli || x5c yalnız korumasız başlıkta: X.509 anahtar mekanizması yalnız korumalı başlıktaki x5c için tanımlı; güven kararında korumasız bilgi kullanılamaz; izinli mekanizmayla anahtar doğrulanamaz → MUST red (B3 = korumasız x5c işlenirse 1) || imza düzeyi: accept-hybrid (R={ML-DSA-65} geçerli imzayla karşılandı; W içindeki imzalar geçerli || JSON serileştirme isteğe bağlı: destekleyen hedef için karar; desteklemeyen hedefte B6 (uygulanamaz) [RFC9901 §8; T114 SDJWTVC13 §3.2; T115 HAIP §6.1; ÖK §4.13 B6]) || anahtar x5c + güven çapalarıyla (root-ec, root-ml) çözülür; zincir sınıfı karisik; yol politikası yok
X5C08_korumasiz_x5c_zincir_degisimi	L4-S	tedavi-ML-DSA-65	ikincil	K9(ikincil)	reject	SDJWTVC13 §3.5 (draft-ietf-oauth-sd-jwt-vc-13; metin/SDJWTVC13.txt:748): "When the protected header of the Issuer-signed JWT contains the x5c parameter, the recipient uses the public key from the end-entity certificate" | [T045] SDJWTVC §2.5 (draft-ietf-oauth-sd-jwt-vc-19; metin/SDJWTVC.txt:1036): "When the protected header of the Issuer-signed JWT contains the x5c parameter, the recipient uses the public key from the end- entity certificate" | [T047] SDJWTVC §2.5 (draft-ietf-oauth-sd-jwt-vc-19; metin/SDJWTVC.txt:1050): "If a recipient cannot validate that the public verification key corresponds to the Issuer of the Issuer-signed JWT using a permitted key discovery and validation mechanism, the SD-JWT VC MUST be rejected." | [T040] RFC7515 §6 (RFC 7515; metin/RFC7515.txt:946): "These Header Parameters MUST be integrity protected if the information that they convey is to be utilized in a trust decision" | [T048] SDJWTVC §7.3 (draft-ietf-oauth-sd-jwt-vc-19; metin/SDJWTVC.txt:2155): "an attacker cannot influence the type of verification process used" | ÖK §2D m.1 (ON-KAYIT v0.8 (capa 7); 00-on-kayit/ON-KAYIT-TASLAK.md:395): "`x5c`/zincir davranışı yalnız X5C vektörlerinde, klasik ve ML-DSA zincirleriyle ölçülür." | ÖK §6.5 (ON-KAYIT v0.8 (capa 7); 00-on-kayit/ON-KAYIT-TASLAK.md:1054): "İhraççı başına gerekli küme R = {X}, izinli küme {A, X}." | [T328] JWTBCP §3.1 (draft-ietf-oauth-rfc8725bis-10; metin/JWTBCP.txt:482): "it MUST determine which algorithms are permitted for itself and that issuer and ensure that the received JWT complies with those requirements" | ÖK §4.7 G5 (ON-KAYIT v0.8 (capa 7); 00-on-kayit/ON-KAYIT-TASLAK.md:767): "Göç etmiş bir varlık, ilan ettiği eski-sürüm penceresi dışında yalnız klasik kanıtla kabul edilemez." | [T038] RFC7515 §4.1.6 (RFC 7515; metin/RFC7515.txt:596): "The recipient MUST validate the certificate chain according to RFC 5280 [RFC5280] and consider the certificate or certificate chain to be invalid if any validation failure occurs." | ÖK §6.5 K9 (ON-KAYIT v0.8 (capa 7); 00-on-kayit/ON-KAYIT-TASLAK.md:1066): "Korumasız başlıkta `x5c` | Bayrak B3" | ÖK §4.8 P3 (ON-KAYIT v0.8 (capa 7); 00-on-kayit/ON-KAYIT-TASLAK.md:778): "P2 + ihraççı başına gerekli küme R_I"	insa: ML-DSA-65=geçerli || x5c yalnız korumasız başlıkta: X.509 anahtar mekanizması yalnız korumalı başlıktaki x5c için tanımlı; güven kararında korumasız bilgi kullanılamaz; izinli mekanizmayla anahtar doğrulanamaz → MUST red (B3 = korumasız x5c işlenirse 1) || imza düzeyi: accept-hybrid (R={ML-DSA-65} geçerli imzayla karşılandı; W içindeki imzalar geçerli || JSON serileştirme isteğe bağlı: destekleyen hedef için karar; desteklemeyen hedefte B6 (uygulanamaz) [RFC9901 §8; T114 SDJWTVC13 §3.2; T115 HAIP §6.1; ÖK §4.13 B6]) || anahtar x5c + güven çapalarıyla (root-ec, root-ml) çözülür; zincir sınıfı karisik; yol politikası yok
X5C08_korumasiz_x5c_zincir_degisimi	L4-Y	tedavi-ML-DSA-65	ikincil	K9(ikincil)	reject	SDJWTVC13 §3.5 (draft-ietf-oauth-sd-jwt-vc-13; metin/SDJWTVC13.txt:748): "When the protected header of the Issuer-signed JWT contains the x5c parameter, the recipient uses the public key from the end-entity certificate" | [T045] SDJWTVC §2.5 (draft-ietf-oauth-sd-jwt-vc-19; metin/SDJWTVC.txt:1036): "When the protected header of the Issuer-signed JWT contains the x5c parameter, the recipient uses the public key from the end- entity certificate" | [T047] SDJWTVC §2.5 (draft-ietf-oauth-sd-jwt-vc-19; metin/SDJWTVC.txt:1050): "If a recipient cannot validate that the public verification key corresponds to the Issuer of the Issuer-signed JWT using a permitted key discovery and validation mechanism, the SD-JWT VC MUST be rejected." | [T040] RFC7515 §6 (RFC 7515; metin/RFC7515.txt:946): "These Header Parameters MUST be integrity protected if the information that they convey is to be utilized in a trust decision" | [T048] SDJWTVC §7.3 (draft-ietf-oauth-sd-jwt-vc-19; metin/SDJWTVC.txt:2155): "an attacker cannot influence the type of verification process used" | ÖK §2D m.1 (ON-KAYIT v0.8 (capa 7); 00-on-kayit/ON-KAYIT-TASLAK.md:395): "`x5c`/zincir davranışı yalnız X5C vektörlerinde, klasik ve ML-DSA zincirleriyle ölçülür." | ÖK §6.5 (ON-KAYIT v0.8 (capa 7); 00-on-kayit/ON-KAYIT-TASLAK.md:1054): "İhraççı başına gerekli küme R = {X}, izinli küme {A, X}." | [T328] JWTBCP §3.1 (draft-ietf-oauth-rfc8725bis-10; metin/JWTBCP.txt:482): "it MUST determine which algorithms are permitted for itself and that issuer and ensure that the received JWT complies with those requirements" | ÖK §4.7 G5 (ON-KAYIT v0.8 (capa 7); 00-on-kayit/ON-KAYIT-TASLAK.md:767): "Göç etmiş bir varlık, ilan ettiği eski-sürüm penceresi dışında yalnız klasik kanıtla kabul edilemez." | [T038] RFC7515 §4.1.6 (RFC 7515; metin/RFC7515.txt:596): "The recipient MUST validate the certificate chain according to RFC 5280 [RFC5280] and consider the certificate or certificate chain to be invalid if any validation failure occurs." | ÖK §6.5 K9 (ON-KAYIT v0.8 (capa 7); 00-on-kayit/ON-KAYIT-TASLAK.md:1066): "Korumasız başlıkta `x5c` | Bayrak B3" | [T314] RFC7515 §5.2 (RFC 7515; metin/RFC7515.txt:810): "When there are multiple JWS Signature values, it is an application decision which of the JWS Signature values must successfully validate for the JWS to be accepted."	insa: ML-DSA-65=geçerli || x5c yalnız korumasız başlıkta: X.509 anahtar mekanizması yalnız korumalı başlıktaki x5c için tanımlı; güven kararında korumasız bilgi kullanılamaz; izinli mekanizmayla anahtar doğrulanamaz → MUST red (B3 = korumasız x5c işlenirse 1) || imza düzeyi: accept-hybrid (R={ML-DSA-65} geçerli imzayla karşılandı; W içindeki imzalar geçerli || JSON serileştirme isteğe bağlı: destekleyen hedef için karar; desteklemeyen hedefte B6 (uygulanamaz) [RFC9901 §8; T114 SDJWTVC13 §3.2; T115 HAIP §6.1; ÖK §4.13 B6]) || anahtar x5c + güven çapalarıyla (root-ec, root-ml) çözülür; zincir sınıfı karisik; yol politikası yok
X5C08_korumasiz_x5c_zincir_degisimi	L4-YOL	tedavi-ML-DSA-65	ikincil	K9(ikincil)	reject	ÖK §2D m.13 (ON-KAYIT v0.8 (capa 7); 00-on-kayit/ON-KAYIT-TASLAK.md:460): "kabul edilen yolun, TL/LoTE'de listelenen çıpadan kimlik bilgisine kadar bütün kenarları PQ olmalıdır" | [T055] JOSECOMP §6.2 (draft-ietf-jose-pq-composite-sigs-04; metin/JOSECOMP.txt:1052): "Because the certificate itself is protected by a composite signature, an attacker cannot forge a fake certificate to swap a public key even if the traditional algorithm is broken." | [T038] RFC7515 §4.1.6 (RFC 7515; metin/RFC7515.txt:596): "The recipient MUST validate the certificate chain according to RFC 5280 [RFC5280] and consider the certificate or certificate chain to be invalid if any validation failure occurs." | SDJWTVC13 §3.5 (draft-ietf-oauth-sd-jwt-vc-13; metin/SDJWTVC13.txt:748): "When the protected header of the Issuer-signed JWT contains the x5c parameter, the recipient uses the public key from the end-entity certificate" | [T045] SDJWTVC §2.5 (draft-ietf-oauth-sd-jwt-vc-19; metin/SDJWTVC.txt:1036): "When the protected header of the Issuer-signed JWT contains the x5c parameter, the recipient uses the public key from the end- entity certificate" | [T047] SDJWTVC §2.5 (draft-ietf-oauth-sd-jwt-vc-19; metin/SDJWTVC.txt:1050): "If a recipient cannot validate that the public verification key corresponds to the Issuer of the Issuer-signed JWT using a permitted key discovery and validation mechanism, the SD-JWT VC MUST be rejected." | [T040] RFC7515 §6 (RFC 7515; metin/RFC7515.txt:946): "These Header Parameters MUST be integrity protected if the information that they convey is to be utilized in a trust decision" | [T048] SDJWTVC §7.3 (draft-ietf-oauth-sd-jwt-vc-19; metin/SDJWTVC.txt:2155): "an attacker cannot influence the type of verification process used" | ÖK §2D m.1 (ON-KAYIT v0.8 (capa 7); 00-on-kayit/ON-KAYIT-TASLAK.md:395): "`x5c`/zincir davranışı yalnız X5C vektörlerinde, klasik ve ML-DSA zincirleriyle ölçülür." | ÖK §6.5 (ON-KAYIT v0.8 (capa 7); 00-on-kayit/ON-KAYIT-TASLAK.md:1054): "İhraççı başına gerekli küme R = {X}, izinli küme {A, X}." | [T328] JWTBCP §3.1 (draft-ietf-oauth-rfc8725bis-10; metin/JWTBCP.txt:482): "it MUST determine which algorithms are permitted for itself and that issuer and ensure that the received JWT complies with those requirements" | ÖK §4.7 G5 (ON-KAYIT v0.8 (capa 7); 00-on-kayit/ON-KAYIT-TASLAK.md:767): "Göç etmiş bir varlık, ilan ettiği eski-sürüm penceresi dışında yalnız klasik kanıtla kabul edilemez." | ÖK §6.5 K9 (ON-KAYIT v0.8 (capa 7); 00-on-kayit/ON-KAYIT-TASLAK.md:1066): "Korumasız başlıkta `x5c` | Bayrak B3"	insa: ML-DSA-65=geçerli || yol sınıfı "karisik": yolun en az bir kenarı klasik imzalı → B2 politikası reddeder || x5c yalnız korumasız başlıkta: X.509 anahtar mekanizması yalnız korumalı başlıktaki x5c için tanımlı; güven kararında korumasız bilgi kullanılamaz; izinli mekanizmayla anahtar doğrulanamaz → MUST red (B3 = korumasız x5c işlenirse 1) || imza düzeyi: accept-hybrid (R={ML-DSA-65} geçerli imzayla karşılandı; W içindeki imzalar geçerli || JSON serileştirme isteğe bağlı: destekleyen hedef için karar; desteklemeyen hedefte B6 (uygulanamaz) [RFC9901 §8; T114 SDJWTVC13 §3.2; T115 HAIP §6.1; ÖK §4.13 B6])
X5C09_korumali_ve_korumasiz_x5c	GEC	tedavi-ML-DSA-65	ikincil	K9(ikincil)	reject	RFC7515 §7.2.1 (RFC 7515; metin/RFC7515.txt:1068): "The Header Parameter names in the two locations MUST be disjoint." | RFC7515 §5.2 (RFC 7515; metin/RFC7515.txt:855): "the same Header Parameter name also MUST NOT occur in distinct JSON object values that together comprise the JOSE Header" | ÖK §2D m.1 (ON-KAYIT v0.8 (capa 7); 00-on-kayit/ON-KAYIT-TASLAK.md:395): "`x5c`/zincir davranışı yalnız X5C vektörlerinde, klasik ve ML-DSA zincirleriyle ölçülür." | [T038] RFC7515 §4.1.6 (RFC 7515; metin/RFC7515.txt:596): "The recipient MUST validate the certificate chain according to RFC 5280 [RFC5280] and consider the certificate or certificate chain to be invalid if any validation failure occurs." | ÖK §4.15 (ON-KAYIT v0.8 (capa 7); 00-on-kayit/ON-KAYIT-TASLAK.md:881): "V+: tek geçerli klasik imza → KABUL; V−: bozuk imza → RED" | [T315] RFC7515 §5.2 (RFC 7515; metin/RFC7515.txt:815): "at least one JWS Signature value MUST successfully validate, or the JWS MUST be considered invalid"	insa: ML-DSA-65=geçerli || x5c hem korumalı hem korumasız başlıkta: başlık adları ayrık olmalı → doğrulama adımı başarısız || imza düzeyi: accept-hybrid (imza(lar) geçerli; alg ∈ W || JSON serileştirme isteğe bağlı: destekleyen hedef için karar; desteklemeyen hedefte B6 (uygulanamaz) [RFC9901 §8; T114 SDJWTVC13 §3.2; T115 HAIP §6.1; ÖK §4.13 B6]) || anahtar x5c + güven çapalarıyla (root-ec, root-ml) çözülür; zincir sınıfı korumalı: tam-pq / korumasız: karışık; yol politikası yok
X5C09_korumali_ve_korumasiz_x5c	L4	tedavi-ML-DSA-65	ikincil	K9(ikincil)	reject	RFC7515 §7.2.1 (RFC 7515; metin/RFC7515.txt:1068): "The Header Parameter names in the two locations MUST be disjoint." | RFC7515 §5.2 (RFC 7515; metin/RFC7515.txt:855): "the same Header Parameter name also MUST NOT occur in distinct JSON object values that together comprise the JOSE Header" | ÖK §6.5 (ON-KAYIT v0.8 (capa 7); 00-on-kayit/ON-KAYIT-TASLAK.md:1054): "İhraççı başına gerekli küme R = {X}, izinli küme {A, X}." | [T328] JWTBCP §3.1 (draft-ietf-oauth-rfc8725bis-10; metin/JWTBCP.txt:482): "it MUST determine which algorithms are permitted for itself and that issuer and ensure that the received JWT complies with those requirements" | ÖK §4.7 G5 (ON-KAYIT v0.8 (capa 7); 00-on-kayit/ON-KAYIT-TASLAK.md:767): "Göç etmiş bir varlık, ilan ettiği eski-sürüm penceresi dışında yalnız klasik kanıtla kabul edilemez." | ÖK §2D m.1 (ON-KAYIT v0.8 (capa 7); 00-on-kayit/ON-KAYIT-TASLAK.md:395): "`x5c`/zincir davranışı yalnız X5C vektörlerinde, klasik ve ML-DSA zincirleriyle ölçülür." | [T038] RFC7515 §4.1.6 (RFC 7515; metin/RFC7515.txt:596): "The recipient MUST validate the certificate chain according to RFC 5280 [RFC5280] and consider the certificate or certificate chain to be invalid if any validation failure occurs." | ÖK §6.5 K9 (ON-KAYIT v0.8 (capa 7); 00-on-kayit/ON-KAYIT-TASLAK.md:1066): "Korumasız başlıkta `x5c` | Bayrak B3" | ÖK §4.13 L4 (ON-KAYIT v0.8 (capa 7); 00-on-kayit/ON-KAYIT-TASLAK.md:844): "Yapılandırılmış hâlde K1 KABUL, K2 RED, K3 RED (§6.5)"	insa: ML-DSA-65=geçerli || x5c hem korumalı hem korumasız başlıkta: başlık adları ayrık olmalı → doğrulama adımı başarısız || imza düzeyi: accept-hybrid (R={ML-DSA-65} geçerli imzayla karşılandı; W içindeki imzalar geçerli || JSON serileştirme isteğe bağlı: destekleyen hedef için karar; desteklemeyen hedefte B6 (uygulanamaz) [RFC9901 §8; T114 SDJWTVC13 §3.2; T115 HAIP §6.1; ÖK §4.13 B6]) || anahtar x5c + güven çapalarıyla (root-ec, root-ml) çözülür; zincir sınıfı korumalı: tam-pq / korumasız: karışık; yol politikası yok
X5C09_korumali_ve_korumasiz_x5c	L4-S	tedavi-ML-DSA-65	ikincil	K9(ikincil)	reject	RFC7515 §7.2.1 (RFC 7515; metin/RFC7515.txt:1068): "The Header Parameter names in the two locations MUST be disjoint." | RFC7515 §5.2 (RFC 7515; metin/RFC7515.txt:855): "the same Header Parameter name also MUST NOT occur in distinct JSON object values that together comprise the JOSE Header" | ÖK §6.5 (ON-KAYIT v0.8 (capa 7); 00-on-kayit/ON-KAYIT-TASLAK.md:1054): "İhraççı başına gerekli küme R = {X}, izinli küme {A, X}." | [T328] JWTBCP §3.1 (draft-ietf-oauth-rfc8725bis-10; metin/JWTBCP.txt:482): "it MUST determine which algorithms are permitted for itself and that issuer and ensure that the received JWT complies with those requirements" | ÖK §4.7 G5 (ON-KAYIT v0.8 (capa 7); 00-on-kayit/ON-KAYIT-TASLAK.md:767): "Göç etmiş bir varlık, ilan ettiği eski-sürüm penceresi dışında yalnız klasik kanıtla kabul edilemez." | ÖK §2D m.1 (ON-KAYIT v0.8 (capa 7); 00-on-kayit/ON-KAYIT-TASLAK.md:395): "`x5c`/zincir davranışı yalnız X5C vektörlerinde, klasik ve ML-DSA zincirleriyle ölçülür." | [T038] RFC7515 §4.1.6 (RFC 7515; metin/RFC7515.txt:596): "The recipient MUST validate the certificate chain according to RFC 5280 [RFC5280] and consider the certificate or certificate chain to be invalid if any validation failure occurs." | ÖK §6.5 K9 (ON-KAYIT v0.8 (capa 7); 00-on-kayit/ON-KAYIT-TASLAK.md:1066): "Korumasız başlıkta `x5c` | Bayrak B3" | ÖK §4.8 P3 (ON-KAYIT v0.8 (capa 7); 00-on-kayit/ON-KAYIT-TASLAK.md:778): "P2 + ihraççı başına gerekli küme R_I"	insa: ML-DSA-65=geçerli || x5c hem korumalı hem korumasız başlıkta: başlık adları ayrık olmalı → doğrulama adımı başarısız || imza düzeyi: accept-hybrid (R={ML-DSA-65} geçerli imzayla karşılandı; W içindeki imzalar geçerli || JSON serileştirme isteğe bağlı: destekleyen hedef için karar; desteklemeyen hedefte B6 (uygulanamaz) [RFC9901 §8; T114 SDJWTVC13 §3.2; T115 HAIP §6.1; ÖK §4.13 B6]) || anahtar x5c + güven çapalarıyla (root-ec, root-ml) çözülür; zincir sınıfı korumalı: tam-pq / korumasız: karışık; yol politikası yok
X5C09_korumali_ve_korumasiz_x5c	L4-Y	tedavi-ML-DSA-65	ikincil	K9(ikincil)	reject	RFC7515 §7.2.1 (RFC 7515; metin/RFC7515.txt:1068): "The Header Parameter names in the two locations MUST be disjoint." | RFC7515 §5.2 (RFC 7515; metin/RFC7515.txt:855): "the same Header Parameter name also MUST NOT occur in distinct JSON object values that together comprise the JOSE Header" | ÖK §6.5 (ON-KAYIT v0.8 (capa 7); 00-on-kayit/ON-KAYIT-TASLAK.md:1054): "İhraççı başına gerekli küme R = {X}, izinli küme {A, X}." | [T328] JWTBCP §3.1 (draft-ietf-oauth-rfc8725bis-10; metin/JWTBCP.txt:482): "it MUST determine which algorithms are permitted for itself and that issuer and ensure that the received JWT complies with those requirements" | ÖK §4.7 G5 (ON-KAYIT v0.8 (capa 7); 00-on-kayit/ON-KAYIT-TASLAK.md:767): "Göç etmiş bir varlık, ilan ettiği eski-sürüm penceresi dışında yalnız klasik kanıtla kabul edilemez." | ÖK §2D m.1 (ON-KAYIT v0.8 (capa 7); 00-on-kayit/ON-KAYIT-TASLAK.md:395): "`x5c`/zincir davranışı yalnız X5C vektörlerinde, klasik ve ML-DSA zincirleriyle ölçülür." | [T038] RFC7515 §4.1.6 (RFC 7515; metin/RFC7515.txt:596): "The recipient MUST validate the certificate chain according to RFC 5280 [RFC5280] and consider the certificate or certificate chain to be invalid if any validation failure occurs." | ÖK §6.5 K9 (ON-KAYIT v0.8 (capa 7); 00-on-kayit/ON-KAYIT-TASLAK.md:1066): "Korumasız başlıkta `x5c` | Bayrak B3" | [T314] RFC7515 §5.2 (RFC 7515; metin/RFC7515.txt:810): "When there are multiple JWS Signature values, it is an application decision which of the JWS Signature values must successfully validate for the JWS to be accepted."	insa: ML-DSA-65=geçerli || x5c hem korumalı hem korumasız başlıkta: başlık adları ayrık olmalı → doğrulama adımı başarısız || imza düzeyi: accept-hybrid (R={ML-DSA-65} geçerli imzayla karşılandı; W içindeki imzalar geçerli || JSON serileştirme isteğe bağlı: destekleyen hedef için karar; desteklemeyen hedefte B6 (uygulanamaz) [RFC9901 §8; T114 SDJWTVC13 §3.2; T115 HAIP §6.1; ÖK §4.13 B6]) || anahtar x5c + güven çapalarıyla (root-ec, root-ml) çözülür; zincir sınıfı korumalı: tam-pq / korumasız: karışık; yol politikası yok
X5C09_korumali_ve_korumasiz_x5c	L4-YOL	tedavi-ML-DSA-65	ikincil	K9(ikincil)	reject	RFC7515 §7.2.1 (RFC 7515; metin/RFC7515.txt:1068): "The Header Parameter names in the two locations MUST be disjoint." | RFC7515 §5.2 (RFC 7515; metin/RFC7515.txt:855): "the same Header Parameter name also MUST NOT occur in distinct JSON object values that together comprise the JOSE Header" | ÖK §6.5 (ON-KAYIT v0.8 (capa 7); 00-on-kayit/ON-KAYIT-TASLAK.md:1054): "İhraççı başına gerekli küme R = {X}, izinli küme {A, X}." | [T328] JWTBCP §3.1 (draft-ietf-oauth-rfc8725bis-10; metin/JWTBCP.txt:482): "it MUST determine which algorithms are permitted for itself and that issuer and ensure that the received JWT complies with those requirements" | ÖK §4.7 G5 (ON-KAYIT v0.8 (capa 7); 00-on-kayit/ON-KAYIT-TASLAK.md:767): "Göç etmiş bir varlık, ilan ettiği eski-sürüm penceresi dışında yalnız klasik kanıtla kabul edilemez." | ÖK §2D m.13 (ON-KAYIT v0.8 (capa 7); 00-on-kayit/ON-KAYIT-TASLAK.md:460): "kabul edilen yolun, TL/LoTE'de listelenen çıpadan kimlik bilgisine kadar bütün kenarları PQ olmalıdır" | ÖK §6.5 K9 (ON-KAYIT v0.8 (capa 7); 00-on-kayit/ON-KAYIT-TASLAK.md:1066): "Korumasız başlıkta `x5c` | Bayrak B3"	insa: ML-DSA-65=geçerli || x5c hem korumalı hem korumasız başlıkta: başlık adları ayrık olmalı → doğrulama adımı başarısız || imza düzeyi: accept-hybrid (R={ML-DSA-65} geçerli imzayla karşılandı; W içindeki imzalar geçerli || JSON serileştirme isteğe bağlı: destekleyen hedef için karar; desteklemeyen hedefte B6 (uygulanamaz) [RFC9901 §8; T114 SDJWTVC13 §3.2; T115 HAIP §6.1; ÖK §4.13 B6]) || yol sınıfı tam-PQ
X5C10_x5c_ve_baska_anahtar_kid	GEC	tedavi-ML-DSA-65	ikincil	eşleme-dışı	indeterminate	[T045] SDJWTVC §2.5 (draft-ietf-oauth-sd-jwt-vc-19; metin/SDJWTVC.txt:1036): "When the protected header of the Issuer-signed JWT contains the x5c parameter, the recipient uses the public key from the end- entity certificate" | [T329] JWTBCP §3.1 (draft-ietf-oauth-rfc8725bis-10; metin/JWTBCP.txt:469): "is consistent with the algorithm associated with the key identified by the corresponding identifier" | ÖK §2D m.1 (ON-KAYIT v0.8 (capa 7); 00-on-kayit/ON-KAYIT-TASLAK.md:395): "`x5c`/zincir davranışı yalnız X5C vektörlerinde, klasik ve ML-DSA zincirleriyle ölçülür." | [T038] RFC7515 §4.1.6 (RFC 7515; metin/RFC7515.txt:596): "The recipient MUST validate the certificate chain according to RFC 5280 [RFC5280] and consider the certificate or certificate chain to be invalid if any validation failure occurs." | ÖK §4.15 (ON-KAYIT v0.8 (capa 7); 00-on-kayit/ON-KAYIT-TASLAK.md:881): "V+: tek geçerli klasik imza → KABUL; V−: bozuk imza → RED" | [T315] RFC7515 §5.2 (RFC 7515; metin/RFC7515.txt:815): "at least one JWS Signature value MUST successfully validate, or the JWS MUST be considered invalid"	insa: ML-DSA-65=geçerli || kid başka anahtarı (issuer/ES256) gösteriyor: SD-JWT VC anahtarı x5c yaprağından alır (kabul yönü), 8725bis kid ile belirlenen anahtarın alg uyumunu ister (red yönü) || imza düzeyi: accept-hybrid (imza(lar) geçerli; alg ∈ W) || anahtar x5c + güven çapalarıyla (root-ec, root-ml) çözülür; zincir sınıfı tam-pq; yol politikası yok
X5C10_x5c_ve_baska_anahtar_kid	L4	tedavi-ML-DSA-65	ikincil	eşleme-dışı	indeterminate	ÖK §6.5 (ON-KAYIT v0.8 (capa 7); 00-on-kayit/ON-KAYIT-TASLAK.md:1054): "İhraççı başına gerekli küme R = {X}, izinli küme {A, X}." | [T328] JWTBCP §3.1 (draft-ietf-oauth-rfc8725bis-10; metin/JWTBCP.txt:482): "it MUST determine which algorithms are permitted for itself and that issuer and ensure that the received JWT complies with those requirements" | ÖK §4.7 G5 (ON-KAYIT v0.8 (capa 7); 00-on-kayit/ON-KAYIT-TASLAK.md:767): "Göç etmiş bir varlık, ilan ettiği eski-sürüm penceresi dışında yalnız klasik kanıtla kabul edilemez." | [T045] SDJWTVC §2.5 (draft-ietf-oauth-sd-jwt-vc-19; metin/SDJWTVC.txt:1036): "When the protected header of the Issuer-signed JWT contains the x5c parameter, the recipient uses the public key from the end- entity certificate" | [T329] JWTBCP §3.1 (draft-ietf-oauth-rfc8725bis-10; metin/JWTBCP.txt:469): "is consistent with the algorithm associated with the key identified by the corresponding identifier" | ÖK §2D m.1 (ON-KAYIT v0.8 (capa 7); 00-on-kayit/ON-KAYIT-TASLAK.md:395): "`x5c`/zincir davranışı yalnız X5C vektörlerinde, klasik ve ML-DSA zincirleriyle ölçülür." | [T038] RFC7515 §4.1.6 (RFC 7515; metin/RFC7515.txt:596): "The recipient MUST validate the certificate chain according to RFC 5280 [RFC5280] and consider the certificate or certificate chain to be invalid if any validation failure occurs." | ÖK §4.13 L4 (ON-KAYIT v0.8 (capa 7); 00-on-kayit/ON-KAYIT-TASLAK.md:844): "Yapılandırılmış hâlde K1 KABUL, K2 RED, K3 RED (§6.5)"	insa: ML-DSA-65=geçerli || kid başka anahtarı (issuer/ES256) gösteriyor: SD-JWT VC anahtarı x5c yaprağından alır (kabul yönü), 8725bis kid ile belirlenen anahtarın alg uyumunu ister (red yönü) || imza düzeyi: accept-hybrid (R={ML-DSA-65} geçerli imzayla karşılandı; W içindeki imzalar geçerli) || anahtar x5c + güven çapalarıyla (root-ec, root-ml) çözülür; zincir sınıfı tam-pq; yol politikası yok
X5C10_x5c_ve_baska_anahtar_kid	L4-S	tedavi-ML-DSA-65	ikincil	eşleme-dışı	indeterminate	ÖK §6.5 (ON-KAYIT v0.8 (capa 7); 00-on-kayit/ON-KAYIT-TASLAK.md:1054): "İhraççı başına gerekli küme R = {X}, izinli küme {A, X}." | [T328] JWTBCP §3.1 (draft-ietf-oauth-rfc8725bis-10; metin/JWTBCP.txt:482): "it MUST determine which algorithms are permitted for itself and that issuer and ensure that the received JWT complies with those requirements" | ÖK §4.7 G5 (ON-KAYIT v0.8 (capa 7); 00-on-kayit/ON-KAYIT-TASLAK.md:767): "Göç etmiş bir varlık, ilan ettiği eski-sürüm penceresi dışında yalnız klasik kanıtla kabul edilemez." | [T045] SDJWTVC §2.5 (draft-ietf-oauth-sd-jwt-vc-19; metin/SDJWTVC.txt:1036): "When the protected header of the Issuer-signed JWT contains the x5c parameter, the recipient uses the public key from the end- entity certificate" | [T329] JWTBCP §3.1 (draft-ietf-oauth-rfc8725bis-10; metin/JWTBCP.txt:469): "is consistent with the algorithm associated with the key identified by the corresponding identifier" | ÖK §2D m.1 (ON-KAYIT v0.8 (capa 7); 00-on-kayit/ON-KAYIT-TASLAK.md:395): "`x5c`/zincir davranışı yalnız X5C vektörlerinde, klasik ve ML-DSA zincirleriyle ölçülür." | [T038] RFC7515 §4.1.6 (RFC 7515; metin/RFC7515.txt:596): "The recipient MUST validate the certificate chain according to RFC 5280 [RFC5280] and consider the certificate or certificate chain to be invalid if any validation failure occurs." | ÖK §4.8 P3 (ON-KAYIT v0.8 (capa 7); 00-on-kayit/ON-KAYIT-TASLAK.md:778): "P2 + ihraççı başına gerekli küme R_I"	insa: ML-DSA-65=geçerli || kid başka anahtarı (issuer/ES256) gösteriyor: SD-JWT VC anahtarı x5c yaprağından alır (kabul yönü), 8725bis kid ile belirlenen anahtarın alg uyumunu ister (red yönü) || imza düzeyi: accept-hybrid (R={ML-DSA-65} geçerli imzayla karşılandı; W içindeki imzalar geçerli) || anahtar x5c + güven çapalarıyla (root-ec, root-ml) çözülür; zincir sınıfı tam-pq; yol politikası yok
X5C10_x5c_ve_baska_anahtar_kid	L4-Y	tedavi-ML-DSA-65	ikincil	eşleme-dışı	indeterminate	ÖK §6.5 (ON-KAYIT v0.8 (capa 7); 00-on-kayit/ON-KAYIT-TASLAK.md:1054): "İhraççı başına gerekli küme R = {X}, izinli küme {A, X}." | [T328] JWTBCP §3.1 (draft-ietf-oauth-rfc8725bis-10; metin/JWTBCP.txt:482): "it MUST determine which algorithms are permitted for itself and that issuer and ensure that the received JWT complies with those requirements" | ÖK §4.7 G5 (ON-KAYIT v0.8 (capa 7); 00-on-kayit/ON-KAYIT-TASLAK.md:767): "Göç etmiş bir varlık, ilan ettiği eski-sürüm penceresi dışında yalnız klasik kanıtla kabul edilemez." | [T045] SDJWTVC §2.5 (draft-ietf-oauth-sd-jwt-vc-19; metin/SDJWTVC.txt:1036): "When the protected header of the Issuer-signed JWT contains the x5c parameter, the recipient uses the public key from the end- entity certificate" | [T329] JWTBCP §3.1 (draft-ietf-oauth-rfc8725bis-10; metin/JWTBCP.txt:469): "is consistent with the algorithm associated with the key identified by the corresponding identifier" | ÖK §2D m.1 (ON-KAYIT v0.8 (capa 7); 00-on-kayit/ON-KAYIT-TASLAK.md:395): "`x5c`/zincir davranışı yalnız X5C vektörlerinde, klasik ve ML-DSA zincirleriyle ölçülür." | [T038] RFC7515 §4.1.6 (RFC 7515; metin/RFC7515.txt:596): "The recipient MUST validate the certificate chain according to RFC 5280 [RFC5280] and consider the certificate or certificate chain to be invalid if any validation failure occurs." | [T314] RFC7515 §5.2 (RFC 7515; metin/RFC7515.txt:810): "When there are multiple JWS Signature values, it is an application decision which of the JWS Signature values must successfully validate for the JWS to be accepted."	insa: ML-DSA-65=geçerli || kid başka anahtarı (issuer/ES256) gösteriyor: SD-JWT VC anahtarı x5c yaprağından alır (kabul yönü), 8725bis kid ile belirlenen anahtarın alg uyumunu ister (red yönü) || imza düzeyi: accept-hybrid (R={ML-DSA-65} geçerli imzayla karşılandı; W içindeki imzalar geçerli) || anahtar x5c + güven çapalarıyla (root-ec, root-ml) çözülür; zincir sınıfı tam-pq; yol politikası yok
X5C10_x5c_ve_baska_anahtar_kid	L4-YOL	tedavi-ML-DSA-65	ikincil	eşleme-dışı	indeterminate	ÖK §6.5 (ON-KAYIT v0.8 (capa 7); 00-on-kayit/ON-KAYIT-TASLAK.md:1054): "İhraççı başına gerekli küme R = {X}, izinli küme {A, X}." | [T328] JWTBCP §3.1 (draft-ietf-oauth-rfc8725bis-10; metin/JWTBCP.txt:482): "it MUST determine which algorithms are permitted for itself and that issuer and ensure that the received JWT complies with those requirements" | ÖK §4.7 G5 (ON-KAYIT v0.8 (capa 7); 00-on-kayit/ON-KAYIT-TASLAK.md:767): "Göç etmiş bir varlık, ilan ettiği eski-sürüm penceresi dışında yalnız klasik kanıtla kabul edilemez." | [T045] SDJWTVC §2.5 (draft-ietf-oauth-sd-jwt-vc-19; metin/SDJWTVC.txt:1036): "When the protected header of the Issuer-signed JWT contains the x5c parameter, the recipient uses the public key from the end- entity certificate" | [T329] JWTBCP §3.1 (draft-ietf-oauth-rfc8725bis-10; metin/JWTBCP.txt:469): "is consistent with the algorithm associated with the key identified by the corresponding identifier" | ÖK §2D m.13 (ON-KAYIT v0.8 (capa 7); 00-on-kayit/ON-KAYIT-TASLAK.md:460): "kabul edilen yolun, TL/LoTE'de listelenen çıpadan kimlik bilgisine kadar bütün kenarları PQ olmalıdır"	insa: ML-DSA-65=geçerli || kid başka anahtarı (issuer/ES256) gösteriyor: SD-JWT VC anahtarı x5c yaprağından alır (kabul yönü), 8725bis kid ile belirlenen anahtarın alg uyumunu ister (red yönü) || imza düzeyi: accept-hybrid (R={ML-DSA-65} geçerli imzayla karşılandı; W içindeki imzalar geçerli) || yol sınıfı tam-PQ
REQ01_imzali_ES256_x509_hash	GEC	tedavi-ML-DSA-65	ikincil	eşleme-dışı	accept-classical	[T268] OID4VP §5.9.3 (OID4VP 1.0 Final; metin/OID4VP.txt:894): "it is at the discretion of the Wallet whether it validates the signature on the Request Object" | [T240] OID4VP §5.9.3 (OID4VP 1.0 Final; metin/OID4VP.txt:947): "The Wallet MUST validate the signature and the trust chain of the X.509 leaf certificate." | ÖK §4.15 (ON-KAYIT v0.8 (capa 7); 00-on-kayit/ON-KAYIT-TASLAK.md:881): "V+: tek geçerli klasik imza → KABUL; V−: bozuk imza → RED" | [T315] RFC7515 §5.2 (RFC 7515; metin/RFC7515.txt:815): "at least one JWS Signature value MUST successfully validate, or the JWS MUST be considered invalid"	insa: ES256=geçerli || imza(lar) geçerli; alg ∈ W || cüzdan tarafı (Adım 11); yapılandırma "cüzdan imzaları doğrular" varsayar || x509_hash: imza ve yaprak zinciri doğrulanır (inşa gereği hash ve zincir tutarlı)
REQ01_imzali_ES256_x509_hash	L4	tedavi-ML-DSA-65	ikincil	eşleme-dışı	reject	ÖK §6.5 (ON-KAYIT v0.8 (capa 7); 00-on-kayit/ON-KAYIT-TASLAK.md:1054): "İhraççı başına gerekli küme R = {X}, izinli küme {A, X}." | [T328] JWTBCP §3.1 (draft-ietf-oauth-rfc8725bis-10; metin/JWTBCP.txt:482): "it MUST determine which algorithms are permitted for itself and that issuer and ensure that the received JWT complies with those requirements" | ÖK §4.7 G5 (ON-KAYIT v0.8 (capa 7); 00-on-kayit/ON-KAYIT-TASLAK.md:767): "Göç etmiş bir varlık, ilan ettiği eski-sürüm penceresi dışında yalnız klasik kanıtla kabul edilemez." | ÖK §4.13 L4 (ON-KAYIT v0.8 (capa 7); 00-on-kayit/ON-KAYIT-TASLAK.md:844): "Yapılandırılmış hâlde K1 KABUL, K2 RED, K3 RED (§6.5)" | [T268] OID4VP §5.9.3 (OID4VP 1.0 Final; metin/OID4VP.txt:894): "it is at the discretion of the Wallet whether it validates the signature on the Request Object" | [T240] OID4VP §5.9.3 (OID4VP 1.0 Final; metin/OID4VP.txt:947): "The Wallet MUST validate the signature and the trust chain of the X.509 leaf certificate."	insa: ES256=geçerli || gerekli küme R=['ML-DSA-65'] karşılanmıyor (yalnız ES256) || cüzdan tarafı (Adım 11); yapılandırma "cüzdan imzaları doğrular" varsayar || x509_hash: imza ve yaprak zinciri doğrulanır (inşa gereği hash ve zincir tutarlı)
REQ01_imzali_ES256_x509_hash	L4-S	tedavi-ML-DSA-65	ikincil	eşleme-dışı	reject	ÖK §6.5 (ON-KAYIT v0.8 (capa 7); 00-on-kayit/ON-KAYIT-TASLAK.md:1054): "İhraççı başına gerekli küme R = {X}, izinli küme {A, X}." | [T328] JWTBCP §3.1 (draft-ietf-oauth-rfc8725bis-10; metin/JWTBCP.txt:482): "it MUST determine which algorithms are permitted for itself and that issuer and ensure that the received JWT complies with those requirements" | ÖK §4.7 G5 (ON-KAYIT v0.8 (capa 7); 00-on-kayit/ON-KAYIT-TASLAK.md:767): "Göç etmiş bir varlık, ilan ettiği eski-sürüm penceresi dışında yalnız klasik kanıtla kabul edilemez." | ÖK §4.13 L4 (ON-KAYIT v0.8 (capa 7); 00-on-kayit/ON-KAYIT-TASLAK.md:844): "Yapılandırılmış hâlde K1 KABUL, K2 RED, K3 RED (§6.5)" | [T268] OID4VP §5.9.3 (OID4VP 1.0 Final; metin/OID4VP.txt:894): "it is at the discretion of the Wallet whether it validates the signature on the Request Object" | [T240] OID4VP §5.9.3 (OID4VP 1.0 Final; metin/OID4VP.txt:947): "The Wallet MUST validate the signature and the trust chain of the X.509 leaf certificate." | ÖK §4.8 P3 (ON-KAYIT v0.8 (capa 7); 00-on-kayit/ON-KAYIT-TASLAK.md:778): "P2 + ihraççı başına gerekli küme R_I"	insa: ES256=geçerli || gerekli küme R=['ML-DSA-65'] karşılanmıyor (yalnız ES256) || cüzdan tarafı (Adım 11); yapılandırma "cüzdan imzaları doğrular" varsayar || x509_hash: imza ve yaprak zinciri doğrulanır (inşa gereği hash ve zincir tutarlı)
REQ01_imzali_ES256_x509_hash	L4-Y	tedavi-ML-DSA-65	ikincil	eşleme-dışı	reject	ÖK §6.5 (ON-KAYIT v0.8 (capa 7); 00-on-kayit/ON-KAYIT-TASLAK.md:1054): "İhraççı başına gerekli küme R = {X}, izinli küme {A, X}." | [T328] JWTBCP §3.1 (draft-ietf-oauth-rfc8725bis-10; metin/JWTBCP.txt:482): "it MUST determine which algorithms are permitted for itself and that issuer and ensure that the received JWT complies with those requirements" | ÖK §4.7 G5 (ON-KAYIT v0.8 (capa 7); 00-on-kayit/ON-KAYIT-TASLAK.md:767): "Göç etmiş bir varlık, ilan ettiği eski-sürüm penceresi dışında yalnız klasik kanıtla kabul edilemez." | ÖK §4.13 L4 (ON-KAYIT v0.8 (capa 7); 00-on-kayit/ON-KAYIT-TASLAK.md:844): "Yapılandırılmış hâlde K1 KABUL, K2 RED, K3 RED (§6.5)" | [T268] OID4VP §5.9.3 (OID4VP 1.0 Final; metin/OID4VP.txt:894): "it is at the discretion of the Wallet whether it validates the signature on the Request Object" | [T240] OID4VP §5.9.3 (OID4VP 1.0 Final; metin/OID4VP.txt:947): "The Wallet MUST validate the signature and the trust chain of the X.509 leaf certificate." | [T314] RFC7515 §5.2 (RFC 7515; metin/RFC7515.txt:810): "When there are multiple JWS Signature values, it is an application decision which of the JWS Signature values must successfully validate for the JWS to be accepted."	insa: ES256=geçerli || gerekli küme R=['ML-DSA-65'] karşılanmıyor (yalnız ES256) || cüzdan tarafı (Adım 11); yapılandırma "cüzdan imzaları doğrular" varsayar || x509_hash: imza ve yaprak zinciri doğrulanır (inşa gereği hash ve zincir tutarlı)
REQ02_imzali_MLDSA65_x509_hash	GEC	tedavi-ML-DSA-65	ikincil	eşleme-dışı	accept-hybrid	[T268] OID4VP §5.9.3 (OID4VP 1.0 Final; metin/OID4VP.txt:894): "it is at the discretion of the Wallet whether it validates the signature on the Request Object" | [T240] OID4VP §5.9.3 (OID4VP 1.0 Final; metin/OID4VP.txt:947): "The Wallet MUST validate the signature and the trust chain of the X.509 leaf certificate." | ÖK §4.15 (ON-KAYIT v0.8 (capa 7); 00-on-kayit/ON-KAYIT-TASLAK.md:881): "V+: tek geçerli klasik imza → KABUL; V−: bozuk imza → RED" | [T315] RFC7515 §5.2 (RFC 7515; metin/RFC7515.txt:815): "at least one JWS Signature value MUST successfully validate, or the JWS MUST be considered invalid"	insa: ML-DSA-65=geçerli || imza(lar) geçerli; alg ∈ W || cüzdan tarafı (Adım 11); yapılandırma "cüzdan imzaları doğrular" varsayar || x509_hash: imza ve yaprak zinciri doğrulanır (inşa gereği hash ve zincir tutarlı)
REQ02_imzali_MLDSA65_x509_hash	L4	tedavi-ML-DSA-65	ikincil	eşleme-dışı	accept-hybrid	ÖK §6.5 (ON-KAYIT v0.8 (capa 7); 00-on-kayit/ON-KAYIT-TASLAK.md:1054): "İhraççı başına gerekli küme R = {X}, izinli küme {A, X}." | [T328] JWTBCP §3.1 (draft-ietf-oauth-rfc8725bis-10; metin/JWTBCP.txt:482): "it MUST determine which algorithms are permitted for itself and that issuer and ensure that the received JWT complies with those requirements" | ÖK §4.7 G5 (ON-KAYIT v0.8 (capa 7); 00-on-kayit/ON-KAYIT-TASLAK.md:767): "Göç etmiş bir varlık, ilan ettiği eski-sürüm penceresi dışında yalnız klasik kanıtla kabul edilemez." | [T268] OID4VP §5.9.3 (OID4VP 1.0 Final; metin/OID4VP.txt:894): "it is at the discretion of the Wallet whether it validates the signature on the Request Object" | [T240] OID4VP §5.9.3 (OID4VP 1.0 Final; metin/OID4VP.txt:947): "The Wallet MUST validate the signature and the trust chain of the X.509 leaf certificate." | ÖK §4.13 L4 (ON-KAYIT v0.8 (capa 7); 00-on-kayit/ON-KAYIT-TASLAK.md:844): "Yapılandırılmış hâlde K1 KABUL, K2 RED, K3 RED (§6.5)"	insa: ML-DSA-65=geçerli || R={ML-DSA-65} geçerli imzayla karşılandı; W içindeki imzalar geçerli || cüzdan tarafı (Adım 11); yapılandırma "cüzdan imzaları doğrular" varsayar || x509_hash: imza ve yaprak zinciri doğrulanır (inşa gereği hash ve zincir tutarlı)
REQ02_imzali_MLDSA65_x509_hash	L4-S	tedavi-ML-DSA-65	ikincil	eşleme-dışı	accept-hybrid	ÖK §6.5 (ON-KAYIT v0.8 (capa 7); 00-on-kayit/ON-KAYIT-TASLAK.md:1054): "İhraççı başına gerekli küme R = {X}, izinli küme {A, X}." | [T328] JWTBCP §3.1 (draft-ietf-oauth-rfc8725bis-10; metin/JWTBCP.txt:482): "it MUST determine which algorithms are permitted for itself and that issuer and ensure that the received JWT complies with those requirements" | ÖK §4.7 G5 (ON-KAYIT v0.8 (capa 7); 00-on-kayit/ON-KAYIT-TASLAK.md:767): "Göç etmiş bir varlık, ilan ettiği eski-sürüm penceresi dışında yalnız klasik kanıtla kabul edilemez." | [T268] OID4VP §5.9.3 (OID4VP 1.0 Final; metin/OID4VP.txt:894): "it is at the discretion of the Wallet whether it validates the signature on the Request Object" | [T240] OID4VP §5.9.3 (OID4VP 1.0 Final; metin/OID4VP.txt:947): "The Wallet MUST validate the signature and the trust chain of the X.509 leaf certificate." | ÖK §4.8 P3 (ON-KAYIT v0.8 (capa 7); 00-on-kayit/ON-KAYIT-TASLAK.md:778): "P2 + ihraççı başına gerekli küme R_I"	insa: ML-DSA-65=geçerli || R={ML-DSA-65} geçerli imzayla karşılandı; W içindeki imzalar geçerli || cüzdan tarafı (Adım 11); yapılandırma "cüzdan imzaları doğrular" varsayar || x509_hash: imza ve yaprak zinciri doğrulanır (inşa gereği hash ve zincir tutarlı)
REQ02_imzali_MLDSA65_x509_hash	L4-Y	tedavi-ML-DSA-65	ikincil	eşleme-dışı	accept-hybrid	ÖK §6.5 (ON-KAYIT v0.8 (capa 7); 00-on-kayit/ON-KAYIT-TASLAK.md:1054): "İhraççı başına gerekli küme R = {X}, izinli küme {A, X}." | [T328] JWTBCP §3.1 (draft-ietf-oauth-rfc8725bis-10; metin/JWTBCP.txt:482): "it MUST determine which algorithms are permitted for itself and that issuer and ensure that the received JWT complies with those requirements" | ÖK §4.7 G5 (ON-KAYIT v0.8 (capa 7); 00-on-kayit/ON-KAYIT-TASLAK.md:767): "Göç etmiş bir varlık, ilan ettiği eski-sürüm penceresi dışında yalnız klasik kanıtla kabul edilemez." | [T268] OID4VP §5.9.3 (OID4VP 1.0 Final; metin/OID4VP.txt:894): "it is at the discretion of the Wallet whether it validates the signature on the Request Object" | [T240] OID4VP §5.9.3 (OID4VP 1.0 Final; metin/OID4VP.txt:947): "The Wallet MUST validate the signature and the trust chain of the X.509 leaf certificate." | [T314] RFC7515 §5.2 (RFC 7515; metin/RFC7515.txt:810): "When there are multiple JWS Signature values, it is an application decision which of the JWS Signature values must successfully validate for the JWS to be accepted."	insa: ML-DSA-65=geçerli || R={ML-DSA-65} geçerli imzayla karşılandı; W içindeki imzalar geçerli || cüzdan tarafı (Adım 11); yapılandırma "cüzdan imzaları doğrular" varsayar || x509_hash: imza ve yaprak zinciri doğrulanır (inşa gereği hash ve zincir tutarlı)
REQ03_imzali_composite_onkayitli	GEC	tedavi-composite	ikincil	eşleme-dışı	accept-hybrid	[T268] OID4VP §5.9.3 (OID4VP 1.0 Final; metin/OID4VP.txt:894): "it is at the discretion of the Wallet whether it validates the signature on the Request Object" | ÖK §4.15 (ON-KAYIT v0.8 (capa 7); 00-on-kayit/ON-KAYIT-TASLAK.md:881): "V+: tek geçerli klasik imza → KABUL; V−: bozuk imza → RED" | [T315] RFC7515 §5.2 (RFC 7515; metin/RFC7515.txt:815): "at least one JWS Signature value MUST successfully validate, or the JWS MUST be considered invalid"	insa: ML-DSA-65-ES256=geçerli || imza(lar) geçerli; alg ∈ W || cüzdan tarafı (Adım 11); yapılandırma "cüzdan imzaları doğrular" varsayar || önkayıtlı istemci (M-d), x509_hash değil: HAIP §5 doğrulayıcı yükümlülüğünden sapma (composite X.509 yok) [HAIP §5]
REQ03_imzali_composite_onkayitli	L4	tedavi-composite	ikincil	eşleme-dışı	accept-hybrid	ÖK §6.5 (ON-KAYIT v0.8 (capa 7); 00-on-kayit/ON-KAYIT-TASLAK.md:1054): "İhraççı başına gerekli küme R = {X}, izinli küme {A, X}." | [T328] JWTBCP §3.1 (draft-ietf-oauth-rfc8725bis-10; metin/JWTBCP.txt:482): "it MUST determine which algorithms are permitted for itself and that issuer and ensure that the received JWT complies with those requirements" | ÖK §4.7 G5 (ON-KAYIT v0.8 (capa 7); 00-on-kayit/ON-KAYIT-TASLAK.md:767): "Göç etmiş bir varlık, ilan ettiği eski-sürüm penceresi dışında yalnız klasik kanıtla kabul edilemez." | [T268] OID4VP §5.9.3 (OID4VP 1.0 Final; metin/OID4VP.txt:894): "it is at the discretion of the Wallet whether it validates the signature on the Request Object" | ÖK §4.13 L4 (ON-KAYIT v0.8 (capa 7); 00-on-kayit/ON-KAYIT-TASLAK.md:844): "Yapılandırılmış hâlde K1 KABUL, K2 RED, K3 RED (§6.5)"	insa: ML-DSA-65-ES256=geçerli || R={ML-DSA-65-ES256} geçerli imzayla karşılandı; W içindeki imzalar geçerli || cüzdan tarafı (Adım 11); yapılandırma "cüzdan imzaları doğrular" varsayar || önkayıtlı istemci (M-d), x509_hash değil: HAIP §5 doğrulayıcı yükümlülüğünden sapma (composite X.509 yok) [HAIP §5]
REQ03_imzali_composite_onkayitli	L4-S	tedavi-composite	ikincil	eşleme-dışı	accept-hybrid	ÖK §6.5 (ON-KAYIT v0.8 (capa 7); 00-on-kayit/ON-KAYIT-TASLAK.md:1054): "İhraççı başına gerekli küme R = {X}, izinli küme {A, X}." | [T328] JWTBCP §3.1 (draft-ietf-oauth-rfc8725bis-10; metin/JWTBCP.txt:482): "it MUST determine which algorithms are permitted for itself and that issuer and ensure that the received JWT complies with those requirements" | ÖK §4.7 G5 (ON-KAYIT v0.8 (capa 7); 00-on-kayit/ON-KAYIT-TASLAK.md:767): "Göç etmiş bir varlık, ilan ettiği eski-sürüm penceresi dışında yalnız klasik kanıtla kabul edilemez." | [T268] OID4VP §5.9.3 (OID4VP 1.0 Final; metin/OID4VP.txt:894): "it is at the discretion of the Wallet whether it validates the signature on the Request Object" | ÖK §4.8 P3 (ON-KAYIT v0.8 (capa 7); 00-on-kayit/ON-KAYIT-TASLAK.md:778): "P2 + ihraççı başına gerekli küme R_I"	insa: ML-DSA-65-ES256=geçerli || R={ML-DSA-65-ES256} geçerli imzayla karşılandı; W içindeki imzalar geçerli || cüzdan tarafı (Adım 11); yapılandırma "cüzdan imzaları doğrular" varsayar || önkayıtlı istemci (M-d), x509_hash değil: HAIP §5 doğrulayıcı yükümlülüğünden sapma (composite X.509 yok) [HAIP §5]
REQ03_imzali_composite_onkayitli	L4-Y	tedavi-composite	ikincil	eşleme-dışı	accept-hybrid	ÖK §6.5 (ON-KAYIT v0.8 (capa 7); 00-on-kayit/ON-KAYIT-TASLAK.md:1054): "İhraççı başına gerekli küme R = {X}, izinli küme {A, X}." | [T328] JWTBCP §3.1 (draft-ietf-oauth-rfc8725bis-10; metin/JWTBCP.txt:482): "it MUST determine which algorithms are permitted for itself and that issuer and ensure that the received JWT complies with those requirements" | ÖK §4.7 G5 (ON-KAYIT v0.8 (capa 7); 00-on-kayit/ON-KAYIT-TASLAK.md:767): "Göç etmiş bir varlık, ilan ettiği eski-sürüm penceresi dışında yalnız klasik kanıtla kabul edilemez." | [T268] OID4VP §5.9.3 (OID4VP 1.0 Final; metin/OID4VP.txt:894): "it is at the discretion of the Wallet whether it validates the signature on the Request Object" | [T314] RFC7515 §5.2 (RFC 7515; metin/RFC7515.txt:810): "When there are multiple JWS Signature values, it is an application decision which of the JWS Signature values must successfully validate for the JWS to be accepted."	insa: ML-DSA-65-ES256=geçerli || R={ML-DSA-65-ES256} geçerli imzayla karşılandı; W içindeki imzalar geçerli || cüzdan tarafı (Adım 11); yapılandırma "cüzdan imzaları doğrular" varsayar || önkayıtlı istemci (M-d), x509_hash değil: HAIP §5 doğrulayıcı yükümlülüğünden sapma (composite X.509 yok) [HAIP §5]
REQ04_coklu_imzali	L4	tedavi-ML-DSA-65	ikincil	MR1	accept-hybrid	ÖK §6.5 (ON-KAYIT v0.8 (capa 7); 00-on-kayit/ON-KAYIT-TASLAK.md:1054): "İhraççı başına gerekli küme R = {X}, izinli küme {A, X}." | [T328] JWTBCP §3.1 (draft-ietf-oauth-rfc8725bis-10; metin/JWTBCP.txt:482): "it MUST determine which algorithms are permitted for itself and that issuer and ensure that the received JWT complies with those requirements" | ÖK §4.7 G5 (ON-KAYIT v0.8 (capa 7); 00-on-kayit/ON-KAYIT-TASLAK.md:767): "Göç etmiş bir varlık, ilan ettiği eski-sürüm penceresi dışında yalnız klasik kanıtla kabul edilemez." | [T268] OID4VP §5.9.3 (OID4VP 1.0 Final; metin/OID4VP.txt:894): "it is at the discretion of the Wallet whether it validates the signature on the Request Object" | [T240] OID4VP §5.9.3 (OID4VP 1.0 Final; metin/OID4VP.txt:947): "The Wallet MUST validate the signature and the trust chain of the X.509 leaf certificate." | [T269] OID4VP A.3.2.2 (OID4VP 1.0 Final; metin/OID4VP.txt:2572): "allows the Verifier to use multiple Client Identifiers and corresponding key material to protect the same request" | [T314] RFC7515 §5.2 (RFC 7515; metin/RFC7515.txt:810): "When there are multiple JWS Signature values, it is an application decision which of the JWS Signature values must successfully validate for the JWS to be accepted." | ÖK §4.13 L4 (ON-KAYIT v0.8 (capa 7); 00-on-kayit/ON-KAYIT-TASLAK.md:844): "Yapılandırılmış hâlde K1 KABUL, K2 RED, K3 RED (§6.5)"	insa: ES256=geçerli, ML-DSA-65=geçerli || R={ML-DSA-65} geçerli imzayla karşılandı; W içindeki imzalar geçerli || cüzdan tarafı (Adım 11); yapılandırma "cüzdan imzaları doğrular" varsayar || x509_hash: imza ve yaprak zinciri doğrulanır (inşa gereği hash ve zincir tutarlı) || A.3.2.2: hangi imzaların doğrulanacağı cüzdanın güven çerçevesi politikasına bırakılmış
REQ04_coklu_imzali	L4-S	tedavi-ML-DSA-65	ikincil	MR1	accept-hybrid	ÖK §6.5 (ON-KAYIT v0.8 (capa 7); 00-on-kayit/ON-KAYIT-TASLAK.md:1054): "İhraççı başına gerekli küme R = {X}, izinli küme {A, X}." | [T328] JWTBCP §3.1 (draft-ietf-oauth-rfc8725bis-10; metin/JWTBCP.txt:482): "it MUST determine which algorithms are permitted for itself and that issuer and ensure that the received JWT complies with those requirements" | ÖK §4.7 G5 (ON-KAYIT v0.8 (capa 7); 00-on-kayit/ON-KAYIT-TASLAK.md:767): "Göç etmiş bir varlık, ilan ettiği eski-sürüm penceresi dışında yalnız klasik kanıtla kabul edilemez." | [T268] OID4VP §5.9.3 (OID4VP 1.0 Final; metin/OID4VP.txt:894): "it is at the discretion of the Wallet whether it validates the signature on the Request Object" | [T240] OID4VP §5.9.3 (OID4VP 1.0 Final; metin/OID4VP.txt:947): "The Wallet MUST validate the signature and the trust chain of the X.509 leaf certificate." | [T269] OID4VP A.3.2.2 (OID4VP 1.0 Final; metin/OID4VP.txt:2572): "allows the Verifier to use multiple Client Identifiers and corresponding key material to protect the same request" | [T314] RFC7515 §5.2 (RFC 7515; metin/RFC7515.txt:810): "When there are multiple JWS Signature values, it is an application decision which of the JWS Signature values must successfully validate for the JWS to be accepted." | ÖK §4.8 P3 (ON-KAYIT v0.8 (capa 7); 00-on-kayit/ON-KAYIT-TASLAK.md:778): "P2 + ihraççı başına gerekli küme R_I"	insa: ES256=geçerli, ML-DSA-65=geçerli || R={ML-DSA-65} geçerli imzayla karşılandı; W içindeki imzalar geçerli || cüzdan tarafı (Adım 11); yapılandırma "cüzdan imzaları doğrular" varsayar || x509_hash: imza ve yaprak zinciri doğrulanır (inşa gereği hash ve zincir tutarlı) || A.3.2.2: hangi imzaların doğrulanacağı cüzdanın güven çerçevesi politikasına bırakılmış
REQ04_coklu_imzali	L4-Y	tedavi-ML-DSA-65	ikincil	MR1	accept-hybrid	ÖK §6.5 (ON-KAYIT v0.8 (capa 7); 00-on-kayit/ON-KAYIT-TASLAK.md:1054): "İhraççı başına gerekli küme R = {X}, izinli küme {A, X}." | [T328] JWTBCP §3.1 (draft-ietf-oauth-rfc8725bis-10; metin/JWTBCP.txt:482): "it MUST determine which algorithms are permitted for itself and that issuer and ensure that the received JWT complies with those requirements" | ÖK §4.7 G5 (ON-KAYIT v0.8 (capa 7); 00-on-kayit/ON-KAYIT-TASLAK.md:767): "Göç etmiş bir varlık, ilan ettiği eski-sürüm penceresi dışında yalnız klasik kanıtla kabul edilemez." | [T268] OID4VP §5.9.3 (OID4VP 1.0 Final; metin/OID4VP.txt:894): "it is at the discretion of the Wallet whether it validates the signature on the Request Object" | [T240] OID4VP §5.9.3 (OID4VP 1.0 Final; metin/OID4VP.txt:947): "The Wallet MUST validate the signature and the trust chain of the X.509 leaf certificate." | [T269] OID4VP A.3.2.2 (OID4VP 1.0 Final; metin/OID4VP.txt:2572): "allows the Verifier to use multiple Client Identifiers and corresponding key material to protect the same request" | [T314] RFC7515 §5.2 (RFC 7515; metin/RFC7515.txt:810): "When there are multiple JWS Signature values, it is an application decision which of the JWS Signature values must successfully validate for the JWS to be accepted."	insa: ES256=geçerli, ML-DSA-65=geçerli || R={ML-DSA-65} geçerli imzayla karşılandı; W içindeki imzalar geçerli || cüzdan tarafı (Adım 11); yapılandırma "cüzdan imzaları doğrular" varsayar || x509_hash: imza ve yaprak zinciri doğrulanır (inşa gereği hash ve zincir tutarlı) || A.3.2.2: hangi imzaların doğrulanacağı cüzdanın güven çerçevesi politikasına bırakılmış
REQ04_coklu_imzali	P0	tedavi-ML-DSA-65	ikincil	MR1	accept-classical	ÖK §4.8 P0 (ON-KAYIT v0.8 (capa 7); 00-on-kayit/ON-KAYIT-TASLAK.md:775): "En az bir imza geçerliyse kabul" | [T314] RFC7515 §5.2 (RFC 7515; metin/RFC7515.txt:810): "When there are multiple JWS Signature values, it is an application decision which of the JWS Signature values must successfully validate for the JWS to be accepted." | [T268] OID4VP §5.9.3 (OID4VP 1.0 Final; metin/OID4VP.txt:894): "it is at the discretion of the Wallet whether it validates the signature on the Request Object" | [T240] OID4VP §5.9.3 (OID4VP 1.0 Final; metin/OID4VP.txt:947): "The Wallet MUST validate the signature and the trust chain of the X.509 leaf certificate." | [T269] OID4VP A.3.2.2 (OID4VP 1.0 Final; metin/OID4VP.txt:2572): "allows the Verifier to use multiple Client Identifiers and corresponding key material to protect the same request"	insa: ES256=geçerli, ML-DSA-65=geçerli || en az bir geçerli imza var; kabul için klasik ES256 yeterli || cüzdan tarafı (Adım 11); yapılandırma "cüzdan imzaları doğrular" varsayar || x509_hash: imza ve yaprak zinciri doğrulanır (inşa gereği hash ve zincir tutarlı) || A.3.2.2: hangi imzaların doğrulanacağı cüzdanın güven çerçevesi politikasına bırakılmış
REQ04_coklu_imzali	P1	tedavi-ML-DSA-65	ikincil	MR1	accept-hybrid	ÖK §4.8 P1 (ON-KAYIT v0.8 (capa 7); 00-on-kayit/ON-KAYIT-TASLAK.md:776): "Mevcut imzaların tümü geçerliyse kabul. İmza silinmesi (soyma) fark edilmez" | [T135] ACM2 Note 51 (ECCG ACM v2.0; metin/ACM2.txt:946): "the veriﬁcation function accepting if and only if all signatures are correct" | [T268] OID4VP §5.9.3 (OID4VP 1.0 Final; metin/OID4VP.txt:894): "it is at the discretion of the Wallet whether it validates the signature on the Request Object" | [T240] OID4VP §5.9.3 (OID4VP 1.0 Final; metin/OID4VP.txt:947): "The Wallet MUST validate the signature and the trust chain of the X.509 leaf certificate." | [T269] OID4VP A.3.2.2 (OID4VP 1.0 Final; metin/OID4VP.txt:2572): "allows the Verifier to use multiple Client Identifiers and corresponding key material to protect the same request" | [T314] RFC7515 §5.2 (RFC 7515; metin/RFC7515.txt:810): "When there are multiple JWS Signature values, it is an application decision which of the JWS Signature values must successfully validate for the JWS to be accepted."	insa: ES256=geçerli, ML-DSA-65=geçerli || mevcut imzaların tümü geçerli; aralarında PQ imza var, kabul PQ doğrulamasını içerir || cüzdan tarafı (Adım 11); yapılandırma "cüzdan imzaları doğrular" varsayar || x509_hash: imza ve yaprak zinciri doğrulanır (inşa gereği hash ve zincir tutarlı) || A.3.2.2: hangi imzaların doğrulanacağı cüzdanın güven çerçevesi politikasına bırakılmış
REQ05_coklu_imzali_pq_soyuldu	GEC	tedavi-ML-DSA-65	ikincil	MR1	accept-classical	[T268] OID4VP §5.9.3 (OID4VP 1.0 Final; metin/OID4VP.txt:894): "it is at the discretion of the Wallet whether it validates the signature on the Request Object" | [T240] OID4VP §5.9.3 (OID4VP 1.0 Final; metin/OID4VP.txt:947): "The Wallet MUST validate the signature and the trust chain of the X.509 leaf certificate." | [T269] OID4VP A.3.2.2 (OID4VP 1.0 Final; metin/OID4VP.txt:2572): "allows the Verifier to use multiple Client Identifiers and corresponding key material to protect the same request" | [T314] RFC7515 §5.2 (RFC 7515; metin/RFC7515.txt:810): "When there are multiple JWS Signature values, it is an application decision which of the JWS Signature values must successfully validate for the JWS to be accepted." | ÖK §4.15 (ON-KAYIT v0.8 (capa 7); 00-on-kayit/ON-KAYIT-TASLAK.md:881): "V+: tek geçerli klasik imza → KABUL; V−: bozuk imza → RED" | [T315] RFC7515 §5.2 (RFC 7515; metin/RFC7515.txt:815): "at least one JWS Signature value MUST successfully validate, or the JWS MUST be considered invalid"	insa: ES256=geçerli || imza(lar) geçerli; alg ∈ W || cüzdan tarafı (Adım 11); yapılandırma "cüzdan imzaları doğrular" varsayar || x509_hash: imza ve yaprak zinciri doğrulanır (inşa gereği hash ve zincir tutarlı) || A.3.2.2: hangi imzaların doğrulanacağı cüzdanın güven çerçevesi politikasına bırakılmış
REQ05_coklu_imzali_pq_soyuldu	L4	tedavi-ML-DSA-65	ikincil	MR1	reject	ÖK §6.5 (ON-KAYIT v0.8 (capa 7); 00-on-kayit/ON-KAYIT-TASLAK.md:1054): "İhraççı başına gerekli küme R = {X}, izinli küme {A, X}." | [T328] JWTBCP §3.1 (draft-ietf-oauth-rfc8725bis-10; metin/JWTBCP.txt:482): "it MUST determine which algorithms are permitted for itself and that issuer and ensure that the received JWT complies with those requirements" | ÖK §4.7 G5 (ON-KAYIT v0.8 (capa 7); 00-on-kayit/ON-KAYIT-TASLAK.md:767): "Göç etmiş bir varlık, ilan ettiği eski-sürüm penceresi dışında yalnız klasik kanıtla kabul edilemez." | ÖK §4.13 L4 (ON-KAYIT v0.8 (capa 7); 00-on-kayit/ON-KAYIT-TASLAK.md:844): "Yapılandırılmış hâlde K1 KABUL, K2 RED, K3 RED (§6.5)" | [T268] OID4VP §5.9.3 (OID4VP 1.0 Final; metin/OID4VP.txt:894): "it is at the discretion of the Wallet whether it validates the signature on the Request Object" | [T240] OID4VP §5.9.3 (OID4VP 1.0 Final; metin/OID4VP.txt:947): "The Wallet MUST validate the signature and the trust chain of the X.509 leaf certificate." | [T269] OID4VP A.3.2.2 (OID4VP 1.0 Final; metin/OID4VP.txt:2572): "allows the Verifier to use multiple Client Identifiers and corresponding key material to protect the same request" | [T314] RFC7515 §5.2 (RFC 7515; metin/RFC7515.txt:810): "When there are multiple JWS Signature values, it is an application decision which of the JWS Signature values must successfully validate for the JWS to be accepted."	insa: ES256=geçerli || gerekli küme R=['ML-DSA-65'] karşılanmıyor (yalnız ES256) || cüzdan tarafı (Adım 11); yapılandırma "cüzdan imzaları doğrular" varsayar || x509_hash: imza ve yaprak zinciri doğrulanır (inşa gereği hash ve zincir tutarlı) || A.3.2.2: hangi imzaların doğrulanacağı cüzdanın güven çerçevesi politikasına bırakılmış
REQ05_coklu_imzali_pq_soyuldu	L4-S	tedavi-ML-DSA-65	ikincil	MR1	reject	ÖK §6.5 (ON-KAYIT v0.8 (capa 7); 00-on-kayit/ON-KAYIT-TASLAK.md:1054): "İhraççı başına gerekli küme R = {X}, izinli küme {A, X}." | [T328] JWTBCP §3.1 (draft-ietf-oauth-rfc8725bis-10; metin/JWTBCP.txt:482): "it MUST determine which algorithms are permitted for itself and that issuer and ensure that the received JWT complies with those requirements" | ÖK §4.7 G5 (ON-KAYIT v0.8 (capa 7); 00-on-kayit/ON-KAYIT-TASLAK.md:767): "Göç etmiş bir varlık, ilan ettiği eski-sürüm penceresi dışında yalnız klasik kanıtla kabul edilemez." | ÖK §4.13 L4 (ON-KAYIT v0.8 (capa 7); 00-on-kayit/ON-KAYIT-TASLAK.md:844): "Yapılandırılmış hâlde K1 KABUL, K2 RED, K3 RED (§6.5)" | [T268] OID4VP §5.9.3 (OID4VP 1.0 Final; metin/OID4VP.txt:894): "it is at the discretion of the Wallet whether it validates the signature on the Request Object" | [T240] OID4VP §5.9.3 (OID4VP 1.0 Final; metin/OID4VP.txt:947): "The Wallet MUST validate the signature and the trust chain of the X.509 leaf certificate." | [T269] OID4VP A.3.2.2 (OID4VP 1.0 Final; metin/OID4VP.txt:2572): "allows the Verifier to use multiple Client Identifiers and corresponding key material to protect the same request" | [T314] RFC7515 §5.2 (RFC 7515; metin/RFC7515.txt:810): "When there are multiple JWS Signature values, it is an application decision which of the JWS Signature values must successfully validate for the JWS to be accepted." | ÖK §4.8 P3 (ON-KAYIT v0.8 (capa 7); 00-on-kayit/ON-KAYIT-TASLAK.md:778): "P2 + ihraççı başına gerekli küme R_I"	insa: ES256=geçerli || gerekli küme R=['ML-DSA-65'] karşılanmıyor (yalnız ES256) || cüzdan tarafı (Adım 11); yapılandırma "cüzdan imzaları doğrular" varsayar || x509_hash: imza ve yaprak zinciri doğrulanır (inşa gereği hash ve zincir tutarlı) || A.3.2.2: hangi imzaların doğrulanacağı cüzdanın güven çerçevesi politikasına bırakılmış
REQ05_coklu_imzali_pq_soyuldu	L4-Y	tedavi-ML-DSA-65	ikincil	MR1	reject	ÖK §6.5 (ON-KAYIT v0.8 (capa 7); 00-on-kayit/ON-KAYIT-TASLAK.md:1054): "İhraççı başına gerekli küme R = {X}, izinli küme {A, X}." | [T328] JWTBCP §3.1 (draft-ietf-oauth-rfc8725bis-10; metin/JWTBCP.txt:482): "it MUST determine which algorithms are permitted for itself and that issuer and ensure that the received JWT complies with those requirements" | ÖK §4.7 G5 (ON-KAYIT v0.8 (capa 7); 00-on-kayit/ON-KAYIT-TASLAK.md:767): "Göç etmiş bir varlık, ilan ettiği eski-sürüm penceresi dışında yalnız klasik kanıtla kabul edilemez." | ÖK §4.13 L4 (ON-KAYIT v0.8 (capa 7); 00-on-kayit/ON-KAYIT-TASLAK.md:844): "Yapılandırılmış hâlde K1 KABUL, K2 RED, K3 RED (§6.5)" | [T268] OID4VP §5.9.3 (OID4VP 1.0 Final; metin/OID4VP.txt:894): "it is at the discretion of the Wallet whether it validates the signature on the Request Object" | [T240] OID4VP §5.9.3 (OID4VP 1.0 Final; metin/OID4VP.txt:947): "The Wallet MUST validate the signature and the trust chain of the X.509 leaf certificate." | [T269] OID4VP A.3.2.2 (OID4VP 1.0 Final; metin/OID4VP.txt:2572): "allows the Verifier to use multiple Client Identifiers and corresponding key material to protect the same request" | [T314] RFC7515 §5.2 (RFC 7515; metin/RFC7515.txt:810): "When there are multiple JWS Signature values, it is an application decision which of the JWS Signature values must successfully validate for the JWS to be accepted."	insa: ES256=geçerli || gerekli küme R=['ML-DSA-65'] karşılanmıyor (yalnız ES256) || cüzdan tarafı (Adım 11); yapılandırma "cüzdan imzaları doğrular" varsayar || x509_hash: imza ve yaprak zinciri doğrulanır (inşa gereği hash ve zincir tutarlı) || A.3.2.2: hangi imzaların doğrulanacağı cüzdanın güven çerçevesi politikasına bırakılmış
REQ05_coklu_imzali_pq_soyuldu	P0	tedavi-ML-DSA-65	ikincil	MR1	accept-classical	ÖK §4.8 P0 (ON-KAYIT v0.8 (capa 7); 00-on-kayit/ON-KAYIT-TASLAK.md:775): "En az bir imza geçerliyse kabul" | [T314] RFC7515 §5.2 (RFC 7515; metin/RFC7515.txt:810): "When there are multiple JWS Signature values, it is an application decision which of the JWS Signature values must successfully validate for the JWS to be accepted." | [T268] OID4VP §5.9.3 (OID4VP 1.0 Final; metin/OID4VP.txt:894): "it is at the discretion of the Wallet whether it validates the signature on the Request Object" | [T240] OID4VP §5.9.3 (OID4VP 1.0 Final; metin/OID4VP.txt:947): "The Wallet MUST validate the signature and the trust chain of the X.509 leaf certificate." | [T269] OID4VP A.3.2.2 (OID4VP 1.0 Final; metin/OID4VP.txt:2572): "allows the Verifier to use multiple Client Identifiers and corresponding key material to protect the same request"	insa: ES256=geçerli || en az bir geçerli imza var; kabul için klasik ES256 yeterli || cüzdan tarafı (Adım 11); yapılandırma "cüzdan imzaları doğrular" varsayar || x509_hash: imza ve yaprak zinciri doğrulanır (inşa gereği hash ve zincir tutarlı) || A.3.2.2: hangi imzaların doğrulanacağı cüzdanın güven çerçevesi politikasına bırakılmış
REQ05_coklu_imzali_pq_soyuldu	P1	tedavi-ML-DSA-65	ikincil	MR1	accept-classical	ÖK §4.8 P1 (ON-KAYIT v0.8 (capa 7); 00-on-kayit/ON-KAYIT-TASLAK.md:776): "Mevcut imzaların tümü geçerliyse kabul. İmza silinmesi (soyma) fark edilmez" | [T135] ACM2 Note 51 (ECCG ACM v2.0; metin/ACM2.txt:946): "the veriﬁcation function accepting if and only if all signatures are correct" | [T268] OID4VP §5.9.3 (OID4VP 1.0 Final; metin/OID4VP.txt:894): "it is at the discretion of the Wallet whether it validates the signature on the Request Object" | [T240] OID4VP §5.9.3 (OID4VP 1.0 Final; metin/OID4VP.txt:947): "The Wallet MUST validate the signature and the trust chain of the X.509 leaf certificate." | [T269] OID4VP A.3.2.2 (OID4VP 1.0 Final; metin/OID4VP.txt:2572): "allows the Verifier to use multiple Client Identifiers and corresponding key material to protect the same request" | [T314] RFC7515 §5.2 (RFC 7515; metin/RFC7515.txt:810): "When there are multiple JWS Signature values, it is an application decision which of the JWS Signature values must successfully validate for the JWS to be accepted."	insa: ES256=geçerli || mevcut imzaların tümü geçerli || cüzdan tarafı (Adım 11); yapılandırma "cüzdan imzaları doğrular" varsayar || x509_hash: imza ve yaprak zinciri doğrulanır (inşa gereği hash ve zincir tutarlı) || A.3.2.2: hangi imzaların doğrulanacağı cüzdanın güven çerçevesi politikasına bırakılmış
REQ06_coklu_imzali_klasik_soyuldu	GEC	tedavi-ML-DSA-65	ikincil	eşleme-dışı	accept-hybrid	[T268] OID4VP §5.9.3 (OID4VP 1.0 Final; metin/OID4VP.txt:894): "it is at the discretion of the Wallet whether it validates the signature on the Request Object" | [T240] OID4VP §5.9.3 (OID4VP 1.0 Final; metin/OID4VP.txt:947): "The Wallet MUST validate the signature and the trust chain of the X.509 leaf certificate." | [T269] OID4VP A.3.2.2 (OID4VP 1.0 Final; metin/OID4VP.txt:2572): "allows the Verifier to use multiple Client Identifiers and corresponding key material to protect the same request" | [T314] RFC7515 §5.2 (RFC 7515; metin/RFC7515.txt:810): "When there are multiple JWS Signature values, it is an application decision which of the JWS Signature values must successfully validate for the JWS to be accepted." | ÖK §4.15 (ON-KAYIT v0.8 (capa 7); 00-on-kayit/ON-KAYIT-TASLAK.md:881): "V+: tek geçerli klasik imza → KABUL; V−: bozuk imza → RED" | [T315] RFC7515 §5.2 (RFC 7515; metin/RFC7515.txt:815): "at least one JWS Signature value MUST successfully validate, or the JWS MUST be considered invalid"	insa: ML-DSA-65=geçerli || imza(lar) geçerli; alg ∈ W || cüzdan tarafı (Adım 11); yapılandırma "cüzdan imzaları doğrular" varsayar || x509_hash: imza ve yaprak zinciri doğrulanır (inşa gereği hash ve zincir tutarlı) || A.3.2.2: hangi imzaların doğrulanacağı cüzdanın güven çerçevesi politikasına bırakılmış
REQ06_coklu_imzali_klasik_soyuldu	L4	tedavi-ML-DSA-65	ikincil	eşleme-dışı	accept-hybrid	ÖK §6.5 (ON-KAYIT v0.8 (capa 7); 00-on-kayit/ON-KAYIT-TASLAK.md:1054): "İhraççı başına gerekli küme R = {X}, izinli küme {A, X}." | [T328] JWTBCP §3.1 (draft-ietf-oauth-rfc8725bis-10; metin/JWTBCP.txt:482): "it MUST determine which algorithms are permitted for itself and that issuer and ensure that the received JWT complies with those requirements" | ÖK §4.7 G5 (ON-KAYIT v0.8 (capa 7); 00-on-kayit/ON-KAYIT-TASLAK.md:767): "Göç etmiş bir varlık, ilan ettiği eski-sürüm penceresi dışında yalnız klasik kanıtla kabul edilemez." | [T268] OID4VP §5.9.3 (OID4VP 1.0 Final; metin/OID4VP.txt:894): "it is at the discretion of the Wallet whether it validates the signature on the Request Object" | [T240] OID4VP §5.9.3 (OID4VP 1.0 Final; metin/OID4VP.txt:947): "The Wallet MUST validate the signature and the trust chain of the X.509 leaf certificate." | [T269] OID4VP A.3.2.2 (OID4VP 1.0 Final; metin/OID4VP.txt:2572): "allows the Verifier to use multiple Client Identifiers and corresponding key material to protect the same request" | [T314] RFC7515 §5.2 (RFC 7515; metin/RFC7515.txt:810): "When there are multiple JWS Signature values, it is an application decision which of the JWS Signature values must successfully validate for the JWS to be accepted." | ÖK §4.13 L4 (ON-KAYIT v0.8 (capa 7); 00-on-kayit/ON-KAYIT-TASLAK.md:844): "Yapılandırılmış hâlde K1 KABUL, K2 RED, K3 RED (§6.5)"	insa: ML-DSA-65=geçerli || R={ML-DSA-65} geçerli imzayla karşılandı; W içindeki imzalar geçerli || cüzdan tarafı (Adım 11); yapılandırma "cüzdan imzaları doğrular" varsayar || x509_hash: imza ve yaprak zinciri doğrulanır (inşa gereği hash ve zincir tutarlı) || A.3.2.2: hangi imzaların doğrulanacağı cüzdanın güven çerçevesi politikasına bırakılmış
REQ06_coklu_imzali_klasik_soyuldu	L4-S	tedavi-ML-DSA-65	ikincil	eşleme-dışı	accept-hybrid	ÖK §6.5 (ON-KAYIT v0.8 (capa 7); 00-on-kayit/ON-KAYIT-TASLAK.md:1054): "İhraççı başına gerekli küme R = {X}, izinli küme {A, X}." | [T328] JWTBCP §3.1 (draft-ietf-oauth-rfc8725bis-10; metin/JWTBCP.txt:482): "it MUST determine which algorithms are permitted for itself and that issuer and ensure that the received JWT complies with those requirements" | ÖK §4.7 G5 (ON-KAYIT v0.8 (capa 7); 00-on-kayit/ON-KAYIT-TASLAK.md:767): "Göç etmiş bir varlık, ilan ettiği eski-sürüm penceresi dışında yalnız klasik kanıtla kabul edilemez." | [T268] OID4VP §5.9.3 (OID4VP 1.0 Final; metin/OID4VP.txt:894): "it is at the discretion of the Wallet whether it validates the signature on the Request Object" | [T240] OID4VP §5.9.3 (OID4VP 1.0 Final; metin/OID4VP.txt:947): "The Wallet MUST validate the signature and the trust chain of the X.509 leaf certificate." | [T269] OID4VP A.3.2.2 (OID4VP 1.0 Final; metin/OID4VP.txt:2572): "allows the Verifier to use multiple Client Identifiers and corresponding key material to protect the same request" | [T314] RFC7515 §5.2 (RFC 7515; metin/RFC7515.txt:810): "When there are multiple JWS Signature values, it is an application decision which of the JWS Signature values must successfully validate for the JWS to be accepted." | ÖK §4.8 P3 (ON-KAYIT v0.8 (capa 7); 00-on-kayit/ON-KAYIT-TASLAK.md:778): "P2 + ihraççı başına gerekli küme R_I"	insa: ML-DSA-65=geçerli || R={ML-DSA-65} geçerli imzayla karşılandı; W içindeki imzalar geçerli || cüzdan tarafı (Adım 11); yapılandırma "cüzdan imzaları doğrular" varsayar || x509_hash: imza ve yaprak zinciri doğrulanır (inşa gereği hash ve zincir tutarlı) || A.3.2.2: hangi imzaların doğrulanacağı cüzdanın güven çerçevesi politikasına bırakılmış
REQ06_coklu_imzali_klasik_soyuldu	L4-Y	tedavi-ML-DSA-65	ikincil	eşleme-dışı	accept-hybrid	ÖK §6.5 (ON-KAYIT v0.8 (capa 7); 00-on-kayit/ON-KAYIT-TASLAK.md:1054): "İhraççı başına gerekli küme R = {X}, izinli küme {A, X}." | [T328] JWTBCP §3.1 (draft-ietf-oauth-rfc8725bis-10; metin/JWTBCP.txt:482): "it MUST determine which algorithms are permitted for itself and that issuer and ensure that the received JWT complies with those requirements" | ÖK §4.7 G5 (ON-KAYIT v0.8 (capa 7); 00-on-kayit/ON-KAYIT-TASLAK.md:767): "Göç etmiş bir varlık, ilan ettiği eski-sürüm penceresi dışında yalnız klasik kanıtla kabul edilemez." | [T268] OID4VP §5.9.3 (OID4VP 1.0 Final; metin/OID4VP.txt:894): "it is at the discretion of the Wallet whether it validates the signature on the Request Object" | [T240] OID4VP §5.9.3 (OID4VP 1.0 Final; metin/OID4VP.txt:947): "The Wallet MUST validate the signature and the trust chain of the X.509 leaf certificate." | [T269] OID4VP A.3.2.2 (OID4VP 1.0 Final; metin/OID4VP.txt:2572): "allows the Verifier to use multiple Client Identifiers and corresponding key material to protect the same request" | [T314] RFC7515 §5.2 (RFC 7515; metin/RFC7515.txt:810): "When there are multiple JWS Signature values, it is an application decision which of the JWS Signature values must successfully validate for the JWS to be accepted."	insa: ML-DSA-65=geçerli || R={ML-DSA-65} geçerli imzayla karşılandı; W içindeki imzalar geçerli || cüzdan tarafı (Adım 11); yapılandırma "cüzdan imzaları doğrular" varsayar || x509_hash: imza ve yaprak zinciri doğrulanır (inşa gereği hash ve zincir tutarlı) || A.3.2.2: hangi imzaların doğrulanacağı cüzdanın güven çerçevesi politikasına bırakılmış
REQ06_coklu_imzali_klasik_soyuldu	P0	tedavi-ML-DSA-65	ikincil	eşleme-dışı	accept-hybrid	ÖK §4.8 P0 (ON-KAYIT v0.8 (capa 7); 00-on-kayit/ON-KAYIT-TASLAK.md:775): "En az bir imza geçerliyse kabul" | [T268] OID4VP §5.9.3 (OID4VP 1.0 Final; metin/OID4VP.txt:894): "it is at the discretion of the Wallet whether it validates the signature on the Request Object" | [T240] OID4VP §5.9.3 (OID4VP 1.0 Final; metin/OID4VP.txt:947): "The Wallet MUST validate the signature and the trust chain of the X.509 leaf certificate." | [T269] OID4VP A.3.2.2 (OID4VP 1.0 Final; metin/OID4VP.txt:2572): "allows the Verifier to use multiple Client Identifiers and corresponding key material to protect the same request" | [T314] RFC7515 §5.2 (RFC 7515; metin/RFC7515.txt:810): "When there are multiple JWS Signature values, it is an application decision which of the JWS Signature values must successfully validate for the JWS to be accepted."	insa: ML-DSA-65=geçerli || geçerli imzaların hepsi PQ || cüzdan tarafı (Adım 11); yapılandırma "cüzdan imzaları doğrular" varsayar || x509_hash: imza ve yaprak zinciri doğrulanır (inşa gereği hash ve zincir tutarlı) || A.3.2.2: hangi imzaların doğrulanacağı cüzdanın güven çerçevesi politikasına bırakılmış
REQ06_coklu_imzali_klasik_soyuldu	P1	tedavi-ML-DSA-65	ikincil	eşleme-dışı	accept-hybrid	ÖK §4.8 P1 (ON-KAYIT v0.8 (capa 7); 00-on-kayit/ON-KAYIT-TASLAK.md:776): "Mevcut imzaların tümü geçerliyse kabul. İmza silinmesi (soyma) fark edilmez" | [T135] ACM2 Note 51 (ECCG ACM v2.0; metin/ACM2.txt:946): "the veriﬁcation function accepting if and only if all signatures are correct" | [T268] OID4VP §5.9.3 (OID4VP 1.0 Final; metin/OID4VP.txt:894): "it is at the discretion of the Wallet whether it validates the signature on the Request Object" | [T240] OID4VP §5.9.3 (OID4VP 1.0 Final; metin/OID4VP.txt:947): "The Wallet MUST validate the signature and the trust chain of the X.509 leaf certificate." | [T269] OID4VP A.3.2.2 (OID4VP 1.0 Final; metin/OID4VP.txt:2572): "allows the Verifier to use multiple Client Identifiers and corresponding key material to protect the same request" | [T314] RFC7515 §5.2 (RFC 7515; metin/RFC7515.txt:810): "When there are multiple JWS Signature values, it is an application decision which of the JWS Signature values must successfully validate for the JWS to be accepted."	insa: ML-DSA-65=geçerli || mevcut imzaların tümü geçerli; aralarında PQ imza var, kabul PQ doğrulamasını içerir || cüzdan tarafı (Adım 11); yapılandırma "cüzdan imzaları doğrular" varsayar || x509_hash: imza ve yaprak zinciri doğrulanır (inşa gereği hash ve zincir tutarlı) || A.3.2.2: hangi imzaların doğrulanacağı cüzdanın güven çerçevesi politikasına bırakılmış
REQ07_coklu_imzali_pq_bozuk	L4	tedavi-ML-DSA-65	ikincil	eşleme-dışı	reject	ÖK §6.5 (ON-KAYIT v0.8 (capa 7); 00-on-kayit/ON-KAYIT-TASLAK.md:1054): "İhraççı başına gerekli küme R = {X}, izinli küme {A, X}." | [T328] JWTBCP §3.1 (draft-ietf-oauth-rfc8725bis-10; metin/JWTBCP.txt:482): "it MUST determine which algorithms are permitted for itself and that issuer and ensure that the received JWT complies with those requirements" | ÖK §4.7 G5 (ON-KAYIT v0.8 (capa 7); 00-on-kayit/ON-KAYIT-TASLAK.md:767): "Göç etmiş bir varlık, ilan ettiği eski-sürüm penceresi dışında yalnız klasik kanıtla kabul edilemez." | JWTBCP §3.3 (draft-ietf-oauth-rfc8725bis-10; metin/JWTBCP.txt:566): "the entire JWT MUST be rejected if any of them fail to validate" | RFC7515 §5.2 (RFC 7515; metin/RFC7515.txt:876): "which MUST be accurately represented by the value of the "alg" (algorithm) Header Parameter" | [T268] OID4VP §5.9.3 (OID4VP 1.0 Final; metin/OID4VP.txt:894): "it is at the discretion of the Wallet whether it validates the signature on the Request Object" | [T240] OID4VP §5.9.3 (OID4VP 1.0 Final; metin/OID4VP.txt:947): "The Wallet MUST validate the signature and the trust chain of the X.509 leaf certificate." | [T269] OID4VP A.3.2.2 (OID4VP 1.0 Final; metin/OID4VP.txt:2572): "allows the Verifier to use multiple Client Identifiers and corresponding key material to protect the same request" | [T314] RFC7515 §5.2 (RFC 7515; metin/RFC7515.txt:810): "When there are multiple JWS Signature values, it is an application decision which of the JWS Signature values must successfully validate for the JWS to be accepted." | ÖK §4.13 L4 (ON-KAYIT v0.8 (capa 7); 00-on-kayit/ON-KAYIT-TASLAK.md:844): "Yapılandırılmış hâlde K1 KABUL, K2 RED, K3 RED (§6.5)"	insa: ES256=geçerli, ML-DSA-65=geçersiz || W içinde geçersiz imza: ML-DSA-65: imza bozuk (bozuk: bayt 5, bit 0) || cüzdan tarafı (Adım 11); yapılandırma "cüzdan imzaları doğrular" varsayar || x509_hash: imza ve yaprak zinciri doğrulanır (inşa gereği hash ve zincir tutarlı) || A.3.2.2: hangi imzaların doğrulanacağı cüzdanın güven çerçevesi politikasına bırakılmış
REQ07_coklu_imzali_pq_bozuk	L4-S	tedavi-ML-DSA-65	ikincil	eşleme-dışı	reject	ÖK §6.5 (ON-KAYIT v0.8 (capa 7); 00-on-kayit/ON-KAYIT-TASLAK.md:1054): "İhraççı başına gerekli küme R = {X}, izinli küme {A, X}." | [T328] JWTBCP §3.1 (draft-ietf-oauth-rfc8725bis-10; metin/JWTBCP.txt:482): "it MUST determine which algorithms are permitted for itself and that issuer and ensure that the received JWT complies with those requirements" | ÖK §4.7 G5 (ON-KAYIT v0.8 (capa 7); 00-on-kayit/ON-KAYIT-TASLAK.md:767): "Göç etmiş bir varlık, ilan ettiği eski-sürüm penceresi dışında yalnız klasik kanıtla kabul edilemez." | JWTBCP §3.3 (draft-ietf-oauth-rfc8725bis-10; metin/JWTBCP.txt:566): "the entire JWT MUST be rejected if any of them fail to validate" | RFC7515 §5.2 (RFC 7515; metin/RFC7515.txt:876): "which MUST be accurately represented by the value of the "alg" (algorithm) Header Parameter" | [T268] OID4VP §5.9.3 (OID4VP 1.0 Final; metin/OID4VP.txt:894): "it is at the discretion of the Wallet whether it validates the signature on the Request Object" | [T240] OID4VP §5.9.3 (OID4VP 1.0 Final; metin/OID4VP.txt:947): "The Wallet MUST validate the signature and the trust chain of the X.509 leaf certificate." | [T269] OID4VP A.3.2.2 (OID4VP 1.0 Final; metin/OID4VP.txt:2572): "allows the Verifier to use multiple Client Identifiers and corresponding key material to protect the same request" | [T314] RFC7515 §5.2 (RFC 7515; metin/RFC7515.txt:810): "When there are multiple JWS Signature values, it is an application decision which of the JWS Signature values must successfully validate for the JWS to be accepted." | ÖK §4.8 P3 (ON-KAYIT v0.8 (capa 7); 00-on-kayit/ON-KAYIT-TASLAK.md:778): "P2 + ihraççı başına gerekli küme R_I"	insa: ES256=geçerli, ML-DSA-65=geçersiz || W içinde geçersiz imza: ML-DSA-65: imza bozuk (bozuk: bayt 5, bit 0) || cüzdan tarafı (Adım 11); yapılandırma "cüzdan imzaları doğrular" varsayar || x509_hash: imza ve yaprak zinciri doğrulanır (inşa gereği hash ve zincir tutarlı) || A.3.2.2: hangi imzaların doğrulanacağı cüzdanın güven çerçevesi politikasına bırakılmış
REQ07_coklu_imzali_pq_bozuk	L4-Y	tedavi-ML-DSA-65	ikincil	eşleme-dışı	reject	ÖK §6.5 (ON-KAYIT v0.8 (capa 7); 00-on-kayit/ON-KAYIT-TASLAK.md:1054): "İhraççı başına gerekli küme R = {X}, izinli küme {A, X}." | [T328] JWTBCP §3.1 (draft-ietf-oauth-rfc8725bis-10; metin/JWTBCP.txt:482): "it MUST determine which algorithms are permitted for itself and that issuer and ensure that the received JWT complies with those requirements" | ÖK §4.7 G5 (ON-KAYIT v0.8 (capa 7); 00-on-kayit/ON-KAYIT-TASLAK.md:767): "Göç etmiş bir varlık, ilan ettiği eski-sürüm penceresi dışında yalnız klasik kanıtla kabul edilemez." | JWTBCP §3.3 (draft-ietf-oauth-rfc8725bis-10; metin/JWTBCP.txt:566): "the entire JWT MUST be rejected if any of them fail to validate" | RFC7515 §5.2 (RFC 7515; metin/RFC7515.txt:876): "which MUST be accurately represented by the value of the "alg" (algorithm) Header Parameter" | [T268] OID4VP §5.9.3 (OID4VP 1.0 Final; metin/OID4VP.txt:894): "it is at the discretion of the Wallet whether it validates the signature on the Request Object" | [T240] OID4VP §5.9.3 (OID4VP 1.0 Final; metin/OID4VP.txt:947): "The Wallet MUST validate the signature and the trust chain of the X.509 leaf certificate." | [T269] OID4VP A.3.2.2 (OID4VP 1.0 Final; metin/OID4VP.txt:2572): "allows the Verifier to use multiple Client Identifiers and corresponding key material to protect the same request" | [T314] RFC7515 §5.2 (RFC 7515; metin/RFC7515.txt:810): "When there are multiple JWS Signature values, it is an application decision which of the JWS Signature values must successfully validate for the JWS to be accepted."	insa: ES256=geçerli, ML-DSA-65=geçersiz || W içinde geçersiz imza: ML-DSA-65: imza bozuk (bozuk: bayt 5, bit 0) || cüzdan tarafı (Adım 11); yapılandırma "cüzdan imzaları doğrular" varsayar || x509_hash: imza ve yaprak zinciri doğrulanır (inşa gereği hash ve zincir tutarlı) || A.3.2.2: hangi imzaların doğrulanacağı cüzdanın güven çerçevesi politikasına bırakılmış
REQ07_coklu_imzali_pq_bozuk	P0	tedavi-ML-DSA-65	ikincil	eşleme-dışı	accept-classical	ÖK §4.8 P0 (ON-KAYIT v0.8 (capa 7); 00-on-kayit/ON-KAYIT-TASLAK.md:775): "En az bir imza geçerliyse kabul" | [T314] RFC7515 §5.2 (RFC 7515; metin/RFC7515.txt:810): "When there are multiple JWS Signature values, it is an application decision which of the JWS Signature values must successfully validate for the JWS to be accepted." | [T268] OID4VP §5.9.3 (OID4VP 1.0 Final; metin/OID4VP.txt:894): "it is at the discretion of the Wallet whether it validates the signature on the Request Object" | [T240] OID4VP §5.9.3 (OID4VP 1.0 Final; metin/OID4VP.txt:947): "The Wallet MUST validate the signature and the trust chain of the X.509 leaf certificate." | [T269] OID4VP A.3.2.2 (OID4VP 1.0 Final; metin/OID4VP.txt:2572): "allows the Verifier to use multiple Client Identifiers and corresponding key material to protect the same request"	insa: ES256=geçerli, ML-DSA-65=geçersiz || en az bir geçerli imza var; kabul için klasik ES256 yeterli || cüzdan tarafı (Adım 11); yapılandırma "cüzdan imzaları doğrular" varsayar || x509_hash: imza ve yaprak zinciri doğrulanır (inşa gereği hash ve zincir tutarlı) || A.3.2.2: hangi imzaların doğrulanacağı cüzdanın güven çerçevesi politikasına bırakılmış
REQ07_coklu_imzali_pq_bozuk	P1	tedavi-ML-DSA-65	ikincil	eşleme-dışı	reject	ÖK §4.8 P1 (ON-KAYIT v0.8 (capa 7); 00-on-kayit/ON-KAYIT-TASLAK.md:776): "Mevcut imzaların tümü geçerliyse kabul. İmza silinmesi (soyma) fark edilmez" | RFC7515 §5.2 (RFC 7515; metin/RFC7515.txt:876): "which MUST be accurately represented by the value of the "alg" (algorithm) Header Parameter" | [T268] OID4VP §5.9.3 (OID4VP 1.0 Final; metin/OID4VP.txt:894): "it is at the discretion of the Wallet whether it validates the signature on the Request Object" | [T240] OID4VP §5.9.3 (OID4VP 1.0 Final; metin/OID4VP.txt:947): "The Wallet MUST validate the signature and the trust chain of the X.509 leaf certificate." | [T269] OID4VP A.3.2.2 (OID4VP 1.0 Final; metin/OID4VP.txt:2572): "allows the Verifier to use multiple Client Identifiers and corresponding key material to protect the same request" | [T314] RFC7515 §5.2 (RFC 7515; metin/RFC7515.txt:810): "When there are multiple JWS Signature values, it is an application decision which of the JWS Signature values must successfully validate for the JWS to be accepted."	insa: ES256=geçerli, ML-DSA-65=geçersiz || mevcut imzaların tümü geçerli değil: ML-DSA-65: imza bozuk (bozuk: bayt 5, bit 0) || cüzdan tarafı (Adım 11); yapılandırma "cüzdan imzaları doğrular" varsayar || x509_hash: imza ve yaprak zinciri doğrulanır (inşa gereği hash ve zincir tutarlı) || A.3.2.2: hangi imzaların doğrulanacağı cüzdanın güven çerçevesi politikasına bırakılmış
REQ08_imzasiz_M-b0	GEC	tedavi-ML-DSA-65	ikincil	eşleme-dışı	accept-classical	[T281] HAIP §5.2 (HAIP 1.0 Final; metin/HAIP.txt:426): "The Wallet MUST support unsigned, signed, and multi-signed requests as defined in Appendices A.3.1 and A.3.2 of [OIDF.OID4VP]." | [T282] HAIP §5.2 (HAIP 1.0 Final; metin/HAIP.txt:428): "Note that unsigned requests depend on the origin information provided by the platform and the web PKI for request integrity protection and to authenticate the Verifier." | [T268] OID4VP §5.9.3 (OID4VP 1.0 Final; metin/OID4VP.txt:894): "it is at the discretion of the Wallet whether it validates the signature on the Request Object" | ÖK §4.15 (ON-KAYIT v0.8 (capa 7); 00-on-kayit/ON-KAYIT-TASLAK.md:881): "V+: tek geçerli klasik imza → KABUL; V−: bozuk imza → RED" | [T315] RFC7515 §5.2 (RFC 7515; metin/RFC7515.txt:815): "at least one JWS Signature value MUST successfully validate, or the JWS MUST be considered invalid"	insa: imzasız istek || imzasız istek (openid4vp-v1-unsigned): RP kimliği yalnız köken/Web PKI ile (klasik) || cüzdan tarafı (Adım 11); yapılandırma "cüzdan imzaları doğrular" varsayar
REQ08_imzasiz_M-b0	L4	tedavi-ML-DSA-65	ikincil	eşleme-dışı	reject	ÖK §6.5 (ON-KAYIT v0.8 (capa 7); 00-on-kayit/ON-KAYIT-TASLAK.md:1054): "İhraççı başına gerekli küme R = {X}, izinli küme {A, X}." | ÖK §4.7 G5 (ON-KAYIT v0.8 (capa 7); 00-on-kayit/ON-KAYIT-TASLAK.md:767): "Göç etmiş bir varlık, ilan ettiği eski-sürüm penceresi dışında yalnız klasik kanıtla kabul edilemez." | [T282] HAIP §5.2 (HAIP 1.0 Final; metin/HAIP.txt:428): "Note that unsigned requests depend on the origin information provided by the platform and the web PKI for request integrity protection and to authenticate the Verifier." | [T268] OID4VP §5.9.3 (OID4VP 1.0 Final; metin/OID4VP.txt:894): "it is at the discretion of the Wallet whether it validates the signature on the Request Object" | ÖK §4.13 L4 (ON-KAYIT v0.8 (capa 7); 00-on-kayit/ON-KAYIT-TASLAK.md:844): "Yapılandırılmış hâlde K1 KABUL, K2 RED, K3 RED (§6.5)"	insa: imzasız istek || imzasız istek: RP için R={ML-DSA-65} PQ kimlik doğrulaması sağlanamaz || cüzdan tarafı (Adım 11); yapılandırma "cüzdan imzaları doğrular" varsayar
REQ08_imzasiz_M-b0	L4-S	tedavi-ML-DSA-65	ikincil	eşleme-dışı	reject	ÖK §6.5 (ON-KAYIT v0.8 (capa 7); 00-on-kayit/ON-KAYIT-TASLAK.md:1054): "İhraççı başına gerekli küme R = {X}, izinli küme {A, X}." | ÖK §4.7 G5 (ON-KAYIT v0.8 (capa 7); 00-on-kayit/ON-KAYIT-TASLAK.md:767): "Göç etmiş bir varlık, ilan ettiği eski-sürüm penceresi dışında yalnız klasik kanıtla kabul edilemez." | [T282] HAIP §5.2 (HAIP 1.0 Final; metin/HAIP.txt:428): "Note that unsigned requests depend on the origin information provided by the platform and the web PKI for request integrity protection and to authenticate the Verifier." | [T268] OID4VP §5.9.3 (OID4VP 1.0 Final; metin/OID4VP.txt:894): "it is at the discretion of the Wallet whether it validates the signature on the Request Object" | ÖK §4.8 P3 (ON-KAYIT v0.8 (capa 7); 00-on-kayit/ON-KAYIT-TASLAK.md:778): "P2 + ihraççı başına gerekli küme R_I"	insa: imzasız istek || imzasız istek: RP için R={ML-DSA-65} PQ kimlik doğrulaması sağlanamaz || cüzdan tarafı (Adım 11); yapılandırma "cüzdan imzaları doğrular" varsayar
REQ08_imzasiz_M-b0	L4-Y	tedavi-ML-DSA-65	ikincil	eşleme-dışı	reject	ÖK §6.5 (ON-KAYIT v0.8 (capa 7); 00-on-kayit/ON-KAYIT-TASLAK.md:1054): "İhraççı başına gerekli küme R = {X}, izinli küme {A, X}." | ÖK §4.7 G5 (ON-KAYIT v0.8 (capa 7); 00-on-kayit/ON-KAYIT-TASLAK.md:767): "Göç etmiş bir varlık, ilan ettiği eski-sürüm penceresi dışında yalnız klasik kanıtla kabul edilemez." | [T282] HAIP §5.2 (HAIP 1.0 Final; metin/HAIP.txt:428): "Note that unsigned requests depend on the origin information provided by the platform and the web PKI for request integrity protection and to authenticate the Verifier." | [T268] OID4VP §5.9.3 (OID4VP 1.0 Final; metin/OID4VP.txt:894): "it is at the discretion of the Wallet whether it validates the signature on the Request Object" | [T314] RFC7515 §5.2 (RFC 7515; metin/RFC7515.txt:810): "When there are multiple JWS Signature values, it is an application decision which of the JWS Signature values must successfully validate for the JWS to be accepted."	insa: imzasız istek || imzasız istek: RP için R={ML-DSA-65} PQ kimlik doğrulaması sağlanamaz || cüzdan tarafı (Adım 11); yapılandırma "cüzdan imzaları doğrular" varsayar
REQ09_imzasiz_M-b0_client_id_korundu	GEC	tedavi-ML-DSA-65	ikincil	eşleme-dışı	accept-classical	[T281] HAIP §5.2 (HAIP 1.0 Final; metin/HAIP.txt:426): "The Wallet MUST support unsigned, signed, and multi-signed requests as defined in Appendices A.3.1 and A.3.2 of [OIDF.OID4VP]." | [T282] HAIP §5.2 (HAIP 1.0 Final; metin/HAIP.txt:428): "Note that unsigned requests depend on the origin information provided by the platform and the web PKI for request integrity protection and to authenticate the Verifier." | [T279] OID4VP A.2 (OID4VP 1.0 Final; metin/OID4VP.txt:2500): "The Wallet MUST ignore any client_id parameter that is present in an unsigned request." | [T268] OID4VP §5.9.3 (OID4VP 1.0 Final; metin/OID4VP.txt:894): "it is at the discretion of the Wallet whether it validates the signature on the Request Object" | ÖK §4.15 (ON-KAYIT v0.8 (capa 7); 00-on-kayit/ON-KAYIT-TASLAK.md:881): "V+: tek geçerli klasik imza → KABUL; V−: bozuk imza → RED" | [T315] RFC7515 §5.2 (RFC 7515; metin/RFC7515.txt:815): "at least one JWS Signature value MUST successfully validate, or the JWS MUST be considered invalid"	insa: imzasız istek || imzasız istek (openid4vp-v1-unsigned): RP kimliği yalnız köken/Web PKI ile (klasik); client_id yok sayılır || cüzdan tarafı (Adım 11); yapılandırma "cüzdan imzaları doğrular" varsayar
REQ09_imzasiz_M-b0_client_id_korundu	L4	tedavi-ML-DSA-65	ikincil	eşleme-dışı	reject	ÖK §6.5 (ON-KAYIT v0.8 (capa 7); 00-on-kayit/ON-KAYIT-TASLAK.md:1054): "İhraççı başına gerekli küme R = {X}, izinli küme {A, X}." | ÖK §4.7 G5 (ON-KAYIT v0.8 (capa 7); 00-on-kayit/ON-KAYIT-TASLAK.md:767): "Göç etmiş bir varlık, ilan ettiği eski-sürüm penceresi dışında yalnız klasik kanıtla kabul edilemez." | [T282] HAIP §5.2 (HAIP 1.0 Final; metin/HAIP.txt:428): "Note that unsigned requests depend on the origin information provided by the platform and the web PKI for request integrity protection and to authenticate the Verifier." | [T279] OID4VP A.2 (OID4VP 1.0 Final; metin/OID4VP.txt:2500): "The Wallet MUST ignore any client_id parameter that is present in an unsigned request." | [T268] OID4VP §5.9.3 (OID4VP 1.0 Final; metin/OID4VP.txt:894): "it is at the discretion of the Wallet whether it validates the signature on the Request Object" | ÖK §4.13 L4 (ON-KAYIT v0.8 (capa 7); 00-on-kayit/ON-KAYIT-TASLAK.md:844): "Yapılandırılmış hâlde K1 KABUL, K2 RED, K3 RED (§6.5)"	insa: imzasız istek || imzasız istek: RP için R={ML-DSA-65} PQ kimlik doğrulaması sağlanamaz || cüzdan tarafı (Adım 11); yapılandırma "cüzdan imzaları doğrular" varsayar
REQ09_imzasiz_M-b0_client_id_korundu	L4-S	tedavi-ML-DSA-65	ikincil	eşleme-dışı	reject	ÖK §6.5 (ON-KAYIT v0.8 (capa 7); 00-on-kayit/ON-KAYIT-TASLAK.md:1054): "İhraççı başına gerekli küme R = {X}, izinli küme {A, X}." | ÖK §4.7 G5 (ON-KAYIT v0.8 (capa 7); 00-on-kayit/ON-KAYIT-TASLAK.md:767): "Göç etmiş bir varlık, ilan ettiği eski-sürüm penceresi dışında yalnız klasik kanıtla kabul edilemez." | [T282] HAIP §5.2 (HAIP 1.0 Final; metin/HAIP.txt:428): "Note that unsigned requests depend on the origin information provided by the platform and the web PKI for request integrity protection and to authenticate the Verifier." | [T279] OID4VP A.2 (OID4VP 1.0 Final; metin/OID4VP.txt:2500): "The Wallet MUST ignore any client_id parameter that is present in an unsigned request." | [T268] OID4VP §5.9.3 (OID4VP 1.0 Final; metin/OID4VP.txt:894): "it is at the discretion of the Wallet whether it validates the signature on the Request Object" | ÖK §4.8 P3 (ON-KAYIT v0.8 (capa 7); 00-on-kayit/ON-KAYIT-TASLAK.md:778): "P2 + ihraççı başına gerekli küme R_I"	insa: imzasız istek || imzasız istek: RP için R={ML-DSA-65} PQ kimlik doğrulaması sağlanamaz || cüzdan tarafı (Adım 11); yapılandırma "cüzdan imzaları doğrular" varsayar
REQ09_imzasiz_M-b0_client_id_korundu	L4-Y	tedavi-ML-DSA-65	ikincil	eşleme-dışı	reject	ÖK §6.5 (ON-KAYIT v0.8 (capa 7); 00-on-kayit/ON-KAYIT-TASLAK.md:1054): "İhraççı başına gerekli küme R = {X}, izinli küme {A, X}." | ÖK §4.7 G5 (ON-KAYIT v0.8 (capa 7); 00-on-kayit/ON-KAYIT-TASLAK.md:767): "Göç etmiş bir varlık, ilan ettiği eski-sürüm penceresi dışında yalnız klasik kanıtla kabul edilemez." | [T282] HAIP §5.2 (HAIP 1.0 Final; metin/HAIP.txt:428): "Note that unsigned requests depend on the origin information provided by the platform and the web PKI for request integrity protection and to authenticate the Verifier." | [T279] OID4VP A.2 (OID4VP 1.0 Final; metin/OID4VP.txt:2500): "The Wallet MUST ignore any client_id parameter that is present in an unsigned request." | [T268] OID4VP §5.9.3 (OID4VP 1.0 Final; metin/OID4VP.txt:894): "it is at the discretion of the Wallet whether it validates the signature on the Request Object" | [T314] RFC7515 §5.2 (RFC 7515; metin/RFC7515.txt:810): "When there are multiple JWS Signature values, it is an application decision which of the JWS Signature values must successfully validate for the JWS to be accepted."	insa: imzasız istek || imzasız istek: RP için R={ML-DSA-65} PQ kimlik doğrulaması sağlanamaz || cüzdan tarafı (Adım 11); yapılandırma "cüzdan imzaları doğrular" varsayar
REQ10_istek_alg_none	GEC	tedavi-ML-DSA-65	ikincil	eşleme-dışı	reject	[T240] OID4VP §5.9.3 (OID4VP 1.0 Final; metin/OID4VP.txt:947): "The Wallet MUST validate the signature and the trust chain of the X.509 leaf certificate." | JWTBCP §3.2 (draft-ietf-oauth-rfc8725bis-10; metin/JWTBCP.txt:524): "JWT libraries MUST NOT consume JWTs using "none" unless explicitly allowed by the caller" | [T327] JWTBCP §3.1 (draft-ietf-oauth-rfc8725bis-10; metin/JWTBCP.txt:464): "MUST NOT employ any algorithms outside this configured set" | [T315] RFC7515 §5.2 (RFC 7515; metin/RFC7515.txt:815): "at least one JWS Signature value MUST successfully validate, or the JWS MUST be considered invalid" | [T268] OID4VP §5.9.3 (OID4VP 1.0 Final; metin/OID4VP.txt:894): "it is at the discretion of the Wallet whether it validates the signature on the Request Object" | ÖK §4.15 (ON-KAYIT v0.8 (capa 7); 00-on-kayit/ON-KAYIT-TASLAK.md:881): "V+: tek geçerli klasik imza → KABUL; V−: bozuk imza → RED"	insa: none=geçersiz || imzalı istek protokolünde alg=none: x509_hash imzası doğrulanamaz || alg none izin kümesi W=['ES256', 'Ed25519', 'EdDSA', 'ML-DSA-44', 'ML-DSA-65', 'ML-DSA-65-ES256', 'ML-DSA-65-Ed25519', 'ML-DSA-87'] dışında || cüzdan tarafı (Adım 11); yapılandırma "cüzdan imzaları doğrular" varsayar
REQ10_istek_alg_none	L4	tedavi-ML-DSA-65	ikincil	eşleme-dışı	reject	[T240] OID4VP §5.9.3 (OID4VP 1.0 Final; metin/OID4VP.txt:947): "The Wallet MUST validate the signature and the trust chain of the X.509 leaf certificate." | JWTBCP §3.2 (draft-ietf-oauth-rfc8725bis-10; metin/JWTBCP.txt:524): "JWT libraries MUST NOT consume JWTs using "none" unless explicitly allowed by the caller" | ÖK §6.5 (ON-KAYIT v0.8 (capa 7); 00-on-kayit/ON-KAYIT-TASLAK.md:1054): "İhraççı başına gerekli küme R = {X}, izinli küme {A, X}." | [T328] JWTBCP §3.1 (draft-ietf-oauth-rfc8725bis-10; metin/JWTBCP.txt:482): "it MUST determine which algorithms are permitted for itself and that issuer and ensure that the received JWT complies with those requirements" | ÖK §4.7 G5 (ON-KAYIT v0.8 (capa 7); 00-on-kayit/ON-KAYIT-TASLAK.md:767): "Göç etmiş bir varlık, ilan ettiği eski-sürüm penceresi dışında yalnız klasik kanıtla kabul edilemez." | ÖK §4.8 P3 (ON-KAYIT v0.8 (capa 7); 00-on-kayit/ON-KAYIT-TASLAK.md:778): "P2 + ihraççı başına gerekli küme R_I" | ÖK §4.8 P1 (ON-KAYIT v0.8 (capa 7); 00-on-kayit/ON-KAYIT-TASLAK.md:776): "Mevcut imzaların tümü geçerliyse kabul. İmza silinmesi (soyma) fark edilmez" | [T135] ACM2 Note 51 (ECCG ACM v2.0; metin/ACM2.txt:946): "the veriﬁcation function accepting if and only if all signatures are correct" | [T316] RFC7515 §5.2 (RFC 7515; metin/RFC7515.txt:894): "unless the algorithm(s) used in the JWS are acceptable to the application, it SHOULD consider the JWS to be invalid" | [T327] JWTBCP §3.1 (draft-ietf-oauth-rfc8725bis-10; metin/JWTBCP.txt:464): "MUST NOT employ any algorithms outside this configured set" | ÖK §4.13 L4 (ON-KAYIT v0.8 (capa 7); 00-on-kayit/ON-KAYIT-TASLAK.md:844): "Yapılandırılmış hâlde K1 KABUL, K2 RED, K3 RED (§6.5)" | [T268] OID4VP §5.9.3 (OID4VP 1.0 Final; metin/OID4VP.txt:894): "it is at the discretion of the Wallet whether it validates the signature on the Request Object"	insa: none=geçersiz || imzalı istek protokolünde alg=none: x509_hash imzası doğrulanamaz || S: W dışı imza var (none) → mevcut-tümü-geçerli koşulu sağlanmaz || gerekli küme R=['ML-DSA-65'] karşılanmıyor (yalnız hiç imza yok) || cüzdan tarafı (Adım 11); yapılandırma "cüzdan imzaları doğrular" varsayar
REQ10_istek_alg_none	L4-S	tedavi-ML-DSA-65	ikincil	eşleme-dışı	reject	[T240] OID4VP §5.9.3 (OID4VP 1.0 Final; metin/OID4VP.txt:947): "The Wallet MUST validate the signature and the trust chain of the X.509 leaf certificate." | JWTBCP §3.2 (draft-ietf-oauth-rfc8725bis-10; metin/JWTBCP.txt:524): "JWT libraries MUST NOT consume JWTs using "none" unless explicitly allowed by the caller" | ÖK §6.5 (ON-KAYIT v0.8 (capa 7); 00-on-kayit/ON-KAYIT-TASLAK.md:1054): "İhraççı başına gerekli küme R = {X}, izinli küme {A, X}." | [T328] JWTBCP §3.1 (draft-ietf-oauth-rfc8725bis-10; metin/JWTBCP.txt:482): "it MUST determine which algorithms are permitted for itself and that issuer and ensure that the received JWT complies with those requirements" | ÖK §4.7 G5 (ON-KAYIT v0.8 (capa 7); 00-on-kayit/ON-KAYIT-TASLAK.md:767): "Göç etmiş bir varlık, ilan ettiği eski-sürüm penceresi dışında yalnız klasik kanıtla kabul edilemez." | ÖK §4.8 P3 (ON-KAYIT v0.8 (capa 7); 00-on-kayit/ON-KAYIT-TASLAK.md:778): "P2 + ihraççı başına gerekli küme R_I" | ÖK §4.8 P1 (ON-KAYIT v0.8 (capa 7); 00-on-kayit/ON-KAYIT-TASLAK.md:776): "Mevcut imzaların tümü geçerliyse kabul. İmza silinmesi (soyma) fark edilmez" | [T135] ACM2 Note 51 (ECCG ACM v2.0; metin/ACM2.txt:946): "the veriﬁcation function accepting if and only if all signatures are correct" | [T316] RFC7515 §5.2 (RFC 7515; metin/RFC7515.txt:894): "unless the algorithm(s) used in the JWS are acceptable to the application, it SHOULD consider the JWS to be invalid" | [T327] JWTBCP §3.1 (draft-ietf-oauth-rfc8725bis-10; metin/JWTBCP.txt:464): "MUST NOT employ any algorithms outside this configured set" | [T268] OID4VP §5.9.3 (OID4VP 1.0 Final; metin/OID4VP.txt:894): "it is at the discretion of the Wallet whether it validates the signature on the Request Object"	insa: none=geçersiz || imzalı istek protokolünde alg=none: x509_hash imzası doğrulanamaz || S: W dışı imza var (none) → mevcut-tümü-geçerli koşulu sağlanmaz || cüzdan tarafı (Adım 11); yapılandırma "cüzdan imzaları doğrular" varsayar
REQ10_istek_alg_none	L4-Y	tedavi-ML-DSA-65	ikincil	eşleme-dışı	reject	[T240] OID4VP §5.9.3 (OID4VP 1.0 Final; metin/OID4VP.txt:947): "The Wallet MUST validate the signature and the trust chain of the X.509 leaf certificate." | JWTBCP §3.2 (draft-ietf-oauth-rfc8725bis-10; metin/JWTBCP.txt:524): "JWT libraries MUST NOT consume JWTs using "none" unless explicitly allowed by the caller" | ÖK §6.5 (ON-KAYIT v0.8 (capa 7); 00-on-kayit/ON-KAYIT-TASLAK.md:1054): "İhraççı başına gerekli küme R = {X}, izinli küme {A, X}." | [T328] JWTBCP §3.1 (draft-ietf-oauth-rfc8725bis-10; metin/JWTBCP.txt:482): "it MUST determine which algorithms are permitted for itself and that issuer and ensure that the received JWT complies with those requirements" | ÖK §4.7 G5 (ON-KAYIT v0.8 (capa 7); 00-on-kayit/ON-KAYIT-TASLAK.md:767): "Göç etmiş bir varlık, ilan ettiği eski-sürüm penceresi dışında yalnız klasik kanıtla kabul edilemez." | ÖK §4.13 L4 (ON-KAYIT v0.8 (capa 7); 00-on-kayit/ON-KAYIT-TASLAK.md:844): "Yapılandırılmış hâlde K1 KABUL, K2 RED, K3 RED (§6.5)" | [T268] OID4VP §5.9.3 (OID4VP 1.0 Final; metin/OID4VP.txt:894): "it is at the discretion of the Wallet whether it validates the signature on the Request Object" | [T314] RFC7515 §5.2 (RFC 7515; metin/RFC7515.txt:810): "When there are multiple JWS Signature values, it is an application decision which of the JWS Signature values must successfully validate for the JWS to be accepted."	insa: none=geçersiz || imzalı istek protokolünde alg=none: x509_hash imzası doğrulanamaz || gerekli küme R=['ML-DSA-65'] karşılanmıyor (yalnız hiç imza yok) || cüzdan tarafı (Adım 11); yapılandırma "cüzdan imzaları doğrular" varsayar
VC01_ES256_x5c	GEC	kontrol-EdDSA	ikincil	K11(ikincil);MR3	accept-classical	ÖK §4.15 (ON-KAYIT v0.8 (capa 7); 00-on-kayit/ON-KAYIT-TASLAK.md:881): "V+: tek geçerli klasik imza → KABUL; V−: bozuk imza → RED" | [T315] RFC7515 §5.2 (RFC 7515; metin/RFC7515.txt:815): "at least one JWS Signature value MUST successfully validate, or the JWS MUST be considered invalid"	insa: ES256=geçerli || imza(lar) geçerli; alg ∈ W
VC01_ES256_x5c	IZIN-A	kontrol-EdDSA	ikincil	K11(ikincil);MR3	accept-classical	ÖK §4.13 L1 (ON-KAYIT v0.8 (capa 7); 00-on-kayit/ON-KAYIT-TASLAK.md:841): "Doğrulayıcı genelinde izin listesi; izinsiz algoritma reddediliyor" | [T327] JWTBCP §3.1 (draft-ietf-oauth-rfc8725bis-10; metin/JWTBCP.txt:464): "MUST NOT employ any algorithms outside this configured set"	insa: ES256=geçerli || imza(lar) geçerli; alg ∈ W
VC01_ES256_x5c	IZIN-AX	kontrol-EdDSA	ikincil	K11(ikincil);MR3	accept-classical	ÖK §4.13 L1 (ON-KAYIT v0.8 (capa 7); 00-on-kayit/ON-KAYIT-TASLAK.md:841): "Doğrulayıcı genelinde izin listesi; izinsiz algoritma reddediliyor" | [T327] JWTBCP §3.1 (draft-ietf-oauth-rfc8725bis-10; metin/JWTBCP.txt:464): "MUST NOT employ any algorithms outside this configured set" | ÖK §2B m.6 (ON-KAYIT v0.8 (capa 7); 00-on-kayit/ON-KAYIT-TASLAK.md:256): "Göç etmiş ihraççının yalnız klasik imzalı belgesi reddedilir, eski ihraççının klasik imzalı belgesi kabul edilir."	insa: ES256=geçerli || imza(lar) geçerli; alg ∈ W
VC01_ES256_x5c	L4	kontrol-EdDSA	ikincil	K11(ikincil);MR3	reject	ÖK §6.5 (ON-KAYIT v0.8 (capa 7); 00-on-kayit/ON-KAYIT-TASLAK.md:1054): "İhraççı başına gerekli küme R = {X}, izinli küme {A, X}." | [T328] JWTBCP §3.1 (draft-ietf-oauth-rfc8725bis-10; metin/JWTBCP.txt:482): "it MUST determine which algorithms are permitted for itself and that issuer and ensure that the received JWT complies with those requirements" | ÖK §4.7 G5 (ON-KAYIT v0.8 (capa 7); 00-on-kayit/ON-KAYIT-TASLAK.md:767): "Göç etmiş bir varlık, ilan ettiği eski-sürüm penceresi dışında yalnız klasik kanıtla kabul edilemez." | ÖK §4.13 L4 (ON-KAYIT v0.8 (capa 7); 00-on-kayit/ON-KAYIT-TASLAK.md:844): "Yapılandırılmış hâlde K1 KABUL, K2 RED, K3 RED (§6.5)" | ÖK §6.5 K11 (ON-KAYIT v0.8 (capa 7); 00-on-kayit/ON-KAYIT-TASLAK.md:1068): "İkili ihraç: göç etmiş ihraççıdan yalnız klasik kimlik bilgisi | RED (G5)" | ÖK §2B m.6 (ON-KAYIT v0.8 (capa 7); 00-on-kayit/ON-KAYIT-TASLAK.md:256): "Göç etmiş ihraççının yalnız klasik imzalı belgesi reddedilir, eski ihraççının klasik imzalı belgesi kabul edilir."	insa: ES256=geçerli || gerekli küme R=['EdDSA'] karşılanmıyor (yalnız ES256)
VC01_ES256_x5c	L4-S	kontrol-EdDSA	ikincil	K11(ikincil);MR3	reject	ÖK §6.5 (ON-KAYIT v0.8 (capa 7); 00-on-kayit/ON-KAYIT-TASLAK.md:1054): "İhraççı başına gerekli küme R = {X}, izinli küme {A, X}." | [T328] JWTBCP §3.1 (draft-ietf-oauth-rfc8725bis-10; metin/JWTBCP.txt:482): "it MUST determine which algorithms are permitted for itself and that issuer and ensure that the received JWT complies with those requirements" | ÖK §4.7 G5 (ON-KAYIT v0.8 (capa 7); 00-on-kayit/ON-KAYIT-TASLAK.md:767): "Göç etmiş bir varlık, ilan ettiği eski-sürüm penceresi dışında yalnız klasik kanıtla kabul edilemez." | ÖK §4.13 L4 (ON-KAYIT v0.8 (capa 7); 00-on-kayit/ON-KAYIT-TASLAK.md:844): "Yapılandırılmış hâlde K1 KABUL, K2 RED, K3 RED (§6.5)" | ÖK §6.5 K11 (ON-KAYIT v0.8 (capa 7); 00-on-kayit/ON-KAYIT-TASLAK.md:1068): "İkili ihraç: göç etmiş ihraççıdan yalnız klasik kimlik bilgisi | RED (G5)" | ÖK §4.8 P3 (ON-KAYIT v0.8 (capa 7); 00-on-kayit/ON-KAYIT-TASLAK.md:778): "P2 + ihraççı başına gerekli küme R_I" | ÖK §2B m.6 (ON-KAYIT v0.8 (capa 7); 00-on-kayit/ON-KAYIT-TASLAK.md:256): "Göç etmiş ihraççının yalnız klasik imzalı belgesi reddedilir, eski ihraççının klasik imzalı belgesi kabul edilir."	insa: ES256=geçerli || gerekli küme R=['EdDSA'] karşılanmıyor (yalnız ES256)
VC01_ES256_x5c	L4-Y	kontrol-EdDSA	ikincil	K11(ikincil);MR3	reject	ÖK §6.5 (ON-KAYIT v0.8 (capa 7); 00-on-kayit/ON-KAYIT-TASLAK.md:1054): "İhraççı başına gerekli küme R = {X}, izinli küme {A, X}." | [T328] JWTBCP §3.1 (draft-ietf-oauth-rfc8725bis-10; metin/JWTBCP.txt:482): "it MUST determine which algorithms are permitted for itself and that issuer and ensure that the received JWT complies with those requirements" | ÖK §4.7 G5 (ON-KAYIT v0.8 (capa 7); 00-on-kayit/ON-KAYIT-TASLAK.md:767): "Göç etmiş bir varlık, ilan ettiği eski-sürüm penceresi dışında yalnız klasik kanıtla kabul edilemez." | ÖK §4.13 L4 (ON-KAYIT v0.8 (capa 7); 00-on-kayit/ON-KAYIT-TASLAK.md:844): "Yapılandırılmış hâlde K1 KABUL, K2 RED, K3 RED (§6.5)" | ÖK §6.5 K11 (ON-KAYIT v0.8 (capa 7); 00-on-kayit/ON-KAYIT-TASLAK.md:1068): "İkili ihraç: göç etmiş ihraççıdan yalnız klasik kimlik bilgisi | RED (G5)" | [T314] RFC7515 §5.2 (RFC 7515; metin/RFC7515.txt:810): "When there are multiple JWS Signature values, it is an application decision which of the JWS Signature values must successfully validate for the JWS to be accepted." | ÖK §2B m.6 (ON-KAYIT v0.8 (capa 7); 00-on-kayit/ON-KAYIT-TASLAK.md:256): "Göç etmiş ihraççının yalnız klasik imzalı belgesi reddedilir, eski ihraççının klasik imzalı belgesi kabul edilir."	insa: ES256=geçerli || gerekli küme R=['EdDSA'] karşılanmıyor (yalnız ES256)
VC01_ES256_x5c	GEC	kontrol-Ed25519	ikincil	K11(ikincil);MR3	accept-classical	ÖK §4.15 (ON-KAYIT v0.8 (capa 7); 00-on-kayit/ON-KAYIT-TASLAK.md:881): "V+: tek geçerli klasik imza → KABUL; V−: bozuk imza → RED" | [T315] RFC7515 §5.2 (RFC 7515; metin/RFC7515.txt:815): "at least one JWS Signature value MUST successfully validate, or the JWS MUST be considered invalid"	insa: ES256=geçerli || imza(lar) geçerli; alg ∈ W
VC01_ES256_x5c	IZIN-A	kontrol-Ed25519	ikincil	K11(ikincil);MR3	accept-classical	ÖK §4.13 L1 (ON-KAYIT v0.8 (capa 7); 00-on-kayit/ON-KAYIT-TASLAK.md:841): "Doğrulayıcı genelinde izin listesi; izinsiz algoritma reddediliyor" | [T327] JWTBCP §3.1 (draft-ietf-oauth-rfc8725bis-10; metin/JWTBCP.txt:464): "MUST NOT employ any algorithms outside this configured set"	insa: ES256=geçerli || imza(lar) geçerli; alg ∈ W
VC01_ES256_x5c	IZIN-AX	kontrol-Ed25519	ikincil	K11(ikincil);MR3	accept-classical	ÖK §4.13 L1 (ON-KAYIT v0.8 (capa 7); 00-on-kayit/ON-KAYIT-TASLAK.md:841): "Doğrulayıcı genelinde izin listesi; izinsiz algoritma reddediliyor" | [T327] JWTBCP §3.1 (draft-ietf-oauth-rfc8725bis-10; metin/JWTBCP.txt:464): "MUST NOT employ any algorithms outside this configured set" | ÖK §2B m.6 (ON-KAYIT v0.8 (capa 7); 00-on-kayit/ON-KAYIT-TASLAK.md:256): "Göç etmiş ihraççının yalnız klasik imzalı belgesi reddedilir, eski ihraççının klasik imzalı belgesi kabul edilir."	insa: ES256=geçerli || imza(lar) geçerli; alg ∈ W
VC01_ES256_x5c	L4	kontrol-Ed25519	ikincil	K11(ikincil);MR3	reject	ÖK §6.5 (ON-KAYIT v0.8 (capa 7); 00-on-kayit/ON-KAYIT-TASLAK.md:1054): "İhraççı başına gerekli küme R = {X}, izinli küme {A, X}." | [T328] JWTBCP §3.1 (draft-ietf-oauth-rfc8725bis-10; metin/JWTBCP.txt:482): "it MUST determine which algorithms are permitted for itself and that issuer and ensure that the received JWT complies with those requirements" | ÖK §4.7 G5 (ON-KAYIT v0.8 (capa 7); 00-on-kayit/ON-KAYIT-TASLAK.md:767): "Göç etmiş bir varlık, ilan ettiği eski-sürüm penceresi dışında yalnız klasik kanıtla kabul edilemez." | ÖK §4.13 L4 (ON-KAYIT v0.8 (capa 7); 00-on-kayit/ON-KAYIT-TASLAK.md:844): "Yapılandırılmış hâlde K1 KABUL, K2 RED, K3 RED (§6.5)" | ÖK §6.5 K11 (ON-KAYIT v0.8 (capa 7); 00-on-kayit/ON-KAYIT-TASLAK.md:1068): "İkili ihraç: göç etmiş ihraççıdan yalnız klasik kimlik bilgisi | RED (G5)" | ÖK §2B m.6 (ON-KAYIT v0.8 (capa 7); 00-on-kayit/ON-KAYIT-TASLAK.md:256): "Göç etmiş ihraççının yalnız klasik imzalı belgesi reddedilir, eski ihraççının klasik imzalı belgesi kabul edilir."	insa: ES256=geçerli || gerekli küme R=['Ed25519'] karşılanmıyor (yalnız ES256)
VC01_ES256_x5c	L4-S	kontrol-Ed25519	ikincil	K11(ikincil);MR3	reject	ÖK §6.5 (ON-KAYIT v0.8 (capa 7); 00-on-kayit/ON-KAYIT-TASLAK.md:1054): "İhraççı başına gerekli küme R = {X}, izinli küme {A, X}." | [T328] JWTBCP §3.1 (draft-ietf-oauth-rfc8725bis-10; metin/JWTBCP.txt:482): "it MUST determine which algorithms are permitted for itself and that issuer and ensure that the received JWT complies with those requirements" | ÖK §4.7 G5 (ON-KAYIT v0.8 (capa 7); 00-on-kayit/ON-KAYIT-TASLAK.md:767): "Göç etmiş bir varlık, ilan ettiği eski-sürüm penceresi dışında yalnız klasik kanıtla kabul edilemez." | ÖK §4.13 L4 (ON-KAYIT v0.8 (capa 7); 00-on-kayit/ON-KAYIT-TASLAK.md:844): "Yapılandırılmış hâlde K1 KABUL, K2 RED, K3 RED (§6.5)" | ÖK §6.5 K11 (ON-KAYIT v0.8 (capa 7); 00-on-kayit/ON-KAYIT-TASLAK.md:1068): "İkili ihraç: göç etmiş ihraççıdan yalnız klasik kimlik bilgisi | RED (G5)" | ÖK §4.8 P3 (ON-KAYIT v0.8 (capa 7); 00-on-kayit/ON-KAYIT-TASLAK.md:778): "P2 + ihraççı başına gerekli küme R_I" | ÖK §2B m.6 (ON-KAYIT v0.8 (capa 7); 00-on-kayit/ON-KAYIT-TASLAK.md:256): "Göç etmiş ihraççının yalnız klasik imzalı belgesi reddedilir, eski ihraççının klasik imzalı belgesi kabul edilir."	insa: ES256=geçerli || gerekli küme R=['Ed25519'] karşılanmıyor (yalnız ES256)
VC01_ES256_x5c	L4-Y	kontrol-Ed25519	ikincil	K11(ikincil);MR3	reject	ÖK §6.5 (ON-KAYIT v0.8 (capa 7); 00-on-kayit/ON-KAYIT-TASLAK.md:1054): "İhraççı başına gerekli küme R = {X}, izinli küme {A, X}." | [T328] JWTBCP §3.1 (draft-ietf-oauth-rfc8725bis-10; metin/JWTBCP.txt:482): "it MUST determine which algorithms are permitted for itself and that issuer and ensure that the received JWT complies with those requirements" | ÖK §4.7 G5 (ON-KAYIT v0.8 (capa 7); 00-on-kayit/ON-KAYIT-TASLAK.md:767): "Göç etmiş bir varlık, ilan ettiği eski-sürüm penceresi dışında yalnız klasik kanıtla kabul edilemez." | ÖK §4.13 L4 (ON-KAYIT v0.8 (capa 7); 00-on-kayit/ON-KAYIT-TASLAK.md:844): "Yapılandırılmış hâlde K1 KABUL, K2 RED, K3 RED (§6.5)" | ÖK §6.5 K11 (ON-KAYIT v0.8 (capa 7); 00-on-kayit/ON-KAYIT-TASLAK.md:1068): "İkili ihraç: göç etmiş ihraççıdan yalnız klasik kimlik bilgisi | RED (G5)" | [T314] RFC7515 §5.2 (RFC 7515; metin/RFC7515.txt:810): "When there are multiple JWS Signature values, it is an application decision which of the JWS Signature values must successfully validate for the JWS to be accepted." | ÖK §2B m.6 (ON-KAYIT v0.8 (capa 7); 00-on-kayit/ON-KAYIT-TASLAK.md:256): "Göç etmiş ihraççının yalnız klasik imzalı belgesi reddedilir, eski ihraççının klasik imzalı belgesi kabul edilir."	insa: ES256=geçerli || gerekli küme R=['Ed25519'] karşılanmıyor (yalnız ES256)
VC01_ES256_x5c	GEC	tedavi-ML-DSA-65	ikincil	K11(ikincil);MR3	accept-classical	ÖK §4.15 (ON-KAYIT v0.8 (capa 7); 00-on-kayit/ON-KAYIT-TASLAK.md:881): "V+: tek geçerli klasik imza → KABUL; V−: bozuk imza → RED" | [T315] RFC7515 §5.2 (RFC 7515; metin/RFC7515.txt:815): "at least one JWS Signature value MUST successfully validate, or the JWS MUST be considered invalid"	insa: ES256=geçerli || imza(lar) geçerli; alg ∈ W
VC01_ES256_x5c	IZIN-A	tedavi-ML-DSA-65	ikincil	K11(ikincil);MR3	accept-classical	ÖK §4.13 L1 (ON-KAYIT v0.8 (capa 7); 00-on-kayit/ON-KAYIT-TASLAK.md:841): "Doğrulayıcı genelinde izin listesi; izinsiz algoritma reddediliyor" | [T327] JWTBCP §3.1 (draft-ietf-oauth-rfc8725bis-10; metin/JWTBCP.txt:464): "MUST NOT employ any algorithms outside this configured set"	insa: ES256=geçerli || imza(lar) geçerli; alg ∈ W
VC01_ES256_x5c	IZIN-AX	tedavi-ML-DSA-65	ikincil	K11(ikincil);MR3	accept-classical	ÖK §4.13 L1 (ON-KAYIT v0.8 (capa 7); 00-on-kayit/ON-KAYIT-TASLAK.md:841): "Doğrulayıcı genelinde izin listesi; izinsiz algoritma reddediliyor" | [T327] JWTBCP §3.1 (draft-ietf-oauth-rfc8725bis-10; metin/JWTBCP.txt:464): "MUST NOT employ any algorithms outside this configured set" | ÖK §2B m.6 (ON-KAYIT v0.8 (capa 7); 00-on-kayit/ON-KAYIT-TASLAK.md:256): "Göç etmiş ihraççının yalnız klasik imzalı belgesi reddedilir, eski ihraççının klasik imzalı belgesi kabul edilir."	insa: ES256=geçerli || imza(lar) geçerli; alg ∈ W
VC01_ES256_x5c	L4	tedavi-ML-DSA-65	ikincil	K11(ikincil);MR3	reject	ÖK §6.5 (ON-KAYIT v0.8 (capa 7); 00-on-kayit/ON-KAYIT-TASLAK.md:1054): "İhraççı başına gerekli küme R = {X}, izinli küme {A, X}." | [T328] JWTBCP §3.1 (draft-ietf-oauth-rfc8725bis-10; metin/JWTBCP.txt:482): "it MUST determine which algorithms are permitted for itself and that issuer and ensure that the received JWT complies with those requirements" | ÖK §4.7 G5 (ON-KAYIT v0.8 (capa 7); 00-on-kayit/ON-KAYIT-TASLAK.md:767): "Göç etmiş bir varlık, ilan ettiği eski-sürüm penceresi dışında yalnız klasik kanıtla kabul edilemez." | ÖK §4.13 L4 (ON-KAYIT v0.8 (capa 7); 00-on-kayit/ON-KAYIT-TASLAK.md:844): "Yapılandırılmış hâlde K1 KABUL, K2 RED, K3 RED (§6.5)" | ÖK §6.5 K11 (ON-KAYIT v0.8 (capa 7); 00-on-kayit/ON-KAYIT-TASLAK.md:1068): "İkili ihraç: göç etmiş ihraççıdan yalnız klasik kimlik bilgisi | RED (G5)" | ÖK §2B m.6 (ON-KAYIT v0.8 (capa 7); 00-on-kayit/ON-KAYIT-TASLAK.md:256): "Göç etmiş ihraççının yalnız klasik imzalı belgesi reddedilir, eski ihraççının klasik imzalı belgesi kabul edilir."	insa: ES256=geçerli || gerekli küme R=['ML-DSA-65'] karşılanmıyor (yalnız ES256)
VC01_ES256_x5c	L4-S	tedavi-ML-DSA-65	ikincil	K11(ikincil);MR3	reject	ÖK §6.5 (ON-KAYIT v0.8 (capa 7); 00-on-kayit/ON-KAYIT-TASLAK.md:1054): "İhraççı başına gerekli küme R = {X}, izinli küme {A, X}." | [T328] JWTBCP §3.1 (draft-ietf-oauth-rfc8725bis-10; metin/JWTBCP.txt:482): "it MUST determine which algorithms are permitted for itself and that issuer and ensure that the received JWT complies with those requirements" | ÖK §4.7 G5 (ON-KAYIT v0.8 (capa 7); 00-on-kayit/ON-KAYIT-TASLAK.md:767): "Göç etmiş bir varlık, ilan ettiği eski-sürüm penceresi dışında yalnız klasik kanıtla kabul edilemez." | ÖK §4.13 L4 (ON-KAYIT v0.8 (capa 7); 00-on-kayit/ON-KAYIT-TASLAK.md:844): "Yapılandırılmış hâlde K1 KABUL, K2 RED, K3 RED (§6.5)" | ÖK §6.5 K11 (ON-KAYIT v0.8 (capa 7); 00-on-kayit/ON-KAYIT-TASLAK.md:1068): "İkili ihraç: göç etmiş ihraççıdan yalnız klasik kimlik bilgisi | RED (G5)" | ÖK §4.8 P3 (ON-KAYIT v0.8 (capa 7); 00-on-kayit/ON-KAYIT-TASLAK.md:778): "P2 + ihraççı başına gerekli küme R_I" | ÖK §2B m.6 (ON-KAYIT v0.8 (capa 7); 00-on-kayit/ON-KAYIT-TASLAK.md:256): "Göç etmiş ihraççının yalnız klasik imzalı belgesi reddedilir, eski ihraççının klasik imzalı belgesi kabul edilir."	insa: ES256=geçerli || gerekli küme R=['ML-DSA-65'] karşılanmıyor (yalnız ES256)
VC01_ES256_x5c	L4-Y	tedavi-ML-DSA-65	ikincil	K11(ikincil);MR3	reject	ÖK §6.5 (ON-KAYIT v0.8 (capa 7); 00-on-kayit/ON-KAYIT-TASLAK.md:1054): "İhraççı başına gerekli küme R = {X}, izinli küme {A, X}." | [T328] JWTBCP §3.1 (draft-ietf-oauth-rfc8725bis-10; metin/JWTBCP.txt:482): "it MUST determine which algorithms are permitted for itself and that issuer and ensure that the received JWT complies with those requirements" | ÖK §4.7 G5 (ON-KAYIT v0.8 (capa 7); 00-on-kayit/ON-KAYIT-TASLAK.md:767): "Göç etmiş bir varlık, ilan ettiği eski-sürüm penceresi dışında yalnız klasik kanıtla kabul edilemez." | ÖK §4.13 L4 (ON-KAYIT v0.8 (capa 7); 00-on-kayit/ON-KAYIT-TASLAK.md:844): "Yapılandırılmış hâlde K1 KABUL, K2 RED, K3 RED (§6.5)" | ÖK §6.5 K11 (ON-KAYIT v0.8 (capa 7); 00-on-kayit/ON-KAYIT-TASLAK.md:1068): "İkili ihraç: göç etmiş ihraççıdan yalnız klasik kimlik bilgisi | RED (G5)" | [T314] RFC7515 §5.2 (RFC 7515; metin/RFC7515.txt:810): "When there are multiple JWS Signature values, it is an application decision which of the JWS Signature values must successfully validate for the JWS to be accepted." | ÖK §2B m.6 (ON-KAYIT v0.8 (capa 7); 00-on-kayit/ON-KAYIT-TASLAK.md:256): "Göç etmiş ihraççının yalnız klasik imzalı belgesi reddedilir, eski ihraççının klasik imzalı belgesi kabul edilir."	insa: ES256=geçerli || gerekli küme R=['ML-DSA-65'] karşılanmıyor (yalnız ES256)
VC01_ES256_x5c	GEC	tedavi-composite	ikincil	K11(ikincil);MR3	accept-classical	ÖK §4.15 (ON-KAYIT v0.8 (capa 7); 00-on-kayit/ON-KAYIT-TASLAK.md:881): "V+: tek geçerli klasik imza → KABUL; V−: bozuk imza → RED" | [T315] RFC7515 §5.2 (RFC 7515; metin/RFC7515.txt:815): "at least one JWS Signature value MUST successfully validate, or the JWS MUST be considered invalid"	insa: ES256=geçerli || imza(lar) geçerli; alg ∈ W
VC01_ES256_x5c	IZIN-A	tedavi-composite	ikincil	K11(ikincil);MR3	accept-classical	ÖK §4.13 L1 (ON-KAYIT v0.8 (capa 7); 00-on-kayit/ON-KAYIT-TASLAK.md:841): "Doğrulayıcı genelinde izin listesi; izinsiz algoritma reddediliyor" | [T327] JWTBCP §3.1 (draft-ietf-oauth-rfc8725bis-10; metin/JWTBCP.txt:464): "MUST NOT employ any algorithms outside this configured set"	insa: ES256=geçerli || imza(lar) geçerli; alg ∈ W
VC01_ES256_x5c	IZIN-AX	tedavi-composite	ikincil	K11(ikincil);MR3	accept-classical	ÖK §4.13 L1 (ON-KAYIT v0.8 (capa 7); 00-on-kayit/ON-KAYIT-TASLAK.md:841): "Doğrulayıcı genelinde izin listesi; izinsiz algoritma reddediliyor" | [T327] JWTBCP §3.1 (draft-ietf-oauth-rfc8725bis-10; metin/JWTBCP.txt:464): "MUST NOT employ any algorithms outside this configured set" | ÖK §2B m.6 (ON-KAYIT v0.8 (capa 7); 00-on-kayit/ON-KAYIT-TASLAK.md:256): "Göç etmiş ihraççının yalnız klasik imzalı belgesi reddedilir, eski ihraççının klasik imzalı belgesi kabul edilir."	insa: ES256=geçerli || imza(lar) geçerli; alg ∈ W
VC01_ES256_x5c	L4	tedavi-composite	ikincil	K11(ikincil);MR3	reject	ÖK §6.5 (ON-KAYIT v0.8 (capa 7); 00-on-kayit/ON-KAYIT-TASLAK.md:1054): "İhraççı başına gerekli küme R = {X}, izinli küme {A, X}." | [T328] JWTBCP §3.1 (draft-ietf-oauth-rfc8725bis-10; metin/JWTBCP.txt:482): "it MUST determine which algorithms are permitted for itself and that issuer and ensure that the received JWT complies with those requirements" | ÖK §4.7 G5 (ON-KAYIT v0.8 (capa 7); 00-on-kayit/ON-KAYIT-TASLAK.md:767): "Göç etmiş bir varlık, ilan ettiği eski-sürüm penceresi dışında yalnız klasik kanıtla kabul edilemez." | ÖK §4.13 L4 (ON-KAYIT v0.8 (capa 7); 00-on-kayit/ON-KAYIT-TASLAK.md:844): "Yapılandırılmış hâlde K1 KABUL, K2 RED, K3 RED (§6.5)" | ÖK §6.5 K11 (ON-KAYIT v0.8 (capa 7); 00-on-kayit/ON-KAYIT-TASLAK.md:1068): "İkili ihraç: göç etmiş ihraççıdan yalnız klasik kimlik bilgisi | RED (G5)" | ÖK §2B m.6 (ON-KAYIT v0.8 (capa 7); 00-on-kayit/ON-KAYIT-TASLAK.md:256): "Göç etmiş ihraççının yalnız klasik imzalı belgesi reddedilir, eski ihraççının klasik imzalı belgesi kabul edilir."	insa: ES256=geçerli || gerekli küme R=['ML-DSA-65-ES256'] karşılanmıyor (yalnız ES256)
VC01_ES256_x5c	L4-S	tedavi-composite	ikincil	K11(ikincil);MR3	reject	ÖK §6.5 (ON-KAYIT v0.8 (capa 7); 00-on-kayit/ON-KAYIT-TASLAK.md:1054): "İhraççı başına gerekli küme R = {X}, izinli küme {A, X}." | [T328] JWTBCP §3.1 (draft-ietf-oauth-rfc8725bis-10; metin/JWTBCP.txt:482): "it MUST determine which algorithms are permitted for itself and that issuer and ensure that the received JWT complies with those requirements" | ÖK §4.7 G5 (ON-KAYIT v0.8 (capa 7); 00-on-kayit/ON-KAYIT-TASLAK.md:767): "Göç etmiş bir varlık, ilan ettiği eski-sürüm penceresi dışında yalnız klasik kanıtla kabul edilemez." | ÖK §4.13 L4 (ON-KAYIT v0.8 (capa 7); 00-on-kayit/ON-KAYIT-TASLAK.md:844): "Yapılandırılmış hâlde K1 KABUL, K2 RED, K3 RED (§6.5)" | ÖK §6.5 K11 (ON-KAYIT v0.8 (capa 7); 00-on-kayit/ON-KAYIT-TASLAK.md:1068): "İkili ihraç: göç etmiş ihraççıdan yalnız klasik kimlik bilgisi | RED (G5)" | ÖK §4.8 P3 (ON-KAYIT v0.8 (capa 7); 00-on-kayit/ON-KAYIT-TASLAK.md:778): "P2 + ihraççı başına gerekli küme R_I" | ÖK §2B m.6 (ON-KAYIT v0.8 (capa 7); 00-on-kayit/ON-KAYIT-TASLAK.md:256): "Göç etmiş ihraççının yalnız klasik imzalı belgesi reddedilir, eski ihraççının klasik imzalı belgesi kabul edilir."	insa: ES256=geçerli || gerekli küme R=['ML-DSA-65-ES256'] karşılanmıyor (yalnız ES256)
VC01_ES256_x5c	L4-Y	tedavi-composite	ikincil	K11(ikincil);MR3	reject	ÖK §6.5 (ON-KAYIT v0.8 (capa 7); 00-on-kayit/ON-KAYIT-TASLAK.md:1054): "İhraççı başına gerekli küme R = {X}, izinli küme {A, X}." | [T328] JWTBCP §3.1 (draft-ietf-oauth-rfc8725bis-10; metin/JWTBCP.txt:482): "it MUST determine which algorithms are permitted for itself and that issuer and ensure that the received JWT complies with those requirements" | ÖK §4.7 G5 (ON-KAYIT v0.8 (capa 7); 00-on-kayit/ON-KAYIT-TASLAK.md:767): "Göç etmiş bir varlık, ilan ettiği eski-sürüm penceresi dışında yalnız klasik kanıtla kabul edilemez." | ÖK §4.13 L4 (ON-KAYIT v0.8 (capa 7); 00-on-kayit/ON-KAYIT-TASLAK.md:844): "Yapılandırılmış hâlde K1 KABUL, K2 RED, K3 RED (§6.5)" | ÖK §6.5 K11 (ON-KAYIT v0.8 (capa 7); 00-on-kayit/ON-KAYIT-TASLAK.md:1068): "İkili ihraç: göç etmiş ihraççıdan yalnız klasik kimlik bilgisi | RED (G5)" | [T314] RFC7515 §5.2 (RFC 7515; metin/RFC7515.txt:810): "When there are multiple JWS Signature values, it is an application decision which of the JWS Signature values must successfully validate for the JWS to be accepted." | ÖK §2B m.6 (ON-KAYIT v0.8 (capa 7); 00-on-kayit/ON-KAYIT-TASLAK.md:256): "Göç etmiş ihraççının yalnız klasik imzalı belgesi reddedilir, eski ihraççının klasik imzalı belgesi kabul edilir."	insa: ES256=geçerli || gerekli küme R=['ML-DSA-65-ES256'] karşılanmıyor (yalnız ES256)
VC01_ES256_x5c	GEC@-19	kontrol-EdDSA	ikincil	K11(ikincil);MR3	accept-classical	ÖK §4.15 (ON-KAYIT v0.8 (capa 7); 00-on-kayit/ON-KAYIT-TASLAK.md:881): "V+: tek geçerli klasik imza → KABUL; V−: bozuk imza → RED" | [T315] RFC7515 §5.2 (RFC 7515; metin/RFC7515.txt:815): "at least one JWS Signature value MUST successfully validate, or the JWS MUST be considered invalid" | ÖK §2C.2.3 (ON-KAYIT v0.8 (capa 7); 00-on-kayit/ON-KAYIT-TASLAK.md:325): "| `sdjwtvc_surum` | -13 | -19 |"	insa: ES256=geçerli || imza(lar) geçerli; alg ∈ W
VC01_ES256_x5c	GEC@-19	kontrol-Ed25519	ikincil	K11(ikincil);MR3	accept-classical	ÖK §4.15 (ON-KAYIT v0.8 (capa 7); 00-on-kayit/ON-KAYIT-TASLAK.md:881): "V+: tek geçerli klasik imza → KABUL; V−: bozuk imza → RED" | [T315] RFC7515 §5.2 (RFC 7515; metin/RFC7515.txt:815): "at least one JWS Signature value MUST successfully validate, or the JWS MUST be considered invalid" | ÖK §2C.2.3 (ON-KAYIT v0.8 (capa 7); 00-on-kayit/ON-KAYIT-TASLAK.md:325): "| `sdjwtvc_surum` | -13 | -19 |"	insa: ES256=geçerli || imza(lar) geçerli; alg ∈ W
VC01_ES256_x5c	GEC@-19	tedavi-ML-DSA-65	ikincil	K11(ikincil);MR3	accept-classical	ÖK §4.15 (ON-KAYIT v0.8 (capa 7); 00-on-kayit/ON-KAYIT-TASLAK.md:881): "V+: tek geçerli klasik imza → KABUL; V−: bozuk imza → RED" | [T315] RFC7515 §5.2 (RFC 7515; metin/RFC7515.txt:815): "at least one JWS Signature value MUST successfully validate, or the JWS MUST be considered invalid" | ÖK §2C.2.3 (ON-KAYIT v0.8 (capa 7); 00-on-kayit/ON-KAYIT-TASLAK.md:325): "| `sdjwtvc_surum` | -13 | -19 |"	insa: ES256=geçerli || imza(lar) geçerli; alg ∈ W
VC01_ES256_x5c	GEC@-19	tedavi-composite	ikincil	K11(ikincil);MR3	accept-classical	ÖK §4.15 (ON-KAYIT v0.8 (capa 7); 00-on-kayit/ON-KAYIT-TASLAK.md:881): "V+: tek geçerli klasik imza → KABUL; V−: bozuk imza → RED" | [T315] RFC7515 §5.2 (RFC 7515; metin/RFC7515.txt:815): "at least one JWS Signature value MUST successfully validate, or the JWS MUST be considered invalid" | ÖK §2C.2.3 (ON-KAYIT v0.8 (capa 7); 00-on-kayit/ON-KAYIT-TASLAK.md:325): "| `sdjwtvc_surum` | -13 | -19 |"	insa: ES256=geçerli || imza(lar) geçerli; alg ∈ W
VC02_MLDSA65_x5c	GEC	tedavi-ML-DSA-65	ikincil	eşleme-dışı	accept-hybrid	ÖK §4.15 (ON-KAYIT v0.8 (capa 7); 00-on-kayit/ON-KAYIT-TASLAK.md:881): "V+: tek geçerli klasik imza → KABUL; V−: bozuk imza → RED" | [T315] RFC7515 §5.2 (RFC 7515; metin/RFC7515.txt:815): "at least one JWS Signature value MUST successfully validate, or the JWS MUST be considered invalid"	insa: ML-DSA-65=geçerli || imza(lar) geçerli; alg ∈ W
VC02_MLDSA65_x5c	IZIN-A	tedavi-ML-DSA-65	ikincil	eşleme-dışı	reject	[T327] JWTBCP §3.1 (draft-ietf-oauth-rfc8725bis-10; metin/JWTBCP.txt:464): "MUST NOT employ any algorithms outside this configured set" | [T315] RFC7515 §5.2 (RFC 7515; metin/RFC7515.txt:815): "at least one JWS Signature value MUST successfully validate, or the JWS MUST be considered invalid" | ÖK §4.13 L1 (ON-KAYIT v0.8 (capa 7); 00-on-kayit/ON-KAYIT-TASLAK.md:841): "Doğrulayıcı genelinde izin listesi; izinsiz algoritma reddediliyor"	insa: ML-DSA-65=geçerli || alg ML-DSA-65 izin kümesi W=['ES256'] dışında
VC02_MLDSA65_x5c	IZIN-AX	tedavi-ML-DSA-65	ikincil	eşleme-dışı	accept-hybrid	ÖK §4.13 L1 (ON-KAYIT v0.8 (capa 7); 00-on-kayit/ON-KAYIT-TASLAK.md:841): "Doğrulayıcı genelinde izin listesi; izinsiz algoritma reddediliyor" | [T327] JWTBCP §3.1 (draft-ietf-oauth-rfc8725bis-10; metin/JWTBCP.txt:464): "MUST NOT employ any algorithms outside this configured set"	insa: ML-DSA-65=geçerli || imza(lar) geçerli; alg ∈ W
VC02_MLDSA65_x5c	L4	tedavi-ML-DSA-65	ikincil	eşleme-dışı	accept-hybrid	ÖK §6.5 (ON-KAYIT v0.8 (capa 7); 00-on-kayit/ON-KAYIT-TASLAK.md:1054): "İhraççı başına gerekli küme R = {X}, izinli küme {A, X}." | [T328] JWTBCP §3.1 (draft-ietf-oauth-rfc8725bis-10; metin/JWTBCP.txt:482): "it MUST determine which algorithms are permitted for itself and that issuer and ensure that the received JWT complies with those requirements" | ÖK §4.7 G5 (ON-KAYIT v0.8 (capa 7); 00-on-kayit/ON-KAYIT-TASLAK.md:767): "Göç etmiş bir varlık, ilan ettiği eski-sürüm penceresi dışında yalnız klasik kanıtla kabul edilemez." | ÖK §4.13 L4 (ON-KAYIT v0.8 (capa 7); 00-on-kayit/ON-KAYIT-TASLAK.md:844): "Yapılandırılmış hâlde K1 KABUL, K2 RED, K3 RED (§6.5)"	insa: ML-DSA-65=geçerli || R={ML-DSA-65} geçerli imzayla karşılandı; W içindeki imzalar geçerli
VC02_MLDSA65_x5c	L4-S	tedavi-ML-DSA-65	ikincil	eşleme-dışı	accept-hybrid	ÖK §6.5 (ON-KAYIT v0.8 (capa 7); 00-on-kayit/ON-KAYIT-TASLAK.md:1054): "İhraççı başına gerekli küme R = {X}, izinli küme {A, X}." | [T328] JWTBCP §3.1 (draft-ietf-oauth-rfc8725bis-10; metin/JWTBCP.txt:482): "it MUST determine which algorithms are permitted for itself and that issuer and ensure that the received JWT complies with those requirements" | ÖK §4.7 G5 (ON-KAYIT v0.8 (capa 7); 00-on-kayit/ON-KAYIT-TASLAK.md:767): "Göç etmiş bir varlık, ilan ettiği eski-sürüm penceresi dışında yalnız klasik kanıtla kabul edilemez." | ÖK §4.8 P3 (ON-KAYIT v0.8 (capa 7); 00-on-kayit/ON-KAYIT-TASLAK.md:778): "P2 + ihraççı başına gerekli küme R_I"	insa: ML-DSA-65=geçerli || R={ML-DSA-65} geçerli imzayla karşılandı; W içindeki imzalar geçerli
VC02_MLDSA65_x5c	L4-Y	tedavi-ML-DSA-65	ikincil	eşleme-dışı	accept-hybrid	ÖK §6.5 (ON-KAYIT v0.8 (capa 7); 00-on-kayit/ON-KAYIT-TASLAK.md:1054): "İhraççı başına gerekli küme R = {X}, izinli küme {A, X}." | [T328] JWTBCP §3.1 (draft-ietf-oauth-rfc8725bis-10; metin/JWTBCP.txt:482): "it MUST determine which algorithms are permitted for itself and that issuer and ensure that the received JWT complies with those requirements" | ÖK §4.7 G5 (ON-KAYIT v0.8 (capa 7); 00-on-kayit/ON-KAYIT-TASLAK.md:767): "Göç etmiş bir varlık, ilan ettiği eski-sürüm penceresi dışında yalnız klasik kanıtla kabul edilemez." | [T314] RFC7515 §5.2 (RFC 7515; metin/RFC7515.txt:810): "When there are multiple JWS Signature values, it is an application decision which of the JWS Signature values must successfully validate for the JWS to be accepted."	insa: ML-DSA-65=geçerli || R={ML-DSA-65} geçerli imzayla karşılandı; W içindeki imzalar geçerli
VC03_composite_kid	GEC	tedavi-composite	ikincil	K6(ikincil)	accept-hybrid	ÖK §4.15 (ON-KAYIT v0.8 (capa 7); 00-on-kayit/ON-KAYIT-TASLAK.md:881): "V+: tek geçerli klasik imza → KABUL; V−: bozuk imza → RED" | [T315] RFC7515 §5.2 (RFC 7515; metin/RFC7515.txt:815): "at least one JWS Signature value MUST successfully validate, or the JWS MUST be considered invalid"	insa: ML-DSA-65-ES256=geçerli || imza(lar) geçerli; alg ∈ W
VC03_composite_kid	IZIN-A	tedavi-composite	ikincil	K6(ikincil)	reject	[T327] JWTBCP §3.1 (draft-ietf-oauth-rfc8725bis-10; metin/JWTBCP.txt:464): "MUST NOT employ any algorithms outside this configured set" | [T315] RFC7515 §5.2 (RFC 7515; metin/RFC7515.txt:815): "at least one JWS Signature value MUST successfully validate, or the JWS MUST be considered invalid" | ÖK §4.13 L1 (ON-KAYIT v0.8 (capa 7); 00-on-kayit/ON-KAYIT-TASLAK.md:841): "Doğrulayıcı genelinde izin listesi; izinsiz algoritma reddediliyor"	insa: ML-DSA-65-ES256=geçerli || alg ML-DSA-65-ES256 izin kümesi W=['ES256'] dışında
VC03_composite_kid	IZIN-AX	tedavi-composite	ikincil	K6(ikincil)	accept-hybrid	ÖK §4.13 L1 (ON-KAYIT v0.8 (capa 7); 00-on-kayit/ON-KAYIT-TASLAK.md:841): "Doğrulayıcı genelinde izin listesi; izinsiz algoritma reddediliyor" | [T327] JWTBCP §3.1 (draft-ietf-oauth-rfc8725bis-10; metin/JWTBCP.txt:464): "MUST NOT employ any algorithms outside this configured set"	insa: ML-DSA-65-ES256=geçerli || imza(lar) geçerli; alg ∈ W
VC03_composite_kid	L4	tedavi-composite	ikincil	K6(ikincil)	accept-hybrid	ÖK §6.5 (ON-KAYIT v0.8 (capa 7); 00-on-kayit/ON-KAYIT-TASLAK.md:1054): "İhraççı başına gerekli küme R = {X}, izinli küme {A, X}." | [T328] JWTBCP §3.1 (draft-ietf-oauth-rfc8725bis-10; metin/JWTBCP.txt:482): "it MUST determine which algorithms are permitted for itself and that issuer and ensure that the received JWT complies with those requirements" | ÖK §4.7 G5 (ON-KAYIT v0.8 (capa 7); 00-on-kayit/ON-KAYIT-TASLAK.md:767): "Göç etmiş bir varlık, ilan ettiği eski-sürüm penceresi dışında yalnız klasik kanıtla kabul edilemez." | ÖK §6.5 K6 (ON-KAYIT v0.8 (capa 7); 00-on-kayit/ON-KAYIT-TASLAK.md:1063): "Composite tek imza, geçerli (desteklenen hedeflerde) | KABUL" | ÖK §4.13 L4 (ON-KAYIT v0.8 (capa 7); 00-on-kayit/ON-KAYIT-TASLAK.md:844): "Yapılandırılmış hâlde K1 KABUL, K2 RED, K3 RED (§6.5)"	insa: ML-DSA-65-ES256=geçerli || R={ML-DSA-65-ES256} geçerli imzayla karşılandı; W içindeki imzalar geçerli
VC03_composite_kid	L4-S	tedavi-composite	ikincil	K6(ikincil)	accept-hybrid	ÖK §6.5 (ON-KAYIT v0.8 (capa 7); 00-on-kayit/ON-KAYIT-TASLAK.md:1054): "İhraççı başına gerekli küme R = {X}, izinli küme {A, X}." | [T328] JWTBCP §3.1 (draft-ietf-oauth-rfc8725bis-10; metin/JWTBCP.txt:482): "it MUST determine which algorithms are permitted for itself and that issuer and ensure that the received JWT complies with those requirements" | ÖK §4.7 G5 (ON-KAYIT v0.8 (capa 7); 00-on-kayit/ON-KAYIT-TASLAK.md:767): "Göç etmiş bir varlık, ilan ettiği eski-sürüm penceresi dışında yalnız klasik kanıtla kabul edilemez." | ÖK §6.5 K6 (ON-KAYIT v0.8 (capa 7); 00-on-kayit/ON-KAYIT-TASLAK.md:1063): "Composite tek imza, geçerli (desteklenen hedeflerde) | KABUL" | ÖK §4.8 P3 (ON-KAYIT v0.8 (capa 7); 00-on-kayit/ON-KAYIT-TASLAK.md:778): "P2 + ihraççı başına gerekli küme R_I"	insa: ML-DSA-65-ES256=geçerli || R={ML-DSA-65-ES256} geçerli imzayla karşılandı; W içindeki imzalar geçerli
VC03_composite_kid	L4-Y	tedavi-composite	ikincil	K6(ikincil)	accept-hybrid	ÖK §6.5 (ON-KAYIT v0.8 (capa 7); 00-on-kayit/ON-KAYIT-TASLAK.md:1054): "İhraççı başına gerekli küme R = {X}, izinli küme {A, X}." | [T328] JWTBCP §3.1 (draft-ietf-oauth-rfc8725bis-10; metin/JWTBCP.txt:482): "it MUST determine which algorithms are permitted for itself and that issuer and ensure that the received JWT complies with those requirements" | ÖK §4.7 G5 (ON-KAYIT v0.8 (capa 7); 00-on-kayit/ON-KAYIT-TASLAK.md:767): "Göç etmiş bir varlık, ilan ettiği eski-sürüm penceresi dışında yalnız klasik kanıtla kabul edilemez." | ÖK §6.5 K6 (ON-KAYIT v0.8 (capa 7); 00-on-kayit/ON-KAYIT-TASLAK.md:1063): "Composite tek imza, geçerli (desteklenen hedeflerde) | KABUL" | [T314] RFC7515 §5.2 (RFC 7515; metin/RFC7515.txt:810): "When there are multiple JWS Signature values, it is an application decision which of the JWS Signature values must successfully validate for the JWS to be accepted."	insa: ML-DSA-65-ES256=geçerli || R={ML-DSA-65-ES256} geçerli imzayla karşılandı; W içindeki imzalar geçerli
VC04_MLDSA44_kid	GEC	kapsam-pq	ikincil	eşleme-dışı	accept-hybrid	ÖK §4.15 (ON-KAYIT v0.8 (capa 7); 00-on-kayit/ON-KAYIT-TASLAK.md:881): "V+: tek geçerli klasik imza → KABUL; V−: bozuk imza → RED" | [T315] RFC7515 §5.2 (RFC 7515; metin/RFC7515.txt:815): "at least one JWS Signature value MUST successfully validate, or the JWS MUST be considered invalid"	insa: ML-DSA-44=geçerli || imza(lar) geçerli; alg ∈ W
VC05_MLDSA87_kid	GEC	kapsam-pq	ikincil	eşleme-dışı	accept-hybrid	ÖK §4.15 (ON-KAYIT v0.8 (capa 7); 00-on-kayit/ON-KAYIT-TASLAK.md:881): "V+: tek geçerli klasik imza → KABUL; V−: bozuk imza → RED" | [T315] RFC7515 §5.2 (RFC 7515; metin/RFC7515.txt:815): "at least one JWS Signature value MUST successfully validate, or the JWS MUST be considered invalid"	insa: ML-DSA-87=geçerli || imza(lar) geçerli; alg ∈ W
VC06_composite_Ed25519_kid	GEC	kapsam-hibrit	ikincil	eşleme-dışı	accept-hybrid	ÖK §4.15 (ON-KAYIT v0.8 (capa 7); 00-on-kayit/ON-KAYIT-TASLAK.md:881): "V+: tek geçerli klasik imza → KABUL; V−: bozuk imza → RED" | [T315] RFC7515 §5.2 (RFC 7515; metin/RFC7515.txt:815): "at least one JWS Signature value MUST successfully validate, or the JWS MUST be considered invalid"	insa: ML-DSA-65-Ed25519=geçerli || imza(lar) geçerli; alg ∈ W
VC07_GJ_ES256_MLDSA65	L4	tedavi-ML-DSA-65	ikincil	K1(ikincil);MR3	accept-hybrid	ÖK §6.5 (ON-KAYIT v0.8 (capa 7); 00-on-kayit/ON-KAYIT-TASLAK.md:1054): "İhraççı başına gerekli küme R = {X}, izinli küme {A, X}." | [T328] JWTBCP §3.1 (draft-ietf-oauth-rfc8725bis-10; metin/JWTBCP.txt:482): "it MUST determine which algorithms are permitted for itself and that issuer and ensure that the received JWT complies with those requirements" | ÖK §4.7 G5 (ON-KAYIT v0.8 (capa 7); 00-on-kayit/ON-KAYIT-TASLAK.md:767): "Göç etmiş bir varlık, ilan ettiği eski-sürüm penceresi dışında yalnız klasik kanıtla kabul edilemez." | ÖK §6.5 K1 (ON-KAYIT v0.8 (capa 7); 00-on-kayit/ON-KAYIT-TASLAK.md:1058): "Çift imza (A + X), ikisi geçerli | KABUL" | ÖK §4.13 L4 (ON-KAYIT v0.8 (capa 7); 00-on-kayit/ON-KAYIT-TASLAK.md:844): "Yapılandırılmış hâlde K1 KABUL, K2 RED, K3 RED (§6.5)"	insa: ES256=geçerli, ML-DSA-65=geçerli || R={ML-DSA-65} geçerli imzayla karşılandı; W içindeki imzalar geçerli || JSON serileştirme isteğe bağlı: destekleyen hedef için karar; desteklemeyen hedefte B6 (uygulanamaz) [RFC9901 §8; T114 SDJWTVC13 §3.2; T115 HAIP §6.1; ÖK §4.13 B6]
VC07_GJ_ES256_MLDSA65	L4-S	tedavi-ML-DSA-65	ikincil	K1(ikincil);MR3	accept-hybrid	ÖK §6.5 (ON-KAYIT v0.8 (capa 7); 00-on-kayit/ON-KAYIT-TASLAK.md:1054): "İhraççı başına gerekli küme R = {X}, izinli küme {A, X}." | [T328] JWTBCP §3.1 (draft-ietf-oauth-rfc8725bis-10; metin/JWTBCP.txt:482): "it MUST determine which algorithms are permitted for itself and that issuer and ensure that the received JWT complies with those requirements" | ÖK §4.7 G5 (ON-KAYIT v0.8 (capa 7); 00-on-kayit/ON-KAYIT-TASLAK.md:767): "Göç etmiş bir varlık, ilan ettiği eski-sürüm penceresi dışında yalnız klasik kanıtla kabul edilemez." | ÖK §6.5 K1 (ON-KAYIT v0.8 (capa 7); 00-on-kayit/ON-KAYIT-TASLAK.md:1058): "Çift imza (A + X), ikisi geçerli | KABUL" | ÖK §4.8 P3 (ON-KAYIT v0.8 (capa 7); 00-on-kayit/ON-KAYIT-TASLAK.md:778): "P2 + ihraççı başına gerekli küme R_I"	insa: ES256=geçerli, ML-DSA-65=geçerli || R={ML-DSA-65} geçerli imzayla karşılandı; W içindeki imzalar geçerli || JSON serileştirme isteğe bağlı: destekleyen hedef için karar; desteklemeyen hedefte B6 (uygulanamaz) [RFC9901 §8; T114 SDJWTVC13 §3.2; T115 HAIP §6.1; ÖK §4.13 B6]
VC07_GJ_ES256_MLDSA65	L4-Y	tedavi-ML-DSA-65	ikincil	K1(ikincil);MR3	accept-hybrid	ÖK §6.5 (ON-KAYIT v0.8 (capa 7); 00-on-kayit/ON-KAYIT-TASLAK.md:1054): "İhraççı başına gerekli küme R = {X}, izinli küme {A, X}." | [T328] JWTBCP §3.1 (draft-ietf-oauth-rfc8725bis-10; metin/JWTBCP.txt:482): "it MUST determine which algorithms are permitted for itself and that issuer and ensure that the received JWT complies with those requirements" | ÖK §4.7 G5 (ON-KAYIT v0.8 (capa 7); 00-on-kayit/ON-KAYIT-TASLAK.md:767): "Göç etmiş bir varlık, ilan ettiği eski-sürüm penceresi dışında yalnız klasik kanıtla kabul edilemez." | ÖK §6.5 K1 (ON-KAYIT v0.8 (capa 7); 00-on-kayit/ON-KAYIT-TASLAK.md:1058): "Çift imza (A + X), ikisi geçerli | KABUL" | [T314] RFC7515 §5.2 (RFC 7515; metin/RFC7515.txt:810): "When there are multiple JWS Signature values, it is an application decision which of the JWS Signature values must successfully validate for the JWS to be accepted."	insa: ES256=geçerli, ML-DSA-65=geçerli || R={ML-DSA-65} geçerli imzayla karşılandı; W içindeki imzalar geçerli || JSON serileştirme isteğe bağlı: destekleyen hedef için karar; desteklemeyen hedefte B6 (uygulanamaz) [RFC9901 §8; T114 SDJWTVC13 §3.2; T115 HAIP §6.1; ÖK §4.13 B6]
VC07_GJ_ES256_MLDSA65	P0	tedavi-ML-DSA-65	ikincil	K1(ikincil);MR3	accept-classical	ÖK §4.8 P0 (ON-KAYIT v0.8 (capa 7); 00-on-kayit/ON-KAYIT-TASLAK.md:775): "En az bir imza geçerliyse kabul" | [T314] RFC7515 §5.2 (RFC 7515; metin/RFC7515.txt:810): "When there are multiple JWS Signature values, it is an application decision which of the JWS Signature values must successfully validate for the JWS to be accepted."	insa: ES256=geçerli, ML-DSA-65=geçerli || en az bir geçerli imza var; kabul için klasik ES256 yeterli || JSON serileştirme isteğe bağlı: destekleyen hedef için karar; desteklemeyen hedefte B6 (uygulanamaz) [RFC9901 §8; T114 SDJWTVC13 §3.2; T115 HAIP §6.1; ÖK §4.13 B6]
VC07_GJ_ES256_MLDSA65	P1	tedavi-ML-DSA-65	ikincil	K1(ikincil);MR3	accept-hybrid	ÖK §4.8 P1 (ON-KAYIT v0.8 (capa 7); 00-on-kayit/ON-KAYIT-TASLAK.md:776): "Mevcut imzaların tümü geçerliyse kabul. İmza silinmesi (soyma) fark edilmez" | [T135] ACM2 Note 51 (ECCG ACM v2.0; metin/ACM2.txt:946): "the veriﬁcation function accepting if and only if all signatures are correct"	insa: ES256=geçerli, ML-DSA-65=geçerli || mevcut imzaların tümü geçerli; aralarında PQ imza var, kabul PQ doğrulamasını içerir || JSON serileştirme isteğe bağlı: destekleyen hedef için karar; desteklemeyen hedefte B6 (uygulanamaz) [RFC9901 §8; T114 SDJWTVC13 §3.2; T115 HAIP §6.1; ÖK §4.13 B6]
VC07_GJ_ES256_MLDSA65	L4@-19	tedavi-ML-DSA-65	ikincil	K1(ikincil);MR3	accept-hybrid	ÖK §6.5 (ON-KAYIT v0.8 (capa 7); 00-on-kayit/ON-KAYIT-TASLAK.md:1054): "İhraççı başına gerekli küme R = {X}, izinli küme {A, X}." | [T328] JWTBCP §3.1 (draft-ietf-oauth-rfc8725bis-10; metin/JWTBCP.txt:482): "it MUST determine which algorithms are permitted for itself and that issuer and ensure that the received JWT complies with those requirements" | ÖK §4.7 G5 (ON-KAYIT v0.8 (capa 7); 00-on-kayit/ON-KAYIT-TASLAK.md:767): "Göç etmiş bir varlık, ilan ettiği eski-sürüm penceresi dışında yalnız klasik kanıtla kabul edilemez." | ÖK §6.5 K1 (ON-KAYIT v0.8 (capa 7); 00-on-kayit/ON-KAYIT-TASLAK.md:1058): "Çift imza (A + X), ikisi geçerli | KABUL" | ÖK §4.13 L4 (ON-KAYIT v0.8 (capa 7); 00-on-kayit/ON-KAYIT-TASLAK.md:844): "Yapılandırılmış hâlde K1 KABUL, K2 RED, K3 RED (§6.5)" | ÖK §2C.2.3 (ON-KAYIT v0.8 (capa 7); 00-on-kayit/ON-KAYIT-TASLAK.md:325): "| `sdjwtvc_surum` | -13 | -19 |"	insa: ES256=geçerli, ML-DSA-65=geçerli || R={ML-DSA-65} geçerli imzayla karşılandı; W içindeki imzalar geçerli || JSON serileştirme isteğe bağlı: destekleyen hedef için karar; desteklemeyen hedefte B6 (uygulanamaz) [RFC9901 §8; T113 SDJWTVC §2.2; T115 HAIP §6.1; ÖK §4.13 B6]
VC08_GJ_ES256_composite	L4	tedavi-composite	ikincil	K1(ikincil);MR3	accept-hybrid	ÖK §6.5 (ON-KAYIT v0.8 (capa 7); 00-on-kayit/ON-KAYIT-TASLAK.md:1054): "İhraççı başına gerekli küme R = {X}, izinli küme {A, X}." | [T328] JWTBCP §3.1 (draft-ietf-oauth-rfc8725bis-10; metin/JWTBCP.txt:482): "it MUST determine which algorithms are permitted for itself and that issuer and ensure that the received JWT complies with those requirements" | ÖK §4.7 G5 (ON-KAYIT v0.8 (capa 7); 00-on-kayit/ON-KAYIT-TASLAK.md:767): "Göç etmiş bir varlık, ilan ettiği eski-sürüm penceresi dışında yalnız klasik kanıtla kabul edilemez." | ÖK §6.5 K1 (ON-KAYIT v0.8 (capa 7); 00-on-kayit/ON-KAYIT-TASLAK.md:1058): "Çift imza (A + X), ikisi geçerli | KABUL" | ÖK §4.13 L4 (ON-KAYIT v0.8 (capa 7); 00-on-kayit/ON-KAYIT-TASLAK.md:844): "Yapılandırılmış hâlde K1 KABUL, K2 RED, K3 RED (§6.5)"	insa: ES256=geçerli, ML-DSA-65-ES256=geçerli || R={ML-DSA-65-ES256} geçerli imzayla karşılandı; W içindeki imzalar geçerli || JSON serileştirme isteğe bağlı: destekleyen hedef için karar; desteklemeyen hedefte B6 (uygulanamaz) [RFC9901 §8; T114 SDJWTVC13 §3.2; T115 HAIP §6.1; ÖK §4.13 B6]
VC08_GJ_ES256_composite	L4-S	tedavi-composite	ikincil	K1(ikincil);MR3	accept-hybrid	ÖK §6.5 (ON-KAYIT v0.8 (capa 7); 00-on-kayit/ON-KAYIT-TASLAK.md:1054): "İhraççı başına gerekli küme R = {X}, izinli küme {A, X}." | [T328] JWTBCP §3.1 (draft-ietf-oauth-rfc8725bis-10; metin/JWTBCP.txt:482): "it MUST determine which algorithms are permitted for itself and that issuer and ensure that the received JWT complies with those requirements" | ÖK §4.7 G5 (ON-KAYIT v0.8 (capa 7); 00-on-kayit/ON-KAYIT-TASLAK.md:767): "Göç etmiş bir varlık, ilan ettiği eski-sürüm penceresi dışında yalnız klasik kanıtla kabul edilemez." | ÖK §6.5 K1 (ON-KAYIT v0.8 (capa 7); 00-on-kayit/ON-KAYIT-TASLAK.md:1058): "Çift imza (A + X), ikisi geçerli | KABUL" | ÖK §4.8 P3 (ON-KAYIT v0.8 (capa 7); 00-on-kayit/ON-KAYIT-TASLAK.md:778): "P2 + ihraççı başına gerekli küme R_I"	insa: ES256=geçerli, ML-DSA-65-ES256=geçerli || R={ML-DSA-65-ES256} geçerli imzayla karşılandı; W içindeki imzalar geçerli || JSON serileştirme isteğe bağlı: destekleyen hedef için karar; desteklemeyen hedefte B6 (uygulanamaz) [RFC9901 §8; T114 SDJWTVC13 §3.2; T115 HAIP §6.1; ÖK §4.13 B6]
VC08_GJ_ES256_composite	L4-Y	tedavi-composite	ikincil	K1(ikincil);MR3	accept-hybrid	ÖK §6.5 (ON-KAYIT v0.8 (capa 7); 00-on-kayit/ON-KAYIT-TASLAK.md:1054): "İhraççı başına gerekli küme R = {X}, izinli küme {A, X}." | [T328] JWTBCP §3.1 (draft-ietf-oauth-rfc8725bis-10; metin/JWTBCP.txt:482): "it MUST determine which algorithms are permitted for itself and that issuer and ensure that the received JWT complies with those requirements" | ÖK §4.7 G5 (ON-KAYIT v0.8 (capa 7); 00-on-kayit/ON-KAYIT-TASLAK.md:767): "Göç etmiş bir varlık, ilan ettiği eski-sürüm penceresi dışında yalnız klasik kanıtla kabul edilemez." | ÖK §6.5 K1 (ON-KAYIT v0.8 (capa 7); 00-on-kayit/ON-KAYIT-TASLAK.md:1058): "Çift imza (A + X), ikisi geçerli | KABUL" | [T314] RFC7515 §5.2 (RFC 7515; metin/RFC7515.txt:810): "When there are multiple JWS Signature values, it is an application decision which of the JWS Signature values must successfully validate for the JWS to be accepted."	insa: ES256=geçerli, ML-DSA-65-ES256=geçerli || R={ML-DSA-65-ES256} geçerli imzayla karşılandı; W içindeki imzalar geçerli || JSON serileştirme isteğe bağlı: destekleyen hedef için karar; desteklemeyen hedefte B6 (uygulanamaz) [RFC9901 §8; T114 SDJWTVC13 §3.2; T115 HAIP §6.1; ÖK §4.13 B6]
VC08_GJ_ES256_composite	P0	tedavi-composite	ikincil	K1(ikincil);MR3	accept-classical	ÖK §4.8 P0 (ON-KAYIT v0.8 (capa 7); 00-on-kayit/ON-KAYIT-TASLAK.md:775): "En az bir imza geçerliyse kabul" | [T314] RFC7515 §5.2 (RFC 7515; metin/RFC7515.txt:810): "When there are multiple JWS Signature values, it is an application decision which of the JWS Signature values must successfully validate for the JWS to be accepted."	insa: ES256=geçerli, ML-DSA-65-ES256=geçerli || en az bir geçerli imza var; kabul için klasik ES256 yeterli || JSON serileştirme isteğe bağlı: destekleyen hedef için karar; desteklemeyen hedefte B6 (uygulanamaz) [RFC9901 §8; T114 SDJWTVC13 §3.2; T115 HAIP §6.1; ÖK §4.13 B6]
VC08_GJ_ES256_composite	P1	tedavi-composite	ikincil	K1(ikincil);MR3	accept-hybrid	ÖK §4.8 P1 (ON-KAYIT v0.8 (capa 7); 00-on-kayit/ON-KAYIT-TASLAK.md:776): "Mevcut imzaların tümü geçerliyse kabul. İmza silinmesi (soyma) fark edilmez" | [T135] ACM2 Note 51 (ECCG ACM v2.0; metin/ACM2.txt:946): "the veriﬁcation function accepting if and only if all signatures are correct"	insa: ES256=geçerli, ML-DSA-65-ES256=geçerli || mevcut imzaların tümü geçerli; aralarında PQ imza var, kabul PQ doğrulamasını içerir || JSON serileştirme isteğe bağlı: destekleyen hedef için karar; desteklemeyen hedefte B6 (uygulanamaz) [RFC9901 §8; T114 SDJWTVC13 §3.2; T115 HAIP §6.1; ÖK §4.13 B6]
VC08_GJ_ES256_composite	L4@-19	tedavi-composite	ikincil	K1(ikincil);MR3	accept-hybrid	ÖK §6.5 (ON-KAYIT v0.8 (capa 7); 00-on-kayit/ON-KAYIT-TASLAK.md:1054): "İhraççı başına gerekli küme R = {X}, izinli küme {A, X}." | [T328] JWTBCP §3.1 (draft-ietf-oauth-rfc8725bis-10; metin/JWTBCP.txt:482): "it MUST determine which algorithms are permitted for itself and that issuer and ensure that the received JWT complies with those requirements" | ÖK §4.7 G5 (ON-KAYIT v0.8 (capa 7); 00-on-kayit/ON-KAYIT-TASLAK.md:767): "Göç etmiş bir varlık, ilan ettiği eski-sürüm penceresi dışında yalnız klasik kanıtla kabul edilemez." | ÖK §6.5 K1 (ON-KAYIT v0.8 (capa 7); 00-on-kayit/ON-KAYIT-TASLAK.md:1058): "Çift imza (A + X), ikisi geçerli | KABUL" | ÖK §4.13 L4 (ON-KAYIT v0.8 (capa 7); 00-on-kayit/ON-KAYIT-TASLAK.md:844): "Yapılandırılmış hâlde K1 KABUL, K2 RED, K3 RED (§6.5)" | ÖK §2C.2.3 (ON-KAYIT v0.8 (capa 7); 00-on-kayit/ON-KAYIT-TASLAK.md:325): "| `sdjwtvc_surum` | -13 | -19 |"	insa: ES256=geçerli, ML-DSA-65-ES256=geçerli || R={ML-DSA-65-ES256} geçerli imzayla karşılandı; W içindeki imzalar geçerli || JSON serileştirme isteğe bağlı: destekleyen hedef için karar; desteklemeyen hedefte B6 (uygulanamaz) [RFC9901 §8; T113 SDJWTVC §2.2; T115 HAIP §6.1; ÖK §4.13 B6]
VC09_GJ_ES256_EdDSA	L4	kontrol-EdDSA	ikincil	K1(ikincil);MR3	accept-classical	ÖK §6.5 (ON-KAYIT v0.8 (capa 7); 00-on-kayit/ON-KAYIT-TASLAK.md:1054): "İhraççı başına gerekli küme R = {X}, izinli küme {A, X}." | [T328] JWTBCP §3.1 (draft-ietf-oauth-rfc8725bis-10; metin/JWTBCP.txt:482): "it MUST determine which algorithms are permitted for itself and that issuer and ensure that the received JWT complies with those requirements" | ÖK §4.7 G5 (ON-KAYIT v0.8 (capa 7); 00-on-kayit/ON-KAYIT-TASLAK.md:767): "Göç etmiş bir varlık, ilan ettiği eski-sürüm penceresi dışında yalnız klasik kanıtla kabul edilemez." | ÖK §6.5 K1 (ON-KAYIT v0.8 (capa 7); 00-on-kayit/ON-KAYIT-TASLAK.md:1058): "Çift imza (A + X), ikisi geçerli | KABUL" | ÖK §4.13 L4 (ON-KAYIT v0.8 (capa 7); 00-on-kayit/ON-KAYIT-TASLAK.md:844): "Yapılandırılmış hâlde K1 KABUL, K2 RED, K3 RED (§6.5)"	insa: ES256=geçerli, EdDSA=geçerli || R={EdDSA} geçerli imzayla karşılandı; W içindeki imzalar geçerli; kontrol kolu: X klasik || JSON serileştirme isteğe bağlı: destekleyen hedef için karar; desteklemeyen hedefte B6 (uygulanamaz) [RFC9901 §8; T114 SDJWTVC13 §3.2; T115 HAIP §6.1; ÖK §4.13 B6]
VC09_GJ_ES256_EdDSA	L4-S	kontrol-EdDSA	ikincil	K1(ikincil);MR3	accept-classical	ÖK §6.5 (ON-KAYIT v0.8 (capa 7); 00-on-kayit/ON-KAYIT-TASLAK.md:1054): "İhraççı başına gerekli küme R = {X}, izinli küme {A, X}." | [T328] JWTBCP §3.1 (draft-ietf-oauth-rfc8725bis-10; metin/JWTBCP.txt:482): "it MUST determine which algorithms are permitted for itself and that issuer and ensure that the received JWT complies with those requirements" | ÖK §4.7 G5 (ON-KAYIT v0.8 (capa 7); 00-on-kayit/ON-KAYIT-TASLAK.md:767): "Göç etmiş bir varlık, ilan ettiği eski-sürüm penceresi dışında yalnız klasik kanıtla kabul edilemez." | ÖK §6.5 K1 (ON-KAYIT v0.8 (capa 7); 00-on-kayit/ON-KAYIT-TASLAK.md:1058): "Çift imza (A + X), ikisi geçerli | KABUL" | ÖK §4.8 P3 (ON-KAYIT v0.8 (capa 7); 00-on-kayit/ON-KAYIT-TASLAK.md:778): "P2 + ihraççı başına gerekli küme R_I"	insa: ES256=geçerli, EdDSA=geçerli || R={EdDSA} geçerli imzayla karşılandı; W içindeki imzalar geçerli; kontrol kolu: X klasik || JSON serileştirme isteğe bağlı: destekleyen hedef için karar; desteklemeyen hedefte B6 (uygulanamaz) [RFC9901 §8; T114 SDJWTVC13 §3.2; T115 HAIP §6.1; ÖK §4.13 B6]
VC09_GJ_ES256_EdDSA	L4-Y	kontrol-EdDSA	ikincil	K1(ikincil);MR3	accept-classical	ÖK §6.5 (ON-KAYIT v0.8 (capa 7); 00-on-kayit/ON-KAYIT-TASLAK.md:1054): "İhraççı başına gerekli küme R = {X}, izinli küme {A, X}." | [T328] JWTBCP §3.1 (draft-ietf-oauth-rfc8725bis-10; metin/JWTBCP.txt:482): "it MUST determine which algorithms are permitted for itself and that issuer and ensure that the received JWT complies with those requirements" | ÖK §4.7 G5 (ON-KAYIT v0.8 (capa 7); 00-on-kayit/ON-KAYIT-TASLAK.md:767): "Göç etmiş bir varlık, ilan ettiği eski-sürüm penceresi dışında yalnız klasik kanıtla kabul edilemez." | ÖK §6.5 K1 (ON-KAYIT v0.8 (capa 7); 00-on-kayit/ON-KAYIT-TASLAK.md:1058): "Çift imza (A + X), ikisi geçerli | KABUL" | [T314] RFC7515 §5.2 (RFC 7515; metin/RFC7515.txt:810): "When there are multiple JWS Signature values, it is an application decision which of the JWS Signature values must successfully validate for the JWS to be accepted."	insa: ES256=geçerli, EdDSA=geçerli || R={EdDSA} geçerli imzayla karşılandı; W içindeki imzalar geçerli; kontrol kolu: X klasik || JSON serileştirme isteğe bağlı: destekleyen hedef için karar; desteklemeyen hedefte B6 (uygulanamaz) [RFC9901 §8; T114 SDJWTVC13 §3.2; T115 HAIP §6.1; ÖK §4.13 B6]
VC09_GJ_ES256_EdDSA	P0	kontrol-EdDSA	ikincil	K1(ikincil);MR3	accept-classical	ÖK §4.8 P0 (ON-KAYIT v0.8 (capa 7); 00-on-kayit/ON-KAYIT-TASLAK.md:775): "En az bir imza geçerliyse kabul" | [T314] RFC7515 §5.2 (RFC 7515; metin/RFC7515.txt:810): "When there are multiple JWS Signature values, it is an application decision which of the JWS Signature values must successfully validate for the JWS to be accepted."	insa: ES256=geçerli, EdDSA=geçerli || en az bir geçerli imza var; kabul için klasik ES256 yeterli || JSON serileştirme isteğe bağlı: destekleyen hedef için karar; desteklemeyen hedefte B6 (uygulanamaz) [RFC9901 §8; T114 SDJWTVC13 §3.2; T115 HAIP §6.1; ÖK §4.13 B6]
VC09_GJ_ES256_EdDSA	P1	kontrol-EdDSA	ikincil	K1(ikincil);MR3	accept-classical	ÖK §4.8 P1 (ON-KAYIT v0.8 (capa 7); 00-on-kayit/ON-KAYIT-TASLAK.md:776): "Mevcut imzaların tümü geçerliyse kabul. İmza silinmesi (soyma) fark edilmez" | [T135] ACM2 Note 51 (ECCG ACM v2.0; metin/ACM2.txt:946): "the veriﬁcation function accepting if and only if all signatures are correct"	insa: ES256=geçerli, EdDSA=geçerli || mevcut imzaların tümü geçerli || JSON serileştirme isteğe bağlı: destekleyen hedef için karar; desteklemeyen hedefte B6 (uygulanamaz) [RFC9901 §8; T114 SDJWTVC13 §3.2; T115 HAIP §6.1; ÖK §4.13 B6]
VC09_GJ_ES256_EdDSA	L4@-19	kontrol-EdDSA	ikincil	K1(ikincil);MR3	accept-classical	ÖK §6.5 (ON-KAYIT v0.8 (capa 7); 00-on-kayit/ON-KAYIT-TASLAK.md:1054): "İhraççı başına gerekli küme R = {X}, izinli küme {A, X}." | [T328] JWTBCP §3.1 (draft-ietf-oauth-rfc8725bis-10; metin/JWTBCP.txt:482): "it MUST determine which algorithms are permitted for itself and that issuer and ensure that the received JWT complies with those requirements" | ÖK §4.7 G5 (ON-KAYIT v0.8 (capa 7); 00-on-kayit/ON-KAYIT-TASLAK.md:767): "Göç etmiş bir varlık, ilan ettiği eski-sürüm penceresi dışında yalnız klasik kanıtla kabul edilemez." | ÖK §6.5 K1 (ON-KAYIT v0.8 (capa 7); 00-on-kayit/ON-KAYIT-TASLAK.md:1058): "Çift imza (A + X), ikisi geçerli | KABUL" | ÖK §4.13 L4 (ON-KAYIT v0.8 (capa 7); 00-on-kayit/ON-KAYIT-TASLAK.md:844): "Yapılandırılmış hâlde K1 KABUL, K2 RED, K3 RED (§6.5)" | ÖK §2C.2.3 (ON-KAYIT v0.8 (capa 7); 00-on-kayit/ON-KAYIT-TASLAK.md:325): "| `sdjwtvc_surum` | -13 | -19 |"	insa: ES256=geçerli, EdDSA=geçerli || R={EdDSA} geçerli imzayla karşılandı; W içindeki imzalar geçerli; kontrol kolu: X klasik || JSON serileştirme isteğe bağlı: destekleyen hedef için karar; desteklemeyen hedefte B6 (uygulanamaz) [RFC9901 §8; T113 SDJWTVC §2.2; T115 HAIP §6.1; ÖK §4.13 B6]
VC10_ikili_ihrac	GEC	kontrol-EdDSA	birincil	K11	accept-classical	ÖK §4.15 (ON-KAYIT v0.8 (capa 7); 00-on-kayit/ON-KAYIT-TASLAK.md:881): "V+: tek geçerli klasik imza → KABUL; V−: bozuk imza → RED" | [T315] RFC7515 §5.2 (RFC 7515; metin/RFC7515.txt:815): "at least one JWS Signature value MUST successfully validate, or the JWS MUST be considered invalid"	insa: ES256=geçerli || imza(lar) geçerli; alg ∈ W || değerlendirilen: credentials[0] (ES256, x5c issuer-ec); PQ kopya (ML-DSA-65) K11 kararına girmez [ÖK §6.5 K11]
VC10_ikili_ihrac	IZIN-A	kontrol-EdDSA	birincil	K11	accept-classical	ÖK §4.13 L1 (ON-KAYIT v0.8 (capa 7); 00-on-kayit/ON-KAYIT-TASLAK.md:841): "Doğrulayıcı genelinde izin listesi; izinsiz algoritma reddediliyor" | [T327] JWTBCP §3.1 (draft-ietf-oauth-rfc8725bis-10; metin/JWTBCP.txt:464): "MUST NOT employ any algorithms outside this configured set"	insa: ES256=geçerli || imza(lar) geçerli; alg ∈ W || değerlendirilen: credentials[0] (ES256, x5c issuer-ec); PQ kopya (ML-DSA-65) K11 kararına girmez [ÖK §6.5 K11]
VC10_ikili_ihrac	IZIN-AX	kontrol-EdDSA	birincil	K11	accept-classical	ÖK §4.13 L1 (ON-KAYIT v0.8 (capa 7); 00-on-kayit/ON-KAYIT-TASLAK.md:841): "Doğrulayıcı genelinde izin listesi; izinsiz algoritma reddediliyor" | [T327] JWTBCP §3.1 (draft-ietf-oauth-rfc8725bis-10; metin/JWTBCP.txt:464): "MUST NOT employ any algorithms outside this configured set" | ÖK §2B m.6 (ON-KAYIT v0.8 (capa 7); 00-on-kayit/ON-KAYIT-TASLAK.md:256): "Göç etmiş ihraççının yalnız klasik imzalı belgesi reddedilir, eski ihraççının klasik imzalı belgesi kabul edilir."	insa: ES256=geçerli || imza(lar) geçerli; alg ∈ W || değerlendirilen: credentials[0] (ES256, x5c issuer-ec); PQ kopya (ML-DSA-65) K11 kararına girmez [ÖK §6.5 K11]
VC10_ikili_ihrac	L4	kontrol-EdDSA	birincil	K11	reject	ÖK §6.5 (ON-KAYIT v0.8 (capa 7); 00-on-kayit/ON-KAYIT-TASLAK.md:1054): "İhraççı başına gerekli küme R = {X}, izinli küme {A, X}." | [T328] JWTBCP §3.1 (draft-ietf-oauth-rfc8725bis-10; metin/JWTBCP.txt:482): "it MUST determine which algorithms are permitted for itself and that issuer and ensure that the received JWT complies with those requirements" | ÖK §4.7 G5 (ON-KAYIT v0.8 (capa 7); 00-on-kayit/ON-KAYIT-TASLAK.md:767): "Göç etmiş bir varlık, ilan ettiği eski-sürüm penceresi dışında yalnız klasik kanıtla kabul edilemez." | ÖK §4.13 L4 (ON-KAYIT v0.8 (capa 7); 00-on-kayit/ON-KAYIT-TASLAK.md:844): "Yapılandırılmış hâlde K1 KABUL, K2 RED, K3 RED (§6.5)" | ÖK §6.5 K11 (ON-KAYIT v0.8 (capa 7); 00-on-kayit/ON-KAYIT-TASLAK.md:1068): "İkili ihraç: göç etmiş ihraççıdan yalnız klasik kimlik bilgisi | RED (G5)" | ÖK §2B m.6 (ON-KAYIT v0.8 (capa 7); 00-on-kayit/ON-KAYIT-TASLAK.md:256): "Göç etmiş ihraççının yalnız klasik imzalı belgesi reddedilir, eski ihraççının klasik imzalı belgesi kabul edilir."	insa: ES256=geçerli || gerekli küme R=['EdDSA'] karşılanmıyor (yalnız ES256) || değerlendirilen: credentials[0] (ES256, x5c issuer-ec); PQ kopya (ML-DSA-65) K11 kararına girmez [ÖK §6.5 K11]
VC10_ikili_ihrac	L4-S	kontrol-EdDSA	birincil	K11	reject	ÖK §6.5 (ON-KAYIT v0.8 (capa 7); 00-on-kayit/ON-KAYIT-TASLAK.md:1054): "İhraççı başına gerekli küme R = {X}, izinli küme {A, X}." | [T328] JWTBCP §3.1 (draft-ietf-oauth-rfc8725bis-10; metin/JWTBCP.txt:482): "it MUST determine which algorithms are permitted for itself and that issuer and ensure that the received JWT complies with those requirements" | ÖK §4.7 G5 (ON-KAYIT v0.8 (capa 7); 00-on-kayit/ON-KAYIT-TASLAK.md:767): "Göç etmiş bir varlık, ilan ettiği eski-sürüm penceresi dışında yalnız klasik kanıtla kabul edilemez." | ÖK §4.13 L4 (ON-KAYIT v0.8 (capa 7); 00-on-kayit/ON-KAYIT-TASLAK.md:844): "Yapılandırılmış hâlde K1 KABUL, K2 RED, K3 RED (§6.5)" | ÖK §6.5 K11 (ON-KAYIT v0.8 (capa 7); 00-on-kayit/ON-KAYIT-TASLAK.md:1068): "İkili ihraç: göç etmiş ihraççıdan yalnız klasik kimlik bilgisi | RED (G5)" | ÖK §4.8 P3 (ON-KAYIT v0.8 (capa 7); 00-on-kayit/ON-KAYIT-TASLAK.md:778): "P2 + ihraççı başına gerekli küme R_I" | ÖK §2B m.6 (ON-KAYIT v0.8 (capa 7); 00-on-kayit/ON-KAYIT-TASLAK.md:256): "Göç etmiş ihraççının yalnız klasik imzalı belgesi reddedilir, eski ihraççının klasik imzalı belgesi kabul edilir."	insa: ES256=geçerli || gerekli küme R=['EdDSA'] karşılanmıyor (yalnız ES256) || değerlendirilen: credentials[0] (ES256, x5c issuer-ec); PQ kopya (ML-DSA-65) K11 kararına girmez [ÖK §6.5 K11]
VC10_ikili_ihrac	L4-Y	kontrol-EdDSA	birincil	K11	reject	ÖK §6.5 (ON-KAYIT v0.8 (capa 7); 00-on-kayit/ON-KAYIT-TASLAK.md:1054): "İhraççı başına gerekli küme R = {X}, izinli küme {A, X}." | [T328] JWTBCP §3.1 (draft-ietf-oauth-rfc8725bis-10; metin/JWTBCP.txt:482): "it MUST determine which algorithms are permitted for itself and that issuer and ensure that the received JWT complies with those requirements" | ÖK §4.7 G5 (ON-KAYIT v0.8 (capa 7); 00-on-kayit/ON-KAYIT-TASLAK.md:767): "Göç etmiş bir varlık, ilan ettiği eski-sürüm penceresi dışında yalnız klasik kanıtla kabul edilemez." | ÖK §4.13 L4 (ON-KAYIT v0.8 (capa 7); 00-on-kayit/ON-KAYIT-TASLAK.md:844): "Yapılandırılmış hâlde K1 KABUL, K2 RED, K3 RED (§6.5)" | ÖK §6.5 K11 (ON-KAYIT v0.8 (capa 7); 00-on-kayit/ON-KAYIT-TASLAK.md:1068): "İkili ihraç: göç etmiş ihraççıdan yalnız klasik kimlik bilgisi | RED (G5)" | [T314] RFC7515 §5.2 (RFC 7515; metin/RFC7515.txt:810): "When there are multiple JWS Signature values, it is an application decision which of the JWS Signature values must successfully validate for the JWS to be accepted." | ÖK §2B m.6 (ON-KAYIT v0.8 (capa 7); 00-on-kayit/ON-KAYIT-TASLAK.md:256): "Göç etmiş ihraççının yalnız klasik imzalı belgesi reddedilir, eski ihraççının klasik imzalı belgesi kabul edilir."	insa: ES256=geçerli || gerekli küme R=['EdDSA'] karşılanmıyor (yalnız ES256) || değerlendirilen: credentials[0] (ES256, x5c issuer-ec); PQ kopya (ML-DSA-65) K11 kararına girmez [ÖK §6.5 K11]
VC10_ikili_ihrac	GEC	kontrol-Ed25519	birincil	K11	accept-classical	ÖK §4.15 (ON-KAYIT v0.8 (capa 7); 00-on-kayit/ON-KAYIT-TASLAK.md:881): "V+: tek geçerli klasik imza → KABUL; V−: bozuk imza → RED" | [T315] RFC7515 §5.2 (RFC 7515; metin/RFC7515.txt:815): "at least one JWS Signature value MUST successfully validate, or the JWS MUST be considered invalid"	insa: ES256=geçerli || imza(lar) geçerli; alg ∈ W || değerlendirilen: credentials[0] (ES256, x5c issuer-ec); PQ kopya (ML-DSA-65) K11 kararına girmez [ÖK §6.5 K11]
VC10_ikili_ihrac	IZIN-A	kontrol-Ed25519	birincil	K11	accept-classical	ÖK §4.13 L1 (ON-KAYIT v0.8 (capa 7); 00-on-kayit/ON-KAYIT-TASLAK.md:841): "Doğrulayıcı genelinde izin listesi; izinsiz algoritma reddediliyor" | [T327] JWTBCP §3.1 (draft-ietf-oauth-rfc8725bis-10; metin/JWTBCP.txt:464): "MUST NOT employ any algorithms outside this configured set"	insa: ES256=geçerli || imza(lar) geçerli; alg ∈ W || değerlendirilen: credentials[0] (ES256, x5c issuer-ec); PQ kopya (ML-DSA-65) K11 kararına girmez [ÖK §6.5 K11]
VC10_ikili_ihrac	IZIN-AX	kontrol-Ed25519	birincil	K11	accept-classical	ÖK §4.13 L1 (ON-KAYIT v0.8 (capa 7); 00-on-kayit/ON-KAYIT-TASLAK.md:841): "Doğrulayıcı genelinde izin listesi; izinsiz algoritma reddediliyor" | [T327] JWTBCP §3.1 (draft-ietf-oauth-rfc8725bis-10; metin/JWTBCP.txt:464): "MUST NOT employ any algorithms outside this configured set" | ÖK §2B m.6 (ON-KAYIT v0.8 (capa 7); 00-on-kayit/ON-KAYIT-TASLAK.md:256): "Göç etmiş ihraççının yalnız klasik imzalı belgesi reddedilir, eski ihraççının klasik imzalı belgesi kabul edilir."	insa: ES256=geçerli || imza(lar) geçerli; alg ∈ W || değerlendirilen: credentials[0] (ES256, x5c issuer-ec); PQ kopya (ML-DSA-65) K11 kararına girmez [ÖK §6.5 K11]
VC10_ikili_ihrac	L4	kontrol-Ed25519	birincil	K11	reject	ÖK §6.5 (ON-KAYIT v0.8 (capa 7); 00-on-kayit/ON-KAYIT-TASLAK.md:1054): "İhraççı başına gerekli küme R = {X}, izinli küme {A, X}." | [T328] JWTBCP §3.1 (draft-ietf-oauth-rfc8725bis-10; metin/JWTBCP.txt:482): "it MUST determine which algorithms are permitted for itself and that issuer and ensure that the received JWT complies with those requirements" | ÖK §4.7 G5 (ON-KAYIT v0.8 (capa 7); 00-on-kayit/ON-KAYIT-TASLAK.md:767): "Göç etmiş bir varlık, ilan ettiği eski-sürüm penceresi dışında yalnız klasik kanıtla kabul edilemez." | ÖK §4.13 L4 (ON-KAYIT v0.8 (capa 7); 00-on-kayit/ON-KAYIT-TASLAK.md:844): "Yapılandırılmış hâlde K1 KABUL, K2 RED, K3 RED (§6.5)" | ÖK §6.5 K11 (ON-KAYIT v0.8 (capa 7); 00-on-kayit/ON-KAYIT-TASLAK.md:1068): "İkili ihraç: göç etmiş ihraççıdan yalnız klasik kimlik bilgisi | RED (G5)" | ÖK §2B m.6 (ON-KAYIT v0.8 (capa 7); 00-on-kayit/ON-KAYIT-TASLAK.md:256): "Göç etmiş ihraççının yalnız klasik imzalı belgesi reddedilir, eski ihraççının klasik imzalı belgesi kabul edilir."	insa: ES256=geçerli || gerekli küme R=['Ed25519'] karşılanmıyor (yalnız ES256) || değerlendirilen: credentials[0] (ES256, x5c issuer-ec); PQ kopya (ML-DSA-65) K11 kararına girmez [ÖK §6.5 K11]
VC10_ikili_ihrac	L4-S	kontrol-Ed25519	birincil	K11	reject	ÖK §6.5 (ON-KAYIT v0.8 (capa 7); 00-on-kayit/ON-KAYIT-TASLAK.md:1054): "İhraççı başına gerekli küme R = {X}, izinli küme {A, X}." | [T328] JWTBCP §3.1 (draft-ietf-oauth-rfc8725bis-10; metin/JWTBCP.txt:482): "it MUST determine which algorithms are permitted for itself and that issuer and ensure that the received JWT complies with those requirements" | ÖK §4.7 G5 (ON-KAYIT v0.8 (capa 7); 00-on-kayit/ON-KAYIT-TASLAK.md:767): "Göç etmiş bir varlık, ilan ettiği eski-sürüm penceresi dışında yalnız klasik kanıtla kabul edilemez." | ÖK §4.13 L4 (ON-KAYIT v0.8 (capa 7); 00-on-kayit/ON-KAYIT-TASLAK.md:844): "Yapılandırılmış hâlde K1 KABUL, K2 RED, K3 RED (§6.5)" | ÖK §6.5 K11 (ON-KAYIT v0.8 (capa 7); 00-on-kayit/ON-KAYIT-TASLAK.md:1068): "İkili ihraç: göç etmiş ihraççıdan yalnız klasik kimlik bilgisi | RED (G5)" | ÖK §4.8 P3 (ON-KAYIT v0.8 (capa 7); 00-on-kayit/ON-KAYIT-TASLAK.md:778): "P2 + ihraççı başına gerekli küme R_I" | ÖK §2B m.6 (ON-KAYIT v0.8 (capa 7); 00-on-kayit/ON-KAYIT-TASLAK.md:256): "Göç etmiş ihraççının yalnız klasik imzalı belgesi reddedilir, eski ihraççının klasik imzalı belgesi kabul edilir."	insa: ES256=geçerli || gerekli küme R=['Ed25519'] karşılanmıyor (yalnız ES256) || değerlendirilen: credentials[0] (ES256, x5c issuer-ec); PQ kopya (ML-DSA-65) K11 kararına girmez [ÖK §6.5 K11]
VC10_ikili_ihrac	L4-Y	kontrol-Ed25519	birincil	K11	reject	ÖK §6.5 (ON-KAYIT v0.8 (capa 7); 00-on-kayit/ON-KAYIT-TASLAK.md:1054): "İhraççı başına gerekli küme R = {X}, izinli küme {A, X}." | [T328] JWTBCP §3.1 (draft-ietf-oauth-rfc8725bis-10; metin/JWTBCP.txt:482): "it MUST determine which algorithms are permitted for itself and that issuer and ensure that the received JWT complies with those requirements" | ÖK §4.7 G5 (ON-KAYIT v0.8 (capa 7); 00-on-kayit/ON-KAYIT-TASLAK.md:767): "Göç etmiş bir varlık, ilan ettiği eski-sürüm penceresi dışında yalnız klasik kanıtla kabul edilemez." | ÖK §4.13 L4 (ON-KAYIT v0.8 (capa 7); 00-on-kayit/ON-KAYIT-TASLAK.md:844): "Yapılandırılmış hâlde K1 KABUL, K2 RED, K3 RED (§6.5)" | ÖK §6.5 K11 (ON-KAYIT v0.8 (capa 7); 00-on-kayit/ON-KAYIT-TASLAK.md:1068): "İkili ihraç: göç etmiş ihraççıdan yalnız klasik kimlik bilgisi | RED (G5)" | [T314] RFC7515 §5.2 (RFC 7515; metin/RFC7515.txt:810): "When there are multiple JWS Signature values, it is an application decision which of the JWS Signature values must successfully validate for the JWS to be accepted." | ÖK §2B m.6 (ON-KAYIT v0.8 (capa 7); 00-on-kayit/ON-KAYIT-TASLAK.md:256): "Göç etmiş ihraççının yalnız klasik imzalı belgesi reddedilir, eski ihraççının klasik imzalı belgesi kabul edilir."	insa: ES256=geçerli || gerekli küme R=['Ed25519'] karşılanmıyor (yalnız ES256) || değerlendirilen: credentials[0] (ES256, x5c issuer-ec); PQ kopya (ML-DSA-65) K11 kararına girmez [ÖK §6.5 K11]
VC10_ikili_ihrac	GEC	tedavi-ML-DSA-65	birincil	K11	accept-classical	ÖK §4.15 (ON-KAYIT v0.8 (capa 7); 00-on-kayit/ON-KAYIT-TASLAK.md:881): "V+: tek geçerli klasik imza → KABUL; V−: bozuk imza → RED" | [T315] RFC7515 §5.2 (RFC 7515; metin/RFC7515.txt:815): "at least one JWS Signature value MUST successfully validate, or the JWS MUST be considered invalid"	insa: ES256=geçerli || imza(lar) geçerli; alg ∈ W || değerlendirilen: credentials[0] (ES256, x5c issuer-ec); PQ kopya (ML-DSA-65) K11 kararına girmez [ÖK §6.5 K11]
VC10_ikili_ihrac	IZIN-A	tedavi-ML-DSA-65	birincil	K11	accept-classical	ÖK §4.13 L1 (ON-KAYIT v0.8 (capa 7); 00-on-kayit/ON-KAYIT-TASLAK.md:841): "Doğrulayıcı genelinde izin listesi; izinsiz algoritma reddediliyor" | [T327] JWTBCP §3.1 (draft-ietf-oauth-rfc8725bis-10; metin/JWTBCP.txt:464): "MUST NOT employ any algorithms outside this configured set"	insa: ES256=geçerli || imza(lar) geçerli; alg ∈ W || değerlendirilen: credentials[0] (ES256, x5c issuer-ec); PQ kopya (ML-DSA-65) K11 kararına girmez [ÖK §6.5 K11]
VC10_ikili_ihrac	IZIN-AX	tedavi-ML-DSA-65	birincil	K11	accept-classical	ÖK §4.13 L1 (ON-KAYIT v0.8 (capa 7); 00-on-kayit/ON-KAYIT-TASLAK.md:841): "Doğrulayıcı genelinde izin listesi; izinsiz algoritma reddediliyor" | [T327] JWTBCP §3.1 (draft-ietf-oauth-rfc8725bis-10; metin/JWTBCP.txt:464): "MUST NOT employ any algorithms outside this configured set" | ÖK §2B m.6 (ON-KAYIT v0.8 (capa 7); 00-on-kayit/ON-KAYIT-TASLAK.md:256): "Göç etmiş ihraççının yalnız klasik imzalı belgesi reddedilir, eski ihraççının klasik imzalı belgesi kabul edilir."	insa: ES256=geçerli || imza(lar) geçerli; alg ∈ W || değerlendirilen: credentials[0] (ES256, x5c issuer-ec); PQ kopya (ML-DSA-65) K11 kararına girmez [ÖK §6.5 K11]
VC10_ikili_ihrac	L4	tedavi-ML-DSA-65	birincil	K11	reject	ÖK §6.5 (ON-KAYIT v0.8 (capa 7); 00-on-kayit/ON-KAYIT-TASLAK.md:1054): "İhraççı başına gerekli küme R = {X}, izinli küme {A, X}." | [T328] JWTBCP §3.1 (draft-ietf-oauth-rfc8725bis-10; metin/JWTBCP.txt:482): "it MUST determine which algorithms are permitted for itself and that issuer and ensure that the received JWT complies with those requirements" | ÖK §4.7 G5 (ON-KAYIT v0.8 (capa 7); 00-on-kayit/ON-KAYIT-TASLAK.md:767): "Göç etmiş bir varlık, ilan ettiği eski-sürüm penceresi dışında yalnız klasik kanıtla kabul edilemez." | ÖK §4.13 L4 (ON-KAYIT v0.8 (capa 7); 00-on-kayit/ON-KAYIT-TASLAK.md:844): "Yapılandırılmış hâlde K1 KABUL, K2 RED, K3 RED (§6.5)" | ÖK §6.5 K11 (ON-KAYIT v0.8 (capa 7); 00-on-kayit/ON-KAYIT-TASLAK.md:1068): "İkili ihraç: göç etmiş ihraççıdan yalnız klasik kimlik bilgisi | RED (G5)" | ÖK §2B m.6 (ON-KAYIT v0.8 (capa 7); 00-on-kayit/ON-KAYIT-TASLAK.md:256): "Göç etmiş ihraççının yalnız klasik imzalı belgesi reddedilir, eski ihraççının klasik imzalı belgesi kabul edilir."	insa: ES256=geçerli || gerekli küme R=['ML-DSA-65'] karşılanmıyor (yalnız ES256) || değerlendirilen: credentials[0] (ES256, x5c issuer-ec); PQ kopya (ML-DSA-65) K11 kararına girmez [ÖK §6.5 K11]
VC10_ikili_ihrac	L4-S	tedavi-ML-DSA-65	birincil	K11	reject	ÖK §6.5 (ON-KAYIT v0.8 (capa 7); 00-on-kayit/ON-KAYIT-TASLAK.md:1054): "İhraççı başına gerekli küme R = {X}, izinli küme {A, X}." | [T328] JWTBCP §3.1 (draft-ietf-oauth-rfc8725bis-10; metin/JWTBCP.txt:482): "it MUST determine which algorithms are permitted for itself and that issuer and ensure that the received JWT complies with those requirements" | ÖK §4.7 G5 (ON-KAYIT v0.8 (capa 7); 00-on-kayit/ON-KAYIT-TASLAK.md:767): "Göç etmiş bir varlık, ilan ettiği eski-sürüm penceresi dışında yalnız klasik kanıtla kabul edilemez." | ÖK §4.13 L4 (ON-KAYIT v0.8 (capa 7); 00-on-kayit/ON-KAYIT-TASLAK.md:844): "Yapılandırılmış hâlde K1 KABUL, K2 RED, K3 RED (§6.5)" | ÖK §6.5 K11 (ON-KAYIT v0.8 (capa 7); 00-on-kayit/ON-KAYIT-TASLAK.md:1068): "İkili ihraç: göç etmiş ihraççıdan yalnız klasik kimlik bilgisi | RED (G5)" | ÖK §4.8 P3 (ON-KAYIT v0.8 (capa 7); 00-on-kayit/ON-KAYIT-TASLAK.md:778): "P2 + ihraççı başına gerekli küme R_I" | ÖK §2B m.6 (ON-KAYIT v0.8 (capa 7); 00-on-kayit/ON-KAYIT-TASLAK.md:256): "Göç etmiş ihraççının yalnız klasik imzalı belgesi reddedilir, eski ihraççının klasik imzalı belgesi kabul edilir."	insa: ES256=geçerli || gerekli küme R=['ML-DSA-65'] karşılanmıyor (yalnız ES256) || değerlendirilen: credentials[0] (ES256, x5c issuer-ec); PQ kopya (ML-DSA-65) K11 kararına girmez [ÖK §6.5 K11]
VC10_ikili_ihrac	L4-Y	tedavi-ML-DSA-65	birincil	K11	reject	ÖK §6.5 (ON-KAYIT v0.8 (capa 7); 00-on-kayit/ON-KAYIT-TASLAK.md:1054): "İhraççı başına gerekli küme R = {X}, izinli küme {A, X}." | [T328] JWTBCP §3.1 (draft-ietf-oauth-rfc8725bis-10; metin/JWTBCP.txt:482): "it MUST determine which algorithms are permitted for itself and that issuer and ensure that the received JWT complies with those requirements" | ÖK §4.7 G5 (ON-KAYIT v0.8 (capa 7); 00-on-kayit/ON-KAYIT-TASLAK.md:767): "Göç etmiş bir varlık, ilan ettiği eski-sürüm penceresi dışında yalnız klasik kanıtla kabul edilemez." | ÖK §4.13 L4 (ON-KAYIT v0.8 (capa 7); 00-on-kayit/ON-KAYIT-TASLAK.md:844): "Yapılandırılmış hâlde K1 KABUL, K2 RED, K3 RED (§6.5)" | ÖK §6.5 K11 (ON-KAYIT v0.8 (capa 7); 00-on-kayit/ON-KAYIT-TASLAK.md:1068): "İkili ihraç: göç etmiş ihraççıdan yalnız klasik kimlik bilgisi | RED (G5)" | [T314] RFC7515 §5.2 (RFC 7515; metin/RFC7515.txt:810): "When there are multiple JWS Signature values, it is an application decision which of the JWS Signature values must successfully validate for the JWS to be accepted." | ÖK §2B m.6 (ON-KAYIT v0.8 (capa 7); 00-on-kayit/ON-KAYIT-TASLAK.md:256): "Göç etmiş ihraççının yalnız klasik imzalı belgesi reddedilir, eski ihraççının klasik imzalı belgesi kabul edilir."	insa: ES256=geçerli || gerekli küme R=['ML-DSA-65'] karşılanmıyor (yalnız ES256) || değerlendirilen: credentials[0] (ES256, x5c issuer-ec); PQ kopya (ML-DSA-65) K11 kararına girmez [ÖK §6.5 K11]
VC10_ikili_ihrac	GEC	tedavi-composite	birincil	K11	accept-classical	ÖK §4.15 (ON-KAYIT v0.8 (capa 7); 00-on-kayit/ON-KAYIT-TASLAK.md:881): "V+: tek geçerli klasik imza → KABUL; V−: bozuk imza → RED" | [T315] RFC7515 §5.2 (RFC 7515; metin/RFC7515.txt:815): "at least one JWS Signature value MUST successfully validate, or the JWS MUST be considered invalid"	insa: ES256=geçerli || imza(lar) geçerli; alg ∈ W || değerlendirilen: credentials[0] (ES256, x5c issuer-ec); PQ kopya (ML-DSA-65) K11 kararına girmez [ÖK §6.5 K11]
VC10_ikili_ihrac	IZIN-A	tedavi-composite	birincil	K11	accept-classical	ÖK §4.13 L1 (ON-KAYIT v0.8 (capa 7); 00-on-kayit/ON-KAYIT-TASLAK.md:841): "Doğrulayıcı genelinde izin listesi; izinsiz algoritma reddediliyor" | [T327] JWTBCP §3.1 (draft-ietf-oauth-rfc8725bis-10; metin/JWTBCP.txt:464): "MUST NOT employ any algorithms outside this configured set"	insa: ES256=geçerli || imza(lar) geçerli; alg ∈ W || değerlendirilen: credentials[0] (ES256, x5c issuer-ec); PQ kopya (ML-DSA-65) K11 kararına girmez [ÖK §6.5 K11]
VC10_ikili_ihrac	IZIN-AX	tedavi-composite	birincil	K11	accept-classical	ÖK §4.13 L1 (ON-KAYIT v0.8 (capa 7); 00-on-kayit/ON-KAYIT-TASLAK.md:841): "Doğrulayıcı genelinde izin listesi; izinsiz algoritma reddediliyor" | [T327] JWTBCP §3.1 (draft-ietf-oauth-rfc8725bis-10; metin/JWTBCP.txt:464): "MUST NOT employ any algorithms outside this configured set" | ÖK §2B m.6 (ON-KAYIT v0.8 (capa 7); 00-on-kayit/ON-KAYIT-TASLAK.md:256): "Göç etmiş ihraççının yalnız klasik imzalı belgesi reddedilir, eski ihraççının klasik imzalı belgesi kabul edilir."	insa: ES256=geçerli || imza(lar) geçerli; alg ∈ W || değerlendirilen: credentials[0] (ES256, x5c issuer-ec); PQ kopya (ML-DSA-65) K11 kararına girmez [ÖK §6.5 K11]
VC10_ikili_ihrac	L4	tedavi-composite	birincil	K11	reject	ÖK §6.5 (ON-KAYIT v0.8 (capa 7); 00-on-kayit/ON-KAYIT-TASLAK.md:1054): "İhraççı başına gerekli küme R = {X}, izinli küme {A, X}." | [T328] JWTBCP §3.1 (draft-ietf-oauth-rfc8725bis-10; metin/JWTBCP.txt:482): "it MUST determine which algorithms are permitted for itself and that issuer and ensure that the received JWT complies with those requirements" | ÖK §4.7 G5 (ON-KAYIT v0.8 (capa 7); 00-on-kayit/ON-KAYIT-TASLAK.md:767): "Göç etmiş bir varlık, ilan ettiği eski-sürüm penceresi dışında yalnız klasik kanıtla kabul edilemez." | ÖK §4.13 L4 (ON-KAYIT v0.8 (capa 7); 00-on-kayit/ON-KAYIT-TASLAK.md:844): "Yapılandırılmış hâlde K1 KABUL, K2 RED, K3 RED (§6.5)" | ÖK §6.5 K11 (ON-KAYIT v0.8 (capa 7); 00-on-kayit/ON-KAYIT-TASLAK.md:1068): "İkili ihraç: göç etmiş ihraççıdan yalnız klasik kimlik bilgisi | RED (G5)" | ÖK §2B m.6 (ON-KAYIT v0.8 (capa 7); 00-on-kayit/ON-KAYIT-TASLAK.md:256): "Göç etmiş ihraççının yalnız klasik imzalı belgesi reddedilir, eski ihraççının klasik imzalı belgesi kabul edilir."	insa: ES256=geçerli || gerekli küme R=['ML-DSA-65-ES256'] karşılanmıyor (yalnız ES256) || değerlendirilen: credentials[0] (ES256, x5c issuer-ec); PQ kopya (ML-DSA-65) K11 kararına girmez [ÖK §6.5 K11]
VC10_ikili_ihrac	L4-S	tedavi-composite	birincil	K11	reject	ÖK §6.5 (ON-KAYIT v0.8 (capa 7); 00-on-kayit/ON-KAYIT-TASLAK.md:1054): "İhraççı başına gerekli küme R = {X}, izinli küme {A, X}." | [T328] JWTBCP §3.1 (draft-ietf-oauth-rfc8725bis-10; metin/JWTBCP.txt:482): "it MUST determine which algorithms are permitted for itself and that issuer and ensure that the received JWT complies with those requirements" | ÖK §4.7 G5 (ON-KAYIT v0.8 (capa 7); 00-on-kayit/ON-KAYIT-TASLAK.md:767): "Göç etmiş bir varlık, ilan ettiği eski-sürüm penceresi dışında yalnız klasik kanıtla kabul edilemez." | ÖK §4.13 L4 (ON-KAYIT v0.8 (capa 7); 00-on-kayit/ON-KAYIT-TASLAK.md:844): "Yapılandırılmış hâlde K1 KABUL, K2 RED, K3 RED (§6.5)" | ÖK §6.5 K11 (ON-KAYIT v0.8 (capa 7); 00-on-kayit/ON-KAYIT-TASLAK.md:1068): "İkili ihraç: göç etmiş ihraççıdan yalnız klasik kimlik bilgisi | RED (G5)" | ÖK §4.8 P3 (ON-KAYIT v0.8 (capa 7); 00-on-kayit/ON-KAYIT-TASLAK.md:778): "P2 + ihraççı başına gerekli küme R_I" | ÖK §2B m.6 (ON-KAYIT v0.8 (capa 7); 00-on-kayit/ON-KAYIT-TASLAK.md:256): "Göç etmiş ihraççının yalnız klasik imzalı belgesi reddedilir, eski ihraççının klasik imzalı belgesi kabul edilir."	insa: ES256=geçerli || gerekli küme R=['ML-DSA-65-ES256'] karşılanmıyor (yalnız ES256) || değerlendirilen: credentials[0] (ES256, x5c issuer-ec); PQ kopya (ML-DSA-65) K11 kararına girmez [ÖK §6.5 K11]
VC10_ikili_ihrac	L4-Y	tedavi-composite	birincil	K11	reject	ÖK §6.5 (ON-KAYIT v0.8 (capa 7); 00-on-kayit/ON-KAYIT-TASLAK.md:1054): "İhraççı başına gerekli küme R = {X}, izinli küme {A, X}." | [T328] JWTBCP §3.1 (draft-ietf-oauth-rfc8725bis-10; metin/JWTBCP.txt:482): "it MUST determine which algorithms are permitted for itself and that issuer and ensure that the received JWT complies with those requirements" | ÖK §4.7 G5 (ON-KAYIT v0.8 (capa 7); 00-on-kayit/ON-KAYIT-TASLAK.md:767): "Göç etmiş bir varlık, ilan ettiği eski-sürüm penceresi dışında yalnız klasik kanıtla kabul edilemez." | ÖK §4.13 L4 (ON-KAYIT v0.8 (capa 7); 00-on-kayit/ON-KAYIT-TASLAK.md:844): "Yapılandırılmış hâlde K1 KABUL, K2 RED, K3 RED (§6.5)" | ÖK §6.5 K11 (ON-KAYIT v0.8 (capa 7); 00-on-kayit/ON-KAYIT-TASLAK.md:1068): "İkili ihraç: göç etmiş ihraççıdan yalnız klasik kimlik bilgisi | RED (G5)" | [T314] RFC7515 §5.2 (RFC 7515; metin/RFC7515.txt:810): "When there are multiple JWS Signature values, it is an application decision which of the JWS Signature values must successfully validate for the JWS to be accepted." | ÖK §2B m.6 (ON-KAYIT v0.8 (capa 7); 00-on-kayit/ON-KAYIT-TASLAK.md:256): "Göç etmiş ihraççının yalnız klasik imzalı belgesi reddedilir, eski ihraççının klasik imzalı belgesi kabul edilir."	insa: ES256=geçerli || gerekli küme R=['ML-DSA-65-ES256'] karşılanmıyor (yalnız ES256) || değerlendirilen: credentials[0] (ES256, x5c issuer-ec); PQ kopya (ML-DSA-65) K11 kararına girmez [ÖK §6.5 K11]
VC11_typ_vc+sd-jwt	GEC	kontrol-EdDSA	ikincil	MR3	accept-classical	SDJWTVC13 §3.2.1 (draft-ietf-oauth-sd-jwt-vc-13; metin/SDJWTVC13.txt:323): "The typ value MUST use dc+sd-jwt." | SDJWTVC13 §3.2.1 (draft-ietf-oauth-sd-jwt-vc-13; metin/SDJWTVC13.txt:340): "it is RECOMMENDED that Verifiers and Holders accept both vc+sd-jwt and dc+sd-jwt as the value of the typ header for a reasonable transitional period." | ÖK §4.15 (ON-KAYIT v0.8 (capa 7); 00-on-kayit/ON-KAYIT-TASLAK.md:881): "V+: tek geçerli klasik imza → KABUL; V−: bozuk imza → RED" | [T315] RFC7515 §5.2 (RFC 7515; metin/RFC7515.txt:815): "at least one JWS Signature value MUST successfully validate, or the JWS MUST be considered invalid"	insa: ES256=geçerli || imza(lar) geçerli; alg ∈ W || -13: typ=vc+sd-jwt; doğrulayıcıların geçiş döneminde kabul etmesi RECOMMENDED (SHOULD düzeyi)
VC11_typ_vc+sd-jwt	L4	kontrol-EdDSA	ikincil	MR3	reject	ÖK §6.5 (ON-KAYIT v0.8 (capa 7); 00-on-kayit/ON-KAYIT-TASLAK.md:1054): "İhraççı başına gerekli küme R = {X}, izinli küme {A, X}." | [T328] JWTBCP §3.1 (draft-ietf-oauth-rfc8725bis-10; metin/JWTBCP.txt:482): "it MUST determine which algorithms are permitted for itself and that issuer and ensure that the received JWT complies with those requirements" | ÖK §4.7 G5 (ON-KAYIT v0.8 (capa 7); 00-on-kayit/ON-KAYIT-TASLAK.md:767): "Göç etmiş bir varlık, ilan ettiği eski-sürüm penceresi dışında yalnız klasik kanıtla kabul edilemez." | ÖK §4.13 L4 (ON-KAYIT v0.8 (capa 7); 00-on-kayit/ON-KAYIT-TASLAK.md:844): "Yapılandırılmış hâlde K1 KABUL, K2 RED, K3 RED (§6.5)" | SDJWTVC13 §3.2.1 (draft-ietf-oauth-sd-jwt-vc-13; metin/SDJWTVC13.txt:323): "The typ value MUST use dc+sd-jwt." | SDJWTVC13 §3.2.1 (draft-ietf-oauth-sd-jwt-vc-13; metin/SDJWTVC13.txt:340): "it is RECOMMENDED that Verifiers and Holders accept both vc+sd-jwt and dc+sd-jwt as the value of the typ header for a reasonable transitional period."	insa: ES256=geçerli || gerekli küme R=['EdDSA'] karşılanmıyor (yalnız ES256) || -13: typ=vc+sd-jwt; doğrulayıcıların geçiş döneminde kabul etmesi RECOMMENDED (SHOULD düzeyi)
VC11_typ_vc+sd-jwt	L4-S	kontrol-EdDSA	ikincil	MR3	reject	ÖK §6.5 (ON-KAYIT v0.8 (capa 7); 00-on-kayit/ON-KAYIT-TASLAK.md:1054): "İhraççı başına gerekli küme R = {X}, izinli küme {A, X}." | [T328] JWTBCP §3.1 (draft-ietf-oauth-rfc8725bis-10; metin/JWTBCP.txt:482): "it MUST determine which algorithms are permitted for itself and that issuer and ensure that the received JWT complies with those requirements" | ÖK §4.7 G5 (ON-KAYIT v0.8 (capa 7); 00-on-kayit/ON-KAYIT-TASLAK.md:767): "Göç etmiş bir varlık, ilan ettiği eski-sürüm penceresi dışında yalnız klasik kanıtla kabul edilemez." | ÖK §4.13 L4 (ON-KAYIT v0.8 (capa 7); 00-on-kayit/ON-KAYIT-TASLAK.md:844): "Yapılandırılmış hâlde K1 KABUL, K2 RED, K3 RED (§6.5)" | SDJWTVC13 §3.2.1 (draft-ietf-oauth-sd-jwt-vc-13; metin/SDJWTVC13.txt:323): "The typ value MUST use dc+sd-jwt." | SDJWTVC13 §3.2.1 (draft-ietf-oauth-sd-jwt-vc-13; metin/SDJWTVC13.txt:340): "it is RECOMMENDED that Verifiers and Holders accept both vc+sd-jwt and dc+sd-jwt as the value of the typ header for a reasonable transitional period." | ÖK §4.8 P3 (ON-KAYIT v0.8 (capa 7); 00-on-kayit/ON-KAYIT-TASLAK.md:778): "P2 + ihraççı başına gerekli küme R_I"	insa: ES256=geçerli || gerekli küme R=['EdDSA'] karşılanmıyor (yalnız ES256) || -13: typ=vc+sd-jwt; doğrulayıcıların geçiş döneminde kabul etmesi RECOMMENDED (SHOULD düzeyi)
VC11_typ_vc+sd-jwt	L4-Y	kontrol-EdDSA	ikincil	MR3	reject	ÖK §6.5 (ON-KAYIT v0.8 (capa 7); 00-on-kayit/ON-KAYIT-TASLAK.md:1054): "İhraççı başına gerekli küme R = {X}, izinli küme {A, X}." | [T328] JWTBCP §3.1 (draft-ietf-oauth-rfc8725bis-10; metin/JWTBCP.txt:482): "it MUST determine which algorithms are permitted for itself and that issuer and ensure that the received JWT complies with those requirements" | ÖK §4.7 G5 (ON-KAYIT v0.8 (capa 7); 00-on-kayit/ON-KAYIT-TASLAK.md:767): "Göç etmiş bir varlık, ilan ettiği eski-sürüm penceresi dışında yalnız klasik kanıtla kabul edilemez." | ÖK §4.13 L4 (ON-KAYIT v0.8 (capa 7); 00-on-kayit/ON-KAYIT-TASLAK.md:844): "Yapılandırılmış hâlde K1 KABUL, K2 RED, K3 RED (§6.5)" | SDJWTVC13 §3.2.1 (draft-ietf-oauth-sd-jwt-vc-13; metin/SDJWTVC13.txt:323): "The typ value MUST use dc+sd-jwt." | SDJWTVC13 §3.2.1 (draft-ietf-oauth-sd-jwt-vc-13; metin/SDJWTVC13.txt:340): "it is RECOMMENDED that Verifiers and Holders accept both vc+sd-jwt and dc+sd-jwt as the value of the typ header for a reasonable transitional period." | [T314] RFC7515 §5.2 (RFC 7515; metin/RFC7515.txt:810): "When there are multiple JWS Signature values, it is an application decision which of the JWS Signature values must successfully validate for the JWS to be accepted."	insa: ES256=geçerli || gerekli küme R=['EdDSA'] karşılanmıyor (yalnız ES256) || -13: typ=vc+sd-jwt; doğrulayıcıların geçiş döneminde kabul etmesi RECOMMENDED (SHOULD düzeyi)
VC11_typ_vc+sd-jwt	GEC	kontrol-Ed25519	ikincil	MR3	accept-classical	SDJWTVC13 §3.2.1 (draft-ietf-oauth-sd-jwt-vc-13; metin/SDJWTVC13.txt:323): "The typ value MUST use dc+sd-jwt." | SDJWTVC13 §3.2.1 (draft-ietf-oauth-sd-jwt-vc-13; metin/SDJWTVC13.txt:340): "it is RECOMMENDED that Verifiers and Holders accept both vc+sd-jwt and dc+sd-jwt as the value of the typ header for a reasonable transitional period." | ÖK §4.15 (ON-KAYIT v0.8 (capa 7); 00-on-kayit/ON-KAYIT-TASLAK.md:881): "V+: tek geçerli klasik imza → KABUL; V−: bozuk imza → RED" | [T315] RFC7515 §5.2 (RFC 7515; metin/RFC7515.txt:815): "at least one JWS Signature value MUST successfully validate, or the JWS MUST be considered invalid"	insa: ES256=geçerli || imza(lar) geçerli; alg ∈ W || -13: typ=vc+sd-jwt; doğrulayıcıların geçiş döneminde kabul etmesi RECOMMENDED (SHOULD düzeyi)
VC11_typ_vc+sd-jwt	L4	kontrol-Ed25519	ikincil	MR3	reject	ÖK §6.5 (ON-KAYIT v0.8 (capa 7); 00-on-kayit/ON-KAYIT-TASLAK.md:1054): "İhraççı başına gerekli küme R = {X}, izinli küme {A, X}." | [T328] JWTBCP §3.1 (draft-ietf-oauth-rfc8725bis-10; metin/JWTBCP.txt:482): "it MUST determine which algorithms are permitted for itself and that issuer and ensure that the received JWT complies with those requirements" | ÖK §4.7 G5 (ON-KAYIT v0.8 (capa 7); 00-on-kayit/ON-KAYIT-TASLAK.md:767): "Göç etmiş bir varlık, ilan ettiği eski-sürüm penceresi dışında yalnız klasik kanıtla kabul edilemez." | ÖK §4.13 L4 (ON-KAYIT v0.8 (capa 7); 00-on-kayit/ON-KAYIT-TASLAK.md:844): "Yapılandırılmış hâlde K1 KABUL, K2 RED, K3 RED (§6.5)" | SDJWTVC13 §3.2.1 (draft-ietf-oauth-sd-jwt-vc-13; metin/SDJWTVC13.txt:323): "The typ value MUST use dc+sd-jwt." | SDJWTVC13 §3.2.1 (draft-ietf-oauth-sd-jwt-vc-13; metin/SDJWTVC13.txt:340): "it is RECOMMENDED that Verifiers and Holders accept both vc+sd-jwt and dc+sd-jwt as the value of the typ header for a reasonable transitional period."	insa: ES256=geçerli || gerekli küme R=['Ed25519'] karşılanmıyor (yalnız ES256) || -13: typ=vc+sd-jwt; doğrulayıcıların geçiş döneminde kabul etmesi RECOMMENDED (SHOULD düzeyi)
VC11_typ_vc+sd-jwt	L4-S	kontrol-Ed25519	ikincil	MR3	reject	ÖK §6.5 (ON-KAYIT v0.8 (capa 7); 00-on-kayit/ON-KAYIT-TASLAK.md:1054): "İhraççı başına gerekli küme R = {X}, izinli küme {A, X}." | [T328] JWTBCP §3.1 (draft-ietf-oauth-rfc8725bis-10; metin/JWTBCP.txt:482): "it MUST determine which algorithms are permitted for itself and that issuer and ensure that the received JWT complies with those requirements" | ÖK §4.7 G5 (ON-KAYIT v0.8 (capa 7); 00-on-kayit/ON-KAYIT-TASLAK.md:767): "Göç etmiş bir varlık, ilan ettiği eski-sürüm penceresi dışında yalnız klasik kanıtla kabul edilemez." | ÖK §4.13 L4 (ON-KAYIT v0.8 (capa 7); 00-on-kayit/ON-KAYIT-TASLAK.md:844): "Yapılandırılmış hâlde K1 KABUL, K2 RED, K3 RED (§6.5)" | SDJWTVC13 §3.2.1 (draft-ietf-oauth-sd-jwt-vc-13; metin/SDJWTVC13.txt:323): "The typ value MUST use dc+sd-jwt." | SDJWTVC13 §3.2.1 (draft-ietf-oauth-sd-jwt-vc-13; metin/SDJWTVC13.txt:340): "it is RECOMMENDED that Verifiers and Holders accept both vc+sd-jwt and dc+sd-jwt as the value of the typ header for a reasonable transitional period." | ÖK §4.8 P3 (ON-KAYIT v0.8 (capa 7); 00-on-kayit/ON-KAYIT-TASLAK.md:778): "P2 + ihraççı başına gerekli küme R_I"	insa: ES256=geçerli || gerekli küme R=['Ed25519'] karşılanmıyor (yalnız ES256) || -13: typ=vc+sd-jwt; doğrulayıcıların geçiş döneminde kabul etmesi RECOMMENDED (SHOULD düzeyi)
VC11_typ_vc+sd-jwt	L4-Y	kontrol-Ed25519	ikincil	MR3	reject	ÖK §6.5 (ON-KAYIT v0.8 (capa 7); 00-on-kayit/ON-KAYIT-TASLAK.md:1054): "İhraççı başına gerekli küme R = {X}, izinli küme {A, X}." | [T328] JWTBCP §3.1 (draft-ietf-oauth-rfc8725bis-10; metin/JWTBCP.txt:482): "it MUST determine which algorithms are permitted for itself and that issuer and ensure that the received JWT complies with those requirements" | ÖK §4.7 G5 (ON-KAYIT v0.8 (capa 7); 00-on-kayit/ON-KAYIT-TASLAK.md:767): "Göç etmiş bir varlık, ilan ettiği eski-sürüm penceresi dışında yalnız klasik kanıtla kabul edilemez." | ÖK §4.13 L4 (ON-KAYIT v0.8 (capa 7); 00-on-kayit/ON-KAYIT-TASLAK.md:844): "Yapılandırılmış hâlde K1 KABUL, K2 RED, K3 RED (§6.5)" | SDJWTVC13 §3.2.1 (draft-ietf-oauth-sd-jwt-vc-13; metin/SDJWTVC13.txt:323): "The typ value MUST use dc+sd-jwt." | SDJWTVC13 §3.2.1 (draft-ietf-oauth-sd-jwt-vc-13; metin/SDJWTVC13.txt:340): "it is RECOMMENDED that Verifiers and Holders accept both vc+sd-jwt and dc+sd-jwt as the value of the typ header for a reasonable transitional period." | [T314] RFC7515 §5.2 (RFC 7515; metin/RFC7515.txt:810): "When there are multiple JWS Signature values, it is an application decision which of the JWS Signature values must successfully validate for the JWS to be accepted."	insa: ES256=geçerli || gerekli küme R=['Ed25519'] karşılanmıyor (yalnız ES256) || -13: typ=vc+sd-jwt; doğrulayıcıların geçiş döneminde kabul etmesi RECOMMENDED (SHOULD düzeyi)
VC11_typ_vc+sd-jwt	GEC	tedavi-ML-DSA-65	ikincil	MR3	accept-classical	SDJWTVC13 §3.2.1 (draft-ietf-oauth-sd-jwt-vc-13; metin/SDJWTVC13.txt:323): "The typ value MUST use dc+sd-jwt." | SDJWTVC13 §3.2.1 (draft-ietf-oauth-sd-jwt-vc-13; metin/SDJWTVC13.txt:340): "it is RECOMMENDED that Verifiers and Holders accept both vc+sd-jwt and dc+sd-jwt as the value of the typ header for a reasonable transitional period." | ÖK §4.15 (ON-KAYIT v0.8 (capa 7); 00-on-kayit/ON-KAYIT-TASLAK.md:881): "V+: tek geçerli klasik imza → KABUL; V−: bozuk imza → RED" | [T315] RFC7515 §5.2 (RFC 7515; metin/RFC7515.txt:815): "at least one JWS Signature value MUST successfully validate, or the JWS MUST be considered invalid"	insa: ES256=geçerli || imza(lar) geçerli; alg ∈ W || -13: typ=vc+sd-jwt; doğrulayıcıların geçiş döneminde kabul etmesi RECOMMENDED (SHOULD düzeyi)
VC11_typ_vc+sd-jwt	L4	tedavi-ML-DSA-65	ikincil	MR3	reject	ÖK §6.5 (ON-KAYIT v0.8 (capa 7); 00-on-kayit/ON-KAYIT-TASLAK.md:1054): "İhraççı başına gerekli küme R = {X}, izinli küme {A, X}." | [T328] JWTBCP §3.1 (draft-ietf-oauth-rfc8725bis-10; metin/JWTBCP.txt:482): "it MUST determine which algorithms are permitted for itself and that issuer and ensure that the received JWT complies with those requirements" | ÖK §4.7 G5 (ON-KAYIT v0.8 (capa 7); 00-on-kayit/ON-KAYIT-TASLAK.md:767): "Göç etmiş bir varlık, ilan ettiği eski-sürüm penceresi dışında yalnız klasik kanıtla kabul edilemez." | ÖK §4.13 L4 (ON-KAYIT v0.8 (capa 7); 00-on-kayit/ON-KAYIT-TASLAK.md:844): "Yapılandırılmış hâlde K1 KABUL, K2 RED, K3 RED (§6.5)" | SDJWTVC13 §3.2.1 (draft-ietf-oauth-sd-jwt-vc-13; metin/SDJWTVC13.txt:323): "The typ value MUST use dc+sd-jwt." | SDJWTVC13 §3.2.1 (draft-ietf-oauth-sd-jwt-vc-13; metin/SDJWTVC13.txt:340): "it is RECOMMENDED that Verifiers and Holders accept both vc+sd-jwt and dc+sd-jwt as the value of the typ header for a reasonable transitional period."	insa: ES256=geçerli || gerekli küme R=['ML-DSA-65'] karşılanmıyor (yalnız ES256) || -13: typ=vc+sd-jwt; doğrulayıcıların geçiş döneminde kabul etmesi RECOMMENDED (SHOULD düzeyi)
VC11_typ_vc+sd-jwt	L4-S	tedavi-ML-DSA-65	ikincil	MR3	reject	ÖK §6.5 (ON-KAYIT v0.8 (capa 7); 00-on-kayit/ON-KAYIT-TASLAK.md:1054): "İhraççı başına gerekli küme R = {X}, izinli küme {A, X}." | [T328] JWTBCP §3.1 (draft-ietf-oauth-rfc8725bis-10; metin/JWTBCP.txt:482): "it MUST determine which algorithms are permitted for itself and that issuer and ensure that the received JWT complies with those requirements" | ÖK §4.7 G5 (ON-KAYIT v0.8 (capa 7); 00-on-kayit/ON-KAYIT-TASLAK.md:767): "Göç etmiş bir varlık, ilan ettiği eski-sürüm penceresi dışında yalnız klasik kanıtla kabul edilemez." | ÖK §4.13 L4 (ON-KAYIT v0.8 (capa 7); 00-on-kayit/ON-KAYIT-TASLAK.md:844): "Yapılandırılmış hâlde K1 KABUL, K2 RED, K3 RED (§6.5)" | SDJWTVC13 §3.2.1 (draft-ietf-oauth-sd-jwt-vc-13; metin/SDJWTVC13.txt:323): "The typ value MUST use dc+sd-jwt." | SDJWTVC13 §3.2.1 (draft-ietf-oauth-sd-jwt-vc-13; metin/SDJWTVC13.txt:340): "it is RECOMMENDED that Verifiers and Holders accept both vc+sd-jwt and dc+sd-jwt as the value of the typ header for a reasonable transitional period." | ÖK §4.8 P3 (ON-KAYIT v0.8 (capa 7); 00-on-kayit/ON-KAYIT-TASLAK.md:778): "P2 + ihraççı başına gerekli küme R_I"	insa: ES256=geçerli || gerekli küme R=['ML-DSA-65'] karşılanmıyor (yalnız ES256) || -13: typ=vc+sd-jwt; doğrulayıcıların geçiş döneminde kabul etmesi RECOMMENDED (SHOULD düzeyi)
VC11_typ_vc+sd-jwt	L4-Y	tedavi-ML-DSA-65	ikincil	MR3	reject	ÖK §6.5 (ON-KAYIT v0.8 (capa 7); 00-on-kayit/ON-KAYIT-TASLAK.md:1054): "İhraççı başına gerekli küme R = {X}, izinli küme {A, X}." | [T328] JWTBCP §3.1 (draft-ietf-oauth-rfc8725bis-10; metin/JWTBCP.txt:482): "it MUST determine which algorithms are permitted for itself and that issuer and ensure that the received JWT complies with those requirements" | ÖK §4.7 G5 (ON-KAYIT v0.8 (capa 7); 00-on-kayit/ON-KAYIT-TASLAK.md:767): "Göç etmiş bir varlık, ilan ettiği eski-sürüm penceresi dışında yalnız klasik kanıtla kabul edilemez." | ÖK §4.13 L4 (ON-KAYIT v0.8 (capa 7); 00-on-kayit/ON-KAYIT-TASLAK.md:844): "Yapılandırılmış hâlde K1 KABUL, K2 RED, K3 RED (§6.5)" | SDJWTVC13 §3.2.1 (draft-ietf-oauth-sd-jwt-vc-13; metin/SDJWTVC13.txt:323): "The typ value MUST use dc+sd-jwt." | SDJWTVC13 §3.2.1 (draft-ietf-oauth-sd-jwt-vc-13; metin/SDJWTVC13.txt:340): "it is RECOMMENDED that Verifiers and Holders accept both vc+sd-jwt and dc+sd-jwt as the value of the typ header for a reasonable transitional period." | [T314] RFC7515 §5.2 (RFC 7515; metin/RFC7515.txt:810): "When there are multiple JWS Signature values, it is an application decision which of the JWS Signature values must successfully validate for the JWS to be accepted."	insa: ES256=geçerli || gerekli küme R=['ML-DSA-65'] karşılanmıyor (yalnız ES256) || -13: typ=vc+sd-jwt; doğrulayıcıların geçiş döneminde kabul etmesi RECOMMENDED (SHOULD düzeyi)
VC11_typ_vc+sd-jwt	GEC	tedavi-composite	ikincil	MR3	accept-classical	SDJWTVC13 §3.2.1 (draft-ietf-oauth-sd-jwt-vc-13; metin/SDJWTVC13.txt:323): "The typ value MUST use dc+sd-jwt." | SDJWTVC13 §3.2.1 (draft-ietf-oauth-sd-jwt-vc-13; metin/SDJWTVC13.txt:340): "it is RECOMMENDED that Verifiers and Holders accept both vc+sd-jwt and dc+sd-jwt as the value of the typ header for a reasonable transitional period." | ÖK §4.15 (ON-KAYIT v0.8 (capa 7); 00-on-kayit/ON-KAYIT-TASLAK.md:881): "V+: tek geçerli klasik imza → KABUL; V−: bozuk imza → RED" | [T315] RFC7515 §5.2 (RFC 7515; metin/RFC7515.txt:815): "at least one JWS Signature value MUST successfully validate, or the JWS MUST be considered invalid"	insa: ES256=geçerli || imza(lar) geçerli; alg ∈ W || -13: typ=vc+sd-jwt; doğrulayıcıların geçiş döneminde kabul etmesi RECOMMENDED (SHOULD düzeyi)
VC11_typ_vc+sd-jwt	L4	tedavi-composite	ikincil	MR3	reject	ÖK §6.5 (ON-KAYIT v0.8 (capa 7); 00-on-kayit/ON-KAYIT-TASLAK.md:1054): "İhraççı başına gerekli küme R = {X}, izinli küme {A, X}." | [T328] JWTBCP §3.1 (draft-ietf-oauth-rfc8725bis-10; metin/JWTBCP.txt:482): "it MUST determine which algorithms are permitted for itself and that issuer and ensure that the received JWT complies with those requirements" | ÖK §4.7 G5 (ON-KAYIT v0.8 (capa 7); 00-on-kayit/ON-KAYIT-TASLAK.md:767): "Göç etmiş bir varlık, ilan ettiği eski-sürüm penceresi dışında yalnız klasik kanıtla kabul edilemez." | ÖK §4.13 L4 (ON-KAYIT v0.8 (capa 7); 00-on-kayit/ON-KAYIT-TASLAK.md:844): "Yapılandırılmış hâlde K1 KABUL, K2 RED, K3 RED (§6.5)" | SDJWTVC13 §3.2.1 (draft-ietf-oauth-sd-jwt-vc-13; metin/SDJWTVC13.txt:323): "The typ value MUST use dc+sd-jwt." | SDJWTVC13 §3.2.1 (draft-ietf-oauth-sd-jwt-vc-13; metin/SDJWTVC13.txt:340): "it is RECOMMENDED that Verifiers and Holders accept both vc+sd-jwt and dc+sd-jwt as the value of the typ header for a reasonable transitional period."	insa: ES256=geçerli || gerekli küme R=['ML-DSA-65-ES256'] karşılanmıyor (yalnız ES256) || -13: typ=vc+sd-jwt; doğrulayıcıların geçiş döneminde kabul etmesi RECOMMENDED (SHOULD düzeyi)
VC11_typ_vc+sd-jwt	L4-S	tedavi-composite	ikincil	MR3	reject	ÖK §6.5 (ON-KAYIT v0.8 (capa 7); 00-on-kayit/ON-KAYIT-TASLAK.md:1054): "İhraççı başına gerekli küme R = {X}, izinli küme {A, X}." | [T328] JWTBCP §3.1 (draft-ietf-oauth-rfc8725bis-10; metin/JWTBCP.txt:482): "it MUST determine which algorithms are permitted for itself and that issuer and ensure that the received JWT complies with those requirements" | ÖK §4.7 G5 (ON-KAYIT v0.8 (capa 7); 00-on-kayit/ON-KAYIT-TASLAK.md:767): "Göç etmiş bir varlık, ilan ettiği eski-sürüm penceresi dışında yalnız klasik kanıtla kabul edilemez." | ÖK §4.13 L4 (ON-KAYIT v0.8 (capa 7); 00-on-kayit/ON-KAYIT-TASLAK.md:844): "Yapılandırılmış hâlde K1 KABUL, K2 RED, K3 RED (§6.5)" | SDJWTVC13 §3.2.1 (draft-ietf-oauth-sd-jwt-vc-13; metin/SDJWTVC13.txt:323): "The typ value MUST use dc+sd-jwt." | SDJWTVC13 §3.2.1 (draft-ietf-oauth-sd-jwt-vc-13; metin/SDJWTVC13.txt:340): "it is RECOMMENDED that Verifiers and Holders accept both vc+sd-jwt and dc+sd-jwt as the value of the typ header for a reasonable transitional period." | ÖK §4.8 P3 (ON-KAYIT v0.8 (capa 7); 00-on-kayit/ON-KAYIT-TASLAK.md:778): "P2 + ihraççı başına gerekli küme R_I"	insa: ES256=geçerli || gerekli küme R=['ML-DSA-65-ES256'] karşılanmıyor (yalnız ES256) || -13: typ=vc+sd-jwt; doğrulayıcıların geçiş döneminde kabul etmesi RECOMMENDED (SHOULD düzeyi)
VC11_typ_vc+sd-jwt	L4-Y	tedavi-composite	ikincil	MR3	reject	ÖK §6.5 (ON-KAYIT v0.8 (capa 7); 00-on-kayit/ON-KAYIT-TASLAK.md:1054): "İhraççı başına gerekli küme R = {X}, izinli küme {A, X}." | [T328] JWTBCP §3.1 (draft-ietf-oauth-rfc8725bis-10; metin/JWTBCP.txt:482): "it MUST determine which algorithms are permitted for itself and that issuer and ensure that the received JWT complies with those requirements" | ÖK §4.7 G5 (ON-KAYIT v0.8 (capa 7); 00-on-kayit/ON-KAYIT-TASLAK.md:767): "Göç etmiş bir varlık, ilan ettiği eski-sürüm penceresi dışında yalnız klasik kanıtla kabul edilemez." | ÖK §4.13 L4 (ON-KAYIT v0.8 (capa 7); 00-on-kayit/ON-KAYIT-TASLAK.md:844): "Yapılandırılmış hâlde K1 KABUL, K2 RED, K3 RED (§6.5)" | SDJWTVC13 §3.2.1 (draft-ietf-oauth-sd-jwt-vc-13; metin/SDJWTVC13.txt:323): "The typ value MUST use dc+sd-jwt." | SDJWTVC13 §3.2.1 (draft-ietf-oauth-sd-jwt-vc-13; metin/SDJWTVC13.txt:340): "it is RECOMMENDED that Verifiers and Holders accept both vc+sd-jwt and dc+sd-jwt as the value of the typ header for a reasonable transitional period." | [T314] RFC7515 §5.2 (RFC 7515; metin/RFC7515.txt:810): "When there are multiple JWS Signature values, it is an application decision which of the JWS Signature values must successfully validate for the JWS to be accepted."	insa: ES256=geçerli || gerekli küme R=['ML-DSA-65-ES256'] karşılanmıyor (yalnız ES256) || -13: typ=vc+sd-jwt; doğrulayıcıların geçiş döneminde kabul etmesi RECOMMENDED (SHOULD düzeyi)
VC11_typ_vc+sd-jwt	GEC@-19	kontrol-EdDSA	ikincil	MR3	reject	[T119] SDJWTVC §2.2.1 (draft-ietf-oauth-sd-jwt-vc-19; metin/SDJWTVC.txt:328): "The Issuer MUST include the typ header parameter in the SD-JWT. The typ value MUST use dc+sd-jwt." | RFC9901 §9.11 (RFC 9901; metin/RFC9901.txt:2316): "it is RECOMMENDED that application profiles of SD-JWT specify an explicit type by including the typ header parameter when the SD-JWT is issued, and that Verifiers check this value." | ÖK §4.15 (ON-KAYIT v0.8 (capa 7); 00-on-kayit/ON-KAYIT-TASLAK.md:881): "V+: tek geçerli klasik imza → KABUL; V−: bozuk imza → RED" | [T315] RFC7515 §5.2 (RFC 7515; metin/RFC7515.txt:815): "at least one JWS Signature value MUST successfully validate, or the JWS MUST be considered invalid" | ÖK §2C.2.3 (ON-KAYIT v0.8 (capa 7); 00-on-kayit/ON-KAYIT-TASLAK.md:325): "| `sdjwtvc_surum` | -13 | -19 |"	insa: ES256=geçerli || -19: typ MUST dc+sd-jwt; geçiş notu -19'da kaldırıldı; doğrulayıcının typ denetimi RECOMMENDED (SHOULD düzeyi red) || imza düzeyi: accept-classical (imza(lar) geçerli; alg ∈ W)
VC11_typ_vc+sd-jwt	GEC@-19	kontrol-Ed25519	ikincil	MR3	reject	[T119] SDJWTVC §2.2.1 (draft-ietf-oauth-sd-jwt-vc-19; metin/SDJWTVC.txt:328): "The Issuer MUST include the typ header parameter in the SD-JWT. The typ value MUST use dc+sd-jwt." | RFC9901 §9.11 (RFC 9901; metin/RFC9901.txt:2316): "it is RECOMMENDED that application profiles of SD-JWT specify an explicit type by including the typ header parameter when the SD-JWT is issued, and that Verifiers check this value." | ÖK §4.15 (ON-KAYIT v0.8 (capa 7); 00-on-kayit/ON-KAYIT-TASLAK.md:881): "V+: tek geçerli klasik imza → KABUL; V−: bozuk imza → RED" | [T315] RFC7515 §5.2 (RFC 7515; metin/RFC7515.txt:815): "at least one JWS Signature value MUST successfully validate, or the JWS MUST be considered invalid" | ÖK §2C.2.3 (ON-KAYIT v0.8 (capa 7); 00-on-kayit/ON-KAYIT-TASLAK.md:325): "| `sdjwtvc_surum` | -13 | -19 |"	insa: ES256=geçerli || -19: typ MUST dc+sd-jwt; geçiş notu -19'da kaldırıldı; doğrulayıcının typ denetimi RECOMMENDED (SHOULD düzeyi red) || imza düzeyi: accept-classical (imza(lar) geçerli; alg ∈ W)
VC11_typ_vc+sd-jwt	GEC@-19	tedavi-ML-DSA-65	ikincil	MR3	reject	[T119] SDJWTVC §2.2.1 (draft-ietf-oauth-sd-jwt-vc-19; metin/SDJWTVC.txt:328): "The Issuer MUST include the typ header parameter in the SD-JWT. The typ value MUST use dc+sd-jwt." | RFC9901 §9.11 (RFC 9901; metin/RFC9901.txt:2316): "it is RECOMMENDED that application profiles of SD-JWT specify an explicit type by including the typ header parameter when the SD-JWT is issued, and that Verifiers check this value." | ÖK §4.15 (ON-KAYIT v0.8 (capa 7); 00-on-kayit/ON-KAYIT-TASLAK.md:881): "V+: tek geçerli klasik imza → KABUL; V−: bozuk imza → RED" | [T315] RFC7515 §5.2 (RFC 7515; metin/RFC7515.txt:815): "at least one JWS Signature value MUST successfully validate, or the JWS MUST be considered invalid" | ÖK §2C.2.3 (ON-KAYIT v0.8 (capa 7); 00-on-kayit/ON-KAYIT-TASLAK.md:325): "| `sdjwtvc_surum` | -13 | -19 |"	insa: ES256=geçerli || -19: typ MUST dc+sd-jwt; geçiş notu -19'da kaldırıldı; doğrulayıcının typ denetimi RECOMMENDED (SHOULD düzeyi red) || imza düzeyi: accept-classical (imza(lar) geçerli; alg ∈ W)
VC11_typ_vc+sd-jwt	GEC@-19	tedavi-composite	ikincil	MR3	reject	[T119] SDJWTVC §2.2.1 (draft-ietf-oauth-sd-jwt-vc-19; metin/SDJWTVC.txt:328): "The Issuer MUST include the typ header parameter in the SD-JWT. The typ value MUST use dc+sd-jwt." | RFC9901 §9.11 (RFC 9901; metin/RFC9901.txt:2316): "it is RECOMMENDED that application profiles of SD-JWT specify an explicit type by including the typ header parameter when the SD-JWT is issued, and that Verifiers check this value." | ÖK §4.15 (ON-KAYIT v0.8 (capa 7); 00-on-kayit/ON-KAYIT-TASLAK.md:881): "V+: tek geçerli klasik imza → KABUL; V−: bozuk imza → RED" | [T315] RFC7515 §5.2 (RFC 7515; metin/RFC7515.txt:815): "at least one JWS Signature value MUST successfully validate, or the JWS MUST be considered invalid" | ÖK §2C.2.3 (ON-KAYIT v0.8 (capa 7); 00-on-kayit/ON-KAYIT-TASLAK.md:325): "| `sdjwtvc_surum` | -13 | -19 |"	insa: ES256=geçerli || -19: typ MUST dc+sd-jwt; geçiş notu -19'da kaldırıldı; doğrulayıcının typ denetimi RECOMMENDED (SHOULD düzeyi red) || imza düzeyi: accept-classical (imza(lar) geçerli; alg ∈ W)
VC12_alg_none	GEC	yok	ikincil	eşleme-dışı	reject	[T327] JWTBCP §3.1 (draft-ietf-oauth-rfc8725bis-10; metin/JWTBCP.txt:464): "MUST NOT employ any algorithms outside this configured set" | [T315] RFC7515 §5.2 (RFC 7515; metin/RFC7515.txt:815): "at least one JWS Signature value MUST successfully validate, or the JWS MUST be considered invalid" | ÖK §4.15 (ON-KAYIT v0.8 (capa 7); 00-on-kayit/ON-KAYIT-TASLAK.md:881): "V+: tek geçerli klasik imza → KABUL; V−: bozuk imza → RED"	insa: none=geçersiz || alg none izin kümesi W=['ES256', 'Ed25519', 'EdDSA', 'ML-DSA-44', 'ML-DSA-65', 'ML-DSA-65-ES256', 'ML-DSA-65-Ed25519', 'ML-DSA-87'] dışında
VP01_ihracci_ES256_kb_ES256	GEC	tedavi-ML-DSA-65	ikincil	eşleme-dışı	accept-classical	[T219] HAIP §6.1.1.1 (HAIP 1.0 Final; metin/HAIP.txt:494): "If the credential has cryptographic holder binding, a KB-JWT, as defined in [I-D.ietf-oauth-sd-jwt-vc], MUST always be present when presenting an SD-JWT VC." | ÖK §4.15 (ON-KAYIT v0.8 (capa 7); 00-on-kayit/ON-KAYIT-TASLAK.md:881): "V+: tek geçerli klasik imza → KABUL; V−: bozuk imza → RED" | [T315] RFC7515 §5.2 (RFC 7515; metin/RFC7515.txt:815): "at least one JWS Signature value MUST successfully validate, or the JWS MUST be considered invalid"	insa: ES256=geçerli || imza(lar) geçerli; alg ∈ W || KB-JWT gerekli; KB alg=ES256 (P-L4 ihraççı politikası KB algoritmasını kısıtlamaz; etiket ihraççı imzasına göredir)
VP01_ihracci_ES256_kb_ES256	L4	tedavi-ML-DSA-65	ikincil	eşleme-dışı	reject	ÖK §6.5 (ON-KAYIT v0.8 (capa 7); 00-on-kayit/ON-KAYIT-TASLAK.md:1054): "İhraççı başına gerekli küme R = {X}, izinli küme {A, X}." | [T328] JWTBCP §3.1 (draft-ietf-oauth-rfc8725bis-10; metin/JWTBCP.txt:482): "it MUST determine which algorithms are permitted for itself and that issuer and ensure that the received JWT complies with those requirements" | ÖK §4.7 G5 (ON-KAYIT v0.8 (capa 7); 00-on-kayit/ON-KAYIT-TASLAK.md:767): "Göç etmiş bir varlık, ilan ettiği eski-sürüm penceresi dışında yalnız klasik kanıtla kabul edilemez." | ÖK §4.13 L4 (ON-KAYIT v0.8 (capa 7); 00-on-kayit/ON-KAYIT-TASLAK.md:844): "Yapılandırılmış hâlde K1 KABUL, K2 RED, K3 RED (§6.5)" | [T219] HAIP §6.1.1.1 (HAIP 1.0 Final; metin/HAIP.txt:494): "If the credential has cryptographic holder binding, a KB-JWT, as defined in [I-D.ietf-oauth-sd-jwt-vc], MUST always be present when presenting an SD-JWT VC."	insa: ES256=geçerli || gerekli küme R=['ML-DSA-65'] karşılanmıyor (yalnız ES256) || KB-JWT gerekli; KB alg=ES256 (P-L4 ihraççı politikası KB algoritmasını kısıtlamaz; etiket ihraççı imzasına göredir)
VP01_ihracci_ES256_kb_ES256	L4-S	tedavi-ML-DSA-65	ikincil	eşleme-dışı	reject	ÖK §6.5 (ON-KAYIT v0.8 (capa 7); 00-on-kayit/ON-KAYIT-TASLAK.md:1054): "İhraççı başına gerekli küme R = {X}, izinli küme {A, X}." | [T328] JWTBCP §3.1 (draft-ietf-oauth-rfc8725bis-10; metin/JWTBCP.txt:482): "it MUST determine which algorithms are permitted for itself and that issuer and ensure that the received JWT complies with those requirements" | ÖK §4.7 G5 (ON-KAYIT v0.8 (capa 7); 00-on-kayit/ON-KAYIT-TASLAK.md:767): "Göç etmiş bir varlık, ilan ettiği eski-sürüm penceresi dışında yalnız klasik kanıtla kabul edilemez." | ÖK §4.13 L4 (ON-KAYIT v0.8 (capa 7); 00-on-kayit/ON-KAYIT-TASLAK.md:844): "Yapılandırılmış hâlde K1 KABUL, K2 RED, K3 RED (§6.5)" | [T219] HAIP §6.1.1.1 (HAIP 1.0 Final; metin/HAIP.txt:494): "If the credential has cryptographic holder binding, a KB-JWT, as defined in [I-D.ietf-oauth-sd-jwt-vc], MUST always be present when presenting an SD-JWT VC." | ÖK §4.8 P3 (ON-KAYIT v0.8 (capa 7); 00-on-kayit/ON-KAYIT-TASLAK.md:778): "P2 + ihraççı başına gerekli küme R_I"	insa: ES256=geçerli || gerekli küme R=['ML-DSA-65'] karşılanmıyor (yalnız ES256) || KB-JWT gerekli; KB alg=ES256 (P-L4 ihraççı politikası KB algoritmasını kısıtlamaz; etiket ihraççı imzasına göredir)
VP01_ihracci_ES256_kb_ES256	L4-Y	tedavi-ML-DSA-65	ikincil	eşleme-dışı	reject	ÖK §6.5 (ON-KAYIT v0.8 (capa 7); 00-on-kayit/ON-KAYIT-TASLAK.md:1054): "İhraççı başına gerekli küme R = {X}, izinli küme {A, X}." | [T328] JWTBCP §3.1 (draft-ietf-oauth-rfc8725bis-10; metin/JWTBCP.txt:482): "it MUST determine which algorithms are permitted for itself and that issuer and ensure that the received JWT complies with those requirements" | ÖK §4.7 G5 (ON-KAYIT v0.8 (capa 7); 00-on-kayit/ON-KAYIT-TASLAK.md:767): "Göç etmiş bir varlık, ilan ettiği eski-sürüm penceresi dışında yalnız klasik kanıtla kabul edilemez." | ÖK §4.13 L4 (ON-KAYIT v0.8 (capa 7); 00-on-kayit/ON-KAYIT-TASLAK.md:844): "Yapılandırılmış hâlde K1 KABUL, K2 RED, K3 RED (§6.5)" | [T219] HAIP §6.1.1.1 (HAIP 1.0 Final; metin/HAIP.txt:494): "If the credential has cryptographic holder binding, a KB-JWT, as defined in [I-D.ietf-oauth-sd-jwt-vc], MUST always be present when presenting an SD-JWT VC." | [T314] RFC7515 §5.2 (RFC 7515; metin/RFC7515.txt:810): "When there are multiple JWS Signature values, it is an application decision which of the JWS Signature values must successfully validate for the JWS to be accepted."	insa: ES256=geçerli || gerekli küme R=['ML-DSA-65'] karşılanmıyor (yalnız ES256) || KB-JWT gerekli; KB alg=ES256 (P-L4 ihraççı politikası KB algoritmasını kısıtlamaz; etiket ihraççı imzasına göredir)
VP02_ihracci_MLDSA65_kb_ES256	GEC	tedavi-ML-DSA-65	ikincil	eşleme-dışı	accept-hybrid	[T219] HAIP §6.1.1.1 (HAIP 1.0 Final; metin/HAIP.txt:494): "If the credential has cryptographic holder binding, a KB-JWT, as defined in [I-D.ietf-oauth-sd-jwt-vc], MUST always be present when presenting an SD-JWT VC." | ÖK §4.15 (ON-KAYIT v0.8 (capa 7); 00-on-kayit/ON-KAYIT-TASLAK.md:881): "V+: tek geçerli klasik imza → KABUL; V−: bozuk imza → RED" | [T315] RFC7515 §5.2 (RFC 7515; metin/RFC7515.txt:815): "at least one JWS Signature value MUST successfully validate, or the JWS MUST be considered invalid"	insa: ML-DSA-65=geçerli || imza(lar) geçerli; alg ∈ W || KB-JWT gerekli; KB alg=ES256 (P-L4 ihraççı politikası KB algoritmasını kısıtlamaz; etiket ihraççı imzasına göredir)
VP02_ihracci_MLDSA65_kb_ES256	L4	tedavi-ML-DSA-65	ikincil	eşleme-dışı	accept-hybrid	ÖK §6.5 (ON-KAYIT v0.8 (capa 7); 00-on-kayit/ON-KAYIT-TASLAK.md:1054): "İhraççı başına gerekli küme R = {X}, izinli küme {A, X}." | [T328] JWTBCP §3.1 (draft-ietf-oauth-rfc8725bis-10; metin/JWTBCP.txt:482): "it MUST determine which algorithms are permitted for itself and that issuer and ensure that the received JWT complies with those requirements" | ÖK §4.7 G5 (ON-KAYIT v0.8 (capa 7); 00-on-kayit/ON-KAYIT-TASLAK.md:767): "Göç etmiş bir varlık, ilan ettiği eski-sürüm penceresi dışında yalnız klasik kanıtla kabul edilemez." | [T219] HAIP §6.1.1.1 (HAIP 1.0 Final; metin/HAIP.txt:494): "If the credential has cryptographic holder binding, a KB-JWT, as defined in [I-D.ietf-oauth-sd-jwt-vc], MUST always be present when presenting an SD-JWT VC." | ÖK §4.13 L4 (ON-KAYIT v0.8 (capa 7); 00-on-kayit/ON-KAYIT-TASLAK.md:844): "Yapılandırılmış hâlde K1 KABUL, K2 RED, K3 RED (§6.5)"	insa: ML-DSA-65=geçerli || R={ML-DSA-65} geçerli imzayla karşılandı; W içindeki imzalar geçerli || KB-JWT gerekli; KB alg=ES256 (P-L4 ihraççı politikası KB algoritmasını kısıtlamaz; etiket ihraççı imzasına göredir)
VP02_ihracci_MLDSA65_kb_ES256	L4-S	tedavi-ML-DSA-65	ikincil	eşleme-dışı	accept-hybrid	ÖK §6.5 (ON-KAYIT v0.8 (capa 7); 00-on-kayit/ON-KAYIT-TASLAK.md:1054): "İhraççı başına gerekli küme R = {X}, izinli küme {A, X}." | [T328] JWTBCP §3.1 (draft-ietf-oauth-rfc8725bis-10; metin/JWTBCP.txt:482): "it MUST determine which algorithms are permitted for itself and that issuer and ensure that the received JWT complies with those requirements" | ÖK §4.7 G5 (ON-KAYIT v0.8 (capa 7); 00-on-kayit/ON-KAYIT-TASLAK.md:767): "Göç etmiş bir varlık, ilan ettiği eski-sürüm penceresi dışında yalnız klasik kanıtla kabul edilemez." | [T219] HAIP §6.1.1.1 (HAIP 1.0 Final; metin/HAIP.txt:494): "If the credential has cryptographic holder binding, a KB-JWT, as defined in [I-D.ietf-oauth-sd-jwt-vc], MUST always be present when presenting an SD-JWT VC." | ÖK §4.8 P3 (ON-KAYIT v0.8 (capa 7); 00-on-kayit/ON-KAYIT-TASLAK.md:778): "P2 + ihraççı başına gerekli küme R_I"	insa: ML-DSA-65=geçerli || R={ML-DSA-65} geçerli imzayla karşılandı; W içindeki imzalar geçerli || KB-JWT gerekli; KB alg=ES256 (P-L4 ihraççı politikası KB algoritmasını kısıtlamaz; etiket ihraççı imzasına göredir)
VP02_ihracci_MLDSA65_kb_ES256	L4-Y	tedavi-ML-DSA-65	ikincil	eşleme-dışı	accept-hybrid	ÖK §6.5 (ON-KAYIT v0.8 (capa 7); 00-on-kayit/ON-KAYIT-TASLAK.md:1054): "İhraççı başına gerekli küme R = {X}, izinli küme {A, X}." | [T328] JWTBCP §3.1 (draft-ietf-oauth-rfc8725bis-10; metin/JWTBCP.txt:482): "it MUST determine which algorithms are permitted for itself and that issuer and ensure that the received JWT complies with those requirements" | ÖK §4.7 G5 (ON-KAYIT v0.8 (capa 7); 00-on-kayit/ON-KAYIT-TASLAK.md:767): "Göç etmiş bir varlık, ilan ettiği eski-sürüm penceresi dışında yalnız klasik kanıtla kabul edilemez." | [T219] HAIP §6.1.1.1 (HAIP 1.0 Final; metin/HAIP.txt:494): "If the credential has cryptographic holder binding, a KB-JWT, as defined in [I-D.ietf-oauth-sd-jwt-vc], MUST always be present when presenting an SD-JWT VC." | [T314] RFC7515 §5.2 (RFC 7515; metin/RFC7515.txt:810): "When there are multiple JWS Signature values, it is an application decision which of the JWS Signature values must successfully validate for the JWS to be accepted."	insa: ML-DSA-65=geçerli || R={ML-DSA-65} geçerli imzayla karşılandı; W içindeki imzalar geçerli || KB-JWT gerekli; KB alg=ES256 (P-L4 ihraççı politikası KB algoritmasını kısıtlamaz; etiket ihraççı imzasına göredir)
VP03_ihracci_MLDSA65_kb_MLDSA65	GEC	tedavi-ML-DSA-65	ikincil	eşleme-dışı	accept-hybrid	[T219] HAIP §6.1.1.1 (HAIP 1.0 Final; metin/HAIP.txt:494): "If the credential has cryptographic holder binding, a KB-JWT, as defined in [I-D.ietf-oauth-sd-jwt-vc], MUST always be present when presenting an SD-JWT VC." | ÖK §4.15 (ON-KAYIT v0.8 (capa 7); 00-on-kayit/ON-KAYIT-TASLAK.md:881): "V+: tek geçerli klasik imza → KABUL; V−: bozuk imza → RED" | [T315] RFC7515 §5.2 (RFC 7515; metin/RFC7515.txt:815): "at least one JWS Signature value MUST successfully validate, or the JWS MUST be considered invalid"	insa: ML-DSA-65=geçerli || imza(lar) geçerli; alg ∈ W || KB-JWT gerekli; KB alg=ML-DSA-65 (P-L4 ihraççı politikası KB algoritmasını kısıtlamaz; etiket ihraççı imzasına göredir)
VP03_ihracci_MLDSA65_kb_MLDSA65	L4	tedavi-ML-DSA-65	ikincil	eşleme-dışı	accept-hybrid	ÖK §6.5 (ON-KAYIT v0.8 (capa 7); 00-on-kayit/ON-KAYIT-TASLAK.md:1054): "İhraççı başına gerekli küme R = {X}, izinli küme {A, X}." | [T328] JWTBCP §3.1 (draft-ietf-oauth-rfc8725bis-10; metin/JWTBCP.txt:482): "it MUST determine which algorithms are permitted for itself and that issuer and ensure that the received JWT complies with those requirements" | ÖK §4.7 G5 (ON-KAYIT v0.8 (capa 7); 00-on-kayit/ON-KAYIT-TASLAK.md:767): "Göç etmiş bir varlık, ilan ettiği eski-sürüm penceresi dışında yalnız klasik kanıtla kabul edilemez." | [T219] HAIP §6.1.1.1 (HAIP 1.0 Final; metin/HAIP.txt:494): "If the credential has cryptographic holder binding, a KB-JWT, as defined in [I-D.ietf-oauth-sd-jwt-vc], MUST always be present when presenting an SD-JWT VC." | ÖK §4.13 L4 (ON-KAYIT v0.8 (capa 7); 00-on-kayit/ON-KAYIT-TASLAK.md:844): "Yapılandırılmış hâlde K1 KABUL, K2 RED, K3 RED (§6.5)"	insa: ML-DSA-65=geçerli || R={ML-DSA-65} geçerli imzayla karşılandı; W içindeki imzalar geçerli || KB-JWT gerekli; KB alg=ML-DSA-65 (P-L4 ihraççı politikası KB algoritmasını kısıtlamaz; etiket ihraççı imzasına göredir)
VP03_ihracci_MLDSA65_kb_MLDSA65	L4-S	tedavi-ML-DSA-65	ikincil	eşleme-dışı	accept-hybrid	ÖK §6.5 (ON-KAYIT v0.8 (capa 7); 00-on-kayit/ON-KAYIT-TASLAK.md:1054): "İhraççı başına gerekli küme R = {X}, izinli küme {A, X}." | [T328] JWTBCP §3.1 (draft-ietf-oauth-rfc8725bis-10; metin/JWTBCP.txt:482): "it MUST determine which algorithms are permitted for itself and that issuer and ensure that the received JWT complies with those requirements" | ÖK §4.7 G5 (ON-KAYIT v0.8 (capa 7); 00-on-kayit/ON-KAYIT-TASLAK.md:767): "Göç etmiş bir varlık, ilan ettiği eski-sürüm penceresi dışında yalnız klasik kanıtla kabul edilemez." | [T219] HAIP §6.1.1.1 (HAIP 1.0 Final; metin/HAIP.txt:494): "If the credential has cryptographic holder binding, a KB-JWT, as defined in [I-D.ietf-oauth-sd-jwt-vc], MUST always be present when presenting an SD-JWT VC." | ÖK §4.8 P3 (ON-KAYIT v0.8 (capa 7); 00-on-kayit/ON-KAYIT-TASLAK.md:778): "P2 + ihraççı başına gerekli küme R_I"	insa: ML-DSA-65=geçerli || R={ML-DSA-65} geçerli imzayla karşılandı; W içindeki imzalar geçerli || KB-JWT gerekli; KB alg=ML-DSA-65 (P-L4 ihraççı politikası KB algoritmasını kısıtlamaz; etiket ihraççı imzasına göredir)
VP03_ihracci_MLDSA65_kb_MLDSA65	L4-Y	tedavi-ML-DSA-65	ikincil	eşleme-dışı	accept-hybrid	ÖK §6.5 (ON-KAYIT v0.8 (capa 7); 00-on-kayit/ON-KAYIT-TASLAK.md:1054): "İhraççı başına gerekli küme R = {X}, izinli küme {A, X}." | [T328] JWTBCP §3.1 (draft-ietf-oauth-rfc8725bis-10; metin/JWTBCP.txt:482): "it MUST determine which algorithms are permitted for itself and that issuer and ensure that the received JWT complies with those requirements" | ÖK §4.7 G5 (ON-KAYIT v0.8 (capa 7); 00-on-kayit/ON-KAYIT-TASLAK.md:767): "Göç etmiş bir varlık, ilan ettiği eski-sürüm penceresi dışında yalnız klasik kanıtla kabul edilemez." | [T219] HAIP §6.1.1.1 (HAIP 1.0 Final; metin/HAIP.txt:494): "If the credential has cryptographic holder binding, a KB-JWT, as defined in [I-D.ietf-oauth-sd-jwt-vc], MUST always be present when presenting an SD-JWT VC." | [T314] RFC7515 §5.2 (RFC 7515; metin/RFC7515.txt:810): "When there are multiple JWS Signature values, it is an application decision which of the JWS Signature values must successfully validate for the JWS to be accepted."	insa: ML-DSA-65=geçerli || R={ML-DSA-65} geçerli imzayla karşılandı; W içindeki imzalar geçerli || KB-JWT gerekli; KB alg=ML-DSA-65 (P-L4 ihraççı politikası KB algoritmasını kısıtlamaz; etiket ihraççı imzasına göredir)
VP04_ihracci_composite_kb_composite	GEC	tedavi-composite	ikincil	eşleme-dışı	accept-hybrid	[T219] HAIP §6.1.1.1 (HAIP 1.0 Final; metin/HAIP.txt:494): "If the credential has cryptographic holder binding, a KB-JWT, as defined in [I-D.ietf-oauth-sd-jwt-vc], MUST always be present when presenting an SD-JWT VC." | ÖK §4.15 (ON-KAYIT v0.8 (capa 7); 00-on-kayit/ON-KAYIT-TASLAK.md:881): "V+: tek geçerli klasik imza → KABUL; V−: bozuk imza → RED" | [T315] RFC7515 §5.2 (RFC 7515; metin/RFC7515.txt:815): "at least one JWS Signature value MUST successfully validate, or the JWS MUST be considered invalid"	insa: ML-DSA-65-ES256=geçerli || imza(lar) geçerli; alg ∈ W || KB-JWT gerekli; KB alg=ML-DSA-65-ES256 (P-L4 ihraççı politikası KB algoritmasını kısıtlamaz; etiket ihraççı imzasına göredir)
VP04_ihracci_composite_kb_composite	L4	tedavi-composite	ikincil	eşleme-dışı	accept-hybrid	ÖK §6.5 (ON-KAYIT v0.8 (capa 7); 00-on-kayit/ON-KAYIT-TASLAK.md:1054): "İhraççı başına gerekli küme R = {X}, izinli küme {A, X}." | [T328] JWTBCP §3.1 (draft-ietf-oauth-rfc8725bis-10; metin/JWTBCP.txt:482): "it MUST determine which algorithms are permitted for itself and that issuer and ensure that the received JWT complies with those requirements" | ÖK §4.7 G5 (ON-KAYIT v0.8 (capa 7); 00-on-kayit/ON-KAYIT-TASLAK.md:767): "Göç etmiş bir varlık, ilan ettiği eski-sürüm penceresi dışında yalnız klasik kanıtla kabul edilemez." | [T219] HAIP §6.1.1.1 (HAIP 1.0 Final; metin/HAIP.txt:494): "If the credential has cryptographic holder binding, a KB-JWT, as defined in [I-D.ietf-oauth-sd-jwt-vc], MUST always be present when presenting an SD-JWT VC." | ÖK §4.13 L4 (ON-KAYIT v0.8 (capa 7); 00-on-kayit/ON-KAYIT-TASLAK.md:844): "Yapılandırılmış hâlde K1 KABUL, K2 RED, K3 RED (§6.5)"	insa: ML-DSA-65-ES256=geçerli || R={ML-DSA-65-ES256} geçerli imzayla karşılandı; W içindeki imzalar geçerli || KB-JWT gerekli; KB alg=ML-DSA-65-ES256 (P-L4 ihraççı politikası KB algoritmasını kısıtlamaz; etiket ihraççı imzasına göredir)
VP04_ihracci_composite_kb_composite	L4-S	tedavi-composite	ikincil	eşleme-dışı	accept-hybrid	ÖK §6.5 (ON-KAYIT v0.8 (capa 7); 00-on-kayit/ON-KAYIT-TASLAK.md:1054): "İhraççı başına gerekli küme R = {X}, izinli küme {A, X}." | [T328] JWTBCP §3.1 (draft-ietf-oauth-rfc8725bis-10; metin/JWTBCP.txt:482): "it MUST determine which algorithms are permitted for itself and that issuer and ensure that the received JWT complies with those requirements" | ÖK §4.7 G5 (ON-KAYIT v0.8 (capa 7); 00-on-kayit/ON-KAYIT-TASLAK.md:767): "Göç etmiş bir varlık, ilan ettiği eski-sürüm penceresi dışında yalnız klasik kanıtla kabul edilemez." | [T219] HAIP §6.1.1.1 (HAIP 1.0 Final; metin/HAIP.txt:494): "If the credential has cryptographic holder binding, a KB-JWT, as defined in [I-D.ietf-oauth-sd-jwt-vc], MUST always be present when presenting an SD-JWT VC." | ÖK §4.8 P3 (ON-KAYIT v0.8 (capa 7); 00-on-kayit/ON-KAYIT-TASLAK.md:778): "P2 + ihraççı başına gerekli küme R_I"	insa: ML-DSA-65-ES256=geçerli || R={ML-DSA-65-ES256} geçerli imzayla karşılandı; W içindeki imzalar geçerli || KB-JWT gerekli; KB alg=ML-DSA-65-ES256 (P-L4 ihraççı politikası KB algoritmasını kısıtlamaz; etiket ihraççı imzasına göredir)
VP04_ihracci_composite_kb_composite	L4-Y	tedavi-composite	ikincil	eşleme-dışı	accept-hybrid	ÖK §6.5 (ON-KAYIT v0.8 (capa 7); 00-on-kayit/ON-KAYIT-TASLAK.md:1054): "İhraççı başına gerekli küme R = {X}, izinli küme {A, X}." | [T328] JWTBCP §3.1 (draft-ietf-oauth-rfc8725bis-10; metin/JWTBCP.txt:482): "it MUST determine which algorithms are permitted for itself and that issuer and ensure that the received JWT complies with those requirements" | ÖK §4.7 G5 (ON-KAYIT v0.8 (capa 7); 00-on-kayit/ON-KAYIT-TASLAK.md:767): "Göç etmiş bir varlık, ilan ettiği eski-sürüm penceresi dışında yalnız klasik kanıtla kabul edilemez." | [T219] HAIP §6.1.1.1 (HAIP 1.0 Final; metin/HAIP.txt:494): "If the credential has cryptographic holder binding, a KB-JWT, as defined in [I-D.ietf-oauth-sd-jwt-vc], MUST always be present when presenting an SD-JWT VC." | [T314] RFC7515 §5.2 (RFC 7515; metin/RFC7515.txt:810): "When there are multiple JWS Signature values, it is an application decision which of the JWS Signature values must successfully validate for the JWS to be accepted."	insa: ML-DSA-65-ES256=geçerli || R={ML-DSA-65-ES256} geçerli imzayla karşılandı; W içindeki imzalar geçerli || KB-JWT gerekli; KB alg=ML-DSA-65-ES256 (P-L4 ihraççı politikası KB algoritmasını kısıtlamaz; etiket ihraççı imzasına göredir)
VP05_GJ_ES256_MLDSA65_kb	L4	tedavi-ML-DSA-65	ikincil	MR1	indeterminate	ÖK §6.5 (ON-KAYIT v0.8 (capa 7); 00-on-kayit/ON-KAYIT-TASLAK.md:1054): "İhraççı başına gerekli küme R = {X}, izinli küme {A, X}." | [T328] JWTBCP §3.1 (draft-ietf-oauth-rfc8725bis-10; metin/JWTBCP.txt:482): "it MUST determine which algorithms are permitted for itself and that issuer and ensure that the received JWT complies with those requirements" | ÖK §4.7 G5 (ON-KAYIT v0.8 (capa 7); 00-on-kayit/ON-KAYIT-TASLAK.md:767): "Göç etmiş bir varlık, ilan ettiği eski-sürüm penceresi dışında yalnız klasik kanıtla kabul edilemez." | [T219] HAIP §6.1.1.1 (HAIP 1.0 Final; metin/HAIP.txt:494): "If the credential has cryptographic holder binding, a KB-JWT, as defined in [I-D.ietf-oauth-sd-jwt-vc], MUST always be present when presenting an SD-JWT VC." | RFC9901 §8.1 (RFC 9901; metin/RFC9901.txt:1905): "the SD-JWT Compact Serialization part is built by concatenating the protected header, the payload, and the signature of the JWS JSON serialized SD-JWT" | RFC9901 §7.3 (RFC 9901; metin/RFC9901.txt:1868): "verify that it matches the value of the sd_hash claim in the Key Binding JWT" | ÖK §2D m.4 (ON-KAYIT v0.8 (capa 7); 00-on-kayit/ON-KAYIT-TASLAK.md:412): "General JSON serileştirmede birden çok imza varsa `sd_hash`'in hangi imzayı bağladığı tanımsızdır." | ÖK §4.13 L4 (ON-KAYIT v0.8 (capa 7); 00-on-kayit/ON-KAYIT-TASLAK.md:844): "Yapılandırılmış hâlde K1 KABUL, K2 RED, K3 RED (§6.5)"	insa: ES256=geçerli, ML-DSA-65=geçerli || General JSON + birden çok ihraççı imzası: sd_hash için geçici compact biçimin hangi imzayla kurulacağı tanımsız (insa: sd_hash_imza_sirasi=0, 0-tabanlı) || imza düzeyi: accept-hybrid (R={ML-DSA-65} geçerli imzayla karşılandı; W içindeki imzalar geçerli || JSON serileştirme isteğe bağlı: destekleyen hedef için karar; desteklemeyen hedefte B6 (uygulanamaz) [RFC9901 §8; T114 SDJWTVC13 §3.2; T115 HAIP §6.1; ÖK §4.13 B6] || KB-JWT gerekli; KB alg=ES256 (P-L4 ihraççı politikası KB algoritmasını kısıtlamaz; etiket ihraççı imzasına göredir))
VP05_GJ_ES256_MLDSA65_kb	L4-S	tedavi-ML-DSA-65	ikincil	MR1	indeterminate	ÖK §6.5 (ON-KAYIT v0.8 (capa 7); 00-on-kayit/ON-KAYIT-TASLAK.md:1054): "İhraççı başına gerekli küme R = {X}, izinli küme {A, X}." | [T328] JWTBCP §3.1 (draft-ietf-oauth-rfc8725bis-10; metin/JWTBCP.txt:482): "it MUST determine which algorithms are permitted for itself and that issuer and ensure that the received JWT complies with those requirements" | ÖK §4.7 G5 (ON-KAYIT v0.8 (capa 7); 00-on-kayit/ON-KAYIT-TASLAK.md:767): "Göç etmiş bir varlık, ilan ettiği eski-sürüm penceresi dışında yalnız klasik kanıtla kabul edilemez." | [T219] HAIP §6.1.1.1 (HAIP 1.0 Final; metin/HAIP.txt:494): "If the credential has cryptographic holder binding, a KB-JWT, as defined in [I-D.ietf-oauth-sd-jwt-vc], MUST always be present when presenting an SD-JWT VC." | RFC9901 §8.1 (RFC 9901; metin/RFC9901.txt:1905): "the SD-JWT Compact Serialization part is built by concatenating the protected header, the payload, and the signature of the JWS JSON serialized SD-JWT" | RFC9901 §7.3 (RFC 9901; metin/RFC9901.txt:1868): "verify that it matches the value of the sd_hash claim in the Key Binding JWT" | ÖK §2D m.4 (ON-KAYIT v0.8 (capa 7); 00-on-kayit/ON-KAYIT-TASLAK.md:412): "General JSON serileştirmede birden çok imza varsa `sd_hash`'in hangi imzayı bağladığı tanımsızdır." | ÖK §4.8 P3 (ON-KAYIT v0.8 (capa 7); 00-on-kayit/ON-KAYIT-TASLAK.md:778): "P2 + ihraççı başına gerekli küme R_I"	insa: ES256=geçerli, ML-DSA-65=geçerli || General JSON + birden çok ihraççı imzası: sd_hash için geçici compact biçimin hangi imzayla kurulacağı tanımsız (insa: sd_hash_imza_sirasi=0, 0-tabanlı) || imza düzeyi: accept-hybrid (R={ML-DSA-65} geçerli imzayla karşılandı; W içindeki imzalar geçerli || JSON serileştirme isteğe bağlı: destekleyen hedef için karar; desteklemeyen hedefte B6 (uygulanamaz) [RFC9901 §8; T114 SDJWTVC13 §3.2; T115 HAIP §6.1; ÖK §4.13 B6] || KB-JWT gerekli; KB alg=ES256 (P-L4 ihraççı politikası KB algoritmasını kısıtlamaz; etiket ihraççı imzasına göredir))
VP05_GJ_ES256_MLDSA65_kb	L4-Y	tedavi-ML-DSA-65	ikincil	MR1	indeterminate	ÖK §6.5 (ON-KAYIT v0.8 (capa 7); 00-on-kayit/ON-KAYIT-TASLAK.md:1054): "İhraççı başına gerekli küme R = {X}, izinli küme {A, X}." | [T328] JWTBCP §3.1 (draft-ietf-oauth-rfc8725bis-10; metin/JWTBCP.txt:482): "it MUST determine which algorithms are permitted for itself and that issuer and ensure that the received JWT complies with those requirements" | ÖK §4.7 G5 (ON-KAYIT v0.8 (capa 7); 00-on-kayit/ON-KAYIT-TASLAK.md:767): "Göç etmiş bir varlık, ilan ettiği eski-sürüm penceresi dışında yalnız klasik kanıtla kabul edilemez." | [T219] HAIP §6.1.1.1 (HAIP 1.0 Final; metin/HAIP.txt:494): "If the credential has cryptographic holder binding, a KB-JWT, as defined in [I-D.ietf-oauth-sd-jwt-vc], MUST always be present when presenting an SD-JWT VC." | RFC9901 §8.1 (RFC 9901; metin/RFC9901.txt:1905): "the SD-JWT Compact Serialization part is built by concatenating the protected header, the payload, and the signature of the JWS JSON serialized SD-JWT" | RFC9901 §7.3 (RFC 9901; metin/RFC9901.txt:1868): "verify that it matches the value of the sd_hash claim in the Key Binding JWT" | ÖK §2D m.4 (ON-KAYIT v0.8 (capa 7); 00-on-kayit/ON-KAYIT-TASLAK.md:412): "General JSON serileştirmede birden çok imza varsa `sd_hash`'in hangi imzayı bağladığı tanımsızdır." | [T314] RFC7515 §5.2 (RFC 7515; metin/RFC7515.txt:810): "When there are multiple JWS Signature values, it is an application decision which of the JWS Signature values must successfully validate for the JWS to be accepted."	insa: ES256=geçerli, ML-DSA-65=geçerli || General JSON + birden çok ihraççı imzası: sd_hash için geçici compact biçimin hangi imzayla kurulacağı tanımsız (insa: sd_hash_imza_sirasi=0, 0-tabanlı) || imza düzeyi: accept-hybrid (R={ML-DSA-65} geçerli imzayla karşılandı; W içindeki imzalar geçerli || JSON serileştirme isteğe bağlı: destekleyen hedef için karar; desteklemeyen hedefte B6 (uygulanamaz) [RFC9901 §8; T114 SDJWTVC13 §3.2; T115 HAIP §6.1; ÖK §4.13 B6] || KB-JWT gerekli; KB alg=ES256 (P-L4 ihraççı politikası KB algoritmasını kısıtlamaz; etiket ihraççı imzasına göredir))
VP05_GJ_ES256_MLDSA65_kb	P0	tedavi-ML-DSA-65	ikincil	MR1	indeterminate	ÖK §4.8 P0 (ON-KAYIT v0.8 (capa 7); 00-on-kayit/ON-KAYIT-TASLAK.md:775): "En az bir imza geçerliyse kabul" | [T314] RFC7515 §5.2 (RFC 7515; metin/RFC7515.txt:810): "When there are multiple JWS Signature values, it is an application decision which of the JWS Signature values must successfully validate for the JWS to be accepted." | [T219] HAIP §6.1.1.1 (HAIP 1.0 Final; metin/HAIP.txt:494): "If the credential has cryptographic holder binding, a KB-JWT, as defined in [I-D.ietf-oauth-sd-jwt-vc], MUST always be present when presenting an SD-JWT VC." | RFC9901 §8.1 (RFC 9901; metin/RFC9901.txt:1905): "the SD-JWT Compact Serialization part is built by concatenating the protected header, the payload, and the signature of the JWS JSON serialized SD-JWT" | RFC9901 §7.3 (RFC 9901; metin/RFC9901.txt:1868): "verify that it matches the value of the sd_hash claim in the Key Binding JWT" | ÖK §2D m.4 (ON-KAYIT v0.8 (capa 7); 00-on-kayit/ON-KAYIT-TASLAK.md:412): "General JSON serileştirmede birden çok imza varsa `sd_hash`'in hangi imzayı bağladığı tanımsızdır."	insa: ES256=geçerli, ML-DSA-65=geçerli || General JSON + birden çok ihraççı imzası: sd_hash için geçici compact biçimin hangi imzayla kurulacağı tanımsız (insa: sd_hash_imza_sirasi=0, 0-tabanlı) || imza düzeyi: accept-classical (en az bir geçerli imza var; kabul için klasik ES256 yeterli || JSON serileştirme isteğe bağlı: destekleyen hedef için karar; desteklemeyen hedefte B6 (uygulanamaz) [RFC9901 §8; T114 SDJWTVC13 §3.2; T115 HAIP §6.1; ÖK §4.13 B6] || KB-JWT gerekli; KB alg=ES256 (P-L4 ihraççı politikası KB algoritmasını kısıtlamaz; etiket ihraççı imzasına göredir))
VP05_GJ_ES256_MLDSA65_kb	P1	tedavi-ML-DSA-65	ikincil	MR1	indeterminate	ÖK §4.8 P1 (ON-KAYIT v0.8 (capa 7); 00-on-kayit/ON-KAYIT-TASLAK.md:776): "Mevcut imzaların tümü geçerliyse kabul. İmza silinmesi (soyma) fark edilmez" | [T135] ACM2 Note 51 (ECCG ACM v2.0; metin/ACM2.txt:946): "the veriﬁcation function accepting if and only if all signatures are correct" | [T219] HAIP §6.1.1.1 (HAIP 1.0 Final; metin/HAIP.txt:494): "If the credential has cryptographic holder binding, a KB-JWT, as defined in [I-D.ietf-oauth-sd-jwt-vc], MUST always be present when presenting an SD-JWT VC." | RFC9901 §8.1 (RFC 9901; metin/RFC9901.txt:1905): "the SD-JWT Compact Serialization part is built by concatenating the protected header, the payload, and the signature of the JWS JSON serialized SD-JWT" | RFC9901 §7.3 (RFC 9901; metin/RFC9901.txt:1868): "verify that it matches the value of the sd_hash claim in the Key Binding JWT" | ÖK §2D m.4 (ON-KAYIT v0.8 (capa 7); 00-on-kayit/ON-KAYIT-TASLAK.md:412): "General JSON serileştirmede birden çok imza varsa `sd_hash`'in hangi imzayı bağladığı tanımsızdır."	insa: ES256=geçerli, ML-DSA-65=geçerli || General JSON + birden çok ihraççı imzası: sd_hash için geçici compact biçimin hangi imzayla kurulacağı tanımsız (insa: sd_hash_imza_sirasi=0, 0-tabanlı) || imza düzeyi: accept-hybrid (mevcut imzaların tümü geçerli; aralarında PQ imza var, kabul PQ doğrulamasını içerir || JSON serileştirme isteğe bağlı: destekleyen hedef için karar; desteklemeyen hedefte B6 (uygulanamaz) [RFC9901 §8; T114 SDJWTVC13 §3.2; T115 HAIP §6.1; ÖK §4.13 B6] || KB-JWT gerekli; KB alg=ES256 (P-L4 ihraççı politikası KB algoritmasını kısıtlamaz; etiket ihraççı imzasına göredir))
VP06_GJ_pq_soyuldu_kb_gecerli	GEC	tedavi-ML-DSA-65	ikincil	K3(ikincil);MR1	accept-classical	[T219] HAIP §6.1.1.1 (HAIP 1.0 Final; metin/HAIP.txt:494): "If the credential has cryptographic holder binding, a KB-JWT, as defined in [I-D.ietf-oauth-sd-jwt-vc], MUST always be present when presenting an SD-JWT VC." | ÖK §4.15 (ON-KAYIT v0.8 (capa 7); 00-on-kayit/ON-KAYIT-TASLAK.md:881): "V+: tek geçerli klasik imza → KABUL; V−: bozuk imza → RED" | [T315] RFC7515 §5.2 (RFC 7515; metin/RFC7515.txt:815): "at least one JWS Signature value MUST successfully validate, or the JWS MUST be considered invalid"	insa: ES256=geçerli || imza(lar) geçerli; alg ∈ W || JSON serileştirme isteğe bağlı: destekleyen hedef için karar; desteklemeyen hedefte B6 (uygulanamaz) [RFC9901 §8; T114 SDJWTVC13 §3.2; T115 HAIP §6.1; ÖK §4.13 B6] || KB-JWT gerekli; KB alg=ES256 (P-L4 ihraççı politikası KB algoritmasını kısıtlamaz; etiket ihraççı imzasına göredir)
VP06_GJ_pq_soyuldu_kb_gecerli	L4	tedavi-ML-DSA-65	ikincil	K3(ikincil);MR1	reject	ÖK §6.5 (ON-KAYIT v0.8 (capa 7); 00-on-kayit/ON-KAYIT-TASLAK.md:1054): "İhraççı başına gerekli küme R = {X}, izinli küme {A, X}." | [T328] JWTBCP §3.1 (draft-ietf-oauth-rfc8725bis-10; metin/JWTBCP.txt:482): "it MUST determine which algorithms are permitted for itself and that issuer and ensure that the received JWT complies with those requirements" | ÖK §4.7 G5 (ON-KAYIT v0.8 (capa 7); 00-on-kayit/ON-KAYIT-TASLAK.md:767): "Göç etmiş bir varlık, ilan ettiği eski-sürüm penceresi dışında yalnız klasik kanıtla kabul edilemez." | ÖK §4.13 L4 (ON-KAYIT v0.8 (capa 7); 00-on-kayit/ON-KAYIT-TASLAK.md:844): "Yapılandırılmış hâlde K1 KABUL, K2 RED, K3 RED (§6.5)" | [T219] HAIP §6.1.1.1 (HAIP 1.0 Final; metin/HAIP.txt:494): "If the credential has cryptographic holder binding, a KB-JWT, as defined in [I-D.ietf-oauth-sd-jwt-vc], MUST always be present when presenting an SD-JWT VC." | ÖK §6.5 K3 (ON-KAYIT v0.8 (capa 7); 00-on-kayit/ON-KAYIT-TASLAK.md:1060): "X soyulmuş (yalnız A) | RED"	insa: ES256=geçerli || gerekli küme R=['ML-DSA-65'] karşılanmıyor (yalnız ES256) || JSON serileştirme isteğe bağlı: destekleyen hedef için karar; desteklemeyen hedefte B6 (uygulanamaz) [RFC9901 §8; T114 SDJWTVC13 §3.2; T115 HAIP §6.1; ÖK §4.13 B6] || KB-JWT gerekli; KB alg=ES256 (P-L4 ihraççı politikası KB algoritmasını kısıtlamaz; etiket ihraççı imzasına göredir)
VP06_GJ_pq_soyuldu_kb_gecerli	L4-S	tedavi-ML-DSA-65	ikincil	K3(ikincil);MR1	reject	ÖK §6.5 (ON-KAYIT v0.8 (capa 7); 00-on-kayit/ON-KAYIT-TASLAK.md:1054): "İhraççı başına gerekli küme R = {X}, izinli küme {A, X}." | [T328] JWTBCP §3.1 (draft-ietf-oauth-rfc8725bis-10; metin/JWTBCP.txt:482): "it MUST determine which algorithms are permitted for itself and that issuer and ensure that the received JWT complies with those requirements" | ÖK §4.7 G5 (ON-KAYIT v0.8 (capa 7); 00-on-kayit/ON-KAYIT-TASLAK.md:767): "Göç etmiş bir varlık, ilan ettiği eski-sürüm penceresi dışında yalnız klasik kanıtla kabul edilemez." | ÖK §4.13 L4 (ON-KAYIT v0.8 (capa 7); 00-on-kayit/ON-KAYIT-TASLAK.md:844): "Yapılandırılmış hâlde K1 KABUL, K2 RED, K3 RED (§6.5)" | [T219] HAIP §6.1.1.1 (HAIP 1.0 Final; metin/HAIP.txt:494): "If the credential has cryptographic holder binding, a KB-JWT, as defined in [I-D.ietf-oauth-sd-jwt-vc], MUST always be present when presenting an SD-JWT VC." | ÖK §6.5 K3 (ON-KAYIT v0.8 (capa 7); 00-on-kayit/ON-KAYIT-TASLAK.md:1060): "X soyulmuş (yalnız A) | RED" | ÖK §4.8 P3 (ON-KAYIT v0.8 (capa 7); 00-on-kayit/ON-KAYIT-TASLAK.md:778): "P2 + ihraççı başına gerekli küme R_I"	insa: ES256=geçerli || gerekli küme R=['ML-DSA-65'] karşılanmıyor (yalnız ES256) || JSON serileştirme isteğe bağlı: destekleyen hedef için karar; desteklemeyen hedefte B6 (uygulanamaz) [RFC9901 §8; T114 SDJWTVC13 §3.2; T115 HAIP §6.1; ÖK §4.13 B6] || KB-JWT gerekli; KB alg=ES256 (P-L4 ihraççı politikası KB algoritmasını kısıtlamaz; etiket ihraççı imzasına göredir)
VP06_GJ_pq_soyuldu_kb_gecerli	L4-Y	tedavi-ML-DSA-65	ikincil	K3(ikincil);MR1	reject	ÖK §6.5 (ON-KAYIT v0.8 (capa 7); 00-on-kayit/ON-KAYIT-TASLAK.md:1054): "İhraççı başına gerekli küme R = {X}, izinli küme {A, X}." | [T328] JWTBCP §3.1 (draft-ietf-oauth-rfc8725bis-10; metin/JWTBCP.txt:482): "it MUST determine which algorithms are permitted for itself and that issuer and ensure that the received JWT complies with those requirements" | ÖK §4.7 G5 (ON-KAYIT v0.8 (capa 7); 00-on-kayit/ON-KAYIT-TASLAK.md:767): "Göç etmiş bir varlık, ilan ettiği eski-sürüm penceresi dışında yalnız klasik kanıtla kabul edilemez." | ÖK §4.13 L4 (ON-KAYIT v0.8 (capa 7); 00-on-kayit/ON-KAYIT-TASLAK.md:844): "Yapılandırılmış hâlde K1 KABUL, K2 RED, K3 RED (§6.5)" | [T219] HAIP §6.1.1.1 (HAIP 1.0 Final; metin/HAIP.txt:494): "If the credential has cryptographic holder binding, a KB-JWT, as defined in [I-D.ietf-oauth-sd-jwt-vc], MUST always be present when presenting an SD-JWT VC." | ÖK §6.5 K3 (ON-KAYIT v0.8 (capa 7); 00-on-kayit/ON-KAYIT-TASLAK.md:1060): "X soyulmuş (yalnız A) | RED" | [T314] RFC7515 §5.2 (RFC 7515; metin/RFC7515.txt:810): "When there are multiple JWS Signature values, it is an application decision which of the JWS Signature values must successfully validate for the JWS to be accepted."	insa: ES256=geçerli || gerekli küme R=['ML-DSA-65'] karşılanmıyor (yalnız ES256) || JSON serileştirme isteğe bağlı: destekleyen hedef için karar; desteklemeyen hedefte B6 (uygulanamaz) [RFC9901 §8; T114 SDJWTVC13 §3.2; T115 HAIP §6.1; ÖK §4.13 B6] || KB-JWT gerekli; KB alg=ES256 (P-L4 ihraççı politikası KB algoritmasını kısıtlamaz; etiket ihraççı imzasına göredir)
VP06_GJ_pq_soyuldu_kb_gecerli	P0	tedavi-ML-DSA-65	ikincil	K3(ikincil);MR1	accept-classical	ÖK §4.8 P0 (ON-KAYIT v0.8 (capa 7); 00-on-kayit/ON-KAYIT-TASLAK.md:775): "En az bir imza geçerliyse kabul" | [T314] RFC7515 §5.2 (RFC 7515; metin/RFC7515.txt:810): "When there are multiple JWS Signature values, it is an application decision which of the JWS Signature values must successfully validate for the JWS to be accepted." | [T219] HAIP §6.1.1.1 (HAIP 1.0 Final; metin/HAIP.txt:494): "If the credential has cryptographic holder binding, a KB-JWT, as defined in [I-D.ietf-oauth-sd-jwt-vc], MUST always be present when presenting an SD-JWT VC."	insa: ES256=geçerli || en az bir geçerli imza var; kabul için klasik ES256 yeterli || JSON serileştirme isteğe bağlı: destekleyen hedef için karar; desteklemeyen hedefte B6 (uygulanamaz) [RFC9901 §8; T114 SDJWTVC13 §3.2; T115 HAIP §6.1; ÖK §4.13 B6] || KB-JWT gerekli; KB alg=ES256 (P-L4 ihraççı politikası KB algoritmasını kısıtlamaz; etiket ihraççı imzasına göredir)
VP06_GJ_pq_soyuldu_kb_gecerli	P1	tedavi-ML-DSA-65	ikincil	K3(ikincil);MR1	accept-classical	ÖK §4.8 P1 (ON-KAYIT v0.8 (capa 7); 00-on-kayit/ON-KAYIT-TASLAK.md:776): "Mevcut imzaların tümü geçerliyse kabul. İmza silinmesi (soyma) fark edilmez" | [T135] ACM2 Note 51 (ECCG ACM v2.0; metin/ACM2.txt:946): "the veriﬁcation function accepting if and only if all signatures are correct" | [T219] HAIP §6.1.1.1 (HAIP 1.0 Final; metin/HAIP.txt:494): "If the credential has cryptographic holder binding, a KB-JWT, as defined in [I-D.ietf-oauth-sd-jwt-vc], MUST always be present when presenting an SD-JWT VC."	insa: ES256=geçerli || mevcut imzaların tümü geçerli || JSON serileştirme isteğe bağlı: destekleyen hedef için karar; desteklemeyen hedefte B6 (uygulanamaz) [RFC9901 §8; T114 SDJWTVC13 §3.2; T115 HAIP §6.1; ÖK §4.13 B6] || KB-JWT gerekli; KB alg=ES256 (P-L4 ihraççı politikası KB algoritmasını kısıtlamaz; etiket ihraççı imzasına göredir)
VP07_GJ_sd_hash_ikinci_imza	L4	tedavi-ML-DSA-65	ikincil	eşleme-dışı	indeterminate	ÖK §6.5 (ON-KAYIT v0.8 (capa 7); 00-on-kayit/ON-KAYIT-TASLAK.md:1054): "İhraççı başına gerekli küme R = {X}, izinli küme {A, X}." | [T328] JWTBCP §3.1 (draft-ietf-oauth-rfc8725bis-10; metin/JWTBCP.txt:482): "it MUST determine which algorithms are permitted for itself and that issuer and ensure that the received JWT complies with those requirements" | ÖK §4.7 G5 (ON-KAYIT v0.8 (capa 7); 00-on-kayit/ON-KAYIT-TASLAK.md:767): "Göç etmiş bir varlık, ilan ettiği eski-sürüm penceresi dışında yalnız klasik kanıtla kabul edilemez." | [T219] HAIP §6.1.1.1 (HAIP 1.0 Final; metin/HAIP.txt:494): "If the credential has cryptographic holder binding, a KB-JWT, as defined in [I-D.ietf-oauth-sd-jwt-vc], MUST always be present when presenting an SD-JWT VC." | RFC9901 §8.1 (RFC 9901; metin/RFC9901.txt:1905): "the SD-JWT Compact Serialization part is built by concatenating the protected header, the payload, and the signature of the JWS JSON serialized SD-JWT" | RFC9901 §7.3 (RFC 9901; metin/RFC9901.txt:1868): "verify that it matches the value of the sd_hash claim in the Key Binding JWT" | ÖK §2D m.4 (ON-KAYIT v0.8 (capa 7); 00-on-kayit/ON-KAYIT-TASLAK.md:412): "General JSON serileştirmede birden çok imza varsa `sd_hash`'in hangi imzayı bağladığı tanımsızdır." | ÖK §4.13 L4 (ON-KAYIT v0.8 (capa 7); 00-on-kayit/ON-KAYIT-TASLAK.md:844): "Yapılandırılmış hâlde K1 KABUL, K2 RED, K3 RED (§6.5)"	insa: ES256=geçerli, ML-DSA-65=geçerli || General JSON + birden çok ihraççı imzası: sd_hash için geçici compact biçimin hangi imzayla kurulacağı tanımsız (insa: sd_hash_imza_sirasi=1, 0-tabanlı) || imza düzeyi: accept-hybrid (R={ML-DSA-65} geçerli imzayla karşılandı; W içindeki imzalar geçerli || JSON serileştirme isteğe bağlı: destekleyen hedef için karar; desteklemeyen hedefte B6 (uygulanamaz) [RFC9901 §8; T114 SDJWTVC13 §3.2; T115 HAIP §6.1; ÖK §4.13 B6] || KB-JWT gerekli; KB alg=ES256 (P-L4 ihraççı politikası KB algoritmasını kısıtlamaz; etiket ihraççı imzasına göredir))
VP07_GJ_sd_hash_ikinci_imza	L4-S	tedavi-ML-DSA-65	ikincil	eşleme-dışı	indeterminate	ÖK §6.5 (ON-KAYIT v0.8 (capa 7); 00-on-kayit/ON-KAYIT-TASLAK.md:1054): "İhraççı başına gerekli küme R = {X}, izinli küme {A, X}." | [T328] JWTBCP §3.1 (draft-ietf-oauth-rfc8725bis-10; metin/JWTBCP.txt:482): "it MUST determine which algorithms are permitted for itself and that issuer and ensure that the received JWT complies with those requirements" | ÖK §4.7 G5 (ON-KAYIT v0.8 (capa 7); 00-on-kayit/ON-KAYIT-TASLAK.md:767): "Göç etmiş bir varlık, ilan ettiği eski-sürüm penceresi dışında yalnız klasik kanıtla kabul edilemez." | [T219] HAIP §6.1.1.1 (HAIP 1.0 Final; metin/HAIP.txt:494): "If the credential has cryptographic holder binding, a KB-JWT, as defined in [I-D.ietf-oauth-sd-jwt-vc], MUST always be present when presenting an SD-JWT VC." | RFC9901 §8.1 (RFC 9901; metin/RFC9901.txt:1905): "the SD-JWT Compact Serialization part is built by concatenating the protected header, the payload, and the signature of the JWS JSON serialized SD-JWT" | RFC9901 §7.3 (RFC 9901; metin/RFC9901.txt:1868): "verify that it matches the value of the sd_hash claim in the Key Binding JWT" | ÖK §2D m.4 (ON-KAYIT v0.8 (capa 7); 00-on-kayit/ON-KAYIT-TASLAK.md:412): "General JSON serileştirmede birden çok imza varsa `sd_hash`'in hangi imzayı bağladığı tanımsızdır." | ÖK §4.8 P3 (ON-KAYIT v0.8 (capa 7); 00-on-kayit/ON-KAYIT-TASLAK.md:778): "P2 + ihraççı başına gerekli küme R_I"	insa: ES256=geçerli, ML-DSA-65=geçerli || General JSON + birden çok ihraççı imzası: sd_hash için geçici compact biçimin hangi imzayla kurulacağı tanımsız (insa: sd_hash_imza_sirasi=1, 0-tabanlı) || imza düzeyi: accept-hybrid (R={ML-DSA-65} geçerli imzayla karşılandı; W içindeki imzalar geçerli || JSON serileştirme isteğe bağlı: destekleyen hedef için karar; desteklemeyen hedefte B6 (uygulanamaz) [RFC9901 §8; T114 SDJWTVC13 §3.2; T115 HAIP §6.1; ÖK §4.13 B6] || KB-JWT gerekli; KB alg=ES256 (P-L4 ihraççı politikası KB algoritmasını kısıtlamaz; etiket ihraççı imzasına göredir))
VP07_GJ_sd_hash_ikinci_imza	L4-Y	tedavi-ML-DSA-65	ikincil	eşleme-dışı	indeterminate	ÖK §6.5 (ON-KAYIT v0.8 (capa 7); 00-on-kayit/ON-KAYIT-TASLAK.md:1054): "İhraççı başına gerekli küme R = {X}, izinli küme {A, X}." | [T328] JWTBCP §3.1 (draft-ietf-oauth-rfc8725bis-10; metin/JWTBCP.txt:482): "it MUST determine which algorithms are permitted for itself and that issuer and ensure that the received JWT complies with those requirements" | ÖK §4.7 G5 (ON-KAYIT v0.8 (capa 7); 00-on-kayit/ON-KAYIT-TASLAK.md:767): "Göç etmiş bir varlık, ilan ettiği eski-sürüm penceresi dışında yalnız klasik kanıtla kabul edilemez." | [T219] HAIP §6.1.1.1 (HAIP 1.0 Final; metin/HAIP.txt:494): "If the credential has cryptographic holder binding, a KB-JWT, as defined in [I-D.ietf-oauth-sd-jwt-vc], MUST always be present when presenting an SD-JWT VC." | RFC9901 §8.1 (RFC 9901; metin/RFC9901.txt:1905): "the SD-JWT Compact Serialization part is built by concatenating the protected header, the payload, and the signature of the JWS JSON serialized SD-JWT" | RFC9901 §7.3 (RFC 9901; metin/RFC9901.txt:1868): "verify that it matches the value of the sd_hash claim in the Key Binding JWT" | ÖK §2D m.4 (ON-KAYIT v0.8 (capa 7); 00-on-kayit/ON-KAYIT-TASLAK.md:412): "General JSON serileştirmede birden çok imza varsa `sd_hash`'in hangi imzayı bağladığı tanımsızdır." | [T314] RFC7515 §5.2 (RFC 7515; metin/RFC7515.txt:810): "When there are multiple JWS Signature values, it is an application decision which of the JWS Signature values must successfully validate for the JWS to be accepted."	insa: ES256=geçerli, ML-DSA-65=geçerli || General JSON + birden çok ihraççı imzası: sd_hash için geçici compact biçimin hangi imzayla kurulacağı tanımsız (insa: sd_hash_imza_sirasi=1, 0-tabanlı) || imza düzeyi: accept-hybrid (R={ML-DSA-65} geçerli imzayla karşılandı; W içindeki imzalar geçerli || JSON serileştirme isteğe bağlı: destekleyen hedef için karar; desteklemeyen hedefte B6 (uygulanamaz) [RFC9901 §8; T114 SDJWTVC13 §3.2; T115 HAIP §6.1; ÖK §4.13 B6] || KB-JWT gerekli; KB alg=ES256 (P-L4 ihraççı politikası KB algoritmasını kısıtlamaz; etiket ihraççı imzasına göredir))
VP07_GJ_sd_hash_ikinci_imza	P0	tedavi-ML-DSA-65	ikincil	eşleme-dışı	indeterminate	ÖK §4.8 P0 (ON-KAYIT v0.8 (capa 7); 00-on-kayit/ON-KAYIT-TASLAK.md:775): "En az bir imza geçerliyse kabul" | [T314] RFC7515 §5.2 (RFC 7515; metin/RFC7515.txt:810): "When there are multiple JWS Signature values, it is an application decision which of the JWS Signature values must successfully validate for the JWS to be accepted." | [T219] HAIP §6.1.1.1 (HAIP 1.0 Final; metin/HAIP.txt:494): "If the credential has cryptographic holder binding, a KB-JWT, as defined in [I-D.ietf-oauth-sd-jwt-vc], MUST always be present when presenting an SD-JWT VC." | RFC9901 §8.1 (RFC 9901; metin/RFC9901.txt:1905): "the SD-JWT Compact Serialization part is built by concatenating the protected header, the payload, and the signature of the JWS JSON serialized SD-JWT" | RFC9901 §7.3 (RFC 9901; metin/RFC9901.txt:1868): "verify that it matches the value of the sd_hash claim in the Key Binding JWT" | ÖK §2D m.4 (ON-KAYIT v0.8 (capa 7); 00-on-kayit/ON-KAYIT-TASLAK.md:412): "General JSON serileştirmede birden çok imza varsa `sd_hash`'in hangi imzayı bağladığı tanımsızdır."	insa: ES256=geçerli, ML-DSA-65=geçerli || General JSON + birden çok ihraççı imzası: sd_hash için geçici compact biçimin hangi imzayla kurulacağı tanımsız (insa: sd_hash_imza_sirasi=1, 0-tabanlı) || imza düzeyi: accept-classical (en az bir geçerli imza var; kabul için klasik ES256 yeterli || JSON serileştirme isteğe bağlı: destekleyen hedef için karar; desteklemeyen hedefte B6 (uygulanamaz) [RFC9901 §8; T114 SDJWTVC13 §3.2; T115 HAIP §6.1; ÖK §4.13 B6] || KB-JWT gerekli; KB alg=ES256 (P-L4 ihraççı politikası KB algoritmasını kısıtlamaz; etiket ihraççı imzasına göredir))
VP07_GJ_sd_hash_ikinci_imza	P1	tedavi-ML-DSA-65	ikincil	eşleme-dışı	indeterminate	ÖK §4.8 P1 (ON-KAYIT v0.8 (capa 7); 00-on-kayit/ON-KAYIT-TASLAK.md:776): "Mevcut imzaların tümü geçerliyse kabul. İmza silinmesi (soyma) fark edilmez" | [T135] ACM2 Note 51 (ECCG ACM v2.0; metin/ACM2.txt:946): "the veriﬁcation function accepting if and only if all signatures are correct" | [T219] HAIP §6.1.1.1 (HAIP 1.0 Final; metin/HAIP.txt:494): "If the credential has cryptographic holder binding, a KB-JWT, as defined in [I-D.ietf-oauth-sd-jwt-vc], MUST always be present when presenting an SD-JWT VC." | RFC9901 §8.1 (RFC 9901; metin/RFC9901.txt:1905): "the SD-JWT Compact Serialization part is built by concatenating the protected header, the payload, and the signature of the JWS JSON serialized SD-JWT" | RFC9901 §7.3 (RFC 9901; metin/RFC9901.txt:1868): "verify that it matches the value of the sd_hash claim in the Key Binding JWT" | ÖK §2D m.4 (ON-KAYIT v0.8 (capa 7); 00-on-kayit/ON-KAYIT-TASLAK.md:412): "General JSON serileştirmede birden çok imza varsa `sd_hash`'in hangi imzayı bağladığı tanımsızdır."	insa: ES256=geçerli, ML-DSA-65=geçerli || General JSON + birden çok ihraççı imzası: sd_hash için geçici compact biçimin hangi imzayla kurulacağı tanımsız (insa: sd_hash_imza_sirasi=1, 0-tabanlı) || imza düzeyi: accept-hybrid (mevcut imzaların tümü geçerli; aralarında PQ imza var, kabul PQ doğrulamasını içerir || JSON serileştirme isteğe bağlı: destekleyen hedef için karar; desteklemeyen hedefte B6 (uygulanamaz) [RFC9901 §8; T114 SDJWTVC13 §3.2; T115 HAIP §6.1; ÖK §4.13 B6] || KB-JWT gerekli; KB alg=ES256 (P-L4 ihraççı politikası KB algoritmasını kısıtlamaz; etiket ihraççı imzasına göredir))
TSL01_ES256_x5c	GEC	klasik-taban	ikincil	eşleme-dışı	accept-classical	TSL §5.1 (draft-ietf-oauth-status-list-21; metin/TSL.txt:754): "The JWT type MUST be statuslist+jwt." | [T146] TSL §5.1 (draft-ietf-oauth-status-list-21; metin/TSL.txt:788): "Relying Parties MUST reject JWTs with an invalid signature." | ÖK §4.15 (ON-KAYIT v0.8 (capa 7); 00-on-kayit/ON-KAYIT-TASLAK.md:881): "V+: tek geçerli klasik imza → KABUL; V−: bozuk imza → RED" | [T315] RFC7515 §5.2 (RFC 7515; metin/RFC7515.txt:815): "at least one JWS Signature value MUST successfully validate, or the JWS MUST be considered invalid"	insa: ES256=geçerli || imza(lar) geçerli; alg ∈ W || typ=statuslist+jwt; sub/iat/exp/ttl geçerli (simdi < exp)
TSL02_MLDSA65_x5c	GEC	tedavi-ML-DSA-65	ikincil	eşleme-dışı	accept-hybrid	TSL §5.1 (draft-ietf-oauth-status-list-21; metin/TSL.txt:754): "The JWT type MUST be statuslist+jwt." | [T146] TSL §5.1 (draft-ietf-oauth-status-list-21; metin/TSL.txt:788): "Relying Parties MUST reject JWTs with an invalid signature." | ÖK §4.15 (ON-KAYIT v0.8 (capa 7); 00-on-kayit/ON-KAYIT-TASLAK.md:881): "V+: tek geçerli klasik imza → KABUL; V−: bozuk imza → RED" | [T315] RFC7515 §5.2 (RFC 7515; metin/RFC7515.txt:815): "at least one JWS Signature value MUST successfully validate, or the JWS MUST be considered invalid"	insa: ML-DSA-65=geçerli || imza(lar) geçerli; alg ∈ W || typ=statuslist+jwt; sub/iat/exp/ttl geçerli (simdi < exp)
TSL03_composite_kid	GEC	tedavi-composite	ikincil	eşleme-dışı	accept-hybrid	TSL §5.1 (draft-ietf-oauth-status-list-21; metin/TSL.txt:754): "The JWT type MUST be statuslist+jwt." | [T146] TSL §5.1 (draft-ietf-oauth-status-list-21; metin/TSL.txt:788): "Relying Parties MUST reject JWTs with an invalid signature." | ÖK §4.15 (ON-KAYIT v0.8 (capa 7); 00-on-kayit/ON-KAYIT-TASLAK.md:881): "V+: tek geçerli klasik imza → KABUL; V−: bozuk imza → RED" | [T315] RFC7515 §5.2 (RFC 7515; metin/RFC7515.txt:815): "at least one JWS Signature value MUST successfully validate, or the JWS MUST be considered invalid"	insa: ML-DSA-65-ES256=geçerli || imza(lar) geçerli; alg ∈ W || typ=statuslist+jwt; sub/iat/exp/ttl geçerli (simdi < exp) || composite anahtar kid ile (x5c yok): HAIP §6.1 sapması, ÖK §2D m.1 gereği kabul edilen düzenek [T167 HAIP §6.1; ÖK §2D m.1]
DPOP01_ES256	GEC	klasik-taban	ikincil	eşleme-dışı	accept-classical	[T380] RFC9449 §4.3 (11) (RFC 9449; metin/RFC9449.txt:509): "is within an acceptable window (see Section 11.1)" | ÖK §4.15 (ON-KAYIT v0.8 (capa 7); 00-on-kayit/ON-KAYIT-TASLAK.md:881): "V+: tek geçerli klasik imza → KABUL; V−: bozuk imza → RED" | [T315] RFC7515 §5.2 (RFC 7515; metin/RFC7515.txt:815): "at least one JWS Signature value MUST successfully validate, or the JWS MUST be considered invalid"	insa: ES256=geçerli || imza(lar) geçerli; alg ∈ W || iat = simdi − 10 s; htm/htu eşleşiyor; sunucu nonce/erişim belirteci vermedi (nonce/ath denetimi uygulanmaz)
DPOP02_EdDSA	GEC	kontrol-EdDSA	ikincil	eşleme-dışı	accept-classical	[T380] RFC9449 §4.3 (11) (RFC 9449; metin/RFC9449.txt:509): "is within an acceptable window (see Section 11.1)" | ÖK §4.15 (ON-KAYIT v0.8 (capa 7); 00-on-kayit/ON-KAYIT-TASLAK.md:881): "V+: tek geçerli klasik imza → KABUL; V−: bozuk imza → RED" | [T315] RFC7515 §5.2 (RFC 7515; metin/RFC7515.txt:815): "at least one JWS Signature value MUST successfully validate, or the JWS MUST be considered invalid"	insa: EdDSA=geçerli || imza(lar) geçerli; alg ∈ W || iat = simdi − 10 s; htm/htu eşleşiyor; sunucu nonce/erişim belirteci vermedi (nonce/ath denetimi uygulanmaz)
DPOP03_ML-DSA-44	GEC	kapsam-pq	ikincil	eşleme-dışı	accept-hybrid	[T380] RFC9449 §4.3 (11) (RFC 9449; metin/RFC9449.txt:509): "is within an acceptable window (see Section 11.1)" | ÖK §4.15 (ON-KAYIT v0.8 (capa 7); 00-on-kayit/ON-KAYIT-TASLAK.md:881): "V+: tek geçerli klasik imza → KABUL; V−: bozuk imza → RED" | [T315] RFC7515 §5.2 (RFC 7515; metin/RFC7515.txt:815): "at least one JWS Signature value MUST successfully validate, or the JWS MUST be considered invalid"	insa: ML-DSA-44=geçerli || imza(lar) geçerli; alg ∈ W || iat = simdi − 10 s; htm/htu eşleşiyor; sunucu nonce/erişim belirteci vermedi (nonce/ath denetimi uygulanmaz)
DPOP04_ML-DSA-65	GEC	tedavi-ML-DSA-65	ikincil	eşleme-dışı	accept-hybrid	[T380] RFC9449 §4.3 (11) (RFC 9449; metin/RFC9449.txt:509): "is within an acceptable window (see Section 11.1)" | ÖK §4.15 (ON-KAYIT v0.8 (capa 7); 00-on-kayit/ON-KAYIT-TASLAK.md:881): "V+: tek geçerli klasik imza → KABUL; V−: bozuk imza → RED" | [T315] RFC7515 §5.2 (RFC 7515; metin/RFC7515.txt:815): "at least one JWS Signature value MUST successfully validate, or the JWS MUST be considered invalid"	insa: ML-DSA-65=geçerli || imza(lar) geçerli; alg ∈ W || iat = simdi − 10 s; htm/htu eşleşiyor; sunucu nonce/erişim belirteci vermedi (nonce/ath denetimi uygulanmaz)
DPOP05_ML-DSA-87	GEC	kapsam-pq	ikincil	eşleme-dışı	accept-hybrid	[T380] RFC9449 §4.3 (11) (RFC 9449; metin/RFC9449.txt:509): "is within an acceptable window (see Section 11.1)" | ÖK §4.15 (ON-KAYIT v0.8 (capa 7); 00-on-kayit/ON-KAYIT-TASLAK.md:881): "V+: tek geçerli klasik imza → KABUL; V−: bozuk imza → RED" | [T315] RFC7515 §5.2 (RFC 7515; metin/RFC7515.txt:815): "at least one JWS Signature value MUST successfully validate, or the JWS MUST be considered invalid"	insa: ML-DSA-87=geçerli || imza(lar) geçerli; alg ∈ W || iat = simdi − 10 s; htm/htu eşleşiyor; sunucu nonce/erişim belirteci vermedi (nonce/ath denetimi uygulanmaz)
DPOP06_ML-DSA-65-ES256	GEC	tedavi-composite	ikincil	eşleme-dışı	reject	[T378] RFC9449 §4.3 (5) (RFC 9449; metin/RFC9449.txt:495): "The alg JOSE Header Parameter indicates a registered asymmetric digital signature algorithm [IANA.JOSE.ALGS], is not none, is supported by the application, and is acceptable per local policy." | JOSECOMP §7.1 (draft-ietf-jose-pq-composite-sigs-04; metin/JOSECOMP.txt:1122): "are requested to be added to the "JSON Web Signature and Encryption Algorithms" registry" | [T380] RFC9449 §4.3 (11) (RFC 9449; metin/RFC9449.txt:509): "is within an acceptable window (see Section 11.1)" | ÖK §4.15 (ON-KAYIT v0.8 (capa 7); 00-on-kayit/ON-KAYIT-TASLAK.md:881): "V+: tek geçerli klasik imza → KABUL; V−: bozuk imza → RED" | [T315] RFC7515 §5.2 (RFC 7515; metin/RFC7515.txt:815): "at least one JWS Signature value MUST successfully validate, or the JWS MUST be considered invalid"	insa: ML-DSA-65-ES256=geçerli || alg ML-DSA-65-ES256 IANA JOSE kaydında değil (composite -04 yalnız kayıt talebi); RFC 9449 kayıtlı algoritma ister (kayıt olursa karar accept-hybrid olur) || imza düzeyi: accept-hybrid (imza(lar) geçerli; alg ∈ W) || iat = simdi − 10 s; htm/htu eşleşiyor; sunucu nonce/erişim belirteci vermedi (nonce/ath denetimi uygulanmaz)
DPOP07_ML-DSA-65-Ed25519	GEC	kapsam-hibrit	ikincil	eşleme-dışı	reject	[T378] RFC9449 §4.3 (5) (RFC 9449; metin/RFC9449.txt:495): "The alg JOSE Header Parameter indicates a registered asymmetric digital signature algorithm [IANA.JOSE.ALGS], is not none, is supported by the application, and is acceptable per local policy." | JOSECOMP §7.1 (draft-ietf-jose-pq-composite-sigs-04; metin/JOSECOMP.txt:1122): "are requested to be added to the "JSON Web Signature and Encryption Algorithms" registry" | [T380] RFC9449 §4.3 (11) (RFC 9449; metin/RFC9449.txt:509): "is within an acceptable window (see Section 11.1)" | ÖK §4.15 (ON-KAYIT v0.8 (capa 7); 00-on-kayit/ON-KAYIT-TASLAK.md:881): "V+: tek geçerli klasik imza → KABUL; V−: bozuk imza → RED" | [T315] RFC7515 §5.2 (RFC 7515; metin/RFC7515.txt:815): "at least one JWS Signature value MUST successfully validate, or the JWS MUST be considered invalid"	insa: ML-DSA-65-Ed25519=geçerli || alg ML-DSA-65-Ed25519 IANA JOSE kaydında değil (composite -04 yalnız kayıt talebi); RFC 9449 kayıtlı algoritma ister (kayıt olursa karar accept-hybrid olur) || imza düzeyi: accept-hybrid (imza(lar) geçerli; alg ∈ W) || iat = simdi − 10 s; htm/htu eşleşiyor; sunucu nonce/erişim belirteci vermedi (nonce/ath denetimi uygulanmaz)
DPOP08_ML-DSA-65_ath_nonce	GEC	tedavi-ML-DSA-65	ikincil	eşleme-dışı	accept-hybrid	[T380] RFC9449 §4.3 (11) (RFC 9449; metin/RFC9449.txt:509): "is within an acceptable window (see Section 11.1)" | ÖK §4.15 (ON-KAYIT v0.8 (capa 7); 00-on-kayit/ON-KAYIT-TASLAK.md:881): "V+: tek geçerli klasik imza → KABUL; V−: bozuk imza → RED" | [T315] RFC7515 §5.2 (RFC 7515; metin/RFC7515.txt:815): "at least one JWS Signature value MUST successfully validate, or the JWS MUST be considered invalid"	insa: ML-DSA-65=geçerli || imza(lar) geçerli; alg ∈ W || iat = simdi − 10 s; htm/htu eşleşiyor; sunucu nonce/erişim belirteci vermedi (nonce/ath denetimi uygulanmaz)
DPOP09_ML-DSA-65-ES256_ath_nonce	GEC	tedavi-composite	ikincil	eşleme-dışı	reject	[T378] RFC9449 §4.3 (5) (RFC 9449; metin/RFC9449.txt:495): "The alg JOSE Header Parameter indicates a registered asymmetric digital signature algorithm [IANA.JOSE.ALGS], is not none, is supported by the application, and is acceptable per local policy." | JOSECOMP §7.1 (draft-ietf-jose-pq-composite-sigs-04; metin/JOSECOMP.txt:1122): "are requested to be added to the "JSON Web Signature and Encryption Algorithms" registry" | [T380] RFC9449 §4.3 (11) (RFC 9449; metin/RFC9449.txt:509): "is within an acceptable window (see Section 11.1)" | ÖK §4.15 (ON-KAYIT v0.8 (capa 7); 00-on-kayit/ON-KAYIT-TASLAK.md:881): "V+: tek geçerli klasik imza → KABUL; V−: bozuk imza → RED" | [T315] RFC7515 §5.2 (RFC 7515; metin/RFC7515.txt:815): "at least one JWS Signature value MUST successfully validate, or the JWS MUST be considered invalid"	insa: ML-DSA-65-ES256=geçerli || alg ML-DSA-65-ES256 IANA JOSE kaydında değil (composite -04 yalnız kayıt talebi); RFC 9449 kayıtlı algoritma ister (kayıt olursa karar accept-hybrid olur) || imza düzeyi: accept-hybrid (imza(lar) geçerli; alg ∈ W) || iat = simdi − 10 s; htm/htu eşleşiyor; sunucu nonce/erişim belirteci vermedi (nonce/ath denetimi uygulanmaz)
DPOP10_jwk_ozel_anahtar_iceriyor	GEC	tedavi-ML-DSA-65	ikincil	eşleme-dışı	reject	RFC9449 §4.3 (7) (RFC 9449; metin/RFC9449.txt:501): "The jwk JOSE Header Parameter does not contain a private key." | [T380] RFC9449 §4.3 (11) (RFC 9449; metin/RFC9449.txt:509): "is within an acceptable window (see Section 11.1)" | ÖK §4.15 (ON-KAYIT v0.8 (capa 7); 00-on-kayit/ON-KAYIT-TASLAK.md:881): "V+: tek geçerli klasik imza → KABUL; V−: bozuk imza → RED" | [T315] RFC7515 §5.2 (RFC 7515; metin/RFC7515.txt:815): "at least one JWS Signature value MUST successfully validate, or the JWS MUST be considered invalid"	insa: ML-DSA-65=geçerli || jwk başlığı özel anahtar (priv) içeriyor || imza düzeyi: accept-hybrid (imza(lar) geçerli; alg ∈ W) || iat = simdi − 10 s; htm/htu eşleşiyor; sunucu nonce/erişim belirteci vermedi (nonce/ath denetimi uygulanmaz)
CRIT01_bilinmeyen_parametre	GEC	tedavi-ML-DSA-65	ikincil	eşleme-dışı	reject	[T386] RFC7515 §4.1.11 (RFC 7515; metin/RFC7515.txt:702): "If any of the listed extension Header Parameters are not understood and supported by the recipient, then the JWS is invalid." | ÖK §4.15 (ON-KAYIT v0.8 (capa 7); 00-on-kayit/ON-KAYIT-TASLAK.md:881): "V+: tek geçerli klasik imza → KABUL; V−: bozuk imza → RED" | [T315] RFC7515 §5.2 (RFC 7515; metin/RFC7515.txt:815): "at least one JWS Signature value MUST successfully validate, or the JWS MUST be considered invalid"	insa: ML-DSA-65=geçerli || crit=['x-pq-beklenti']: listelenen uzantı anlaşılmıyor → JWS geçersiz || imza düzeyi: accept-hybrid (imza(lar) geçerli; alg ∈ W)
CRIT01_bilinmeyen_parametre	L4	tedavi-ML-DSA-65	ikincil	eşleme-dışı	reject	[T386] RFC7515 §4.1.11 (RFC 7515; metin/RFC7515.txt:702): "If any of the listed extension Header Parameters are not understood and supported by the recipient, then the JWS is invalid." | ÖK §6.5 (ON-KAYIT v0.8 (capa 7); 00-on-kayit/ON-KAYIT-TASLAK.md:1054): "İhraççı başına gerekli küme R = {X}, izinli küme {A, X}." | [T328] JWTBCP §3.1 (draft-ietf-oauth-rfc8725bis-10; metin/JWTBCP.txt:482): "it MUST determine which algorithms are permitted for itself and that issuer and ensure that the received JWT complies with those requirements" | ÖK §4.7 G5 (ON-KAYIT v0.8 (capa 7); 00-on-kayit/ON-KAYIT-TASLAK.md:767): "Göç etmiş bir varlık, ilan ettiği eski-sürüm penceresi dışında yalnız klasik kanıtla kabul edilemez." | ÖK §4.13 L4 (ON-KAYIT v0.8 (capa 7); 00-on-kayit/ON-KAYIT-TASLAK.md:844): "Yapılandırılmış hâlde K1 KABUL, K2 RED, K3 RED (§6.5)"	insa: ML-DSA-65=geçerli || crit=['x-pq-beklenti']: listelenen uzantı anlaşılmıyor → JWS geçersiz || imza düzeyi: accept-hybrid (R={ML-DSA-65} geçerli imzayla karşılandı; W içindeki imzalar geçerli)
CRIT01_bilinmeyen_parametre	L4-S	tedavi-ML-DSA-65	ikincil	eşleme-dışı	reject	[T386] RFC7515 §4.1.11 (RFC 7515; metin/RFC7515.txt:702): "If any of the listed extension Header Parameters are not understood and supported by the recipient, then the JWS is invalid." | ÖK §6.5 (ON-KAYIT v0.8 (capa 7); 00-on-kayit/ON-KAYIT-TASLAK.md:1054): "İhraççı başına gerekli küme R = {X}, izinli küme {A, X}." | [T328] JWTBCP §3.1 (draft-ietf-oauth-rfc8725bis-10; metin/JWTBCP.txt:482): "it MUST determine which algorithms are permitted for itself and that issuer and ensure that the received JWT complies with those requirements" | ÖK §4.7 G5 (ON-KAYIT v0.8 (capa 7); 00-on-kayit/ON-KAYIT-TASLAK.md:767): "Göç etmiş bir varlık, ilan ettiği eski-sürüm penceresi dışında yalnız klasik kanıtla kabul edilemez." | ÖK §4.8 P3 (ON-KAYIT v0.8 (capa 7); 00-on-kayit/ON-KAYIT-TASLAK.md:778): "P2 + ihraççı başına gerekli küme R_I"	insa: ML-DSA-65=geçerli || crit=['x-pq-beklenti']: listelenen uzantı anlaşılmıyor → JWS geçersiz || imza düzeyi: accept-hybrid (R={ML-DSA-65} geçerli imzayla karşılandı; W içindeki imzalar geçerli)
CRIT01_bilinmeyen_parametre	L4-Y	tedavi-ML-DSA-65	ikincil	eşleme-dışı	reject	[T386] RFC7515 §4.1.11 (RFC 7515; metin/RFC7515.txt:702): "If any of the listed extension Header Parameters are not understood and supported by the recipient, then the JWS is invalid." | ÖK §6.5 (ON-KAYIT v0.8 (capa 7); 00-on-kayit/ON-KAYIT-TASLAK.md:1054): "İhraççı başına gerekli küme R = {X}, izinli küme {A, X}." | [T328] JWTBCP §3.1 (draft-ietf-oauth-rfc8725bis-10; metin/JWTBCP.txt:482): "it MUST determine which algorithms are permitted for itself and that issuer and ensure that the received JWT complies with those requirements" | ÖK §4.7 G5 (ON-KAYIT v0.8 (capa 7); 00-on-kayit/ON-KAYIT-TASLAK.md:767): "Göç etmiş bir varlık, ilan ettiği eski-sürüm penceresi dışında yalnız klasik kanıtla kabul edilemez." | [T314] RFC7515 §5.2 (RFC 7515; metin/RFC7515.txt:810): "When there are multiple JWS Signature values, it is an application decision which of the JWS Signature values must successfully validate for the JWS to be accepted."	insa: ML-DSA-65=geçerli || crit=['x-pq-beklenti']: listelenen uzantı anlaşılmıyor → JWS geçersiz || imza düzeyi: accept-hybrid (R={ML-DSA-65} geçerli imzayla karşılandı; W içindeki imzalar geçerli)
CRIT03_kayitli_ad	GEC	tedavi-ML-DSA-65	ikincil	eşleme-dışı	indeterminate	RFC7515 §4.1.11 (RFC 7515; metin/RFC7515.txt:708): "Recipients MAY consider the JWS to be invalid if the critical list contains any Header Parameter names defined by this specification or [JWA] for use with JWS or if any other constraints on its use are violated." | ÖK §4.15 (ON-KAYIT v0.8 (capa 7); 00-on-kayit/ON-KAYIT-TASLAK.md:881): "V+: tek geçerli klasik imza → KABUL; V−: bozuk imza → RED" | [T315] RFC7515 §5.2 (RFC 7515; metin/RFC7515.txt:815): "at least one JWS Signature value MUST successfully validate, or the JWS MUST be considered invalid"	insa: ML-DSA-65=geçerli || crit=['alg']: RFC 7515 alıcıya yalnız MAY ile geçersiz sayma izni verir || imza düzeyi: accept-hybrid (imza(lar) geçerli; alg ∈ W)
CRIT03_kayitli_ad	L4	tedavi-ML-DSA-65	ikincil	eşleme-dışı	indeterminate	ÖK §6.5 (ON-KAYIT v0.8 (capa 7); 00-on-kayit/ON-KAYIT-TASLAK.md:1054): "İhraççı başına gerekli küme R = {X}, izinli küme {A, X}." | [T328] JWTBCP §3.1 (draft-ietf-oauth-rfc8725bis-10; metin/JWTBCP.txt:482): "it MUST determine which algorithms are permitted for itself and that issuer and ensure that the received JWT complies with those requirements" | ÖK §4.7 G5 (ON-KAYIT v0.8 (capa 7); 00-on-kayit/ON-KAYIT-TASLAK.md:767): "Göç etmiş bir varlık, ilan ettiği eski-sürüm penceresi dışında yalnız klasik kanıtla kabul edilemez." | RFC7515 §4.1.11 (RFC 7515; metin/RFC7515.txt:708): "Recipients MAY consider the JWS to be invalid if the critical list contains any Header Parameter names defined by this specification or [JWA] for use with JWS or if any other constraints on its use are violated." | ÖK §4.13 L4 (ON-KAYIT v0.8 (capa 7); 00-on-kayit/ON-KAYIT-TASLAK.md:844): "Yapılandırılmış hâlde K1 KABUL, K2 RED, K3 RED (§6.5)"	insa: ML-DSA-65=geçerli || crit=['alg']: RFC 7515 alıcıya yalnız MAY ile geçersiz sayma izni verir || imza düzeyi: accept-hybrid (R={ML-DSA-65} geçerli imzayla karşılandı; W içindeki imzalar geçerli)
CRIT03_kayitli_ad	L4-S	tedavi-ML-DSA-65	ikincil	eşleme-dışı	indeterminate	ÖK §6.5 (ON-KAYIT v0.8 (capa 7); 00-on-kayit/ON-KAYIT-TASLAK.md:1054): "İhraççı başına gerekli küme R = {X}, izinli küme {A, X}." | [T328] JWTBCP §3.1 (draft-ietf-oauth-rfc8725bis-10; metin/JWTBCP.txt:482): "it MUST determine which algorithms are permitted for itself and that issuer and ensure that the received JWT complies with those requirements" | ÖK §4.7 G5 (ON-KAYIT v0.8 (capa 7); 00-on-kayit/ON-KAYIT-TASLAK.md:767): "Göç etmiş bir varlık, ilan ettiği eski-sürüm penceresi dışında yalnız klasik kanıtla kabul edilemez." | RFC7515 §4.1.11 (RFC 7515; metin/RFC7515.txt:708): "Recipients MAY consider the JWS to be invalid if the critical list contains any Header Parameter names defined by this specification or [JWA] for use with JWS or if any other constraints on its use are violated." | ÖK §4.8 P3 (ON-KAYIT v0.8 (capa 7); 00-on-kayit/ON-KAYIT-TASLAK.md:778): "P2 + ihraççı başına gerekli küme R_I"	insa: ML-DSA-65=geçerli || crit=['alg']: RFC 7515 alıcıya yalnız MAY ile geçersiz sayma izni verir || imza düzeyi: accept-hybrid (R={ML-DSA-65} geçerli imzayla karşılandı; W içindeki imzalar geçerli)
CRIT03_kayitli_ad	L4-Y	tedavi-ML-DSA-65	ikincil	eşleme-dışı	indeterminate	ÖK §6.5 (ON-KAYIT v0.8 (capa 7); 00-on-kayit/ON-KAYIT-TASLAK.md:1054): "İhraççı başına gerekli küme R = {X}, izinli küme {A, X}." | [T328] JWTBCP §3.1 (draft-ietf-oauth-rfc8725bis-10; metin/JWTBCP.txt:482): "it MUST determine which algorithms are permitted for itself and that issuer and ensure that the received JWT complies with those requirements" | ÖK §4.7 G5 (ON-KAYIT v0.8 (capa 7); 00-on-kayit/ON-KAYIT-TASLAK.md:767): "Göç etmiş bir varlık, ilan ettiği eski-sürüm penceresi dışında yalnız klasik kanıtla kabul edilemez." | RFC7515 §4.1.11 (RFC 7515; metin/RFC7515.txt:708): "Recipients MAY consider the JWS to be invalid if the critical list contains any Header Parameter names defined by this specification or [JWA] for use with JWS or if any other constraints on its use are violated." | [T314] RFC7515 §5.2 (RFC 7515; metin/RFC7515.txt:810): "When there are multiple JWS Signature values, it is an application decision which of the JWS Signature values must successfully validate for the JWS to be accepted."	insa: ML-DSA-65=geçerli || crit=['alg']: RFC 7515 alıcıya yalnız MAY ile geçersiz sayma izni verir || imza düzeyi: accept-hybrid (R={ML-DSA-65} geçerli imzayla karşılandı; W içindeki imzalar geçerli)
CRIT04_bos_dizi	GEC	tedavi-ML-DSA-65	ikincil	eşleme-dışı	indeterminate	RFC7515 §4.1.11 (RFC 7515; metin/RFC7515.txt:708): "Recipients MAY consider the JWS to be invalid if the critical list contains any Header Parameter names defined by this specification or [JWA] for use with JWS or if any other constraints on its use are violated." | ÖK §4.15 (ON-KAYIT v0.8 (capa 7); 00-on-kayit/ON-KAYIT-TASLAK.md:881): "V+: tek geçerli klasik imza → KABUL; V−: bozuk imza → RED" | [T315] RFC7515 §5.2 (RFC 7515; metin/RFC7515.txt:815): "at least one JWS Signature value MUST successfully validate, or the JWS MUST be considered invalid"	insa: ML-DSA-65=geçerli || crit=[]: RFC 7515 alıcıya yalnız MAY ile geçersiz sayma izni verir || imza düzeyi: accept-hybrid (imza(lar) geçerli; alg ∈ W)
CRIT04_bos_dizi	L4	tedavi-ML-DSA-65	ikincil	eşleme-dışı	indeterminate	ÖK §6.5 (ON-KAYIT v0.8 (capa 7); 00-on-kayit/ON-KAYIT-TASLAK.md:1054): "İhraççı başına gerekli küme R = {X}, izinli küme {A, X}." | [T328] JWTBCP §3.1 (draft-ietf-oauth-rfc8725bis-10; metin/JWTBCP.txt:482): "it MUST determine which algorithms are permitted for itself and that issuer and ensure that the received JWT complies with those requirements" | ÖK §4.7 G5 (ON-KAYIT v0.8 (capa 7); 00-on-kayit/ON-KAYIT-TASLAK.md:767): "Göç etmiş bir varlık, ilan ettiği eski-sürüm penceresi dışında yalnız klasik kanıtla kabul edilemez." | RFC7515 §4.1.11 (RFC 7515; metin/RFC7515.txt:708): "Recipients MAY consider the JWS to be invalid if the critical list contains any Header Parameter names defined by this specification or [JWA] for use with JWS or if any other constraints on its use are violated." | ÖK §4.13 L4 (ON-KAYIT v0.8 (capa 7); 00-on-kayit/ON-KAYIT-TASLAK.md:844): "Yapılandırılmış hâlde K1 KABUL, K2 RED, K3 RED (§6.5)"	insa: ML-DSA-65=geçerli || crit=[]: RFC 7515 alıcıya yalnız MAY ile geçersiz sayma izni verir || imza düzeyi: accept-hybrid (R={ML-DSA-65} geçerli imzayla karşılandı; W içindeki imzalar geçerli)
CRIT04_bos_dizi	L4-S	tedavi-ML-DSA-65	ikincil	eşleme-dışı	indeterminate	ÖK §6.5 (ON-KAYIT v0.8 (capa 7); 00-on-kayit/ON-KAYIT-TASLAK.md:1054): "İhraççı başına gerekli küme R = {X}, izinli küme {A, X}." | [T328] JWTBCP §3.1 (draft-ietf-oauth-rfc8725bis-10; metin/JWTBCP.txt:482): "it MUST determine which algorithms are permitted for itself and that issuer and ensure that the received JWT complies with those requirements" | ÖK §4.7 G5 (ON-KAYIT v0.8 (capa 7); 00-on-kayit/ON-KAYIT-TASLAK.md:767): "Göç etmiş bir varlık, ilan ettiği eski-sürüm penceresi dışında yalnız klasik kanıtla kabul edilemez." | RFC7515 §4.1.11 (RFC 7515; metin/RFC7515.txt:708): "Recipients MAY consider the JWS to be invalid if the critical list contains any Header Parameter names defined by this specification or [JWA] for use with JWS or if any other constraints on its use are violated." | ÖK §4.8 P3 (ON-KAYIT v0.8 (capa 7); 00-on-kayit/ON-KAYIT-TASLAK.md:778): "P2 + ihraççı başına gerekli küme R_I"	insa: ML-DSA-65=geçerli || crit=[]: RFC 7515 alıcıya yalnız MAY ile geçersiz sayma izni verir || imza düzeyi: accept-hybrid (R={ML-DSA-65} geçerli imzayla karşılandı; W içindeki imzalar geçerli)
CRIT04_bos_dizi	L4-Y	tedavi-ML-DSA-65	ikincil	eşleme-dışı	indeterminate	ÖK §6.5 (ON-KAYIT v0.8 (capa 7); 00-on-kayit/ON-KAYIT-TASLAK.md:1054): "İhraççı başına gerekli küme R = {X}, izinli küme {A, X}." | [T328] JWTBCP §3.1 (draft-ietf-oauth-rfc8725bis-10; metin/JWTBCP.txt:482): "it MUST determine which algorithms are permitted for itself and that issuer and ensure that the received JWT complies with those requirements" | ÖK §4.7 G5 (ON-KAYIT v0.8 (capa 7); 00-on-kayit/ON-KAYIT-TASLAK.md:767): "Göç etmiş bir varlık, ilan ettiği eski-sürüm penceresi dışında yalnız klasik kanıtla kabul edilemez." | RFC7515 §4.1.11 (RFC 7515; metin/RFC7515.txt:708): "Recipients MAY consider the JWS to be invalid if the critical list contains any Header Parameter names defined by this specification or [JWA] for use with JWS or if any other constraints on its use are violated." | [T314] RFC7515 §5.2 (RFC 7515; metin/RFC7515.txt:810): "When there are multiple JWS Signature values, it is an application decision which of the JWS Signature values must successfully validate for the JWS to be accepted."	insa: ML-DSA-65=geçerli || crit=[]: RFC 7515 alıcıya yalnız MAY ile geçersiz sayma izni verir || imza düzeyi: accept-hybrid (R={ML-DSA-65} geçerli imzayla karşılandı; W içindeki imzalar geçerli)
CRIT05_listelenen_parametre_yok	GEC	tedavi-ML-DSA-65	ikincil	eşleme-dışı	reject	[T386] RFC7515 §4.1.11 (RFC 7515; metin/RFC7515.txt:702): "If any of the listed extension Header Parameters are not understood and supported by the recipient, then the JWS is invalid." | ÖK §4.15 (ON-KAYIT v0.8 (capa 7); 00-on-kayit/ON-KAYIT-TASLAK.md:881): "V+: tek geçerli klasik imza → KABUL; V−: bozuk imza → RED" | [T315] RFC7515 §5.2 (RFC 7515; metin/RFC7515.txt:815): "at least one JWS Signature value MUST successfully validate, or the JWS MUST be considered invalid"	insa: ML-DSA-65=geçerli || crit=['x-yok']: listelenen uzantı anlaşılmıyor → JWS geçersiz || imza düzeyi: accept-hybrid (imza(lar) geçerli; alg ∈ W)
CRIT05_listelenen_parametre_yok	L4	tedavi-ML-DSA-65	ikincil	eşleme-dışı	reject	[T386] RFC7515 §4.1.11 (RFC 7515; metin/RFC7515.txt:702): "If any of the listed extension Header Parameters are not understood and supported by the recipient, then the JWS is invalid." | ÖK §6.5 (ON-KAYIT v0.8 (capa 7); 00-on-kayit/ON-KAYIT-TASLAK.md:1054): "İhraççı başına gerekli küme R = {X}, izinli küme {A, X}." | [T328] JWTBCP §3.1 (draft-ietf-oauth-rfc8725bis-10; metin/JWTBCP.txt:482): "it MUST determine which algorithms are permitted for itself and that issuer and ensure that the received JWT complies with those requirements" | ÖK §4.7 G5 (ON-KAYIT v0.8 (capa 7); 00-on-kayit/ON-KAYIT-TASLAK.md:767): "Göç etmiş bir varlık, ilan ettiği eski-sürüm penceresi dışında yalnız klasik kanıtla kabul edilemez." | ÖK §4.13 L4 (ON-KAYIT v0.8 (capa 7); 00-on-kayit/ON-KAYIT-TASLAK.md:844): "Yapılandırılmış hâlde K1 KABUL, K2 RED, K3 RED (§6.5)"	insa: ML-DSA-65=geçerli || crit=['x-yok']: listelenen uzantı anlaşılmıyor → JWS geçersiz || imza düzeyi: accept-hybrid (R={ML-DSA-65} geçerli imzayla karşılandı; W içindeki imzalar geçerli)
CRIT05_listelenen_parametre_yok	L4-S	tedavi-ML-DSA-65	ikincil	eşleme-dışı	reject	[T386] RFC7515 §4.1.11 (RFC 7515; metin/RFC7515.txt:702): "If any of the listed extension Header Parameters are not understood and supported by the recipient, then the JWS is invalid." | ÖK §6.5 (ON-KAYIT v0.8 (capa 7); 00-on-kayit/ON-KAYIT-TASLAK.md:1054): "İhraççı başına gerekli küme R = {X}, izinli küme {A, X}." | [T328] JWTBCP §3.1 (draft-ietf-oauth-rfc8725bis-10; metin/JWTBCP.txt:482): "it MUST determine which algorithms are permitted for itself and that issuer and ensure that the received JWT complies with those requirements" | ÖK §4.7 G5 (ON-KAYIT v0.8 (capa 7); 00-on-kayit/ON-KAYIT-TASLAK.md:767): "Göç etmiş bir varlık, ilan ettiği eski-sürüm penceresi dışında yalnız klasik kanıtla kabul edilemez." | ÖK §4.8 P3 (ON-KAYIT v0.8 (capa 7); 00-on-kayit/ON-KAYIT-TASLAK.md:778): "P2 + ihraççı başına gerekli küme R_I"	insa: ML-DSA-65=geçerli || crit=['x-yok']: listelenen uzantı anlaşılmıyor → JWS geçersiz || imza düzeyi: accept-hybrid (R={ML-DSA-65} geçerli imzayla karşılandı; W içindeki imzalar geçerli)
CRIT05_listelenen_parametre_yok	L4-Y	tedavi-ML-DSA-65	ikincil	eşleme-dışı	reject	[T386] RFC7515 §4.1.11 (RFC 7515; metin/RFC7515.txt:702): "If any of the listed extension Header Parameters are not understood and supported by the recipient, then the JWS is invalid." | ÖK §6.5 (ON-KAYIT v0.8 (capa 7); 00-on-kayit/ON-KAYIT-TASLAK.md:1054): "İhraççı başına gerekli küme R = {X}, izinli küme {A, X}." | [T328] JWTBCP §3.1 (draft-ietf-oauth-rfc8725bis-10; metin/JWTBCP.txt:482): "it MUST determine which algorithms are permitted for itself and that issuer and ensure that the received JWT complies with those requirements" | ÖK §4.7 G5 (ON-KAYIT v0.8 (capa 7); 00-on-kayit/ON-KAYIT-TASLAK.md:767): "Göç etmiş bir varlık, ilan ettiği eski-sürüm penceresi dışında yalnız klasik kanıtla kabul edilemez." | [T314] RFC7515 §5.2 (RFC 7515; metin/RFC7515.txt:810): "When there are multiple JWS Signature values, it is an application decision which of the JWS Signature values must successfully validate for the JWS to be accepted."	insa: ML-DSA-65=geçerli || crit=['x-yok']: listelenen uzantı anlaşılmıyor → JWS geçersiz || imza düzeyi: accept-hybrid (R={ML-DSA-65} geçerli imzayla karşılandı; W içindeki imzalar geçerli)
CRIT02_korumasiz_crit	GEC	tedavi-ML-DSA-65	ikincil	eşleme-dışı	reject	[T386] RFC7515 §4.1.11 (RFC 7515; metin/RFC7515.txt:702): "If any of the listed extension Header Parameters are not understood and supported by the recipient, then the JWS is invalid." | RFC7515 §4.1.11 (RFC 7515; metin/RFC7515.txt:712): "it MUST occur only within the JWS Protected Header" | ÖK §4.15 (ON-KAYIT v0.8 (capa 7); 00-on-kayit/ON-KAYIT-TASLAK.md:881): "V+: tek geçerli klasik imza → KABUL; V−: bozuk imza → RED" | [T315] RFC7515 §5.2 (RFC 7515; metin/RFC7515.txt:815): "at least one JWS Signature value MUST successfully validate, or the JWS MUST be considered invalid"	insa: ML-DSA-65=geçerli || crit korumasız başlıkta ve listelenen uzantı anlaşılmıyor → JWS geçersiz || imza düzeyi: accept-hybrid (imza(lar) geçerli; alg ∈ W || JSON serileştirme isteğe bağlı: destekleyen hedef için karar; desteklemeyen hedefte B6 (uygulanamaz) [RFC9901 §8; T114 SDJWTVC13 §3.2; T115 HAIP §6.1; ÖK §4.13 B6])
CRIT02_korumasiz_crit	L4	tedavi-ML-DSA-65	ikincil	eşleme-dışı	reject	[T386] RFC7515 §4.1.11 (RFC 7515; metin/RFC7515.txt:702): "If any of the listed extension Header Parameters are not understood and supported by the recipient, then the JWS is invalid." | RFC7515 §4.1.11 (RFC 7515; metin/RFC7515.txt:712): "it MUST occur only within the JWS Protected Header" | ÖK §6.5 (ON-KAYIT v0.8 (capa 7); 00-on-kayit/ON-KAYIT-TASLAK.md:1054): "İhraççı başına gerekli küme R = {X}, izinli küme {A, X}." | [T328] JWTBCP §3.1 (draft-ietf-oauth-rfc8725bis-10; metin/JWTBCP.txt:482): "it MUST determine which algorithms are permitted for itself and that issuer and ensure that the received JWT complies with those requirements" | ÖK §4.7 G5 (ON-KAYIT v0.8 (capa 7); 00-on-kayit/ON-KAYIT-TASLAK.md:767): "Göç etmiş bir varlık, ilan ettiği eski-sürüm penceresi dışında yalnız klasik kanıtla kabul edilemez." | ÖK §4.13 L4 (ON-KAYIT v0.8 (capa 7); 00-on-kayit/ON-KAYIT-TASLAK.md:844): "Yapılandırılmış hâlde K1 KABUL, K2 RED, K3 RED (§6.5)"	insa: ML-DSA-65=geçerli || crit korumasız başlıkta ve listelenen uzantı anlaşılmıyor → JWS geçersiz || imza düzeyi: accept-hybrid (R={ML-DSA-65} geçerli imzayla karşılandı; W içindeki imzalar geçerli || JSON serileştirme isteğe bağlı: destekleyen hedef için karar; desteklemeyen hedefte B6 (uygulanamaz) [RFC9901 §8; T114 SDJWTVC13 §3.2; T115 HAIP §6.1; ÖK §4.13 B6])
CRIT02_korumasiz_crit	L4-S	tedavi-ML-DSA-65	ikincil	eşleme-dışı	reject	[T386] RFC7515 §4.1.11 (RFC 7515; metin/RFC7515.txt:702): "If any of the listed extension Header Parameters are not understood and supported by the recipient, then the JWS is invalid." | RFC7515 §4.1.11 (RFC 7515; metin/RFC7515.txt:712): "it MUST occur only within the JWS Protected Header" | ÖK §6.5 (ON-KAYIT v0.8 (capa 7); 00-on-kayit/ON-KAYIT-TASLAK.md:1054): "İhraççı başına gerekli küme R = {X}, izinli küme {A, X}." | [T328] JWTBCP §3.1 (draft-ietf-oauth-rfc8725bis-10; metin/JWTBCP.txt:482): "it MUST determine which algorithms are permitted for itself and that issuer and ensure that the received JWT complies with those requirements" | ÖK §4.7 G5 (ON-KAYIT v0.8 (capa 7); 00-on-kayit/ON-KAYIT-TASLAK.md:767): "Göç etmiş bir varlık, ilan ettiği eski-sürüm penceresi dışında yalnız klasik kanıtla kabul edilemez." | ÖK §4.8 P3 (ON-KAYIT v0.8 (capa 7); 00-on-kayit/ON-KAYIT-TASLAK.md:778): "P2 + ihraççı başına gerekli küme R_I"	insa: ML-DSA-65=geçerli || crit korumasız başlıkta ve listelenen uzantı anlaşılmıyor → JWS geçersiz || imza düzeyi: accept-hybrid (R={ML-DSA-65} geçerli imzayla karşılandı; W içindeki imzalar geçerli || JSON serileştirme isteğe bağlı: destekleyen hedef için karar; desteklemeyen hedefte B6 (uygulanamaz) [RFC9901 §8; T114 SDJWTVC13 §3.2; T115 HAIP §6.1; ÖK §4.13 B6])
CRIT02_korumasiz_crit	L4-Y	tedavi-ML-DSA-65	ikincil	eşleme-dışı	reject	[T386] RFC7515 §4.1.11 (RFC 7515; metin/RFC7515.txt:702): "If any of the listed extension Header Parameters are not understood and supported by the recipient, then the JWS is invalid." | RFC7515 §4.1.11 (RFC 7515; metin/RFC7515.txt:712): "it MUST occur only within the JWS Protected Header" | ÖK §6.5 (ON-KAYIT v0.8 (capa 7); 00-on-kayit/ON-KAYIT-TASLAK.md:1054): "İhraççı başına gerekli küme R = {X}, izinli küme {A, X}." | [T328] JWTBCP §3.1 (draft-ietf-oauth-rfc8725bis-10; metin/JWTBCP.txt:482): "it MUST determine which algorithms are permitted for itself and that issuer and ensure that the received JWT complies with those requirements" | ÖK §4.7 G5 (ON-KAYIT v0.8 (capa 7); 00-on-kayit/ON-KAYIT-TASLAK.md:767): "Göç etmiş bir varlık, ilan ettiği eski-sürüm penceresi dışında yalnız klasik kanıtla kabul edilemez." | [T314] RFC7515 §5.2 (RFC 7515; metin/RFC7515.txt:810): "When there are multiple JWS Signature values, it is an application decision which of the JWS Signature values must successfully validate for the JWS to be accepted."	insa: ML-DSA-65=geçerli || crit korumasız başlıkta ve listelenen uzantı anlaşılmıyor → JWS geçersiz || imza düzeyi: accept-hybrid (R={ML-DSA-65} geçerli imzayla karşılandı; W içindeki imzalar geçerli || JSON serileştirme isteğe bağlı: destekleyen hedef için karar; desteklemeyen hedefte B6 (uygulanamaz) [RFC9901 §8; T114 SDJWTVC13 §3.2; T115 HAIP §6.1; ÖK §4.13 B6])
T1K_both_valid-ED25519	L4	kontrol-Ed25519	birincil	K1;MR1;MR2	accept-classical	ÖK §6.5 (ON-KAYIT v0.8 (capa 7); 00-on-kayit/ON-KAYIT-TASLAK.md:1054): "İhraççı başına gerekli küme R = {X}, izinli küme {A, X}." | [T328] JWTBCP §3.1 (draft-ietf-oauth-rfc8725bis-10; metin/JWTBCP.txt:482): "it MUST determine which algorithms are permitted for itself and that issuer and ensure that the received JWT complies with those requirements" | ÖK §4.7 G5 (ON-KAYIT v0.8 (capa 7); 00-on-kayit/ON-KAYIT-TASLAK.md:767): "Göç etmiş bir varlık, ilan ettiği eski-sürüm penceresi dışında yalnız klasik kanıtla kabul edilemez." | ÖK §6.5 K1 (ON-KAYIT v0.8 (capa 7); 00-on-kayit/ON-KAYIT-TASLAK.md:1058): "Çift imza (A + X), ikisi geçerli | KABUL" | ÖK §4.13 L4 (ON-KAYIT v0.8 (capa 7); 00-on-kayit/ON-KAYIT-TASLAK.md:844): "Yapılandırılmış hâlde K1 KABUL, K2 RED, K3 RED (§6.5)"	insa: ES256=geçerli, Ed25519=geçerli || R={Ed25519} geçerli imzayla karşılandı; W içindeki imzalar geçerli; kontrol kolu: X klasik
T1K_both_valid-ED25519	L4-S	kontrol-Ed25519	birincil	K1;MR1;MR2	accept-classical	ÖK §6.5 (ON-KAYIT v0.8 (capa 7); 00-on-kayit/ON-KAYIT-TASLAK.md:1054): "İhraççı başına gerekli küme R = {X}, izinli küme {A, X}." | [T328] JWTBCP §3.1 (draft-ietf-oauth-rfc8725bis-10; metin/JWTBCP.txt:482): "it MUST determine which algorithms are permitted for itself and that issuer and ensure that the received JWT complies with those requirements" | ÖK §4.7 G5 (ON-KAYIT v0.8 (capa 7); 00-on-kayit/ON-KAYIT-TASLAK.md:767): "Göç etmiş bir varlık, ilan ettiği eski-sürüm penceresi dışında yalnız klasik kanıtla kabul edilemez." | ÖK §6.5 K1 (ON-KAYIT v0.8 (capa 7); 00-on-kayit/ON-KAYIT-TASLAK.md:1058): "Çift imza (A + X), ikisi geçerli | KABUL" | ÖK §4.8 P3 (ON-KAYIT v0.8 (capa 7); 00-on-kayit/ON-KAYIT-TASLAK.md:778): "P2 + ihraççı başına gerekli küme R_I"	insa: ES256=geçerli, Ed25519=geçerli || R={Ed25519} geçerli imzayla karşılandı; W içindeki imzalar geçerli; kontrol kolu: X klasik
T1K_both_valid-ED25519	L4-Y	kontrol-Ed25519	birincil	K1;MR1;MR2	accept-classical	ÖK §6.5 (ON-KAYIT v0.8 (capa 7); 00-on-kayit/ON-KAYIT-TASLAK.md:1054): "İhraççı başına gerekli küme R = {X}, izinli küme {A, X}." | [T328] JWTBCP §3.1 (draft-ietf-oauth-rfc8725bis-10; metin/JWTBCP.txt:482): "it MUST determine which algorithms are permitted for itself and that issuer and ensure that the received JWT complies with those requirements" | ÖK §4.7 G5 (ON-KAYIT v0.8 (capa 7); 00-on-kayit/ON-KAYIT-TASLAK.md:767): "Göç etmiş bir varlık, ilan ettiği eski-sürüm penceresi dışında yalnız klasik kanıtla kabul edilemez." | ÖK §6.5 K1 (ON-KAYIT v0.8 (capa 7); 00-on-kayit/ON-KAYIT-TASLAK.md:1058): "Çift imza (A + X), ikisi geçerli | KABUL" | [T314] RFC7515 §5.2 (RFC 7515; metin/RFC7515.txt:810): "When there are multiple JWS Signature values, it is an application decision which of the JWS Signature values must successfully validate for the JWS to be accepted."	insa: ES256=geçerli, Ed25519=geçerli || R={Ed25519} geçerli imzayla karşılandı; W içindeki imzalar geçerli; kontrol kolu: X klasik
T1K_both_valid-ED25519	P0	kontrol-Ed25519	birincil	K1;MR1;MR2	accept-classical	ÖK §4.8 P0 (ON-KAYIT v0.8 (capa 7); 00-on-kayit/ON-KAYIT-TASLAK.md:775): "En az bir imza geçerliyse kabul" | [T314] RFC7515 §5.2 (RFC 7515; metin/RFC7515.txt:810): "When there are multiple JWS Signature values, it is an application decision which of the JWS Signature values must successfully validate for the JWS to be accepted."	insa: ES256=geçerli, Ed25519=geçerli || en az bir geçerli imza var; kabul için klasik ES256 yeterli
T1K_both_valid-ED25519	P1	kontrol-Ed25519	birincil	K1;MR1;MR2	accept-classical	ÖK §4.8 P1 (ON-KAYIT v0.8 (capa 7); 00-on-kayit/ON-KAYIT-TASLAK.md:776): "Mevcut imzaların tümü geçerliyse kabul. İmza silinmesi (soyma) fark edilmez" | [T135] ACM2 Note 51 (ECCG ACM v2.0; metin/ACM2.txt:946): "the veriﬁcation function accepting if and only if all signatures are correct"	insa: ES256=geçerli, Ed25519=geçerli || mevcut imzaların tümü geçerli
T2K_second_tampered-ED25519	L4	kontrol-Ed25519	birincil	K2	reject	ÖK §6.5 (ON-KAYIT v0.8 (capa 7); 00-on-kayit/ON-KAYIT-TASLAK.md:1054): "İhraççı başına gerekli küme R = {X}, izinli küme {A, X}." | [T328] JWTBCP §3.1 (draft-ietf-oauth-rfc8725bis-10; metin/JWTBCP.txt:482): "it MUST determine which algorithms are permitted for itself and that issuer and ensure that the received JWT complies with those requirements" | ÖK §4.7 G5 (ON-KAYIT v0.8 (capa 7); 00-on-kayit/ON-KAYIT-TASLAK.md:767): "Göç etmiş bir varlık, ilan ettiği eski-sürüm penceresi dışında yalnız klasik kanıtla kabul edilemez." | JWTBCP §3.3 (draft-ietf-oauth-rfc8725bis-10; metin/JWTBCP.txt:566): "the entire JWT MUST be rejected if any of them fail to validate" | RFC7515 §5.2 (RFC 7515; metin/RFC7515.txt:876): "which MUST be accurately represented by the value of the "alg" (algorithm) Header Parameter" | ÖK §6.5 K2 (ON-KAYIT v0.8 (capa 7); 00-on-kayit/ON-KAYIT-TASLAK.md:1059): "X imzası bozuk | RED" | ÖK §4.13 L4 (ON-KAYIT v0.8 (capa 7); 00-on-kayit/ON-KAYIT-TASLAK.md:844): "Yapılandırılmış hâlde K1 KABUL, K2 RED, K3 RED (§6.5)"	insa: ES256=geçerli, Ed25519=geçersiz || W içinde geçersiz imza: Ed25519: imza bozuk (bozuk: bayt 5, bit 0 cevrildi)
T2K_second_tampered-ED25519	L4-S	kontrol-Ed25519	birincil	K2	reject	ÖK §6.5 (ON-KAYIT v0.8 (capa 7); 00-on-kayit/ON-KAYIT-TASLAK.md:1054): "İhraççı başına gerekli küme R = {X}, izinli küme {A, X}." | [T328] JWTBCP §3.1 (draft-ietf-oauth-rfc8725bis-10; metin/JWTBCP.txt:482): "it MUST determine which algorithms are permitted for itself and that issuer and ensure that the received JWT complies with those requirements" | ÖK §4.7 G5 (ON-KAYIT v0.8 (capa 7); 00-on-kayit/ON-KAYIT-TASLAK.md:767): "Göç etmiş bir varlık, ilan ettiği eski-sürüm penceresi dışında yalnız klasik kanıtla kabul edilemez." | JWTBCP §3.3 (draft-ietf-oauth-rfc8725bis-10; metin/JWTBCP.txt:566): "the entire JWT MUST be rejected if any of them fail to validate" | RFC7515 §5.2 (RFC 7515; metin/RFC7515.txt:876): "which MUST be accurately represented by the value of the "alg" (algorithm) Header Parameter" | ÖK §6.5 K2 (ON-KAYIT v0.8 (capa 7); 00-on-kayit/ON-KAYIT-TASLAK.md:1059): "X imzası bozuk | RED" | ÖK §4.8 P3 (ON-KAYIT v0.8 (capa 7); 00-on-kayit/ON-KAYIT-TASLAK.md:778): "P2 + ihraççı başına gerekli küme R_I"	insa: ES256=geçerli, Ed25519=geçersiz || W içinde geçersiz imza: Ed25519: imza bozuk (bozuk: bayt 5, bit 0 cevrildi)
T2K_second_tampered-ED25519	L4-Y	kontrol-Ed25519	birincil	K2	reject	ÖK §6.5 (ON-KAYIT v0.8 (capa 7); 00-on-kayit/ON-KAYIT-TASLAK.md:1054): "İhraççı başına gerekli küme R = {X}, izinli küme {A, X}." | [T328] JWTBCP §3.1 (draft-ietf-oauth-rfc8725bis-10; metin/JWTBCP.txt:482): "it MUST determine which algorithms are permitted for itself and that issuer and ensure that the received JWT complies with those requirements" | ÖK §4.7 G5 (ON-KAYIT v0.8 (capa 7); 00-on-kayit/ON-KAYIT-TASLAK.md:767): "Göç etmiş bir varlık, ilan ettiği eski-sürüm penceresi dışında yalnız klasik kanıtla kabul edilemez." | JWTBCP §3.3 (draft-ietf-oauth-rfc8725bis-10; metin/JWTBCP.txt:566): "the entire JWT MUST be rejected if any of them fail to validate" | RFC7515 §5.2 (RFC 7515; metin/RFC7515.txt:876): "which MUST be accurately represented by the value of the "alg" (algorithm) Header Parameter" | ÖK §6.5 K2 (ON-KAYIT v0.8 (capa 7); 00-on-kayit/ON-KAYIT-TASLAK.md:1059): "X imzası bozuk | RED" | [T314] RFC7515 §5.2 (RFC 7515; metin/RFC7515.txt:810): "When there are multiple JWS Signature values, it is an application decision which of the JWS Signature values must successfully validate for the JWS to be accepted."	insa: ES256=geçerli, Ed25519=geçersiz || W içinde geçersiz imza: Ed25519: imza bozuk (bozuk: bayt 5, bit 0 cevrildi)
T2K_second_tampered-ED25519	P0	kontrol-Ed25519	birincil	K2	accept-classical	ÖK §4.8 P0 (ON-KAYIT v0.8 (capa 7); 00-on-kayit/ON-KAYIT-TASLAK.md:775): "En az bir imza geçerliyse kabul" | [T314] RFC7515 §5.2 (RFC 7515; metin/RFC7515.txt:810): "When there are multiple JWS Signature values, it is an application decision which of the JWS Signature values must successfully validate for the JWS to be accepted."	insa: ES256=geçerli, Ed25519=geçersiz || en az bir geçerli imza var; kabul için klasik ES256 yeterli
T2K_second_tampered-ED25519	P1	kontrol-Ed25519	birincil	K2	reject	ÖK §4.8 P1 (ON-KAYIT v0.8 (capa 7); 00-on-kayit/ON-KAYIT-TASLAK.md:776): "Mevcut imzaların tümü geçerliyse kabul. İmza silinmesi (soyma) fark edilmez" | RFC7515 §5.2 (RFC 7515; metin/RFC7515.txt:876): "which MUST be accurately represented by the value of the "alg" (algorithm) Header Parameter"	insa: ES256=geçerli, Ed25519=geçersiz || mevcut imzaların tümü geçerli değil: Ed25519: imza bozuk (bozuk: bayt 5, bit 0 cevrildi)
T4K_plus_ML-DSA-65-ED25519	L4	kontrol-Ed25519	ikincil	K5(ikincil)	indeterminate	ÖK §6.5 K5 (ON-KAYIT v0.8 (capa 7); 00-on-kayit/ON-KAYIT-TASLAK.md:1062): "K1 + tanınmayan algoritmalı üçüncü imza | Politikaya göre (MR2); bayrak B1" | ÖK §4.20 MR2 (ON-KAYIT v0.8 (capa 7); 00-on-kayit/ON-KAYIT-TASLAK.md:944): "MR2: Bilinmeyen alg eklemenin etkisi politikaya göre öngörülebilir olmalı." | [T314] RFC7515 §5.2 (RFC 7515; metin/RFC7515.txt:810): "When there are multiple JWS Signature values, it is an application decision which of the JWS Signature values must successfully validate for the JWS to be accepted." | [T316] RFC7515 §5.2 (RFC 7515; metin/RFC7515.txt:894): "unless the algorithm(s) used in the JWS are acceptable to the application, it SHOULD consider the JWS to be invalid" | ÖK §6.5 (ON-KAYIT v0.8 (capa 7); 00-on-kayit/ON-KAYIT-TASLAK.md:1054): "İhraççı başına gerekli küme R = {X}, izinli küme {A, X}." | ÖK §4.13 L4 (ON-KAYIT v0.8 (capa 7); 00-on-kayit/ON-KAYIT-TASLAK.md:844): "Yapılandırılmış hâlde K1 KABUL, K2 RED, K3 RED (§6.5)"	insa: ES256=geçerli, Ed25519=geçerli, ML-DSA-65=geçerli || ÖK §6.5 K5 "politikaya göre": S → reject, Y → accept-classical (W dışı ek imza: ML-DSA-65)
T4K_plus_ML-DSA-65-ED25519	L4-S	kontrol-Ed25519	ikincil	K5(ikincil)	reject	ÖK §6.5 (ON-KAYIT v0.8 (capa 7); 00-on-kayit/ON-KAYIT-TASLAK.md:1054): "İhraççı başına gerekli küme R = {X}, izinli küme {A, X}." | [T328] JWTBCP §3.1 (draft-ietf-oauth-rfc8725bis-10; metin/JWTBCP.txt:482): "it MUST determine which algorithms are permitted for itself and that issuer and ensure that the received JWT complies with those requirements" | ÖK §4.7 G5 (ON-KAYIT v0.8 (capa 7); 00-on-kayit/ON-KAYIT-TASLAK.md:767): "Göç etmiş bir varlık, ilan ettiği eski-sürüm penceresi dışında yalnız klasik kanıtla kabul edilemez." | ÖK §4.8 P3 (ON-KAYIT v0.8 (capa 7); 00-on-kayit/ON-KAYIT-TASLAK.md:778): "P2 + ihraççı başına gerekli küme R_I" | ÖK §4.8 P1 (ON-KAYIT v0.8 (capa 7); 00-on-kayit/ON-KAYIT-TASLAK.md:776): "Mevcut imzaların tümü geçerliyse kabul. İmza silinmesi (soyma) fark edilmez" | [T135] ACM2 Note 51 (ECCG ACM v2.0; metin/ACM2.txt:946): "the veriﬁcation function accepting if and only if all signatures are correct" | [T316] RFC7515 §5.2 (RFC 7515; metin/RFC7515.txt:894): "unless the algorithm(s) used in the JWS are acceptable to the application, it SHOULD consider the JWS to be invalid" | [T327] JWTBCP §3.1 (draft-ietf-oauth-rfc8725bis-10; metin/JWTBCP.txt:464): "MUST NOT employ any algorithms outside this configured set" | ÖK §6.5 K5 (ON-KAYIT v0.8 (capa 7); 00-on-kayit/ON-KAYIT-TASLAK.md:1062): "K1 + tanınmayan algoritmalı üçüncü imza | Politikaya göre (MR2); bayrak B1"	insa: ES256=geçerli, Ed25519=geçerli, ML-DSA-65=geçerli || S: W dışı imza var (ML-DSA-65) → mevcut-tümü-geçerli koşulu sağlanmaz
T4K_plus_ML-DSA-65-ED25519	L4-Y	kontrol-Ed25519	ikincil	K5(ikincil)	accept-classical	ÖK §6.5 (ON-KAYIT v0.8 (capa 7); 00-on-kayit/ON-KAYIT-TASLAK.md:1054): "İhraççı başına gerekli küme R = {X}, izinli küme {A, X}." | [T328] JWTBCP §3.1 (draft-ietf-oauth-rfc8725bis-10; metin/JWTBCP.txt:482): "it MUST determine which algorithms are permitted for itself and that issuer and ensure that the received JWT complies with those requirements" | ÖK §4.7 G5 (ON-KAYIT v0.8 (capa 7); 00-on-kayit/ON-KAYIT-TASLAK.md:767): "Göç etmiş bir varlık, ilan ettiği eski-sürüm penceresi dışında yalnız klasik kanıtla kabul edilemez." | [T314] RFC7515 §5.2 (RFC 7515; metin/RFC7515.txt:810): "When there are multiple JWS Signature values, it is an application decision which of the JWS Signature values must successfully validate for the JWS to be accepted." | [T327] JWTBCP §3.1 (draft-ietf-oauth-rfc8725bis-10; metin/JWTBCP.txt:464): "MUST NOT employ any algorithms outside this configured set" | ÖK §6.5 K5 (ON-KAYIT v0.8 (capa 7); 00-on-kayit/ON-KAYIT-TASLAK.md:1062): "K1 + tanınmayan algoritmalı üçüncü imza | Politikaya göre (MR2); bayrak B1"	insa: ES256=geçerli, Ed25519=geçerli, ML-DSA-65=geçerli || R={Ed25519} geçerli imzayla karşılandı; W içindeki imzalar geçerli; Y: W dışı ek imza(lar) yok sayıldı (ML-DSA-65); kontrol kolu: X klasik
T4K_plus_ML-DSA-65-ED25519	P0	kontrol-Ed25519	ikincil	K5(ikincil)	accept-classical	ÖK §4.8 P0 (ON-KAYIT v0.8 (capa 7); 00-on-kayit/ON-KAYIT-TASLAK.md:775): "En az bir imza geçerliyse kabul" | [T314] RFC7515 §5.2 (RFC 7515; metin/RFC7515.txt:810): "When there are multiple JWS Signature values, it is an application decision which of the JWS Signature values must successfully validate for the JWS to be accepted."	insa: ES256=geçerli, Ed25519=geçerli, ML-DSA-65=geçerli || en az bir geçerli imza var; kabul için klasik ES256 yeterli
T4K_plus_ML-DSA-65-ED25519	P1	kontrol-Ed25519	ikincil	K5(ikincil)	accept-hybrid	ÖK §4.8 P1 (ON-KAYIT v0.8 (capa 7); 00-on-kayit/ON-KAYIT-TASLAK.md:776): "Mevcut imzaların tümü geçerliyse kabul. İmza silinmesi (soyma) fark edilmez" | [T135] ACM2 Note 51 (ECCG ACM v2.0; metin/ACM2.txt:946): "the veriﬁcation function accepting if and only if all signatures are correct"	insa: ES256=geçerli, Ed25519=geçerli, ML-DSA-65=geçerli || mevcut imzaların tümü geçerli; aralarında PQ imza var, kabul PQ doğrulamasını içerir
T5K_only_EdDSA-ED25519	GEC	kontrol-Ed25519	birincil	K4	accept-classical	ÖK §4.15 (ON-KAYIT v0.8 (capa 7); 00-on-kayit/ON-KAYIT-TASLAK.md:881): "V+: tek geçerli klasik imza → KABUL; V−: bozuk imza → RED" | [T315] RFC7515 §5.2 (RFC 7515; metin/RFC7515.txt:815): "at least one JWS Signature value MUST successfully validate, or the JWS MUST be considered invalid"	insa: Ed25519=geçerli || imza(lar) geçerli; alg ∈ W
T5K_only_EdDSA-ED25519	IZIN-A	kontrol-Ed25519	birincil	K4	reject	[T327] JWTBCP §3.1 (draft-ietf-oauth-rfc8725bis-10; metin/JWTBCP.txt:464): "MUST NOT employ any algorithms outside this configured set" | [T315] RFC7515 §5.2 (RFC 7515; metin/RFC7515.txt:815): "at least one JWS Signature value MUST successfully validate, or the JWS MUST be considered invalid" | ÖK §4.13 L1 (ON-KAYIT v0.8 (capa 7); 00-on-kayit/ON-KAYIT-TASLAK.md:841): "Doğrulayıcı genelinde izin listesi; izinsiz algoritma reddediliyor"	insa: Ed25519=geçerli || alg Ed25519 izin kümesi W=['ES256'] dışında
T5K_only_EdDSA-ED25519	IZIN-AX	kontrol-Ed25519	birincil	K4	accept-classical	ÖK §4.13 L1 (ON-KAYIT v0.8 (capa 7); 00-on-kayit/ON-KAYIT-TASLAK.md:841): "Doğrulayıcı genelinde izin listesi; izinsiz algoritma reddediliyor" | [T327] JWTBCP §3.1 (draft-ietf-oauth-rfc8725bis-10; metin/JWTBCP.txt:464): "MUST NOT employ any algorithms outside this configured set"	insa: Ed25519=geçerli || imza(lar) geçerli; alg ∈ W
T5K_only_EdDSA-ED25519	L4	kontrol-Ed25519	birincil	K4	accept-classical	ÖK §6.5 (ON-KAYIT v0.8 (capa 7); 00-on-kayit/ON-KAYIT-TASLAK.md:1054): "İhraççı başına gerekli küme R = {X}, izinli küme {A, X}." | [T328] JWTBCP §3.1 (draft-ietf-oauth-rfc8725bis-10; metin/JWTBCP.txt:482): "it MUST determine which algorithms are permitted for itself and that issuer and ensure that the received JWT complies with those requirements" | ÖK §4.7 G5 (ON-KAYIT v0.8 (capa 7); 00-on-kayit/ON-KAYIT-TASLAK.md:767): "Göç etmiş bir varlık, ilan ettiği eski-sürüm penceresi dışında yalnız klasik kanıtla kabul edilemez." | ÖK §6.5 K4 (ON-KAYIT v0.8 (capa 7); 00-on-kayit/ON-KAYIT-TASLAK.md:1061): "Yalnız X | KABUL" | ÖK §4.13 L4 (ON-KAYIT v0.8 (capa 7); 00-on-kayit/ON-KAYIT-TASLAK.md:844): "Yapılandırılmış hâlde K1 KABUL, K2 RED, K3 RED (§6.5)"	insa: Ed25519=geçerli || R={Ed25519} geçerli imzayla karşılandı; W içindeki imzalar geçerli; kontrol kolu: X klasik
T5K_only_EdDSA-ED25519	L4-S	kontrol-Ed25519	birincil	K4	accept-classical	ÖK §6.5 (ON-KAYIT v0.8 (capa 7); 00-on-kayit/ON-KAYIT-TASLAK.md:1054): "İhraççı başına gerekli küme R = {X}, izinli küme {A, X}." | [T328] JWTBCP §3.1 (draft-ietf-oauth-rfc8725bis-10; metin/JWTBCP.txt:482): "it MUST determine which algorithms are permitted for itself and that issuer and ensure that the received JWT complies with those requirements" | ÖK §4.7 G5 (ON-KAYIT v0.8 (capa 7); 00-on-kayit/ON-KAYIT-TASLAK.md:767): "Göç etmiş bir varlık, ilan ettiği eski-sürüm penceresi dışında yalnız klasik kanıtla kabul edilemez." | ÖK §6.5 K4 (ON-KAYIT v0.8 (capa 7); 00-on-kayit/ON-KAYIT-TASLAK.md:1061): "Yalnız X | KABUL" | ÖK §4.8 P3 (ON-KAYIT v0.8 (capa 7); 00-on-kayit/ON-KAYIT-TASLAK.md:778): "P2 + ihraççı başına gerekli küme R_I"	insa: Ed25519=geçerli || R={Ed25519} geçerli imzayla karşılandı; W içindeki imzalar geçerli; kontrol kolu: X klasik
T5K_only_EdDSA-ED25519	L4-Y	kontrol-Ed25519	birincil	K4	accept-classical	ÖK §6.5 (ON-KAYIT v0.8 (capa 7); 00-on-kayit/ON-KAYIT-TASLAK.md:1054): "İhraççı başına gerekli küme R = {X}, izinli küme {A, X}." | [T328] JWTBCP §3.1 (draft-ietf-oauth-rfc8725bis-10; metin/JWTBCP.txt:482): "it MUST determine which algorithms are permitted for itself and that issuer and ensure that the received JWT complies with those requirements" | ÖK §4.7 G5 (ON-KAYIT v0.8 (capa 7); 00-on-kayit/ON-KAYIT-TASLAK.md:767): "Göç etmiş bir varlık, ilan ettiği eski-sürüm penceresi dışında yalnız klasik kanıtla kabul edilemez." | ÖK §6.5 K4 (ON-KAYIT v0.8 (capa 7); 00-on-kayit/ON-KAYIT-TASLAK.md:1061): "Yalnız X | KABUL" | [T314] RFC7515 §5.2 (RFC 7515; metin/RFC7515.txt:810): "When there are multiple JWS Signature values, it is an application decision which of the JWS Signature values must successfully validate for the JWS to be accepted."	insa: Ed25519=geçerli || R={Ed25519} geçerli imzayla karşılandı; W içindeki imzalar geçerli; kontrol kolu: X klasik
T5K_only_EdDSA-ED25519	P0	kontrol-Ed25519	birincil	K4	accept-classical	ÖK §4.8 P0 (ON-KAYIT v0.8 (capa 7); 00-on-kayit/ON-KAYIT-TASLAK.md:775): "En az bir imza geçerliyse kabul" | [T314] RFC7515 §5.2 (RFC 7515; metin/RFC7515.txt:810): "When there are multiple JWS Signature values, it is an application decision which of the JWS Signature values must successfully validate for the JWS to be accepted."	insa: Ed25519=geçerli || en az bir geçerli imza var; kabul için klasik Ed25519 yeterli
T5K_only_EdDSA-ED25519	P1	kontrol-Ed25519	birincil	K4	accept-classical	ÖK §4.8 P1 (ON-KAYIT v0.8 (capa 7); 00-on-kayit/ON-KAYIT-TASLAK.md:776): "Mevcut imzaların tümü geçerliyse kabul. İmza silinmesi (soyma) fark edilmez" | [T135] ACM2 Note 51 (ECCG ACM v2.0; metin/ACM2.txt:946): "the veriﬁcation function accepting if and only if all signatures are correct"	insa: Ed25519=geçerli || mevcut imzaların tümü geçerli
T6_plus_composite-ED25519	L4	kontrol-Ed25519	ikincil	K5(ikincil)	indeterminate	ÖK §6.5 K5 (ON-KAYIT v0.8 (capa 7); 00-on-kayit/ON-KAYIT-TASLAK.md:1062): "K1 + tanınmayan algoritmalı üçüncü imza | Politikaya göre (MR2); bayrak B1" | ÖK §4.20 MR2 (ON-KAYIT v0.8 (capa 7); 00-on-kayit/ON-KAYIT-TASLAK.md:944): "MR2: Bilinmeyen alg eklemenin etkisi politikaya göre öngörülebilir olmalı." | [T314] RFC7515 §5.2 (RFC 7515; metin/RFC7515.txt:810): "When there are multiple JWS Signature values, it is an application decision which of the JWS Signature values must successfully validate for the JWS to be accepted." | [T316] RFC7515 §5.2 (RFC 7515; metin/RFC7515.txt:894): "unless the algorithm(s) used in the JWS are acceptable to the application, it SHOULD consider the JWS to be invalid" | ÖK §6.5 (ON-KAYIT v0.8 (capa 7); 00-on-kayit/ON-KAYIT-TASLAK.md:1054): "İhraççı başına gerekli küme R = {X}, izinli küme {A, X}." | ÖK §4.13 L4 (ON-KAYIT v0.8 (capa 7); 00-on-kayit/ON-KAYIT-TASLAK.md:844): "Yapılandırılmış hâlde K1 KABUL, K2 RED, K3 RED (§6.5)"	insa: ES256=geçerli, Ed25519=geçerli, ML-DSA-65-ES256=geçerli || ÖK §6.5 K5 "politikaya göre": S → reject, Y → accept-classical (W dışı ek imza: ML-DSA-65-ES256)
T6_plus_composite-ED25519	L4-S	kontrol-Ed25519	ikincil	K5(ikincil)	reject	ÖK §6.5 (ON-KAYIT v0.8 (capa 7); 00-on-kayit/ON-KAYIT-TASLAK.md:1054): "İhraççı başına gerekli küme R = {X}, izinli küme {A, X}." | [T328] JWTBCP §3.1 (draft-ietf-oauth-rfc8725bis-10; metin/JWTBCP.txt:482): "it MUST determine which algorithms are permitted for itself and that issuer and ensure that the received JWT complies with those requirements" | ÖK §4.7 G5 (ON-KAYIT v0.8 (capa 7); 00-on-kayit/ON-KAYIT-TASLAK.md:767): "Göç etmiş bir varlık, ilan ettiği eski-sürüm penceresi dışında yalnız klasik kanıtla kabul edilemez." | ÖK §4.8 P3 (ON-KAYIT v0.8 (capa 7); 00-on-kayit/ON-KAYIT-TASLAK.md:778): "P2 + ihraççı başına gerekli küme R_I" | ÖK §4.8 P1 (ON-KAYIT v0.8 (capa 7); 00-on-kayit/ON-KAYIT-TASLAK.md:776): "Mevcut imzaların tümü geçerliyse kabul. İmza silinmesi (soyma) fark edilmez" | [T135] ACM2 Note 51 (ECCG ACM v2.0; metin/ACM2.txt:946): "the veriﬁcation function accepting if and only if all signatures are correct" | [T316] RFC7515 §5.2 (RFC 7515; metin/RFC7515.txt:894): "unless the algorithm(s) used in the JWS are acceptable to the application, it SHOULD consider the JWS to be invalid" | [T327] JWTBCP §3.1 (draft-ietf-oauth-rfc8725bis-10; metin/JWTBCP.txt:464): "MUST NOT employ any algorithms outside this configured set" | ÖK §6.5 K5 (ON-KAYIT v0.8 (capa 7); 00-on-kayit/ON-KAYIT-TASLAK.md:1062): "K1 + tanınmayan algoritmalı üçüncü imza | Politikaya göre (MR2); bayrak B1"	insa: ES256=geçerli, Ed25519=geçerli, ML-DSA-65-ES256=geçerli || S: W dışı imza var (ML-DSA-65-ES256) → mevcut-tümü-geçerli koşulu sağlanmaz
T6_plus_composite-ED25519	L4-Y	kontrol-Ed25519	ikincil	K5(ikincil)	accept-classical	ÖK §6.5 (ON-KAYIT v0.8 (capa 7); 00-on-kayit/ON-KAYIT-TASLAK.md:1054): "İhraççı başına gerekli küme R = {X}, izinli küme {A, X}." | [T328] JWTBCP §3.1 (draft-ietf-oauth-rfc8725bis-10; metin/JWTBCP.txt:482): "it MUST determine which algorithms are permitted for itself and that issuer and ensure that the received JWT complies with those requirements" | ÖK §4.7 G5 (ON-KAYIT v0.8 (capa 7); 00-on-kayit/ON-KAYIT-TASLAK.md:767): "Göç etmiş bir varlık, ilan ettiği eski-sürüm penceresi dışında yalnız klasik kanıtla kabul edilemez." | [T314] RFC7515 §5.2 (RFC 7515; metin/RFC7515.txt:810): "When there are multiple JWS Signature values, it is an application decision which of the JWS Signature values must successfully validate for the JWS to be accepted." | [T327] JWTBCP §3.1 (draft-ietf-oauth-rfc8725bis-10; metin/JWTBCP.txt:464): "MUST NOT employ any algorithms outside this configured set" | ÖK §6.5 K5 (ON-KAYIT v0.8 (capa 7); 00-on-kayit/ON-KAYIT-TASLAK.md:1062): "K1 + tanınmayan algoritmalı üçüncü imza | Politikaya göre (MR2); bayrak B1"	insa: ES256=geçerli, Ed25519=geçerli, ML-DSA-65-ES256=geçerli || R={Ed25519} geçerli imzayla karşılandı; W içindeki imzalar geçerli; Y: W dışı ek imza(lar) yok sayıldı (ML-DSA-65-ES256); kontrol kolu: X klasik
T6_plus_composite-ED25519	P0	kontrol-Ed25519	ikincil	K5(ikincil)	accept-classical	ÖK §4.8 P0 (ON-KAYIT v0.8 (capa 7); 00-on-kayit/ON-KAYIT-TASLAK.md:775): "En az bir imza geçerliyse kabul" | [T314] RFC7515 §5.2 (RFC 7515; metin/RFC7515.txt:810): "When there are multiple JWS Signature values, it is an application decision which of the JWS Signature values must successfully validate for the JWS to be accepted."	insa: ES256=geçerli, Ed25519=geçerli, ML-DSA-65-ES256=geçerli || en az bir geçerli imza var; kabul için klasik ES256 yeterli
T6_plus_composite-ED25519	P1	kontrol-Ed25519	ikincil	K5(ikincil)	accept-hybrid	ÖK §4.8 P1 (ON-KAYIT v0.8 (capa 7); 00-on-kayit/ON-KAYIT-TASLAK.md:776): "Mevcut imzaların tümü geçerliyse kabul. İmza silinmesi (soyma) fark edilmez" | [T135] ACM2 Note 51 (ECCG ACM v2.0; metin/ACM2.txt:946): "the veriﬁcation function accepting if and only if all signatures are correct"	insa: ES256=geçerli, Ed25519=geçerli, ML-DSA-65-ES256=geçerli || mevcut imzaların tümü geçerli; aralarında PQ imza var, kabul PQ doğrulamasını içerir
VC09_GJ_ES256_EdDSA-ED25519	L4	kontrol-Ed25519	ikincil	K1(ikincil);MR3	accept-classical	ÖK §6.5 (ON-KAYIT v0.8 (capa 7); 00-on-kayit/ON-KAYIT-TASLAK.md:1054): "İhraççı başına gerekli küme R = {X}, izinli küme {A, X}." | [T328] JWTBCP §3.1 (draft-ietf-oauth-rfc8725bis-10; metin/JWTBCP.txt:482): "it MUST determine which algorithms are permitted for itself and that issuer and ensure that the received JWT complies with those requirements" | ÖK §4.7 G5 (ON-KAYIT v0.8 (capa 7); 00-on-kayit/ON-KAYIT-TASLAK.md:767): "Göç etmiş bir varlık, ilan ettiği eski-sürüm penceresi dışında yalnız klasik kanıtla kabul edilemez." | ÖK §6.5 K1 (ON-KAYIT v0.8 (capa 7); 00-on-kayit/ON-KAYIT-TASLAK.md:1058): "Çift imza (A + X), ikisi geçerli | KABUL" | ÖK §4.13 L4 (ON-KAYIT v0.8 (capa 7); 00-on-kayit/ON-KAYIT-TASLAK.md:844): "Yapılandırılmış hâlde K1 KABUL, K2 RED, K3 RED (§6.5)"	insa: ES256=geçerli, Ed25519=geçerli || R={Ed25519} geçerli imzayla karşılandı; W içindeki imzalar geçerli; kontrol kolu: X klasik || JSON serileştirme isteğe bağlı: destekleyen hedef için karar; desteklemeyen hedefte B6 (uygulanamaz) [RFC9901 §8; T114 SDJWTVC13 §3.2; T115 HAIP §6.1; ÖK §4.13 B6]
VC09_GJ_ES256_EdDSA-ED25519	L4-S	kontrol-Ed25519	ikincil	K1(ikincil);MR3	accept-classical	ÖK §6.5 (ON-KAYIT v0.8 (capa 7); 00-on-kayit/ON-KAYIT-TASLAK.md:1054): "İhraççı başına gerekli küme R = {X}, izinli küme {A, X}." | [T328] JWTBCP §3.1 (draft-ietf-oauth-rfc8725bis-10; metin/JWTBCP.txt:482): "it MUST determine which algorithms are permitted for itself and that issuer and ensure that the received JWT complies with those requirements" | ÖK §4.7 G5 (ON-KAYIT v0.8 (capa 7); 00-on-kayit/ON-KAYIT-TASLAK.md:767): "Göç etmiş bir varlık, ilan ettiği eski-sürüm penceresi dışında yalnız klasik kanıtla kabul edilemez." | ÖK §6.5 K1 (ON-KAYIT v0.8 (capa 7); 00-on-kayit/ON-KAYIT-TASLAK.md:1058): "Çift imza (A + X), ikisi geçerli | KABUL" | ÖK §4.8 P3 (ON-KAYIT v0.8 (capa 7); 00-on-kayit/ON-KAYIT-TASLAK.md:778): "P2 + ihraççı başına gerekli küme R_I"	insa: ES256=geçerli, Ed25519=geçerli || R={Ed25519} geçerli imzayla karşılandı; W içindeki imzalar geçerli; kontrol kolu: X klasik || JSON serileştirme isteğe bağlı: destekleyen hedef için karar; desteklemeyen hedefte B6 (uygulanamaz) [RFC9901 §8; T114 SDJWTVC13 §3.2; T115 HAIP §6.1; ÖK §4.13 B6]
VC09_GJ_ES256_EdDSA-ED25519	L4-Y	kontrol-Ed25519	ikincil	K1(ikincil);MR3	accept-classical	ÖK §6.5 (ON-KAYIT v0.8 (capa 7); 00-on-kayit/ON-KAYIT-TASLAK.md:1054): "İhraççı başına gerekli küme R = {X}, izinli küme {A, X}." | [T328] JWTBCP §3.1 (draft-ietf-oauth-rfc8725bis-10; metin/JWTBCP.txt:482): "it MUST determine which algorithms are permitted for itself and that issuer and ensure that the received JWT complies with those requirements" | ÖK §4.7 G5 (ON-KAYIT v0.8 (capa 7); 00-on-kayit/ON-KAYIT-TASLAK.md:767): "Göç etmiş bir varlık, ilan ettiği eski-sürüm penceresi dışında yalnız klasik kanıtla kabul edilemez." | ÖK §6.5 K1 (ON-KAYIT v0.8 (capa 7); 00-on-kayit/ON-KAYIT-TASLAK.md:1058): "Çift imza (A + X), ikisi geçerli | KABUL" | [T314] RFC7515 §5.2 (RFC 7515; metin/RFC7515.txt:810): "When there are multiple JWS Signature values, it is an application decision which of the JWS Signature values must successfully validate for the JWS to be accepted."	insa: ES256=geçerli, Ed25519=geçerli || R={Ed25519} geçerli imzayla karşılandı; W içindeki imzalar geçerli; kontrol kolu: X klasik || JSON serileştirme isteğe bağlı: destekleyen hedef için karar; desteklemeyen hedefte B6 (uygulanamaz) [RFC9901 §8; T114 SDJWTVC13 §3.2; T115 HAIP §6.1; ÖK §4.13 B6]
VC09_GJ_ES256_EdDSA-ED25519	P0	kontrol-Ed25519	ikincil	K1(ikincil);MR3	accept-classical	ÖK §4.8 P0 (ON-KAYIT v0.8 (capa 7); 00-on-kayit/ON-KAYIT-TASLAK.md:775): "En az bir imza geçerliyse kabul" | [T314] RFC7515 §5.2 (RFC 7515; metin/RFC7515.txt:810): "When there are multiple JWS Signature values, it is an application decision which of the JWS Signature values must successfully validate for the JWS to be accepted."	insa: ES256=geçerli, Ed25519=geçerli || en az bir geçerli imza var; kabul için klasik ES256 yeterli || JSON serileştirme isteğe bağlı: destekleyen hedef için karar; desteklemeyen hedefte B6 (uygulanamaz) [RFC9901 §8; T114 SDJWTVC13 §3.2; T115 HAIP §6.1; ÖK §4.13 B6]
VC09_GJ_ES256_EdDSA-ED25519	P1	kontrol-Ed25519	ikincil	K1(ikincil);MR3	accept-classical	ÖK §4.8 P1 (ON-KAYIT v0.8 (capa 7); 00-on-kayit/ON-KAYIT-TASLAK.md:776): "Mevcut imzaların tümü geçerliyse kabul. İmza silinmesi (soyma) fark edilmez" | [T135] ACM2 Note 51 (ECCG ACM v2.0; metin/ACM2.txt:946): "the veriﬁcation function accepting if and only if all signatures are correct"	insa: ES256=geçerli, Ed25519=geçerli || mevcut imzaların tümü geçerli || JSON serileştirme isteğe bağlı: destekleyen hedef için karar; desteklemeyen hedefte B6 (uygulanamaz) [RFC9901 §8; T114 SDJWTVC13 §3.2; T115 HAIP §6.1; ÖK §4.13 B6]
VC09_GJ_ES256_EdDSA-ED25519	L4@-19	kontrol-Ed25519	ikincil	K1(ikincil);MR3	accept-classical	ÖK §6.5 (ON-KAYIT v0.8 (capa 7); 00-on-kayit/ON-KAYIT-TASLAK.md:1054): "İhraççı başına gerekli küme R = {X}, izinli küme {A, X}." | [T328] JWTBCP §3.1 (draft-ietf-oauth-rfc8725bis-10; metin/JWTBCP.txt:482): "it MUST determine which algorithms are permitted for itself and that issuer and ensure that the received JWT complies with those requirements" | ÖK §4.7 G5 (ON-KAYIT v0.8 (capa 7); 00-on-kayit/ON-KAYIT-TASLAK.md:767): "Göç etmiş bir varlık, ilan ettiği eski-sürüm penceresi dışında yalnız klasik kanıtla kabul edilemez." | ÖK §6.5 K1 (ON-KAYIT v0.8 (capa 7); 00-on-kayit/ON-KAYIT-TASLAK.md:1058): "Çift imza (A + X), ikisi geçerli | KABUL" | ÖK §4.13 L4 (ON-KAYIT v0.8 (capa 7); 00-on-kayit/ON-KAYIT-TASLAK.md:844): "Yapılandırılmış hâlde K1 KABUL, K2 RED, K3 RED (§6.5)" | ÖK §2C.2.3 (ON-KAYIT v0.8 (capa 7); 00-on-kayit/ON-KAYIT-TASLAK.md:325): "| `sdjwtvc_surum` | -13 | -19 |"	insa: ES256=geçerli, Ed25519=geçerli || R={Ed25519} geçerli imzayla karşılandı; W içindeki imzalar geçerli; kontrol kolu: X klasik || JSON serileştirme isteğe bağlı: destekleyen hedef için karar; desteklemeyen hedefte B6 (uygulanamaz) [RFC9901 §8; T113 SDJWTVC §2.2; T115 HAIP §6.1; ÖK §4.13 B6]
DPOP02_EdDSA-ED25519	GEC	kontrol-Ed25519	ikincil	eşleme-dışı	accept-classical	[T380] RFC9449 §4.3 (11) (RFC 9449; metin/RFC9449.txt:509): "is within an acceptable window (see Section 11.1)" | ÖK §4.15 (ON-KAYIT v0.8 (capa 7); 00-on-kayit/ON-KAYIT-TASLAK.md:881): "V+: tek geçerli klasik imza → KABUL; V−: bozuk imza → RED" | [T315] RFC7515 §5.2 (RFC 7515; metin/RFC7515.txt:815): "at least one JWS Signature value MUST successfully validate, or the JWS MUST be considered invalid"	insa: Ed25519=geçerli || imza(lar) geçerli; alg ∈ W || iat = simdi − 10 s; htm/htu eşleşiyor; sunucu nonce/erişim belirteci vermedi (nonce/ath denetimi uygulanmaz)
T1K_both_valid-SIRA-ters	L4	kontrol-EdDSA	ikincil	MR4(T1K_both_valid)	accept-classical	ÖK §6.5 (ON-KAYIT v0.8 (capa 7); 00-on-kayit/ON-KAYIT-TASLAK.md:1054): "İhraççı başına gerekli küme R = {X}, izinli küme {A, X}." | [T328] JWTBCP §3.1 (draft-ietf-oauth-rfc8725bis-10; metin/JWTBCP.txt:482): "it MUST determine which algorithms are permitted for itself and that issuer and ensure that the received JWT complies with those requirements" | ÖK §4.7 G5 (ON-KAYIT v0.8 (capa 7); 00-on-kayit/ON-KAYIT-TASLAK.md:767): "Göç etmiş bir varlık, ilan ettiği eski-sürüm penceresi dışında yalnız klasik kanıtla kabul edilemez." | ÖK §4.13 L4 (ON-KAYIT v0.8 (capa 7); 00-on-kayit/ON-KAYIT-TASLAK.md:844): "Yapılandırılmış hâlde K1 KABUL, K2 RED, K3 RED (§6.5)"	insa: EdDSA=geçerli, ES256=geçerli || R={EdDSA} geçerli imzayla karşılandı; W içindeki imzalar geçerli; kontrol kolu: X klasik
T1K_both_valid-SIRA-ters	L4-S	kontrol-EdDSA	ikincil	MR4(T1K_both_valid)	accept-classical	ÖK §6.5 (ON-KAYIT v0.8 (capa 7); 00-on-kayit/ON-KAYIT-TASLAK.md:1054): "İhraççı başına gerekli küme R = {X}, izinli küme {A, X}." | [T328] JWTBCP §3.1 (draft-ietf-oauth-rfc8725bis-10; metin/JWTBCP.txt:482): "it MUST determine which algorithms are permitted for itself and that issuer and ensure that the received JWT complies with those requirements" | ÖK §4.7 G5 (ON-KAYIT v0.8 (capa 7); 00-on-kayit/ON-KAYIT-TASLAK.md:767): "Göç etmiş bir varlık, ilan ettiği eski-sürüm penceresi dışında yalnız klasik kanıtla kabul edilemez." | ÖK §4.8 P3 (ON-KAYIT v0.8 (capa 7); 00-on-kayit/ON-KAYIT-TASLAK.md:778): "P2 + ihraççı başına gerekli küme R_I"	insa: EdDSA=geçerli, ES256=geçerli || R={EdDSA} geçerli imzayla karşılandı; W içindeki imzalar geçerli; kontrol kolu: X klasik
T1K_both_valid-SIRA-ters	L4-Y	kontrol-EdDSA	ikincil	MR4(T1K_both_valid)	accept-classical	ÖK §6.5 (ON-KAYIT v0.8 (capa 7); 00-on-kayit/ON-KAYIT-TASLAK.md:1054): "İhraççı başına gerekli küme R = {X}, izinli küme {A, X}." | [T328] JWTBCP §3.1 (draft-ietf-oauth-rfc8725bis-10; metin/JWTBCP.txt:482): "it MUST determine which algorithms are permitted for itself and that issuer and ensure that the received JWT complies with those requirements" | ÖK §4.7 G5 (ON-KAYIT v0.8 (capa 7); 00-on-kayit/ON-KAYIT-TASLAK.md:767): "Göç etmiş bir varlık, ilan ettiği eski-sürüm penceresi dışında yalnız klasik kanıtla kabul edilemez." | [T314] RFC7515 §5.2 (RFC 7515; metin/RFC7515.txt:810): "When there are multiple JWS Signature values, it is an application decision which of the JWS Signature values must successfully validate for the JWS to be accepted."	insa: EdDSA=geçerli, ES256=geçerli || R={EdDSA} geçerli imzayla karşılandı; W içindeki imzalar geçerli; kontrol kolu: X klasik
T1K_both_valid-SIRA-ters	P0	kontrol-EdDSA	ikincil	MR4(T1K_both_valid)	accept-classical	ÖK §4.8 P0 (ON-KAYIT v0.8 (capa 7); 00-on-kayit/ON-KAYIT-TASLAK.md:775): "En az bir imza geçerliyse kabul" | [T314] RFC7515 §5.2 (RFC 7515; metin/RFC7515.txt:810): "When there are multiple JWS Signature values, it is an application decision which of the JWS Signature values must successfully validate for the JWS to be accepted."	insa: EdDSA=geçerli, ES256=geçerli || en az bir geçerli imza var; kabul için klasik EdDSA yeterli
T1K_both_valid-SIRA-ters	P1	kontrol-EdDSA	ikincil	MR4(T1K_both_valid)	accept-classical	ÖK §4.8 P1 (ON-KAYIT v0.8 (capa 7); 00-on-kayit/ON-KAYIT-TASLAK.md:776): "Mevcut imzaların tümü geçerliyse kabul. İmza silinmesi (soyma) fark edilmez" | [T135] ACM2 Note 51 (ECCG ACM v2.0; metin/ACM2.txt:946): "the veriﬁcation function accepting if and only if all signatures are correct"	insa: EdDSA=geçerli, ES256=geçerli || mevcut imzaların tümü geçerli
T1K_both_valid-SIRA-ters-ED25519	L4	kontrol-Ed25519	ikincil	MR4(T1K_both_valid-ED25519)	accept-classical	ÖK §6.5 (ON-KAYIT v0.8 (capa 7); 00-on-kayit/ON-KAYIT-TASLAK.md:1054): "İhraççı başına gerekli küme R = {X}, izinli küme {A, X}." | [T328] JWTBCP §3.1 (draft-ietf-oauth-rfc8725bis-10; metin/JWTBCP.txt:482): "it MUST determine which algorithms are permitted for itself and that issuer and ensure that the received JWT complies with those requirements" | ÖK §4.7 G5 (ON-KAYIT v0.8 (capa 7); 00-on-kayit/ON-KAYIT-TASLAK.md:767): "Göç etmiş bir varlık, ilan ettiği eski-sürüm penceresi dışında yalnız klasik kanıtla kabul edilemez." | ÖK §4.13 L4 (ON-KAYIT v0.8 (capa 7); 00-on-kayit/ON-KAYIT-TASLAK.md:844): "Yapılandırılmış hâlde K1 KABUL, K2 RED, K3 RED (§6.5)"	insa: Ed25519=geçerli, ES256=geçerli || R={Ed25519} geçerli imzayla karşılandı; W içindeki imzalar geçerli; kontrol kolu: X klasik
T1K_both_valid-SIRA-ters-ED25519	L4-S	kontrol-Ed25519	ikincil	MR4(T1K_both_valid-ED25519)	accept-classical	ÖK §6.5 (ON-KAYIT v0.8 (capa 7); 00-on-kayit/ON-KAYIT-TASLAK.md:1054): "İhraççı başına gerekli küme R = {X}, izinli küme {A, X}." | [T328] JWTBCP §3.1 (draft-ietf-oauth-rfc8725bis-10; metin/JWTBCP.txt:482): "it MUST determine which algorithms are permitted for itself and that issuer and ensure that the received JWT complies with those requirements" | ÖK §4.7 G5 (ON-KAYIT v0.8 (capa 7); 00-on-kayit/ON-KAYIT-TASLAK.md:767): "Göç etmiş bir varlık, ilan ettiği eski-sürüm penceresi dışında yalnız klasik kanıtla kabul edilemez." | ÖK §4.8 P3 (ON-KAYIT v0.8 (capa 7); 00-on-kayit/ON-KAYIT-TASLAK.md:778): "P2 + ihraççı başına gerekli küme R_I"	insa: Ed25519=geçerli, ES256=geçerli || R={Ed25519} geçerli imzayla karşılandı; W içindeki imzalar geçerli; kontrol kolu: X klasik
T1K_both_valid-SIRA-ters-ED25519	L4-Y	kontrol-Ed25519	ikincil	MR4(T1K_both_valid-ED25519)	accept-classical	ÖK §6.5 (ON-KAYIT v0.8 (capa 7); 00-on-kayit/ON-KAYIT-TASLAK.md:1054): "İhraççı başına gerekli küme R = {X}, izinli küme {A, X}." | [T328] JWTBCP §3.1 (draft-ietf-oauth-rfc8725bis-10; metin/JWTBCP.txt:482): "it MUST determine which algorithms are permitted for itself and that issuer and ensure that the received JWT complies with those requirements" | ÖK §4.7 G5 (ON-KAYIT v0.8 (capa 7); 00-on-kayit/ON-KAYIT-TASLAK.md:767): "Göç etmiş bir varlık, ilan ettiği eski-sürüm penceresi dışında yalnız klasik kanıtla kabul edilemez." | [T314] RFC7515 §5.2 (RFC 7515; metin/RFC7515.txt:810): "When there are multiple JWS Signature values, it is an application decision which of the JWS Signature values must successfully validate for the JWS to be accepted."	insa: Ed25519=geçerli, ES256=geçerli || R={Ed25519} geçerli imzayla karşılandı; W içindeki imzalar geçerli; kontrol kolu: X klasik
T1K_both_valid-SIRA-ters-ED25519	P0	kontrol-Ed25519	ikincil	MR4(T1K_both_valid-ED25519)	accept-classical	ÖK §4.8 P0 (ON-KAYIT v0.8 (capa 7); 00-on-kayit/ON-KAYIT-TASLAK.md:775): "En az bir imza geçerliyse kabul" | [T314] RFC7515 §5.2 (RFC 7515; metin/RFC7515.txt:810): "When there are multiple JWS Signature values, it is an application decision which of the JWS Signature values must successfully validate for the JWS to be accepted."	insa: Ed25519=geçerli, ES256=geçerli || en az bir geçerli imza var; kabul için klasik Ed25519 yeterli
T1K_both_valid-SIRA-ters-ED25519	P1	kontrol-Ed25519	ikincil	MR4(T1K_both_valid-ED25519)	accept-classical	ÖK §4.8 P1 (ON-KAYIT v0.8 (capa 7); 00-on-kayit/ON-KAYIT-TASLAK.md:776): "Mevcut imzaların tümü geçerliyse kabul. İmza silinmesi (soyma) fark edilmez" | [T135] ACM2 Note 51 (ECCG ACM v2.0; metin/ACM2.txt:946): "the veriﬁcation function accepting if and only if all signatures are correct"	insa: Ed25519=geçerli, ES256=geçerli || mevcut imzaların tümü geçerli
T1P_both_valid-SIRA-ters	L4	tedavi-ML-DSA-65	ikincil	MR4(T1P_both_valid)	accept-hybrid	ÖK §6.5 (ON-KAYIT v0.8 (capa 7); 00-on-kayit/ON-KAYIT-TASLAK.md:1054): "İhraççı başına gerekli küme R = {X}, izinli küme {A, X}." | [T328] JWTBCP §3.1 (draft-ietf-oauth-rfc8725bis-10; metin/JWTBCP.txt:482): "it MUST determine which algorithms are permitted for itself and that issuer and ensure that the received JWT complies with those requirements" | ÖK §4.7 G5 (ON-KAYIT v0.8 (capa 7); 00-on-kayit/ON-KAYIT-TASLAK.md:767): "Göç etmiş bir varlık, ilan ettiği eski-sürüm penceresi dışında yalnız klasik kanıtla kabul edilemez." | ÖK §4.13 L4 (ON-KAYIT v0.8 (capa 7); 00-on-kayit/ON-KAYIT-TASLAK.md:844): "Yapılandırılmış hâlde K1 KABUL, K2 RED, K3 RED (§6.5)"	insa: ML-DSA-65=geçerli, ES256=geçerli || R={ML-DSA-65} geçerli imzayla karşılandı; W içindeki imzalar geçerli
T1P_both_valid-SIRA-ters	L4-S	tedavi-ML-DSA-65	ikincil	MR4(T1P_both_valid)	accept-hybrid	ÖK §6.5 (ON-KAYIT v0.8 (capa 7); 00-on-kayit/ON-KAYIT-TASLAK.md:1054): "İhraççı başına gerekli küme R = {X}, izinli küme {A, X}." | [T328] JWTBCP §3.1 (draft-ietf-oauth-rfc8725bis-10; metin/JWTBCP.txt:482): "it MUST determine which algorithms are permitted for itself and that issuer and ensure that the received JWT complies with those requirements" | ÖK §4.7 G5 (ON-KAYIT v0.8 (capa 7); 00-on-kayit/ON-KAYIT-TASLAK.md:767): "Göç etmiş bir varlık, ilan ettiği eski-sürüm penceresi dışında yalnız klasik kanıtla kabul edilemez." | ÖK §4.8 P3 (ON-KAYIT v0.8 (capa 7); 00-on-kayit/ON-KAYIT-TASLAK.md:778): "P2 + ihraççı başına gerekli küme R_I"	insa: ML-DSA-65=geçerli, ES256=geçerli || R={ML-DSA-65} geçerli imzayla karşılandı; W içindeki imzalar geçerli
T1P_both_valid-SIRA-ters	L4-Y	tedavi-ML-DSA-65	ikincil	MR4(T1P_both_valid)	accept-hybrid	ÖK §6.5 (ON-KAYIT v0.8 (capa 7); 00-on-kayit/ON-KAYIT-TASLAK.md:1054): "İhraççı başına gerekli küme R = {X}, izinli küme {A, X}." | [T328] JWTBCP §3.1 (draft-ietf-oauth-rfc8725bis-10; metin/JWTBCP.txt:482): "it MUST determine which algorithms are permitted for itself and that issuer and ensure that the received JWT complies with those requirements" | ÖK §4.7 G5 (ON-KAYIT v0.8 (capa 7); 00-on-kayit/ON-KAYIT-TASLAK.md:767): "Göç etmiş bir varlık, ilan ettiği eski-sürüm penceresi dışında yalnız klasik kanıtla kabul edilemez." | [T314] RFC7515 §5.2 (RFC 7515; metin/RFC7515.txt:810): "When there are multiple JWS Signature values, it is an application decision which of the JWS Signature values must successfully validate for the JWS to be accepted."	insa: ML-DSA-65=geçerli, ES256=geçerli || R={ML-DSA-65} geçerli imzayla karşılandı; W içindeki imzalar geçerli
T1P_both_valid-SIRA-ters	P0	tedavi-ML-DSA-65	ikincil	MR4(T1P_both_valid)	accept-classical	ÖK §4.8 P0 (ON-KAYIT v0.8 (capa 7); 00-on-kayit/ON-KAYIT-TASLAK.md:775): "En az bir imza geçerliyse kabul" | [T314] RFC7515 §5.2 (RFC 7515; metin/RFC7515.txt:810): "When there are multiple JWS Signature values, it is an application decision which of the JWS Signature values must successfully validate for the JWS to be accepted."	insa: ML-DSA-65=geçerli, ES256=geçerli || en az bir geçerli imza var; kabul için klasik ES256 yeterli
T1P_both_valid-SIRA-ters	P1	tedavi-ML-DSA-65	ikincil	MR4(T1P_both_valid)	accept-hybrid	ÖK §4.8 P1 (ON-KAYIT v0.8 (capa 7); 00-on-kayit/ON-KAYIT-TASLAK.md:776): "Mevcut imzaların tümü geçerliyse kabul. İmza silinmesi (soyma) fark edilmez" | [T135] ACM2 Note 51 (ECCG ACM v2.0; metin/ACM2.txt:946): "the veriﬁcation function accepting if and only if all signatures are correct"	insa: ML-DSA-65=geçerli, ES256=geçerli || mevcut imzaların tümü geçerli; aralarında PQ imza var, kabul PQ doğrulamasını içerir
T1C_both_valid-SIRA-ters	L4	tedavi-composite	ikincil	MR4(T1C_both_valid)	accept-hybrid	ÖK §6.5 (ON-KAYIT v0.8 (capa 7); 00-on-kayit/ON-KAYIT-TASLAK.md:1054): "İhraççı başına gerekli küme R = {X}, izinli küme {A, X}." | [T328] JWTBCP §3.1 (draft-ietf-oauth-rfc8725bis-10; metin/JWTBCP.txt:482): "it MUST determine which algorithms are permitted for itself and that issuer and ensure that the received JWT complies with those requirements" | ÖK §4.7 G5 (ON-KAYIT v0.8 (capa 7); 00-on-kayit/ON-KAYIT-TASLAK.md:767): "Göç etmiş bir varlık, ilan ettiği eski-sürüm penceresi dışında yalnız klasik kanıtla kabul edilemez." | ÖK §4.13 L4 (ON-KAYIT v0.8 (capa 7); 00-on-kayit/ON-KAYIT-TASLAK.md:844): "Yapılandırılmış hâlde K1 KABUL, K2 RED, K3 RED (§6.5)"	insa: ML-DSA-65-ES256=geçerli, ES256=geçerli || R={ML-DSA-65-ES256} geçerli imzayla karşılandı; W içindeki imzalar geçerli
T1C_both_valid-SIRA-ters	L4-S	tedavi-composite	ikincil	MR4(T1C_both_valid)	accept-hybrid	ÖK §6.5 (ON-KAYIT v0.8 (capa 7); 00-on-kayit/ON-KAYIT-TASLAK.md:1054): "İhraççı başına gerekli küme R = {X}, izinli küme {A, X}." | [T328] JWTBCP §3.1 (draft-ietf-oauth-rfc8725bis-10; metin/JWTBCP.txt:482): "it MUST determine which algorithms are permitted for itself and that issuer and ensure that the received JWT complies with those requirements" | ÖK §4.7 G5 (ON-KAYIT v0.8 (capa 7); 00-on-kayit/ON-KAYIT-TASLAK.md:767): "Göç etmiş bir varlık, ilan ettiği eski-sürüm penceresi dışında yalnız klasik kanıtla kabul edilemez." | ÖK §4.8 P3 (ON-KAYIT v0.8 (capa 7); 00-on-kayit/ON-KAYIT-TASLAK.md:778): "P2 + ihraççı başına gerekli küme R_I"	insa: ML-DSA-65-ES256=geçerli, ES256=geçerli || R={ML-DSA-65-ES256} geçerli imzayla karşılandı; W içindeki imzalar geçerli
T1C_both_valid-SIRA-ters	L4-Y	tedavi-composite	ikincil	MR4(T1C_both_valid)	accept-hybrid	ÖK §6.5 (ON-KAYIT v0.8 (capa 7); 00-on-kayit/ON-KAYIT-TASLAK.md:1054): "İhraççı başına gerekli küme R = {X}, izinli küme {A, X}." | [T328] JWTBCP §3.1 (draft-ietf-oauth-rfc8725bis-10; metin/JWTBCP.txt:482): "it MUST determine which algorithms are permitted for itself and that issuer and ensure that the received JWT complies with those requirements" | ÖK §4.7 G5 (ON-KAYIT v0.8 (capa 7); 00-on-kayit/ON-KAYIT-TASLAK.md:767): "Göç etmiş bir varlık, ilan ettiği eski-sürüm penceresi dışında yalnız klasik kanıtla kabul edilemez." | [T314] RFC7515 §5.2 (RFC 7515; metin/RFC7515.txt:810): "When there are multiple JWS Signature values, it is an application decision which of the JWS Signature values must successfully validate for the JWS to be accepted."	insa: ML-DSA-65-ES256=geçerli, ES256=geçerli || R={ML-DSA-65-ES256} geçerli imzayla karşılandı; W içindeki imzalar geçerli
T1C_both_valid-SIRA-ters	P0	tedavi-composite	ikincil	MR4(T1C_both_valid)	accept-classical	ÖK §4.8 P0 (ON-KAYIT v0.8 (capa 7); 00-on-kayit/ON-KAYIT-TASLAK.md:775): "En az bir imza geçerliyse kabul" | [T314] RFC7515 §5.2 (RFC 7515; metin/RFC7515.txt:810): "When there are multiple JWS Signature values, it is an application decision which of the JWS Signature values must successfully validate for the JWS to be accepted."	insa: ML-DSA-65-ES256=geçerli, ES256=geçerli || en az bir geçerli imza var; kabul için klasik ES256 yeterli
T1C_both_valid-SIRA-ters	P1	tedavi-composite	ikincil	MR4(T1C_both_valid)	accept-hybrid	ÖK §4.8 P1 (ON-KAYIT v0.8 (capa 7); 00-on-kayit/ON-KAYIT-TASLAK.md:776): "Mevcut imzaların tümü geçerliyse kabul. İmza silinmesi (soyma) fark edilmez" | [T135] ACM2 Note 51 (ECCG ACM v2.0; metin/ACM2.txt:946): "the veriﬁcation function accepting if and only if all signatures are correct"	insa: ML-DSA-65-ES256=geçerli, ES256=geçerli || mevcut imzaların tümü geçerli; aralarında PQ imza var, kabul PQ doğrulamasını içerir
T2K_second_tampered-SIRA-ters	L4	kontrol-EdDSA	ikincil	MR4(T2K_second_tampered)	reject	ÖK §6.5 (ON-KAYIT v0.8 (capa 7); 00-on-kayit/ON-KAYIT-TASLAK.md:1054): "İhraççı başına gerekli küme R = {X}, izinli küme {A, X}." | [T328] JWTBCP §3.1 (draft-ietf-oauth-rfc8725bis-10; metin/JWTBCP.txt:482): "it MUST determine which algorithms are permitted for itself and that issuer and ensure that the received JWT complies with those requirements" | ÖK §4.7 G5 (ON-KAYIT v0.8 (capa 7); 00-on-kayit/ON-KAYIT-TASLAK.md:767): "Göç etmiş bir varlık, ilan ettiği eski-sürüm penceresi dışında yalnız klasik kanıtla kabul edilemez." | JWTBCP §3.3 (draft-ietf-oauth-rfc8725bis-10; metin/JWTBCP.txt:566): "the entire JWT MUST be rejected if any of them fail to validate" | RFC7515 §5.2 (RFC 7515; metin/RFC7515.txt:876): "which MUST be accurately represented by the value of the "alg" (algorithm) Header Parameter" | ÖK §4.13 L4 (ON-KAYIT v0.8 (capa 7); 00-on-kayit/ON-KAYIT-TASLAK.md:844): "Yapılandırılmış hâlde K1 KABUL, K2 RED, K3 RED (§6.5)"	insa: EdDSA=geçersiz, ES256=geçerli || W içinde geçersiz imza: EdDSA: imza bozuk (bozuk: bayt 5, bit 0 cevrildi)
T2K_second_tampered-SIRA-ters	L4-S	kontrol-EdDSA	ikincil	MR4(T2K_second_tampered)	reject	ÖK §6.5 (ON-KAYIT v0.8 (capa 7); 00-on-kayit/ON-KAYIT-TASLAK.md:1054): "İhraççı başına gerekli küme R = {X}, izinli küme {A, X}." | [T328] JWTBCP §3.1 (draft-ietf-oauth-rfc8725bis-10; metin/JWTBCP.txt:482): "it MUST determine which algorithms are permitted for itself and that issuer and ensure that the received JWT complies with those requirements" | ÖK §4.7 G5 (ON-KAYIT v0.8 (capa 7); 00-on-kayit/ON-KAYIT-TASLAK.md:767): "Göç etmiş bir varlık, ilan ettiği eski-sürüm penceresi dışında yalnız klasik kanıtla kabul edilemez." | JWTBCP §3.3 (draft-ietf-oauth-rfc8725bis-10; metin/JWTBCP.txt:566): "the entire JWT MUST be rejected if any of them fail to validate" | RFC7515 §5.2 (RFC 7515; metin/RFC7515.txt:876): "which MUST be accurately represented by the value of the "alg" (algorithm) Header Parameter" | ÖK §4.8 P3 (ON-KAYIT v0.8 (capa 7); 00-on-kayit/ON-KAYIT-TASLAK.md:778): "P2 + ihraççı başına gerekli küme R_I"	insa: EdDSA=geçersiz, ES256=geçerli || W içinde geçersiz imza: EdDSA: imza bozuk (bozuk: bayt 5, bit 0 cevrildi)
T2K_second_tampered-SIRA-ters	L4-Y	kontrol-EdDSA	ikincil	MR4(T2K_second_tampered)	reject	ÖK §6.5 (ON-KAYIT v0.8 (capa 7); 00-on-kayit/ON-KAYIT-TASLAK.md:1054): "İhraççı başına gerekli küme R = {X}, izinli küme {A, X}." | [T328] JWTBCP §3.1 (draft-ietf-oauth-rfc8725bis-10; metin/JWTBCP.txt:482): "it MUST determine which algorithms are permitted for itself and that issuer and ensure that the received JWT complies with those requirements" | ÖK §4.7 G5 (ON-KAYIT v0.8 (capa 7); 00-on-kayit/ON-KAYIT-TASLAK.md:767): "Göç etmiş bir varlık, ilan ettiği eski-sürüm penceresi dışında yalnız klasik kanıtla kabul edilemez." | JWTBCP §3.3 (draft-ietf-oauth-rfc8725bis-10; metin/JWTBCP.txt:566): "the entire JWT MUST be rejected if any of them fail to validate" | RFC7515 §5.2 (RFC 7515; metin/RFC7515.txt:876): "which MUST be accurately represented by the value of the "alg" (algorithm) Header Parameter" | [T314] RFC7515 §5.2 (RFC 7515; metin/RFC7515.txt:810): "When there are multiple JWS Signature values, it is an application decision which of the JWS Signature values must successfully validate for the JWS to be accepted."	insa: EdDSA=geçersiz, ES256=geçerli || W içinde geçersiz imza: EdDSA: imza bozuk (bozuk: bayt 5, bit 0 cevrildi)
T2K_second_tampered-SIRA-ters	P0	kontrol-EdDSA	ikincil	MR4(T2K_second_tampered)	accept-classical	ÖK §4.8 P0 (ON-KAYIT v0.8 (capa 7); 00-on-kayit/ON-KAYIT-TASLAK.md:775): "En az bir imza geçerliyse kabul" | [T314] RFC7515 §5.2 (RFC 7515; metin/RFC7515.txt:810): "When there are multiple JWS Signature values, it is an application decision which of the JWS Signature values must successfully validate for the JWS to be accepted."	insa: EdDSA=geçersiz, ES256=geçerli || en az bir geçerli imza var; kabul için klasik ES256 yeterli
T2K_second_tampered-SIRA-ters	P1	kontrol-EdDSA	ikincil	MR4(T2K_second_tampered)	reject	ÖK §4.8 P1 (ON-KAYIT v0.8 (capa 7); 00-on-kayit/ON-KAYIT-TASLAK.md:776): "Mevcut imzaların tümü geçerliyse kabul. İmza silinmesi (soyma) fark edilmez" | RFC7515 §5.2 (RFC 7515; metin/RFC7515.txt:876): "which MUST be accurately represented by the value of the "alg" (algorithm) Header Parameter"	insa: EdDSA=geçersiz, ES256=geçerli || mevcut imzaların tümü geçerli değil: EdDSA: imza bozuk (bozuk: bayt 5, bit 0 cevrildi)
T2K_second_tampered-SIRA-ters-ED25519	L4	kontrol-Ed25519	ikincil	MR4(T2K_second_tampered-ED25519)	reject	ÖK §6.5 (ON-KAYIT v0.8 (capa 7); 00-on-kayit/ON-KAYIT-TASLAK.md:1054): "İhraççı başına gerekli küme R = {X}, izinli küme {A, X}." | [T328] JWTBCP §3.1 (draft-ietf-oauth-rfc8725bis-10; metin/JWTBCP.txt:482): "it MUST determine which algorithms are permitted for itself and that issuer and ensure that the received JWT complies with those requirements" | ÖK §4.7 G5 (ON-KAYIT v0.8 (capa 7); 00-on-kayit/ON-KAYIT-TASLAK.md:767): "Göç etmiş bir varlık, ilan ettiği eski-sürüm penceresi dışında yalnız klasik kanıtla kabul edilemez." | JWTBCP §3.3 (draft-ietf-oauth-rfc8725bis-10; metin/JWTBCP.txt:566): "the entire JWT MUST be rejected if any of them fail to validate" | RFC7515 §5.2 (RFC 7515; metin/RFC7515.txt:876): "which MUST be accurately represented by the value of the "alg" (algorithm) Header Parameter" | ÖK §4.13 L4 (ON-KAYIT v0.8 (capa 7); 00-on-kayit/ON-KAYIT-TASLAK.md:844): "Yapılandırılmış hâlde K1 KABUL, K2 RED, K3 RED (§6.5)"	insa: Ed25519=geçersiz, ES256=geçerli || W içinde geçersiz imza: Ed25519: imza bozuk (bozuk: bayt 5, bit 0 cevrildi)
T2K_second_tampered-SIRA-ters-ED25519	L4-S	kontrol-Ed25519	ikincil	MR4(T2K_second_tampered-ED25519)	reject	ÖK §6.5 (ON-KAYIT v0.8 (capa 7); 00-on-kayit/ON-KAYIT-TASLAK.md:1054): "İhraççı başına gerekli küme R = {X}, izinli küme {A, X}." | [T328] JWTBCP §3.1 (draft-ietf-oauth-rfc8725bis-10; metin/JWTBCP.txt:482): "it MUST determine which algorithms are permitted for itself and that issuer and ensure that the received JWT complies with those requirements" | ÖK §4.7 G5 (ON-KAYIT v0.8 (capa 7); 00-on-kayit/ON-KAYIT-TASLAK.md:767): "Göç etmiş bir varlık, ilan ettiği eski-sürüm penceresi dışında yalnız klasik kanıtla kabul edilemez." | JWTBCP §3.3 (draft-ietf-oauth-rfc8725bis-10; metin/JWTBCP.txt:566): "the entire JWT MUST be rejected if any of them fail to validate" | RFC7515 §5.2 (RFC 7515; metin/RFC7515.txt:876): "which MUST be accurately represented by the value of the "alg" (algorithm) Header Parameter" | ÖK §4.8 P3 (ON-KAYIT v0.8 (capa 7); 00-on-kayit/ON-KAYIT-TASLAK.md:778): "P2 + ihraççı başına gerekli küme R_I"	insa: Ed25519=geçersiz, ES256=geçerli || W içinde geçersiz imza: Ed25519: imza bozuk (bozuk: bayt 5, bit 0 cevrildi)
T2K_second_tampered-SIRA-ters-ED25519	L4-Y	kontrol-Ed25519	ikincil	MR4(T2K_second_tampered-ED25519)	reject	ÖK §6.5 (ON-KAYIT v0.8 (capa 7); 00-on-kayit/ON-KAYIT-TASLAK.md:1054): "İhraççı başına gerekli küme R = {X}, izinli küme {A, X}." | [T328] JWTBCP §3.1 (draft-ietf-oauth-rfc8725bis-10; metin/JWTBCP.txt:482): "it MUST determine which algorithms are permitted for itself and that issuer and ensure that the received JWT complies with those requirements" | ÖK §4.7 G5 (ON-KAYIT v0.8 (capa 7); 00-on-kayit/ON-KAYIT-TASLAK.md:767): "Göç etmiş bir varlık, ilan ettiği eski-sürüm penceresi dışında yalnız klasik kanıtla kabul edilemez." | JWTBCP §3.3 (draft-ietf-oauth-rfc8725bis-10; metin/JWTBCP.txt:566): "the entire JWT MUST be rejected if any of them fail to validate" | RFC7515 §5.2 (RFC 7515; metin/RFC7515.txt:876): "which MUST be accurately represented by the value of the "alg" (algorithm) Header Parameter" | [T314] RFC7515 §5.2 (RFC 7515; metin/RFC7515.txt:810): "When there are multiple JWS Signature values, it is an application decision which of the JWS Signature values must successfully validate for the JWS to be accepted."	insa: Ed25519=geçersiz, ES256=geçerli || W içinde geçersiz imza: Ed25519: imza bozuk (bozuk: bayt 5, bit 0 cevrildi)
T2K_second_tampered-SIRA-ters-ED25519	P0	kontrol-Ed25519	ikincil	MR4(T2K_second_tampered-ED25519)	accept-classical	ÖK §4.8 P0 (ON-KAYIT v0.8 (capa 7); 00-on-kayit/ON-KAYIT-TASLAK.md:775): "En az bir imza geçerliyse kabul" | [T314] RFC7515 §5.2 (RFC 7515; metin/RFC7515.txt:810): "When there are multiple JWS Signature values, it is an application decision which of the JWS Signature values must successfully validate for the JWS to be accepted."	insa: Ed25519=geçersiz, ES256=geçerli || en az bir geçerli imza var; kabul için klasik ES256 yeterli
T2K_second_tampered-SIRA-ters-ED25519	P1	kontrol-Ed25519	ikincil	MR4(T2K_second_tampered-ED25519)	reject	ÖK §4.8 P1 (ON-KAYIT v0.8 (capa 7); 00-on-kayit/ON-KAYIT-TASLAK.md:776): "Mevcut imzaların tümü geçerliyse kabul. İmza silinmesi (soyma) fark edilmez" | RFC7515 §5.2 (RFC 7515; metin/RFC7515.txt:876): "which MUST be accurately represented by the value of the "alg" (algorithm) Header Parameter"	insa: Ed25519=geçersiz, ES256=geçerli || mevcut imzaların tümü geçerli değil: Ed25519: imza bozuk (bozuk: bayt 5, bit 0 cevrildi)
T2P_second_tampered-SIRA-ters	L4	tedavi-ML-DSA-65	ikincil	MR4(T2P_second_tampered)	reject	ÖK §6.5 (ON-KAYIT v0.8 (capa 7); 00-on-kayit/ON-KAYIT-TASLAK.md:1054): "İhraççı başına gerekli küme R = {X}, izinli küme {A, X}." | [T328] JWTBCP §3.1 (draft-ietf-oauth-rfc8725bis-10; metin/JWTBCP.txt:482): "it MUST determine which algorithms are permitted for itself and that issuer and ensure that the received JWT complies with those requirements" | ÖK §4.7 G5 (ON-KAYIT v0.8 (capa 7); 00-on-kayit/ON-KAYIT-TASLAK.md:767): "Göç etmiş bir varlık, ilan ettiği eski-sürüm penceresi dışında yalnız klasik kanıtla kabul edilemez." | JWTBCP §3.3 (draft-ietf-oauth-rfc8725bis-10; metin/JWTBCP.txt:566): "the entire JWT MUST be rejected if any of them fail to validate" | RFC7515 §5.2 (RFC 7515; metin/RFC7515.txt:876): "which MUST be accurately represented by the value of the "alg" (algorithm) Header Parameter" | ÖK §4.13 L4 (ON-KAYIT v0.8 (capa 7); 00-on-kayit/ON-KAYIT-TASLAK.md:844): "Yapılandırılmış hâlde K1 KABUL, K2 RED, K3 RED (§6.5)"	insa: ML-DSA-65=geçersiz, ES256=geçerli || W içinde geçersiz imza: ML-DSA-65: imza bozuk (bozuk: bayt 5, bit 0 cevrildi)
T2P_second_tampered-SIRA-ters	L4-S	tedavi-ML-DSA-65	ikincil	MR4(T2P_second_tampered)	reject	ÖK §6.5 (ON-KAYIT v0.8 (capa 7); 00-on-kayit/ON-KAYIT-TASLAK.md:1054): "İhraççı başına gerekli küme R = {X}, izinli küme {A, X}." | [T328] JWTBCP §3.1 (draft-ietf-oauth-rfc8725bis-10; metin/JWTBCP.txt:482): "it MUST determine which algorithms are permitted for itself and that issuer and ensure that the received JWT complies with those requirements" | ÖK §4.7 G5 (ON-KAYIT v0.8 (capa 7); 00-on-kayit/ON-KAYIT-TASLAK.md:767): "Göç etmiş bir varlık, ilan ettiği eski-sürüm penceresi dışında yalnız klasik kanıtla kabul edilemez." | JWTBCP §3.3 (draft-ietf-oauth-rfc8725bis-10; metin/JWTBCP.txt:566): "the entire JWT MUST be rejected if any of them fail to validate" | RFC7515 §5.2 (RFC 7515; metin/RFC7515.txt:876): "which MUST be accurately represented by the value of the "alg" (algorithm) Header Parameter" | ÖK §4.8 P3 (ON-KAYIT v0.8 (capa 7); 00-on-kayit/ON-KAYIT-TASLAK.md:778): "P2 + ihraççı başına gerekli küme R_I"	insa: ML-DSA-65=geçersiz, ES256=geçerli || W içinde geçersiz imza: ML-DSA-65: imza bozuk (bozuk: bayt 5, bit 0 cevrildi)
T2P_second_tampered-SIRA-ters	L4-Y	tedavi-ML-DSA-65	ikincil	MR4(T2P_second_tampered)	reject	ÖK §6.5 (ON-KAYIT v0.8 (capa 7); 00-on-kayit/ON-KAYIT-TASLAK.md:1054): "İhraççı başına gerekli küme R = {X}, izinli küme {A, X}." | [T328] JWTBCP §3.1 (draft-ietf-oauth-rfc8725bis-10; metin/JWTBCP.txt:482): "it MUST determine which algorithms are permitted for itself and that issuer and ensure that the received JWT complies with those requirements" | ÖK §4.7 G5 (ON-KAYIT v0.8 (capa 7); 00-on-kayit/ON-KAYIT-TASLAK.md:767): "Göç etmiş bir varlık, ilan ettiği eski-sürüm penceresi dışında yalnız klasik kanıtla kabul edilemez." | JWTBCP §3.3 (draft-ietf-oauth-rfc8725bis-10; metin/JWTBCP.txt:566): "the entire JWT MUST be rejected if any of them fail to validate" | RFC7515 §5.2 (RFC 7515; metin/RFC7515.txt:876): "which MUST be accurately represented by the value of the "alg" (algorithm) Header Parameter" | [T314] RFC7515 §5.2 (RFC 7515; metin/RFC7515.txt:810): "When there are multiple JWS Signature values, it is an application decision which of the JWS Signature values must successfully validate for the JWS to be accepted."	insa: ML-DSA-65=geçersiz, ES256=geçerli || W içinde geçersiz imza: ML-DSA-65: imza bozuk (bozuk: bayt 5, bit 0 cevrildi)
T2P_second_tampered-SIRA-ters	P0	tedavi-ML-DSA-65	ikincil	MR4(T2P_second_tampered)	accept-classical	ÖK §4.8 P0 (ON-KAYIT v0.8 (capa 7); 00-on-kayit/ON-KAYIT-TASLAK.md:775): "En az bir imza geçerliyse kabul" | [T314] RFC7515 §5.2 (RFC 7515; metin/RFC7515.txt:810): "When there are multiple JWS Signature values, it is an application decision which of the JWS Signature values must successfully validate for the JWS to be accepted."	insa: ML-DSA-65=geçersiz, ES256=geçerli || en az bir geçerli imza var; kabul için klasik ES256 yeterli
T2P_second_tampered-SIRA-ters	P1	tedavi-ML-DSA-65	ikincil	MR4(T2P_second_tampered)	reject	ÖK §4.8 P1 (ON-KAYIT v0.8 (capa 7); 00-on-kayit/ON-KAYIT-TASLAK.md:776): "Mevcut imzaların tümü geçerliyse kabul. İmza silinmesi (soyma) fark edilmez" | RFC7515 §5.2 (RFC 7515; metin/RFC7515.txt:876): "which MUST be accurately represented by the value of the "alg" (algorithm) Header Parameter"	insa: ML-DSA-65=geçersiz, ES256=geçerli || mevcut imzaların tümü geçerli değil: ML-DSA-65: imza bozuk (bozuk: bayt 5, bit 0 cevrildi)
T2C_second_tampered-SIRA-ters	L4	tedavi-composite	ikincil	MR4(T2C_second_tampered)	reject	ÖK §6.5 (ON-KAYIT v0.8 (capa 7); 00-on-kayit/ON-KAYIT-TASLAK.md:1054): "İhraççı başına gerekli küme R = {X}, izinli küme {A, X}." | [T328] JWTBCP §3.1 (draft-ietf-oauth-rfc8725bis-10; metin/JWTBCP.txt:482): "it MUST determine which algorithms are permitted for itself and that issuer and ensure that the received JWT complies with those requirements" | ÖK §4.7 G5 (ON-KAYIT v0.8 (capa 7); 00-on-kayit/ON-KAYIT-TASLAK.md:767): "Göç etmiş bir varlık, ilan ettiği eski-sürüm penceresi dışında yalnız klasik kanıtla kabul edilemez." | JWTBCP §3.3 (draft-ietf-oauth-rfc8725bis-10; metin/JWTBCP.txt:566): "the entire JWT MUST be rejected if any of them fail to validate" | RFC7515 §5.2 (RFC 7515; metin/RFC7515.txt:876): "which MUST be accurately represented by the value of the "alg" (algorithm) Header Parameter" | [T345] JOSECOMP §4.3 (draft-ietf-jose-pq-composite-sigs-04; metin/JOSECOMP.txt:452): "The Verify algorithm MUST validate a signature only if all component signatures were successfully validated." | ÖK §4.13 L4 (ON-KAYIT v0.8 (capa 7); 00-on-kayit/ON-KAYIT-TASLAK.md:844): "Yapılandırılmış hâlde K1 KABUL, K2 RED, K3 RED (§6.5)"	insa: ML-DSA-65-ES256=geçersiz, ES256=geçerli || W içinde geçersiz imza: ML-DSA-65-ES256: imza bozuk (bozuk: bayt 5, bit 0 cevrildi (ML-DSA bileseni icinde))
T2C_second_tampered-SIRA-ters	L4-S	tedavi-composite	ikincil	MR4(T2C_second_tampered)	reject	ÖK §6.5 (ON-KAYIT v0.8 (capa 7); 00-on-kayit/ON-KAYIT-TASLAK.md:1054): "İhraççı başına gerekli küme R = {X}, izinli küme {A, X}." | [T328] JWTBCP §3.1 (draft-ietf-oauth-rfc8725bis-10; metin/JWTBCP.txt:482): "it MUST determine which algorithms are permitted for itself and that issuer and ensure that the received JWT complies with those requirements" | ÖK §4.7 G5 (ON-KAYIT v0.8 (capa 7); 00-on-kayit/ON-KAYIT-TASLAK.md:767): "Göç etmiş bir varlık, ilan ettiği eski-sürüm penceresi dışında yalnız klasik kanıtla kabul edilemez." | JWTBCP §3.3 (draft-ietf-oauth-rfc8725bis-10; metin/JWTBCP.txt:566): "the entire JWT MUST be rejected if any of them fail to validate" | RFC7515 §5.2 (RFC 7515; metin/RFC7515.txt:876): "which MUST be accurately represented by the value of the "alg" (algorithm) Header Parameter" | [T345] JOSECOMP §4.3 (draft-ietf-jose-pq-composite-sigs-04; metin/JOSECOMP.txt:452): "The Verify algorithm MUST validate a signature only if all component signatures were successfully validated." | ÖK §4.8 P3 (ON-KAYIT v0.8 (capa 7); 00-on-kayit/ON-KAYIT-TASLAK.md:778): "P2 + ihraççı başına gerekli küme R_I"	insa: ML-DSA-65-ES256=geçersiz, ES256=geçerli || W içinde geçersiz imza: ML-DSA-65-ES256: imza bozuk (bozuk: bayt 5, bit 0 cevrildi (ML-DSA bileseni icinde))
T2C_second_tampered-SIRA-ters	L4-Y	tedavi-composite	ikincil	MR4(T2C_second_tampered)	reject	ÖK §6.5 (ON-KAYIT v0.8 (capa 7); 00-on-kayit/ON-KAYIT-TASLAK.md:1054): "İhraççı başına gerekli küme R = {X}, izinli küme {A, X}." | [T328] JWTBCP §3.1 (draft-ietf-oauth-rfc8725bis-10; metin/JWTBCP.txt:482): "it MUST determine which algorithms are permitted for itself and that issuer and ensure that the received JWT complies with those requirements" | ÖK §4.7 G5 (ON-KAYIT v0.8 (capa 7); 00-on-kayit/ON-KAYIT-TASLAK.md:767): "Göç etmiş bir varlık, ilan ettiği eski-sürüm penceresi dışında yalnız klasik kanıtla kabul edilemez." | JWTBCP §3.3 (draft-ietf-oauth-rfc8725bis-10; metin/JWTBCP.txt:566): "the entire JWT MUST be rejected if any of them fail to validate" | RFC7515 §5.2 (RFC 7515; metin/RFC7515.txt:876): "which MUST be accurately represented by the value of the "alg" (algorithm) Header Parameter" | [T345] JOSECOMP §4.3 (draft-ietf-jose-pq-composite-sigs-04; metin/JOSECOMP.txt:452): "The Verify algorithm MUST validate a signature only if all component signatures were successfully validated." | [T314] RFC7515 §5.2 (RFC 7515; metin/RFC7515.txt:810): "When there are multiple JWS Signature values, it is an application decision which of the JWS Signature values must successfully validate for the JWS to be accepted."	insa: ML-DSA-65-ES256=geçersiz, ES256=geçerli || W içinde geçersiz imza: ML-DSA-65-ES256: imza bozuk (bozuk: bayt 5, bit 0 cevrildi (ML-DSA bileseni icinde))
T2C_second_tampered-SIRA-ters	P0	tedavi-composite	ikincil	MR4(T2C_second_tampered)	accept-classical	ÖK §4.8 P0 (ON-KAYIT v0.8 (capa 7); 00-on-kayit/ON-KAYIT-TASLAK.md:775): "En az bir imza geçerliyse kabul" | [T314] RFC7515 §5.2 (RFC 7515; metin/RFC7515.txt:810): "When there are multiple JWS Signature values, it is an application decision which of the JWS Signature values must successfully validate for the JWS to be accepted."	insa: ML-DSA-65-ES256=geçersiz, ES256=geçerli || en az bir geçerli imza var; kabul için klasik ES256 yeterli
T2C_second_tampered-SIRA-ters	P1	tedavi-composite	ikincil	MR4(T2C_second_tampered)	reject	ÖK §4.8 P1 (ON-KAYIT v0.8 (capa 7); 00-on-kayit/ON-KAYIT-TASLAK.md:776): "Mevcut imzaların tümü geçerliyse kabul. İmza silinmesi (soyma) fark edilmez" | RFC7515 §5.2 (RFC 7515; metin/RFC7515.txt:876): "which MUST be accurately represented by the value of the "alg" (algorithm) Header Parameter" | [T345] JOSECOMP §4.3 (draft-ietf-jose-pq-composite-sigs-04; metin/JOSECOMP.txt:452): "The Verify algorithm MUST validate a signature only if all component signatures were successfully validated."	insa: ML-DSA-65-ES256=geçersiz, ES256=geçerli || mevcut imzaların tümü geçerli değil: ML-DSA-65-ES256: imza bozuk (bozuk: bayt 5, bit 0 cevrildi (ML-DSA bileseni icinde))
T4K_plus_ML-DSA-65-SIRA-ek-once	L4	kontrol-EdDSA	ikincil	MR4(T4K_plus_ML-DSA-65)	indeterminate	ÖK §6.5 K5 (ON-KAYIT v0.8 (capa 7); 00-on-kayit/ON-KAYIT-TASLAK.md:1062): "K1 + tanınmayan algoritmalı üçüncü imza | Politikaya göre (MR2); bayrak B1" | ÖK §4.20 MR2 (ON-KAYIT v0.8 (capa 7); 00-on-kayit/ON-KAYIT-TASLAK.md:944): "MR2: Bilinmeyen alg eklemenin etkisi politikaya göre öngörülebilir olmalı." | [T314] RFC7515 §5.2 (RFC 7515; metin/RFC7515.txt:810): "When there are multiple JWS Signature values, it is an application decision which of the JWS Signature values must successfully validate for the JWS to be accepted." | [T316] RFC7515 §5.2 (RFC 7515; metin/RFC7515.txt:894): "unless the algorithm(s) used in the JWS are acceptable to the application, it SHOULD consider the JWS to be invalid" | ÖK §6.5 (ON-KAYIT v0.8 (capa 7); 00-on-kayit/ON-KAYIT-TASLAK.md:1054): "İhraççı başına gerekli küme R = {X}, izinli küme {A, X}." | ÖK §4.13 L4 (ON-KAYIT v0.8 (capa 7); 00-on-kayit/ON-KAYIT-TASLAK.md:844): "Yapılandırılmış hâlde K1 KABUL, K2 RED, K3 RED (§6.5)"	insa: ML-DSA-65=geçerli, ES256=geçerli, EdDSA=geçerli || ÖK §6.5 K5 "politikaya göre": S → reject, Y → accept-classical (W dışı ek imza: ML-DSA-65)
T4K_plus_ML-DSA-65-SIRA-ek-once	L4-S	kontrol-EdDSA	ikincil	MR4(T4K_plus_ML-DSA-65)	reject	ÖK §6.5 (ON-KAYIT v0.8 (capa 7); 00-on-kayit/ON-KAYIT-TASLAK.md:1054): "İhraççı başına gerekli küme R = {X}, izinli küme {A, X}." | [T328] JWTBCP §3.1 (draft-ietf-oauth-rfc8725bis-10; metin/JWTBCP.txt:482): "it MUST determine which algorithms are permitted for itself and that issuer and ensure that the received JWT complies with those requirements" | ÖK §4.7 G5 (ON-KAYIT v0.8 (capa 7); 00-on-kayit/ON-KAYIT-TASLAK.md:767): "Göç etmiş bir varlık, ilan ettiği eski-sürüm penceresi dışında yalnız klasik kanıtla kabul edilemez." | ÖK §4.8 P3 (ON-KAYIT v0.8 (capa 7); 00-on-kayit/ON-KAYIT-TASLAK.md:778): "P2 + ihraççı başına gerekli küme R_I" | ÖK §4.8 P1 (ON-KAYIT v0.8 (capa 7); 00-on-kayit/ON-KAYIT-TASLAK.md:776): "Mevcut imzaların tümü geçerliyse kabul. İmza silinmesi (soyma) fark edilmez" | [T135] ACM2 Note 51 (ECCG ACM v2.0; metin/ACM2.txt:946): "the veriﬁcation function accepting if and only if all signatures are correct" | [T316] RFC7515 §5.2 (RFC 7515; metin/RFC7515.txt:894): "unless the algorithm(s) used in the JWS are acceptable to the application, it SHOULD consider the JWS to be invalid" | [T327] JWTBCP §3.1 (draft-ietf-oauth-rfc8725bis-10; metin/JWTBCP.txt:464): "MUST NOT employ any algorithms outside this configured set"	insa: ML-DSA-65=geçerli, ES256=geçerli, EdDSA=geçerli || S: W dışı imza var (ML-DSA-65) → mevcut-tümü-geçerli koşulu sağlanmaz
T4K_plus_ML-DSA-65-SIRA-ek-once	L4-Y	kontrol-EdDSA	ikincil	MR4(T4K_plus_ML-DSA-65)	accept-classical	ÖK §6.5 (ON-KAYIT v0.8 (capa 7); 00-on-kayit/ON-KAYIT-TASLAK.md:1054): "İhraççı başına gerekli küme R = {X}, izinli küme {A, X}." | [T328] JWTBCP §3.1 (draft-ietf-oauth-rfc8725bis-10; metin/JWTBCP.txt:482): "it MUST determine which algorithms are permitted for itself and that issuer and ensure that the received JWT complies with those requirements" | ÖK §4.7 G5 (ON-KAYIT v0.8 (capa 7); 00-on-kayit/ON-KAYIT-TASLAK.md:767): "Göç etmiş bir varlık, ilan ettiği eski-sürüm penceresi dışında yalnız klasik kanıtla kabul edilemez." | [T314] RFC7515 §5.2 (RFC 7515; metin/RFC7515.txt:810): "When there are multiple JWS Signature values, it is an application decision which of the JWS Signature values must successfully validate for the JWS to be accepted." | [T327] JWTBCP §3.1 (draft-ietf-oauth-rfc8725bis-10; metin/JWTBCP.txt:464): "MUST NOT employ any algorithms outside this configured set"	insa: ML-DSA-65=geçerli, ES256=geçerli, EdDSA=geçerli || R={EdDSA} geçerli imzayla karşılandı; W içindeki imzalar geçerli; Y: W dışı ek imza(lar) yok sayıldı (ML-DSA-65); kontrol kolu: X klasik
T4K_plus_ML-DSA-65-SIRA-ek-once	P0	kontrol-EdDSA	ikincil	MR4(T4K_plus_ML-DSA-65)	accept-classical	ÖK §4.8 P0 (ON-KAYIT v0.8 (capa 7); 00-on-kayit/ON-KAYIT-TASLAK.md:775): "En az bir imza geçerliyse kabul" | [T314] RFC7515 §5.2 (RFC 7515; metin/RFC7515.txt:810): "When there are multiple JWS Signature values, it is an application decision which of the JWS Signature values must successfully validate for the JWS to be accepted."	insa: ML-DSA-65=geçerli, ES256=geçerli, EdDSA=geçerli || en az bir geçerli imza var; kabul için klasik ES256 yeterli
T4K_plus_ML-DSA-65-SIRA-ek-once	P1	kontrol-EdDSA	ikincil	MR4(T4K_plus_ML-DSA-65)	accept-hybrid	ÖK §4.8 P1 (ON-KAYIT v0.8 (capa 7); 00-on-kayit/ON-KAYIT-TASLAK.md:776): "Mevcut imzaların tümü geçerliyse kabul. İmza silinmesi (soyma) fark edilmez" | [T135] ACM2 Note 51 (ECCG ACM v2.0; metin/ACM2.txt:946): "the veriﬁcation function accepting if and only if all signatures are correct"	insa: ML-DSA-65=geçerli, ES256=geçerli, EdDSA=geçerli || mevcut imzaların tümü geçerli; aralarında PQ imza var, kabul PQ doğrulamasını içerir
T4K_plus_ML-DSA-65-SIRA-ek-once-ED25519	L4	kontrol-Ed25519	ikincil	MR4(T4K_plus_ML-DSA-65-ED25519)	indeterminate	ÖK §6.5 K5 (ON-KAYIT v0.8 (capa 7); 00-on-kayit/ON-KAYIT-TASLAK.md:1062): "K1 + tanınmayan algoritmalı üçüncü imza | Politikaya göre (MR2); bayrak B1" | ÖK §4.20 MR2 (ON-KAYIT v0.8 (capa 7); 00-on-kayit/ON-KAYIT-TASLAK.md:944): "MR2: Bilinmeyen alg eklemenin etkisi politikaya göre öngörülebilir olmalı." | [T314] RFC7515 §5.2 (RFC 7515; metin/RFC7515.txt:810): "When there are multiple JWS Signature values, it is an application decision which of the JWS Signature values must successfully validate for the JWS to be accepted." | [T316] RFC7515 §5.2 (RFC 7515; metin/RFC7515.txt:894): "unless the algorithm(s) used in the JWS are acceptable to the application, it SHOULD consider the JWS to be invalid" | ÖK §6.5 (ON-KAYIT v0.8 (capa 7); 00-on-kayit/ON-KAYIT-TASLAK.md:1054): "İhraççı başına gerekli küme R = {X}, izinli küme {A, X}." | ÖK §4.13 L4 (ON-KAYIT v0.8 (capa 7); 00-on-kayit/ON-KAYIT-TASLAK.md:844): "Yapılandırılmış hâlde K1 KABUL, K2 RED, K3 RED (§6.5)"	insa: ML-DSA-65=geçerli, ES256=geçerli, Ed25519=geçerli || ÖK §6.5 K5 "politikaya göre": S → reject, Y → accept-classical (W dışı ek imza: ML-DSA-65)
T4K_plus_ML-DSA-65-SIRA-ek-once-ED25519	L4-S	kontrol-Ed25519	ikincil	MR4(T4K_plus_ML-DSA-65-ED25519)	reject	ÖK §6.5 (ON-KAYIT v0.8 (capa 7); 00-on-kayit/ON-KAYIT-TASLAK.md:1054): "İhraççı başına gerekli küme R = {X}, izinli küme {A, X}." | [T328] JWTBCP §3.1 (draft-ietf-oauth-rfc8725bis-10; metin/JWTBCP.txt:482): "it MUST determine which algorithms are permitted for itself and that issuer and ensure that the received JWT complies with those requirements" | ÖK §4.7 G5 (ON-KAYIT v0.8 (capa 7); 00-on-kayit/ON-KAYIT-TASLAK.md:767): "Göç etmiş bir varlık, ilan ettiği eski-sürüm penceresi dışında yalnız klasik kanıtla kabul edilemez." | ÖK §4.8 P3 (ON-KAYIT v0.8 (capa 7); 00-on-kayit/ON-KAYIT-TASLAK.md:778): "P2 + ihraççı başına gerekli küme R_I" | ÖK §4.8 P1 (ON-KAYIT v0.8 (capa 7); 00-on-kayit/ON-KAYIT-TASLAK.md:776): "Mevcut imzaların tümü geçerliyse kabul. İmza silinmesi (soyma) fark edilmez" | [T135] ACM2 Note 51 (ECCG ACM v2.0; metin/ACM2.txt:946): "the veriﬁcation function accepting if and only if all signatures are correct" | [T316] RFC7515 §5.2 (RFC 7515; metin/RFC7515.txt:894): "unless the algorithm(s) used in the JWS are acceptable to the application, it SHOULD consider the JWS to be invalid" | [T327] JWTBCP §3.1 (draft-ietf-oauth-rfc8725bis-10; metin/JWTBCP.txt:464): "MUST NOT employ any algorithms outside this configured set"	insa: ML-DSA-65=geçerli, ES256=geçerli, Ed25519=geçerli || S: W dışı imza var (ML-DSA-65) → mevcut-tümü-geçerli koşulu sağlanmaz
T4K_plus_ML-DSA-65-SIRA-ek-once-ED25519	L4-Y	kontrol-Ed25519	ikincil	MR4(T4K_plus_ML-DSA-65-ED25519)	accept-classical	ÖK §6.5 (ON-KAYIT v0.8 (capa 7); 00-on-kayit/ON-KAYIT-TASLAK.md:1054): "İhraççı başına gerekli küme R = {X}, izinli küme {A, X}." | [T328] JWTBCP §3.1 (draft-ietf-oauth-rfc8725bis-10; metin/JWTBCP.txt:482): "it MUST determine which algorithms are permitted for itself and that issuer and ensure that the received JWT complies with those requirements" | ÖK §4.7 G5 (ON-KAYIT v0.8 (capa 7); 00-on-kayit/ON-KAYIT-TASLAK.md:767): "Göç etmiş bir varlık, ilan ettiği eski-sürüm penceresi dışında yalnız klasik kanıtla kabul edilemez." | [T314] RFC7515 §5.2 (RFC 7515; metin/RFC7515.txt:810): "When there are multiple JWS Signature values, it is an application decision which of the JWS Signature values must successfully validate for the JWS to be accepted." | [T327] JWTBCP §3.1 (draft-ietf-oauth-rfc8725bis-10; metin/JWTBCP.txt:464): "MUST NOT employ any algorithms outside this configured set"	insa: ML-DSA-65=geçerli, ES256=geçerli, Ed25519=geçerli || R={Ed25519} geçerli imzayla karşılandı; W içindeki imzalar geçerli; Y: W dışı ek imza(lar) yok sayıldı (ML-DSA-65); kontrol kolu: X klasik
T4K_plus_ML-DSA-65-SIRA-ek-once-ED25519	P0	kontrol-Ed25519	ikincil	MR4(T4K_plus_ML-DSA-65-ED25519)	accept-classical	ÖK §4.8 P0 (ON-KAYIT v0.8 (capa 7); 00-on-kayit/ON-KAYIT-TASLAK.md:775): "En az bir imza geçerliyse kabul" | [T314] RFC7515 §5.2 (RFC 7515; metin/RFC7515.txt:810): "When there are multiple JWS Signature values, it is an application decision which of the JWS Signature values must successfully validate for the JWS to be accepted."	insa: ML-DSA-65=geçerli, ES256=geçerli, Ed25519=geçerli || en az bir geçerli imza var; kabul için klasik ES256 yeterli
T4K_plus_ML-DSA-65-SIRA-ek-once-ED25519	P1	kontrol-Ed25519	ikincil	MR4(T4K_plus_ML-DSA-65-ED25519)	accept-hybrid	ÖK §4.8 P1 (ON-KAYIT v0.8 (capa 7); 00-on-kayit/ON-KAYIT-TASLAK.md:776): "Mevcut imzaların tümü geçerliyse kabul. İmza silinmesi (soyma) fark edilmez" | [T135] ACM2 Note 51 (ECCG ACM v2.0; metin/ACM2.txt:946): "the veriﬁcation function accepting if and only if all signatures are correct"	insa: ML-DSA-65=geçerli, ES256=geçerli, Ed25519=geçerli || mevcut imzaların tümü geçerli; aralarında PQ imza var, kabul PQ doğrulamasını içerir
T4K_plus_ML-DSA-65-SIRA-ters	L4	kontrol-EdDSA	ikincil	MR4(T4K_plus_ML-DSA-65)	indeterminate	ÖK §6.5 K5 (ON-KAYIT v0.8 (capa 7); 00-on-kayit/ON-KAYIT-TASLAK.md:1062): "K1 + tanınmayan algoritmalı üçüncü imza | Politikaya göre (MR2); bayrak B1" | ÖK §4.20 MR2 (ON-KAYIT v0.8 (capa 7); 00-on-kayit/ON-KAYIT-TASLAK.md:944): "MR2: Bilinmeyen alg eklemenin etkisi politikaya göre öngörülebilir olmalı." | [T314] RFC7515 §5.2 (RFC 7515; metin/RFC7515.txt:810): "When there are multiple JWS Signature values, it is an application decision which of the JWS Signature values must successfully validate for the JWS to be accepted." | [T316] RFC7515 §5.2 (RFC 7515; metin/RFC7515.txt:894): "unless the algorithm(s) used in the JWS are acceptable to the application, it SHOULD consider the JWS to be invalid" | ÖK §6.5 (ON-KAYIT v0.8 (capa 7); 00-on-kayit/ON-KAYIT-TASLAK.md:1054): "İhraççı başına gerekli küme R = {X}, izinli küme {A, X}." | ÖK §4.13 L4 (ON-KAYIT v0.8 (capa 7); 00-on-kayit/ON-KAYIT-TASLAK.md:844): "Yapılandırılmış hâlde K1 KABUL, K2 RED, K3 RED (§6.5)"	insa: ML-DSA-65=geçerli, EdDSA=geçerli, ES256=geçerli || ÖK §6.5 K5 "politikaya göre": S → reject, Y → accept-classical (W dışı ek imza: ML-DSA-65)
T4K_plus_ML-DSA-65-SIRA-ters	L4-S	kontrol-EdDSA	ikincil	MR4(T4K_plus_ML-DSA-65)	reject	ÖK §6.5 (ON-KAYIT v0.8 (capa 7); 00-on-kayit/ON-KAYIT-TASLAK.md:1054): "İhraççı başına gerekli küme R = {X}, izinli küme {A, X}." | [T328] JWTBCP §3.1 (draft-ietf-oauth-rfc8725bis-10; metin/JWTBCP.txt:482): "it MUST determine which algorithms are permitted for itself and that issuer and ensure that the received JWT complies with those requirements" | ÖK §4.7 G5 (ON-KAYIT v0.8 (capa 7); 00-on-kayit/ON-KAYIT-TASLAK.md:767): "Göç etmiş bir varlık, ilan ettiği eski-sürüm penceresi dışında yalnız klasik kanıtla kabul edilemez." | ÖK §4.8 P3 (ON-KAYIT v0.8 (capa 7); 00-on-kayit/ON-KAYIT-TASLAK.md:778): "P2 + ihraççı başına gerekli küme R_I" | ÖK §4.8 P1 (ON-KAYIT v0.8 (capa 7); 00-on-kayit/ON-KAYIT-TASLAK.md:776): "Mevcut imzaların tümü geçerliyse kabul. İmza silinmesi (soyma) fark edilmez" | [T135] ACM2 Note 51 (ECCG ACM v2.0; metin/ACM2.txt:946): "the veriﬁcation function accepting if and only if all signatures are correct" | [T316] RFC7515 §5.2 (RFC 7515; metin/RFC7515.txt:894): "unless the algorithm(s) used in the JWS are acceptable to the application, it SHOULD consider the JWS to be invalid" | [T327] JWTBCP §3.1 (draft-ietf-oauth-rfc8725bis-10; metin/JWTBCP.txt:464): "MUST NOT employ any algorithms outside this configured set"	insa: ML-DSA-65=geçerli, EdDSA=geçerli, ES256=geçerli || S: W dışı imza var (ML-DSA-65) → mevcut-tümü-geçerli koşulu sağlanmaz
T4K_plus_ML-DSA-65-SIRA-ters	L4-Y	kontrol-EdDSA	ikincil	MR4(T4K_plus_ML-DSA-65)	accept-classical	ÖK §6.5 (ON-KAYIT v0.8 (capa 7); 00-on-kayit/ON-KAYIT-TASLAK.md:1054): "İhraççı başına gerekli küme R = {X}, izinli küme {A, X}." | [T328] JWTBCP §3.1 (draft-ietf-oauth-rfc8725bis-10; metin/JWTBCP.txt:482): "it MUST determine which algorithms are permitted for itself and that issuer and ensure that the received JWT complies with those requirements" | ÖK §4.7 G5 (ON-KAYIT v0.8 (capa 7); 00-on-kayit/ON-KAYIT-TASLAK.md:767): "Göç etmiş bir varlık, ilan ettiği eski-sürüm penceresi dışında yalnız klasik kanıtla kabul edilemez." | [T314] RFC7515 §5.2 (RFC 7515; metin/RFC7515.txt:810): "When there are multiple JWS Signature values, it is an application decision which of the JWS Signature values must successfully validate for the JWS to be accepted." | [T327] JWTBCP §3.1 (draft-ietf-oauth-rfc8725bis-10; metin/JWTBCP.txt:464): "MUST NOT employ any algorithms outside this configured set"	insa: ML-DSA-65=geçerli, EdDSA=geçerli, ES256=geçerli || R={EdDSA} geçerli imzayla karşılandı; W içindeki imzalar geçerli; Y: W dışı ek imza(lar) yok sayıldı (ML-DSA-65); kontrol kolu: X klasik
T4K_plus_ML-DSA-65-SIRA-ters	P0	kontrol-EdDSA	ikincil	MR4(T4K_plus_ML-DSA-65)	accept-classical	ÖK §4.8 P0 (ON-KAYIT v0.8 (capa 7); 00-on-kayit/ON-KAYIT-TASLAK.md:775): "En az bir imza geçerliyse kabul" | [T314] RFC7515 §5.2 (RFC 7515; metin/RFC7515.txt:810): "When there are multiple JWS Signature values, it is an application decision which of the JWS Signature values must successfully validate for the JWS to be accepted."	insa: ML-DSA-65=geçerli, EdDSA=geçerli, ES256=geçerli || en az bir geçerli imza var; kabul için klasik EdDSA yeterli
T4K_plus_ML-DSA-65-SIRA-ters	P1	kontrol-EdDSA	ikincil	MR4(T4K_plus_ML-DSA-65)	accept-hybrid	ÖK §4.8 P1 (ON-KAYIT v0.8 (capa 7); 00-on-kayit/ON-KAYIT-TASLAK.md:776): "Mevcut imzaların tümü geçerliyse kabul. İmza silinmesi (soyma) fark edilmez" | [T135] ACM2 Note 51 (ECCG ACM v2.0; metin/ACM2.txt:946): "the veriﬁcation function accepting if and only if all signatures are correct"	insa: ML-DSA-65=geçerli, EdDSA=geçerli, ES256=geçerli || mevcut imzaların tümü geçerli; aralarında PQ imza var, kabul PQ doğrulamasını içerir
T4K_plus_ML-DSA-65-SIRA-ters-ED25519	L4	kontrol-Ed25519	ikincil	MR4(T4K_plus_ML-DSA-65-ED25519)	indeterminate	ÖK §6.5 K5 (ON-KAYIT v0.8 (capa 7); 00-on-kayit/ON-KAYIT-TASLAK.md:1062): "K1 + tanınmayan algoritmalı üçüncü imza | Politikaya göre (MR2); bayrak B1" | ÖK §4.20 MR2 (ON-KAYIT v0.8 (capa 7); 00-on-kayit/ON-KAYIT-TASLAK.md:944): "MR2: Bilinmeyen alg eklemenin etkisi politikaya göre öngörülebilir olmalı." | [T314] RFC7515 §5.2 (RFC 7515; metin/RFC7515.txt:810): "When there are multiple JWS Signature values, it is an application decision which of the JWS Signature values must successfully validate for the JWS to be accepted." | [T316] RFC7515 §5.2 (RFC 7515; metin/RFC7515.txt:894): "unless the algorithm(s) used in the JWS are acceptable to the application, it SHOULD consider the JWS to be invalid" | ÖK §6.5 (ON-KAYIT v0.8 (capa 7); 00-on-kayit/ON-KAYIT-TASLAK.md:1054): "İhraççı başına gerekli küme R = {X}, izinli küme {A, X}." | ÖK §4.13 L4 (ON-KAYIT v0.8 (capa 7); 00-on-kayit/ON-KAYIT-TASLAK.md:844): "Yapılandırılmış hâlde K1 KABUL, K2 RED, K3 RED (§6.5)"	insa: ML-DSA-65=geçerli, Ed25519=geçerli, ES256=geçerli || ÖK §6.5 K5 "politikaya göre": S → reject, Y → accept-classical (W dışı ek imza: ML-DSA-65)
T4K_plus_ML-DSA-65-SIRA-ters-ED25519	L4-S	kontrol-Ed25519	ikincil	MR4(T4K_plus_ML-DSA-65-ED25519)	reject	ÖK §6.5 (ON-KAYIT v0.8 (capa 7); 00-on-kayit/ON-KAYIT-TASLAK.md:1054): "İhraççı başına gerekli küme R = {X}, izinli küme {A, X}." | [T328] JWTBCP §3.1 (draft-ietf-oauth-rfc8725bis-10; metin/JWTBCP.txt:482): "it MUST determine which algorithms are permitted for itself and that issuer and ensure that the received JWT complies with those requirements" | ÖK §4.7 G5 (ON-KAYIT v0.8 (capa 7); 00-on-kayit/ON-KAYIT-TASLAK.md:767): "Göç etmiş bir varlık, ilan ettiği eski-sürüm penceresi dışında yalnız klasik kanıtla kabul edilemez." | ÖK §4.8 P3 (ON-KAYIT v0.8 (capa 7); 00-on-kayit/ON-KAYIT-TASLAK.md:778): "P2 + ihraççı başına gerekli küme R_I" | ÖK §4.8 P1 (ON-KAYIT v0.8 (capa 7); 00-on-kayit/ON-KAYIT-TASLAK.md:776): "Mevcut imzaların tümü geçerliyse kabul. İmza silinmesi (soyma) fark edilmez" | [T135] ACM2 Note 51 (ECCG ACM v2.0; metin/ACM2.txt:946): "the veriﬁcation function accepting if and only if all signatures are correct" | [T316] RFC7515 §5.2 (RFC 7515; metin/RFC7515.txt:894): "unless the algorithm(s) used in the JWS are acceptable to the application, it SHOULD consider the JWS to be invalid" | [T327] JWTBCP §3.1 (draft-ietf-oauth-rfc8725bis-10; metin/JWTBCP.txt:464): "MUST NOT employ any algorithms outside this configured set"	insa: ML-DSA-65=geçerli, Ed25519=geçerli, ES256=geçerli || S: W dışı imza var (ML-DSA-65) → mevcut-tümü-geçerli koşulu sağlanmaz
T4K_plus_ML-DSA-65-SIRA-ters-ED25519	L4-Y	kontrol-Ed25519	ikincil	MR4(T4K_plus_ML-DSA-65-ED25519)	accept-classical	ÖK §6.5 (ON-KAYIT v0.8 (capa 7); 00-on-kayit/ON-KAYIT-TASLAK.md:1054): "İhraççı başına gerekli küme R = {X}, izinli küme {A, X}." | [T328] JWTBCP §3.1 (draft-ietf-oauth-rfc8725bis-10; metin/JWTBCP.txt:482): "it MUST determine which algorithms are permitted for itself and that issuer and ensure that the received JWT complies with those requirements" | ÖK §4.7 G5 (ON-KAYIT v0.8 (capa 7); 00-on-kayit/ON-KAYIT-TASLAK.md:767): "Göç etmiş bir varlık, ilan ettiği eski-sürüm penceresi dışında yalnız klasik kanıtla kabul edilemez." | [T314] RFC7515 §5.2 (RFC 7515; metin/RFC7515.txt:810): "When there are multiple JWS Signature values, it is an application decision which of the JWS Signature values must successfully validate for the JWS to be accepted." | [T327] JWTBCP §3.1 (draft-ietf-oauth-rfc8725bis-10; metin/JWTBCP.txt:464): "MUST NOT employ any algorithms outside this configured set"	insa: ML-DSA-65=geçerli, Ed25519=geçerli, ES256=geçerli || R={Ed25519} geçerli imzayla karşılandı; W içindeki imzalar geçerli; Y: W dışı ek imza(lar) yok sayıldı (ML-DSA-65); kontrol kolu: X klasik
T4K_plus_ML-DSA-65-SIRA-ters-ED25519	P0	kontrol-Ed25519	ikincil	MR4(T4K_plus_ML-DSA-65-ED25519)	accept-classical	ÖK §4.8 P0 (ON-KAYIT v0.8 (capa 7); 00-on-kayit/ON-KAYIT-TASLAK.md:775): "En az bir imza geçerliyse kabul" | [T314] RFC7515 §5.2 (RFC 7515; metin/RFC7515.txt:810): "When there are multiple JWS Signature values, it is an application decision which of the JWS Signature values must successfully validate for the JWS to be accepted."	insa: ML-DSA-65=geçerli, Ed25519=geçerli, ES256=geçerli || en az bir geçerli imza var; kabul için klasik Ed25519 yeterli
T4K_plus_ML-DSA-65-SIRA-ters-ED25519	P1	kontrol-Ed25519	ikincil	MR4(T4K_plus_ML-DSA-65-ED25519)	accept-hybrid	ÖK §4.8 P1 (ON-KAYIT v0.8 (capa 7); 00-on-kayit/ON-KAYIT-TASLAK.md:776): "Mevcut imzaların tümü geçerliyse kabul. İmza silinmesi (soyma) fark edilmez" | [T135] ACM2 Note 51 (ECCG ACM v2.0; metin/ACM2.txt:946): "the veriﬁcation function accepting if and only if all signatures are correct"	insa: ML-DSA-65=geçerli, Ed25519=geçerli, ES256=geçerli || mevcut imzaların tümü geçerli; aralarında PQ imza var, kabul PQ doğrulamasını içerir
T4P_plus_ML-DSA-65-ES256-SIRA-ek-once	L4	tedavi-ML-DSA-65	ikincil	MR4(T4P_plus_ML-DSA-65-ES256)	indeterminate	ÖK §6.5 K5 (ON-KAYIT v0.8 (capa 7); 00-on-kayit/ON-KAYIT-TASLAK.md:1062): "K1 + tanınmayan algoritmalı üçüncü imza | Politikaya göre (MR2); bayrak B1" | ÖK §4.20 MR2 (ON-KAYIT v0.8 (capa 7); 00-on-kayit/ON-KAYIT-TASLAK.md:944): "MR2: Bilinmeyen alg eklemenin etkisi politikaya göre öngörülebilir olmalı." | [T314] RFC7515 §5.2 (RFC 7515; metin/RFC7515.txt:810): "When there are multiple JWS Signature values, it is an application decision which of the JWS Signature values must successfully validate for the JWS to be accepted." | [T316] RFC7515 §5.2 (RFC 7515; metin/RFC7515.txt:894): "unless the algorithm(s) used in the JWS are acceptable to the application, it SHOULD consider the JWS to be invalid" | ÖK §6.5 (ON-KAYIT v0.8 (capa 7); 00-on-kayit/ON-KAYIT-TASLAK.md:1054): "İhraççı başına gerekli küme R = {X}, izinli küme {A, X}." | ÖK §4.13 L4 (ON-KAYIT v0.8 (capa 7); 00-on-kayit/ON-KAYIT-TASLAK.md:844): "Yapılandırılmış hâlde K1 KABUL, K2 RED, K3 RED (§6.5)"	insa: ML-DSA-65-ES256=geçerli, ES256=geçerli, ML-DSA-65=geçerli || ÖK §6.5 K5 "politikaya göre": S → reject, Y → accept-hybrid (W dışı ek imza: ML-DSA-65-ES256)
T4P_plus_ML-DSA-65-ES256-SIRA-ek-once	L4-S	tedavi-ML-DSA-65	ikincil	MR4(T4P_plus_ML-DSA-65-ES256)	reject	ÖK §6.5 (ON-KAYIT v0.8 (capa 7); 00-on-kayit/ON-KAYIT-TASLAK.md:1054): "İhraççı başına gerekli küme R = {X}, izinli küme {A, X}." | [T328] JWTBCP §3.1 (draft-ietf-oauth-rfc8725bis-10; metin/JWTBCP.txt:482): "it MUST determine which algorithms are permitted for itself and that issuer and ensure that the received JWT complies with those requirements" | ÖK §4.7 G5 (ON-KAYIT v0.8 (capa 7); 00-on-kayit/ON-KAYIT-TASLAK.md:767): "Göç etmiş bir varlık, ilan ettiği eski-sürüm penceresi dışında yalnız klasik kanıtla kabul edilemez." | ÖK §4.8 P3 (ON-KAYIT v0.8 (capa 7); 00-on-kayit/ON-KAYIT-TASLAK.md:778): "P2 + ihraççı başına gerekli küme R_I" | ÖK §4.8 P1 (ON-KAYIT v0.8 (capa 7); 00-on-kayit/ON-KAYIT-TASLAK.md:776): "Mevcut imzaların tümü geçerliyse kabul. İmza silinmesi (soyma) fark edilmez" | [T135] ACM2 Note 51 (ECCG ACM v2.0; metin/ACM2.txt:946): "the veriﬁcation function accepting if and only if all signatures are correct" | [T316] RFC7515 §5.2 (RFC 7515; metin/RFC7515.txt:894): "unless the algorithm(s) used in the JWS are acceptable to the application, it SHOULD consider the JWS to be invalid" | [T327] JWTBCP §3.1 (draft-ietf-oauth-rfc8725bis-10; metin/JWTBCP.txt:464): "MUST NOT employ any algorithms outside this configured set"	insa: ML-DSA-65-ES256=geçerli, ES256=geçerli, ML-DSA-65=geçerli || S: W dışı imza var (ML-DSA-65-ES256) → mevcut-tümü-geçerli koşulu sağlanmaz
T4P_plus_ML-DSA-65-ES256-SIRA-ek-once	L4-Y	tedavi-ML-DSA-65	ikincil	MR4(T4P_plus_ML-DSA-65-ES256)	accept-hybrid	ÖK §6.5 (ON-KAYIT v0.8 (capa 7); 00-on-kayit/ON-KAYIT-TASLAK.md:1054): "İhraççı başına gerekli küme R = {X}, izinli küme {A, X}." | [T328] JWTBCP §3.1 (draft-ietf-oauth-rfc8725bis-10; metin/JWTBCP.txt:482): "it MUST determine which algorithms are permitted for itself and that issuer and ensure that the received JWT complies with those requirements" | ÖK §4.7 G5 (ON-KAYIT v0.8 (capa 7); 00-on-kayit/ON-KAYIT-TASLAK.md:767): "Göç etmiş bir varlık, ilan ettiği eski-sürüm penceresi dışında yalnız klasik kanıtla kabul edilemez." | [T314] RFC7515 §5.2 (RFC 7515; metin/RFC7515.txt:810): "When there are multiple JWS Signature values, it is an application decision which of the JWS Signature values must successfully validate for the JWS to be accepted." | [T327] JWTBCP §3.1 (draft-ietf-oauth-rfc8725bis-10; metin/JWTBCP.txt:464): "MUST NOT employ any algorithms outside this configured set"	insa: ML-DSA-65-ES256=geçerli, ES256=geçerli, ML-DSA-65=geçerli || R={ML-DSA-65} geçerli imzayla karşılandı; W içindeki imzalar geçerli; Y: W dışı ek imza(lar) yok sayıldı (ML-DSA-65-ES256)
T4P_plus_ML-DSA-65-ES256-SIRA-ek-once	P0	tedavi-ML-DSA-65	ikincil	MR4(T4P_plus_ML-DSA-65-ES256)	accept-classical	ÖK §4.8 P0 (ON-KAYIT v0.8 (capa 7); 00-on-kayit/ON-KAYIT-TASLAK.md:775): "En az bir imza geçerliyse kabul" | [T314] RFC7515 §5.2 (RFC 7515; metin/RFC7515.txt:810): "When there are multiple JWS Signature values, it is an application decision which of the JWS Signature values must successfully validate for the JWS to be accepted."	insa: ML-DSA-65-ES256=geçerli, ES256=geçerli, ML-DSA-65=geçerli || en az bir geçerli imza var; kabul için klasik ES256 yeterli
T4P_plus_ML-DSA-65-ES256-SIRA-ek-once	P1	tedavi-ML-DSA-65	ikincil	MR4(T4P_plus_ML-DSA-65-ES256)	accept-hybrid	ÖK §4.8 P1 (ON-KAYIT v0.8 (capa 7); 00-on-kayit/ON-KAYIT-TASLAK.md:776): "Mevcut imzaların tümü geçerliyse kabul. İmza silinmesi (soyma) fark edilmez" | [T135] ACM2 Note 51 (ECCG ACM v2.0; metin/ACM2.txt:946): "the veriﬁcation function accepting if and only if all signatures are correct"	insa: ML-DSA-65-ES256=geçerli, ES256=geçerli, ML-DSA-65=geçerli || mevcut imzaların tümü geçerli; aralarında PQ imza var, kabul PQ doğrulamasını içerir
T4P_plus_ML-DSA-65-ES256-SIRA-ters	L4	tedavi-ML-DSA-65	ikincil	MR4(T4P_plus_ML-DSA-65-ES256)	indeterminate	ÖK §6.5 K5 (ON-KAYIT v0.8 (capa 7); 00-on-kayit/ON-KAYIT-TASLAK.md:1062): "K1 + tanınmayan algoritmalı üçüncü imza | Politikaya göre (MR2); bayrak B1" | ÖK §4.20 MR2 (ON-KAYIT v0.8 (capa 7); 00-on-kayit/ON-KAYIT-TASLAK.md:944): "MR2: Bilinmeyen alg eklemenin etkisi politikaya göre öngörülebilir olmalı." | [T314] RFC7515 §5.2 (RFC 7515; metin/RFC7515.txt:810): "When there are multiple JWS Signature values, it is an application decision which of the JWS Signature values must successfully validate for the JWS to be accepted." | [T316] RFC7515 §5.2 (RFC 7515; metin/RFC7515.txt:894): "unless the algorithm(s) used in the JWS are acceptable to the application, it SHOULD consider the JWS to be invalid" | ÖK §6.5 (ON-KAYIT v0.8 (capa 7); 00-on-kayit/ON-KAYIT-TASLAK.md:1054): "İhraççı başına gerekli küme R = {X}, izinli küme {A, X}." | ÖK §4.13 L4 (ON-KAYIT v0.8 (capa 7); 00-on-kayit/ON-KAYIT-TASLAK.md:844): "Yapılandırılmış hâlde K1 KABUL, K2 RED, K3 RED (§6.5)"	insa: ML-DSA-65-ES256=geçerli, ML-DSA-65=geçerli, ES256=geçerli || ÖK §6.5 K5 "politikaya göre": S → reject, Y → accept-hybrid (W dışı ek imza: ML-DSA-65-ES256)
T4P_plus_ML-DSA-65-ES256-SIRA-ters	L4-S	tedavi-ML-DSA-65	ikincil	MR4(T4P_plus_ML-DSA-65-ES256)	reject	ÖK §6.5 (ON-KAYIT v0.8 (capa 7); 00-on-kayit/ON-KAYIT-TASLAK.md:1054): "İhraççı başına gerekli küme R = {X}, izinli küme {A, X}." | [T328] JWTBCP §3.1 (draft-ietf-oauth-rfc8725bis-10; metin/JWTBCP.txt:482): "it MUST determine which algorithms are permitted for itself and that issuer and ensure that the received JWT complies with those requirements" | ÖK §4.7 G5 (ON-KAYIT v0.8 (capa 7); 00-on-kayit/ON-KAYIT-TASLAK.md:767): "Göç etmiş bir varlık, ilan ettiği eski-sürüm penceresi dışında yalnız klasik kanıtla kabul edilemez." | ÖK §4.8 P3 (ON-KAYIT v0.8 (capa 7); 00-on-kayit/ON-KAYIT-TASLAK.md:778): "P2 + ihraççı başına gerekli küme R_I" | ÖK §4.8 P1 (ON-KAYIT v0.8 (capa 7); 00-on-kayit/ON-KAYIT-TASLAK.md:776): "Mevcut imzaların tümü geçerliyse kabul. İmza silinmesi (soyma) fark edilmez" | [T135] ACM2 Note 51 (ECCG ACM v2.0; metin/ACM2.txt:946): "the veriﬁcation function accepting if and only if all signatures are correct" | [T316] RFC7515 §5.2 (RFC 7515; metin/RFC7515.txt:894): "unless the algorithm(s) used in the JWS are acceptable to the application, it SHOULD consider the JWS to be invalid" | [T327] JWTBCP §3.1 (draft-ietf-oauth-rfc8725bis-10; metin/JWTBCP.txt:464): "MUST NOT employ any algorithms outside this configured set"	insa: ML-DSA-65-ES256=geçerli, ML-DSA-65=geçerli, ES256=geçerli || S: W dışı imza var (ML-DSA-65-ES256) → mevcut-tümü-geçerli koşulu sağlanmaz
T4P_plus_ML-DSA-65-ES256-SIRA-ters	L4-Y	tedavi-ML-DSA-65	ikincil	MR4(T4P_plus_ML-DSA-65-ES256)	accept-hybrid	ÖK §6.5 (ON-KAYIT v0.8 (capa 7); 00-on-kayit/ON-KAYIT-TASLAK.md:1054): "İhraççı başına gerekli küme R = {X}, izinli küme {A, X}." | [T328] JWTBCP §3.1 (draft-ietf-oauth-rfc8725bis-10; metin/JWTBCP.txt:482): "it MUST determine which algorithms are permitted for itself and that issuer and ensure that the received JWT complies with those requirements" | ÖK §4.7 G5 (ON-KAYIT v0.8 (capa 7); 00-on-kayit/ON-KAYIT-TASLAK.md:767): "Göç etmiş bir varlık, ilan ettiği eski-sürüm penceresi dışında yalnız klasik kanıtla kabul edilemez." | [T314] RFC7515 §5.2 (RFC 7515; metin/RFC7515.txt:810): "When there are multiple JWS Signature values, it is an application decision which of the JWS Signature values must successfully validate for the JWS to be accepted." | [T327] JWTBCP §3.1 (draft-ietf-oauth-rfc8725bis-10; metin/JWTBCP.txt:464): "MUST NOT employ any algorithms outside this configured set"	insa: ML-DSA-65-ES256=geçerli, ML-DSA-65=geçerli, ES256=geçerli || R={ML-DSA-65} geçerli imzayla karşılandı; W içindeki imzalar geçerli; Y: W dışı ek imza(lar) yok sayıldı (ML-DSA-65-ES256)
T4P_plus_ML-DSA-65-ES256-SIRA-ters	P0	tedavi-ML-DSA-65	ikincil	MR4(T4P_plus_ML-DSA-65-ES256)	accept-classical	ÖK §4.8 P0 (ON-KAYIT v0.8 (capa 7); 00-on-kayit/ON-KAYIT-TASLAK.md:775): "En az bir imza geçerliyse kabul" | [T314] RFC7515 §5.2 (RFC 7515; metin/RFC7515.txt:810): "When there are multiple JWS Signature values, it is an application decision which of the JWS Signature values must successfully validate for the JWS to be accepted."	insa: ML-DSA-65-ES256=geçerli, ML-DSA-65=geçerli, ES256=geçerli || en az bir geçerli imza var; kabul için klasik ES256 yeterli
T4P_plus_ML-DSA-65-ES256-SIRA-ters	P1	tedavi-ML-DSA-65	ikincil	MR4(T4P_plus_ML-DSA-65-ES256)	accept-hybrid	ÖK §4.8 P1 (ON-KAYIT v0.8 (capa 7); 00-on-kayit/ON-KAYIT-TASLAK.md:776): "Mevcut imzaların tümü geçerliyse kabul. İmza silinmesi (soyma) fark edilmez" | [T135] ACM2 Note 51 (ECCG ACM v2.0; metin/ACM2.txt:946): "the veriﬁcation function accepting if and only if all signatures are correct"	insa: ML-DSA-65-ES256=geçerli, ML-DSA-65=geçerli, ES256=geçerli || mevcut imzaların tümü geçerli; aralarında PQ imza var, kabul PQ doğrulamasını içerir
T4C_plus_ML-DSA-65-SIRA-ek-once	L4	tedavi-composite	ikincil	MR4(T4C_plus_ML-DSA-65)	indeterminate	ÖK §6.5 K5 (ON-KAYIT v0.8 (capa 7); 00-on-kayit/ON-KAYIT-TASLAK.md:1062): "K1 + tanınmayan algoritmalı üçüncü imza | Politikaya göre (MR2); bayrak B1" | ÖK §4.20 MR2 (ON-KAYIT v0.8 (capa 7); 00-on-kayit/ON-KAYIT-TASLAK.md:944): "MR2: Bilinmeyen alg eklemenin etkisi politikaya göre öngörülebilir olmalı." | [T314] RFC7515 §5.2 (RFC 7515; metin/RFC7515.txt:810): "When there are multiple JWS Signature values, it is an application decision which of the JWS Signature values must successfully validate for the JWS to be accepted." | [T316] RFC7515 §5.2 (RFC 7515; metin/RFC7515.txt:894): "unless the algorithm(s) used in the JWS are acceptable to the application, it SHOULD consider the JWS to be invalid" | ÖK §6.5 (ON-KAYIT v0.8 (capa 7); 00-on-kayit/ON-KAYIT-TASLAK.md:1054): "İhraççı başına gerekli küme R = {X}, izinli küme {A, X}." | ÖK §4.13 L4 (ON-KAYIT v0.8 (capa 7); 00-on-kayit/ON-KAYIT-TASLAK.md:844): "Yapılandırılmış hâlde K1 KABUL, K2 RED, K3 RED (§6.5)"	insa: ML-DSA-65=geçerli, ES256=geçerli, ML-DSA-65-ES256=geçerli || ÖK §6.5 K5 "politikaya göre": S → reject, Y → accept-hybrid (W dışı ek imza: ML-DSA-65)
T4C_plus_ML-DSA-65-SIRA-ek-once	L4-S	tedavi-composite	ikincil	MR4(T4C_plus_ML-DSA-65)	reject	ÖK §6.5 (ON-KAYIT v0.8 (capa 7); 00-on-kayit/ON-KAYIT-TASLAK.md:1054): "İhraççı başına gerekli küme R = {X}, izinli küme {A, X}." | [T328] JWTBCP §3.1 (draft-ietf-oauth-rfc8725bis-10; metin/JWTBCP.txt:482): "it MUST determine which algorithms are permitted for itself and that issuer and ensure that the received JWT complies with those requirements" | ÖK §4.7 G5 (ON-KAYIT v0.8 (capa 7); 00-on-kayit/ON-KAYIT-TASLAK.md:767): "Göç etmiş bir varlık, ilan ettiği eski-sürüm penceresi dışında yalnız klasik kanıtla kabul edilemez." | ÖK §4.8 P3 (ON-KAYIT v0.8 (capa 7); 00-on-kayit/ON-KAYIT-TASLAK.md:778): "P2 + ihraççı başına gerekli küme R_I" | ÖK §4.8 P1 (ON-KAYIT v0.8 (capa 7); 00-on-kayit/ON-KAYIT-TASLAK.md:776): "Mevcut imzaların tümü geçerliyse kabul. İmza silinmesi (soyma) fark edilmez" | [T135] ACM2 Note 51 (ECCG ACM v2.0; metin/ACM2.txt:946): "the veriﬁcation function accepting if and only if all signatures are correct" | [T316] RFC7515 §5.2 (RFC 7515; metin/RFC7515.txt:894): "unless the algorithm(s) used in the JWS are acceptable to the application, it SHOULD consider the JWS to be invalid" | [T327] JWTBCP §3.1 (draft-ietf-oauth-rfc8725bis-10; metin/JWTBCP.txt:464): "MUST NOT employ any algorithms outside this configured set"	insa: ML-DSA-65=geçerli, ES256=geçerli, ML-DSA-65-ES256=geçerli || S: W dışı imza var (ML-DSA-65) → mevcut-tümü-geçerli koşulu sağlanmaz
T4C_plus_ML-DSA-65-SIRA-ek-once	L4-Y	tedavi-composite	ikincil	MR4(T4C_plus_ML-DSA-65)	accept-hybrid	ÖK §6.5 (ON-KAYIT v0.8 (capa 7); 00-on-kayit/ON-KAYIT-TASLAK.md:1054): "İhraççı başına gerekli küme R = {X}, izinli küme {A, X}." | [T328] JWTBCP §3.1 (draft-ietf-oauth-rfc8725bis-10; metin/JWTBCP.txt:482): "it MUST determine which algorithms are permitted for itself and that issuer and ensure that the received JWT complies with those requirements" | ÖK §4.7 G5 (ON-KAYIT v0.8 (capa 7); 00-on-kayit/ON-KAYIT-TASLAK.md:767): "Göç etmiş bir varlık, ilan ettiği eski-sürüm penceresi dışında yalnız klasik kanıtla kabul edilemez." | [T314] RFC7515 §5.2 (RFC 7515; metin/RFC7515.txt:810): "When there are multiple JWS Signature values, it is an application decision which of the JWS Signature values must successfully validate for the JWS to be accepted." | [T327] JWTBCP §3.1 (draft-ietf-oauth-rfc8725bis-10; metin/JWTBCP.txt:464): "MUST NOT employ any algorithms outside this configured set"	insa: ML-DSA-65=geçerli, ES256=geçerli, ML-DSA-65-ES256=geçerli || R={ML-DSA-65-ES256} geçerli imzayla karşılandı; W içindeki imzalar geçerli; Y: W dışı ek imza(lar) yok sayıldı (ML-DSA-65)
T4C_plus_ML-DSA-65-SIRA-ek-once	P0	tedavi-composite	ikincil	MR4(T4C_plus_ML-DSA-65)	accept-classical	ÖK §4.8 P0 (ON-KAYIT v0.8 (capa 7); 00-on-kayit/ON-KAYIT-TASLAK.md:775): "En az bir imza geçerliyse kabul" | [T314] RFC7515 §5.2 (RFC 7515; metin/RFC7515.txt:810): "When there are multiple JWS Signature values, it is an application decision which of the JWS Signature values must successfully validate for the JWS to be accepted."	insa: ML-DSA-65=geçerli, ES256=geçerli, ML-DSA-65-ES256=geçerli || en az bir geçerli imza var; kabul için klasik ES256 yeterli
T4C_plus_ML-DSA-65-SIRA-ek-once	P1	tedavi-composite	ikincil	MR4(T4C_plus_ML-DSA-65)	accept-hybrid	ÖK §4.8 P1 (ON-KAYIT v0.8 (capa 7); 00-on-kayit/ON-KAYIT-TASLAK.md:776): "Mevcut imzaların tümü geçerliyse kabul. İmza silinmesi (soyma) fark edilmez" | [T135] ACM2 Note 51 (ECCG ACM v2.0; metin/ACM2.txt:946): "the veriﬁcation function accepting if and only if all signatures are correct"	insa: ML-DSA-65=geçerli, ES256=geçerli, ML-DSA-65-ES256=geçerli || mevcut imzaların tümü geçerli; aralarında PQ imza var, kabul PQ doğrulamasını içerir
T4C_plus_ML-DSA-65-SIRA-ters	L4	tedavi-composite	ikincil	MR4(T4C_plus_ML-DSA-65)	indeterminate	ÖK §6.5 K5 (ON-KAYIT v0.8 (capa 7); 00-on-kayit/ON-KAYIT-TASLAK.md:1062): "K1 + tanınmayan algoritmalı üçüncü imza | Politikaya göre (MR2); bayrak B1" | ÖK §4.20 MR2 (ON-KAYIT v0.8 (capa 7); 00-on-kayit/ON-KAYIT-TASLAK.md:944): "MR2: Bilinmeyen alg eklemenin etkisi politikaya göre öngörülebilir olmalı." | [T314] RFC7515 §5.2 (RFC 7515; metin/RFC7515.txt:810): "When there are multiple JWS Signature values, it is an application decision which of the JWS Signature values must successfully validate for the JWS to be accepted." | [T316] RFC7515 §5.2 (RFC 7515; metin/RFC7515.txt:894): "unless the algorithm(s) used in the JWS are acceptable to the application, it SHOULD consider the JWS to be invalid" | ÖK §6.5 (ON-KAYIT v0.8 (capa 7); 00-on-kayit/ON-KAYIT-TASLAK.md:1054): "İhraççı başına gerekli küme R = {X}, izinli küme {A, X}." | ÖK §4.13 L4 (ON-KAYIT v0.8 (capa 7); 00-on-kayit/ON-KAYIT-TASLAK.md:844): "Yapılandırılmış hâlde K1 KABUL, K2 RED, K3 RED (§6.5)"	insa: ML-DSA-65=geçerli, ML-DSA-65-ES256=geçerli, ES256=geçerli || ÖK §6.5 K5 "politikaya göre": S → reject, Y → accept-hybrid (W dışı ek imza: ML-DSA-65)
T4C_plus_ML-DSA-65-SIRA-ters	L4-S	tedavi-composite	ikincil	MR4(T4C_plus_ML-DSA-65)	reject	ÖK §6.5 (ON-KAYIT v0.8 (capa 7); 00-on-kayit/ON-KAYIT-TASLAK.md:1054): "İhraççı başına gerekli küme R = {X}, izinli küme {A, X}." | [T328] JWTBCP §3.1 (draft-ietf-oauth-rfc8725bis-10; metin/JWTBCP.txt:482): "it MUST determine which algorithms are permitted for itself and that issuer and ensure that the received JWT complies with those requirements" | ÖK §4.7 G5 (ON-KAYIT v0.8 (capa 7); 00-on-kayit/ON-KAYIT-TASLAK.md:767): "Göç etmiş bir varlık, ilan ettiği eski-sürüm penceresi dışında yalnız klasik kanıtla kabul edilemez." | ÖK §4.8 P3 (ON-KAYIT v0.8 (capa 7); 00-on-kayit/ON-KAYIT-TASLAK.md:778): "P2 + ihraççı başına gerekli küme R_I" | ÖK §4.8 P1 (ON-KAYIT v0.8 (capa 7); 00-on-kayit/ON-KAYIT-TASLAK.md:776): "Mevcut imzaların tümü geçerliyse kabul. İmza silinmesi (soyma) fark edilmez" | [T135] ACM2 Note 51 (ECCG ACM v2.0; metin/ACM2.txt:946): "the veriﬁcation function accepting if and only if all signatures are correct" | [T316] RFC7515 §5.2 (RFC 7515; metin/RFC7515.txt:894): "unless the algorithm(s) used in the JWS are acceptable to the application, it SHOULD consider the JWS to be invalid" | [T327] JWTBCP §3.1 (draft-ietf-oauth-rfc8725bis-10; metin/JWTBCP.txt:464): "MUST NOT employ any algorithms outside this configured set"	insa: ML-DSA-65=geçerli, ML-DSA-65-ES256=geçerli, ES256=geçerli || S: W dışı imza var (ML-DSA-65) → mevcut-tümü-geçerli koşulu sağlanmaz
T4C_plus_ML-DSA-65-SIRA-ters	L4-Y	tedavi-composite	ikincil	MR4(T4C_plus_ML-DSA-65)	accept-hybrid	ÖK §6.5 (ON-KAYIT v0.8 (capa 7); 00-on-kayit/ON-KAYIT-TASLAK.md:1054): "İhraççı başına gerekli küme R = {X}, izinli küme {A, X}." | [T328] JWTBCP §3.1 (draft-ietf-oauth-rfc8725bis-10; metin/JWTBCP.txt:482): "it MUST determine which algorithms are permitted for itself and that issuer and ensure that the received JWT complies with those requirements" | ÖK §4.7 G5 (ON-KAYIT v0.8 (capa 7); 00-on-kayit/ON-KAYIT-TASLAK.md:767): "Göç etmiş bir varlık, ilan ettiği eski-sürüm penceresi dışında yalnız klasik kanıtla kabul edilemez." | [T314] RFC7515 §5.2 (RFC 7515; metin/RFC7515.txt:810): "When there are multiple JWS Signature values, it is an application decision which of the JWS Signature values must successfully validate for the JWS to be accepted." | [T327] JWTBCP §3.1 (draft-ietf-oauth-rfc8725bis-10; metin/JWTBCP.txt:464): "MUST NOT employ any algorithms outside this configured set"	insa: ML-DSA-65=geçerli, ML-DSA-65-ES256=geçerli, ES256=geçerli || R={ML-DSA-65-ES256} geçerli imzayla karşılandı; W içindeki imzalar geçerli; Y: W dışı ek imza(lar) yok sayıldı (ML-DSA-65)
T4C_plus_ML-DSA-65-SIRA-ters	P0	tedavi-composite	ikincil	MR4(T4C_plus_ML-DSA-65)	accept-classical	ÖK §4.8 P0 (ON-KAYIT v0.8 (capa 7); 00-on-kayit/ON-KAYIT-TASLAK.md:775): "En az bir imza geçerliyse kabul" | [T314] RFC7515 §5.2 (RFC 7515; metin/RFC7515.txt:810): "When there are multiple JWS Signature values, it is an application decision which of the JWS Signature values must successfully validate for the JWS to be accepted."	insa: ML-DSA-65=geçerli, ML-DSA-65-ES256=geçerli, ES256=geçerli || en az bir geçerli imza var; kabul için klasik ES256 yeterli
T4C_plus_ML-DSA-65-SIRA-ters	P1	tedavi-composite	ikincil	MR4(T4C_plus_ML-DSA-65)	accept-hybrid	ÖK §4.8 P1 (ON-KAYIT v0.8 (capa 7); 00-on-kayit/ON-KAYIT-TASLAK.md:776): "Mevcut imzaların tümü geçerliyse kabul. İmza silinmesi (soyma) fark edilmez" | [T135] ACM2 Note 51 (ECCG ACM v2.0; metin/ACM2.txt:946): "the veriﬁcation function accepting if and only if all signatures are correct"	insa: ML-DSA-65=geçerli, ML-DSA-65-ES256=geçerli, ES256=geçerli || mevcut imzaların tümü geçerli; aralarında PQ imza var, kabul PQ doğrulamasını içerir
T6_plus_composite-SIRA-ek-once	L4	kontrol-EdDSA	ikincil	MR4(T6_plus_composite)	indeterminate	ÖK §6.5 K5 (ON-KAYIT v0.8 (capa 7); 00-on-kayit/ON-KAYIT-TASLAK.md:1062): "K1 + tanınmayan algoritmalı üçüncü imza | Politikaya göre (MR2); bayrak B1" | ÖK §4.20 MR2 (ON-KAYIT v0.8 (capa 7); 00-on-kayit/ON-KAYIT-TASLAK.md:944): "MR2: Bilinmeyen alg eklemenin etkisi politikaya göre öngörülebilir olmalı." | [T314] RFC7515 §5.2 (RFC 7515; metin/RFC7515.txt:810): "When there are multiple JWS Signature values, it is an application decision which of the JWS Signature values must successfully validate for the JWS to be accepted." | [T316] RFC7515 §5.2 (RFC 7515; metin/RFC7515.txt:894): "unless the algorithm(s) used in the JWS are acceptable to the application, it SHOULD consider the JWS to be invalid" | ÖK §6.5 (ON-KAYIT v0.8 (capa 7); 00-on-kayit/ON-KAYIT-TASLAK.md:1054): "İhraççı başına gerekli küme R = {X}, izinli küme {A, X}." | ÖK §4.13 L4 (ON-KAYIT v0.8 (capa 7); 00-on-kayit/ON-KAYIT-TASLAK.md:844): "Yapılandırılmış hâlde K1 KABUL, K2 RED, K3 RED (§6.5)"	insa: ML-DSA-65-ES256=geçerli, ES256=geçerli, EdDSA=geçerli || ÖK §6.5 K5 "politikaya göre": S → reject, Y → accept-classical (W dışı ek imza: ML-DSA-65-ES256)
T6_plus_composite-SIRA-ek-once	L4-S	kontrol-EdDSA	ikincil	MR4(T6_plus_composite)	reject	ÖK §6.5 (ON-KAYIT v0.8 (capa 7); 00-on-kayit/ON-KAYIT-TASLAK.md:1054): "İhraççı başına gerekli küme R = {X}, izinli küme {A, X}." | [T328] JWTBCP §3.1 (draft-ietf-oauth-rfc8725bis-10; metin/JWTBCP.txt:482): "it MUST determine which algorithms are permitted for itself and that issuer and ensure that the received JWT complies with those requirements" | ÖK §4.7 G5 (ON-KAYIT v0.8 (capa 7); 00-on-kayit/ON-KAYIT-TASLAK.md:767): "Göç etmiş bir varlık, ilan ettiği eski-sürüm penceresi dışında yalnız klasik kanıtla kabul edilemez." | ÖK §4.8 P3 (ON-KAYIT v0.8 (capa 7); 00-on-kayit/ON-KAYIT-TASLAK.md:778): "P2 + ihraççı başına gerekli küme R_I" | ÖK §4.8 P1 (ON-KAYIT v0.8 (capa 7); 00-on-kayit/ON-KAYIT-TASLAK.md:776): "Mevcut imzaların tümü geçerliyse kabul. İmza silinmesi (soyma) fark edilmez" | [T135] ACM2 Note 51 (ECCG ACM v2.0; metin/ACM2.txt:946): "the veriﬁcation function accepting if and only if all signatures are correct" | [T316] RFC7515 §5.2 (RFC 7515; metin/RFC7515.txt:894): "unless the algorithm(s) used in the JWS are acceptable to the application, it SHOULD consider the JWS to be invalid" | [T327] JWTBCP §3.1 (draft-ietf-oauth-rfc8725bis-10; metin/JWTBCP.txt:464): "MUST NOT employ any algorithms outside this configured set"	insa: ML-DSA-65-ES256=geçerli, ES256=geçerli, EdDSA=geçerli || S: W dışı imza var (ML-DSA-65-ES256) → mevcut-tümü-geçerli koşulu sağlanmaz
T6_plus_composite-SIRA-ek-once	L4-Y	kontrol-EdDSA	ikincil	MR4(T6_plus_composite)	accept-classical	ÖK §6.5 (ON-KAYIT v0.8 (capa 7); 00-on-kayit/ON-KAYIT-TASLAK.md:1054): "İhraççı başına gerekli küme R = {X}, izinli küme {A, X}." | [T328] JWTBCP §3.1 (draft-ietf-oauth-rfc8725bis-10; metin/JWTBCP.txt:482): "it MUST determine which algorithms are permitted for itself and that issuer and ensure that the received JWT complies with those requirements" | ÖK §4.7 G5 (ON-KAYIT v0.8 (capa 7); 00-on-kayit/ON-KAYIT-TASLAK.md:767): "Göç etmiş bir varlık, ilan ettiği eski-sürüm penceresi dışında yalnız klasik kanıtla kabul edilemez." | [T314] RFC7515 §5.2 (RFC 7515; metin/RFC7515.txt:810): "When there are multiple JWS Signature values, it is an application decision which of the JWS Signature values must successfully validate for the JWS to be accepted." | [T327] JWTBCP §3.1 (draft-ietf-oauth-rfc8725bis-10; metin/JWTBCP.txt:464): "MUST NOT employ any algorithms outside this configured set"	insa: ML-DSA-65-ES256=geçerli, ES256=geçerli, EdDSA=geçerli || R={EdDSA} geçerli imzayla karşılandı; W içindeki imzalar geçerli; Y: W dışı ek imza(lar) yok sayıldı (ML-DSA-65-ES256); kontrol kolu: X klasik
T6_plus_composite-SIRA-ek-once	P0	kontrol-EdDSA	ikincil	MR4(T6_plus_composite)	accept-classical	ÖK §4.8 P0 (ON-KAYIT v0.8 (capa 7); 00-on-kayit/ON-KAYIT-TASLAK.md:775): "En az bir imza geçerliyse kabul" | [T314] RFC7515 §5.2 (RFC 7515; metin/RFC7515.txt:810): "When there are multiple JWS Signature values, it is an application decision which of the JWS Signature values must successfully validate for the JWS to be accepted."	insa: ML-DSA-65-ES256=geçerli, ES256=geçerli, EdDSA=geçerli || en az bir geçerli imza var; kabul için klasik ES256 yeterli
T6_plus_composite-SIRA-ek-once	P1	kontrol-EdDSA	ikincil	MR4(T6_plus_composite)	accept-hybrid	ÖK §4.8 P1 (ON-KAYIT v0.8 (capa 7); 00-on-kayit/ON-KAYIT-TASLAK.md:776): "Mevcut imzaların tümü geçerliyse kabul. İmza silinmesi (soyma) fark edilmez" | [T135] ACM2 Note 51 (ECCG ACM v2.0; metin/ACM2.txt:946): "the veriﬁcation function accepting if and only if all signatures are correct"	insa: ML-DSA-65-ES256=geçerli, ES256=geçerli, EdDSA=geçerli || mevcut imzaların tümü geçerli; aralarında PQ imza var, kabul PQ doğrulamasını içerir
T6_plus_composite-SIRA-ek-once-ED25519	L4	kontrol-Ed25519	ikincil	MR4(T6_plus_composite-ED25519)	indeterminate	ÖK §6.5 K5 (ON-KAYIT v0.8 (capa 7); 00-on-kayit/ON-KAYIT-TASLAK.md:1062): "K1 + tanınmayan algoritmalı üçüncü imza | Politikaya göre (MR2); bayrak B1" | ÖK §4.20 MR2 (ON-KAYIT v0.8 (capa 7); 00-on-kayit/ON-KAYIT-TASLAK.md:944): "MR2: Bilinmeyen alg eklemenin etkisi politikaya göre öngörülebilir olmalı." | [T314] RFC7515 §5.2 (RFC 7515; metin/RFC7515.txt:810): "When there are multiple JWS Signature values, it is an application decision which of the JWS Signature values must successfully validate for the JWS to be accepted." | [T316] RFC7515 §5.2 (RFC 7515; metin/RFC7515.txt:894): "unless the algorithm(s) used in the JWS are acceptable to the application, it SHOULD consider the JWS to be invalid" | ÖK §6.5 (ON-KAYIT v0.8 (capa 7); 00-on-kayit/ON-KAYIT-TASLAK.md:1054): "İhraççı başına gerekli küme R = {X}, izinli küme {A, X}." | ÖK §4.13 L4 (ON-KAYIT v0.8 (capa 7); 00-on-kayit/ON-KAYIT-TASLAK.md:844): "Yapılandırılmış hâlde K1 KABUL, K2 RED, K3 RED (§6.5)"	insa: ML-DSA-65-ES256=geçerli, ES256=geçerli, Ed25519=geçerli || ÖK §6.5 K5 "politikaya göre": S → reject, Y → accept-classical (W dışı ek imza: ML-DSA-65-ES256)
T6_plus_composite-SIRA-ek-once-ED25519	L4-S	kontrol-Ed25519	ikincil	MR4(T6_plus_composite-ED25519)	reject	ÖK §6.5 (ON-KAYIT v0.8 (capa 7); 00-on-kayit/ON-KAYIT-TASLAK.md:1054): "İhraççı başına gerekli küme R = {X}, izinli küme {A, X}." | [T328] JWTBCP §3.1 (draft-ietf-oauth-rfc8725bis-10; metin/JWTBCP.txt:482): "it MUST determine which algorithms are permitted for itself and that issuer and ensure that the received JWT complies with those requirements" | ÖK §4.7 G5 (ON-KAYIT v0.8 (capa 7); 00-on-kayit/ON-KAYIT-TASLAK.md:767): "Göç etmiş bir varlık, ilan ettiği eski-sürüm penceresi dışında yalnız klasik kanıtla kabul edilemez." | ÖK §4.8 P3 (ON-KAYIT v0.8 (capa 7); 00-on-kayit/ON-KAYIT-TASLAK.md:778): "P2 + ihraççı başına gerekli küme R_I" | ÖK §4.8 P1 (ON-KAYIT v0.8 (capa 7); 00-on-kayit/ON-KAYIT-TASLAK.md:776): "Mevcut imzaların tümü geçerliyse kabul. İmza silinmesi (soyma) fark edilmez" | [T135] ACM2 Note 51 (ECCG ACM v2.0; metin/ACM2.txt:946): "the veriﬁcation function accepting if and only if all signatures are correct" | [T316] RFC7515 §5.2 (RFC 7515; metin/RFC7515.txt:894): "unless the algorithm(s) used in the JWS are acceptable to the application, it SHOULD consider the JWS to be invalid" | [T327] JWTBCP §3.1 (draft-ietf-oauth-rfc8725bis-10; metin/JWTBCP.txt:464): "MUST NOT employ any algorithms outside this configured set"	insa: ML-DSA-65-ES256=geçerli, ES256=geçerli, Ed25519=geçerli || S: W dışı imza var (ML-DSA-65-ES256) → mevcut-tümü-geçerli koşulu sağlanmaz
T6_plus_composite-SIRA-ek-once-ED25519	L4-Y	kontrol-Ed25519	ikincil	MR4(T6_plus_composite-ED25519)	accept-classical	ÖK §6.5 (ON-KAYIT v0.8 (capa 7); 00-on-kayit/ON-KAYIT-TASLAK.md:1054): "İhraççı başına gerekli küme R = {X}, izinli küme {A, X}." | [T328] JWTBCP §3.1 (draft-ietf-oauth-rfc8725bis-10; metin/JWTBCP.txt:482): "it MUST determine which algorithms are permitted for itself and that issuer and ensure that the received JWT complies with those requirements" | ÖK §4.7 G5 (ON-KAYIT v0.8 (capa 7); 00-on-kayit/ON-KAYIT-TASLAK.md:767): "Göç etmiş bir varlık, ilan ettiği eski-sürüm penceresi dışında yalnız klasik kanıtla kabul edilemez." | [T314] RFC7515 §5.2 (RFC 7515; metin/RFC7515.txt:810): "When there are multiple JWS Signature values, it is an application decision which of the JWS Signature values must successfully validate for the JWS to be accepted." | [T327] JWTBCP §3.1 (draft-ietf-oauth-rfc8725bis-10; metin/JWTBCP.txt:464): "MUST NOT employ any algorithms outside this configured set"	insa: ML-DSA-65-ES256=geçerli, ES256=geçerli, Ed25519=geçerli || R={Ed25519} geçerli imzayla karşılandı; W içindeki imzalar geçerli; Y: W dışı ek imza(lar) yok sayıldı (ML-DSA-65-ES256); kontrol kolu: X klasik
T6_plus_composite-SIRA-ek-once-ED25519	P0	kontrol-Ed25519	ikincil	MR4(T6_plus_composite-ED25519)	accept-classical	ÖK §4.8 P0 (ON-KAYIT v0.8 (capa 7); 00-on-kayit/ON-KAYIT-TASLAK.md:775): "En az bir imza geçerliyse kabul" | [T314] RFC7515 §5.2 (RFC 7515; metin/RFC7515.txt:810): "When there are multiple JWS Signature values, it is an application decision which of the JWS Signature values must successfully validate for the JWS to be accepted."	insa: ML-DSA-65-ES256=geçerli, ES256=geçerli, Ed25519=geçerli || en az bir geçerli imza var; kabul için klasik ES256 yeterli
T6_plus_composite-SIRA-ek-once-ED25519	P1	kontrol-Ed25519	ikincil	MR4(T6_plus_composite-ED25519)	accept-hybrid	ÖK §4.8 P1 (ON-KAYIT v0.8 (capa 7); 00-on-kayit/ON-KAYIT-TASLAK.md:776): "Mevcut imzaların tümü geçerliyse kabul. İmza silinmesi (soyma) fark edilmez" | [T135] ACM2 Note 51 (ECCG ACM v2.0; metin/ACM2.txt:946): "the veriﬁcation function accepting if and only if all signatures are correct"	insa: ML-DSA-65-ES256=geçerli, ES256=geçerli, Ed25519=geçerli || mevcut imzaların tümü geçerli; aralarında PQ imza var, kabul PQ doğrulamasını içerir
T6_plus_composite-SIRA-ters	L4	kontrol-EdDSA	ikincil	MR4(T6_plus_composite)	indeterminate	ÖK §6.5 K5 (ON-KAYIT v0.8 (capa 7); 00-on-kayit/ON-KAYIT-TASLAK.md:1062): "K1 + tanınmayan algoritmalı üçüncü imza | Politikaya göre (MR2); bayrak B1" | ÖK §4.20 MR2 (ON-KAYIT v0.8 (capa 7); 00-on-kayit/ON-KAYIT-TASLAK.md:944): "MR2: Bilinmeyen alg eklemenin etkisi politikaya göre öngörülebilir olmalı." | [T314] RFC7515 §5.2 (RFC 7515; metin/RFC7515.txt:810): "When there are multiple JWS Signature values, it is an application decision which of the JWS Signature values must successfully validate for the JWS to be accepted." | [T316] RFC7515 §5.2 (RFC 7515; metin/RFC7515.txt:894): "unless the algorithm(s) used in the JWS are acceptable to the application, it SHOULD consider the JWS to be invalid" | ÖK §6.5 (ON-KAYIT v0.8 (capa 7); 00-on-kayit/ON-KAYIT-TASLAK.md:1054): "İhraççı başına gerekli küme R = {X}, izinli küme {A, X}." | ÖK §4.13 L4 (ON-KAYIT v0.8 (capa 7); 00-on-kayit/ON-KAYIT-TASLAK.md:844): "Yapılandırılmış hâlde K1 KABUL, K2 RED, K3 RED (§6.5)"	insa: ML-DSA-65-ES256=geçerli, EdDSA=geçerli, ES256=geçerli || ÖK §6.5 K5 "politikaya göre": S → reject, Y → accept-classical (W dışı ek imza: ML-DSA-65-ES256)
T6_plus_composite-SIRA-ters	L4-S	kontrol-EdDSA	ikincil	MR4(T6_plus_composite)	reject	ÖK §6.5 (ON-KAYIT v0.8 (capa 7); 00-on-kayit/ON-KAYIT-TASLAK.md:1054): "İhraççı başına gerekli küme R = {X}, izinli küme {A, X}." | [T328] JWTBCP §3.1 (draft-ietf-oauth-rfc8725bis-10; metin/JWTBCP.txt:482): "it MUST determine which algorithms are permitted for itself and that issuer and ensure that the received JWT complies with those requirements" | ÖK §4.7 G5 (ON-KAYIT v0.8 (capa 7); 00-on-kayit/ON-KAYIT-TASLAK.md:767): "Göç etmiş bir varlık, ilan ettiği eski-sürüm penceresi dışında yalnız klasik kanıtla kabul edilemez." | ÖK §4.8 P3 (ON-KAYIT v0.8 (capa 7); 00-on-kayit/ON-KAYIT-TASLAK.md:778): "P2 + ihraççı başına gerekli küme R_I" | ÖK §4.8 P1 (ON-KAYIT v0.8 (capa 7); 00-on-kayit/ON-KAYIT-TASLAK.md:776): "Mevcut imzaların tümü geçerliyse kabul. İmza silinmesi (soyma) fark edilmez" | [T135] ACM2 Note 51 (ECCG ACM v2.0; metin/ACM2.txt:946): "the veriﬁcation function accepting if and only if all signatures are correct" | [T316] RFC7515 §5.2 (RFC 7515; metin/RFC7515.txt:894): "unless the algorithm(s) used in the JWS are acceptable to the application, it SHOULD consider the JWS to be invalid" | [T327] JWTBCP §3.1 (draft-ietf-oauth-rfc8725bis-10; metin/JWTBCP.txt:464): "MUST NOT employ any algorithms outside this configured set"	insa: ML-DSA-65-ES256=geçerli, EdDSA=geçerli, ES256=geçerli || S: W dışı imza var (ML-DSA-65-ES256) → mevcut-tümü-geçerli koşulu sağlanmaz
T6_plus_composite-SIRA-ters	L4-Y	kontrol-EdDSA	ikincil	MR4(T6_plus_composite)	accept-classical	ÖK §6.5 (ON-KAYIT v0.8 (capa 7); 00-on-kayit/ON-KAYIT-TASLAK.md:1054): "İhraççı başına gerekli küme R = {X}, izinli küme {A, X}." | [T328] JWTBCP §3.1 (draft-ietf-oauth-rfc8725bis-10; metin/JWTBCP.txt:482): "it MUST determine which algorithms are permitted for itself and that issuer and ensure that the received JWT complies with those requirements" | ÖK §4.7 G5 (ON-KAYIT v0.8 (capa 7); 00-on-kayit/ON-KAYIT-TASLAK.md:767): "Göç etmiş bir varlık, ilan ettiği eski-sürüm penceresi dışında yalnız klasik kanıtla kabul edilemez." | [T314] RFC7515 §5.2 (RFC 7515; metin/RFC7515.txt:810): "When there are multiple JWS Signature values, it is an application decision which of the JWS Signature values must successfully validate for the JWS to be accepted." | [T327] JWTBCP §3.1 (draft-ietf-oauth-rfc8725bis-10; metin/JWTBCP.txt:464): "MUST NOT employ any algorithms outside this configured set"	insa: ML-DSA-65-ES256=geçerli, EdDSA=geçerli, ES256=geçerli || R={EdDSA} geçerli imzayla karşılandı; W içindeki imzalar geçerli; Y: W dışı ek imza(lar) yok sayıldı (ML-DSA-65-ES256); kontrol kolu: X klasik
T6_plus_composite-SIRA-ters	P0	kontrol-EdDSA	ikincil	MR4(T6_plus_composite)	accept-classical	ÖK §4.8 P0 (ON-KAYIT v0.8 (capa 7); 00-on-kayit/ON-KAYIT-TASLAK.md:775): "En az bir imza geçerliyse kabul" | [T314] RFC7515 §5.2 (RFC 7515; metin/RFC7515.txt:810): "When there are multiple JWS Signature values, it is an application decision which of the JWS Signature values must successfully validate for the JWS to be accepted."	insa: ML-DSA-65-ES256=geçerli, EdDSA=geçerli, ES256=geçerli || en az bir geçerli imza var; kabul için klasik EdDSA yeterli
T6_plus_composite-SIRA-ters	P1	kontrol-EdDSA	ikincil	MR4(T6_plus_composite)	accept-hybrid	ÖK §4.8 P1 (ON-KAYIT v0.8 (capa 7); 00-on-kayit/ON-KAYIT-TASLAK.md:776): "Mevcut imzaların tümü geçerliyse kabul. İmza silinmesi (soyma) fark edilmez" | [T135] ACM2 Note 51 (ECCG ACM v2.0; metin/ACM2.txt:946): "the veriﬁcation function accepting if and only if all signatures are correct"	insa: ML-DSA-65-ES256=geçerli, EdDSA=geçerli, ES256=geçerli || mevcut imzaların tümü geçerli; aralarında PQ imza var, kabul PQ doğrulamasını içerir
T6_plus_composite-SIRA-ters-ED25519	L4	kontrol-Ed25519	ikincil	MR4(T6_plus_composite-ED25519)	indeterminate	ÖK §6.5 K5 (ON-KAYIT v0.8 (capa 7); 00-on-kayit/ON-KAYIT-TASLAK.md:1062): "K1 + tanınmayan algoritmalı üçüncü imza | Politikaya göre (MR2); bayrak B1" | ÖK §4.20 MR2 (ON-KAYIT v0.8 (capa 7); 00-on-kayit/ON-KAYIT-TASLAK.md:944): "MR2: Bilinmeyen alg eklemenin etkisi politikaya göre öngörülebilir olmalı." | [T314] RFC7515 §5.2 (RFC 7515; metin/RFC7515.txt:810): "When there are multiple JWS Signature values, it is an application decision which of the JWS Signature values must successfully validate for the JWS to be accepted." | [T316] RFC7515 §5.2 (RFC 7515; metin/RFC7515.txt:894): "unless the algorithm(s) used in the JWS are acceptable to the application, it SHOULD consider the JWS to be invalid" | ÖK §6.5 (ON-KAYIT v0.8 (capa 7); 00-on-kayit/ON-KAYIT-TASLAK.md:1054): "İhraççı başına gerekli küme R = {X}, izinli küme {A, X}." | ÖK §4.13 L4 (ON-KAYIT v0.8 (capa 7); 00-on-kayit/ON-KAYIT-TASLAK.md:844): "Yapılandırılmış hâlde K1 KABUL, K2 RED, K3 RED (§6.5)"	insa: ML-DSA-65-ES256=geçerli, Ed25519=geçerli, ES256=geçerli || ÖK §6.5 K5 "politikaya göre": S → reject, Y → accept-classical (W dışı ek imza: ML-DSA-65-ES256)
T6_plus_composite-SIRA-ters-ED25519	L4-S	kontrol-Ed25519	ikincil	MR4(T6_plus_composite-ED25519)	reject	ÖK §6.5 (ON-KAYIT v0.8 (capa 7); 00-on-kayit/ON-KAYIT-TASLAK.md:1054): "İhraççı başına gerekli küme R = {X}, izinli küme {A, X}." | [T328] JWTBCP §3.1 (draft-ietf-oauth-rfc8725bis-10; metin/JWTBCP.txt:482): "it MUST determine which algorithms are permitted for itself and that issuer and ensure that the received JWT complies with those requirements" | ÖK §4.7 G5 (ON-KAYIT v0.8 (capa 7); 00-on-kayit/ON-KAYIT-TASLAK.md:767): "Göç etmiş bir varlık, ilan ettiği eski-sürüm penceresi dışında yalnız klasik kanıtla kabul edilemez." | ÖK §4.8 P3 (ON-KAYIT v0.8 (capa 7); 00-on-kayit/ON-KAYIT-TASLAK.md:778): "P2 + ihraççı başına gerekli küme R_I" | ÖK §4.8 P1 (ON-KAYIT v0.8 (capa 7); 00-on-kayit/ON-KAYIT-TASLAK.md:776): "Mevcut imzaların tümü geçerliyse kabul. İmza silinmesi (soyma) fark edilmez" | [T135] ACM2 Note 51 (ECCG ACM v2.0; metin/ACM2.txt:946): "the veriﬁcation function accepting if and only if all signatures are correct" | [T316] RFC7515 §5.2 (RFC 7515; metin/RFC7515.txt:894): "unless the algorithm(s) used in the JWS are acceptable to the application, it SHOULD consider the JWS to be invalid" | [T327] JWTBCP §3.1 (draft-ietf-oauth-rfc8725bis-10; metin/JWTBCP.txt:464): "MUST NOT employ any algorithms outside this configured set"	insa: ML-DSA-65-ES256=geçerli, Ed25519=geçerli, ES256=geçerli || S: W dışı imza var (ML-DSA-65-ES256) → mevcut-tümü-geçerli koşulu sağlanmaz
T6_plus_composite-SIRA-ters-ED25519	L4-Y	kontrol-Ed25519	ikincil	MR4(T6_plus_composite-ED25519)	accept-classical	ÖK §6.5 (ON-KAYIT v0.8 (capa 7); 00-on-kayit/ON-KAYIT-TASLAK.md:1054): "İhraççı başına gerekli küme R = {X}, izinli küme {A, X}." | [T328] JWTBCP §3.1 (draft-ietf-oauth-rfc8725bis-10; metin/JWTBCP.txt:482): "it MUST determine which algorithms are permitted for itself and that issuer and ensure that the received JWT complies with those requirements" | ÖK §4.7 G5 (ON-KAYIT v0.8 (capa 7); 00-on-kayit/ON-KAYIT-TASLAK.md:767): "Göç etmiş bir varlık, ilan ettiği eski-sürüm penceresi dışında yalnız klasik kanıtla kabul edilemez." | [T314] RFC7515 §5.2 (RFC 7515; metin/RFC7515.txt:810): "When there are multiple JWS Signature values, it is an application decision which of the JWS Signature values must successfully validate for the JWS to be accepted." | [T327] JWTBCP §3.1 (draft-ietf-oauth-rfc8725bis-10; metin/JWTBCP.txt:464): "MUST NOT employ any algorithms outside this configured set"	insa: ML-DSA-65-ES256=geçerli, Ed25519=geçerli, ES256=geçerli || R={Ed25519} geçerli imzayla karşılandı; W içindeki imzalar geçerli; Y: W dışı ek imza(lar) yok sayıldı (ML-DSA-65-ES256); kontrol kolu: X klasik
T6_plus_composite-SIRA-ters-ED25519	P0	kontrol-Ed25519	ikincil	MR4(T6_plus_composite-ED25519)	accept-classical	ÖK §4.8 P0 (ON-KAYIT v0.8 (capa 7); 00-on-kayit/ON-KAYIT-TASLAK.md:775): "En az bir imza geçerliyse kabul" | [T314] RFC7515 §5.2 (RFC 7515; metin/RFC7515.txt:810): "When there are multiple JWS Signature values, it is an application decision which of the JWS Signature values must successfully validate for the JWS to be accepted."	insa: ML-DSA-65-ES256=geçerli, Ed25519=geçerli, ES256=geçerli || en az bir geçerli imza var; kabul için klasik Ed25519 yeterli
T6_plus_composite-SIRA-ters-ED25519	P1	kontrol-Ed25519	ikincil	MR4(T6_plus_composite-ED25519)	accept-hybrid	ÖK §4.8 P1 (ON-KAYIT v0.8 (capa 7); 00-on-kayit/ON-KAYIT-TASLAK.md:776): "Mevcut imzaların tümü geçerliyse kabul. İmza silinmesi (soyma) fark edilmez" | [T135] ACM2 Note 51 (ECCG ACM v2.0; metin/ACM2.txt:946): "the veriﬁcation function accepting if and only if all signatures are correct"	insa: ML-DSA-65-ES256=geçerli, Ed25519=geçerli, ES256=geçerli || mevcut imzaların tümü geçerli; aralarında PQ imza var, kabul PQ doğrulamasını içerir
VC07_GJ_ES256_MLDSA65-SIRA-ters	L4	tedavi-ML-DSA-65	ikincil	MR4(VC07_GJ_ES256_MLDSA65)	accept-hybrid	ÖK §6.5 (ON-KAYIT v0.8 (capa 7); 00-on-kayit/ON-KAYIT-TASLAK.md:1054): "İhraççı başına gerekli küme R = {X}, izinli küme {A, X}." | [T328] JWTBCP §3.1 (draft-ietf-oauth-rfc8725bis-10; metin/JWTBCP.txt:482): "it MUST determine which algorithms are permitted for itself and that issuer and ensure that the received JWT complies with those requirements" | ÖK §4.7 G5 (ON-KAYIT v0.8 (capa 7); 00-on-kayit/ON-KAYIT-TASLAK.md:767): "Göç etmiş bir varlık, ilan ettiği eski-sürüm penceresi dışında yalnız klasik kanıtla kabul edilemez." | ÖK §4.13 L4 (ON-KAYIT v0.8 (capa 7); 00-on-kayit/ON-KAYIT-TASLAK.md:844): "Yapılandırılmış hâlde K1 KABUL, K2 RED, K3 RED (§6.5)"	insa: ML-DSA-65=geçerli, ES256=geçerli || R={ML-DSA-65} geçerli imzayla karşılandı; W içindeki imzalar geçerli || JSON serileştirme isteğe bağlı: destekleyen hedef için karar; desteklemeyen hedefte B6 (uygulanamaz) [RFC9901 §8; T114 SDJWTVC13 §3.2; T115 HAIP §6.1; ÖK §4.13 B6]
VC07_GJ_ES256_MLDSA65-SIRA-ters	L4-S	tedavi-ML-DSA-65	ikincil	MR4(VC07_GJ_ES256_MLDSA65)	accept-hybrid	ÖK §6.5 (ON-KAYIT v0.8 (capa 7); 00-on-kayit/ON-KAYIT-TASLAK.md:1054): "İhraççı başına gerekli küme R = {X}, izinli küme {A, X}." | [T328] JWTBCP §3.1 (draft-ietf-oauth-rfc8725bis-10; metin/JWTBCP.txt:482): "it MUST determine which algorithms are permitted for itself and that issuer and ensure that the received JWT complies with those requirements" | ÖK §4.7 G5 (ON-KAYIT v0.8 (capa 7); 00-on-kayit/ON-KAYIT-TASLAK.md:767): "Göç etmiş bir varlık, ilan ettiği eski-sürüm penceresi dışında yalnız klasik kanıtla kabul edilemez." | ÖK §4.8 P3 (ON-KAYIT v0.8 (capa 7); 00-on-kayit/ON-KAYIT-TASLAK.md:778): "P2 + ihraççı başına gerekli küme R_I"	insa: ML-DSA-65=geçerli, ES256=geçerli || R={ML-DSA-65} geçerli imzayla karşılandı; W içindeki imzalar geçerli || JSON serileştirme isteğe bağlı: destekleyen hedef için karar; desteklemeyen hedefte B6 (uygulanamaz) [RFC9901 §8; T114 SDJWTVC13 §3.2; T115 HAIP §6.1; ÖK §4.13 B6]
VC07_GJ_ES256_MLDSA65-SIRA-ters	L4-Y	tedavi-ML-DSA-65	ikincil	MR4(VC07_GJ_ES256_MLDSA65)	accept-hybrid	ÖK §6.5 (ON-KAYIT v0.8 (capa 7); 00-on-kayit/ON-KAYIT-TASLAK.md:1054): "İhraççı başına gerekli küme R = {X}, izinli küme {A, X}." | [T328] JWTBCP §3.1 (draft-ietf-oauth-rfc8725bis-10; metin/JWTBCP.txt:482): "it MUST determine which algorithms are permitted for itself and that issuer and ensure that the received JWT complies with those requirements" | ÖK §4.7 G5 (ON-KAYIT v0.8 (capa 7); 00-on-kayit/ON-KAYIT-TASLAK.md:767): "Göç etmiş bir varlık, ilan ettiği eski-sürüm penceresi dışında yalnız klasik kanıtla kabul edilemez." | [T314] RFC7515 §5.2 (RFC 7515; metin/RFC7515.txt:810): "When there are multiple JWS Signature values, it is an application decision which of the JWS Signature values must successfully validate for the JWS to be accepted."	insa: ML-DSA-65=geçerli, ES256=geçerli || R={ML-DSA-65} geçerli imzayla karşılandı; W içindeki imzalar geçerli || JSON serileştirme isteğe bağlı: destekleyen hedef için karar; desteklemeyen hedefte B6 (uygulanamaz) [RFC9901 §8; T114 SDJWTVC13 §3.2; T115 HAIP §6.1; ÖK §4.13 B6]
VC07_GJ_ES256_MLDSA65-SIRA-ters	P0	tedavi-ML-DSA-65	ikincil	MR4(VC07_GJ_ES256_MLDSA65)	accept-classical	ÖK §4.8 P0 (ON-KAYIT v0.8 (capa 7); 00-on-kayit/ON-KAYIT-TASLAK.md:775): "En az bir imza geçerliyse kabul" | [T314] RFC7515 §5.2 (RFC 7515; metin/RFC7515.txt:810): "When there are multiple JWS Signature values, it is an application decision which of the JWS Signature values must successfully validate for the JWS to be accepted."	insa: ML-DSA-65=geçerli, ES256=geçerli || en az bir geçerli imza var; kabul için klasik ES256 yeterli || JSON serileştirme isteğe bağlı: destekleyen hedef için karar; desteklemeyen hedefte B6 (uygulanamaz) [RFC9901 §8; T114 SDJWTVC13 §3.2; T115 HAIP §6.1; ÖK §4.13 B6]
VC07_GJ_ES256_MLDSA65-SIRA-ters	P1	tedavi-ML-DSA-65	ikincil	MR4(VC07_GJ_ES256_MLDSA65)	accept-hybrid	ÖK §4.8 P1 (ON-KAYIT v0.8 (capa 7); 00-on-kayit/ON-KAYIT-TASLAK.md:776): "Mevcut imzaların tümü geçerliyse kabul. İmza silinmesi (soyma) fark edilmez" | [T135] ACM2 Note 51 (ECCG ACM v2.0; metin/ACM2.txt:946): "the veriﬁcation function accepting if and only if all signatures are correct"	insa: ML-DSA-65=geçerli, ES256=geçerli || mevcut imzaların tümü geçerli; aralarında PQ imza var, kabul PQ doğrulamasını içerir || JSON serileştirme isteğe bağlı: destekleyen hedef için karar; desteklemeyen hedefte B6 (uygulanamaz) [RFC9901 §8; T114 SDJWTVC13 §3.2; T115 HAIP §6.1; ÖK §4.13 B6]
VC08_GJ_ES256_composite-SIRA-ters	L4	tedavi-composite	ikincil	MR4(VC08_GJ_ES256_composite)	accept-hybrid	ÖK §6.5 (ON-KAYIT v0.8 (capa 7); 00-on-kayit/ON-KAYIT-TASLAK.md:1054): "İhraççı başına gerekli küme R = {X}, izinli küme {A, X}." | [T328] JWTBCP §3.1 (draft-ietf-oauth-rfc8725bis-10; metin/JWTBCP.txt:482): "it MUST determine which algorithms are permitted for itself and that issuer and ensure that the received JWT complies with those requirements" | ÖK §4.7 G5 (ON-KAYIT v0.8 (capa 7); 00-on-kayit/ON-KAYIT-TASLAK.md:767): "Göç etmiş bir varlık, ilan ettiği eski-sürüm penceresi dışında yalnız klasik kanıtla kabul edilemez." | ÖK §4.13 L4 (ON-KAYIT v0.8 (capa 7); 00-on-kayit/ON-KAYIT-TASLAK.md:844): "Yapılandırılmış hâlde K1 KABUL, K2 RED, K3 RED (§6.5)"	insa: ML-DSA-65-ES256=geçerli, ES256=geçerli || R={ML-DSA-65-ES256} geçerli imzayla karşılandı; W içindeki imzalar geçerli || JSON serileştirme isteğe bağlı: destekleyen hedef için karar; desteklemeyen hedefte B6 (uygulanamaz) [RFC9901 §8; T114 SDJWTVC13 §3.2; T115 HAIP §6.1; ÖK §4.13 B6]
VC08_GJ_ES256_composite-SIRA-ters	L4-S	tedavi-composite	ikincil	MR4(VC08_GJ_ES256_composite)	accept-hybrid	ÖK §6.5 (ON-KAYIT v0.8 (capa 7); 00-on-kayit/ON-KAYIT-TASLAK.md:1054): "İhraççı başına gerekli küme R = {X}, izinli küme {A, X}." | [T328] JWTBCP §3.1 (draft-ietf-oauth-rfc8725bis-10; metin/JWTBCP.txt:482): "it MUST determine which algorithms are permitted for itself and that issuer and ensure that the received JWT complies with those requirements" | ÖK §4.7 G5 (ON-KAYIT v0.8 (capa 7); 00-on-kayit/ON-KAYIT-TASLAK.md:767): "Göç etmiş bir varlık, ilan ettiği eski-sürüm penceresi dışında yalnız klasik kanıtla kabul edilemez." | ÖK §4.8 P3 (ON-KAYIT v0.8 (capa 7); 00-on-kayit/ON-KAYIT-TASLAK.md:778): "P2 + ihraççı başına gerekli küme R_I"	insa: ML-DSA-65-ES256=geçerli, ES256=geçerli || R={ML-DSA-65-ES256} geçerli imzayla karşılandı; W içindeki imzalar geçerli || JSON serileştirme isteğe bağlı: destekleyen hedef için karar; desteklemeyen hedefte B6 (uygulanamaz) [RFC9901 §8; T114 SDJWTVC13 §3.2; T115 HAIP §6.1; ÖK §4.13 B6]
VC08_GJ_ES256_composite-SIRA-ters	L4-Y	tedavi-composite	ikincil	MR4(VC08_GJ_ES256_composite)	accept-hybrid	ÖK §6.5 (ON-KAYIT v0.8 (capa 7); 00-on-kayit/ON-KAYIT-TASLAK.md:1054): "İhraççı başına gerekli küme R = {X}, izinli küme {A, X}." | [T328] JWTBCP §3.1 (draft-ietf-oauth-rfc8725bis-10; metin/JWTBCP.txt:482): "it MUST determine which algorithms are permitted for itself and that issuer and ensure that the received JWT complies with those requirements" | ÖK §4.7 G5 (ON-KAYIT v0.8 (capa 7); 00-on-kayit/ON-KAYIT-TASLAK.md:767): "Göç etmiş bir varlık, ilan ettiği eski-sürüm penceresi dışında yalnız klasik kanıtla kabul edilemez." | [T314] RFC7515 §5.2 (RFC 7515; metin/RFC7515.txt:810): "When there are multiple JWS Signature values, it is an application decision which of the JWS Signature values must successfully validate for the JWS to be accepted."	insa: ML-DSA-65-ES256=geçerli, ES256=geçerli || R={ML-DSA-65-ES256} geçerli imzayla karşılandı; W içindeki imzalar geçerli || JSON serileştirme isteğe bağlı: destekleyen hedef için karar; desteklemeyen hedefte B6 (uygulanamaz) [RFC9901 §8; T114 SDJWTVC13 §3.2; T115 HAIP §6.1; ÖK §4.13 B6]
VC08_GJ_ES256_composite-SIRA-ters	P0	tedavi-composite	ikincil	MR4(VC08_GJ_ES256_composite)	accept-classical	ÖK §4.8 P0 (ON-KAYIT v0.8 (capa 7); 00-on-kayit/ON-KAYIT-TASLAK.md:775): "En az bir imza geçerliyse kabul" | [T314] RFC7515 §5.2 (RFC 7515; metin/RFC7515.txt:810): "When there are multiple JWS Signature values, it is an application decision which of the JWS Signature values must successfully validate for the JWS to be accepted."	insa: ML-DSA-65-ES256=geçerli, ES256=geçerli || en az bir geçerli imza var; kabul için klasik ES256 yeterli || JSON serileştirme isteğe bağlı: destekleyen hedef için karar; desteklemeyen hedefte B6 (uygulanamaz) [RFC9901 §8; T114 SDJWTVC13 §3.2; T115 HAIP §6.1; ÖK §4.13 B6]
VC08_GJ_ES256_composite-SIRA-ters	P1	tedavi-composite	ikincil	MR4(VC08_GJ_ES256_composite)	accept-hybrid	ÖK §4.8 P1 (ON-KAYIT v0.8 (capa 7); 00-on-kayit/ON-KAYIT-TASLAK.md:776): "Mevcut imzaların tümü geçerliyse kabul. İmza silinmesi (soyma) fark edilmez" | [T135] ACM2 Note 51 (ECCG ACM v2.0; metin/ACM2.txt:946): "the veriﬁcation function accepting if and only if all signatures are correct"	insa: ML-DSA-65-ES256=geçerli, ES256=geçerli || mevcut imzaların tümü geçerli; aralarında PQ imza var, kabul PQ doğrulamasını içerir || JSON serileştirme isteğe bağlı: destekleyen hedef için karar; desteklemeyen hedefte B6 (uygulanamaz) [RFC9901 §8; T114 SDJWTVC13 §3.2; T115 HAIP §6.1; ÖK §4.13 B6]
VC09_GJ_ES256_EdDSA-SIRA-ters	L4	kontrol-EdDSA	ikincil	MR4(VC09_GJ_ES256_EdDSA)	accept-classical	ÖK §6.5 (ON-KAYIT v0.8 (capa 7); 00-on-kayit/ON-KAYIT-TASLAK.md:1054): "İhraççı başına gerekli küme R = {X}, izinli küme {A, X}." | [T328] JWTBCP §3.1 (draft-ietf-oauth-rfc8725bis-10; metin/JWTBCP.txt:482): "it MUST determine which algorithms are permitted for itself and that issuer and ensure that the received JWT complies with those requirements" | ÖK §4.7 G5 (ON-KAYIT v0.8 (capa 7); 00-on-kayit/ON-KAYIT-TASLAK.md:767): "Göç etmiş bir varlık, ilan ettiği eski-sürüm penceresi dışında yalnız klasik kanıtla kabul edilemez." | ÖK §4.13 L4 (ON-KAYIT v0.8 (capa 7); 00-on-kayit/ON-KAYIT-TASLAK.md:844): "Yapılandırılmış hâlde K1 KABUL, K2 RED, K3 RED (§6.5)"	insa: EdDSA=geçerli, ES256=geçerli || R={EdDSA} geçerli imzayla karşılandı; W içindeki imzalar geçerli; kontrol kolu: X klasik || JSON serileştirme isteğe bağlı: destekleyen hedef için karar; desteklemeyen hedefte B6 (uygulanamaz) [RFC9901 §8; T114 SDJWTVC13 §3.2; T115 HAIP §6.1; ÖK §4.13 B6]
VC09_GJ_ES256_EdDSA-SIRA-ters	L4-S	kontrol-EdDSA	ikincil	MR4(VC09_GJ_ES256_EdDSA)	accept-classical	ÖK §6.5 (ON-KAYIT v0.8 (capa 7); 00-on-kayit/ON-KAYIT-TASLAK.md:1054): "İhraççı başına gerekli küme R = {X}, izinli küme {A, X}." | [T328] JWTBCP §3.1 (draft-ietf-oauth-rfc8725bis-10; metin/JWTBCP.txt:482): "it MUST determine which algorithms are permitted for itself and that issuer and ensure that the received JWT complies with those requirements" | ÖK §4.7 G5 (ON-KAYIT v0.8 (capa 7); 00-on-kayit/ON-KAYIT-TASLAK.md:767): "Göç etmiş bir varlık, ilan ettiği eski-sürüm penceresi dışında yalnız klasik kanıtla kabul edilemez." | ÖK §4.8 P3 (ON-KAYIT v0.8 (capa 7); 00-on-kayit/ON-KAYIT-TASLAK.md:778): "P2 + ihraççı başına gerekli küme R_I"	insa: EdDSA=geçerli, ES256=geçerli || R={EdDSA} geçerli imzayla karşılandı; W içindeki imzalar geçerli; kontrol kolu: X klasik || JSON serileştirme isteğe bağlı: destekleyen hedef için karar; desteklemeyen hedefte B6 (uygulanamaz) [RFC9901 §8; T114 SDJWTVC13 §3.2; T115 HAIP §6.1; ÖK §4.13 B6]
VC09_GJ_ES256_EdDSA-SIRA-ters	L4-Y	kontrol-EdDSA	ikincil	MR4(VC09_GJ_ES256_EdDSA)	accept-classical	ÖK §6.5 (ON-KAYIT v0.8 (capa 7); 00-on-kayit/ON-KAYIT-TASLAK.md:1054): "İhraççı başına gerekli küme R = {X}, izinli küme {A, X}." | [T328] JWTBCP §3.1 (draft-ietf-oauth-rfc8725bis-10; metin/JWTBCP.txt:482): "it MUST determine which algorithms are permitted for itself and that issuer and ensure that the received JWT complies with those requirements" | ÖK §4.7 G5 (ON-KAYIT v0.8 (capa 7); 00-on-kayit/ON-KAYIT-TASLAK.md:767): "Göç etmiş bir varlık, ilan ettiği eski-sürüm penceresi dışında yalnız klasik kanıtla kabul edilemez." | [T314] RFC7515 §5.2 (RFC 7515; metin/RFC7515.txt:810): "When there are multiple JWS Signature values, it is an application decision which of the JWS Signature values must successfully validate for the JWS to be accepted."	insa: EdDSA=geçerli, ES256=geçerli || R={EdDSA} geçerli imzayla karşılandı; W içindeki imzalar geçerli; kontrol kolu: X klasik || JSON serileştirme isteğe bağlı: destekleyen hedef için karar; desteklemeyen hedefte B6 (uygulanamaz) [RFC9901 §8; T114 SDJWTVC13 §3.2; T115 HAIP §6.1; ÖK §4.13 B6]
VC09_GJ_ES256_EdDSA-SIRA-ters	P0	kontrol-EdDSA	ikincil	MR4(VC09_GJ_ES256_EdDSA)	accept-classical	ÖK §4.8 P0 (ON-KAYIT v0.8 (capa 7); 00-on-kayit/ON-KAYIT-TASLAK.md:775): "En az bir imza geçerliyse kabul" | [T314] RFC7515 §5.2 (RFC 7515; metin/RFC7515.txt:810): "When there are multiple JWS Signature values, it is an application decision which of the JWS Signature values must successfully validate for the JWS to be accepted."	insa: EdDSA=geçerli, ES256=geçerli || en az bir geçerli imza var; kabul için klasik EdDSA yeterli || JSON serileştirme isteğe bağlı: destekleyen hedef için karar; desteklemeyen hedefte B6 (uygulanamaz) [RFC9901 §8; T114 SDJWTVC13 §3.2; T115 HAIP §6.1; ÖK §4.13 B6]
VC09_GJ_ES256_EdDSA-SIRA-ters	P1	kontrol-EdDSA	ikincil	MR4(VC09_GJ_ES256_EdDSA)	accept-classical	ÖK §4.8 P1 (ON-KAYIT v0.8 (capa 7); 00-on-kayit/ON-KAYIT-TASLAK.md:776): "Mevcut imzaların tümü geçerliyse kabul. İmza silinmesi (soyma) fark edilmez" | [T135] ACM2 Note 51 (ECCG ACM v2.0; metin/ACM2.txt:946): "the veriﬁcation function accepting if and only if all signatures are correct"	insa: EdDSA=geçerli, ES256=geçerli || mevcut imzaların tümü geçerli || JSON serileştirme isteğe bağlı: destekleyen hedef için karar; desteklemeyen hedefte B6 (uygulanamaz) [RFC9901 §8; T114 SDJWTVC13 §3.2; T115 HAIP §6.1; ÖK §4.13 B6]
VC09_GJ_ES256_EdDSA-SIRA-ters-ED25519	L4	kontrol-Ed25519	ikincil	MR4(VC09_GJ_ES256_EdDSA-ED25519)	accept-classical	ÖK §6.5 (ON-KAYIT v0.8 (capa 7); 00-on-kayit/ON-KAYIT-TASLAK.md:1054): "İhraççı başına gerekli küme R = {X}, izinli küme {A, X}." | [T328] JWTBCP §3.1 (draft-ietf-oauth-rfc8725bis-10; metin/JWTBCP.txt:482): "it MUST determine which algorithms are permitted for itself and that issuer and ensure that the received JWT complies with those requirements" | ÖK §4.7 G5 (ON-KAYIT v0.8 (capa 7); 00-on-kayit/ON-KAYIT-TASLAK.md:767): "Göç etmiş bir varlık, ilan ettiği eski-sürüm penceresi dışında yalnız klasik kanıtla kabul edilemez." | ÖK §4.13 L4 (ON-KAYIT v0.8 (capa 7); 00-on-kayit/ON-KAYIT-TASLAK.md:844): "Yapılandırılmış hâlde K1 KABUL, K2 RED, K3 RED (§6.5)"	insa: Ed25519=geçerli, ES256=geçerli || R={Ed25519} geçerli imzayla karşılandı; W içindeki imzalar geçerli; kontrol kolu: X klasik || JSON serileştirme isteğe bağlı: destekleyen hedef için karar; desteklemeyen hedefte B6 (uygulanamaz) [RFC9901 §8; T114 SDJWTVC13 §3.2; T115 HAIP §6.1; ÖK §4.13 B6]
VC09_GJ_ES256_EdDSA-SIRA-ters-ED25519	L4-S	kontrol-Ed25519	ikincil	MR4(VC09_GJ_ES256_EdDSA-ED25519)	accept-classical	ÖK §6.5 (ON-KAYIT v0.8 (capa 7); 00-on-kayit/ON-KAYIT-TASLAK.md:1054): "İhraççı başına gerekli küme R = {X}, izinli küme {A, X}." | [T328] JWTBCP §3.1 (draft-ietf-oauth-rfc8725bis-10; metin/JWTBCP.txt:482): "it MUST determine which algorithms are permitted for itself and that issuer and ensure that the received JWT complies with those requirements" | ÖK §4.7 G5 (ON-KAYIT v0.8 (capa 7); 00-on-kayit/ON-KAYIT-TASLAK.md:767): "Göç etmiş bir varlık, ilan ettiği eski-sürüm penceresi dışında yalnız klasik kanıtla kabul edilemez." | ÖK §4.8 P3 (ON-KAYIT v0.8 (capa 7); 00-on-kayit/ON-KAYIT-TASLAK.md:778): "P2 + ihraççı başına gerekli küme R_I"	insa: Ed25519=geçerli, ES256=geçerli || R={Ed25519} geçerli imzayla karşılandı; W içindeki imzalar geçerli; kontrol kolu: X klasik || JSON serileştirme isteğe bağlı: destekleyen hedef için karar; desteklemeyen hedefte B6 (uygulanamaz) [RFC9901 §8; T114 SDJWTVC13 §3.2; T115 HAIP §6.1; ÖK §4.13 B6]
VC09_GJ_ES256_EdDSA-SIRA-ters-ED25519	L4-Y	kontrol-Ed25519	ikincil	MR4(VC09_GJ_ES256_EdDSA-ED25519)	accept-classical	ÖK §6.5 (ON-KAYIT v0.8 (capa 7); 00-on-kayit/ON-KAYIT-TASLAK.md:1054): "İhraççı başına gerekli küme R = {X}, izinli küme {A, X}." | [T328] JWTBCP §3.1 (draft-ietf-oauth-rfc8725bis-10; metin/JWTBCP.txt:482): "it MUST determine which algorithms are permitted for itself and that issuer and ensure that the received JWT complies with those requirements" | ÖK §4.7 G5 (ON-KAYIT v0.8 (capa 7); 00-on-kayit/ON-KAYIT-TASLAK.md:767): "Göç etmiş bir varlık, ilan ettiği eski-sürüm penceresi dışında yalnız klasik kanıtla kabul edilemez." | [T314] RFC7515 §5.2 (RFC 7515; metin/RFC7515.txt:810): "When there are multiple JWS Signature values, it is an application decision which of the JWS Signature values must successfully validate for the JWS to be accepted."	insa: Ed25519=geçerli, ES256=geçerli || R={Ed25519} geçerli imzayla karşılandı; W içindeki imzalar geçerli; kontrol kolu: X klasik || JSON serileştirme isteğe bağlı: destekleyen hedef için karar; desteklemeyen hedefte B6 (uygulanamaz) [RFC9901 §8; T114 SDJWTVC13 §3.2; T115 HAIP §6.1; ÖK §4.13 B6]
VC09_GJ_ES256_EdDSA-SIRA-ters-ED25519	P0	kontrol-Ed25519	ikincil	MR4(VC09_GJ_ES256_EdDSA-ED25519)	accept-classical	ÖK §4.8 P0 (ON-KAYIT v0.8 (capa 7); 00-on-kayit/ON-KAYIT-TASLAK.md:775): "En az bir imza geçerliyse kabul" | [T314] RFC7515 §5.2 (RFC 7515; metin/RFC7515.txt:810): "When there are multiple JWS Signature values, it is an application decision which of the JWS Signature values must successfully validate for the JWS to be accepted."	insa: Ed25519=geçerli, ES256=geçerli || en az bir geçerli imza var; kabul için klasik Ed25519 yeterli || JSON serileştirme isteğe bağlı: destekleyen hedef için karar; desteklemeyen hedefte B6 (uygulanamaz) [RFC9901 §8; T114 SDJWTVC13 §3.2; T115 HAIP §6.1; ÖK §4.13 B6]
VC09_GJ_ES256_EdDSA-SIRA-ters-ED25519	P1	kontrol-Ed25519	ikincil	MR4(VC09_GJ_ES256_EdDSA-ED25519)	accept-classical	ÖK §4.8 P1 (ON-KAYIT v0.8 (capa 7); 00-on-kayit/ON-KAYIT-TASLAK.md:776): "Mevcut imzaların tümü geçerliyse kabul. İmza silinmesi (soyma) fark edilmez" | [T135] ACM2 Note 51 (ECCG ACM v2.0; metin/ACM2.txt:946): "the veriﬁcation function accepting if and only if all signatures are correct"	insa: Ed25519=geçerli, ES256=geçerli || mevcut imzaların tümü geçerli || JSON serileştirme isteğe bağlı: destekleyen hedef için karar; desteklemeyen hedefte B6 (uygulanamaz) [RFC9901 §8; T114 SDJWTVC13 §3.2; T115 HAIP §6.1; ÖK §4.13 B6]
REQ04_coklu_imzali-SIRA-ters	L4	tedavi-ML-DSA-65	ikincil	MR4(REQ04_coklu_imzali)	accept-hybrid	ÖK §6.5 (ON-KAYIT v0.8 (capa 7); 00-on-kayit/ON-KAYIT-TASLAK.md:1054): "İhraççı başına gerekli küme R = {X}, izinli küme {A, X}." | [T328] JWTBCP §3.1 (draft-ietf-oauth-rfc8725bis-10; metin/JWTBCP.txt:482): "it MUST determine which algorithms are permitted for itself and that issuer and ensure that the received JWT complies with those requirements" | ÖK §4.7 G5 (ON-KAYIT v0.8 (capa 7); 00-on-kayit/ON-KAYIT-TASLAK.md:767): "Göç etmiş bir varlık, ilan ettiği eski-sürüm penceresi dışında yalnız klasik kanıtla kabul edilemez." | [T268] OID4VP §5.9.3 (OID4VP 1.0 Final; metin/OID4VP.txt:894): "it is at the discretion of the Wallet whether it validates the signature on the Request Object" | [T240] OID4VP §5.9.3 (OID4VP 1.0 Final; metin/OID4VP.txt:947): "The Wallet MUST validate the signature and the trust chain of the X.509 leaf certificate." | [T269] OID4VP A.3.2.2 (OID4VP 1.0 Final; metin/OID4VP.txt:2572): "allows the Verifier to use multiple Client Identifiers and corresponding key material to protect the same request" | [T314] RFC7515 §5.2 (RFC 7515; metin/RFC7515.txt:810): "When there are multiple JWS Signature values, it is an application decision which of the JWS Signature values must successfully validate for the JWS to be accepted." | ÖK §4.13 L4 (ON-KAYIT v0.8 (capa 7); 00-on-kayit/ON-KAYIT-TASLAK.md:844): "Yapılandırılmış hâlde K1 KABUL, K2 RED, K3 RED (§6.5)"	insa: ML-DSA-65=geçerli, ES256=geçerli || R={ML-DSA-65} geçerli imzayla karşılandı; W içindeki imzalar geçerli || cüzdan tarafı (Adım 11); yapılandırma "cüzdan imzaları doğrular" varsayar || x509_hash: imza ve yaprak zinciri doğrulanır (inşa gereği hash ve zincir tutarlı) || A.3.2.2: hangi imzaların doğrulanacağı cüzdanın güven çerçevesi politikasına bırakılmış
REQ04_coklu_imzali-SIRA-ters	L4-S	tedavi-ML-DSA-65	ikincil	MR4(REQ04_coklu_imzali)	accept-hybrid	ÖK §6.5 (ON-KAYIT v0.8 (capa 7); 00-on-kayit/ON-KAYIT-TASLAK.md:1054): "İhraççı başına gerekli küme R = {X}, izinli küme {A, X}." | [T328] JWTBCP §3.1 (draft-ietf-oauth-rfc8725bis-10; metin/JWTBCP.txt:482): "it MUST determine which algorithms are permitted for itself and that issuer and ensure that the received JWT complies with those requirements" | ÖK §4.7 G5 (ON-KAYIT v0.8 (capa 7); 00-on-kayit/ON-KAYIT-TASLAK.md:767): "Göç etmiş bir varlık, ilan ettiği eski-sürüm penceresi dışında yalnız klasik kanıtla kabul edilemez." | [T268] OID4VP §5.9.3 (OID4VP 1.0 Final; metin/OID4VP.txt:894): "it is at the discretion of the Wallet whether it validates the signature on the Request Object" | [T240] OID4VP §5.9.3 (OID4VP 1.0 Final; metin/OID4VP.txt:947): "The Wallet MUST validate the signature and the trust chain of the X.509 leaf certificate." | [T269] OID4VP A.3.2.2 (OID4VP 1.0 Final; metin/OID4VP.txt:2572): "allows the Verifier to use multiple Client Identifiers and corresponding key material to protect the same request" | [T314] RFC7515 §5.2 (RFC 7515; metin/RFC7515.txt:810): "When there are multiple JWS Signature values, it is an application decision which of the JWS Signature values must successfully validate for the JWS to be accepted." | ÖK §4.8 P3 (ON-KAYIT v0.8 (capa 7); 00-on-kayit/ON-KAYIT-TASLAK.md:778): "P2 + ihraççı başına gerekli küme R_I"	insa: ML-DSA-65=geçerli, ES256=geçerli || R={ML-DSA-65} geçerli imzayla karşılandı; W içindeki imzalar geçerli || cüzdan tarafı (Adım 11); yapılandırma "cüzdan imzaları doğrular" varsayar || x509_hash: imza ve yaprak zinciri doğrulanır (inşa gereği hash ve zincir tutarlı) || A.3.2.2: hangi imzaların doğrulanacağı cüzdanın güven çerçevesi politikasına bırakılmış
REQ04_coklu_imzali-SIRA-ters	L4-Y	tedavi-ML-DSA-65	ikincil	MR4(REQ04_coklu_imzali)	accept-hybrid	ÖK §6.5 (ON-KAYIT v0.8 (capa 7); 00-on-kayit/ON-KAYIT-TASLAK.md:1054): "İhraççı başına gerekli küme R = {X}, izinli küme {A, X}." | [T328] JWTBCP §3.1 (draft-ietf-oauth-rfc8725bis-10; metin/JWTBCP.txt:482): "it MUST determine which algorithms are permitted for itself and that issuer and ensure that the received JWT complies with those requirements" | ÖK §4.7 G5 (ON-KAYIT v0.8 (capa 7); 00-on-kayit/ON-KAYIT-TASLAK.md:767): "Göç etmiş bir varlık, ilan ettiği eski-sürüm penceresi dışında yalnız klasik kanıtla kabul edilemez." | [T268] OID4VP §5.9.3 (OID4VP 1.0 Final; metin/OID4VP.txt:894): "it is at the discretion of the Wallet whether it validates the signature on the Request Object" | [T240] OID4VP §5.9.3 (OID4VP 1.0 Final; metin/OID4VP.txt:947): "The Wallet MUST validate the signature and the trust chain of the X.509 leaf certificate." | [T269] OID4VP A.3.2.2 (OID4VP 1.0 Final; metin/OID4VP.txt:2572): "allows the Verifier to use multiple Client Identifiers and corresponding key material to protect the same request" | [T314] RFC7515 §5.2 (RFC 7515; metin/RFC7515.txt:810): "When there are multiple JWS Signature values, it is an application decision which of the JWS Signature values must successfully validate for the JWS to be accepted."	insa: ML-DSA-65=geçerli, ES256=geçerli || R={ML-DSA-65} geçerli imzayla karşılandı; W içindeki imzalar geçerli || cüzdan tarafı (Adım 11); yapılandırma "cüzdan imzaları doğrular" varsayar || x509_hash: imza ve yaprak zinciri doğrulanır (inşa gereği hash ve zincir tutarlı) || A.3.2.2: hangi imzaların doğrulanacağı cüzdanın güven çerçevesi politikasına bırakılmış
REQ04_coklu_imzali-SIRA-ters	P0	tedavi-ML-DSA-65	ikincil	MR4(REQ04_coklu_imzali)	accept-classical	ÖK §4.8 P0 (ON-KAYIT v0.8 (capa 7); 00-on-kayit/ON-KAYIT-TASLAK.md:775): "En az bir imza geçerliyse kabul" | [T314] RFC7515 §5.2 (RFC 7515; metin/RFC7515.txt:810): "When there are multiple JWS Signature values, it is an application decision which of the JWS Signature values must successfully validate for the JWS to be accepted." | [T268] OID4VP §5.9.3 (OID4VP 1.0 Final; metin/OID4VP.txt:894): "it is at the discretion of the Wallet whether it validates the signature on the Request Object" | [T240] OID4VP §5.9.3 (OID4VP 1.0 Final; metin/OID4VP.txt:947): "The Wallet MUST validate the signature and the trust chain of the X.509 leaf certificate." | [T269] OID4VP A.3.2.2 (OID4VP 1.0 Final; metin/OID4VP.txt:2572): "allows the Verifier to use multiple Client Identifiers and corresponding key material to protect the same request"	insa: ML-DSA-65=geçerli, ES256=geçerli || en az bir geçerli imza var; kabul için klasik ES256 yeterli || cüzdan tarafı (Adım 11); yapılandırma "cüzdan imzaları doğrular" varsayar || x509_hash: imza ve yaprak zinciri doğrulanır (inşa gereği hash ve zincir tutarlı) || A.3.2.2: hangi imzaların doğrulanacağı cüzdanın güven çerçevesi politikasına bırakılmış
REQ04_coklu_imzali-SIRA-ters	P1	tedavi-ML-DSA-65	ikincil	MR4(REQ04_coklu_imzali)	accept-hybrid	ÖK §4.8 P1 (ON-KAYIT v0.8 (capa 7); 00-on-kayit/ON-KAYIT-TASLAK.md:776): "Mevcut imzaların tümü geçerliyse kabul. İmza silinmesi (soyma) fark edilmez" | [T135] ACM2 Note 51 (ECCG ACM v2.0; metin/ACM2.txt:946): "the veriﬁcation function accepting if and only if all signatures are correct" | [T268] OID4VP §5.9.3 (OID4VP 1.0 Final; metin/OID4VP.txt:894): "it is at the discretion of the Wallet whether it validates the signature on the Request Object" | [T240] OID4VP §5.9.3 (OID4VP 1.0 Final; metin/OID4VP.txt:947): "The Wallet MUST validate the signature and the trust chain of the X.509 leaf certificate." | [T269] OID4VP A.3.2.2 (OID4VP 1.0 Final; metin/OID4VP.txt:2572): "allows the Verifier to use multiple Client Identifiers and corresponding key material to protect the same request" | [T314] RFC7515 §5.2 (RFC 7515; metin/RFC7515.txt:810): "When there are multiple JWS Signature values, it is an application decision which of the JWS Signature values must successfully validate for the JWS to be accepted."	insa: ML-DSA-65=geçerli, ES256=geçerli || mevcut imzaların tümü geçerli; aralarında PQ imza var, kabul PQ doğrulamasını içerir || cüzdan tarafı (Adım 11); yapılandırma "cüzdan imzaları doğrular" varsayar || x509_hash: imza ve yaprak zinciri doğrulanır (inşa gereği hash ve zincir tutarlı) || A.3.2.2: hangi imzaların doğrulanacağı cüzdanın güven çerçevesi politikasına bırakılmış
VP05_GJ_ES256_MLDSA65_kb-SIRA-ters	L4	tedavi-ML-DSA-65	ikincil	MR4-dışı tanımlayıcı(VP05_GJ_ES256_MLDSA65_kb)	indeterminate	ÖK §6.5 (ON-KAYIT v0.8 (capa 7); 00-on-kayit/ON-KAYIT-TASLAK.md:1054): "İhraççı başına gerekli küme R = {X}, izinli küme {A, X}." | [T328] JWTBCP §3.1 (draft-ietf-oauth-rfc8725bis-10; metin/JWTBCP.txt:482): "it MUST determine which algorithms are permitted for itself and that issuer and ensure that the received JWT complies with those requirements" | ÖK §4.7 G5 (ON-KAYIT v0.8 (capa 7); 00-on-kayit/ON-KAYIT-TASLAK.md:767): "Göç etmiş bir varlık, ilan ettiği eski-sürüm penceresi dışında yalnız klasik kanıtla kabul edilemez." | [T219] HAIP §6.1.1.1 (HAIP 1.0 Final; metin/HAIP.txt:494): "If the credential has cryptographic holder binding, a KB-JWT, as defined in [I-D.ietf-oauth-sd-jwt-vc], MUST always be present when presenting an SD-JWT VC." | RFC9901 §8.1 (RFC 9901; metin/RFC9901.txt:1905): "the SD-JWT Compact Serialization part is built by concatenating the protected header, the payload, and the signature of the JWS JSON serialized SD-JWT" | RFC9901 §7.3 (RFC 9901; metin/RFC9901.txt:1868): "verify that it matches the value of the sd_hash claim in the Key Binding JWT" | ÖK §2D m.4 (ON-KAYIT v0.8 (capa 7); 00-on-kayit/ON-KAYIT-TASLAK.md:412): "General JSON serileştirmede birden çok imza varsa `sd_hash`'in hangi imzayı bağladığı tanımsızdır." | ÖK §4.13 L4 (ON-KAYIT v0.8 (capa 7); 00-on-kayit/ON-KAYIT-TASLAK.md:844): "Yapılandırılmış hâlde K1 KABUL, K2 RED, K3 RED (§6.5)"	insa: ML-DSA-65=geçerli, ES256=geçerli || General JSON + birden çok ihraççı imzası: sd_hash için geçici compact biçimin hangi imzayla kurulacağı tanımsız (insa: sd_hash_imza_sirasi=1, 0-tabanlı) || imza düzeyi: accept-hybrid (R={ML-DSA-65} geçerli imzayla karşılandı; W içindeki imzalar geçerli || JSON serileştirme isteğe bağlı: destekleyen hedef için karar; desteklemeyen hedefte B6 (uygulanamaz) [RFC9901 §8; T114 SDJWTVC13 §3.2; T115 HAIP §6.1; ÖK §4.13 B6] || KB-JWT gerekli; KB alg=ES256 (P-L4 ihraççı politikası KB algoritmasını kısıtlamaz; etiket ihraççı imzasına göredir))
VP05_GJ_ES256_MLDSA65_kb-SIRA-ters	L4-S	tedavi-ML-DSA-65	ikincil	MR4-dışı tanımlayıcı(VP05_GJ_ES256_MLDSA65_kb)	indeterminate	ÖK §6.5 (ON-KAYIT v0.8 (capa 7); 00-on-kayit/ON-KAYIT-TASLAK.md:1054): "İhraççı başına gerekli küme R = {X}, izinli küme {A, X}." | [T328] JWTBCP §3.1 (draft-ietf-oauth-rfc8725bis-10; metin/JWTBCP.txt:482): "it MUST determine which algorithms are permitted for itself and that issuer and ensure that the received JWT complies with those requirements" | ÖK §4.7 G5 (ON-KAYIT v0.8 (capa 7); 00-on-kayit/ON-KAYIT-TASLAK.md:767): "Göç etmiş bir varlık, ilan ettiği eski-sürüm penceresi dışında yalnız klasik kanıtla kabul edilemez." | [T219] HAIP §6.1.1.1 (HAIP 1.0 Final; metin/HAIP.txt:494): "If the credential has cryptographic holder binding, a KB-JWT, as defined in [I-D.ietf-oauth-sd-jwt-vc], MUST always be present when presenting an SD-JWT VC." | RFC9901 §8.1 (RFC 9901; metin/RFC9901.txt:1905): "the SD-JWT Compact Serialization part is built by concatenating the protected header, the payload, and the signature of the JWS JSON serialized SD-JWT" | RFC9901 §7.3 (RFC 9901; metin/RFC9901.txt:1868): "verify that it matches the value of the sd_hash claim in the Key Binding JWT" | ÖK §2D m.4 (ON-KAYIT v0.8 (capa 7); 00-on-kayit/ON-KAYIT-TASLAK.md:412): "General JSON serileştirmede birden çok imza varsa `sd_hash`'in hangi imzayı bağladığı tanımsızdır." | ÖK §4.8 P3 (ON-KAYIT v0.8 (capa 7); 00-on-kayit/ON-KAYIT-TASLAK.md:778): "P2 + ihraççı başına gerekli küme R_I"	insa: ML-DSA-65=geçerli, ES256=geçerli || General JSON + birden çok ihraççı imzası: sd_hash için geçici compact biçimin hangi imzayla kurulacağı tanımsız (insa: sd_hash_imza_sirasi=1, 0-tabanlı) || imza düzeyi: accept-hybrid (R={ML-DSA-65} geçerli imzayla karşılandı; W içindeki imzalar geçerli || JSON serileştirme isteğe bağlı: destekleyen hedef için karar; desteklemeyen hedefte B6 (uygulanamaz) [RFC9901 §8; T114 SDJWTVC13 §3.2; T115 HAIP §6.1; ÖK §4.13 B6] || KB-JWT gerekli; KB alg=ES256 (P-L4 ihraççı politikası KB algoritmasını kısıtlamaz; etiket ihraççı imzasına göredir))
VP05_GJ_ES256_MLDSA65_kb-SIRA-ters	L4-Y	tedavi-ML-DSA-65	ikincil	MR4-dışı tanımlayıcı(VP05_GJ_ES256_MLDSA65_kb)	indeterminate	ÖK §6.5 (ON-KAYIT v0.8 (capa 7); 00-on-kayit/ON-KAYIT-TASLAK.md:1054): "İhraççı başına gerekli küme R = {X}, izinli küme {A, X}." | [T328] JWTBCP §3.1 (draft-ietf-oauth-rfc8725bis-10; metin/JWTBCP.txt:482): "it MUST determine which algorithms are permitted for itself and that issuer and ensure that the received JWT complies with those requirements" | ÖK §4.7 G5 (ON-KAYIT v0.8 (capa 7); 00-on-kayit/ON-KAYIT-TASLAK.md:767): "Göç etmiş bir varlık, ilan ettiği eski-sürüm penceresi dışında yalnız klasik kanıtla kabul edilemez." | [T219] HAIP §6.1.1.1 (HAIP 1.0 Final; metin/HAIP.txt:494): "If the credential has cryptographic holder binding, a KB-JWT, as defined in [I-D.ietf-oauth-sd-jwt-vc], MUST always be present when presenting an SD-JWT VC." | RFC9901 §8.1 (RFC 9901; metin/RFC9901.txt:1905): "the SD-JWT Compact Serialization part is built by concatenating the protected header, the payload, and the signature of the JWS JSON serialized SD-JWT" | RFC9901 §7.3 (RFC 9901; metin/RFC9901.txt:1868): "verify that it matches the value of the sd_hash claim in the Key Binding JWT" | ÖK §2D m.4 (ON-KAYIT v0.8 (capa 7); 00-on-kayit/ON-KAYIT-TASLAK.md:412): "General JSON serileştirmede birden çok imza varsa `sd_hash`'in hangi imzayı bağladığı tanımsızdır." | [T314] RFC7515 §5.2 (RFC 7515; metin/RFC7515.txt:810): "When there are multiple JWS Signature values, it is an application decision which of the JWS Signature values must successfully validate for the JWS to be accepted."	insa: ML-DSA-65=geçerli, ES256=geçerli || General JSON + birden çok ihraççı imzası: sd_hash için geçici compact biçimin hangi imzayla kurulacağı tanımsız (insa: sd_hash_imza_sirasi=1, 0-tabanlı) || imza düzeyi: accept-hybrid (R={ML-DSA-65} geçerli imzayla karşılandı; W içindeki imzalar geçerli || JSON serileştirme isteğe bağlı: destekleyen hedef için karar; desteklemeyen hedefte B6 (uygulanamaz) [RFC9901 §8; T114 SDJWTVC13 §3.2; T115 HAIP §6.1; ÖK §4.13 B6] || KB-JWT gerekli; KB alg=ES256 (P-L4 ihraççı politikası KB algoritmasını kısıtlamaz; etiket ihraççı imzasına göredir))
VP05_GJ_ES256_MLDSA65_kb-SIRA-ters	P0	tedavi-ML-DSA-65	ikincil	MR4-dışı tanımlayıcı(VP05_GJ_ES256_MLDSA65_kb)	indeterminate	ÖK §4.8 P0 (ON-KAYIT v0.8 (capa 7); 00-on-kayit/ON-KAYIT-TASLAK.md:775): "En az bir imza geçerliyse kabul" | [T314] RFC7515 §5.2 (RFC 7515; metin/RFC7515.txt:810): "When there are multiple JWS Signature values, it is an application decision which of the JWS Signature values must successfully validate for the JWS to be accepted." | [T219] HAIP §6.1.1.1 (HAIP 1.0 Final; metin/HAIP.txt:494): "If the credential has cryptographic holder binding, a KB-JWT, as defined in [I-D.ietf-oauth-sd-jwt-vc], MUST always be present when presenting an SD-JWT VC." | RFC9901 §8.1 (RFC 9901; metin/RFC9901.txt:1905): "the SD-JWT Compact Serialization part is built by concatenating the protected header, the payload, and the signature of the JWS JSON serialized SD-JWT" | RFC9901 §7.3 (RFC 9901; metin/RFC9901.txt:1868): "verify that it matches the value of the sd_hash claim in the Key Binding JWT" | ÖK §2D m.4 (ON-KAYIT v0.8 (capa 7); 00-on-kayit/ON-KAYIT-TASLAK.md:412): "General JSON serileştirmede birden çok imza varsa `sd_hash`'in hangi imzayı bağladığı tanımsızdır."	insa: ML-DSA-65=geçerli, ES256=geçerli || General JSON + birden çok ihraççı imzası: sd_hash için geçici compact biçimin hangi imzayla kurulacağı tanımsız (insa: sd_hash_imza_sirasi=1, 0-tabanlı) || imza düzeyi: accept-classical (en az bir geçerli imza var; kabul için klasik ES256 yeterli || JSON serileştirme isteğe bağlı: destekleyen hedef için karar; desteklemeyen hedefte B6 (uygulanamaz) [RFC9901 §8; T114 SDJWTVC13 §3.2; T115 HAIP §6.1; ÖK §4.13 B6] || KB-JWT gerekli; KB alg=ES256 (P-L4 ihraççı politikası KB algoritmasını kısıtlamaz; etiket ihraççı imzasına göredir))
VP05_GJ_ES256_MLDSA65_kb-SIRA-ters	P1	tedavi-ML-DSA-65	ikincil	MR4-dışı tanımlayıcı(VP05_GJ_ES256_MLDSA65_kb)	indeterminate	ÖK §4.8 P1 (ON-KAYIT v0.8 (capa 7); 00-on-kayit/ON-KAYIT-TASLAK.md:776): "Mevcut imzaların tümü geçerliyse kabul. İmza silinmesi (soyma) fark edilmez" | [T135] ACM2 Note 51 (ECCG ACM v2.0; metin/ACM2.txt:946): "the veriﬁcation function accepting if and only if all signatures are correct" | [T219] HAIP §6.1.1.1 (HAIP 1.0 Final; metin/HAIP.txt:494): "If the credential has cryptographic holder binding, a KB-JWT, as defined in [I-D.ietf-oauth-sd-jwt-vc], MUST always be present when presenting an SD-JWT VC." | RFC9901 §8.1 (RFC 9901; metin/RFC9901.txt:1905): "the SD-JWT Compact Serialization part is built by concatenating the protected header, the payload, and the signature of the JWS JSON serialized SD-JWT" | RFC9901 §7.3 (RFC 9901; metin/RFC9901.txt:1868): "verify that it matches the value of the sd_hash claim in the Key Binding JWT" | ÖK §2D m.4 (ON-KAYIT v0.8 (capa 7); 00-on-kayit/ON-KAYIT-TASLAK.md:412): "General JSON serileştirmede birden çok imza varsa `sd_hash`'in hangi imzayı bağladığı tanımsızdır."	insa: ML-DSA-65=geçerli, ES256=geçerli || General JSON + birden çok ihraççı imzası: sd_hash için geçici compact biçimin hangi imzayla kurulacağı tanımsız (insa: sd_hash_imza_sirasi=1, 0-tabanlı) || imza düzeyi: accept-hybrid (mevcut imzaların tümü geçerli; aralarında PQ imza var, kabul PQ doğrulamasını içerir || JSON serileştirme isteğe bağlı: destekleyen hedef için karar; desteklemeyen hedefte B6 (uygulanamaz) [RFC9901 §8; T114 SDJWTVC13 §3.2; T115 HAIP §6.1; ÖK §4.13 B6] || KB-JWT gerekli; KB alg=ES256 (P-L4 ihraççı politikası KB algoritmasını kısıtlamaz; etiket ihraççı imzasına göredir))
T7K_plus_kayitsiz	L4	kontrol-EdDSA	birincil	K5;MR2	indeterminate	ÖK §6.5 K5 (ON-KAYIT v0.8 (capa 7); 00-on-kayit/ON-KAYIT-TASLAK.md:1062): "K1 + tanınmayan algoritmalı üçüncü imza | Politikaya göre (MR2); bayrak B1" | ÖK §4.20 MR2 (ON-KAYIT v0.8 (capa 7); 00-on-kayit/ON-KAYIT-TASLAK.md:944): "MR2: Bilinmeyen alg eklemenin etkisi politikaya göre öngörülebilir olmalı." | [T314] RFC7515 §5.2 (RFC 7515; metin/RFC7515.txt:810): "When there are multiple JWS Signature values, it is an application decision which of the JWS Signature values must successfully validate for the JWS to be accepted." | [T316] RFC7515 §5.2 (RFC 7515; metin/RFC7515.txt:894): "unless the algorithm(s) used in the JWS are acceptable to the application, it SHOULD consider the JWS to be invalid" | ÖK §6.5 (ON-KAYIT v0.8 (capa 7); 00-on-kayit/ON-KAYIT-TASLAK.md:1054): "İhraççı başına gerekli küme R = {X}, izinli küme {A, X}." | ÖK §4.13 L4 (ON-KAYIT v0.8 (capa 7); 00-on-kayit/ON-KAYIT-TASLAK.md:844): "Yapılandırılmış hâlde K1 KABUL, K2 RED, K3 RED (§6.5)"	insa: ES256=geçerli, EdDSA=geçerli, X-KAYITSIZ-1=geçersiz || ÖK §6.5 K5 "politikaya göre": S → reject, Y → accept-classical (W dışı ek imza: X-KAYITSIZ-1)
T7K_plus_kayitsiz	L4-S	kontrol-EdDSA	birincil	K5;MR2	reject	ÖK §6.5 (ON-KAYIT v0.8 (capa 7); 00-on-kayit/ON-KAYIT-TASLAK.md:1054): "İhraççı başına gerekli küme R = {X}, izinli küme {A, X}." | [T328] JWTBCP §3.1 (draft-ietf-oauth-rfc8725bis-10; metin/JWTBCP.txt:482): "it MUST determine which algorithms are permitted for itself and that issuer and ensure that the received JWT complies with those requirements" | ÖK §4.7 G5 (ON-KAYIT v0.8 (capa 7); 00-on-kayit/ON-KAYIT-TASLAK.md:767): "Göç etmiş bir varlık, ilan ettiği eski-sürüm penceresi dışında yalnız klasik kanıtla kabul edilemez." | ÖK §4.8 P3 (ON-KAYIT v0.8 (capa 7); 00-on-kayit/ON-KAYIT-TASLAK.md:778): "P2 + ihraççı başına gerekli küme R_I" | ÖK §4.8 P1 (ON-KAYIT v0.8 (capa 7); 00-on-kayit/ON-KAYIT-TASLAK.md:776): "Mevcut imzaların tümü geçerliyse kabul. İmza silinmesi (soyma) fark edilmez" | [T135] ACM2 Note 51 (ECCG ACM v2.0; metin/ACM2.txt:946): "the veriﬁcation function accepting if and only if all signatures are correct" | [T316] RFC7515 §5.2 (RFC 7515; metin/RFC7515.txt:894): "unless the algorithm(s) used in the JWS are acceptable to the application, it SHOULD consider the JWS to be invalid" | [T327] JWTBCP §3.1 (draft-ietf-oauth-rfc8725bis-10; metin/JWTBCP.txt:464): "MUST NOT employ any algorithms outside this configured set" | ÖK §6.5 K5 (ON-KAYIT v0.8 (capa 7); 00-on-kayit/ON-KAYIT-TASLAK.md:1062): "K1 + tanınmayan algoritmalı üçüncü imza | Politikaya göre (MR2); bayrak B1"	insa: ES256=geçerli, EdDSA=geçerli, X-KAYITSIZ-1=geçersiz || S: W dışı imza var (X-KAYITSIZ-1) → mevcut-tümü-geçerli koşulu sağlanmaz
T7K_plus_kayitsiz	L4-Y	kontrol-EdDSA	birincil	K5;MR2	accept-classical	ÖK §6.5 (ON-KAYIT v0.8 (capa 7); 00-on-kayit/ON-KAYIT-TASLAK.md:1054): "İhraççı başına gerekli küme R = {X}, izinli küme {A, X}." | [T328] JWTBCP §3.1 (draft-ietf-oauth-rfc8725bis-10; metin/JWTBCP.txt:482): "it MUST determine which algorithms are permitted for itself and that issuer and ensure that the received JWT complies with those requirements" | ÖK §4.7 G5 (ON-KAYIT v0.8 (capa 7); 00-on-kayit/ON-KAYIT-TASLAK.md:767): "Göç etmiş bir varlık, ilan ettiği eski-sürüm penceresi dışında yalnız klasik kanıtla kabul edilemez." | [T314] RFC7515 §5.2 (RFC 7515; metin/RFC7515.txt:810): "When there are multiple JWS Signature values, it is an application decision which of the JWS Signature values must successfully validate for the JWS to be accepted." | [T327] JWTBCP §3.1 (draft-ietf-oauth-rfc8725bis-10; metin/JWTBCP.txt:464): "MUST NOT employ any algorithms outside this configured set" | ÖK §6.5 K5 (ON-KAYIT v0.8 (capa 7); 00-on-kayit/ON-KAYIT-TASLAK.md:1062): "K1 + tanınmayan algoritmalı üçüncü imza | Politikaya göre (MR2); bayrak B1"	insa: ES256=geçerli, EdDSA=geçerli, X-KAYITSIZ-1=geçersiz || R={EdDSA} geçerli imzayla karşılandı; W içindeki imzalar geçerli; Y: W dışı ek imza(lar) yok sayıldı (X-KAYITSIZ-1); kontrol kolu: X klasik
T7K_plus_kayitsiz	P0	kontrol-EdDSA	birincil	K5;MR2	accept-classical	ÖK §4.8 P0 (ON-KAYIT v0.8 (capa 7); 00-on-kayit/ON-KAYIT-TASLAK.md:775): "En az bir imza geçerliyse kabul" | [T314] RFC7515 §5.2 (RFC 7515; metin/RFC7515.txt:810): "When there are multiple JWS Signature values, it is an application decision which of the JWS Signature values must successfully validate for the JWS to be accepted."	insa: ES256=geçerli, EdDSA=geçerli, X-KAYITSIZ-1=geçersiz || en az bir geçerli imza var; kabul için klasik ES256 yeterli
T7K_plus_kayitsiz	P1	kontrol-EdDSA	birincil	K5;MR2	reject	ÖK §4.8 P1 (ON-KAYIT v0.8 (capa 7); 00-on-kayit/ON-KAYIT-TASLAK.md:776): "Mevcut imzaların tümü geçerliyse kabul. İmza silinmesi (soyma) fark edilmez" | [T319] RFC7515 §4.1.1 (RFC 7515; metin/RFC7515.txt:508): "The JWS Signature value is not valid if the "alg" value does not represent a supported algorithm"	insa: ES256=geçerli, EdDSA=geçerli, X-KAYITSIZ-1=geçersiz || mevcut imzaların tümü geçerli değil: X-KAYITSIZ-1: alg "X-KAYITSIZ-1" kayıtsız/desteklenmeyen
T7K_plus_kayitsiz-ED25519	L4	kontrol-Ed25519	birincil	K5;MR2	indeterminate	ÖK §6.5 K5 (ON-KAYIT v0.8 (capa 7); 00-on-kayit/ON-KAYIT-TASLAK.md:1062): "K1 + tanınmayan algoritmalı üçüncü imza | Politikaya göre (MR2); bayrak B1" | ÖK §4.20 MR2 (ON-KAYIT v0.8 (capa 7); 00-on-kayit/ON-KAYIT-TASLAK.md:944): "MR2: Bilinmeyen alg eklemenin etkisi politikaya göre öngörülebilir olmalı." | [T314] RFC7515 §5.2 (RFC 7515; metin/RFC7515.txt:810): "When there are multiple JWS Signature values, it is an application decision which of the JWS Signature values must successfully validate for the JWS to be accepted." | [T316] RFC7515 §5.2 (RFC 7515; metin/RFC7515.txt:894): "unless the algorithm(s) used in the JWS are acceptable to the application, it SHOULD consider the JWS to be invalid" | ÖK §6.5 (ON-KAYIT v0.8 (capa 7); 00-on-kayit/ON-KAYIT-TASLAK.md:1054): "İhraççı başına gerekli küme R = {X}, izinli küme {A, X}." | ÖK §4.13 L4 (ON-KAYIT v0.8 (capa 7); 00-on-kayit/ON-KAYIT-TASLAK.md:844): "Yapılandırılmış hâlde K1 KABUL, K2 RED, K3 RED (§6.5)"	insa: ES256=geçerli, Ed25519=geçerli, X-KAYITSIZ-1=geçersiz || ÖK §6.5 K5 "politikaya göre": S → reject, Y → accept-classical (W dışı ek imza: X-KAYITSIZ-1)
T7K_plus_kayitsiz-ED25519	L4-S	kontrol-Ed25519	birincil	K5;MR2	reject	ÖK §6.5 (ON-KAYIT v0.8 (capa 7); 00-on-kayit/ON-KAYIT-TASLAK.md:1054): "İhraççı başına gerekli küme R = {X}, izinli küme {A, X}." | [T328] JWTBCP §3.1 (draft-ietf-oauth-rfc8725bis-10; metin/JWTBCP.txt:482): "it MUST determine which algorithms are permitted for itself and that issuer and ensure that the received JWT complies with those requirements" | ÖK §4.7 G5 (ON-KAYIT v0.8 (capa 7); 00-on-kayit/ON-KAYIT-TASLAK.md:767): "Göç etmiş bir varlık, ilan ettiği eski-sürüm penceresi dışında yalnız klasik kanıtla kabul edilemez." | ÖK §4.8 P3 (ON-KAYIT v0.8 (capa 7); 00-on-kayit/ON-KAYIT-TASLAK.md:778): "P2 + ihraççı başına gerekli küme R_I" | ÖK §4.8 P1 (ON-KAYIT v0.8 (capa 7); 00-on-kayit/ON-KAYIT-TASLAK.md:776): "Mevcut imzaların tümü geçerliyse kabul. İmza silinmesi (soyma) fark edilmez" | [T135] ACM2 Note 51 (ECCG ACM v2.0; metin/ACM2.txt:946): "the veriﬁcation function accepting if and only if all signatures are correct" | [T316] RFC7515 §5.2 (RFC 7515; metin/RFC7515.txt:894): "unless the algorithm(s) used in the JWS are acceptable to the application, it SHOULD consider the JWS to be invalid" | [T327] JWTBCP §3.1 (draft-ietf-oauth-rfc8725bis-10; metin/JWTBCP.txt:464): "MUST NOT employ any algorithms outside this configured set" | ÖK §6.5 K5 (ON-KAYIT v0.8 (capa 7); 00-on-kayit/ON-KAYIT-TASLAK.md:1062): "K1 + tanınmayan algoritmalı üçüncü imza | Politikaya göre (MR2); bayrak B1"	insa: ES256=geçerli, Ed25519=geçerli, X-KAYITSIZ-1=geçersiz || S: W dışı imza var (X-KAYITSIZ-1) → mevcut-tümü-geçerli koşulu sağlanmaz
T7K_plus_kayitsiz-ED25519	L4-Y	kontrol-Ed25519	birincil	K5;MR2	accept-classical	ÖK §6.5 (ON-KAYIT v0.8 (capa 7); 00-on-kayit/ON-KAYIT-TASLAK.md:1054): "İhraççı başına gerekli küme R = {X}, izinli küme {A, X}." | [T328] JWTBCP §3.1 (draft-ietf-oauth-rfc8725bis-10; metin/JWTBCP.txt:482): "it MUST determine which algorithms are permitted for itself and that issuer and ensure that the received JWT complies with those requirements" | ÖK §4.7 G5 (ON-KAYIT v0.8 (capa 7); 00-on-kayit/ON-KAYIT-TASLAK.md:767): "Göç etmiş bir varlık, ilan ettiği eski-sürüm penceresi dışında yalnız klasik kanıtla kabul edilemez." | [T314] RFC7515 §5.2 (RFC 7515; metin/RFC7515.txt:810): "When there are multiple JWS Signature values, it is an application decision which of the JWS Signature values must successfully validate for the JWS to be accepted." | [T327] JWTBCP §3.1 (draft-ietf-oauth-rfc8725bis-10; metin/JWTBCP.txt:464): "MUST NOT employ any algorithms outside this configured set" | ÖK §6.5 K5 (ON-KAYIT v0.8 (capa 7); 00-on-kayit/ON-KAYIT-TASLAK.md:1062): "K1 + tanınmayan algoritmalı üçüncü imza | Politikaya göre (MR2); bayrak B1"	insa: ES256=geçerli, Ed25519=geçerli, X-KAYITSIZ-1=geçersiz || R={Ed25519} geçerli imzayla karşılandı; W içindeki imzalar geçerli; Y: W dışı ek imza(lar) yok sayıldı (X-KAYITSIZ-1); kontrol kolu: X klasik
T7K_plus_kayitsiz-ED25519	P0	kontrol-Ed25519	birincil	K5;MR2	accept-classical	ÖK §4.8 P0 (ON-KAYIT v0.8 (capa 7); 00-on-kayit/ON-KAYIT-TASLAK.md:775): "En az bir imza geçerliyse kabul" | [T314] RFC7515 §5.2 (RFC 7515; metin/RFC7515.txt:810): "When there are multiple JWS Signature values, it is an application decision which of the JWS Signature values must successfully validate for the JWS to be accepted."	insa: ES256=geçerli, Ed25519=geçerli, X-KAYITSIZ-1=geçersiz || en az bir geçerli imza var; kabul için klasik ES256 yeterli
T7K_plus_kayitsiz-ED25519	P1	kontrol-Ed25519	birincil	K5;MR2	reject	ÖK §4.8 P1 (ON-KAYIT v0.8 (capa 7); 00-on-kayit/ON-KAYIT-TASLAK.md:776): "Mevcut imzaların tümü geçerliyse kabul. İmza silinmesi (soyma) fark edilmez" | [T319] RFC7515 §4.1.1 (RFC 7515; metin/RFC7515.txt:508): "The JWS Signature value is not valid if the "alg" value does not represent a supported algorithm"	insa: ES256=geçerli, Ed25519=geçerli, X-KAYITSIZ-1=geçersiz || mevcut imzaların tümü geçerli değil: X-KAYITSIZ-1: alg "X-KAYITSIZ-1" kayıtsız/desteklenmeyen
T7K_plus_kayitsiz-SIRA-kayitsiz-once	L4	kontrol-EdDSA	ikincil	MR4(T7K_plus_kayitsiz)	indeterminate	ÖK §6.5 K5 (ON-KAYIT v0.8 (capa 7); 00-on-kayit/ON-KAYIT-TASLAK.md:1062): "K1 + tanınmayan algoritmalı üçüncü imza | Politikaya göre (MR2); bayrak B1" | ÖK §4.20 MR2 (ON-KAYIT v0.8 (capa 7); 00-on-kayit/ON-KAYIT-TASLAK.md:944): "MR2: Bilinmeyen alg eklemenin etkisi politikaya göre öngörülebilir olmalı." | [T314] RFC7515 §5.2 (RFC 7515; metin/RFC7515.txt:810): "When there are multiple JWS Signature values, it is an application decision which of the JWS Signature values must successfully validate for the JWS to be accepted." | [T316] RFC7515 §5.2 (RFC 7515; metin/RFC7515.txt:894): "unless the algorithm(s) used in the JWS are acceptable to the application, it SHOULD consider the JWS to be invalid" | ÖK §6.5 (ON-KAYIT v0.8 (capa 7); 00-on-kayit/ON-KAYIT-TASLAK.md:1054): "İhraççı başına gerekli küme R = {X}, izinli küme {A, X}." | ÖK §4.13 L4 (ON-KAYIT v0.8 (capa 7); 00-on-kayit/ON-KAYIT-TASLAK.md:844): "Yapılandırılmış hâlde K1 KABUL, K2 RED, K3 RED (§6.5)"	insa: X-KAYITSIZ-1=geçersiz, ES256=geçerli, EdDSA=geçerli || ÖK §6.5 K5 "politikaya göre": S → reject, Y → accept-classical (W dışı ek imza: X-KAYITSIZ-1)
T7K_plus_kayitsiz-SIRA-kayitsiz-once	L4-S	kontrol-EdDSA	ikincil	MR4(T7K_plus_kayitsiz)	reject	ÖK §6.5 (ON-KAYIT v0.8 (capa 7); 00-on-kayit/ON-KAYIT-TASLAK.md:1054): "İhraççı başına gerekli küme R = {X}, izinli küme {A, X}." | [T328] JWTBCP §3.1 (draft-ietf-oauth-rfc8725bis-10; metin/JWTBCP.txt:482): "it MUST determine which algorithms are permitted for itself and that issuer and ensure that the received JWT complies with those requirements" | ÖK §4.7 G5 (ON-KAYIT v0.8 (capa 7); 00-on-kayit/ON-KAYIT-TASLAK.md:767): "Göç etmiş bir varlık, ilan ettiği eski-sürüm penceresi dışında yalnız klasik kanıtla kabul edilemez." | ÖK §4.8 P3 (ON-KAYIT v0.8 (capa 7); 00-on-kayit/ON-KAYIT-TASLAK.md:778): "P2 + ihraççı başına gerekli küme R_I" | ÖK §4.8 P1 (ON-KAYIT v0.8 (capa 7); 00-on-kayit/ON-KAYIT-TASLAK.md:776): "Mevcut imzaların tümü geçerliyse kabul. İmza silinmesi (soyma) fark edilmez" | [T135] ACM2 Note 51 (ECCG ACM v2.0; metin/ACM2.txt:946): "the veriﬁcation function accepting if and only if all signatures are correct" | [T316] RFC7515 §5.2 (RFC 7515; metin/RFC7515.txt:894): "unless the algorithm(s) used in the JWS are acceptable to the application, it SHOULD consider the JWS to be invalid" | [T327] JWTBCP §3.1 (draft-ietf-oauth-rfc8725bis-10; metin/JWTBCP.txt:464): "MUST NOT employ any algorithms outside this configured set"	insa: X-KAYITSIZ-1=geçersiz, ES256=geçerli, EdDSA=geçerli || S: W dışı imza var (X-KAYITSIZ-1) → mevcut-tümü-geçerli koşulu sağlanmaz
T7K_plus_kayitsiz-SIRA-kayitsiz-once	L4-Y	kontrol-EdDSA	ikincil	MR4(T7K_plus_kayitsiz)	accept-classical	ÖK §6.5 (ON-KAYIT v0.8 (capa 7); 00-on-kayit/ON-KAYIT-TASLAK.md:1054): "İhraççı başına gerekli küme R = {X}, izinli küme {A, X}." | [T328] JWTBCP §3.1 (draft-ietf-oauth-rfc8725bis-10; metin/JWTBCP.txt:482): "it MUST determine which algorithms are permitted for itself and that issuer and ensure that the received JWT complies with those requirements" | ÖK §4.7 G5 (ON-KAYIT v0.8 (capa 7); 00-on-kayit/ON-KAYIT-TASLAK.md:767): "Göç etmiş bir varlık, ilan ettiği eski-sürüm penceresi dışında yalnız klasik kanıtla kabul edilemez." | [T314] RFC7515 §5.2 (RFC 7515; metin/RFC7515.txt:810): "When there are multiple JWS Signature values, it is an application decision which of the JWS Signature values must successfully validate for the JWS to be accepted." | [T327] JWTBCP §3.1 (draft-ietf-oauth-rfc8725bis-10; metin/JWTBCP.txt:464): "MUST NOT employ any algorithms outside this configured set"	insa: X-KAYITSIZ-1=geçersiz, ES256=geçerli, EdDSA=geçerli || R={EdDSA} geçerli imzayla karşılandı; W içindeki imzalar geçerli; Y: W dışı ek imza(lar) yok sayıldı (X-KAYITSIZ-1); kontrol kolu: X klasik
T7K_plus_kayitsiz-SIRA-kayitsiz-once	P0	kontrol-EdDSA	ikincil	MR4(T7K_plus_kayitsiz)	accept-classical	ÖK §4.8 P0 (ON-KAYIT v0.8 (capa 7); 00-on-kayit/ON-KAYIT-TASLAK.md:775): "En az bir imza geçerliyse kabul" | [T314] RFC7515 §5.2 (RFC 7515; metin/RFC7515.txt:810): "When there are multiple JWS Signature values, it is an application decision which of the JWS Signature values must successfully validate for the JWS to be accepted."	insa: X-KAYITSIZ-1=geçersiz, ES256=geçerli, EdDSA=geçerli || en az bir geçerli imza var; kabul için klasik ES256 yeterli
T7K_plus_kayitsiz-SIRA-kayitsiz-once	P1	kontrol-EdDSA	ikincil	MR4(T7K_plus_kayitsiz)	reject	ÖK §4.8 P1 (ON-KAYIT v0.8 (capa 7); 00-on-kayit/ON-KAYIT-TASLAK.md:776): "Mevcut imzaların tümü geçerliyse kabul. İmza silinmesi (soyma) fark edilmez" | [T319] RFC7515 §4.1.1 (RFC 7515; metin/RFC7515.txt:508): "The JWS Signature value is not valid if the "alg" value does not represent a supported algorithm"	insa: X-KAYITSIZ-1=geçersiz, ES256=geçerli, EdDSA=geçerli || mevcut imzaların tümü geçerli değil: X-KAYITSIZ-1: alg "X-KAYITSIZ-1" kayıtsız/desteklenmeyen
T7K_plus_kayitsiz-SIRA-kayitsiz-once-ED25519	L4	kontrol-Ed25519	ikincil	MR4(T7K_plus_kayitsiz-ED25519)	indeterminate	ÖK §6.5 K5 (ON-KAYIT v0.8 (capa 7); 00-on-kayit/ON-KAYIT-TASLAK.md:1062): "K1 + tanınmayan algoritmalı üçüncü imza | Politikaya göre (MR2); bayrak B1" | ÖK §4.20 MR2 (ON-KAYIT v0.8 (capa 7); 00-on-kayit/ON-KAYIT-TASLAK.md:944): "MR2: Bilinmeyen alg eklemenin etkisi politikaya göre öngörülebilir olmalı." | [T314] RFC7515 §5.2 (RFC 7515; metin/RFC7515.txt:810): "When there are multiple JWS Signature values, it is an application decision which of the JWS Signature values must successfully validate for the JWS to be accepted." | [T316] RFC7515 §5.2 (RFC 7515; metin/RFC7515.txt:894): "unless the algorithm(s) used in the JWS are acceptable to the application, it SHOULD consider the JWS to be invalid" | ÖK §6.5 (ON-KAYIT v0.8 (capa 7); 00-on-kayit/ON-KAYIT-TASLAK.md:1054): "İhraççı başına gerekli küme R = {X}, izinli küme {A, X}." | ÖK §4.13 L4 (ON-KAYIT v0.8 (capa 7); 00-on-kayit/ON-KAYIT-TASLAK.md:844): "Yapılandırılmış hâlde K1 KABUL, K2 RED, K3 RED (§6.5)"	insa: X-KAYITSIZ-1=geçersiz, ES256=geçerli, Ed25519=geçerli || ÖK §6.5 K5 "politikaya göre": S → reject, Y → accept-classical (W dışı ek imza: X-KAYITSIZ-1)
T7K_plus_kayitsiz-SIRA-kayitsiz-once-ED25519	L4-S	kontrol-Ed25519	ikincil	MR4(T7K_plus_kayitsiz-ED25519)	reject	ÖK §6.5 (ON-KAYIT v0.8 (capa 7); 00-on-kayit/ON-KAYIT-TASLAK.md:1054): "İhraççı başına gerekli küme R = {X}, izinli küme {A, X}." | [T328] JWTBCP §3.1 (draft-ietf-oauth-rfc8725bis-10; metin/JWTBCP.txt:482): "it MUST determine which algorithms are permitted for itself and that issuer and ensure that the received JWT complies with those requirements" | ÖK §4.7 G5 (ON-KAYIT v0.8 (capa 7); 00-on-kayit/ON-KAYIT-TASLAK.md:767): "Göç etmiş bir varlık, ilan ettiği eski-sürüm penceresi dışında yalnız klasik kanıtla kabul edilemez." | ÖK §4.8 P3 (ON-KAYIT v0.8 (capa 7); 00-on-kayit/ON-KAYIT-TASLAK.md:778): "P2 + ihraççı başına gerekli küme R_I" | ÖK §4.8 P1 (ON-KAYIT v0.8 (capa 7); 00-on-kayit/ON-KAYIT-TASLAK.md:776): "Mevcut imzaların tümü geçerliyse kabul. İmza silinmesi (soyma) fark edilmez" | [T135] ACM2 Note 51 (ECCG ACM v2.0; metin/ACM2.txt:946): "the veriﬁcation function accepting if and only if all signatures are correct" | [T316] RFC7515 §5.2 (RFC 7515; metin/RFC7515.txt:894): "unless the algorithm(s) used in the JWS are acceptable to the application, it SHOULD consider the JWS to be invalid" | [T327] JWTBCP §3.1 (draft-ietf-oauth-rfc8725bis-10; metin/JWTBCP.txt:464): "MUST NOT employ any algorithms outside this configured set"	insa: X-KAYITSIZ-1=geçersiz, ES256=geçerli, Ed25519=geçerli || S: W dışı imza var (X-KAYITSIZ-1) → mevcut-tümü-geçerli koşulu sağlanmaz
T7K_plus_kayitsiz-SIRA-kayitsiz-once-ED25519	L4-Y	kontrol-Ed25519	ikincil	MR4(T7K_plus_kayitsiz-ED25519)	accept-classical	ÖK §6.5 (ON-KAYIT v0.8 (capa 7); 00-on-kayit/ON-KAYIT-TASLAK.md:1054): "İhraççı başına gerekli küme R = {X}, izinli küme {A, X}." | [T328] JWTBCP §3.1 (draft-ietf-oauth-rfc8725bis-10; metin/JWTBCP.txt:482): "it MUST determine which algorithms are permitted for itself and that issuer and ensure that the received JWT complies with those requirements" | ÖK §4.7 G5 (ON-KAYIT v0.8 (capa 7); 00-on-kayit/ON-KAYIT-TASLAK.md:767): "Göç etmiş bir varlık, ilan ettiği eski-sürüm penceresi dışında yalnız klasik kanıtla kabul edilemez." | [T314] RFC7515 §5.2 (RFC 7515; metin/RFC7515.txt:810): "When there are multiple JWS Signature values, it is an application decision which of the JWS Signature values must successfully validate for the JWS to be accepted." | [T327] JWTBCP §3.1 (draft-ietf-oauth-rfc8725bis-10; metin/JWTBCP.txt:464): "MUST NOT employ any algorithms outside this configured set"	insa: X-KAYITSIZ-1=geçersiz, ES256=geçerli, Ed25519=geçerli || R={Ed25519} geçerli imzayla karşılandı; W içindeki imzalar geçerli; Y: W dışı ek imza(lar) yok sayıldı (X-KAYITSIZ-1); kontrol kolu: X klasik
T7K_plus_kayitsiz-SIRA-kayitsiz-once-ED25519	P0	kontrol-Ed25519	ikincil	MR4(T7K_plus_kayitsiz-ED25519)	accept-classical	ÖK §4.8 P0 (ON-KAYIT v0.8 (capa 7); 00-on-kayit/ON-KAYIT-TASLAK.md:775): "En az bir imza geçerliyse kabul" | [T314] RFC7515 §5.2 (RFC 7515; metin/RFC7515.txt:810): "When there are multiple JWS Signature values, it is an application decision which of the JWS Signature values must successfully validate for the JWS to be accepted."	insa: X-KAYITSIZ-1=geçersiz, ES256=geçerli, Ed25519=geçerli || en az bir geçerli imza var; kabul için klasik ES256 yeterli
T7K_plus_kayitsiz-SIRA-kayitsiz-once-ED25519	P1	kontrol-Ed25519	ikincil	MR4(T7K_plus_kayitsiz-ED25519)	reject	ÖK §4.8 P1 (ON-KAYIT v0.8 (capa 7); 00-on-kayit/ON-KAYIT-TASLAK.md:776): "Mevcut imzaların tümü geçerliyse kabul. İmza silinmesi (soyma) fark edilmez" | [T319] RFC7515 §4.1.1 (RFC 7515; metin/RFC7515.txt:508): "The JWS Signature value is not valid if the "alg" value does not represent a supported algorithm"	insa: X-KAYITSIZ-1=geçersiz, ES256=geçerli, Ed25519=geçerli || mevcut imzaların tümü geçerli değil: X-KAYITSIZ-1: alg "X-KAYITSIZ-1" kayıtsız/desteklenmeyen
T7K_plus_kayitsiz-SIRA-ters	L4	kontrol-EdDSA	ikincil	MR4(T7K_plus_kayitsiz)	indeterminate	ÖK §6.5 K5 (ON-KAYIT v0.8 (capa 7); 00-on-kayit/ON-KAYIT-TASLAK.md:1062): "K1 + tanınmayan algoritmalı üçüncü imza | Politikaya göre (MR2); bayrak B1" | ÖK §4.20 MR2 (ON-KAYIT v0.8 (capa 7); 00-on-kayit/ON-KAYIT-TASLAK.md:944): "MR2: Bilinmeyen alg eklemenin etkisi politikaya göre öngörülebilir olmalı." | [T314] RFC7515 §5.2 (RFC 7515; metin/RFC7515.txt:810): "When there are multiple JWS Signature values, it is an application decision which of the JWS Signature values must successfully validate for the JWS to be accepted." | [T316] RFC7515 §5.2 (RFC 7515; metin/RFC7515.txt:894): "unless the algorithm(s) used in the JWS are acceptable to the application, it SHOULD consider the JWS to be invalid" | ÖK §6.5 (ON-KAYIT v0.8 (capa 7); 00-on-kayit/ON-KAYIT-TASLAK.md:1054): "İhraççı başına gerekli küme R = {X}, izinli küme {A, X}." | ÖK §4.13 L4 (ON-KAYIT v0.8 (capa 7); 00-on-kayit/ON-KAYIT-TASLAK.md:844): "Yapılandırılmış hâlde K1 KABUL, K2 RED, K3 RED (§6.5)"	insa: X-KAYITSIZ-1=geçersiz, EdDSA=geçerli, ES256=geçerli || ÖK §6.5 K5 "politikaya göre": S → reject, Y → accept-classical (W dışı ek imza: X-KAYITSIZ-1)
T7K_plus_kayitsiz-SIRA-ters	L4-S	kontrol-EdDSA	ikincil	MR4(T7K_plus_kayitsiz)	reject	ÖK §6.5 (ON-KAYIT v0.8 (capa 7); 00-on-kayit/ON-KAYIT-TASLAK.md:1054): "İhraççı başına gerekli küme R = {X}, izinli küme {A, X}." | [T328] JWTBCP §3.1 (draft-ietf-oauth-rfc8725bis-10; metin/JWTBCP.txt:482): "it MUST determine which algorithms are permitted for itself and that issuer and ensure that the received JWT complies with those requirements" | ÖK §4.7 G5 (ON-KAYIT v0.8 (capa 7); 00-on-kayit/ON-KAYIT-TASLAK.md:767): "Göç etmiş bir varlık, ilan ettiği eski-sürüm penceresi dışında yalnız klasik kanıtla kabul edilemez." | ÖK §4.8 P3 (ON-KAYIT v0.8 (capa 7); 00-on-kayit/ON-KAYIT-TASLAK.md:778): "P2 + ihraççı başına gerekli küme R_I" | ÖK §4.8 P1 (ON-KAYIT v0.8 (capa 7); 00-on-kayit/ON-KAYIT-TASLAK.md:776): "Mevcut imzaların tümü geçerliyse kabul. İmza silinmesi (soyma) fark edilmez" | [T135] ACM2 Note 51 (ECCG ACM v2.0; metin/ACM2.txt:946): "the veriﬁcation function accepting if and only if all signatures are correct" | [T316] RFC7515 §5.2 (RFC 7515; metin/RFC7515.txt:894): "unless the algorithm(s) used in the JWS are acceptable to the application, it SHOULD consider the JWS to be invalid" | [T327] JWTBCP §3.1 (draft-ietf-oauth-rfc8725bis-10; metin/JWTBCP.txt:464): "MUST NOT employ any algorithms outside this configured set"	insa: X-KAYITSIZ-1=geçersiz, EdDSA=geçerli, ES256=geçerli || S: W dışı imza var (X-KAYITSIZ-1) → mevcut-tümü-geçerli koşulu sağlanmaz
T7K_plus_kayitsiz-SIRA-ters	L4-Y	kontrol-EdDSA	ikincil	MR4(T7K_plus_kayitsiz)	accept-classical	ÖK §6.5 (ON-KAYIT v0.8 (capa 7); 00-on-kayit/ON-KAYIT-TASLAK.md:1054): "İhraççı başına gerekli küme R = {X}, izinli küme {A, X}." | [T328] JWTBCP §3.1 (draft-ietf-oauth-rfc8725bis-10; metin/JWTBCP.txt:482): "it MUST determine which algorithms are permitted for itself and that issuer and ensure that the received JWT complies with those requirements" | ÖK §4.7 G5 (ON-KAYIT v0.8 (capa 7); 00-on-kayit/ON-KAYIT-TASLAK.md:767): "Göç etmiş bir varlık, ilan ettiği eski-sürüm penceresi dışında yalnız klasik kanıtla kabul edilemez." | [T314] RFC7515 §5.2 (RFC 7515; metin/RFC7515.txt:810): "When there are multiple JWS Signature values, it is an application decision which of the JWS Signature values must successfully validate for the JWS to be accepted." | [T327] JWTBCP §3.1 (draft-ietf-oauth-rfc8725bis-10; metin/JWTBCP.txt:464): "MUST NOT employ any algorithms outside this configured set"	insa: X-KAYITSIZ-1=geçersiz, EdDSA=geçerli, ES256=geçerli || R={EdDSA} geçerli imzayla karşılandı; W içindeki imzalar geçerli; Y: W dışı ek imza(lar) yok sayıldı (X-KAYITSIZ-1); kontrol kolu: X klasik
T7K_plus_kayitsiz-SIRA-ters	P0	kontrol-EdDSA	ikincil	MR4(T7K_plus_kayitsiz)	accept-classical	ÖK §4.8 P0 (ON-KAYIT v0.8 (capa 7); 00-on-kayit/ON-KAYIT-TASLAK.md:775): "En az bir imza geçerliyse kabul" | [T314] RFC7515 §5.2 (RFC 7515; metin/RFC7515.txt:810): "When there are multiple JWS Signature values, it is an application decision which of the JWS Signature values must successfully validate for the JWS to be accepted."	insa: X-KAYITSIZ-1=geçersiz, EdDSA=geçerli, ES256=geçerli || en az bir geçerli imza var; kabul için klasik EdDSA yeterli
T7K_plus_kayitsiz-SIRA-ters	P1	kontrol-EdDSA	ikincil	MR4(T7K_plus_kayitsiz)	reject	ÖK §4.8 P1 (ON-KAYIT v0.8 (capa 7); 00-on-kayit/ON-KAYIT-TASLAK.md:776): "Mevcut imzaların tümü geçerliyse kabul. İmza silinmesi (soyma) fark edilmez" | [T319] RFC7515 §4.1.1 (RFC 7515; metin/RFC7515.txt:508): "The JWS Signature value is not valid if the "alg" value does not represent a supported algorithm"	insa: X-KAYITSIZ-1=geçersiz, EdDSA=geçerli, ES256=geçerli || mevcut imzaların tümü geçerli değil: X-KAYITSIZ-1: alg "X-KAYITSIZ-1" kayıtsız/desteklenmeyen
T7K_plus_kayitsiz-SIRA-ters-ED25519	L4	kontrol-Ed25519	ikincil	MR4(T7K_plus_kayitsiz-ED25519)	indeterminate	ÖK §6.5 K5 (ON-KAYIT v0.8 (capa 7); 00-on-kayit/ON-KAYIT-TASLAK.md:1062): "K1 + tanınmayan algoritmalı üçüncü imza | Politikaya göre (MR2); bayrak B1" | ÖK §4.20 MR2 (ON-KAYIT v0.8 (capa 7); 00-on-kayit/ON-KAYIT-TASLAK.md:944): "MR2: Bilinmeyen alg eklemenin etkisi politikaya göre öngörülebilir olmalı." | [T314] RFC7515 §5.2 (RFC 7515; metin/RFC7515.txt:810): "When there are multiple JWS Signature values, it is an application decision which of the JWS Signature values must successfully validate for the JWS to be accepted." | [T316] RFC7515 §5.2 (RFC 7515; metin/RFC7515.txt:894): "unless the algorithm(s) used in the JWS are acceptable to the application, it SHOULD consider the JWS to be invalid" | ÖK §6.5 (ON-KAYIT v0.8 (capa 7); 00-on-kayit/ON-KAYIT-TASLAK.md:1054): "İhraççı başına gerekli küme R = {X}, izinli küme {A, X}." | ÖK §4.13 L4 (ON-KAYIT v0.8 (capa 7); 00-on-kayit/ON-KAYIT-TASLAK.md:844): "Yapılandırılmış hâlde K1 KABUL, K2 RED, K3 RED (§6.5)"	insa: X-KAYITSIZ-1=geçersiz, Ed25519=geçerli, ES256=geçerli || ÖK §6.5 K5 "politikaya göre": S → reject, Y → accept-classical (W dışı ek imza: X-KAYITSIZ-1)
T7K_plus_kayitsiz-SIRA-ters-ED25519	L4-S	kontrol-Ed25519	ikincil	MR4(T7K_plus_kayitsiz-ED25519)	reject	ÖK §6.5 (ON-KAYIT v0.8 (capa 7); 00-on-kayit/ON-KAYIT-TASLAK.md:1054): "İhraççı başına gerekli küme R = {X}, izinli küme {A, X}." | [T328] JWTBCP §3.1 (draft-ietf-oauth-rfc8725bis-10; metin/JWTBCP.txt:482): "it MUST determine which algorithms are permitted for itself and that issuer and ensure that the received JWT complies with those requirements" | ÖK §4.7 G5 (ON-KAYIT v0.8 (capa 7); 00-on-kayit/ON-KAYIT-TASLAK.md:767): "Göç etmiş bir varlık, ilan ettiği eski-sürüm penceresi dışında yalnız klasik kanıtla kabul edilemez." | ÖK §4.8 P3 (ON-KAYIT v0.8 (capa 7); 00-on-kayit/ON-KAYIT-TASLAK.md:778): "P2 + ihraççı başına gerekli küme R_I" | ÖK §4.8 P1 (ON-KAYIT v0.8 (capa 7); 00-on-kayit/ON-KAYIT-TASLAK.md:776): "Mevcut imzaların tümü geçerliyse kabul. İmza silinmesi (soyma) fark edilmez" | [T135] ACM2 Note 51 (ECCG ACM v2.0; metin/ACM2.txt:946): "the veriﬁcation function accepting if and only if all signatures are correct" | [T316] RFC7515 §5.2 (RFC 7515; metin/RFC7515.txt:894): "unless the algorithm(s) used in the JWS are acceptable to the application, it SHOULD consider the JWS to be invalid" | [T327] JWTBCP §3.1 (draft-ietf-oauth-rfc8725bis-10; metin/JWTBCP.txt:464): "MUST NOT employ any algorithms outside this configured set"	insa: X-KAYITSIZ-1=geçersiz, Ed25519=geçerli, ES256=geçerli || S: W dışı imza var (X-KAYITSIZ-1) → mevcut-tümü-geçerli koşulu sağlanmaz
T7K_plus_kayitsiz-SIRA-ters-ED25519	L4-Y	kontrol-Ed25519	ikincil	MR4(T7K_plus_kayitsiz-ED25519)	accept-classical	ÖK §6.5 (ON-KAYIT v0.8 (capa 7); 00-on-kayit/ON-KAYIT-TASLAK.md:1054): "İhraççı başına gerekli küme R = {X}, izinli küme {A, X}." | [T328] JWTBCP §3.1 (draft-ietf-oauth-rfc8725bis-10; metin/JWTBCP.txt:482): "it MUST determine which algorithms are permitted for itself and that issuer and ensure that the received JWT complies with those requirements" | ÖK §4.7 G5 (ON-KAYIT v0.8 (capa 7); 00-on-kayit/ON-KAYIT-TASLAK.md:767): "Göç etmiş bir varlık, ilan ettiği eski-sürüm penceresi dışında yalnız klasik kanıtla kabul edilemez." | [T314] RFC7515 §5.2 (RFC 7515; metin/RFC7515.txt:810): "When there are multiple JWS Signature values, it is an application decision which of the JWS Signature values must successfully validate for the JWS to be accepted." | [T327] JWTBCP §3.1 (draft-ietf-oauth-rfc8725bis-10; metin/JWTBCP.txt:464): "MUST NOT employ any algorithms outside this configured set"	insa: X-KAYITSIZ-1=geçersiz, Ed25519=geçerli, ES256=geçerli || R={Ed25519} geçerli imzayla karşılandı; W içindeki imzalar geçerli; Y: W dışı ek imza(lar) yok sayıldı (X-KAYITSIZ-1); kontrol kolu: X klasik
T7K_plus_kayitsiz-SIRA-ters-ED25519	P0	kontrol-Ed25519	ikincil	MR4(T7K_plus_kayitsiz-ED25519)	accept-classical	ÖK §4.8 P0 (ON-KAYIT v0.8 (capa 7); 00-on-kayit/ON-KAYIT-TASLAK.md:775): "En az bir imza geçerliyse kabul" | [T314] RFC7515 §5.2 (RFC 7515; metin/RFC7515.txt:810): "When there are multiple JWS Signature values, it is an application decision which of the JWS Signature values must successfully validate for the JWS to be accepted."	insa: X-KAYITSIZ-1=geçersiz, Ed25519=geçerli, ES256=geçerli || en az bir geçerli imza var; kabul için klasik Ed25519 yeterli
T7K_plus_kayitsiz-SIRA-ters-ED25519	P1	kontrol-Ed25519	ikincil	MR4(T7K_plus_kayitsiz-ED25519)	reject	ÖK §4.8 P1 (ON-KAYIT v0.8 (capa 7); 00-on-kayit/ON-KAYIT-TASLAK.md:776): "Mevcut imzaların tümü geçerliyse kabul. İmza silinmesi (soyma) fark edilmez" | [T319] RFC7515 §4.1.1 (RFC 7515; metin/RFC7515.txt:508): "The JWS Signature value is not valid if the "alg" value does not represent a supported algorithm"	insa: X-KAYITSIZ-1=geçersiz, Ed25519=geçerli, ES256=geçerli || mevcut imzaların tümü geçerli değil: X-KAYITSIZ-1: alg "X-KAYITSIZ-1" kayıtsız/desteklenmeyen
T7P_plus_kayitsiz	L4	tedavi-ML-DSA-65	birincil	K5;MR2	indeterminate	ÖK §6.5 K5 (ON-KAYIT v0.8 (capa 7); 00-on-kayit/ON-KAYIT-TASLAK.md:1062): "K1 + tanınmayan algoritmalı üçüncü imza | Politikaya göre (MR2); bayrak B1" | ÖK §4.20 MR2 (ON-KAYIT v0.8 (capa 7); 00-on-kayit/ON-KAYIT-TASLAK.md:944): "MR2: Bilinmeyen alg eklemenin etkisi politikaya göre öngörülebilir olmalı." | [T314] RFC7515 §5.2 (RFC 7515; metin/RFC7515.txt:810): "When there are multiple JWS Signature values, it is an application decision which of the JWS Signature values must successfully validate for the JWS to be accepted." | [T316] RFC7515 §5.2 (RFC 7515; metin/RFC7515.txt:894): "unless the algorithm(s) used in the JWS are acceptable to the application, it SHOULD consider the JWS to be invalid" | ÖK §6.5 (ON-KAYIT v0.8 (capa 7); 00-on-kayit/ON-KAYIT-TASLAK.md:1054): "İhraççı başına gerekli küme R = {X}, izinli küme {A, X}." | ÖK §4.13 L4 (ON-KAYIT v0.8 (capa 7); 00-on-kayit/ON-KAYIT-TASLAK.md:844): "Yapılandırılmış hâlde K1 KABUL, K2 RED, K3 RED (§6.5)"	insa: ES256=geçerli, ML-DSA-65=geçerli, X-KAYITSIZ-1=geçersiz || ÖK §6.5 K5 "politikaya göre": S → reject, Y → accept-hybrid (W dışı ek imza: X-KAYITSIZ-1)
T7P_plus_kayitsiz	L4-S	tedavi-ML-DSA-65	birincil	K5;MR2	reject	ÖK §6.5 (ON-KAYIT v0.8 (capa 7); 00-on-kayit/ON-KAYIT-TASLAK.md:1054): "İhraççı başına gerekli küme R = {X}, izinli küme {A, X}." | [T328] JWTBCP §3.1 (draft-ietf-oauth-rfc8725bis-10; metin/JWTBCP.txt:482): "it MUST determine which algorithms are permitted for itself and that issuer and ensure that the received JWT complies with those requirements" | ÖK §4.7 G5 (ON-KAYIT v0.8 (capa 7); 00-on-kayit/ON-KAYIT-TASLAK.md:767): "Göç etmiş bir varlık, ilan ettiği eski-sürüm penceresi dışında yalnız klasik kanıtla kabul edilemez." | ÖK §4.8 P3 (ON-KAYIT v0.8 (capa 7); 00-on-kayit/ON-KAYIT-TASLAK.md:778): "P2 + ihraççı başına gerekli küme R_I" | ÖK §4.8 P1 (ON-KAYIT v0.8 (capa 7); 00-on-kayit/ON-KAYIT-TASLAK.md:776): "Mevcut imzaların tümü geçerliyse kabul. İmza silinmesi (soyma) fark edilmez" | [T135] ACM2 Note 51 (ECCG ACM v2.0; metin/ACM2.txt:946): "the veriﬁcation function accepting if and only if all signatures are correct" | [T316] RFC7515 §5.2 (RFC 7515; metin/RFC7515.txt:894): "unless the algorithm(s) used in the JWS are acceptable to the application, it SHOULD consider the JWS to be invalid" | [T327] JWTBCP §3.1 (draft-ietf-oauth-rfc8725bis-10; metin/JWTBCP.txt:464): "MUST NOT employ any algorithms outside this configured set" | ÖK §6.5 K5 (ON-KAYIT v0.8 (capa 7); 00-on-kayit/ON-KAYIT-TASLAK.md:1062): "K1 + tanınmayan algoritmalı üçüncü imza | Politikaya göre (MR2); bayrak B1"	insa: ES256=geçerli, ML-DSA-65=geçerli, X-KAYITSIZ-1=geçersiz || S: W dışı imza var (X-KAYITSIZ-1) → mevcut-tümü-geçerli koşulu sağlanmaz
T7P_plus_kayitsiz	L4-Y	tedavi-ML-DSA-65	birincil	K5;MR2	accept-hybrid	ÖK §6.5 (ON-KAYIT v0.8 (capa 7); 00-on-kayit/ON-KAYIT-TASLAK.md:1054): "İhraççı başına gerekli küme R = {X}, izinli küme {A, X}." | [T328] JWTBCP §3.1 (draft-ietf-oauth-rfc8725bis-10; metin/JWTBCP.txt:482): "it MUST determine which algorithms are permitted for itself and that issuer and ensure that the received JWT complies with those requirements" | ÖK §4.7 G5 (ON-KAYIT v0.8 (capa 7); 00-on-kayit/ON-KAYIT-TASLAK.md:767): "Göç etmiş bir varlık, ilan ettiği eski-sürüm penceresi dışında yalnız klasik kanıtla kabul edilemez." | [T314] RFC7515 §5.2 (RFC 7515; metin/RFC7515.txt:810): "When there are multiple JWS Signature values, it is an application decision which of the JWS Signature values must successfully validate for the JWS to be accepted." | [T327] JWTBCP §3.1 (draft-ietf-oauth-rfc8725bis-10; metin/JWTBCP.txt:464): "MUST NOT employ any algorithms outside this configured set" | ÖK §6.5 K5 (ON-KAYIT v0.8 (capa 7); 00-on-kayit/ON-KAYIT-TASLAK.md:1062): "K1 + tanınmayan algoritmalı üçüncü imza | Politikaya göre (MR2); bayrak B1"	insa: ES256=geçerli, ML-DSA-65=geçerli, X-KAYITSIZ-1=geçersiz || R={ML-DSA-65} geçerli imzayla karşılandı; W içindeki imzalar geçerli; Y: W dışı ek imza(lar) yok sayıldı (X-KAYITSIZ-1)
T7P_plus_kayitsiz	P0	tedavi-ML-DSA-65	birincil	K5;MR2	accept-classical	ÖK §4.8 P0 (ON-KAYIT v0.8 (capa 7); 00-on-kayit/ON-KAYIT-TASLAK.md:775): "En az bir imza geçerliyse kabul" | [T314] RFC7515 §5.2 (RFC 7515; metin/RFC7515.txt:810): "When there are multiple JWS Signature values, it is an application decision which of the JWS Signature values must successfully validate for the JWS to be accepted."	insa: ES256=geçerli, ML-DSA-65=geçerli, X-KAYITSIZ-1=geçersiz || en az bir geçerli imza var; kabul için klasik ES256 yeterli
T7P_plus_kayitsiz	P1	tedavi-ML-DSA-65	birincil	K5;MR2	reject	ÖK §4.8 P1 (ON-KAYIT v0.8 (capa 7); 00-on-kayit/ON-KAYIT-TASLAK.md:776): "Mevcut imzaların tümü geçerliyse kabul. İmza silinmesi (soyma) fark edilmez" | [T319] RFC7515 §4.1.1 (RFC 7515; metin/RFC7515.txt:508): "The JWS Signature value is not valid if the "alg" value does not represent a supported algorithm"	insa: ES256=geçerli, ML-DSA-65=geçerli, X-KAYITSIZ-1=geçersiz || mevcut imzaların tümü geçerli değil: X-KAYITSIZ-1: alg "X-KAYITSIZ-1" kayıtsız/desteklenmeyen
T7P_plus_kayitsiz-SIRA-kayitsiz-once	L4	tedavi-ML-DSA-65	ikincil	MR4(T7P_plus_kayitsiz)	indeterminate	ÖK §6.5 K5 (ON-KAYIT v0.8 (capa 7); 00-on-kayit/ON-KAYIT-TASLAK.md:1062): "K1 + tanınmayan algoritmalı üçüncü imza | Politikaya göre (MR2); bayrak B1" | ÖK §4.20 MR2 (ON-KAYIT v0.8 (capa 7); 00-on-kayit/ON-KAYIT-TASLAK.md:944): "MR2: Bilinmeyen alg eklemenin etkisi politikaya göre öngörülebilir olmalı." | [T314] RFC7515 §5.2 (RFC 7515; metin/RFC7515.txt:810): "When there are multiple JWS Signature values, it is an application decision which of the JWS Signature values must successfully validate for the JWS to be accepted." | [T316] RFC7515 §5.2 (RFC 7515; metin/RFC7515.txt:894): "unless the algorithm(s) used in the JWS are acceptable to the application, it SHOULD consider the JWS to be invalid" | ÖK §6.5 (ON-KAYIT v0.8 (capa 7); 00-on-kayit/ON-KAYIT-TASLAK.md:1054): "İhraççı başına gerekli küme R = {X}, izinli küme {A, X}." | ÖK §4.13 L4 (ON-KAYIT v0.8 (capa 7); 00-on-kayit/ON-KAYIT-TASLAK.md:844): "Yapılandırılmış hâlde K1 KABUL, K2 RED, K3 RED (§6.5)"	insa: X-KAYITSIZ-1=geçersiz, ES256=geçerli, ML-DSA-65=geçerli || ÖK §6.5 K5 "politikaya göre": S → reject, Y → accept-hybrid (W dışı ek imza: X-KAYITSIZ-1)
T7P_plus_kayitsiz-SIRA-kayitsiz-once	L4-S	tedavi-ML-DSA-65	ikincil	MR4(T7P_plus_kayitsiz)	reject	ÖK §6.5 (ON-KAYIT v0.8 (capa 7); 00-on-kayit/ON-KAYIT-TASLAK.md:1054): "İhraççı başına gerekli küme R = {X}, izinli küme {A, X}." | [T328] JWTBCP §3.1 (draft-ietf-oauth-rfc8725bis-10; metin/JWTBCP.txt:482): "it MUST determine which algorithms are permitted for itself and that issuer and ensure that the received JWT complies with those requirements" | ÖK §4.7 G5 (ON-KAYIT v0.8 (capa 7); 00-on-kayit/ON-KAYIT-TASLAK.md:767): "Göç etmiş bir varlık, ilan ettiği eski-sürüm penceresi dışında yalnız klasik kanıtla kabul edilemez." | ÖK §4.8 P3 (ON-KAYIT v0.8 (capa 7); 00-on-kayit/ON-KAYIT-TASLAK.md:778): "P2 + ihraççı başına gerekli küme R_I" | ÖK §4.8 P1 (ON-KAYIT v0.8 (capa 7); 00-on-kayit/ON-KAYIT-TASLAK.md:776): "Mevcut imzaların tümü geçerliyse kabul. İmza silinmesi (soyma) fark edilmez" | [T135] ACM2 Note 51 (ECCG ACM v2.0; metin/ACM2.txt:946): "the veriﬁcation function accepting if and only if all signatures are correct" | [T316] RFC7515 §5.2 (RFC 7515; metin/RFC7515.txt:894): "unless the algorithm(s) used in the JWS are acceptable to the application, it SHOULD consider the JWS to be invalid" | [T327] JWTBCP §3.1 (draft-ietf-oauth-rfc8725bis-10; metin/JWTBCP.txt:464): "MUST NOT employ any algorithms outside this configured set"	insa: X-KAYITSIZ-1=geçersiz, ES256=geçerli, ML-DSA-65=geçerli || S: W dışı imza var (X-KAYITSIZ-1) → mevcut-tümü-geçerli koşulu sağlanmaz
T7P_plus_kayitsiz-SIRA-kayitsiz-once	L4-Y	tedavi-ML-DSA-65	ikincil	MR4(T7P_plus_kayitsiz)	accept-hybrid	ÖK §6.5 (ON-KAYIT v0.8 (capa 7); 00-on-kayit/ON-KAYIT-TASLAK.md:1054): "İhraççı başına gerekli küme R = {X}, izinli küme {A, X}." | [T328] JWTBCP §3.1 (draft-ietf-oauth-rfc8725bis-10; metin/JWTBCP.txt:482): "it MUST determine which algorithms are permitted for itself and that issuer and ensure that the received JWT complies with those requirements" | ÖK §4.7 G5 (ON-KAYIT v0.8 (capa 7); 00-on-kayit/ON-KAYIT-TASLAK.md:767): "Göç etmiş bir varlık, ilan ettiği eski-sürüm penceresi dışında yalnız klasik kanıtla kabul edilemez." | [T314] RFC7515 §5.2 (RFC 7515; metin/RFC7515.txt:810): "When there are multiple JWS Signature values, it is an application decision which of the JWS Signature values must successfully validate for the JWS to be accepted." | [T327] JWTBCP §3.1 (draft-ietf-oauth-rfc8725bis-10; metin/JWTBCP.txt:464): "MUST NOT employ any algorithms outside this configured set"	insa: X-KAYITSIZ-1=geçersiz, ES256=geçerli, ML-DSA-65=geçerli || R={ML-DSA-65} geçerli imzayla karşılandı; W içindeki imzalar geçerli; Y: W dışı ek imza(lar) yok sayıldı (X-KAYITSIZ-1)
T7P_plus_kayitsiz-SIRA-kayitsiz-once	P0	tedavi-ML-DSA-65	ikincil	MR4(T7P_plus_kayitsiz)	accept-classical	ÖK §4.8 P0 (ON-KAYIT v0.8 (capa 7); 00-on-kayit/ON-KAYIT-TASLAK.md:775): "En az bir imza geçerliyse kabul" | [T314] RFC7515 §5.2 (RFC 7515; metin/RFC7515.txt:810): "When there are multiple JWS Signature values, it is an application decision which of the JWS Signature values must successfully validate for the JWS to be accepted."	insa: X-KAYITSIZ-1=geçersiz, ES256=geçerli, ML-DSA-65=geçerli || en az bir geçerli imza var; kabul için klasik ES256 yeterli
T7P_plus_kayitsiz-SIRA-kayitsiz-once	P1	tedavi-ML-DSA-65	ikincil	MR4(T7P_plus_kayitsiz)	reject	ÖK §4.8 P1 (ON-KAYIT v0.8 (capa 7); 00-on-kayit/ON-KAYIT-TASLAK.md:776): "Mevcut imzaların tümü geçerliyse kabul. İmza silinmesi (soyma) fark edilmez" | [T319] RFC7515 §4.1.1 (RFC 7515; metin/RFC7515.txt:508): "The JWS Signature value is not valid if the "alg" value does not represent a supported algorithm"	insa: X-KAYITSIZ-1=geçersiz, ES256=geçerli, ML-DSA-65=geçerli || mevcut imzaların tümü geçerli değil: X-KAYITSIZ-1: alg "X-KAYITSIZ-1" kayıtsız/desteklenmeyen
T7P_plus_kayitsiz-SIRA-ters	L4	tedavi-ML-DSA-65	ikincil	MR4(T7P_plus_kayitsiz)	indeterminate	ÖK §6.5 K5 (ON-KAYIT v0.8 (capa 7); 00-on-kayit/ON-KAYIT-TASLAK.md:1062): "K1 + tanınmayan algoritmalı üçüncü imza | Politikaya göre (MR2); bayrak B1" | ÖK §4.20 MR2 (ON-KAYIT v0.8 (capa 7); 00-on-kayit/ON-KAYIT-TASLAK.md:944): "MR2: Bilinmeyen alg eklemenin etkisi politikaya göre öngörülebilir olmalı." | [T314] RFC7515 §5.2 (RFC 7515; metin/RFC7515.txt:810): "When there are multiple JWS Signature values, it is an application decision which of the JWS Signature values must successfully validate for the JWS to be accepted." | [T316] RFC7515 §5.2 (RFC 7515; metin/RFC7515.txt:894): "unless the algorithm(s) used in the JWS are acceptable to the application, it SHOULD consider the JWS to be invalid" | ÖK §6.5 (ON-KAYIT v0.8 (capa 7); 00-on-kayit/ON-KAYIT-TASLAK.md:1054): "İhraççı başına gerekli küme R = {X}, izinli küme {A, X}." | ÖK §4.13 L4 (ON-KAYIT v0.8 (capa 7); 00-on-kayit/ON-KAYIT-TASLAK.md:844): "Yapılandırılmış hâlde K1 KABUL, K2 RED, K3 RED (§6.5)"	insa: X-KAYITSIZ-1=geçersiz, ML-DSA-65=geçerli, ES256=geçerli || ÖK §6.5 K5 "politikaya göre": S → reject, Y → accept-hybrid (W dışı ek imza: X-KAYITSIZ-1)
T7P_plus_kayitsiz-SIRA-ters	L4-S	tedavi-ML-DSA-65	ikincil	MR4(T7P_plus_kayitsiz)	reject	ÖK §6.5 (ON-KAYIT v0.8 (capa 7); 00-on-kayit/ON-KAYIT-TASLAK.md:1054): "İhraççı başına gerekli küme R = {X}, izinli küme {A, X}." | [T328] JWTBCP §3.1 (draft-ietf-oauth-rfc8725bis-10; metin/JWTBCP.txt:482): "it MUST determine which algorithms are permitted for itself and that issuer and ensure that the received JWT complies with those requirements" | ÖK §4.7 G5 (ON-KAYIT v0.8 (capa 7); 00-on-kayit/ON-KAYIT-TASLAK.md:767): "Göç etmiş bir varlık, ilan ettiği eski-sürüm penceresi dışında yalnız klasik kanıtla kabul edilemez." | ÖK §4.8 P3 (ON-KAYIT v0.8 (capa 7); 00-on-kayit/ON-KAYIT-TASLAK.md:778): "P2 + ihraççı başına gerekli küme R_I" | ÖK §4.8 P1 (ON-KAYIT v0.8 (capa 7); 00-on-kayit/ON-KAYIT-TASLAK.md:776): "Mevcut imzaların tümü geçerliyse kabul. İmza silinmesi (soyma) fark edilmez" | [T135] ACM2 Note 51 (ECCG ACM v2.0; metin/ACM2.txt:946): "the veriﬁcation function accepting if and only if all signatures are correct" | [T316] RFC7515 §5.2 (RFC 7515; metin/RFC7515.txt:894): "unless the algorithm(s) used in the JWS are acceptable to the application, it SHOULD consider the JWS to be invalid" | [T327] JWTBCP §3.1 (draft-ietf-oauth-rfc8725bis-10; metin/JWTBCP.txt:464): "MUST NOT employ any algorithms outside this configured set"	insa: X-KAYITSIZ-1=geçersiz, ML-DSA-65=geçerli, ES256=geçerli || S: W dışı imza var (X-KAYITSIZ-1) → mevcut-tümü-geçerli koşulu sağlanmaz
T7P_plus_kayitsiz-SIRA-ters	L4-Y	tedavi-ML-DSA-65	ikincil	MR4(T7P_plus_kayitsiz)	accept-hybrid	ÖK §6.5 (ON-KAYIT v0.8 (capa 7); 00-on-kayit/ON-KAYIT-TASLAK.md:1054): "İhraççı başına gerekli küme R = {X}, izinli küme {A, X}." | [T328] JWTBCP §3.1 (draft-ietf-oauth-rfc8725bis-10; metin/JWTBCP.txt:482): "it MUST determine which algorithms are permitted for itself and that issuer and ensure that the received JWT complies with those requirements" | ÖK §4.7 G5 (ON-KAYIT v0.8 (capa 7); 00-on-kayit/ON-KAYIT-TASLAK.md:767): "Göç etmiş bir varlık, ilan ettiği eski-sürüm penceresi dışında yalnız klasik kanıtla kabul edilemez." | [T314] RFC7515 §5.2 (RFC 7515; metin/RFC7515.txt:810): "When there are multiple JWS Signature values, it is an application decision which of the JWS Signature values must successfully validate for the JWS to be accepted." | [T327] JWTBCP §3.1 (draft-ietf-oauth-rfc8725bis-10; metin/JWTBCP.txt:464): "MUST NOT employ any algorithms outside this configured set"	insa: X-KAYITSIZ-1=geçersiz, ML-DSA-65=geçerli, ES256=geçerli || R={ML-DSA-65} geçerli imzayla karşılandı; W içindeki imzalar geçerli; Y: W dışı ek imza(lar) yok sayıldı (X-KAYITSIZ-1)
T7P_plus_kayitsiz-SIRA-ters	P0	tedavi-ML-DSA-65	ikincil	MR4(T7P_plus_kayitsiz)	accept-classical	ÖK §4.8 P0 (ON-KAYIT v0.8 (capa 7); 00-on-kayit/ON-KAYIT-TASLAK.md:775): "En az bir imza geçerliyse kabul" | [T314] RFC7515 §5.2 (RFC 7515; metin/RFC7515.txt:810): "When there are multiple JWS Signature values, it is an application decision which of the JWS Signature values must successfully validate for the JWS to be accepted."	insa: X-KAYITSIZ-1=geçersiz, ML-DSA-65=geçerli, ES256=geçerli || en az bir geçerli imza var; kabul için klasik ES256 yeterli
T7P_plus_kayitsiz-SIRA-ters	P1	tedavi-ML-DSA-65	ikincil	MR4(T7P_plus_kayitsiz)	reject	ÖK §4.8 P1 (ON-KAYIT v0.8 (capa 7); 00-on-kayit/ON-KAYIT-TASLAK.md:776): "Mevcut imzaların tümü geçerliyse kabul. İmza silinmesi (soyma) fark edilmez" | [T319] RFC7515 §4.1.1 (RFC 7515; metin/RFC7515.txt:508): "The JWS Signature value is not valid if the "alg" value does not represent a supported algorithm"	insa: X-KAYITSIZ-1=geçersiz, ML-DSA-65=geçerli, ES256=geçerli || mevcut imzaların tümü geçerli değil: X-KAYITSIZ-1: alg "X-KAYITSIZ-1" kayıtsız/desteklenmeyen
T7C_plus_kayitsiz	L4	tedavi-composite	birincil	K5;MR2	indeterminate	ÖK §6.5 K5 (ON-KAYIT v0.8 (capa 7); 00-on-kayit/ON-KAYIT-TASLAK.md:1062): "K1 + tanınmayan algoritmalı üçüncü imza | Politikaya göre (MR2); bayrak B1" | ÖK §4.20 MR2 (ON-KAYIT v0.8 (capa 7); 00-on-kayit/ON-KAYIT-TASLAK.md:944): "MR2: Bilinmeyen alg eklemenin etkisi politikaya göre öngörülebilir olmalı." | [T314] RFC7515 §5.2 (RFC 7515; metin/RFC7515.txt:810): "When there are multiple JWS Signature values, it is an application decision which of the JWS Signature values must successfully validate for the JWS to be accepted." | [T316] RFC7515 §5.2 (RFC 7515; metin/RFC7515.txt:894): "unless the algorithm(s) used in the JWS are acceptable to the application, it SHOULD consider the JWS to be invalid" | ÖK §6.5 (ON-KAYIT v0.8 (capa 7); 00-on-kayit/ON-KAYIT-TASLAK.md:1054): "İhraççı başına gerekli küme R = {X}, izinli küme {A, X}." | ÖK §4.13 L4 (ON-KAYIT v0.8 (capa 7); 00-on-kayit/ON-KAYIT-TASLAK.md:844): "Yapılandırılmış hâlde K1 KABUL, K2 RED, K3 RED (§6.5)"	insa: ES256=geçerli, ML-DSA-65-ES256=geçerli, X-KAYITSIZ-1=geçersiz || ÖK §6.5 K5 "politikaya göre": S → reject, Y → accept-hybrid (W dışı ek imza: X-KAYITSIZ-1)
T7C_plus_kayitsiz	L4-S	tedavi-composite	birincil	K5;MR2	reject	ÖK §6.5 (ON-KAYIT v0.8 (capa 7); 00-on-kayit/ON-KAYIT-TASLAK.md:1054): "İhraççı başına gerekli küme R = {X}, izinli küme {A, X}." | [T328] JWTBCP §3.1 (draft-ietf-oauth-rfc8725bis-10; metin/JWTBCP.txt:482): "it MUST determine which algorithms are permitted for itself and that issuer and ensure that the received JWT complies with those requirements" | ÖK §4.7 G5 (ON-KAYIT v0.8 (capa 7); 00-on-kayit/ON-KAYIT-TASLAK.md:767): "Göç etmiş bir varlık, ilan ettiği eski-sürüm penceresi dışında yalnız klasik kanıtla kabul edilemez." | ÖK §4.8 P3 (ON-KAYIT v0.8 (capa 7); 00-on-kayit/ON-KAYIT-TASLAK.md:778): "P2 + ihraççı başına gerekli küme R_I" | ÖK §4.8 P1 (ON-KAYIT v0.8 (capa 7); 00-on-kayit/ON-KAYIT-TASLAK.md:776): "Mevcut imzaların tümü geçerliyse kabul. İmza silinmesi (soyma) fark edilmez" | [T135] ACM2 Note 51 (ECCG ACM v2.0; metin/ACM2.txt:946): "the veriﬁcation function accepting if and only if all signatures are correct" | [T316] RFC7515 §5.2 (RFC 7515; metin/RFC7515.txt:894): "unless the algorithm(s) used in the JWS are acceptable to the application, it SHOULD consider the JWS to be invalid" | [T327] JWTBCP §3.1 (draft-ietf-oauth-rfc8725bis-10; metin/JWTBCP.txt:464): "MUST NOT employ any algorithms outside this configured set" | ÖK §6.5 K5 (ON-KAYIT v0.8 (capa 7); 00-on-kayit/ON-KAYIT-TASLAK.md:1062): "K1 + tanınmayan algoritmalı üçüncü imza | Politikaya göre (MR2); bayrak B1"	insa: ES256=geçerli, ML-DSA-65-ES256=geçerli, X-KAYITSIZ-1=geçersiz || S: W dışı imza var (X-KAYITSIZ-1) → mevcut-tümü-geçerli koşulu sağlanmaz
T7C_plus_kayitsiz	L4-Y	tedavi-composite	birincil	K5;MR2	accept-hybrid	ÖK §6.5 (ON-KAYIT v0.8 (capa 7); 00-on-kayit/ON-KAYIT-TASLAK.md:1054): "İhraççı başına gerekli küme R = {X}, izinli küme {A, X}." | [T328] JWTBCP §3.1 (draft-ietf-oauth-rfc8725bis-10; metin/JWTBCP.txt:482): "it MUST determine which algorithms are permitted for itself and that issuer and ensure that the received JWT complies with those requirements" | ÖK §4.7 G5 (ON-KAYIT v0.8 (capa 7); 00-on-kayit/ON-KAYIT-TASLAK.md:767): "Göç etmiş bir varlık, ilan ettiği eski-sürüm penceresi dışında yalnız klasik kanıtla kabul edilemez." | [T314] RFC7515 §5.2 (RFC 7515; metin/RFC7515.txt:810): "When there are multiple JWS Signature values, it is an application decision which of the JWS Signature values must successfully validate for the JWS to be accepted." | [T327] JWTBCP §3.1 (draft-ietf-oauth-rfc8725bis-10; metin/JWTBCP.txt:464): "MUST NOT employ any algorithms outside this configured set" | ÖK §6.5 K5 (ON-KAYIT v0.8 (capa 7); 00-on-kayit/ON-KAYIT-TASLAK.md:1062): "K1 + tanınmayan algoritmalı üçüncü imza | Politikaya göre (MR2); bayrak B1"	insa: ES256=geçerli, ML-DSA-65-ES256=geçerli, X-KAYITSIZ-1=geçersiz || R={ML-DSA-65-ES256} geçerli imzayla karşılandı; W içindeki imzalar geçerli; Y: W dışı ek imza(lar) yok sayıldı (X-KAYITSIZ-1)
T7C_plus_kayitsiz	P0	tedavi-composite	birincil	K5;MR2	accept-classical	ÖK §4.8 P0 (ON-KAYIT v0.8 (capa 7); 00-on-kayit/ON-KAYIT-TASLAK.md:775): "En az bir imza geçerliyse kabul" | [T314] RFC7515 §5.2 (RFC 7515; metin/RFC7515.txt:810): "When there are multiple JWS Signature values, it is an application decision which of the JWS Signature values must successfully validate for the JWS to be accepted."	insa: ES256=geçerli, ML-DSA-65-ES256=geçerli, X-KAYITSIZ-1=geçersiz || en az bir geçerli imza var; kabul için klasik ES256 yeterli
T7C_plus_kayitsiz	P1	tedavi-composite	birincil	K5;MR2	reject	ÖK §4.8 P1 (ON-KAYIT v0.8 (capa 7); 00-on-kayit/ON-KAYIT-TASLAK.md:776): "Mevcut imzaların tümü geçerliyse kabul. İmza silinmesi (soyma) fark edilmez" | [T319] RFC7515 §4.1.1 (RFC 7515; metin/RFC7515.txt:508): "The JWS Signature value is not valid if the "alg" value does not represent a supported algorithm"	insa: ES256=geçerli, ML-DSA-65-ES256=geçerli, X-KAYITSIZ-1=geçersiz || mevcut imzaların tümü geçerli değil: X-KAYITSIZ-1: alg "X-KAYITSIZ-1" kayıtsız/desteklenmeyen
T7C_plus_kayitsiz-SIRA-kayitsiz-once	L4	tedavi-composite	ikincil	MR4(T7C_plus_kayitsiz)	indeterminate	ÖK §6.5 K5 (ON-KAYIT v0.8 (capa 7); 00-on-kayit/ON-KAYIT-TASLAK.md:1062): "K1 + tanınmayan algoritmalı üçüncü imza | Politikaya göre (MR2); bayrak B1" | ÖK §4.20 MR2 (ON-KAYIT v0.8 (capa 7); 00-on-kayit/ON-KAYIT-TASLAK.md:944): "MR2: Bilinmeyen alg eklemenin etkisi politikaya göre öngörülebilir olmalı." | [T314] RFC7515 §5.2 (RFC 7515; metin/RFC7515.txt:810): "When there are multiple JWS Signature values, it is an application decision which of the JWS Signature values must successfully validate for the JWS to be accepted." | [T316] RFC7515 §5.2 (RFC 7515; metin/RFC7515.txt:894): "unless the algorithm(s) used in the JWS are acceptable to the application, it SHOULD consider the JWS to be invalid" | ÖK §6.5 (ON-KAYIT v0.8 (capa 7); 00-on-kayit/ON-KAYIT-TASLAK.md:1054): "İhraççı başına gerekli küme R = {X}, izinli küme {A, X}." | ÖK §4.13 L4 (ON-KAYIT v0.8 (capa 7); 00-on-kayit/ON-KAYIT-TASLAK.md:844): "Yapılandırılmış hâlde K1 KABUL, K2 RED, K3 RED (§6.5)"	insa: X-KAYITSIZ-1=geçersiz, ES256=geçerli, ML-DSA-65-ES256=geçerli || ÖK §6.5 K5 "politikaya göre": S → reject, Y → accept-hybrid (W dışı ek imza: X-KAYITSIZ-1)
T7C_plus_kayitsiz-SIRA-kayitsiz-once	L4-S	tedavi-composite	ikincil	MR4(T7C_plus_kayitsiz)	reject	ÖK §6.5 (ON-KAYIT v0.8 (capa 7); 00-on-kayit/ON-KAYIT-TASLAK.md:1054): "İhraççı başına gerekli küme R = {X}, izinli küme {A, X}." | [T328] JWTBCP §3.1 (draft-ietf-oauth-rfc8725bis-10; metin/JWTBCP.txt:482): "it MUST determine which algorithms are permitted for itself and that issuer and ensure that the received JWT complies with those requirements" | ÖK §4.7 G5 (ON-KAYIT v0.8 (capa 7); 00-on-kayit/ON-KAYIT-TASLAK.md:767): "Göç etmiş bir varlık, ilan ettiği eski-sürüm penceresi dışında yalnız klasik kanıtla kabul edilemez." | ÖK §4.8 P3 (ON-KAYIT v0.8 (capa 7); 00-on-kayit/ON-KAYIT-TASLAK.md:778): "P2 + ihraççı başına gerekli küme R_I" | ÖK §4.8 P1 (ON-KAYIT v0.8 (capa 7); 00-on-kayit/ON-KAYIT-TASLAK.md:776): "Mevcut imzaların tümü geçerliyse kabul. İmza silinmesi (soyma) fark edilmez" | [T135] ACM2 Note 51 (ECCG ACM v2.0; metin/ACM2.txt:946): "the veriﬁcation function accepting if and only if all signatures are correct" | [T316] RFC7515 §5.2 (RFC 7515; metin/RFC7515.txt:894): "unless the algorithm(s) used in the JWS are acceptable to the application, it SHOULD consider the JWS to be invalid" | [T327] JWTBCP §3.1 (draft-ietf-oauth-rfc8725bis-10; metin/JWTBCP.txt:464): "MUST NOT employ any algorithms outside this configured set"	insa: X-KAYITSIZ-1=geçersiz, ES256=geçerli, ML-DSA-65-ES256=geçerli || S: W dışı imza var (X-KAYITSIZ-1) → mevcut-tümü-geçerli koşulu sağlanmaz
T7C_plus_kayitsiz-SIRA-kayitsiz-once	L4-Y	tedavi-composite	ikincil	MR4(T7C_plus_kayitsiz)	accept-hybrid	ÖK §6.5 (ON-KAYIT v0.8 (capa 7); 00-on-kayit/ON-KAYIT-TASLAK.md:1054): "İhraççı başına gerekli küme R = {X}, izinli küme {A, X}." | [T328] JWTBCP §3.1 (draft-ietf-oauth-rfc8725bis-10; metin/JWTBCP.txt:482): "it MUST determine which algorithms are permitted for itself and that issuer and ensure that the received JWT complies with those requirements" | ÖK §4.7 G5 (ON-KAYIT v0.8 (capa 7); 00-on-kayit/ON-KAYIT-TASLAK.md:767): "Göç etmiş bir varlık, ilan ettiği eski-sürüm penceresi dışında yalnız klasik kanıtla kabul edilemez." | [T314] RFC7515 §5.2 (RFC 7515; metin/RFC7515.txt:810): "When there are multiple JWS Signature values, it is an application decision which of the JWS Signature values must successfully validate for the JWS to be accepted." | [T327] JWTBCP §3.1 (draft-ietf-oauth-rfc8725bis-10; metin/JWTBCP.txt:464): "MUST NOT employ any algorithms outside this configured set"	insa: X-KAYITSIZ-1=geçersiz, ES256=geçerli, ML-DSA-65-ES256=geçerli || R={ML-DSA-65-ES256} geçerli imzayla karşılandı; W içindeki imzalar geçerli; Y: W dışı ek imza(lar) yok sayıldı (X-KAYITSIZ-1)
T7C_plus_kayitsiz-SIRA-kayitsiz-once	P0	tedavi-composite	ikincil	MR4(T7C_plus_kayitsiz)	accept-classical	ÖK §4.8 P0 (ON-KAYIT v0.8 (capa 7); 00-on-kayit/ON-KAYIT-TASLAK.md:775): "En az bir imza geçerliyse kabul" | [T314] RFC7515 §5.2 (RFC 7515; metin/RFC7515.txt:810): "When there are multiple JWS Signature values, it is an application decision which of the JWS Signature values must successfully validate for the JWS to be accepted."	insa: X-KAYITSIZ-1=geçersiz, ES256=geçerli, ML-DSA-65-ES256=geçerli || en az bir geçerli imza var; kabul için klasik ES256 yeterli
T7C_plus_kayitsiz-SIRA-kayitsiz-once	P1	tedavi-composite	ikincil	MR4(T7C_plus_kayitsiz)	reject	ÖK §4.8 P1 (ON-KAYIT v0.8 (capa 7); 00-on-kayit/ON-KAYIT-TASLAK.md:776): "Mevcut imzaların tümü geçerliyse kabul. İmza silinmesi (soyma) fark edilmez" | [T319] RFC7515 §4.1.1 (RFC 7515; metin/RFC7515.txt:508): "The JWS Signature value is not valid if the "alg" value does not represent a supported algorithm"	insa: X-KAYITSIZ-1=geçersiz, ES256=geçerli, ML-DSA-65-ES256=geçerli || mevcut imzaların tümü geçerli değil: X-KAYITSIZ-1: alg "X-KAYITSIZ-1" kayıtsız/desteklenmeyen
T7C_plus_kayitsiz-SIRA-ters	L4	tedavi-composite	ikincil	MR4(T7C_plus_kayitsiz)	indeterminate	ÖK §6.5 K5 (ON-KAYIT v0.8 (capa 7); 00-on-kayit/ON-KAYIT-TASLAK.md:1062): "K1 + tanınmayan algoritmalı üçüncü imza | Politikaya göre (MR2); bayrak B1" | ÖK §4.20 MR2 (ON-KAYIT v0.8 (capa 7); 00-on-kayit/ON-KAYIT-TASLAK.md:944): "MR2: Bilinmeyen alg eklemenin etkisi politikaya göre öngörülebilir olmalı." | [T314] RFC7515 §5.2 (RFC 7515; metin/RFC7515.txt:810): "When there are multiple JWS Signature values, it is an application decision which of the JWS Signature values must successfully validate for the JWS to be accepted." | [T316] RFC7515 §5.2 (RFC 7515; metin/RFC7515.txt:894): "unless the algorithm(s) used in the JWS are acceptable to the application, it SHOULD consider the JWS to be invalid" | ÖK §6.5 (ON-KAYIT v0.8 (capa 7); 00-on-kayit/ON-KAYIT-TASLAK.md:1054): "İhraççı başına gerekli küme R = {X}, izinli küme {A, X}." | ÖK §4.13 L4 (ON-KAYIT v0.8 (capa 7); 00-on-kayit/ON-KAYIT-TASLAK.md:844): "Yapılandırılmış hâlde K1 KABUL, K2 RED, K3 RED (§6.5)"	insa: X-KAYITSIZ-1=geçersiz, ML-DSA-65-ES256=geçerli, ES256=geçerli || ÖK §6.5 K5 "politikaya göre": S → reject, Y → accept-hybrid (W dışı ek imza: X-KAYITSIZ-1)
T7C_plus_kayitsiz-SIRA-ters	L4-S	tedavi-composite	ikincil	MR4(T7C_plus_kayitsiz)	reject	ÖK §6.5 (ON-KAYIT v0.8 (capa 7); 00-on-kayit/ON-KAYIT-TASLAK.md:1054): "İhraççı başına gerekli küme R = {X}, izinli küme {A, X}." | [T328] JWTBCP §3.1 (draft-ietf-oauth-rfc8725bis-10; metin/JWTBCP.txt:482): "it MUST determine which algorithms are permitted for itself and that issuer and ensure that the received JWT complies with those requirements" | ÖK §4.7 G5 (ON-KAYIT v0.8 (capa 7); 00-on-kayit/ON-KAYIT-TASLAK.md:767): "Göç etmiş bir varlık, ilan ettiği eski-sürüm penceresi dışında yalnız klasik kanıtla kabul edilemez." | ÖK §4.8 P3 (ON-KAYIT v0.8 (capa 7); 00-on-kayit/ON-KAYIT-TASLAK.md:778): "P2 + ihraççı başına gerekli küme R_I" | ÖK §4.8 P1 (ON-KAYIT v0.8 (capa 7); 00-on-kayit/ON-KAYIT-TASLAK.md:776): "Mevcut imzaların tümü geçerliyse kabul. İmza silinmesi (soyma) fark edilmez" | [T135] ACM2 Note 51 (ECCG ACM v2.0; metin/ACM2.txt:946): "the veriﬁcation function accepting if and only if all signatures are correct" | [T316] RFC7515 §5.2 (RFC 7515; metin/RFC7515.txt:894): "unless the algorithm(s) used in the JWS are acceptable to the application, it SHOULD consider the JWS to be invalid" | [T327] JWTBCP §3.1 (draft-ietf-oauth-rfc8725bis-10; metin/JWTBCP.txt:464): "MUST NOT employ any algorithms outside this configured set"	insa: X-KAYITSIZ-1=geçersiz, ML-DSA-65-ES256=geçerli, ES256=geçerli || S: W dışı imza var (X-KAYITSIZ-1) → mevcut-tümü-geçerli koşulu sağlanmaz
T7C_plus_kayitsiz-SIRA-ters	L4-Y	tedavi-composite	ikincil	MR4(T7C_plus_kayitsiz)	accept-hybrid	ÖK §6.5 (ON-KAYIT v0.8 (capa 7); 00-on-kayit/ON-KAYIT-TASLAK.md:1054): "İhraççı başına gerekli küme R = {X}, izinli küme {A, X}." | [T328] JWTBCP §3.1 (draft-ietf-oauth-rfc8725bis-10; metin/JWTBCP.txt:482): "it MUST determine which algorithms are permitted for itself and that issuer and ensure that the received JWT complies with those requirements" | ÖK §4.7 G5 (ON-KAYIT v0.8 (capa 7); 00-on-kayit/ON-KAYIT-TASLAK.md:767): "Göç etmiş bir varlık, ilan ettiği eski-sürüm penceresi dışında yalnız klasik kanıtla kabul edilemez." | [T314] RFC7515 §5.2 (RFC 7515; metin/RFC7515.txt:810): "When there are multiple JWS Signature values, it is an application decision which of the JWS Signature values must successfully validate for the JWS to be accepted." | [T327] JWTBCP §3.1 (draft-ietf-oauth-rfc8725bis-10; metin/JWTBCP.txt:464): "MUST NOT employ any algorithms outside this configured set"	insa: X-KAYITSIZ-1=geçersiz, ML-DSA-65-ES256=geçerli, ES256=geçerli || R={ML-DSA-65-ES256} geçerli imzayla karşılandı; W içindeki imzalar geçerli; Y: W dışı ek imza(lar) yok sayıldı (X-KAYITSIZ-1)
T7C_plus_kayitsiz-SIRA-ters	P0	tedavi-composite	ikincil	MR4(T7C_plus_kayitsiz)	accept-classical	ÖK §4.8 P0 (ON-KAYIT v0.8 (capa 7); 00-on-kayit/ON-KAYIT-TASLAK.md:775): "En az bir imza geçerliyse kabul" | [T314] RFC7515 §5.2 (RFC 7515; metin/RFC7515.txt:810): "When there are multiple JWS Signature values, it is an application decision which of the JWS Signature values must successfully validate for the JWS to be accepted."	insa: X-KAYITSIZ-1=geçersiz, ML-DSA-65-ES256=geçerli, ES256=geçerli || en az bir geçerli imza var; kabul için klasik ES256 yeterli
T7C_plus_kayitsiz-SIRA-ters	P1	tedavi-composite	ikincil	MR4(T7C_plus_kayitsiz)	reject	ÖK §4.8 P1 (ON-KAYIT v0.8 (capa 7); 00-on-kayit/ON-KAYIT-TASLAK.md:776): "Mevcut imzaların tümü geçerliyse kabul. İmza silinmesi (soyma) fark edilmez" | [T319] RFC7515 §4.1.1 (RFC 7515; metin/RFC7515.txt:508): "The JWS Signature value is not valid if the "alg" value does not represent a supported algorithm"	insa: X-KAYITSIZ-1=geçersiz, ML-DSA-65-ES256=geçerli, ES256=geçerli || mevcut imzaların tümü geçerli değil: X-KAYITSIZ-1: alg "X-KAYITSIZ-1" kayıtsız/desteklenmeyen
K10K_alg-EdDSA_anahtar-ES256	GEC	kontrol-EdDSA	birincil	K10	reject	[T329] JWTBCP §3.1 (draft-ietf-oauth-rfc8725bis-10; metin/JWTBCP.txt:469): "is consistent with the algorithm associated with the key identified by the corresponding identifier" | RFC7515 §5.2 (RFC 7515; metin/RFC7515.txt:876): "which MUST be accurately represented by the value of the "alg" (algorithm) Header Parameter" | [T335] RFC9864 §7 (RFC 9864; metin/RFC9864.txt:650): "A cryptographic key MUST be used with only a single algorithm" | ÖK §4.15 (ON-KAYIT v0.8 (capa 7); 00-on-kayit/ON-KAYIT-TASLAK.md:881): "V+: tek geçerli klasik imza → KABUL; V−: bozuk imza → RED" | [T315] RFC7515 §5.2 (RFC 7515; metin/RFC7515.txt:815): "at least one JWS Signature value MUST successfully validate, or the JWS MUST be considered invalid"	insa: EdDSA=geçersiz || başlık alg ile anahtarın algoritması uyuşmuyor (K10)
K10K_alg-EdDSA_anahtar-ES256	IZIN-A	kontrol-EdDSA	birincil	K10	reject	[T327] JWTBCP §3.1 (draft-ietf-oauth-rfc8725bis-10; metin/JWTBCP.txt:464): "MUST NOT employ any algorithms outside this configured set" | [T315] RFC7515 §5.2 (RFC 7515; metin/RFC7515.txt:815): "at least one JWS Signature value MUST successfully validate, or the JWS MUST be considered invalid" | ÖK §4.13 L1 (ON-KAYIT v0.8 (capa 7); 00-on-kayit/ON-KAYIT-TASLAK.md:841): "Doğrulayıcı genelinde izin listesi; izinsiz algoritma reddediliyor" | ÖK §6.5 K10 (ON-KAYIT v0.8 (capa 7); 00-on-kayit/ON-KAYIT-TASLAK.md:1067): "Alg–anahtar uyuşmazlığı | RED (L2/L3)"	insa: EdDSA=geçersiz || alg EdDSA izin kümesi W=['ES256'] dışında
K10K_alg-EdDSA_anahtar-ES256	IZIN-AX	kontrol-EdDSA	birincil	K10	reject	[T329] JWTBCP §3.1 (draft-ietf-oauth-rfc8725bis-10; metin/JWTBCP.txt:469): "is consistent with the algorithm associated with the key identified by the corresponding identifier" | RFC7515 §5.2 (RFC 7515; metin/RFC7515.txt:876): "which MUST be accurately represented by the value of the "alg" (algorithm) Header Parameter" | [T335] RFC9864 §7 (RFC 9864; metin/RFC9864.txt:650): "A cryptographic key MUST be used with only a single algorithm" | ÖK §6.5 K10 (ON-KAYIT v0.8 (capa 7); 00-on-kayit/ON-KAYIT-TASLAK.md:1067): "Alg–anahtar uyuşmazlığı | RED (L2/L3)" | ÖK §4.13 L1 (ON-KAYIT v0.8 (capa 7); 00-on-kayit/ON-KAYIT-TASLAK.md:841): "Doğrulayıcı genelinde izin listesi; izinsiz algoritma reddediliyor" | [T327] JWTBCP §3.1 (draft-ietf-oauth-rfc8725bis-10; metin/JWTBCP.txt:464): "MUST NOT employ any algorithms outside this configured set" | ÖK §4.13 L3 (ON-KAYIT v0.8 (capa 7); 00-on-kayit/ON-KAYIT-TASLAK.md:843): "Anahtar ya da ihraççı başına algoritma bağlama; K10 (alg–anahtar uyuşmazlığı) reddediliyor"	insa: EdDSA=geçersiz || başlık alg ile anahtarın algoritması uyuşmuyor (K10)
K10K_alg-EdDSA_anahtar-ES256	L4	kontrol-EdDSA	birincil	K10	reject	ÖK §6.5 (ON-KAYIT v0.8 (capa 7); 00-on-kayit/ON-KAYIT-TASLAK.md:1054): "İhraççı başına gerekli küme R = {X}, izinli küme {A, X}." | [T328] JWTBCP §3.1 (draft-ietf-oauth-rfc8725bis-10; metin/JWTBCP.txt:482): "it MUST determine which algorithms are permitted for itself and that issuer and ensure that the received JWT complies with those requirements" | ÖK §4.7 G5 (ON-KAYIT v0.8 (capa 7); 00-on-kayit/ON-KAYIT-TASLAK.md:767): "Göç etmiş bir varlık, ilan ettiği eski-sürüm penceresi dışında yalnız klasik kanıtla kabul edilemez." | JWTBCP §3.3 (draft-ietf-oauth-rfc8725bis-10; metin/JWTBCP.txt:566): "the entire JWT MUST be rejected if any of them fail to validate" | [T329] JWTBCP §3.1 (draft-ietf-oauth-rfc8725bis-10; metin/JWTBCP.txt:469): "is consistent with the algorithm associated with the key identified by the corresponding identifier" | RFC7515 §5.2 (RFC 7515; metin/RFC7515.txt:876): "which MUST be accurately represented by the value of the "alg" (algorithm) Header Parameter" | [T335] RFC9864 §7 (RFC 9864; metin/RFC9864.txt:650): "A cryptographic key MUST be used with only a single algorithm" | ÖK §6.5 K10 (ON-KAYIT v0.8 (capa 7); 00-on-kayit/ON-KAYIT-TASLAK.md:1067): "Alg–anahtar uyuşmazlığı | RED (L2/L3)" | ÖK §4.13 L4 (ON-KAYIT v0.8 (capa 7); 00-on-kayit/ON-KAYIT-TASLAK.md:844): "Yapılandırılmış hâlde K1 KABUL, K2 RED, K3 RED (§6.5)"	insa: EdDSA=geçersiz || W içinde geçersiz imza: EdDSA: başlık alg ile anahtarın algoritması uyuşmuyor (K10)
K10K_alg-EdDSA_anahtar-ES256	L4-S	kontrol-EdDSA	birincil	K10	reject	ÖK §6.5 (ON-KAYIT v0.8 (capa 7); 00-on-kayit/ON-KAYIT-TASLAK.md:1054): "İhraççı başına gerekli küme R = {X}, izinli küme {A, X}." | [T328] JWTBCP §3.1 (draft-ietf-oauth-rfc8725bis-10; metin/JWTBCP.txt:482): "it MUST determine which algorithms are permitted for itself and that issuer and ensure that the received JWT complies with those requirements" | ÖK §4.7 G5 (ON-KAYIT v0.8 (capa 7); 00-on-kayit/ON-KAYIT-TASLAK.md:767): "Göç etmiş bir varlık, ilan ettiği eski-sürüm penceresi dışında yalnız klasik kanıtla kabul edilemez." | JWTBCP §3.3 (draft-ietf-oauth-rfc8725bis-10; metin/JWTBCP.txt:566): "the entire JWT MUST be rejected if any of them fail to validate" | [T329] JWTBCP §3.1 (draft-ietf-oauth-rfc8725bis-10; metin/JWTBCP.txt:469): "is consistent with the algorithm associated with the key identified by the corresponding identifier" | RFC7515 §5.2 (RFC 7515; metin/RFC7515.txt:876): "which MUST be accurately represented by the value of the "alg" (algorithm) Header Parameter" | [T335] RFC9864 §7 (RFC 9864; metin/RFC9864.txt:650): "A cryptographic key MUST be used with only a single algorithm" | ÖK §6.5 K10 (ON-KAYIT v0.8 (capa 7); 00-on-kayit/ON-KAYIT-TASLAK.md:1067): "Alg–anahtar uyuşmazlığı | RED (L2/L3)" | ÖK §4.8 P3 (ON-KAYIT v0.8 (capa 7); 00-on-kayit/ON-KAYIT-TASLAK.md:778): "P2 + ihraççı başına gerekli küme R_I"	insa: EdDSA=geçersiz || W içinde geçersiz imza: EdDSA: başlık alg ile anahtarın algoritması uyuşmuyor (K10)
K10K_alg-EdDSA_anahtar-ES256	L4-Y	kontrol-EdDSA	birincil	K10	reject	ÖK §6.5 (ON-KAYIT v0.8 (capa 7); 00-on-kayit/ON-KAYIT-TASLAK.md:1054): "İhraççı başına gerekli küme R = {X}, izinli küme {A, X}." | [T328] JWTBCP §3.1 (draft-ietf-oauth-rfc8725bis-10; metin/JWTBCP.txt:482): "it MUST determine which algorithms are permitted for itself and that issuer and ensure that the received JWT complies with those requirements" | ÖK §4.7 G5 (ON-KAYIT v0.8 (capa 7); 00-on-kayit/ON-KAYIT-TASLAK.md:767): "Göç etmiş bir varlık, ilan ettiği eski-sürüm penceresi dışında yalnız klasik kanıtla kabul edilemez." | JWTBCP §3.3 (draft-ietf-oauth-rfc8725bis-10; metin/JWTBCP.txt:566): "the entire JWT MUST be rejected if any of them fail to validate" | [T329] JWTBCP §3.1 (draft-ietf-oauth-rfc8725bis-10; metin/JWTBCP.txt:469): "is consistent with the algorithm associated with the key identified by the corresponding identifier" | RFC7515 §5.2 (RFC 7515; metin/RFC7515.txt:876): "which MUST be accurately represented by the value of the "alg" (algorithm) Header Parameter" | [T335] RFC9864 §7 (RFC 9864; metin/RFC9864.txt:650): "A cryptographic key MUST be used with only a single algorithm" | ÖK §6.5 K10 (ON-KAYIT v0.8 (capa 7); 00-on-kayit/ON-KAYIT-TASLAK.md:1067): "Alg–anahtar uyuşmazlığı | RED (L2/L3)" | [T314] RFC7515 §5.2 (RFC 7515; metin/RFC7515.txt:810): "When there are multiple JWS Signature values, it is an application decision which of the JWS Signature values must successfully validate for the JWS to be accepted."	insa: EdDSA=geçersiz || W içinde geçersiz imza: EdDSA: başlık alg ile anahtarın algoritması uyuşmuyor (K10)
K10K_alg-EdDSA_anahtar-ES256-ED25519	GEC	kontrol-Ed25519	birincil	K10	reject	[T329] JWTBCP §3.1 (draft-ietf-oauth-rfc8725bis-10; metin/JWTBCP.txt:469): "is consistent with the algorithm associated with the key identified by the corresponding identifier" | RFC7515 §5.2 (RFC 7515; metin/RFC7515.txt:876): "which MUST be accurately represented by the value of the "alg" (algorithm) Header Parameter" | [T335] RFC9864 §7 (RFC 9864; metin/RFC9864.txt:650): "A cryptographic key MUST be used with only a single algorithm" | ÖK §4.15 (ON-KAYIT v0.8 (capa 7); 00-on-kayit/ON-KAYIT-TASLAK.md:881): "V+: tek geçerli klasik imza → KABUL; V−: bozuk imza → RED" | [T315] RFC7515 §5.2 (RFC 7515; metin/RFC7515.txt:815): "at least one JWS Signature value MUST successfully validate, or the JWS MUST be considered invalid"	insa: Ed25519=geçersiz || başlık alg ile anahtarın algoritması uyuşmuyor (K10)
K10K_alg-EdDSA_anahtar-ES256-ED25519	IZIN-A	kontrol-Ed25519	birincil	K10	reject	[T327] JWTBCP §3.1 (draft-ietf-oauth-rfc8725bis-10; metin/JWTBCP.txt:464): "MUST NOT employ any algorithms outside this configured set" | [T315] RFC7515 §5.2 (RFC 7515; metin/RFC7515.txt:815): "at least one JWS Signature value MUST successfully validate, or the JWS MUST be considered invalid" | ÖK §4.13 L1 (ON-KAYIT v0.8 (capa 7); 00-on-kayit/ON-KAYIT-TASLAK.md:841): "Doğrulayıcı genelinde izin listesi; izinsiz algoritma reddediliyor" | ÖK §6.5 K10 (ON-KAYIT v0.8 (capa 7); 00-on-kayit/ON-KAYIT-TASLAK.md:1067): "Alg–anahtar uyuşmazlığı | RED (L2/L3)"	insa: Ed25519=geçersiz || alg Ed25519 izin kümesi W=['ES256'] dışında
K10K_alg-EdDSA_anahtar-ES256-ED25519	IZIN-AX	kontrol-Ed25519	birincil	K10	reject	[T329] JWTBCP §3.1 (draft-ietf-oauth-rfc8725bis-10; metin/JWTBCP.txt:469): "is consistent with the algorithm associated with the key identified by the corresponding identifier" | RFC7515 §5.2 (RFC 7515; metin/RFC7515.txt:876): "which MUST be accurately represented by the value of the "alg" (algorithm) Header Parameter" | [T335] RFC9864 §7 (RFC 9864; metin/RFC9864.txt:650): "A cryptographic key MUST be used with only a single algorithm" | ÖK §6.5 K10 (ON-KAYIT v0.8 (capa 7); 00-on-kayit/ON-KAYIT-TASLAK.md:1067): "Alg–anahtar uyuşmazlığı | RED (L2/L3)" | ÖK §4.13 L1 (ON-KAYIT v0.8 (capa 7); 00-on-kayit/ON-KAYIT-TASLAK.md:841): "Doğrulayıcı genelinde izin listesi; izinsiz algoritma reddediliyor" | [T327] JWTBCP §3.1 (draft-ietf-oauth-rfc8725bis-10; metin/JWTBCP.txt:464): "MUST NOT employ any algorithms outside this configured set" | ÖK §4.13 L3 (ON-KAYIT v0.8 (capa 7); 00-on-kayit/ON-KAYIT-TASLAK.md:843): "Anahtar ya da ihraççı başına algoritma bağlama; K10 (alg–anahtar uyuşmazlığı) reddediliyor"	insa: Ed25519=geçersiz || başlık alg ile anahtarın algoritması uyuşmuyor (K10)
K10K_alg-EdDSA_anahtar-ES256-ED25519	L4	kontrol-Ed25519	birincil	K10	reject	ÖK §6.5 (ON-KAYIT v0.8 (capa 7); 00-on-kayit/ON-KAYIT-TASLAK.md:1054): "İhraççı başına gerekli küme R = {X}, izinli küme {A, X}." | [T328] JWTBCP §3.1 (draft-ietf-oauth-rfc8725bis-10; metin/JWTBCP.txt:482): "it MUST determine which algorithms are permitted for itself and that issuer and ensure that the received JWT complies with those requirements" | ÖK §4.7 G5 (ON-KAYIT v0.8 (capa 7); 00-on-kayit/ON-KAYIT-TASLAK.md:767): "Göç etmiş bir varlık, ilan ettiği eski-sürüm penceresi dışında yalnız klasik kanıtla kabul edilemez." | JWTBCP §3.3 (draft-ietf-oauth-rfc8725bis-10; metin/JWTBCP.txt:566): "the entire JWT MUST be rejected if any of them fail to validate" | [T329] JWTBCP §3.1 (draft-ietf-oauth-rfc8725bis-10; metin/JWTBCP.txt:469): "is consistent with the algorithm associated with the key identified by the corresponding identifier" | RFC7515 §5.2 (RFC 7515; metin/RFC7515.txt:876): "which MUST be accurately represented by the value of the "alg" (algorithm) Header Parameter" | [T335] RFC9864 §7 (RFC 9864; metin/RFC9864.txt:650): "A cryptographic key MUST be used with only a single algorithm" | ÖK §6.5 K10 (ON-KAYIT v0.8 (capa 7); 00-on-kayit/ON-KAYIT-TASLAK.md:1067): "Alg–anahtar uyuşmazlığı | RED (L2/L3)" | ÖK §4.13 L4 (ON-KAYIT v0.8 (capa 7); 00-on-kayit/ON-KAYIT-TASLAK.md:844): "Yapılandırılmış hâlde K1 KABUL, K2 RED, K3 RED (§6.5)"	insa: Ed25519=geçersiz || W içinde geçersiz imza: Ed25519: başlık alg ile anahtarın algoritması uyuşmuyor (K10)
K10K_alg-EdDSA_anahtar-ES256-ED25519	L4-S	kontrol-Ed25519	birincil	K10	reject	ÖK §6.5 (ON-KAYIT v0.8 (capa 7); 00-on-kayit/ON-KAYIT-TASLAK.md:1054): "İhraççı başına gerekli küme R = {X}, izinli küme {A, X}." | [T328] JWTBCP §3.1 (draft-ietf-oauth-rfc8725bis-10; metin/JWTBCP.txt:482): "it MUST determine which algorithms are permitted for itself and that issuer and ensure that the received JWT complies with those requirements" | ÖK §4.7 G5 (ON-KAYIT v0.8 (capa 7); 00-on-kayit/ON-KAYIT-TASLAK.md:767): "Göç etmiş bir varlık, ilan ettiği eski-sürüm penceresi dışında yalnız klasik kanıtla kabul edilemez." | JWTBCP §3.3 (draft-ietf-oauth-rfc8725bis-10; metin/JWTBCP.txt:566): "the entire JWT MUST be rejected if any of them fail to validate" | [T329] JWTBCP §3.1 (draft-ietf-oauth-rfc8725bis-10; metin/JWTBCP.txt:469): "is consistent with the algorithm associated with the key identified by the corresponding identifier" | RFC7515 §5.2 (RFC 7515; metin/RFC7515.txt:876): "which MUST be accurately represented by the value of the "alg" (algorithm) Header Parameter" | [T335] RFC9864 §7 (RFC 9864; metin/RFC9864.txt:650): "A cryptographic key MUST be used with only a single algorithm" | ÖK §6.5 K10 (ON-KAYIT v0.8 (capa 7); 00-on-kayit/ON-KAYIT-TASLAK.md:1067): "Alg–anahtar uyuşmazlığı | RED (L2/L3)" | ÖK §4.8 P3 (ON-KAYIT v0.8 (capa 7); 00-on-kayit/ON-KAYIT-TASLAK.md:778): "P2 + ihraççı başına gerekli küme R_I"	insa: Ed25519=geçersiz || W içinde geçersiz imza: Ed25519: başlık alg ile anahtarın algoritması uyuşmuyor (K10)
K10K_alg-EdDSA_anahtar-ES256-ED25519	L4-Y	kontrol-Ed25519	birincil	K10	reject	ÖK §6.5 (ON-KAYIT v0.8 (capa 7); 00-on-kayit/ON-KAYIT-TASLAK.md:1054): "İhraççı başına gerekli küme R = {X}, izinli küme {A, X}." | [T328] JWTBCP §3.1 (draft-ietf-oauth-rfc8725bis-10; metin/JWTBCP.txt:482): "it MUST determine which algorithms are permitted for itself and that issuer and ensure that the received JWT complies with those requirements" | ÖK §4.7 G5 (ON-KAYIT v0.8 (capa 7); 00-on-kayit/ON-KAYIT-TASLAK.md:767): "Göç etmiş bir varlık, ilan ettiği eski-sürüm penceresi dışında yalnız klasik kanıtla kabul edilemez." | JWTBCP §3.3 (draft-ietf-oauth-rfc8725bis-10; metin/JWTBCP.txt:566): "the entire JWT MUST be rejected if any of them fail to validate" | [T329] JWTBCP §3.1 (draft-ietf-oauth-rfc8725bis-10; metin/JWTBCP.txt:469): "is consistent with the algorithm associated with the key identified by the corresponding identifier" | RFC7515 §5.2 (RFC 7515; metin/RFC7515.txt:876): "which MUST be accurately represented by the value of the "alg" (algorithm) Header Parameter" | [T335] RFC9864 §7 (RFC 9864; metin/RFC9864.txt:650): "A cryptographic key MUST be used with only a single algorithm" | ÖK §6.5 K10 (ON-KAYIT v0.8 (capa 7); 00-on-kayit/ON-KAYIT-TASLAK.md:1067): "Alg–anahtar uyuşmazlığı | RED (L2/L3)" | [T314] RFC7515 §5.2 (RFC 7515; metin/RFC7515.txt:810): "When there are multiple JWS Signature values, it is an application decision which of the JWS Signature values must successfully validate for the JWS to be accepted."	insa: Ed25519=geçersiz || W içinde geçersiz imza: Ed25519: başlık alg ile anahtarın algoritması uyuşmuyor (K10)
K10K_alg-ES256_anahtar-Ed25519	GEC	kontrol-EdDSA	birincil	K10	reject	[T329] JWTBCP §3.1 (draft-ietf-oauth-rfc8725bis-10; metin/JWTBCP.txt:469): "is consistent with the algorithm associated with the key identified by the corresponding identifier" | RFC7515 §5.2 (RFC 7515; metin/RFC7515.txt:876): "which MUST be accurately represented by the value of the "alg" (algorithm) Header Parameter" | [T335] RFC9864 §7 (RFC 9864; metin/RFC9864.txt:650): "A cryptographic key MUST be used with only a single algorithm" | RFC7518 §3.4 (RFC 7518; metin/RFC7518.txt:496): "Submit the JWS Signing Input, R, S, and the public key (x, y) to the ECDSA P-256 SHA-256 validator." | ÖK §4.15 (ON-KAYIT v0.8 (capa 7); 00-on-kayit/ON-KAYIT-TASLAK.md:881): "V+: tek geçerli klasik imza → KABUL; V−: bozuk imza → RED" | [T315] RFC7515 §5.2 (RFC 7515; metin/RFC7515.txt:815): "at least one JWS Signature value MUST successfully validate, or the JWS MUST be considered invalid"	insa: ES256=geçersiz || başlık alg ile anahtarın algoritması uyuşmuyor (K10)
K10K_alg-ES256_anahtar-Ed25519	IZIN-A	kontrol-EdDSA	birincil	K10	reject	[T329] JWTBCP §3.1 (draft-ietf-oauth-rfc8725bis-10; metin/JWTBCP.txt:469): "is consistent with the algorithm associated with the key identified by the corresponding identifier" | RFC7515 §5.2 (RFC 7515; metin/RFC7515.txt:876): "which MUST be accurately represented by the value of the "alg" (algorithm) Header Parameter" | [T335] RFC9864 §7 (RFC 9864; metin/RFC9864.txt:650): "A cryptographic key MUST be used with only a single algorithm" | RFC7518 §3.4 (RFC 7518; metin/RFC7518.txt:496): "Submit the JWS Signing Input, R, S, and the public key (x, y) to the ECDSA P-256 SHA-256 validator." | ÖK §6.5 K10 (ON-KAYIT v0.8 (capa 7); 00-on-kayit/ON-KAYIT-TASLAK.md:1067): "Alg–anahtar uyuşmazlığı | RED (L2/L3)" | ÖK §4.13 L1 (ON-KAYIT v0.8 (capa 7); 00-on-kayit/ON-KAYIT-TASLAK.md:841): "Doğrulayıcı genelinde izin listesi; izinsiz algoritma reddediliyor" | [T327] JWTBCP §3.1 (draft-ietf-oauth-rfc8725bis-10; metin/JWTBCP.txt:464): "MUST NOT employ any algorithms outside this configured set"	insa: ES256=geçersiz || başlık alg ile anahtarın algoritması uyuşmuyor (K10)
K10K_alg-ES256_anahtar-Ed25519	IZIN-AX	kontrol-EdDSA	birincil	K10	reject	[T329] JWTBCP §3.1 (draft-ietf-oauth-rfc8725bis-10; metin/JWTBCP.txt:469): "is consistent with the algorithm associated with the key identified by the corresponding identifier" | RFC7515 §5.2 (RFC 7515; metin/RFC7515.txt:876): "which MUST be accurately represented by the value of the "alg" (algorithm) Header Parameter" | [T335] RFC9864 §7 (RFC 9864; metin/RFC9864.txt:650): "A cryptographic key MUST be used with only a single algorithm" | RFC7518 §3.4 (RFC 7518; metin/RFC7518.txt:496): "Submit the JWS Signing Input, R, S, and the public key (x, y) to the ECDSA P-256 SHA-256 validator." | ÖK §6.5 K10 (ON-KAYIT v0.8 (capa 7); 00-on-kayit/ON-KAYIT-TASLAK.md:1067): "Alg–anahtar uyuşmazlığı | RED (L2/L3)" | ÖK §4.13 L1 (ON-KAYIT v0.8 (capa 7); 00-on-kayit/ON-KAYIT-TASLAK.md:841): "Doğrulayıcı genelinde izin listesi; izinsiz algoritma reddediliyor" | [T327] JWTBCP §3.1 (draft-ietf-oauth-rfc8725bis-10; metin/JWTBCP.txt:464): "MUST NOT employ any algorithms outside this configured set" | ÖK §4.13 L3 (ON-KAYIT v0.8 (capa 7); 00-on-kayit/ON-KAYIT-TASLAK.md:843): "Anahtar ya da ihraççı başına algoritma bağlama; K10 (alg–anahtar uyuşmazlığı) reddediliyor"	insa: ES256=geçersiz || başlık alg ile anahtarın algoritması uyuşmuyor (K10)
K10K_alg-ES256_anahtar-Ed25519	L4	kontrol-EdDSA	birincil	K10	reject	ÖK §6.5 (ON-KAYIT v0.8 (capa 7); 00-on-kayit/ON-KAYIT-TASLAK.md:1054): "İhraççı başına gerekli küme R = {X}, izinli küme {A, X}." | [T328] JWTBCP §3.1 (draft-ietf-oauth-rfc8725bis-10; metin/JWTBCP.txt:482): "it MUST determine which algorithms are permitted for itself and that issuer and ensure that the received JWT complies with those requirements" | ÖK §4.7 G5 (ON-KAYIT v0.8 (capa 7); 00-on-kayit/ON-KAYIT-TASLAK.md:767): "Göç etmiş bir varlık, ilan ettiği eski-sürüm penceresi dışında yalnız klasik kanıtla kabul edilemez." | JWTBCP §3.3 (draft-ietf-oauth-rfc8725bis-10; metin/JWTBCP.txt:566): "the entire JWT MUST be rejected if any of them fail to validate" | [T329] JWTBCP §3.1 (draft-ietf-oauth-rfc8725bis-10; metin/JWTBCP.txt:469): "is consistent with the algorithm associated with the key identified by the corresponding identifier" | RFC7515 §5.2 (RFC 7515; metin/RFC7515.txt:876): "which MUST be accurately represented by the value of the "alg" (algorithm) Header Parameter" | [T335] RFC9864 §7 (RFC 9864; metin/RFC9864.txt:650): "A cryptographic key MUST be used with only a single algorithm" | RFC7518 §3.4 (RFC 7518; metin/RFC7518.txt:496): "Submit the JWS Signing Input, R, S, and the public key (x, y) to the ECDSA P-256 SHA-256 validator." | ÖK §6.5 K10 (ON-KAYIT v0.8 (capa 7); 00-on-kayit/ON-KAYIT-TASLAK.md:1067): "Alg–anahtar uyuşmazlığı | RED (L2/L3)" | ÖK §4.13 L4 (ON-KAYIT v0.8 (capa 7); 00-on-kayit/ON-KAYIT-TASLAK.md:844): "Yapılandırılmış hâlde K1 KABUL, K2 RED, K3 RED (§6.5)"	insa: ES256=geçersiz || W içinde geçersiz imza: ES256: başlık alg ile anahtarın algoritması uyuşmuyor (K10)
K10K_alg-ES256_anahtar-Ed25519	L4-S	kontrol-EdDSA	birincil	K10	reject	ÖK §6.5 (ON-KAYIT v0.8 (capa 7); 00-on-kayit/ON-KAYIT-TASLAK.md:1054): "İhraççı başına gerekli küme R = {X}, izinli küme {A, X}." | [T328] JWTBCP §3.1 (draft-ietf-oauth-rfc8725bis-10; metin/JWTBCP.txt:482): "it MUST determine which algorithms are permitted for itself and that issuer and ensure that the received JWT complies with those requirements" | ÖK §4.7 G5 (ON-KAYIT v0.8 (capa 7); 00-on-kayit/ON-KAYIT-TASLAK.md:767): "Göç etmiş bir varlık, ilan ettiği eski-sürüm penceresi dışında yalnız klasik kanıtla kabul edilemez." | JWTBCP §3.3 (draft-ietf-oauth-rfc8725bis-10; metin/JWTBCP.txt:566): "the entire JWT MUST be rejected if any of them fail to validate" | [T329] JWTBCP §3.1 (draft-ietf-oauth-rfc8725bis-10; metin/JWTBCP.txt:469): "is consistent with the algorithm associated with the key identified by the corresponding identifier" | RFC7515 §5.2 (RFC 7515; metin/RFC7515.txt:876): "which MUST be accurately represented by the value of the "alg" (algorithm) Header Parameter" | [T335] RFC9864 §7 (RFC 9864; metin/RFC9864.txt:650): "A cryptographic key MUST be used with only a single algorithm" | RFC7518 §3.4 (RFC 7518; metin/RFC7518.txt:496): "Submit the JWS Signing Input, R, S, and the public key (x, y) to the ECDSA P-256 SHA-256 validator." | ÖK §6.5 K10 (ON-KAYIT v0.8 (capa 7); 00-on-kayit/ON-KAYIT-TASLAK.md:1067): "Alg–anahtar uyuşmazlığı | RED (L2/L3)" | ÖK §4.8 P3 (ON-KAYIT v0.8 (capa 7); 00-on-kayit/ON-KAYIT-TASLAK.md:778): "P2 + ihraççı başına gerekli küme R_I"	insa: ES256=geçersiz || W içinde geçersiz imza: ES256: başlık alg ile anahtarın algoritması uyuşmuyor (K10)
K10K_alg-ES256_anahtar-Ed25519	L4-Y	kontrol-EdDSA	birincil	K10	reject	ÖK §6.5 (ON-KAYIT v0.8 (capa 7); 00-on-kayit/ON-KAYIT-TASLAK.md:1054): "İhraççı başına gerekli küme R = {X}, izinli küme {A, X}." | [T328] JWTBCP §3.1 (draft-ietf-oauth-rfc8725bis-10; metin/JWTBCP.txt:482): "it MUST determine which algorithms are permitted for itself and that issuer and ensure that the received JWT complies with those requirements" | ÖK §4.7 G5 (ON-KAYIT v0.8 (capa 7); 00-on-kayit/ON-KAYIT-TASLAK.md:767): "Göç etmiş bir varlık, ilan ettiği eski-sürüm penceresi dışında yalnız klasik kanıtla kabul edilemez." | JWTBCP §3.3 (draft-ietf-oauth-rfc8725bis-10; metin/JWTBCP.txt:566): "the entire JWT MUST be rejected if any of them fail to validate" | [T329] JWTBCP §3.1 (draft-ietf-oauth-rfc8725bis-10; metin/JWTBCP.txt:469): "is consistent with the algorithm associated with the key identified by the corresponding identifier" | RFC7515 §5.2 (RFC 7515; metin/RFC7515.txt:876): "which MUST be accurately represented by the value of the "alg" (algorithm) Header Parameter" | [T335] RFC9864 §7 (RFC 9864; metin/RFC9864.txt:650): "A cryptographic key MUST be used with only a single algorithm" | RFC7518 §3.4 (RFC 7518; metin/RFC7518.txt:496): "Submit the JWS Signing Input, R, S, and the public key (x, y) to the ECDSA P-256 SHA-256 validator." | ÖK §6.5 K10 (ON-KAYIT v0.8 (capa 7); 00-on-kayit/ON-KAYIT-TASLAK.md:1067): "Alg–anahtar uyuşmazlığı | RED (L2/L3)" | [T314] RFC7515 §5.2 (RFC 7515; metin/RFC7515.txt:810): "When there are multiple JWS Signature values, it is an application decision which of the JWS Signature values must successfully validate for the JWS to be accepted."	insa: ES256=geçersiz || W içinde geçersiz imza: ES256: başlık alg ile anahtarın algoritması uyuşmuyor (K10)
K10K_alg-ES256_anahtar-Ed25519	GEC	kontrol-Ed25519	birincil	K10	reject	[T329] JWTBCP §3.1 (draft-ietf-oauth-rfc8725bis-10; metin/JWTBCP.txt:469): "is consistent with the algorithm associated with the key identified by the corresponding identifier" | RFC7515 §5.2 (RFC 7515; metin/RFC7515.txt:876): "which MUST be accurately represented by the value of the "alg" (algorithm) Header Parameter" | [T335] RFC9864 §7 (RFC 9864; metin/RFC9864.txt:650): "A cryptographic key MUST be used with only a single algorithm" | RFC7518 §3.4 (RFC 7518; metin/RFC7518.txt:496): "Submit the JWS Signing Input, R, S, and the public key (x, y) to the ECDSA P-256 SHA-256 validator." | ÖK §4.15 (ON-KAYIT v0.8 (capa 7); 00-on-kayit/ON-KAYIT-TASLAK.md:881): "V+: tek geçerli klasik imza → KABUL; V−: bozuk imza → RED" | [T315] RFC7515 §5.2 (RFC 7515; metin/RFC7515.txt:815): "at least one JWS Signature value MUST successfully validate, or the JWS MUST be considered invalid"	insa: ES256=geçersiz || başlık alg ile anahtarın algoritması uyuşmuyor (K10)
K10K_alg-ES256_anahtar-Ed25519	IZIN-A	kontrol-Ed25519	birincil	K10	reject	[T329] JWTBCP §3.1 (draft-ietf-oauth-rfc8725bis-10; metin/JWTBCP.txt:469): "is consistent with the algorithm associated with the key identified by the corresponding identifier" | RFC7515 §5.2 (RFC 7515; metin/RFC7515.txt:876): "which MUST be accurately represented by the value of the "alg" (algorithm) Header Parameter" | [T335] RFC9864 §7 (RFC 9864; metin/RFC9864.txt:650): "A cryptographic key MUST be used with only a single algorithm" | RFC7518 §3.4 (RFC 7518; metin/RFC7518.txt:496): "Submit the JWS Signing Input, R, S, and the public key (x, y) to the ECDSA P-256 SHA-256 validator." | ÖK §6.5 K10 (ON-KAYIT v0.8 (capa 7); 00-on-kayit/ON-KAYIT-TASLAK.md:1067): "Alg–anahtar uyuşmazlığı | RED (L2/L3)" | ÖK §4.13 L1 (ON-KAYIT v0.8 (capa 7); 00-on-kayit/ON-KAYIT-TASLAK.md:841): "Doğrulayıcı genelinde izin listesi; izinsiz algoritma reddediliyor" | [T327] JWTBCP §3.1 (draft-ietf-oauth-rfc8725bis-10; metin/JWTBCP.txt:464): "MUST NOT employ any algorithms outside this configured set"	insa: ES256=geçersiz || başlık alg ile anahtarın algoritması uyuşmuyor (K10)
K10K_alg-ES256_anahtar-Ed25519	IZIN-AX	kontrol-Ed25519	birincil	K10	reject	[T329] JWTBCP §3.1 (draft-ietf-oauth-rfc8725bis-10; metin/JWTBCP.txt:469): "is consistent with the algorithm associated with the key identified by the corresponding identifier" | RFC7515 §5.2 (RFC 7515; metin/RFC7515.txt:876): "which MUST be accurately represented by the value of the "alg" (algorithm) Header Parameter" | [T335] RFC9864 §7 (RFC 9864; metin/RFC9864.txt:650): "A cryptographic key MUST be used with only a single algorithm" | RFC7518 §3.4 (RFC 7518; metin/RFC7518.txt:496): "Submit the JWS Signing Input, R, S, and the public key (x, y) to the ECDSA P-256 SHA-256 validator." | ÖK §6.5 K10 (ON-KAYIT v0.8 (capa 7); 00-on-kayit/ON-KAYIT-TASLAK.md:1067): "Alg–anahtar uyuşmazlığı | RED (L2/L3)" | ÖK §4.13 L1 (ON-KAYIT v0.8 (capa 7); 00-on-kayit/ON-KAYIT-TASLAK.md:841): "Doğrulayıcı genelinde izin listesi; izinsiz algoritma reddediliyor" | [T327] JWTBCP §3.1 (draft-ietf-oauth-rfc8725bis-10; metin/JWTBCP.txt:464): "MUST NOT employ any algorithms outside this configured set" | ÖK §4.13 L3 (ON-KAYIT v0.8 (capa 7); 00-on-kayit/ON-KAYIT-TASLAK.md:843): "Anahtar ya da ihraççı başına algoritma bağlama; K10 (alg–anahtar uyuşmazlığı) reddediliyor"	insa: ES256=geçersiz || başlık alg ile anahtarın algoritması uyuşmuyor (K10)
K10K_alg-ES256_anahtar-Ed25519	L4	kontrol-Ed25519	birincil	K10	reject	ÖK §6.5 (ON-KAYIT v0.8 (capa 7); 00-on-kayit/ON-KAYIT-TASLAK.md:1054): "İhraççı başına gerekli küme R = {X}, izinli küme {A, X}." | [T328] JWTBCP §3.1 (draft-ietf-oauth-rfc8725bis-10; metin/JWTBCP.txt:482): "it MUST determine which algorithms are permitted for itself and that issuer and ensure that the received JWT complies with those requirements" | ÖK §4.7 G5 (ON-KAYIT v0.8 (capa 7); 00-on-kayit/ON-KAYIT-TASLAK.md:767): "Göç etmiş bir varlık, ilan ettiği eski-sürüm penceresi dışında yalnız klasik kanıtla kabul edilemez." | JWTBCP §3.3 (draft-ietf-oauth-rfc8725bis-10; metin/JWTBCP.txt:566): "the entire JWT MUST be rejected if any of them fail to validate" | [T329] JWTBCP §3.1 (draft-ietf-oauth-rfc8725bis-10; metin/JWTBCP.txt:469): "is consistent with the algorithm associated with the key identified by the corresponding identifier" | RFC7515 §5.2 (RFC 7515; metin/RFC7515.txt:876): "which MUST be accurately represented by the value of the "alg" (algorithm) Header Parameter" | [T335] RFC9864 §7 (RFC 9864; metin/RFC9864.txt:650): "A cryptographic key MUST be used with only a single algorithm" | RFC7518 §3.4 (RFC 7518; metin/RFC7518.txt:496): "Submit the JWS Signing Input, R, S, and the public key (x, y) to the ECDSA P-256 SHA-256 validator." | ÖK §6.5 K10 (ON-KAYIT v0.8 (capa 7); 00-on-kayit/ON-KAYIT-TASLAK.md:1067): "Alg–anahtar uyuşmazlığı | RED (L2/L3)" | ÖK §4.13 L4 (ON-KAYIT v0.8 (capa 7); 00-on-kayit/ON-KAYIT-TASLAK.md:844): "Yapılandırılmış hâlde K1 KABUL, K2 RED, K3 RED (§6.5)"	insa: ES256=geçersiz || W içinde geçersiz imza: ES256: başlık alg ile anahtarın algoritması uyuşmuyor (K10)
K10K_alg-ES256_anahtar-Ed25519	L4-S	kontrol-Ed25519	birincil	K10	reject	ÖK §6.5 (ON-KAYIT v0.8 (capa 7); 00-on-kayit/ON-KAYIT-TASLAK.md:1054): "İhraççı başına gerekli küme R = {X}, izinli küme {A, X}." | [T328] JWTBCP §3.1 (draft-ietf-oauth-rfc8725bis-10; metin/JWTBCP.txt:482): "it MUST determine which algorithms are permitted for itself and that issuer and ensure that the received JWT complies with those requirements" | ÖK §4.7 G5 (ON-KAYIT v0.8 (capa 7); 00-on-kayit/ON-KAYIT-TASLAK.md:767): "Göç etmiş bir varlık, ilan ettiği eski-sürüm penceresi dışında yalnız klasik kanıtla kabul edilemez." | JWTBCP §3.3 (draft-ietf-oauth-rfc8725bis-10; metin/JWTBCP.txt:566): "the entire JWT MUST be rejected if any of them fail to validate" | [T329] JWTBCP §3.1 (draft-ietf-oauth-rfc8725bis-10; metin/JWTBCP.txt:469): "is consistent with the algorithm associated with the key identified by the corresponding identifier" | RFC7515 §5.2 (RFC 7515; metin/RFC7515.txt:876): "which MUST be accurately represented by the value of the "alg" (algorithm) Header Parameter" | [T335] RFC9864 §7 (RFC 9864; metin/RFC9864.txt:650): "A cryptographic key MUST be used with only a single algorithm" | RFC7518 §3.4 (RFC 7518; metin/RFC7518.txt:496): "Submit the JWS Signing Input, R, S, and the public key (x, y) to the ECDSA P-256 SHA-256 validator." | ÖK §6.5 K10 (ON-KAYIT v0.8 (capa 7); 00-on-kayit/ON-KAYIT-TASLAK.md:1067): "Alg–anahtar uyuşmazlığı | RED (L2/L3)" | ÖK §4.8 P3 (ON-KAYIT v0.8 (capa 7); 00-on-kayit/ON-KAYIT-TASLAK.md:778): "P2 + ihraççı başına gerekli küme R_I"	insa: ES256=geçersiz || W içinde geçersiz imza: ES256: başlık alg ile anahtarın algoritması uyuşmuyor (K10)
K10K_alg-ES256_anahtar-Ed25519	L4-Y	kontrol-Ed25519	birincil	K10	reject	ÖK §6.5 (ON-KAYIT v0.8 (capa 7); 00-on-kayit/ON-KAYIT-TASLAK.md:1054): "İhraççı başına gerekli küme R = {X}, izinli küme {A, X}." | [T328] JWTBCP §3.1 (draft-ietf-oauth-rfc8725bis-10; metin/JWTBCP.txt:482): "it MUST determine which algorithms are permitted for itself and that issuer and ensure that the received JWT complies with those requirements" | ÖK §4.7 G5 (ON-KAYIT v0.8 (capa 7); 00-on-kayit/ON-KAYIT-TASLAK.md:767): "Göç etmiş bir varlık, ilan ettiği eski-sürüm penceresi dışında yalnız klasik kanıtla kabul edilemez." | JWTBCP §3.3 (draft-ietf-oauth-rfc8725bis-10; metin/JWTBCP.txt:566): "the entire JWT MUST be rejected if any of them fail to validate" | [T329] JWTBCP §3.1 (draft-ietf-oauth-rfc8725bis-10; metin/JWTBCP.txt:469): "is consistent with the algorithm associated with the key identified by the corresponding identifier" | RFC7515 §5.2 (RFC 7515; metin/RFC7515.txt:876): "which MUST be accurately represented by the value of the "alg" (algorithm) Header Parameter" | [T335] RFC9864 §7 (RFC 9864; metin/RFC9864.txt:650): "A cryptographic key MUST be used with only a single algorithm" | RFC7518 §3.4 (RFC 7518; metin/RFC7518.txt:496): "Submit the JWS Signing Input, R, S, and the public key (x, y) to the ECDSA P-256 SHA-256 validator." | ÖK §6.5 K10 (ON-KAYIT v0.8 (capa 7); 00-on-kayit/ON-KAYIT-TASLAK.md:1067): "Alg–anahtar uyuşmazlığı | RED (L2/L3)" | [T314] RFC7515 §5.2 (RFC 7515; metin/RFC7515.txt:810): "When there are multiple JWS Signature values, it is an application decision which of the JWS Signature values must successfully validate for the JWS to be accepted."	insa: ES256=geçersiz || W içinde geçersiz imza: ES256: başlık alg ile anahtarın algoritması uyuşmuyor (K10)
K10P_alg-ML-DSA-65_anahtar-ES256	GEC	tedavi-ML-DSA-65	birincil	K10	reject	[T329] JWTBCP §3.1 (draft-ietf-oauth-rfc8725bis-10; metin/JWTBCP.txt:469): "is consistent with the algorithm associated with the key identified by the corresponding identifier" | RFC7515 §5.2 (RFC 7515; metin/RFC7515.txt:876): "which MUST be accurately represented by the value of the "alg" (algorithm) Header Parameter" | [T335] RFC9864 §7 (RFC 9864; metin/RFC9864.txt:650): "A cryptographic key MUST be used with only a single algorithm" | [T337] RFC9964 §3 (RFC 9964; metin/RFC9964.txt:112): "The alg JSON Web Key (JWK) parameter or COSE Key Common parameter is REQUIRED for all AKP keys." | ÖK §4.15 (ON-KAYIT v0.8 (capa 7); 00-on-kayit/ON-KAYIT-TASLAK.md:881): "V+: tek geçerli klasik imza → KABUL; V−: bozuk imza → RED" | [T315] RFC7515 §5.2 (RFC 7515; metin/RFC7515.txt:815): "at least one JWS Signature value MUST successfully validate, or the JWS MUST be considered invalid"	insa: ML-DSA-65=geçersiz || başlık alg ile anahtarın algoritması uyuşmuyor (K10)
K10P_alg-ML-DSA-65_anahtar-ES256	IZIN-A	tedavi-ML-DSA-65	birincil	K10	reject	[T327] JWTBCP §3.1 (draft-ietf-oauth-rfc8725bis-10; metin/JWTBCP.txt:464): "MUST NOT employ any algorithms outside this configured set" | [T315] RFC7515 §5.2 (RFC 7515; metin/RFC7515.txt:815): "at least one JWS Signature value MUST successfully validate, or the JWS MUST be considered invalid" | ÖK §4.13 L1 (ON-KAYIT v0.8 (capa 7); 00-on-kayit/ON-KAYIT-TASLAK.md:841): "Doğrulayıcı genelinde izin listesi; izinsiz algoritma reddediliyor" | ÖK §6.5 K10 (ON-KAYIT v0.8 (capa 7); 00-on-kayit/ON-KAYIT-TASLAK.md:1067): "Alg–anahtar uyuşmazlığı | RED (L2/L3)"	insa: ML-DSA-65=geçersiz || alg ML-DSA-65 izin kümesi W=['ES256'] dışında
K10P_alg-ML-DSA-65_anahtar-ES256	IZIN-AX	tedavi-ML-DSA-65	birincil	K10	reject	[T329] JWTBCP §3.1 (draft-ietf-oauth-rfc8725bis-10; metin/JWTBCP.txt:469): "is consistent with the algorithm associated with the key identified by the corresponding identifier" | RFC7515 §5.2 (RFC 7515; metin/RFC7515.txt:876): "which MUST be accurately represented by the value of the "alg" (algorithm) Header Parameter" | [T335] RFC9864 §7 (RFC 9864; metin/RFC9864.txt:650): "A cryptographic key MUST be used with only a single algorithm" | [T337] RFC9964 §3 (RFC 9964; metin/RFC9964.txt:112): "The alg JSON Web Key (JWK) parameter or COSE Key Common parameter is REQUIRED for all AKP keys." | ÖK §6.5 K10 (ON-KAYIT v0.8 (capa 7); 00-on-kayit/ON-KAYIT-TASLAK.md:1067): "Alg–anahtar uyuşmazlığı | RED (L2/L3)" | ÖK §4.13 L1 (ON-KAYIT v0.8 (capa 7); 00-on-kayit/ON-KAYIT-TASLAK.md:841): "Doğrulayıcı genelinde izin listesi; izinsiz algoritma reddediliyor" | [T327] JWTBCP §3.1 (draft-ietf-oauth-rfc8725bis-10; metin/JWTBCP.txt:464): "MUST NOT employ any algorithms outside this configured set" | ÖK §4.13 L3 (ON-KAYIT v0.8 (capa 7); 00-on-kayit/ON-KAYIT-TASLAK.md:843): "Anahtar ya da ihraççı başına algoritma bağlama; K10 (alg–anahtar uyuşmazlığı) reddediliyor"	insa: ML-DSA-65=geçersiz || başlık alg ile anahtarın algoritması uyuşmuyor (K10)
K10P_alg-ML-DSA-65_anahtar-ES256	L4	tedavi-ML-DSA-65	birincil	K10	reject	ÖK §6.5 (ON-KAYIT v0.8 (capa 7); 00-on-kayit/ON-KAYIT-TASLAK.md:1054): "İhraççı başına gerekli küme R = {X}, izinli küme {A, X}." | [T328] JWTBCP §3.1 (draft-ietf-oauth-rfc8725bis-10; metin/JWTBCP.txt:482): "it MUST determine which algorithms are permitted for itself and that issuer and ensure that the received JWT complies with those requirements" | ÖK §4.7 G5 (ON-KAYIT v0.8 (capa 7); 00-on-kayit/ON-KAYIT-TASLAK.md:767): "Göç etmiş bir varlık, ilan ettiği eski-sürüm penceresi dışında yalnız klasik kanıtla kabul edilemez." | JWTBCP §3.3 (draft-ietf-oauth-rfc8725bis-10; metin/JWTBCP.txt:566): "the entire JWT MUST be rejected if any of them fail to validate" | [T329] JWTBCP §3.1 (draft-ietf-oauth-rfc8725bis-10; metin/JWTBCP.txt:469): "is consistent with the algorithm associated with the key identified by the corresponding identifier" | RFC7515 §5.2 (RFC 7515; metin/RFC7515.txt:876): "which MUST be accurately represented by the value of the "alg" (algorithm) Header Parameter" | [T335] RFC9864 §7 (RFC 9864; metin/RFC9864.txt:650): "A cryptographic key MUST be used with only a single algorithm" | [T337] RFC9964 §3 (RFC 9964; metin/RFC9964.txt:112): "The alg JSON Web Key (JWK) parameter or COSE Key Common parameter is REQUIRED for all AKP keys." | ÖK §6.5 K10 (ON-KAYIT v0.8 (capa 7); 00-on-kayit/ON-KAYIT-TASLAK.md:1067): "Alg–anahtar uyuşmazlığı | RED (L2/L3)" | ÖK §4.13 L4 (ON-KAYIT v0.8 (capa 7); 00-on-kayit/ON-KAYIT-TASLAK.md:844): "Yapılandırılmış hâlde K1 KABUL, K2 RED, K3 RED (§6.5)"	insa: ML-DSA-65=geçersiz || W içinde geçersiz imza: ML-DSA-65: başlık alg ile anahtarın algoritması uyuşmuyor (K10)
K10P_alg-ML-DSA-65_anahtar-ES256	L4-S	tedavi-ML-DSA-65	birincil	K10	reject	ÖK §6.5 (ON-KAYIT v0.8 (capa 7); 00-on-kayit/ON-KAYIT-TASLAK.md:1054): "İhraççı başına gerekli küme R = {X}, izinli küme {A, X}." | [T328] JWTBCP §3.1 (draft-ietf-oauth-rfc8725bis-10; metin/JWTBCP.txt:482): "it MUST determine which algorithms are permitted for itself and that issuer and ensure that the received JWT complies with those requirements" | ÖK §4.7 G5 (ON-KAYIT v0.8 (capa 7); 00-on-kayit/ON-KAYIT-TASLAK.md:767): "Göç etmiş bir varlık, ilan ettiği eski-sürüm penceresi dışında yalnız klasik kanıtla kabul edilemez." | JWTBCP §3.3 (draft-ietf-oauth-rfc8725bis-10; metin/JWTBCP.txt:566): "the entire JWT MUST be rejected if any of them fail to validate" | [T329] JWTBCP §3.1 (draft-ietf-oauth-rfc8725bis-10; metin/JWTBCP.txt:469): "is consistent with the algorithm associated with the key identified by the corresponding identifier" | RFC7515 §5.2 (RFC 7515; metin/RFC7515.txt:876): "which MUST be accurately represented by the value of the "alg" (algorithm) Header Parameter" | [T335] RFC9864 §7 (RFC 9864; metin/RFC9864.txt:650): "A cryptographic key MUST be used with only a single algorithm" | [T337] RFC9964 §3 (RFC 9964; metin/RFC9964.txt:112): "The alg JSON Web Key (JWK) parameter or COSE Key Common parameter is REQUIRED for all AKP keys." | ÖK §6.5 K10 (ON-KAYIT v0.8 (capa 7); 00-on-kayit/ON-KAYIT-TASLAK.md:1067): "Alg–anahtar uyuşmazlığı | RED (L2/L3)" | ÖK §4.8 P3 (ON-KAYIT v0.8 (capa 7); 00-on-kayit/ON-KAYIT-TASLAK.md:778): "P2 + ihraççı başına gerekli küme R_I"	insa: ML-DSA-65=geçersiz || W içinde geçersiz imza: ML-DSA-65: başlık alg ile anahtarın algoritması uyuşmuyor (K10)
K10P_alg-ML-DSA-65_anahtar-ES256	L4-Y	tedavi-ML-DSA-65	birincil	K10	reject	ÖK §6.5 (ON-KAYIT v0.8 (capa 7); 00-on-kayit/ON-KAYIT-TASLAK.md:1054): "İhraççı başına gerekli küme R = {X}, izinli küme {A, X}." | [T328] JWTBCP §3.1 (draft-ietf-oauth-rfc8725bis-10; metin/JWTBCP.txt:482): "it MUST determine which algorithms are permitted for itself and that issuer and ensure that the received JWT complies with those requirements" | ÖK §4.7 G5 (ON-KAYIT v0.8 (capa 7); 00-on-kayit/ON-KAYIT-TASLAK.md:767): "Göç etmiş bir varlık, ilan ettiği eski-sürüm penceresi dışında yalnız klasik kanıtla kabul edilemez." | JWTBCP §3.3 (draft-ietf-oauth-rfc8725bis-10; metin/JWTBCP.txt:566): "the entire JWT MUST be rejected if any of them fail to validate" | [T329] JWTBCP §3.1 (draft-ietf-oauth-rfc8725bis-10; metin/JWTBCP.txt:469): "is consistent with the algorithm associated with the key identified by the corresponding identifier" | RFC7515 §5.2 (RFC 7515; metin/RFC7515.txt:876): "which MUST be accurately represented by the value of the "alg" (algorithm) Header Parameter" | [T335] RFC9864 §7 (RFC 9864; metin/RFC9864.txt:650): "A cryptographic key MUST be used with only a single algorithm" | [T337] RFC9964 §3 (RFC 9964; metin/RFC9964.txt:112): "The alg JSON Web Key (JWK) parameter or COSE Key Common parameter is REQUIRED for all AKP keys." | ÖK §6.5 K10 (ON-KAYIT v0.8 (capa 7); 00-on-kayit/ON-KAYIT-TASLAK.md:1067): "Alg–anahtar uyuşmazlığı | RED (L2/L3)" | [T314] RFC7515 §5.2 (RFC 7515; metin/RFC7515.txt:810): "When there are multiple JWS Signature values, it is an application decision which of the JWS Signature values must successfully validate for the JWS to be accepted."	insa: ML-DSA-65=geçersiz || W içinde geçersiz imza: ML-DSA-65: başlık alg ile anahtarın algoritması uyuşmuyor (K10)
K10P_alg-ES256_anahtar-ML-DSA-65	GEC	tedavi-ML-DSA-65	birincil	K10	reject	[T329] JWTBCP §3.1 (draft-ietf-oauth-rfc8725bis-10; metin/JWTBCP.txt:469): "is consistent with the algorithm associated with the key identified by the corresponding identifier" | RFC7515 §5.2 (RFC 7515; metin/RFC7515.txt:876): "which MUST be accurately represented by the value of the "alg" (algorithm) Header Parameter" | [T335] RFC9864 §7 (RFC 9864; metin/RFC9864.txt:650): "A cryptographic key MUST be used with only a single algorithm" | RFC7518 §3.4 (RFC 7518; metin/RFC7518.txt:487): "The JWS Signature value MUST be a 64-octet sequence." | ÖK §4.15 (ON-KAYIT v0.8 (capa 7); 00-on-kayit/ON-KAYIT-TASLAK.md:881): "V+: tek geçerli klasik imza → KABUL; V−: bozuk imza → RED" | [T315] RFC7515 §5.2 (RFC 7515; metin/RFC7515.txt:815): "at least one JWS Signature value MUST successfully validate, or the JWS MUST be considered invalid"	insa: ES256=geçersiz || başlık alg ile anahtarın algoritması uyuşmuyor (K10)
K10P_alg-ES256_anahtar-ML-DSA-65	IZIN-A	tedavi-ML-DSA-65	birincil	K10	reject	[T329] JWTBCP §3.1 (draft-ietf-oauth-rfc8725bis-10; metin/JWTBCP.txt:469): "is consistent with the algorithm associated with the key identified by the corresponding identifier" | RFC7515 §5.2 (RFC 7515; metin/RFC7515.txt:876): "which MUST be accurately represented by the value of the "alg" (algorithm) Header Parameter" | [T335] RFC9864 §7 (RFC 9864; metin/RFC9864.txt:650): "A cryptographic key MUST be used with only a single algorithm" | RFC7518 §3.4 (RFC 7518; metin/RFC7518.txt:487): "The JWS Signature value MUST be a 64-octet sequence." | ÖK §6.5 K10 (ON-KAYIT v0.8 (capa 7); 00-on-kayit/ON-KAYIT-TASLAK.md:1067): "Alg–anahtar uyuşmazlığı | RED (L2/L3)" | ÖK §4.13 L1 (ON-KAYIT v0.8 (capa 7); 00-on-kayit/ON-KAYIT-TASLAK.md:841): "Doğrulayıcı genelinde izin listesi; izinsiz algoritma reddediliyor" | [T327] JWTBCP §3.1 (draft-ietf-oauth-rfc8725bis-10; metin/JWTBCP.txt:464): "MUST NOT employ any algorithms outside this configured set"	insa: ES256=geçersiz || başlık alg ile anahtarın algoritması uyuşmuyor (K10)
K10P_alg-ES256_anahtar-ML-DSA-65	IZIN-AX	tedavi-ML-DSA-65	birincil	K10	reject	[T329] JWTBCP §3.1 (draft-ietf-oauth-rfc8725bis-10; metin/JWTBCP.txt:469): "is consistent with the algorithm associated with the key identified by the corresponding identifier" | RFC7515 §5.2 (RFC 7515; metin/RFC7515.txt:876): "which MUST be accurately represented by the value of the "alg" (algorithm) Header Parameter" | [T335] RFC9864 §7 (RFC 9864; metin/RFC9864.txt:650): "A cryptographic key MUST be used with only a single algorithm" | RFC7518 §3.4 (RFC 7518; metin/RFC7518.txt:487): "The JWS Signature value MUST be a 64-octet sequence." | ÖK §6.5 K10 (ON-KAYIT v0.8 (capa 7); 00-on-kayit/ON-KAYIT-TASLAK.md:1067): "Alg–anahtar uyuşmazlığı | RED (L2/L3)" | ÖK §4.13 L1 (ON-KAYIT v0.8 (capa 7); 00-on-kayit/ON-KAYIT-TASLAK.md:841): "Doğrulayıcı genelinde izin listesi; izinsiz algoritma reddediliyor" | [T327] JWTBCP §3.1 (draft-ietf-oauth-rfc8725bis-10; metin/JWTBCP.txt:464): "MUST NOT employ any algorithms outside this configured set" | ÖK §4.13 L3 (ON-KAYIT v0.8 (capa 7); 00-on-kayit/ON-KAYIT-TASLAK.md:843): "Anahtar ya da ihraççı başına algoritma bağlama; K10 (alg–anahtar uyuşmazlığı) reddediliyor"	insa: ES256=geçersiz || başlık alg ile anahtarın algoritması uyuşmuyor (K10)
K10P_alg-ES256_anahtar-ML-DSA-65	L4	tedavi-ML-DSA-65	birincil	K10	reject	ÖK §6.5 (ON-KAYIT v0.8 (capa 7); 00-on-kayit/ON-KAYIT-TASLAK.md:1054): "İhraççı başına gerekli küme R = {X}, izinli küme {A, X}." | [T328] JWTBCP §3.1 (draft-ietf-oauth-rfc8725bis-10; metin/JWTBCP.txt:482): "it MUST determine which algorithms are permitted for itself and that issuer and ensure that the received JWT complies with those requirements" | ÖK §4.7 G5 (ON-KAYIT v0.8 (capa 7); 00-on-kayit/ON-KAYIT-TASLAK.md:767): "Göç etmiş bir varlık, ilan ettiği eski-sürüm penceresi dışında yalnız klasik kanıtla kabul edilemez." | JWTBCP §3.3 (draft-ietf-oauth-rfc8725bis-10; metin/JWTBCP.txt:566): "the entire JWT MUST be rejected if any of them fail to validate" | [T329] JWTBCP §3.1 (draft-ietf-oauth-rfc8725bis-10; metin/JWTBCP.txt:469): "is consistent with the algorithm associated with the key identified by the corresponding identifier" | RFC7515 §5.2 (RFC 7515; metin/RFC7515.txt:876): "which MUST be accurately represented by the value of the "alg" (algorithm) Header Parameter" | [T335] RFC9864 §7 (RFC 9864; metin/RFC9864.txt:650): "A cryptographic key MUST be used with only a single algorithm" | RFC7518 §3.4 (RFC 7518; metin/RFC7518.txt:487): "The JWS Signature value MUST be a 64-octet sequence." | ÖK §6.5 K10 (ON-KAYIT v0.8 (capa 7); 00-on-kayit/ON-KAYIT-TASLAK.md:1067): "Alg–anahtar uyuşmazlığı | RED (L2/L3)" | ÖK §4.13 L4 (ON-KAYIT v0.8 (capa 7); 00-on-kayit/ON-KAYIT-TASLAK.md:844): "Yapılandırılmış hâlde K1 KABUL, K2 RED, K3 RED (§6.5)"	insa: ES256=geçersiz || W içinde geçersiz imza: ES256: başlık alg ile anahtarın algoritması uyuşmuyor (K10)
K10P_alg-ES256_anahtar-ML-DSA-65	L4-S	tedavi-ML-DSA-65	birincil	K10	reject	ÖK §6.5 (ON-KAYIT v0.8 (capa 7); 00-on-kayit/ON-KAYIT-TASLAK.md:1054): "İhraççı başına gerekli küme R = {X}, izinli küme {A, X}." | [T328] JWTBCP §3.1 (draft-ietf-oauth-rfc8725bis-10; metin/JWTBCP.txt:482): "it MUST determine which algorithms are permitted for itself and that issuer and ensure that the received JWT complies with those requirements" | ÖK §4.7 G5 (ON-KAYIT v0.8 (capa 7); 00-on-kayit/ON-KAYIT-TASLAK.md:767): "Göç etmiş bir varlık, ilan ettiği eski-sürüm penceresi dışında yalnız klasik kanıtla kabul edilemez." | JWTBCP §3.3 (draft-ietf-oauth-rfc8725bis-10; metin/JWTBCP.txt:566): "the entire JWT MUST be rejected if any of them fail to validate" | [T329] JWTBCP §3.1 (draft-ietf-oauth-rfc8725bis-10; metin/JWTBCP.txt:469): "is consistent with the algorithm associated with the key identified by the corresponding identifier" | RFC7515 §5.2 (RFC 7515; metin/RFC7515.txt:876): "which MUST be accurately represented by the value of the "alg" (algorithm) Header Parameter" | [T335] RFC9864 §7 (RFC 9864; metin/RFC9864.txt:650): "A cryptographic key MUST be used with only a single algorithm" | RFC7518 §3.4 (RFC 7518; metin/RFC7518.txt:487): "The JWS Signature value MUST be a 64-octet sequence." | ÖK §6.5 K10 (ON-KAYIT v0.8 (capa 7); 00-on-kayit/ON-KAYIT-TASLAK.md:1067): "Alg–anahtar uyuşmazlığı | RED (L2/L3)" | ÖK §4.8 P3 (ON-KAYIT v0.8 (capa 7); 00-on-kayit/ON-KAYIT-TASLAK.md:778): "P2 + ihraççı başına gerekli küme R_I"	insa: ES256=geçersiz || W içinde geçersiz imza: ES256: başlık alg ile anahtarın algoritması uyuşmuyor (K10)
K10P_alg-ES256_anahtar-ML-DSA-65	L4-Y	tedavi-ML-DSA-65	birincil	K10	reject	ÖK §6.5 (ON-KAYIT v0.8 (capa 7); 00-on-kayit/ON-KAYIT-TASLAK.md:1054): "İhraççı başına gerekli küme R = {X}, izinli küme {A, X}." | [T328] JWTBCP §3.1 (draft-ietf-oauth-rfc8725bis-10; metin/JWTBCP.txt:482): "it MUST determine which algorithms are permitted for itself and that issuer and ensure that the received JWT complies with those requirements" | ÖK §4.7 G5 (ON-KAYIT v0.8 (capa 7); 00-on-kayit/ON-KAYIT-TASLAK.md:767): "Göç etmiş bir varlık, ilan ettiği eski-sürüm penceresi dışında yalnız klasik kanıtla kabul edilemez." | JWTBCP §3.3 (draft-ietf-oauth-rfc8725bis-10; metin/JWTBCP.txt:566): "the entire JWT MUST be rejected if any of them fail to validate" | [T329] JWTBCP §3.1 (draft-ietf-oauth-rfc8725bis-10; metin/JWTBCP.txt:469): "is consistent with the algorithm associated with the key identified by the corresponding identifier" | RFC7515 §5.2 (RFC 7515; metin/RFC7515.txt:876): "which MUST be accurately represented by the value of the "alg" (algorithm) Header Parameter" | [T335] RFC9864 §7 (RFC 9864; metin/RFC9864.txt:650): "A cryptographic key MUST be used with only a single algorithm" | RFC7518 §3.4 (RFC 7518; metin/RFC7518.txt:487): "The JWS Signature value MUST be a 64-octet sequence." | ÖK §6.5 K10 (ON-KAYIT v0.8 (capa 7); 00-on-kayit/ON-KAYIT-TASLAK.md:1067): "Alg–anahtar uyuşmazlığı | RED (L2/L3)" | [T314] RFC7515 §5.2 (RFC 7515; metin/RFC7515.txt:810): "When there are multiple JWS Signature values, it is an application decision which of the JWS Signature values must successfully validate for the JWS to be accepted."	insa: ES256=geçersiz || W içinde geçersiz imza: ES256: başlık alg ile anahtarın algoritması uyuşmuyor (K10)
K10C_alg-ML-DSA-65-ES256_anahtar-ML-DSA-65	GEC	tedavi-composite	birincil	K10	reject	[T329] JWTBCP §3.1 (draft-ietf-oauth-rfc8725bis-10; metin/JWTBCP.txt:469): "is consistent with the algorithm associated with the key identified by the corresponding identifier" | RFC7515 §5.2 (RFC 7515; metin/RFC7515.txt:876): "which MUST be accurately represented by the value of the "alg" (algorithm) Header Parameter" | [T335] RFC9864 §7 (RFC 9864; metin/RFC9864.txt:650): "A cryptographic key MUST be used with only a single algorithm" | [T337] RFC9964 §3 (RFC 9964; metin/RFC9964.txt:112): "The alg JSON Web Key (JWK) parameter or COSE Key Common parameter is REQUIRED for all AKP keys." | ÖK §4.15 (ON-KAYIT v0.8 (capa 7); 00-on-kayit/ON-KAYIT-TASLAK.md:881): "V+: tek geçerli klasik imza → KABUL; V−: bozuk imza → RED" | [T315] RFC7515 §5.2 (RFC 7515; metin/RFC7515.txt:815): "at least one JWS Signature value MUST successfully validate, or the JWS MUST be considered invalid"	insa: ML-DSA-65-ES256=geçersiz || başlık alg ile anahtarın algoritması uyuşmuyor (K10)
K10C_alg-ML-DSA-65-ES256_anahtar-ML-DSA-65	IZIN-A	tedavi-composite	birincil	K10	reject	[T327] JWTBCP §3.1 (draft-ietf-oauth-rfc8725bis-10; metin/JWTBCP.txt:464): "MUST NOT employ any algorithms outside this configured set" | [T315] RFC7515 §5.2 (RFC 7515; metin/RFC7515.txt:815): "at least one JWS Signature value MUST successfully validate, or the JWS MUST be considered invalid" | ÖK §4.13 L1 (ON-KAYIT v0.8 (capa 7); 00-on-kayit/ON-KAYIT-TASLAK.md:841): "Doğrulayıcı genelinde izin listesi; izinsiz algoritma reddediliyor" | ÖK §6.5 K10 (ON-KAYIT v0.8 (capa 7); 00-on-kayit/ON-KAYIT-TASLAK.md:1067): "Alg–anahtar uyuşmazlığı | RED (L2/L3)"	insa: ML-DSA-65-ES256=geçersiz || alg ML-DSA-65-ES256 izin kümesi W=['ES256'] dışında
K10C_alg-ML-DSA-65-ES256_anahtar-ML-DSA-65	IZIN-AX	tedavi-composite	birincil	K10	reject	[T329] JWTBCP §3.1 (draft-ietf-oauth-rfc8725bis-10; metin/JWTBCP.txt:469): "is consistent with the algorithm associated with the key identified by the corresponding identifier" | RFC7515 §5.2 (RFC 7515; metin/RFC7515.txt:876): "which MUST be accurately represented by the value of the "alg" (algorithm) Header Parameter" | [T335] RFC9864 §7 (RFC 9864; metin/RFC9864.txt:650): "A cryptographic key MUST be used with only a single algorithm" | [T337] RFC9964 §3 (RFC 9964; metin/RFC9964.txt:112): "The alg JSON Web Key (JWK) parameter or COSE Key Common parameter is REQUIRED for all AKP keys." | ÖK §6.5 K10 (ON-KAYIT v0.8 (capa 7); 00-on-kayit/ON-KAYIT-TASLAK.md:1067): "Alg–anahtar uyuşmazlığı | RED (L2/L3)" | ÖK §4.13 L1 (ON-KAYIT v0.8 (capa 7); 00-on-kayit/ON-KAYIT-TASLAK.md:841): "Doğrulayıcı genelinde izin listesi; izinsiz algoritma reddediliyor" | [T327] JWTBCP §3.1 (draft-ietf-oauth-rfc8725bis-10; metin/JWTBCP.txt:464): "MUST NOT employ any algorithms outside this configured set" | ÖK §4.13 L3 (ON-KAYIT v0.8 (capa 7); 00-on-kayit/ON-KAYIT-TASLAK.md:843): "Anahtar ya da ihraççı başına algoritma bağlama; K10 (alg–anahtar uyuşmazlığı) reddediliyor"	insa: ML-DSA-65-ES256=geçersiz || başlık alg ile anahtarın algoritması uyuşmuyor (K10)
K10C_alg-ML-DSA-65-ES256_anahtar-ML-DSA-65	L4	tedavi-composite	birincil	K10	reject	ÖK §6.5 (ON-KAYIT v0.8 (capa 7); 00-on-kayit/ON-KAYIT-TASLAK.md:1054): "İhraççı başına gerekli küme R = {X}, izinli küme {A, X}." | [T328] JWTBCP §3.1 (draft-ietf-oauth-rfc8725bis-10; metin/JWTBCP.txt:482): "it MUST determine which algorithms are permitted for itself and that issuer and ensure that the received JWT complies with those requirements" | ÖK §4.7 G5 (ON-KAYIT v0.8 (capa 7); 00-on-kayit/ON-KAYIT-TASLAK.md:767): "Göç etmiş bir varlık, ilan ettiği eski-sürüm penceresi dışında yalnız klasik kanıtla kabul edilemez." | JWTBCP §3.3 (draft-ietf-oauth-rfc8725bis-10; metin/JWTBCP.txt:566): "the entire JWT MUST be rejected if any of them fail to validate" | [T329] JWTBCP §3.1 (draft-ietf-oauth-rfc8725bis-10; metin/JWTBCP.txt:469): "is consistent with the algorithm associated with the key identified by the corresponding identifier" | RFC7515 §5.2 (RFC 7515; metin/RFC7515.txt:876): "which MUST be accurately represented by the value of the "alg" (algorithm) Header Parameter" | [T335] RFC9864 §7 (RFC 9864; metin/RFC9864.txt:650): "A cryptographic key MUST be used with only a single algorithm" | [T337] RFC9964 §3 (RFC 9964; metin/RFC9964.txt:112): "The alg JSON Web Key (JWK) parameter or COSE Key Common parameter is REQUIRED for all AKP keys." | ÖK §6.5 K10 (ON-KAYIT v0.8 (capa 7); 00-on-kayit/ON-KAYIT-TASLAK.md:1067): "Alg–anahtar uyuşmazlığı | RED (L2/L3)" | ÖK §4.13 L4 (ON-KAYIT v0.8 (capa 7); 00-on-kayit/ON-KAYIT-TASLAK.md:844): "Yapılandırılmış hâlde K1 KABUL, K2 RED, K3 RED (§6.5)"	insa: ML-DSA-65-ES256=geçersiz || W içinde geçersiz imza: ML-DSA-65-ES256: başlık alg ile anahtarın algoritması uyuşmuyor (K10)
K10C_alg-ML-DSA-65-ES256_anahtar-ML-DSA-65	L4-S	tedavi-composite	birincil	K10	reject	ÖK §6.5 (ON-KAYIT v0.8 (capa 7); 00-on-kayit/ON-KAYIT-TASLAK.md:1054): "İhraççı başına gerekli küme R = {X}, izinli küme {A, X}." | [T328] JWTBCP §3.1 (draft-ietf-oauth-rfc8725bis-10; metin/JWTBCP.txt:482): "it MUST determine which algorithms are permitted for itself and that issuer and ensure that the received JWT complies with those requirements" | ÖK §4.7 G5 (ON-KAYIT v0.8 (capa 7); 00-on-kayit/ON-KAYIT-TASLAK.md:767): "Göç etmiş bir varlık, ilan ettiği eski-sürüm penceresi dışında yalnız klasik kanıtla kabul edilemez." | JWTBCP §3.3 (draft-ietf-oauth-rfc8725bis-10; metin/JWTBCP.txt:566): "the entire JWT MUST be rejected if any of them fail to validate" | [T329] JWTBCP §3.1 (draft-ietf-oauth-rfc8725bis-10; metin/JWTBCP.txt:469): "is consistent with the algorithm associated with the key identified by the corresponding identifier" | RFC7515 §5.2 (RFC 7515; metin/RFC7515.txt:876): "which MUST be accurately represented by the value of the "alg" (algorithm) Header Parameter" | [T335] RFC9864 §7 (RFC 9864; metin/RFC9864.txt:650): "A cryptographic key MUST be used with only a single algorithm" | [T337] RFC9964 §3 (RFC 9964; metin/RFC9964.txt:112): "The alg JSON Web Key (JWK) parameter or COSE Key Common parameter is REQUIRED for all AKP keys." | ÖK §6.5 K10 (ON-KAYIT v0.8 (capa 7); 00-on-kayit/ON-KAYIT-TASLAK.md:1067): "Alg–anahtar uyuşmazlığı | RED (L2/L3)" | ÖK §4.8 P3 (ON-KAYIT v0.8 (capa 7); 00-on-kayit/ON-KAYIT-TASLAK.md:778): "P2 + ihraççı başına gerekli küme R_I"	insa: ML-DSA-65-ES256=geçersiz || W içinde geçersiz imza: ML-DSA-65-ES256: başlık alg ile anahtarın algoritması uyuşmuyor (K10)
K10C_alg-ML-DSA-65-ES256_anahtar-ML-DSA-65	L4-Y	tedavi-composite	birincil	K10	reject	ÖK §6.5 (ON-KAYIT v0.8 (capa 7); 00-on-kayit/ON-KAYIT-TASLAK.md:1054): "İhraççı başına gerekli küme R = {X}, izinli küme {A, X}." | [T328] JWTBCP §3.1 (draft-ietf-oauth-rfc8725bis-10; metin/JWTBCP.txt:482): "it MUST determine which algorithms are permitted for itself and that issuer and ensure that the received JWT complies with those requirements" | ÖK §4.7 G5 (ON-KAYIT v0.8 (capa 7); 00-on-kayit/ON-KAYIT-TASLAK.md:767): "Göç etmiş bir varlık, ilan ettiği eski-sürüm penceresi dışında yalnız klasik kanıtla kabul edilemez." | JWTBCP §3.3 (draft-ietf-oauth-rfc8725bis-10; metin/JWTBCP.txt:566): "the entire JWT MUST be rejected if any of them fail to validate" | [T329] JWTBCP §3.1 (draft-ietf-oauth-rfc8725bis-10; metin/JWTBCP.txt:469): "is consistent with the algorithm associated with the key identified by the corresponding identifier" | RFC7515 §5.2 (RFC 7515; metin/RFC7515.txt:876): "which MUST be accurately represented by the value of the "alg" (algorithm) Header Parameter" | [T335] RFC9864 §7 (RFC 9864; metin/RFC9864.txt:650): "A cryptographic key MUST be used with only a single algorithm" | [T337] RFC9964 §3 (RFC 9964; metin/RFC9964.txt:112): "The alg JSON Web Key (JWK) parameter or COSE Key Common parameter is REQUIRED for all AKP keys." | ÖK §6.5 K10 (ON-KAYIT v0.8 (capa 7); 00-on-kayit/ON-KAYIT-TASLAK.md:1067): "Alg–anahtar uyuşmazlığı | RED (L2/L3)" | [T314] RFC7515 §5.2 (RFC 7515; metin/RFC7515.txt:810): "When there are multiple JWS Signature values, it is an application decision which of the JWS Signature values must successfully validate for the JWS to be accepted."	insa: ML-DSA-65-ES256=geçersiz || W içinde geçersiz imza: ML-DSA-65-ES256: başlık alg ile anahtarın algoritması uyuşmuyor (K10)
K10C_alg-ML-DSA-65_anahtar-ML-DSA-65-ES256	GEC	tedavi-composite	birincil	K10	reject	[T329] JWTBCP §3.1 (draft-ietf-oauth-rfc8725bis-10; metin/JWTBCP.txt:469): "is consistent with the algorithm associated with the key identified by the corresponding identifier" | RFC7515 §5.2 (RFC 7515; metin/RFC7515.txt:876): "which MUST be accurately represented by the value of the "alg" (algorithm) Header Parameter" | [T335] RFC9864 §7 (RFC 9864; metin/RFC9864.txt:650): "A cryptographic key MUST be used with only a single algorithm" | [T337] RFC9964 §3 (RFC 9964; metin/RFC9964.txt:112): "The alg JSON Web Key (JWK) parameter or COSE Key Common parameter is REQUIRED for all AKP keys." | ÖK §4.15 (ON-KAYIT v0.8 (capa 7); 00-on-kayit/ON-KAYIT-TASLAK.md:881): "V+: tek geçerli klasik imza → KABUL; V−: bozuk imza → RED" | [T315] RFC7515 §5.2 (RFC 7515; metin/RFC7515.txt:815): "at least one JWS Signature value MUST successfully validate, or the JWS MUST be considered invalid"	insa: ML-DSA-65=geçersiz || başlık alg ile anahtarın algoritması uyuşmuyor (K10)
K10C_alg-ML-DSA-65_anahtar-ML-DSA-65-ES256	IZIN-A	tedavi-composite	birincil	K10	reject	[T327] JWTBCP §3.1 (draft-ietf-oauth-rfc8725bis-10; metin/JWTBCP.txt:464): "MUST NOT employ any algorithms outside this configured set" | [T315] RFC7515 §5.2 (RFC 7515; metin/RFC7515.txt:815): "at least one JWS Signature value MUST successfully validate, or the JWS MUST be considered invalid" | ÖK §4.13 L1 (ON-KAYIT v0.8 (capa 7); 00-on-kayit/ON-KAYIT-TASLAK.md:841): "Doğrulayıcı genelinde izin listesi; izinsiz algoritma reddediliyor" | ÖK §6.5 K10 (ON-KAYIT v0.8 (capa 7); 00-on-kayit/ON-KAYIT-TASLAK.md:1067): "Alg–anahtar uyuşmazlığı | RED (L2/L3)"	insa: ML-DSA-65=geçersiz || alg ML-DSA-65 izin kümesi W=['ES256'] dışında
K10C_alg-ML-DSA-65_anahtar-ML-DSA-65-ES256	IZIN-AX	tedavi-composite	birincil	K10	reject	[T327] JWTBCP §3.1 (draft-ietf-oauth-rfc8725bis-10; metin/JWTBCP.txt:464): "MUST NOT employ any algorithms outside this configured set" | [T315] RFC7515 §5.2 (RFC 7515; metin/RFC7515.txt:815): "at least one JWS Signature value MUST successfully validate, or the JWS MUST be considered invalid" | ÖK §4.13 L1 (ON-KAYIT v0.8 (capa 7); 00-on-kayit/ON-KAYIT-TASLAK.md:841): "Doğrulayıcı genelinde izin listesi; izinsiz algoritma reddediliyor" | ÖK §6.5 K10 (ON-KAYIT v0.8 (capa 7); 00-on-kayit/ON-KAYIT-TASLAK.md:1067): "Alg–anahtar uyuşmazlığı | RED (L2/L3)" | ÖK §4.13 L3 (ON-KAYIT v0.8 (capa 7); 00-on-kayit/ON-KAYIT-TASLAK.md:843): "Anahtar ya da ihraççı başına algoritma bağlama; K10 (alg–anahtar uyuşmazlığı) reddediliyor"	insa: ML-DSA-65=geçersiz || alg ML-DSA-65 izin kümesi W=['ES256', 'ML-DSA-65-ES256'] dışında
K10C_alg-ML-DSA-65_anahtar-ML-DSA-65-ES256	L4	tedavi-composite	birincil	K10	reject	ÖK §6.5 (ON-KAYIT v0.8 (capa 7); 00-on-kayit/ON-KAYIT-TASLAK.md:1054): "İhraççı başına gerekli küme R = {X}, izinli küme {A, X}." | [T328] JWTBCP §3.1 (draft-ietf-oauth-rfc8725bis-10; metin/JWTBCP.txt:482): "it MUST determine which algorithms are permitted for itself and that issuer and ensure that the received JWT complies with those requirements" | ÖK §4.7 G5 (ON-KAYIT v0.8 (capa 7); 00-on-kayit/ON-KAYIT-TASLAK.md:767): "Göç etmiş bir varlık, ilan ettiği eski-sürüm penceresi dışında yalnız klasik kanıtla kabul edilemez." | ÖK §4.8 P3 (ON-KAYIT v0.8 (capa 7); 00-on-kayit/ON-KAYIT-TASLAK.md:778): "P2 + ihraççı başına gerekli küme R_I" | ÖK §4.8 P1 (ON-KAYIT v0.8 (capa 7); 00-on-kayit/ON-KAYIT-TASLAK.md:776): "Mevcut imzaların tümü geçerliyse kabul. İmza silinmesi (soyma) fark edilmez" | [T135] ACM2 Note 51 (ECCG ACM v2.0; metin/ACM2.txt:946): "the veriﬁcation function accepting if and only if all signatures are correct" | [T316] RFC7515 §5.2 (RFC 7515; metin/RFC7515.txt:894): "unless the algorithm(s) used in the JWS are acceptable to the application, it SHOULD consider the JWS to be invalid" | [T327] JWTBCP §3.1 (draft-ietf-oauth-rfc8725bis-10; metin/JWTBCP.txt:464): "MUST NOT employ any algorithms outside this configured set" | ÖK §4.13 L4 (ON-KAYIT v0.8 (capa 7); 00-on-kayit/ON-KAYIT-TASLAK.md:844): "Yapılandırılmış hâlde K1 KABUL, K2 RED, K3 RED (§6.5)" | ÖK §6.5 K10 (ON-KAYIT v0.8 (capa 7); 00-on-kayit/ON-KAYIT-TASLAK.md:1067): "Alg–anahtar uyuşmazlığı | RED (L2/L3)"	insa: ML-DSA-65=geçersiz || S: W dışı imza var (ML-DSA-65) → mevcut-tümü-geçerli koşulu sağlanmaz || gerekli küme R=['ML-DSA-65-ES256'] karşılanmıyor (yalnız hiç imza yok)
K10C_alg-ML-DSA-65_anahtar-ML-DSA-65-ES256	L4-S	tedavi-composite	birincil	K10	reject	ÖK §6.5 (ON-KAYIT v0.8 (capa 7); 00-on-kayit/ON-KAYIT-TASLAK.md:1054): "İhraççı başına gerekli küme R = {X}, izinli küme {A, X}." | [T328] JWTBCP §3.1 (draft-ietf-oauth-rfc8725bis-10; metin/JWTBCP.txt:482): "it MUST determine which algorithms are permitted for itself and that issuer and ensure that the received JWT complies with those requirements" | ÖK §4.7 G5 (ON-KAYIT v0.8 (capa 7); 00-on-kayit/ON-KAYIT-TASLAK.md:767): "Göç etmiş bir varlık, ilan ettiği eski-sürüm penceresi dışında yalnız klasik kanıtla kabul edilemez." | ÖK §4.8 P3 (ON-KAYIT v0.8 (capa 7); 00-on-kayit/ON-KAYIT-TASLAK.md:778): "P2 + ihraççı başına gerekli küme R_I" | ÖK §4.8 P1 (ON-KAYIT v0.8 (capa 7); 00-on-kayit/ON-KAYIT-TASLAK.md:776): "Mevcut imzaların tümü geçerliyse kabul. İmza silinmesi (soyma) fark edilmez" | [T135] ACM2 Note 51 (ECCG ACM v2.0; metin/ACM2.txt:946): "the veriﬁcation function accepting if and only if all signatures are correct" | [T316] RFC7515 §5.2 (RFC 7515; metin/RFC7515.txt:894): "unless the algorithm(s) used in the JWS are acceptable to the application, it SHOULD consider the JWS to be invalid" | [T327] JWTBCP §3.1 (draft-ietf-oauth-rfc8725bis-10; metin/JWTBCP.txt:464): "MUST NOT employ any algorithms outside this configured set" | ÖK §6.5 K10 (ON-KAYIT v0.8 (capa 7); 00-on-kayit/ON-KAYIT-TASLAK.md:1067): "Alg–anahtar uyuşmazlığı | RED (L2/L3)"	insa: ML-DSA-65=geçersiz || S: W dışı imza var (ML-DSA-65) → mevcut-tümü-geçerli koşulu sağlanmaz
K10C_alg-ML-DSA-65_anahtar-ML-DSA-65-ES256	L4-Y	tedavi-composite	birincil	K10	reject	ÖK §6.5 (ON-KAYIT v0.8 (capa 7); 00-on-kayit/ON-KAYIT-TASLAK.md:1054): "İhraççı başına gerekli küme R = {X}, izinli küme {A, X}." | [T328] JWTBCP §3.1 (draft-ietf-oauth-rfc8725bis-10; metin/JWTBCP.txt:482): "it MUST determine which algorithms are permitted for itself and that issuer and ensure that the received JWT complies with those requirements" | ÖK §4.7 G5 (ON-KAYIT v0.8 (capa 7); 00-on-kayit/ON-KAYIT-TASLAK.md:767): "Göç etmiş bir varlık, ilan ettiği eski-sürüm penceresi dışında yalnız klasik kanıtla kabul edilemez." | ÖK §4.13 L4 (ON-KAYIT v0.8 (capa 7); 00-on-kayit/ON-KAYIT-TASLAK.md:844): "Yapılandırılmış hâlde K1 KABUL, K2 RED, K3 RED (§6.5)" | ÖK §6.5 K10 (ON-KAYIT v0.8 (capa 7); 00-on-kayit/ON-KAYIT-TASLAK.md:1067): "Alg–anahtar uyuşmazlığı | RED (L2/L3)" | [T314] RFC7515 §5.2 (RFC 7515; metin/RFC7515.txt:810): "When there are multiple JWS Signature values, it is an application decision which of the JWS Signature values must successfully validate for the JWS to be accepted."	insa: ML-DSA-65=geçersiz || gerekli küme R=['ML-DSA-65-ES256'] karşılanmıyor (yalnız hiç imza yok)
VPLUS_ES256	GEC	kontrol-EdDSA	birincil	V+	accept-classical	ÖK §6.5 V± (ON-KAYIT v0.8 (capa 7); 00-on-kayit/ON-KAYIT-TASLAK.md:1069): "Adaptör geçerlilik kontrolleri | KABUL / RED" | ÖK §4.15 (ON-KAYIT v0.8 (capa 7); 00-on-kayit/ON-KAYIT-TASLAK.md:881): "V+: tek geçerli klasik imza → KABUL; V−: bozuk imza → RED" | [T315] RFC7515 §5.2 (RFC 7515; metin/RFC7515.txt:815): "at least one JWS Signature value MUST successfully validate, or the JWS MUST be considered invalid"	insa: ES256=geçerli || imza(lar) geçerli; alg ∈ W
VPLUS_ES256	IZIN-A	kontrol-EdDSA	birincil	V+	accept-classical	ÖK §4.13 L1 (ON-KAYIT v0.8 (capa 7); 00-on-kayit/ON-KAYIT-TASLAK.md:841): "Doğrulayıcı genelinde izin listesi; izinsiz algoritma reddediliyor" | [T327] JWTBCP §3.1 (draft-ietf-oauth-rfc8725bis-10; metin/JWTBCP.txt:464): "MUST NOT employ any algorithms outside this configured set"	insa: ES256=geçerli || imza(lar) geçerli; alg ∈ W
VPLUS_ES256	IZIN-AX	kontrol-EdDSA	birincil	V+	accept-classical	ÖK §4.13 L1 (ON-KAYIT v0.8 (capa 7); 00-on-kayit/ON-KAYIT-TASLAK.md:841): "Doğrulayıcı genelinde izin listesi; izinsiz algoritma reddediliyor" | [T327] JWTBCP §3.1 (draft-ietf-oauth-rfc8725bis-10; metin/JWTBCP.txt:464): "MUST NOT employ any algorithms outside this configured set" | ÖK §2B m.6 (ON-KAYIT v0.8 (capa 7); 00-on-kayit/ON-KAYIT-TASLAK.md:256): "Göç etmiş ihraççının yalnız klasik imzalı belgesi reddedilir, eski ihraççının klasik imzalı belgesi kabul edilir."	insa: ES256=geçerli || imza(lar) geçerli; alg ∈ W
VPLUS_ES256	L4	kontrol-EdDSA	birincil	V+	reject	ÖK §6.5 (ON-KAYIT v0.8 (capa 7); 00-on-kayit/ON-KAYIT-TASLAK.md:1054): "İhraççı başına gerekli küme R = {X}, izinli küme {A, X}." | [T328] JWTBCP §3.1 (draft-ietf-oauth-rfc8725bis-10; metin/JWTBCP.txt:482): "it MUST determine which algorithms are permitted for itself and that issuer and ensure that the received JWT complies with those requirements" | ÖK §4.7 G5 (ON-KAYIT v0.8 (capa 7); 00-on-kayit/ON-KAYIT-TASLAK.md:767): "Göç etmiş bir varlık, ilan ettiği eski-sürüm penceresi dışında yalnız klasik kanıtla kabul edilemez." | ÖK §4.13 L4 (ON-KAYIT v0.8 (capa 7); 00-on-kayit/ON-KAYIT-TASLAK.md:844): "Yapılandırılmış hâlde K1 KABUL, K2 RED, K3 RED (§6.5)" | ÖK §2B m.6 (ON-KAYIT v0.8 (capa 7); 00-on-kayit/ON-KAYIT-TASLAK.md:256): "Göç etmiş ihraççının yalnız klasik imzalı belgesi reddedilir, eski ihraççının klasik imzalı belgesi kabul edilir."	insa: ES256=geçerli || gerekli küme R=['EdDSA'] karşılanmıyor (yalnız ES256)
VPLUS_ES256	L4-S	kontrol-EdDSA	birincil	V+	reject	ÖK §6.5 (ON-KAYIT v0.8 (capa 7); 00-on-kayit/ON-KAYIT-TASLAK.md:1054): "İhraççı başına gerekli küme R = {X}, izinli küme {A, X}." | [T328] JWTBCP §3.1 (draft-ietf-oauth-rfc8725bis-10; metin/JWTBCP.txt:482): "it MUST determine which algorithms are permitted for itself and that issuer and ensure that the received JWT complies with those requirements" | ÖK §4.7 G5 (ON-KAYIT v0.8 (capa 7); 00-on-kayit/ON-KAYIT-TASLAK.md:767): "Göç etmiş bir varlık, ilan ettiği eski-sürüm penceresi dışında yalnız klasik kanıtla kabul edilemez." | ÖK §4.13 L4 (ON-KAYIT v0.8 (capa 7); 00-on-kayit/ON-KAYIT-TASLAK.md:844): "Yapılandırılmış hâlde K1 KABUL, K2 RED, K3 RED (§6.5)" | ÖK §4.8 P3 (ON-KAYIT v0.8 (capa 7); 00-on-kayit/ON-KAYIT-TASLAK.md:778): "P2 + ihraççı başına gerekli küme R_I" | ÖK §2B m.6 (ON-KAYIT v0.8 (capa 7); 00-on-kayit/ON-KAYIT-TASLAK.md:256): "Göç etmiş ihraççının yalnız klasik imzalı belgesi reddedilir, eski ihraççının klasik imzalı belgesi kabul edilir."	insa: ES256=geçerli || gerekli küme R=['EdDSA'] karşılanmıyor (yalnız ES256)
VPLUS_ES256	L4-Y	kontrol-EdDSA	birincil	V+	reject	ÖK §6.5 (ON-KAYIT v0.8 (capa 7); 00-on-kayit/ON-KAYIT-TASLAK.md:1054): "İhraççı başına gerekli küme R = {X}, izinli küme {A, X}." | [T328] JWTBCP §3.1 (draft-ietf-oauth-rfc8725bis-10; metin/JWTBCP.txt:482): "it MUST determine which algorithms are permitted for itself and that issuer and ensure that the received JWT complies with those requirements" | ÖK §4.7 G5 (ON-KAYIT v0.8 (capa 7); 00-on-kayit/ON-KAYIT-TASLAK.md:767): "Göç etmiş bir varlık, ilan ettiği eski-sürüm penceresi dışında yalnız klasik kanıtla kabul edilemez." | ÖK §4.13 L4 (ON-KAYIT v0.8 (capa 7); 00-on-kayit/ON-KAYIT-TASLAK.md:844): "Yapılandırılmış hâlde K1 KABUL, K2 RED, K3 RED (§6.5)" | [T314] RFC7515 §5.2 (RFC 7515; metin/RFC7515.txt:810): "When there are multiple JWS Signature values, it is an application decision which of the JWS Signature values must successfully validate for the JWS to be accepted." | ÖK §2B m.6 (ON-KAYIT v0.8 (capa 7); 00-on-kayit/ON-KAYIT-TASLAK.md:256): "Göç etmiş ihraççının yalnız klasik imzalı belgesi reddedilir, eski ihraççının klasik imzalı belgesi kabul edilir."	insa: ES256=geçerli || gerekli küme R=['EdDSA'] karşılanmıyor (yalnız ES256)
VPLUS_ES256	GEC	kontrol-Ed25519	birincil	V+	accept-classical	ÖK §6.5 V± (ON-KAYIT v0.8 (capa 7); 00-on-kayit/ON-KAYIT-TASLAK.md:1069): "Adaptör geçerlilik kontrolleri | KABUL / RED" | ÖK §4.15 (ON-KAYIT v0.8 (capa 7); 00-on-kayit/ON-KAYIT-TASLAK.md:881): "V+: tek geçerli klasik imza → KABUL; V−: bozuk imza → RED" | [T315] RFC7515 §5.2 (RFC 7515; metin/RFC7515.txt:815): "at least one JWS Signature value MUST successfully validate, or the JWS MUST be considered invalid"	insa: ES256=geçerli || imza(lar) geçerli; alg ∈ W
VPLUS_ES256	IZIN-A	kontrol-Ed25519	birincil	V+	accept-classical	ÖK §4.13 L1 (ON-KAYIT v0.8 (capa 7); 00-on-kayit/ON-KAYIT-TASLAK.md:841): "Doğrulayıcı genelinde izin listesi; izinsiz algoritma reddediliyor" | [T327] JWTBCP §3.1 (draft-ietf-oauth-rfc8725bis-10; metin/JWTBCP.txt:464): "MUST NOT employ any algorithms outside this configured set"	insa: ES256=geçerli || imza(lar) geçerli; alg ∈ W
VPLUS_ES256	IZIN-AX	kontrol-Ed25519	birincil	V+	accept-classical	ÖK §4.13 L1 (ON-KAYIT v0.8 (capa 7); 00-on-kayit/ON-KAYIT-TASLAK.md:841): "Doğrulayıcı genelinde izin listesi; izinsiz algoritma reddediliyor" | [T327] JWTBCP §3.1 (draft-ietf-oauth-rfc8725bis-10; metin/JWTBCP.txt:464): "MUST NOT employ any algorithms outside this configured set" | ÖK §2B m.6 (ON-KAYIT v0.8 (capa 7); 00-on-kayit/ON-KAYIT-TASLAK.md:256): "Göç etmiş ihraççının yalnız klasik imzalı belgesi reddedilir, eski ihraççının klasik imzalı belgesi kabul edilir."	insa: ES256=geçerli || imza(lar) geçerli; alg ∈ W
VPLUS_ES256	L4	kontrol-Ed25519	birincil	V+	reject	ÖK §6.5 (ON-KAYIT v0.8 (capa 7); 00-on-kayit/ON-KAYIT-TASLAK.md:1054): "İhraççı başına gerekli küme R = {X}, izinli küme {A, X}." | [T328] JWTBCP §3.1 (draft-ietf-oauth-rfc8725bis-10; metin/JWTBCP.txt:482): "it MUST determine which algorithms are permitted for itself and that issuer and ensure that the received JWT complies with those requirements" | ÖK §4.7 G5 (ON-KAYIT v0.8 (capa 7); 00-on-kayit/ON-KAYIT-TASLAK.md:767): "Göç etmiş bir varlık, ilan ettiği eski-sürüm penceresi dışında yalnız klasik kanıtla kabul edilemez." | ÖK §4.13 L4 (ON-KAYIT v0.8 (capa 7); 00-on-kayit/ON-KAYIT-TASLAK.md:844): "Yapılandırılmış hâlde K1 KABUL, K2 RED, K3 RED (§6.5)" | ÖK §2B m.6 (ON-KAYIT v0.8 (capa 7); 00-on-kayit/ON-KAYIT-TASLAK.md:256): "Göç etmiş ihraççının yalnız klasik imzalı belgesi reddedilir, eski ihraççının klasik imzalı belgesi kabul edilir."	insa: ES256=geçerli || gerekli küme R=['Ed25519'] karşılanmıyor (yalnız ES256)
VPLUS_ES256	L4-S	kontrol-Ed25519	birincil	V+	reject	ÖK §6.5 (ON-KAYIT v0.8 (capa 7); 00-on-kayit/ON-KAYIT-TASLAK.md:1054): "İhraççı başına gerekli küme R = {X}, izinli küme {A, X}." | [T328] JWTBCP §3.1 (draft-ietf-oauth-rfc8725bis-10; metin/JWTBCP.txt:482): "it MUST determine which algorithms are permitted for itself and that issuer and ensure that the received JWT complies with those requirements" | ÖK §4.7 G5 (ON-KAYIT v0.8 (capa 7); 00-on-kayit/ON-KAYIT-TASLAK.md:767): "Göç etmiş bir varlık, ilan ettiği eski-sürüm penceresi dışında yalnız klasik kanıtla kabul edilemez." | ÖK §4.13 L4 (ON-KAYIT v0.8 (capa 7); 00-on-kayit/ON-KAYIT-TASLAK.md:844): "Yapılandırılmış hâlde K1 KABUL, K2 RED, K3 RED (§6.5)" | ÖK §4.8 P3 (ON-KAYIT v0.8 (capa 7); 00-on-kayit/ON-KAYIT-TASLAK.md:778): "P2 + ihraççı başına gerekli küme R_I" | ÖK §2B m.6 (ON-KAYIT v0.8 (capa 7); 00-on-kayit/ON-KAYIT-TASLAK.md:256): "Göç etmiş ihraççının yalnız klasik imzalı belgesi reddedilir, eski ihraççının klasik imzalı belgesi kabul edilir."	insa: ES256=geçerli || gerekli küme R=['Ed25519'] karşılanmıyor (yalnız ES256)
VPLUS_ES256	L4-Y	kontrol-Ed25519	birincil	V+	reject	ÖK §6.5 (ON-KAYIT v0.8 (capa 7); 00-on-kayit/ON-KAYIT-TASLAK.md:1054): "İhraççı başına gerekli küme R = {X}, izinli küme {A, X}." | [T328] JWTBCP §3.1 (draft-ietf-oauth-rfc8725bis-10; metin/JWTBCP.txt:482): "it MUST determine which algorithms are permitted for itself and that issuer and ensure that the received JWT complies with those requirements" | ÖK §4.7 G5 (ON-KAYIT v0.8 (capa 7); 00-on-kayit/ON-KAYIT-TASLAK.md:767): "Göç etmiş bir varlık, ilan ettiği eski-sürüm penceresi dışında yalnız klasik kanıtla kabul edilemez." | ÖK §4.13 L4 (ON-KAYIT v0.8 (capa 7); 00-on-kayit/ON-KAYIT-TASLAK.md:844): "Yapılandırılmış hâlde K1 KABUL, K2 RED, K3 RED (§6.5)" | [T314] RFC7515 §5.2 (RFC 7515; metin/RFC7515.txt:810): "When there are multiple JWS Signature values, it is an application decision which of the JWS Signature values must successfully validate for the JWS to be accepted." | ÖK §2B m.6 (ON-KAYIT v0.8 (capa 7); 00-on-kayit/ON-KAYIT-TASLAK.md:256): "Göç etmiş ihraççının yalnız klasik imzalı belgesi reddedilir, eski ihraççının klasik imzalı belgesi kabul edilir."	insa: ES256=geçerli || gerekli küme R=['Ed25519'] karşılanmıyor (yalnız ES256)
VPLUS_ES256	GEC	tedavi-ML-DSA-65	birincil	V+	accept-classical	ÖK §6.5 V± (ON-KAYIT v0.8 (capa 7); 00-on-kayit/ON-KAYIT-TASLAK.md:1069): "Adaptör geçerlilik kontrolleri | KABUL / RED" | ÖK §4.15 (ON-KAYIT v0.8 (capa 7); 00-on-kayit/ON-KAYIT-TASLAK.md:881): "V+: tek geçerli klasik imza → KABUL; V−: bozuk imza → RED" | [T315] RFC7515 §5.2 (RFC 7515; metin/RFC7515.txt:815): "at least one JWS Signature value MUST successfully validate, or the JWS MUST be considered invalid"	insa: ES256=geçerli || imza(lar) geçerli; alg ∈ W
VPLUS_ES256	IZIN-A	tedavi-ML-DSA-65	birincil	V+	accept-classical	ÖK §4.13 L1 (ON-KAYIT v0.8 (capa 7); 00-on-kayit/ON-KAYIT-TASLAK.md:841): "Doğrulayıcı genelinde izin listesi; izinsiz algoritma reddediliyor" | [T327] JWTBCP §3.1 (draft-ietf-oauth-rfc8725bis-10; metin/JWTBCP.txt:464): "MUST NOT employ any algorithms outside this configured set"	insa: ES256=geçerli || imza(lar) geçerli; alg ∈ W
VPLUS_ES256	IZIN-AX	tedavi-ML-DSA-65	birincil	V+	accept-classical	ÖK §4.13 L1 (ON-KAYIT v0.8 (capa 7); 00-on-kayit/ON-KAYIT-TASLAK.md:841): "Doğrulayıcı genelinde izin listesi; izinsiz algoritma reddediliyor" | [T327] JWTBCP §3.1 (draft-ietf-oauth-rfc8725bis-10; metin/JWTBCP.txt:464): "MUST NOT employ any algorithms outside this configured set" | ÖK §2B m.6 (ON-KAYIT v0.8 (capa 7); 00-on-kayit/ON-KAYIT-TASLAK.md:256): "Göç etmiş ihraççının yalnız klasik imzalı belgesi reddedilir, eski ihraççının klasik imzalı belgesi kabul edilir."	insa: ES256=geçerli || imza(lar) geçerli; alg ∈ W
VPLUS_ES256	L4	tedavi-ML-DSA-65	birincil	V+	reject	ÖK §6.5 (ON-KAYIT v0.8 (capa 7); 00-on-kayit/ON-KAYIT-TASLAK.md:1054): "İhraççı başına gerekli küme R = {X}, izinli küme {A, X}." | [T328] JWTBCP §3.1 (draft-ietf-oauth-rfc8725bis-10; metin/JWTBCP.txt:482): "it MUST determine which algorithms are permitted for itself and that issuer and ensure that the received JWT complies with those requirements" | ÖK §4.7 G5 (ON-KAYIT v0.8 (capa 7); 00-on-kayit/ON-KAYIT-TASLAK.md:767): "Göç etmiş bir varlık, ilan ettiği eski-sürüm penceresi dışında yalnız klasik kanıtla kabul edilemez." | ÖK §4.13 L4 (ON-KAYIT v0.8 (capa 7); 00-on-kayit/ON-KAYIT-TASLAK.md:844): "Yapılandırılmış hâlde K1 KABUL, K2 RED, K3 RED (§6.5)" | ÖK §2B m.6 (ON-KAYIT v0.8 (capa 7); 00-on-kayit/ON-KAYIT-TASLAK.md:256): "Göç etmiş ihraççının yalnız klasik imzalı belgesi reddedilir, eski ihraççının klasik imzalı belgesi kabul edilir."	insa: ES256=geçerli || gerekli küme R=['ML-DSA-65'] karşılanmıyor (yalnız ES256)
VPLUS_ES256	L4-S	tedavi-ML-DSA-65	birincil	V+	reject	ÖK §6.5 (ON-KAYIT v0.8 (capa 7); 00-on-kayit/ON-KAYIT-TASLAK.md:1054): "İhraççı başına gerekli küme R = {X}, izinli küme {A, X}." | [T328] JWTBCP §3.1 (draft-ietf-oauth-rfc8725bis-10; metin/JWTBCP.txt:482): "it MUST determine which algorithms are permitted for itself and that issuer and ensure that the received JWT complies with those requirements" | ÖK §4.7 G5 (ON-KAYIT v0.8 (capa 7); 00-on-kayit/ON-KAYIT-TASLAK.md:767): "Göç etmiş bir varlık, ilan ettiği eski-sürüm penceresi dışında yalnız klasik kanıtla kabul edilemez." | ÖK §4.13 L4 (ON-KAYIT v0.8 (capa 7); 00-on-kayit/ON-KAYIT-TASLAK.md:844): "Yapılandırılmış hâlde K1 KABUL, K2 RED, K3 RED (§6.5)" | ÖK §4.8 P3 (ON-KAYIT v0.8 (capa 7); 00-on-kayit/ON-KAYIT-TASLAK.md:778): "P2 + ihraççı başına gerekli küme R_I" | ÖK §2B m.6 (ON-KAYIT v0.8 (capa 7); 00-on-kayit/ON-KAYIT-TASLAK.md:256): "Göç etmiş ihraççının yalnız klasik imzalı belgesi reddedilir, eski ihraççının klasik imzalı belgesi kabul edilir."	insa: ES256=geçerli || gerekli küme R=['ML-DSA-65'] karşılanmıyor (yalnız ES256)
VPLUS_ES256	L4-Y	tedavi-ML-DSA-65	birincil	V+	reject	ÖK §6.5 (ON-KAYIT v0.8 (capa 7); 00-on-kayit/ON-KAYIT-TASLAK.md:1054): "İhraççı başına gerekli küme R = {X}, izinli küme {A, X}." | [T328] JWTBCP §3.1 (draft-ietf-oauth-rfc8725bis-10; metin/JWTBCP.txt:482): "it MUST determine which algorithms are permitted for itself and that issuer and ensure that the received JWT complies with those requirements" | ÖK §4.7 G5 (ON-KAYIT v0.8 (capa 7); 00-on-kayit/ON-KAYIT-TASLAK.md:767): "Göç etmiş bir varlık, ilan ettiği eski-sürüm penceresi dışında yalnız klasik kanıtla kabul edilemez." | ÖK §4.13 L4 (ON-KAYIT v0.8 (capa 7); 00-on-kayit/ON-KAYIT-TASLAK.md:844): "Yapılandırılmış hâlde K1 KABUL, K2 RED, K3 RED (§6.5)" | [T314] RFC7515 §5.2 (RFC 7515; metin/RFC7515.txt:810): "When there are multiple JWS Signature values, it is an application decision which of the JWS Signature values must successfully validate for the JWS to be accepted." | ÖK §2B m.6 (ON-KAYIT v0.8 (capa 7); 00-on-kayit/ON-KAYIT-TASLAK.md:256): "Göç etmiş ihraççının yalnız klasik imzalı belgesi reddedilir, eski ihraççının klasik imzalı belgesi kabul edilir."	insa: ES256=geçerli || gerekli küme R=['ML-DSA-65'] karşılanmıyor (yalnız ES256)
VPLUS_ES256	GEC	tedavi-composite	birincil	V+	accept-classical	ÖK §6.5 V± (ON-KAYIT v0.8 (capa 7); 00-on-kayit/ON-KAYIT-TASLAK.md:1069): "Adaptör geçerlilik kontrolleri | KABUL / RED" | ÖK §4.15 (ON-KAYIT v0.8 (capa 7); 00-on-kayit/ON-KAYIT-TASLAK.md:881): "V+: tek geçerli klasik imza → KABUL; V−: bozuk imza → RED" | [T315] RFC7515 §5.2 (RFC 7515; metin/RFC7515.txt:815): "at least one JWS Signature value MUST successfully validate, or the JWS MUST be considered invalid"	insa: ES256=geçerli || imza(lar) geçerli; alg ∈ W
VPLUS_ES256	IZIN-A	tedavi-composite	birincil	V+	accept-classical	ÖK §4.13 L1 (ON-KAYIT v0.8 (capa 7); 00-on-kayit/ON-KAYIT-TASLAK.md:841): "Doğrulayıcı genelinde izin listesi; izinsiz algoritma reddediliyor" | [T327] JWTBCP §3.1 (draft-ietf-oauth-rfc8725bis-10; metin/JWTBCP.txt:464): "MUST NOT employ any algorithms outside this configured set"	insa: ES256=geçerli || imza(lar) geçerli; alg ∈ W
VPLUS_ES256	IZIN-AX	tedavi-composite	birincil	V+	accept-classical	ÖK §4.13 L1 (ON-KAYIT v0.8 (capa 7); 00-on-kayit/ON-KAYIT-TASLAK.md:841): "Doğrulayıcı genelinde izin listesi; izinsiz algoritma reddediliyor" | [T327] JWTBCP §3.1 (draft-ietf-oauth-rfc8725bis-10; metin/JWTBCP.txt:464): "MUST NOT employ any algorithms outside this configured set" | ÖK §2B m.6 (ON-KAYIT v0.8 (capa 7); 00-on-kayit/ON-KAYIT-TASLAK.md:256): "Göç etmiş ihraççının yalnız klasik imzalı belgesi reddedilir, eski ihraççının klasik imzalı belgesi kabul edilir."	insa: ES256=geçerli || imza(lar) geçerli; alg ∈ W
VPLUS_ES256	L4	tedavi-composite	birincil	V+	reject	ÖK §6.5 (ON-KAYIT v0.8 (capa 7); 00-on-kayit/ON-KAYIT-TASLAK.md:1054): "İhraççı başına gerekli küme R = {X}, izinli küme {A, X}." | [T328] JWTBCP §3.1 (draft-ietf-oauth-rfc8725bis-10; metin/JWTBCP.txt:482): "it MUST determine which algorithms are permitted for itself and that issuer and ensure that the received JWT complies with those requirements" | ÖK §4.7 G5 (ON-KAYIT v0.8 (capa 7); 00-on-kayit/ON-KAYIT-TASLAK.md:767): "Göç etmiş bir varlık, ilan ettiği eski-sürüm penceresi dışında yalnız klasik kanıtla kabul edilemez." | ÖK §4.13 L4 (ON-KAYIT v0.8 (capa 7); 00-on-kayit/ON-KAYIT-TASLAK.md:844): "Yapılandırılmış hâlde K1 KABUL, K2 RED, K3 RED (§6.5)" | ÖK §2B m.6 (ON-KAYIT v0.8 (capa 7); 00-on-kayit/ON-KAYIT-TASLAK.md:256): "Göç etmiş ihraççının yalnız klasik imzalı belgesi reddedilir, eski ihraççının klasik imzalı belgesi kabul edilir."	insa: ES256=geçerli || gerekli küme R=['ML-DSA-65-ES256'] karşılanmıyor (yalnız ES256)
VPLUS_ES256	L4-S	tedavi-composite	birincil	V+	reject	ÖK §6.5 (ON-KAYIT v0.8 (capa 7); 00-on-kayit/ON-KAYIT-TASLAK.md:1054): "İhraççı başına gerekli küme R = {X}, izinli küme {A, X}." | [T328] JWTBCP §3.1 (draft-ietf-oauth-rfc8725bis-10; metin/JWTBCP.txt:482): "it MUST determine which algorithms are permitted for itself and that issuer and ensure that the received JWT complies with those requirements" | ÖK §4.7 G5 (ON-KAYIT v0.8 (capa 7); 00-on-kayit/ON-KAYIT-TASLAK.md:767): "Göç etmiş bir varlık, ilan ettiği eski-sürüm penceresi dışında yalnız klasik kanıtla kabul edilemez." | ÖK §4.13 L4 (ON-KAYIT v0.8 (capa 7); 00-on-kayit/ON-KAYIT-TASLAK.md:844): "Yapılandırılmış hâlde K1 KABUL, K2 RED, K3 RED (§6.5)" | ÖK §4.8 P3 (ON-KAYIT v0.8 (capa 7); 00-on-kayit/ON-KAYIT-TASLAK.md:778): "P2 + ihraççı başına gerekli küme R_I" | ÖK §2B m.6 (ON-KAYIT v0.8 (capa 7); 00-on-kayit/ON-KAYIT-TASLAK.md:256): "Göç etmiş ihraççının yalnız klasik imzalı belgesi reddedilir, eski ihraççının klasik imzalı belgesi kabul edilir."	insa: ES256=geçerli || gerekli küme R=['ML-DSA-65-ES256'] karşılanmıyor (yalnız ES256)
VPLUS_ES256	L4-Y	tedavi-composite	birincil	V+	reject	ÖK §6.5 (ON-KAYIT v0.8 (capa 7); 00-on-kayit/ON-KAYIT-TASLAK.md:1054): "İhraççı başına gerekli küme R = {X}, izinli küme {A, X}." | [T328] JWTBCP §3.1 (draft-ietf-oauth-rfc8725bis-10; metin/JWTBCP.txt:482): "it MUST determine which algorithms are permitted for itself and that issuer and ensure that the received JWT complies with those requirements" | ÖK §4.7 G5 (ON-KAYIT v0.8 (capa 7); 00-on-kayit/ON-KAYIT-TASLAK.md:767): "Göç etmiş bir varlık, ilan ettiği eski-sürüm penceresi dışında yalnız klasik kanıtla kabul edilemez." | ÖK §4.13 L4 (ON-KAYIT v0.8 (capa 7); 00-on-kayit/ON-KAYIT-TASLAK.md:844): "Yapılandırılmış hâlde K1 KABUL, K2 RED, K3 RED (§6.5)" | [T314] RFC7515 §5.2 (RFC 7515; metin/RFC7515.txt:810): "When there are multiple JWS Signature values, it is an application decision which of the JWS Signature values must successfully validate for the JWS to be accepted." | ÖK §2B m.6 (ON-KAYIT v0.8 (capa 7); 00-on-kayit/ON-KAYIT-TASLAK.md:256): "Göç etmiş ihraççının yalnız klasik imzalı belgesi reddedilir, eski ihraççının klasik imzalı belgesi kabul edilir."	insa: ES256=geçerli || gerekli küme R=['ML-DSA-65-ES256'] karşılanmıyor (yalnız ES256)
VMINUS_ES256	GEC	kontrol-EdDSA	birincil	V-	reject	RFC7515 §5.2 (RFC 7515; metin/RFC7515.txt:876): "which MUST be accurately represented by the value of the "alg" (algorithm) Header Parameter" | ÖK §6.5 V± (ON-KAYIT v0.8 (capa 7); 00-on-kayit/ON-KAYIT-TASLAK.md:1069): "Adaptör geçerlilik kontrolleri | KABUL / RED" | ÖK §4.15 (ON-KAYIT v0.8 (capa 7); 00-on-kayit/ON-KAYIT-TASLAK.md:881): "V+: tek geçerli klasik imza → KABUL; V−: bozuk imza → RED" | [T315] RFC7515 §5.2 (RFC 7515; metin/RFC7515.txt:815): "at least one JWS Signature value MUST successfully validate, or the JWS MUST be considered invalid"	insa: ES256=geçersiz || imza bozuk (bozuk: bayt 32, bit 0 cevrildi)
VMINUS_ES256	IZIN-A	kontrol-EdDSA	birincil	V-	reject	RFC7515 §5.2 (RFC 7515; metin/RFC7515.txt:876): "which MUST be accurately represented by the value of the "alg" (algorithm) Header Parameter" | ÖK §4.13 L1 (ON-KAYIT v0.8 (capa 7); 00-on-kayit/ON-KAYIT-TASLAK.md:841): "Doğrulayıcı genelinde izin listesi; izinsiz algoritma reddediliyor" | [T327] JWTBCP §3.1 (draft-ietf-oauth-rfc8725bis-10; metin/JWTBCP.txt:464): "MUST NOT employ any algorithms outside this configured set"	insa: ES256=geçersiz || imza bozuk (bozuk: bayt 32, bit 0 cevrildi)
VMINUS_ES256	IZIN-AX	kontrol-EdDSA	birincil	V-	reject	RFC7515 §5.2 (RFC 7515; metin/RFC7515.txt:876): "which MUST be accurately represented by the value of the "alg" (algorithm) Header Parameter" | ÖK §4.13 L1 (ON-KAYIT v0.8 (capa 7); 00-on-kayit/ON-KAYIT-TASLAK.md:841): "Doğrulayıcı genelinde izin listesi; izinsiz algoritma reddediliyor" | [T327] JWTBCP §3.1 (draft-ietf-oauth-rfc8725bis-10; metin/JWTBCP.txt:464): "MUST NOT employ any algorithms outside this configured set"	insa: ES256=geçersiz || imza bozuk (bozuk: bayt 32, bit 0 cevrildi)
VMINUS_ES256	L4	kontrol-EdDSA	birincil	V-	reject	ÖK §6.5 (ON-KAYIT v0.8 (capa 7); 00-on-kayit/ON-KAYIT-TASLAK.md:1054): "İhraççı başına gerekli küme R = {X}, izinli küme {A, X}." | [T328] JWTBCP §3.1 (draft-ietf-oauth-rfc8725bis-10; metin/JWTBCP.txt:482): "it MUST determine which algorithms are permitted for itself and that issuer and ensure that the received JWT complies with those requirements" | ÖK §4.7 G5 (ON-KAYIT v0.8 (capa 7); 00-on-kayit/ON-KAYIT-TASLAK.md:767): "Göç etmiş bir varlık, ilan ettiği eski-sürüm penceresi dışında yalnız klasik kanıtla kabul edilemez." | JWTBCP §3.3 (draft-ietf-oauth-rfc8725bis-10; metin/JWTBCP.txt:566): "the entire JWT MUST be rejected if any of them fail to validate" | RFC7515 §5.2 (RFC 7515; metin/RFC7515.txt:876): "which MUST be accurately represented by the value of the "alg" (algorithm) Header Parameter" | ÖK §4.13 L4 (ON-KAYIT v0.8 (capa 7); 00-on-kayit/ON-KAYIT-TASLAK.md:844): "Yapılandırılmış hâlde K1 KABUL, K2 RED, K3 RED (§6.5)"	insa: ES256=geçersiz || W içinde geçersiz imza: ES256: imza bozuk (bozuk: bayt 32, bit 0 cevrildi)
VMINUS_ES256	L4-S	kontrol-EdDSA	birincil	V-	reject	ÖK §6.5 (ON-KAYIT v0.8 (capa 7); 00-on-kayit/ON-KAYIT-TASLAK.md:1054): "İhraççı başına gerekli küme R = {X}, izinli küme {A, X}." | [T328] JWTBCP §3.1 (draft-ietf-oauth-rfc8725bis-10; metin/JWTBCP.txt:482): "it MUST determine which algorithms are permitted for itself and that issuer and ensure that the received JWT complies with those requirements" | ÖK §4.7 G5 (ON-KAYIT v0.8 (capa 7); 00-on-kayit/ON-KAYIT-TASLAK.md:767): "Göç etmiş bir varlık, ilan ettiği eski-sürüm penceresi dışında yalnız klasik kanıtla kabul edilemez." | JWTBCP §3.3 (draft-ietf-oauth-rfc8725bis-10; metin/JWTBCP.txt:566): "the entire JWT MUST be rejected if any of them fail to validate" | RFC7515 §5.2 (RFC 7515; metin/RFC7515.txt:876): "which MUST be accurately represented by the value of the "alg" (algorithm) Header Parameter" | ÖK §4.8 P3 (ON-KAYIT v0.8 (capa 7); 00-on-kayit/ON-KAYIT-TASLAK.md:778): "P2 + ihraççı başına gerekli küme R_I"	insa: ES256=geçersiz || W içinde geçersiz imza: ES256: imza bozuk (bozuk: bayt 32, bit 0 cevrildi)
VMINUS_ES256	L4-Y	kontrol-EdDSA	birincil	V-	reject	ÖK §6.5 (ON-KAYIT v0.8 (capa 7); 00-on-kayit/ON-KAYIT-TASLAK.md:1054): "İhraççı başına gerekli küme R = {X}, izinli küme {A, X}." | [T328] JWTBCP §3.1 (draft-ietf-oauth-rfc8725bis-10; metin/JWTBCP.txt:482): "it MUST determine which algorithms are permitted for itself and that issuer and ensure that the received JWT complies with those requirements" | ÖK §4.7 G5 (ON-KAYIT v0.8 (capa 7); 00-on-kayit/ON-KAYIT-TASLAK.md:767): "Göç etmiş bir varlık, ilan ettiği eski-sürüm penceresi dışında yalnız klasik kanıtla kabul edilemez." | JWTBCP §3.3 (draft-ietf-oauth-rfc8725bis-10; metin/JWTBCP.txt:566): "the entire JWT MUST be rejected if any of them fail to validate" | RFC7515 §5.2 (RFC 7515; metin/RFC7515.txt:876): "which MUST be accurately represented by the value of the "alg" (algorithm) Header Parameter" | [T314] RFC7515 §5.2 (RFC 7515; metin/RFC7515.txt:810): "When there are multiple JWS Signature values, it is an application decision which of the JWS Signature values must successfully validate for the JWS to be accepted."	insa: ES256=geçersiz || W içinde geçersiz imza: ES256: imza bozuk (bozuk: bayt 32, bit 0 cevrildi)
VMINUS_ES256	GEC	kontrol-Ed25519	birincil	V-	reject	RFC7515 §5.2 (RFC 7515; metin/RFC7515.txt:876): "which MUST be accurately represented by the value of the "alg" (algorithm) Header Parameter" | ÖK §6.5 V± (ON-KAYIT v0.8 (capa 7); 00-on-kayit/ON-KAYIT-TASLAK.md:1069): "Adaptör geçerlilik kontrolleri | KABUL / RED" | ÖK §4.15 (ON-KAYIT v0.8 (capa 7); 00-on-kayit/ON-KAYIT-TASLAK.md:881): "V+: tek geçerli klasik imza → KABUL; V−: bozuk imza → RED" | [T315] RFC7515 §5.2 (RFC 7515; metin/RFC7515.txt:815): "at least one JWS Signature value MUST successfully validate, or the JWS MUST be considered invalid"	insa: ES256=geçersiz || imza bozuk (bozuk: bayt 32, bit 0 cevrildi)
VMINUS_ES256	IZIN-A	kontrol-Ed25519	birincil	V-	reject	RFC7515 §5.2 (RFC 7515; metin/RFC7515.txt:876): "which MUST be accurately represented by the value of the "alg" (algorithm) Header Parameter" | ÖK §4.13 L1 (ON-KAYIT v0.8 (capa 7); 00-on-kayit/ON-KAYIT-TASLAK.md:841): "Doğrulayıcı genelinde izin listesi; izinsiz algoritma reddediliyor" | [T327] JWTBCP §3.1 (draft-ietf-oauth-rfc8725bis-10; metin/JWTBCP.txt:464): "MUST NOT employ any algorithms outside this configured set"	insa: ES256=geçersiz || imza bozuk (bozuk: bayt 32, bit 0 cevrildi)
VMINUS_ES256	IZIN-AX	kontrol-Ed25519	birincil	V-	reject	RFC7515 §5.2 (RFC 7515; metin/RFC7515.txt:876): "which MUST be accurately represented by the value of the "alg" (algorithm) Header Parameter" | ÖK §4.13 L1 (ON-KAYIT v0.8 (capa 7); 00-on-kayit/ON-KAYIT-TASLAK.md:841): "Doğrulayıcı genelinde izin listesi; izinsiz algoritma reddediliyor" | [T327] JWTBCP §3.1 (draft-ietf-oauth-rfc8725bis-10; metin/JWTBCP.txt:464): "MUST NOT employ any algorithms outside this configured set"	insa: ES256=geçersiz || imza bozuk (bozuk: bayt 32, bit 0 cevrildi)
VMINUS_ES256	L4	kontrol-Ed25519	birincil	V-	reject	ÖK §6.5 (ON-KAYIT v0.8 (capa 7); 00-on-kayit/ON-KAYIT-TASLAK.md:1054): "İhraççı başına gerekli küme R = {X}, izinli küme {A, X}." | [T328] JWTBCP §3.1 (draft-ietf-oauth-rfc8725bis-10; metin/JWTBCP.txt:482): "it MUST determine which algorithms are permitted for itself and that issuer and ensure that the received JWT complies with those requirements" | ÖK §4.7 G5 (ON-KAYIT v0.8 (capa 7); 00-on-kayit/ON-KAYIT-TASLAK.md:767): "Göç etmiş bir varlık, ilan ettiği eski-sürüm penceresi dışında yalnız klasik kanıtla kabul edilemez." | JWTBCP §3.3 (draft-ietf-oauth-rfc8725bis-10; metin/JWTBCP.txt:566): "the entire JWT MUST be rejected if any of them fail to validate" | RFC7515 §5.2 (RFC 7515; metin/RFC7515.txt:876): "which MUST be accurately represented by the value of the "alg" (algorithm) Header Parameter" | ÖK §4.13 L4 (ON-KAYIT v0.8 (capa 7); 00-on-kayit/ON-KAYIT-TASLAK.md:844): "Yapılandırılmış hâlde K1 KABUL, K2 RED, K3 RED (§6.5)"	insa: ES256=geçersiz || W içinde geçersiz imza: ES256: imza bozuk (bozuk: bayt 32, bit 0 cevrildi)
VMINUS_ES256	L4-S	kontrol-Ed25519	birincil	V-	reject	ÖK §6.5 (ON-KAYIT v0.8 (capa 7); 00-on-kayit/ON-KAYIT-TASLAK.md:1054): "İhraççı başına gerekli küme R = {X}, izinli küme {A, X}." | [T328] JWTBCP §3.1 (draft-ietf-oauth-rfc8725bis-10; metin/JWTBCP.txt:482): "it MUST determine which algorithms are permitted for itself and that issuer and ensure that the received JWT complies with those requirements" | ÖK §4.7 G5 (ON-KAYIT v0.8 (capa 7); 00-on-kayit/ON-KAYIT-TASLAK.md:767): "Göç etmiş bir varlık, ilan ettiği eski-sürüm penceresi dışında yalnız klasik kanıtla kabul edilemez." | JWTBCP §3.3 (draft-ietf-oauth-rfc8725bis-10; metin/JWTBCP.txt:566): "the entire JWT MUST be rejected if any of them fail to validate" | RFC7515 §5.2 (RFC 7515; metin/RFC7515.txt:876): "which MUST be accurately represented by the value of the "alg" (algorithm) Header Parameter" | ÖK §4.8 P3 (ON-KAYIT v0.8 (capa 7); 00-on-kayit/ON-KAYIT-TASLAK.md:778): "P2 + ihraççı başına gerekli küme R_I"	insa: ES256=geçersiz || W içinde geçersiz imza: ES256: imza bozuk (bozuk: bayt 32, bit 0 cevrildi)
VMINUS_ES256	L4-Y	kontrol-Ed25519	birincil	V-	reject	ÖK §6.5 (ON-KAYIT v0.8 (capa 7); 00-on-kayit/ON-KAYIT-TASLAK.md:1054): "İhraççı başına gerekli küme R = {X}, izinli küme {A, X}." | [T328] JWTBCP §3.1 (draft-ietf-oauth-rfc8725bis-10; metin/JWTBCP.txt:482): "it MUST determine which algorithms are permitted for itself and that issuer and ensure that the received JWT complies with those requirements" | ÖK §4.7 G5 (ON-KAYIT v0.8 (capa 7); 00-on-kayit/ON-KAYIT-TASLAK.md:767): "Göç etmiş bir varlık, ilan ettiği eski-sürüm penceresi dışında yalnız klasik kanıtla kabul edilemez." | JWTBCP §3.3 (draft-ietf-oauth-rfc8725bis-10; metin/JWTBCP.txt:566): "the entire JWT MUST be rejected if any of them fail to validate" | RFC7515 §5.2 (RFC 7515; metin/RFC7515.txt:876): "which MUST be accurately represented by the value of the "alg" (algorithm) Header Parameter" | [T314] RFC7515 §5.2 (RFC 7515; metin/RFC7515.txt:810): "When there are multiple JWS Signature values, it is an application decision which of the JWS Signature values must successfully validate for the JWS to be accepted."	insa: ES256=geçersiz || W içinde geçersiz imza: ES256: imza bozuk (bozuk: bayt 32, bit 0 cevrildi)
VMINUS_ES256	GEC	tedavi-ML-DSA-65	birincil	V-	reject	RFC7515 §5.2 (RFC 7515; metin/RFC7515.txt:876): "which MUST be accurately represented by the value of the "alg" (algorithm) Header Parameter" | ÖK §6.5 V± (ON-KAYIT v0.8 (capa 7); 00-on-kayit/ON-KAYIT-TASLAK.md:1069): "Adaptör geçerlilik kontrolleri | KABUL / RED" | ÖK §4.15 (ON-KAYIT v0.8 (capa 7); 00-on-kayit/ON-KAYIT-TASLAK.md:881): "V+: tek geçerli klasik imza → KABUL; V−: bozuk imza → RED" | [T315] RFC7515 §5.2 (RFC 7515; metin/RFC7515.txt:815): "at least one JWS Signature value MUST successfully validate, or the JWS MUST be considered invalid"	insa: ES256=geçersiz || imza bozuk (bozuk: bayt 32, bit 0 cevrildi)
VMINUS_ES256	IZIN-A	tedavi-ML-DSA-65	birincil	V-	reject	RFC7515 §5.2 (RFC 7515; metin/RFC7515.txt:876): "which MUST be accurately represented by the value of the "alg" (algorithm) Header Parameter" | ÖK §4.13 L1 (ON-KAYIT v0.8 (capa 7); 00-on-kayit/ON-KAYIT-TASLAK.md:841): "Doğrulayıcı genelinde izin listesi; izinsiz algoritma reddediliyor" | [T327] JWTBCP §3.1 (draft-ietf-oauth-rfc8725bis-10; metin/JWTBCP.txt:464): "MUST NOT employ any algorithms outside this configured set"	insa: ES256=geçersiz || imza bozuk (bozuk: bayt 32, bit 0 cevrildi)
VMINUS_ES256	IZIN-AX	tedavi-ML-DSA-65	birincil	V-	reject	RFC7515 §5.2 (RFC 7515; metin/RFC7515.txt:876): "which MUST be accurately represented by the value of the "alg" (algorithm) Header Parameter" | ÖK §4.13 L1 (ON-KAYIT v0.8 (capa 7); 00-on-kayit/ON-KAYIT-TASLAK.md:841): "Doğrulayıcı genelinde izin listesi; izinsiz algoritma reddediliyor" | [T327] JWTBCP §3.1 (draft-ietf-oauth-rfc8725bis-10; metin/JWTBCP.txt:464): "MUST NOT employ any algorithms outside this configured set"	insa: ES256=geçersiz || imza bozuk (bozuk: bayt 32, bit 0 cevrildi)
VMINUS_ES256	L4	tedavi-ML-DSA-65	birincil	V-	reject	ÖK §6.5 (ON-KAYIT v0.8 (capa 7); 00-on-kayit/ON-KAYIT-TASLAK.md:1054): "İhraççı başına gerekli küme R = {X}, izinli küme {A, X}." | [T328] JWTBCP §3.1 (draft-ietf-oauth-rfc8725bis-10; metin/JWTBCP.txt:482): "it MUST determine which algorithms are permitted for itself and that issuer and ensure that the received JWT complies with those requirements" | ÖK §4.7 G5 (ON-KAYIT v0.8 (capa 7); 00-on-kayit/ON-KAYIT-TASLAK.md:767): "Göç etmiş bir varlık, ilan ettiği eski-sürüm penceresi dışında yalnız klasik kanıtla kabul edilemez." | JWTBCP §3.3 (draft-ietf-oauth-rfc8725bis-10; metin/JWTBCP.txt:566): "the entire JWT MUST be rejected if any of them fail to validate" | RFC7515 §5.2 (RFC 7515; metin/RFC7515.txt:876): "which MUST be accurately represented by the value of the "alg" (algorithm) Header Parameter" | ÖK §4.13 L4 (ON-KAYIT v0.8 (capa 7); 00-on-kayit/ON-KAYIT-TASLAK.md:844): "Yapılandırılmış hâlde K1 KABUL, K2 RED, K3 RED (§6.5)"	insa: ES256=geçersiz || W içinde geçersiz imza: ES256: imza bozuk (bozuk: bayt 32, bit 0 cevrildi)
VMINUS_ES256	L4-S	tedavi-ML-DSA-65	birincil	V-	reject	ÖK §6.5 (ON-KAYIT v0.8 (capa 7); 00-on-kayit/ON-KAYIT-TASLAK.md:1054): "İhraççı başına gerekli küme R = {X}, izinli küme {A, X}." | [T328] JWTBCP §3.1 (draft-ietf-oauth-rfc8725bis-10; metin/JWTBCP.txt:482): "it MUST determine which algorithms are permitted for itself and that issuer and ensure that the received JWT complies with those requirements" | ÖK §4.7 G5 (ON-KAYIT v0.8 (capa 7); 00-on-kayit/ON-KAYIT-TASLAK.md:767): "Göç etmiş bir varlık, ilan ettiği eski-sürüm penceresi dışında yalnız klasik kanıtla kabul edilemez." | JWTBCP §3.3 (draft-ietf-oauth-rfc8725bis-10; metin/JWTBCP.txt:566): "the entire JWT MUST be rejected if any of them fail to validate" | RFC7515 §5.2 (RFC 7515; metin/RFC7515.txt:876): "which MUST be accurately represented by the value of the "alg" (algorithm) Header Parameter" | ÖK §4.8 P3 (ON-KAYIT v0.8 (capa 7); 00-on-kayit/ON-KAYIT-TASLAK.md:778): "P2 + ihraççı başına gerekli küme R_I"	insa: ES256=geçersiz || W içinde geçersiz imza: ES256: imza bozuk (bozuk: bayt 32, bit 0 cevrildi)
VMINUS_ES256	L4-Y	tedavi-ML-DSA-65	birincil	V-	reject	ÖK §6.5 (ON-KAYIT v0.8 (capa 7); 00-on-kayit/ON-KAYIT-TASLAK.md:1054): "İhraççı başına gerekli küme R = {X}, izinli küme {A, X}." | [T328] JWTBCP §3.1 (draft-ietf-oauth-rfc8725bis-10; metin/JWTBCP.txt:482): "it MUST determine which algorithms are permitted for itself and that issuer and ensure that the received JWT complies with those requirements" | ÖK §4.7 G5 (ON-KAYIT v0.8 (capa 7); 00-on-kayit/ON-KAYIT-TASLAK.md:767): "Göç etmiş bir varlık, ilan ettiği eski-sürüm penceresi dışında yalnız klasik kanıtla kabul edilemez." | JWTBCP §3.3 (draft-ietf-oauth-rfc8725bis-10; metin/JWTBCP.txt:566): "the entire JWT MUST be rejected if any of them fail to validate" | RFC7515 §5.2 (RFC 7515; metin/RFC7515.txt:876): "which MUST be accurately represented by the value of the "alg" (algorithm) Header Parameter" | [T314] RFC7515 §5.2 (RFC 7515; metin/RFC7515.txt:810): "When there are multiple JWS Signature values, it is an application decision which of the JWS Signature values must successfully validate for the JWS to be accepted."	insa: ES256=geçersiz || W içinde geçersiz imza: ES256: imza bozuk (bozuk: bayt 32, bit 0 cevrildi)
VMINUS_ES256	GEC	tedavi-composite	birincil	V-	reject	RFC7515 §5.2 (RFC 7515; metin/RFC7515.txt:876): "which MUST be accurately represented by the value of the "alg" (algorithm) Header Parameter" | ÖK §6.5 V± (ON-KAYIT v0.8 (capa 7); 00-on-kayit/ON-KAYIT-TASLAK.md:1069): "Adaptör geçerlilik kontrolleri | KABUL / RED" | ÖK §4.15 (ON-KAYIT v0.8 (capa 7); 00-on-kayit/ON-KAYIT-TASLAK.md:881): "V+: tek geçerli klasik imza → KABUL; V−: bozuk imza → RED" | [T315] RFC7515 §5.2 (RFC 7515; metin/RFC7515.txt:815): "at least one JWS Signature value MUST successfully validate, or the JWS MUST be considered invalid"	insa: ES256=geçersiz || imza bozuk (bozuk: bayt 32, bit 0 cevrildi)
VMINUS_ES256	IZIN-A	tedavi-composite	birincil	V-	reject	RFC7515 §5.2 (RFC 7515; metin/RFC7515.txt:876): "which MUST be accurately represented by the value of the "alg" (algorithm) Header Parameter" | ÖK §4.13 L1 (ON-KAYIT v0.8 (capa 7); 00-on-kayit/ON-KAYIT-TASLAK.md:841): "Doğrulayıcı genelinde izin listesi; izinsiz algoritma reddediliyor" | [T327] JWTBCP §3.1 (draft-ietf-oauth-rfc8725bis-10; metin/JWTBCP.txt:464): "MUST NOT employ any algorithms outside this configured set"	insa: ES256=geçersiz || imza bozuk (bozuk: bayt 32, bit 0 cevrildi)
VMINUS_ES256	IZIN-AX	tedavi-composite	birincil	V-	reject	RFC7515 §5.2 (RFC 7515; metin/RFC7515.txt:876): "which MUST be accurately represented by the value of the "alg" (algorithm) Header Parameter" | ÖK §4.13 L1 (ON-KAYIT v0.8 (capa 7); 00-on-kayit/ON-KAYIT-TASLAK.md:841): "Doğrulayıcı genelinde izin listesi; izinsiz algoritma reddediliyor" | [T327] JWTBCP §3.1 (draft-ietf-oauth-rfc8725bis-10; metin/JWTBCP.txt:464): "MUST NOT employ any algorithms outside this configured set"	insa: ES256=geçersiz || imza bozuk (bozuk: bayt 32, bit 0 cevrildi)
VMINUS_ES256	L4	tedavi-composite	birincil	V-	reject	ÖK §6.5 (ON-KAYIT v0.8 (capa 7); 00-on-kayit/ON-KAYIT-TASLAK.md:1054): "İhraççı başına gerekli küme R = {X}, izinli küme {A, X}." | [T328] JWTBCP §3.1 (draft-ietf-oauth-rfc8725bis-10; metin/JWTBCP.txt:482): "it MUST determine which algorithms are permitted for itself and that issuer and ensure that the received JWT complies with those requirements" | ÖK §4.7 G5 (ON-KAYIT v0.8 (capa 7); 00-on-kayit/ON-KAYIT-TASLAK.md:767): "Göç etmiş bir varlık, ilan ettiği eski-sürüm penceresi dışında yalnız klasik kanıtla kabul edilemez." | JWTBCP §3.3 (draft-ietf-oauth-rfc8725bis-10; metin/JWTBCP.txt:566): "the entire JWT MUST be rejected if any of them fail to validate" | RFC7515 §5.2 (RFC 7515; metin/RFC7515.txt:876): "which MUST be accurately represented by the value of the "alg" (algorithm) Header Parameter" | ÖK §4.13 L4 (ON-KAYIT v0.8 (capa 7); 00-on-kayit/ON-KAYIT-TASLAK.md:844): "Yapılandırılmış hâlde K1 KABUL, K2 RED, K3 RED (§6.5)"	insa: ES256=geçersiz || W içinde geçersiz imza: ES256: imza bozuk (bozuk: bayt 32, bit 0 cevrildi)
VMINUS_ES256	L4-S	tedavi-composite	birincil	V-	reject	ÖK §6.5 (ON-KAYIT v0.8 (capa 7); 00-on-kayit/ON-KAYIT-TASLAK.md:1054): "İhraççı başına gerekli küme R = {X}, izinli küme {A, X}." | [T328] JWTBCP §3.1 (draft-ietf-oauth-rfc8725bis-10; metin/JWTBCP.txt:482): "it MUST determine which algorithms are permitted for itself and that issuer and ensure that the received JWT complies with those requirements" | ÖK §4.7 G5 (ON-KAYIT v0.8 (capa 7); 00-on-kayit/ON-KAYIT-TASLAK.md:767): "Göç etmiş bir varlık, ilan ettiği eski-sürüm penceresi dışında yalnız klasik kanıtla kabul edilemez." | JWTBCP §3.3 (draft-ietf-oauth-rfc8725bis-10; metin/JWTBCP.txt:566): "the entire JWT MUST be rejected if any of them fail to validate" | RFC7515 §5.2 (RFC 7515; metin/RFC7515.txt:876): "which MUST be accurately represented by the value of the "alg" (algorithm) Header Parameter" | ÖK §4.8 P3 (ON-KAYIT v0.8 (capa 7); 00-on-kayit/ON-KAYIT-TASLAK.md:778): "P2 + ihraççı başına gerekli küme R_I"	insa: ES256=geçersiz || W içinde geçersiz imza: ES256: imza bozuk (bozuk: bayt 32, bit 0 cevrildi)
VMINUS_ES256	L4-Y	tedavi-composite	birincil	V-	reject	ÖK §6.5 (ON-KAYIT v0.8 (capa 7); 00-on-kayit/ON-KAYIT-TASLAK.md:1054): "İhraççı başına gerekli küme R = {X}, izinli küme {A, X}." | [T328] JWTBCP §3.1 (draft-ietf-oauth-rfc8725bis-10; metin/JWTBCP.txt:482): "it MUST determine which algorithms are permitted for itself and that issuer and ensure that the received JWT complies with those requirements" | ÖK §4.7 G5 (ON-KAYIT v0.8 (capa 7); 00-on-kayit/ON-KAYIT-TASLAK.md:767): "Göç etmiş bir varlık, ilan ettiği eski-sürüm penceresi dışında yalnız klasik kanıtla kabul edilemez." | JWTBCP §3.3 (draft-ietf-oauth-rfc8725bis-10; metin/JWTBCP.txt:566): "the entire JWT MUST be rejected if any of them fail to validate" | RFC7515 §5.2 (RFC 7515; metin/RFC7515.txt:876): "which MUST be accurately represented by the value of the "alg" (algorithm) Header Parameter" | [T314] RFC7515 §5.2 (RFC 7515; metin/RFC7515.txt:810): "When there are multiple JWS Signature values, it is an application decision which of the JWS Signature values must successfully validate for the JWS to be accepted."	insa: ES256=geçersiz || W içinde geçersiz imza: ES256: imza bozuk (bozuk: bayt 32, bit 0 cevrildi)
VPLUS_EdDSA	GEC	kontrol-EdDSA	birincil	V+	accept-classical	ÖK §6.5 V± (ON-KAYIT v0.8 (capa 7); 00-on-kayit/ON-KAYIT-TASLAK.md:1069): "Adaptör geçerlilik kontrolleri | KABUL / RED" | ÖK §4.15 (ON-KAYIT v0.8 (capa 7); 00-on-kayit/ON-KAYIT-TASLAK.md:881): "V+: tek geçerli klasik imza → KABUL; V−: bozuk imza → RED" | [T315] RFC7515 §5.2 (RFC 7515; metin/RFC7515.txt:815): "at least one JWS Signature value MUST successfully validate, or the JWS MUST be considered invalid"	insa: EdDSA=geçerli || imza(lar) geçerli; alg ∈ W
VPLUS_EdDSA	IZIN-A	kontrol-EdDSA	birincil	V+	reject	[T327] JWTBCP §3.1 (draft-ietf-oauth-rfc8725bis-10; metin/JWTBCP.txt:464): "MUST NOT employ any algorithms outside this configured set" | [T315] RFC7515 §5.2 (RFC 7515; metin/RFC7515.txt:815): "at least one JWS Signature value MUST successfully validate, or the JWS MUST be considered invalid" | ÖK §4.13 L1 (ON-KAYIT v0.8 (capa 7); 00-on-kayit/ON-KAYIT-TASLAK.md:841): "Doğrulayıcı genelinde izin listesi; izinsiz algoritma reddediliyor"	insa: EdDSA=geçerli || alg EdDSA izin kümesi W=['ES256'] dışında
VPLUS_EdDSA	IZIN-AX	kontrol-EdDSA	birincil	V+	accept-classical	ÖK §4.13 L1 (ON-KAYIT v0.8 (capa 7); 00-on-kayit/ON-KAYIT-TASLAK.md:841): "Doğrulayıcı genelinde izin listesi; izinsiz algoritma reddediliyor" | [T327] JWTBCP §3.1 (draft-ietf-oauth-rfc8725bis-10; metin/JWTBCP.txt:464): "MUST NOT employ any algorithms outside this configured set"	insa: EdDSA=geçerli || imza(lar) geçerli; alg ∈ W
VPLUS_EdDSA	L4	kontrol-EdDSA	birincil	V+	accept-classical	ÖK §6.5 (ON-KAYIT v0.8 (capa 7); 00-on-kayit/ON-KAYIT-TASLAK.md:1054): "İhraççı başına gerekli küme R = {X}, izinli küme {A, X}." | [T328] JWTBCP §3.1 (draft-ietf-oauth-rfc8725bis-10; metin/JWTBCP.txt:482): "it MUST determine which algorithms are permitted for itself and that issuer and ensure that the received JWT complies with those requirements" | ÖK §4.7 G5 (ON-KAYIT v0.8 (capa 7); 00-on-kayit/ON-KAYIT-TASLAK.md:767): "Göç etmiş bir varlık, ilan ettiği eski-sürüm penceresi dışında yalnız klasik kanıtla kabul edilemez." | ÖK §4.13 L4 (ON-KAYIT v0.8 (capa 7); 00-on-kayit/ON-KAYIT-TASLAK.md:844): "Yapılandırılmış hâlde K1 KABUL, K2 RED, K3 RED (§6.5)" | ÖK §2B m.6 (ON-KAYIT v0.8 (capa 7); 00-on-kayit/ON-KAYIT-TASLAK.md:256): "Göç etmiş ihraççının yalnız klasik imzalı belgesi reddedilir, eski ihraççının klasik imzalı belgesi kabul edilir."	insa: EdDSA=geçerli || R={EdDSA} geçerli imzayla karşılandı; W içindeki imzalar geçerli; kontrol kolu: X klasik
VPLUS_EdDSA	L4-S	kontrol-EdDSA	birincil	V+	accept-classical	ÖK §6.5 (ON-KAYIT v0.8 (capa 7); 00-on-kayit/ON-KAYIT-TASLAK.md:1054): "İhraççı başına gerekli küme R = {X}, izinli küme {A, X}." | [T328] JWTBCP §3.1 (draft-ietf-oauth-rfc8725bis-10; metin/JWTBCP.txt:482): "it MUST determine which algorithms are permitted for itself and that issuer and ensure that the received JWT complies with those requirements" | ÖK §4.7 G5 (ON-KAYIT v0.8 (capa 7); 00-on-kayit/ON-KAYIT-TASLAK.md:767): "Göç etmiş bir varlık, ilan ettiği eski-sürüm penceresi dışında yalnız klasik kanıtla kabul edilemez." | ÖK §4.8 P3 (ON-KAYIT v0.8 (capa 7); 00-on-kayit/ON-KAYIT-TASLAK.md:778): "P2 + ihraççı başına gerekli küme R_I" | ÖK §2B m.6 (ON-KAYIT v0.8 (capa 7); 00-on-kayit/ON-KAYIT-TASLAK.md:256): "Göç etmiş ihraççının yalnız klasik imzalı belgesi reddedilir, eski ihraççının klasik imzalı belgesi kabul edilir."	insa: EdDSA=geçerli || R={EdDSA} geçerli imzayla karşılandı; W içindeki imzalar geçerli; kontrol kolu: X klasik
VPLUS_EdDSA	L4-Y	kontrol-EdDSA	birincil	V+	accept-classical	ÖK §6.5 (ON-KAYIT v0.8 (capa 7); 00-on-kayit/ON-KAYIT-TASLAK.md:1054): "İhraççı başına gerekli küme R = {X}, izinli küme {A, X}." | [T328] JWTBCP §3.1 (draft-ietf-oauth-rfc8725bis-10; metin/JWTBCP.txt:482): "it MUST determine which algorithms are permitted for itself and that issuer and ensure that the received JWT complies with those requirements" | ÖK §4.7 G5 (ON-KAYIT v0.8 (capa 7); 00-on-kayit/ON-KAYIT-TASLAK.md:767): "Göç etmiş bir varlık, ilan ettiği eski-sürüm penceresi dışında yalnız klasik kanıtla kabul edilemez." | [T314] RFC7515 §5.2 (RFC 7515; metin/RFC7515.txt:810): "When there are multiple JWS Signature values, it is an application decision which of the JWS Signature values must successfully validate for the JWS to be accepted." | ÖK §2B m.6 (ON-KAYIT v0.8 (capa 7); 00-on-kayit/ON-KAYIT-TASLAK.md:256): "Göç etmiş ihraççının yalnız klasik imzalı belgesi reddedilir, eski ihraççının klasik imzalı belgesi kabul edilir."	insa: EdDSA=geçerli || R={EdDSA} geçerli imzayla karşılandı; W içindeki imzalar geçerli; kontrol kolu: X klasik
VPLUS_EdDSA-ED25519	GEC	kontrol-Ed25519	birincil	V+	accept-classical	ÖK §6.5 V± (ON-KAYIT v0.8 (capa 7); 00-on-kayit/ON-KAYIT-TASLAK.md:1069): "Adaptör geçerlilik kontrolleri | KABUL / RED" | ÖK §4.15 (ON-KAYIT v0.8 (capa 7); 00-on-kayit/ON-KAYIT-TASLAK.md:881): "V+: tek geçerli klasik imza → KABUL; V−: bozuk imza → RED" | [T315] RFC7515 §5.2 (RFC 7515; metin/RFC7515.txt:815): "at least one JWS Signature value MUST successfully validate, or the JWS MUST be considered invalid"	insa: Ed25519=geçerli || imza(lar) geçerli; alg ∈ W
VPLUS_EdDSA-ED25519	IZIN-A	kontrol-Ed25519	birincil	V+	reject	[T327] JWTBCP §3.1 (draft-ietf-oauth-rfc8725bis-10; metin/JWTBCP.txt:464): "MUST NOT employ any algorithms outside this configured set" | [T315] RFC7515 §5.2 (RFC 7515; metin/RFC7515.txt:815): "at least one JWS Signature value MUST successfully validate, or the JWS MUST be considered invalid" | ÖK §4.13 L1 (ON-KAYIT v0.8 (capa 7); 00-on-kayit/ON-KAYIT-TASLAK.md:841): "Doğrulayıcı genelinde izin listesi; izinsiz algoritma reddediliyor"	insa: Ed25519=geçerli || alg Ed25519 izin kümesi W=['ES256'] dışında
VPLUS_EdDSA-ED25519	IZIN-AX	kontrol-Ed25519	birincil	V+	accept-classical	ÖK §4.13 L1 (ON-KAYIT v0.8 (capa 7); 00-on-kayit/ON-KAYIT-TASLAK.md:841): "Doğrulayıcı genelinde izin listesi; izinsiz algoritma reddediliyor" | [T327] JWTBCP §3.1 (draft-ietf-oauth-rfc8725bis-10; metin/JWTBCP.txt:464): "MUST NOT employ any algorithms outside this configured set"	insa: Ed25519=geçerli || imza(lar) geçerli; alg ∈ W
VPLUS_EdDSA-ED25519	L4	kontrol-Ed25519	birincil	V+	accept-classical	ÖK §6.5 (ON-KAYIT v0.8 (capa 7); 00-on-kayit/ON-KAYIT-TASLAK.md:1054): "İhraççı başına gerekli küme R = {X}, izinli küme {A, X}." | [T328] JWTBCP §3.1 (draft-ietf-oauth-rfc8725bis-10; metin/JWTBCP.txt:482): "it MUST determine which algorithms are permitted for itself and that issuer and ensure that the received JWT complies with those requirements" | ÖK §4.7 G5 (ON-KAYIT v0.8 (capa 7); 00-on-kayit/ON-KAYIT-TASLAK.md:767): "Göç etmiş bir varlık, ilan ettiği eski-sürüm penceresi dışında yalnız klasik kanıtla kabul edilemez." | ÖK §4.13 L4 (ON-KAYIT v0.8 (capa 7); 00-on-kayit/ON-KAYIT-TASLAK.md:844): "Yapılandırılmış hâlde K1 KABUL, K2 RED, K3 RED (§6.5)" | ÖK §2B m.6 (ON-KAYIT v0.8 (capa 7); 00-on-kayit/ON-KAYIT-TASLAK.md:256): "Göç etmiş ihraççının yalnız klasik imzalı belgesi reddedilir, eski ihraççının klasik imzalı belgesi kabul edilir."	insa: Ed25519=geçerli || R={Ed25519} geçerli imzayla karşılandı; W içindeki imzalar geçerli; kontrol kolu: X klasik
VPLUS_EdDSA-ED25519	L4-S	kontrol-Ed25519	birincil	V+	accept-classical	ÖK §6.5 (ON-KAYIT v0.8 (capa 7); 00-on-kayit/ON-KAYIT-TASLAK.md:1054): "İhraççı başına gerekli küme R = {X}, izinli küme {A, X}." | [T328] JWTBCP §3.1 (draft-ietf-oauth-rfc8725bis-10; metin/JWTBCP.txt:482): "it MUST determine which algorithms are permitted for itself and that issuer and ensure that the received JWT complies with those requirements" | ÖK §4.7 G5 (ON-KAYIT v0.8 (capa 7); 00-on-kayit/ON-KAYIT-TASLAK.md:767): "Göç etmiş bir varlık, ilan ettiği eski-sürüm penceresi dışında yalnız klasik kanıtla kabul edilemez." | ÖK §4.8 P3 (ON-KAYIT v0.8 (capa 7); 00-on-kayit/ON-KAYIT-TASLAK.md:778): "P2 + ihraççı başına gerekli küme R_I" | ÖK §2B m.6 (ON-KAYIT v0.8 (capa 7); 00-on-kayit/ON-KAYIT-TASLAK.md:256): "Göç etmiş ihraççının yalnız klasik imzalı belgesi reddedilir, eski ihraççının klasik imzalı belgesi kabul edilir."	insa: Ed25519=geçerli || R={Ed25519} geçerli imzayla karşılandı; W içindeki imzalar geçerli; kontrol kolu: X klasik
VPLUS_EdDSA-ED25519	L4-Y	kontrol-Ed25519	birincil	V+	accept-classical	ÖK §6.5 (ON-KAYIT v0.8 (capa 7); 00-on-kayit/ON-KAYIT-TASLAK.md:1054): "İhraççı başına gerekli küme R = {X}, izinli küme {A, X}." | [T328] JWTBCP §3.1 (draft-ietf-oauth-rfc8725bis-10; metin/JWTBCP.txt:482): "it MUST determine which algorithms are permitted for itself and that issuer and ensure that the received JWT complies with those requirements" | ÖK §4.7 G5 (ON-KAYIT v0.8 (capa 7); 00-on-kayit/ON-KAYIT-TASLAK.md:767): "Göç etmiş bir varlık, ilan ettiği eski-sürüm penceresi dışında yalnız klasik kanıtla kabul edilemez." | [T314] RFC7515 §5.2 (RFC 7515; metin/RFC7515.txt:810): "When there are multiple JWS Signature values, it is an application decision which of the JWS Signature values must successfully validate for the JWS to be accepted." | ÖK §2B m.6 (ON-KAYIT v0.8 (capa 7); 00-on-kayit/ON-KAYIT-TASLAK.md:256): "Göç etmiş ihraççının yalnız klasik imzalı belgesi reddedilir, eski ihraççının klasik imzalı belgesi kabul edilir."	insa: Ed25519=geçerli || R={Ed25519} geçerli imzayla karşılandı; W içindeki imzalar geçerli; kontrol kolu: X klasik
VMINUS_EdDSA	GEC	kontrol-EdDSA	birincil	V-	reject	RFC7515 §5.2 (RFC 7515; metin/RFC7515.txt:876): "which MUST be accurately represented by the value of the "alg" (algorithm) Header Parameter" | ÖK §6.5 V± (ON-KAYIT v0.8 (capa 7); 00-on-kayit/ON-KAYIT-TASLAK.md:1069): "Adaptör geçerlilik kontrolleri | KABUL / RED" | ÖK §4.15 (ON-KAYIT v0.8 (capa 7); 00-on-kayit/ON-KAYIT-TASLAK.md:881): "V+: tek geçerli klasik imza → KABUL; V−: bozuk imza → RED" | [T315] RFC7515 §5.2 (RFC 7515; metin/RFC7515.txt:815): "at least one JWS Signature value MUST successfully validate, or the JWS MUST be considered invalid"	insa: EdDSA=geçersiz || imza bozuk (bozuk: bayt 32, bit 0 cevrildi)
VMINUS_EdDSA	IZIN-A	kontrol-EdDSA	birincil	V-	reject	[T327] JWTBCP §3.1 (draft-ietf-oauth-rfc8725bis-10; metin/JWTBCP.txt:464): "MUST NOT employ any algorithms outside this configured set" | [T315] RFC7515 §5.2 (RFC 7515; metin/RFC7515.txt:815): "at least one JWS Signature value MUST successfully validate, or the JWS MUST be considered invalid" | ÖK §4.13 L1 (ON-KAYIT v0.8 (capa 7); 00-on-kayit/ON-KAYIT-TASLAK.md:841): "Doğrulayıcı genelinde izin listesi; izinsiz algoritma reddediliyor"	insa: EdDSA=geçersiz || alg EdDSA izin kümesi W=['ES256'] dışında
VMINUS_EdDSA	IZIN-AX	kontrol-EdDSA	birincil	V-	reject	RFC7515 §5.2 (RFC 7515; metin/RFC7515.txt:876): "which MUST be accurately represented by the value of the "alg" (algorithm) Header Parameter" | ÖK §4.13 L1 (ON-KAYIT v0.8 (capa 7); 00-on-kayit/ON-KAYIT-TASLAK.md:841): "Doğrulayıcı genelinde izin listesi; izinsiz algoritma reddediliyor" | [T327] JWTBCP §3.1 (draft-ietf-oauth-rfc8725bis-10; metin/JWTBCP.txt:464): "MUST NOT employ any algorithms outside this configured set"	insa: EdDSA=geçersiz || imza bozuk (bozuk: bayt 32, bit 0 cevrildi)
VMINUS_EdDSA	L4	kontrol-EdDSA	birincil	V-	reject	ÖK §6.5 (ON-KAYIT v0.8 (capa 7); 00-on-kayit/ON-KAYIT-TASLAK.md:1054): "İhraççı başına gerekli küme R = {X}, izinli küme {A, X}." | [T328] JWTBCP §3.1 (draft-ietf-oauth-rfc8725bis-10; metin/JWTBCP.txt:482): "it MUST determine which algorithms are permitted for itself and that issuer and ensure that the received JWT complies with those requirements" | ÖK §4.7 G5 (ON-KAYIT v0.8 (capa 7); 00-on-kayit/ON-KAYIT-TASLAK.md:767): "Göç etmiş bir varlık, ilan ettiği eski-sürüm penceresi dışında yalnız klasik kanıtla kabul edilemez." | JWTBCP §3.3 (draft-ietf-oauth-rfc8725bis-10; metin/JWTBCP.txt:566): "the entire JWT MUST be rejected if any of them fail to validate" | RFC7515 §5.2 (RFC 7515; metin/RFC7515.txt:876): "which MUST be accurately represented by the value of the "alg" (algorithm) Header Parameter" | ÖK §4.13 L4 (ON-KAYIT v0.8 (capa 7); 00-on-kayit/ON-KAYIT-TASLAK.md:844): "Yapılandırılmış hâlde K1 KABUL, K2 RED, K3 RED (§6.5)"	insa: EdDSA=geçersiz || W içinde geçersiz imza: EdDSA: imza bozuk (bozuk: bayt 32, bit 0 cevrildi)
VMINUS_EdDSA	L4-S	kontrol-EdDSA	birincil	V-	reject	ÖK §6.5 (ON-KAYIT v0.8 (capa 7); 00-on-kayit/ON-KAYIT-TASLAK.md:1054): "İhraççı başına gerekli küme R = {X}, izinli küme {A, X}." | [T328] JWTBCP §3.1 (draft-ietf-oauth-rfc8725bis-10; metin/JWTBCP.txt:482): "it MUST determine which algorithms are permitted for itself and that issuer and ensure that the received JWT complies with those requirements" | ÖK §4.7 G5 (ON-KAYIT v0.8 (capa 7); 00-on-kayit/ON-KAYIT-TASLAK.md:767): "Göç etmiş bir varlık, ilan ettiği eski-sürüm penceresi dışında yalnız klasik kanıtla kabul edilemez." | JWTBCP §3.3 (draft-ietf-oauth-rfc8725bis-10; metin/JWTBCP.txt:566): "the entire JWT MUST be rejected if any of them fail to validate" | RFC7515 §5.2 (RFC 7515; metin/RFC7515.txt:876): "which MUST be accurately represented by the value of the "alg" (algorithm) Header Parameter" | ÖK §4.8 P3 (ON-KAYIT v0.8 (capa 7); 00-on-kayit/ON-KAYIT-TASLAK.md:778): "P2 + ihraççı başına gerekli küme R_I"	insa: EdDSA=geçersiz || W içinde geçersiz imza: EdDSA: imza bozuk (bozuk: bayt 32, bit 0 cevrildi)
VMINUS_EdDSA	L4-Y	kontrol-EdDSA	birincil	V-	reject	ÖK §6.5 (ON-KAYIT v0.8 (capa 7); 00-on-kayit/ON-KAYIT-TASLAK.md:1054): "İhraççı başına gerekli küme R = {X}, izinli küme {A, X}." | [T328] JWTBCP §3.1 (draft-ietf-oauth-rfc8725bis-10; metin/JWTBCP.txt:482): "it MUST determine which algorithms are permitted for itself and that issuer and ensure that the received JWT complies with those requirements" | ÖK §4.7 G5 (ON-KAYIT v0.8 (capa 7); 00-on-kayit/ON-KAYIT-TASLAK.md:767): "Göç etmiş bir varlık, ilan ettiği eski-sürüm penceresi dışında yalnız klasik kanıtla kabul edilemez." | JWTBCP §3.3 (draft-ietf-oauth-rfc8725bis-10; metin/JWTBCP.txt:566): "the entire JWT MUST be rejected if any of them fail to validate" | RFC7515 §5.2 (RFC 7515; metin/RFC7515.txt:876): "which MUST be accurately represented by the value of the "alg" (algorithm) Header Parameter" | [T314] RFC7515 §5.2 (RFC 7515; metin/RFC7515.txt:810): "When there are multiple JWS Signature values, it is an application decision which of the JWS Signature values must successfully validate for the JWS to be accepted."	insa: EdDSA=geçersiz || W içinde geçersiz imza: EdDSA: imza bozuk (bozuk: bayt 32, bit 0 cevrildi)
VMINUS_EdDSA-ED25519	GEC	kontrol-Ed25519	birincil	V-	reject	RFC7515 §5.2 (RFC 7515; metin/RFC7515.txt:876): "which MUST be accurately represented by the value of the "alg" (algorithm) Header Parameter" | ÖK §6.5 V± (ON-KAYIT v0.8 (capa 7); 00-on-kayit/ON-KAYIT-TASLAK.md:1069): "Adaptör geçerlilik kontrolleri | KABUL / RED" | ÖK §4.15 (ON-KAYIT v0.8 (capa 7); 00-on-kayit/ON-KAYIT-TASLAK.md:881): "V+: tek geçerli klasik imza → KABUL; V−: bozuk imza → RED" | [T315] RFC7515 §5.2 (RFC 7515; metin/RFC7515.txt:815): "at least one JWS Signature value MUST successfully validate, or the JWS MUST be considered invalid"	insa: Ed25519=geçersiz || imza bozuk (bozuk: bayt 32, bit 0 cevrildi)
VMINUS_EdDSA-ED25519	IZIN-A	kontrol-Ed25519	birincil	V-	reject	[T327] JWTBCP §3.1 (draft-ietf-oauth-rfc8725bis-10; metin/JWTBCP.txt:464): "MUST NOT employ any algorithms outside this configured set" | [T315] RFC7515 §5.2 (RFC 7515; metin/RFC7515.txt:815): "at least one JWS Signature value MUST successfully validate, or the JWS MUST be considered invalid" | ÖK §4.13 L1 (ON-KAYIT v0.8 (capa 7); 00-on-kayit/ON-KAYIT-TASLAK.md:841): "Doğrulayıcı genelinde izin listesi; izinsiz algoritma reddediliyor"	insa: Ed25519=geçersiz || alg Ed25519 izin kümesi W=['ES256'] dışında
VMINUS_EdDSA-ED25519	IZIN-AX	kontrol-Ed25519	birincil	V-	reject	RFC7515 §5.2 (RFC 7515; metin/RFC7515.txt:876): "which MUST be accurately represented by the value of the "alg" (algorithm) Header Parameter" | ÖK §4.13 L1 (ON-KAYIT v0.8 (capa 7); 00-on-kayit/ON-KAYIT-TASLAK.md:841): "Doğrulayıcı genelinde izin listesi; izinsiz algoritma reddediliyor" | [T327] JWTBCP §3.1 (draft-ietf-oauth-rfc8725bis-10; metin/JWTBCP.txt:464): "MUST NOT employ any algorithms outside this configured set"	insa: Ed25519=geçersiz || imza bozuk (bozuk: bayt 32, bit 0 cevrildi)
VMINUS_EdDSA-ED25519	L4	kontrol-Ed25519	birincil	V-	reject	ÖK §6.5 (ON-KAYIT v0.8 (capa 7); 00-on-kayit/ON-KAYIT-TASLAK.md:1054): "İhraççı başına gerekli küme R = {X}, izinli küme {A, X}." | [T328] JWTBCP §3.1 (draft-ietf-oauth-rfc8725bis-10; metin/JWTBCP.txt:482): "it MUST determine which algorithms are permitted for itself and that issuer and ensure that the received JWT complies with those requirements" | ÖK §4.7 G5 (ON-KAYIT v0.8 (capa 7); 00-on-kayit/ON-KAYIT-TASLAK.md:767): "Göç etmiş bir varlık, ilan ettiği eski-sürüm penceresi dışında yalnız klasik kanıtla kabul edilemez." | JWTBCP §3.3 (draft-ietf-oauth-rfc8725bis-10; metin/JWTBCP.txt:566): "the entire JWT MUST be rejected if any of them fail to validate" | RFC7515 §5.2 (RFC 7515; metin/RFC7515.txt:876): "which MUST be accurately represented by the value of the "alg" (algorithm) Header Parameter" | ÖK §4.13 L4 (ON-KAYIT v0.8 (capa 7); 00-on-kayit/ON-KAYIT-TASLAK.md:844): "Yapılandırılmış hâlde K1 KABUL, K2 RED, K3 RED (§6.5)"	insa: Ed25519=geçersiz || W içinde geçersiz imza: Ed25519: imza bozuk (bozuk: bayt 32, bit 0 cevrildi)
VMINUS_EdDSA-ED25519	L4-S	kontrol-Ed25519	birincil	V-	reject	ÖK §6.5 (ON-KAYIT v0.8 (capa 7); 00-on-kayit/ON-KAYIT-TASLAK.md:1054): "İhraççı başına gerekli küme R = {X}, izinli küme {A, X}." | [T328] JWTBCP §3.1 (draft-ietf-oauth-rfc8725bis-10; metin/JWTBCP.txt:482): "it MUST determine which algorithms are permitted for itself and that issuer and ensure that the received JWT complies with those requirements" | ÖK §4.7 G5 (ON-KAYIT v0.8 (capa 7); 00-on-kayit/ON-KAYIT-TASLAK.md:767): "Göç etmiş bir varlık, ilan ettiği eski-sürüm penceresi dışında yalnız klasik kanıtla kabul edilemez." | JWTBCP §3.3 (draft-ietf-oauth-rfc8725bis-10; metin/JWTBCP.txt:566): "the entire JWT MUST be rejected if any of them fail to validate" | RFC7515 §5.2 (RFC 7515; metin/RFC7515.txt:876): "which MUST be accurately represented by the value of the "alg" (algorithm) Header Parameter" | ÖK §4.8 P3 (ON-KAYIT v0.8 (capa 7); 00-on-kayit/ON-KAYIT-TASLAK.md:778): "P2 + ihraççı başına gerekli küme R_I"	insa: Ed25519=geçersiz || W içinde geçersiz imza: Ed25519: imza bozuk (bozuk: bayt 32, bit 0 cevrildi)
VMINUS_EdDSA-ED25519	L4-Y	kontrol-Ed25519	birincil	V-	reject	ÖK §6.5 (ON-KAYIT v0.8 (capa 7); 00-on-kayit/ON-KAYIT-TASLAK.md:1054): "İhraççı başına gerekli küme R = {X}, izinli küme {A, X}." | [T328] JWTBCP §3.1 (draft-ietf-oauth-rfc8725bis-10; metin/JWTBCP.txt:482): "it MUST determine which algorithms are permitted for itself and that issuer and ensure that the received JWT complies with those requirements" | ÖK §4.7 G5 (ON-KAYIT v0.8 (capa 7); 00-on-kayit/ON-KAYIT-TASLAK.md:767): "Göç etmiş bir varlık, ilan ettiği eski-sürüm penceresi dışında yalnız klasik kanıtla kabul edilemez." | JWTBCP §3.3 (draft-ietf-oauth-rfc8725bis-10; metin/JWTBCP.txt:566): "the entire JWT MUST be rejected if any of them fail to validate" | RFC7515 §5.2 (RFC 7515; metin/RFC7515.txt:876): "which MUST be accurately represented by the value of the "alg" (algorithm) Header Parameter" | [T314] RFC7515 §5.2 (RFC 7515; metin/RFC7515.txt:810): "When there are multiple JWS Signature values, it is an application decision which of the JWS Signature values must successfully validate for the JWS to be accepted."	insa: Ed25519=geçersiz || W içinde geçersiz imza: Ed25519: imza bozuk (bozuk: bayt 32, bit 0 cevrildi)
VPLUS_ML-DSA-65	GEC	tedavi-ML-DSA-65	birincil	V+	accept-hybrid	ÖK §6.5 V± (ON-KAYIT v0.8 (capa 7); 00-on-kayit/ON-KAYIT-TASLAK.md:1069): "Adaptör geçerlilik kontrolleri | KABUL / RED" | ÖK §4.15 (ON-KAYIT v0.8 (capa 7); 00-on-kayit/ON-KAYIT-TASLAK.md:881): "V+: tek geçerli klasik imza → KABUL; V−: bozuk imza → RED" | [T315] RFC7515 §5.2 (RFC 7515; metin/RFC7515.txt:815): "at least one JWS Signature value MUST successfully validate, or the JWS MUST be considered invalid"	insa: ML-DSA-65=geçerli || imza(lar) geçerli; alg ∈ W
VPLUS_ML-DSA-65	IZIN-A	tedavi-ML-DSA-65	birincil	V+	reject	[T327] JWTBCP §3.1 (draft-ietf-oauth-rfc8725bis-10; metin/JWTBCP.txt:464): "MUST NOT employ any algorithms outside this configured set" | [T315] RFC7515 §5.2 (RFC 7515; metin/RFC7515.txt:815): "at least one JWS Signature value MUST successfully validate, or the JWS MUST be considered invalid" | ÖK §4.13 L1 (ON-KAYIT v0.8 (capa 7); 00-on-kayit/ON-KAYIT-TASLAK.md:841): "Doğrulayıcı genelinde izin listesi; izinsiz algoritma reddediliyor"	insa: ML-DSA-65=geçerli || alg ML-DSA-65 izin kümesi W=['ES256'] dışında
VPLUS_ML-DSA-65	IZIN-AX	tedavi-ML-DSA-65	birincil	V+	accept-hybrid	ÖK §4.13 L1 (ON-KAYIT v0.8 (capa 7); 00-on-kayit/ON-KAYIT-TASLAK.md:841): "Doğrulayıcı genelinde izin listesi; izinsiz algoritma reddediliyor" | [T327] JWTBCP §3.1 (draft-ietf-oauth-rfc8725bis-10; metin/JWTBCP.txt:464): "MUST NOT employ any algorithms outside this configured set"	insa: ML-DSA-65=geçerli || imza(lar) geçerli; alg ∈ W
VPLUS_ML-DSA-65	L4	tedavi-ML-DSA-65	birincil	V+	accept-hybrid	ÖK §6.5 (ON-KAYIT v0.8 (capa 7); 00-on-kayit/ON-KAYIT-TASLAK.md:1054): "İhraççı başına gerekli küme R = {X}, izinli küme {A, X}." | [T328] JWTBCP §3.1 (draft-ietf-oauth-rfc8725bis-10; metin/JWTBCP.txt:482): "it MUST determine which algorithms are permitted for itself and that issuer and ensure that the received JWT complies with those requirements" | ÖK §4.7 G5 (ON-KAYIT v0.8 (capa 7); 00-on-kayit/ON-KAYIT-TASLAK.md:767): "Göç etmiş bir varlık, ilan ettiği eski-sürüm penceresi dışında yalnız klasik kanıtla kabul edilemez." | ÖK §4.13 L4 (ON-KAYIT v0.8 (capa 7); 00-on-kayit/ON-KAYIT-TASLAK.md:844): "Yapılandırılmış hâlde K1 KABUL, K2 RED, K3 RED (§6.5)" | ÖK §2B m.6 (ON-KAYIT v0.8 (capa 7); 00-on-kayit/ON-KAYIT-TASLAK.md:256): "Göç etmiş ihraççının yalnız klasik imzalı belgesi reddedilir, eski ihraççının klasik imzalı belgesi kabul edilir."	insa: ML-DSA-65=geçerli || R={ML-DSA-65} geçerli imzayla karşılandı; W içindeki imzalar geçerli
VPLUS_ML-DSA-65	L4-S	tedavi-ML-DSA-65	birincil	V+	accept-hybrid	ÖK §6.5 (ON-KAYIT v0.8 (capa 7); 00-on-kayit/ON-KAYIT-TASLAK.md:1054): "İhraççı başına gerekli küme R = {X}, izinli küme {A, X}." | [T328] JWTBCP §3.1 (draft-ietf-oauth-rfc8725bis-10; metin/JWTBCP.txt:482): "it MUST determine which algorithms are permitted for itself and that issuer and ensure that the received JWT complies with those requirements" | ÖK §4.7 G5 (ON-KAYIT v0.8 (capa 7); 00-on-kayit/ON-KAYIT-TASLAK.md:767): "Göç etmiş bir varlık, ilan ettiği eski-sürüm penceresi dışında yalnız klasik kanıtla kabul edilemez." | ÖK §4.8 P3 (ON-KAYIT v0.8 (capa 7); 00-on-kayit/ON-KAYIT-TASLAK.md:778): "P2 + ihraççı başına gerekli küme R_I" | ÖK §2B m.6 (ON-KAYIT v0.8 (capa 7); 00-on-kayit/ON-KAYIT-TASLAK.md:256): "Göç etmiş ihraççının yalnız klasik imzalı belgesi reddedilir, eski ihraççının klasik imzalı belgesi kabul edilir."	insa: ML-DSA-65=geçerli || R={ML-DSA-65} geçerli imzayla karşılandı; W içindeki imzalar geçerli
VPLUS_ML-DSA-65	L4-Y	tedavi-ML-DSA-65	birincil	V+	accept-hybrid	ÖK §6.5 (ON-KAYIT v0.8 (capa 7); 00-on-kayit/ON-KAYIT-TASLAK.md:1054): "İhraççı başına gerekli küme R = {X}, izinli küme {A, X}." | [T328] JWTBCP §3.1 (draft-ietf-oauth-rfc8725bis-10; metin/JWTBCP.txt:482): "it MUST determine which algorithms are permitted for itself and that issuer and ensure that the received JWT complies with those requirements" | ÖK §4.7 G5 (ON-KAYIT v0.8 (capa 7); 00-on-kayit/ON-KAYIT-TASLAK.md:767): "Göç etmiş bir varlık, ilan ettiği eski-sürüm penceresi dışında yalnız klasik kanıtla kabul edilemez." | [T314] RFC7515 §5.2 (RFC 7515; metin/RFC7515.txt:810): "When there are multiple JWS Signature values, it is an application decision which of the JWS Signature values must successfully validate for the JWS to be accepted." | ÖK §2B m.6 (ON-KAYIT v0.8 (capa 7); 00-on-kayit/ON-KAYIT-TASLAK.md:256): "Göç etmiş ihraççının yalnız klasik imzalı belgesi reddedilir, eski ihraççının klasik imzalı belgesi kabul edilir."	insa: ML-DSA-65=geçerli || R={ML-DSA-65} geçerli imzayla karşılandı; W içindeki imzalar geçerli
VMINUS_ML-DSA-65	GEC	tedavi-ML-DSA-65	birincil	V-	reject	RFC7515 §5.2 (RFC 7515; metin/RFC7515.txt:876): "which MUST be accurately represented by the value of the "alg" (algorithm) Header Parameter" | ÖK §6.5 V± (ON-KAYIT v0.8 (capa 7); 00-on-kayit/ON-KAYIT-TASLAK.md:1069): "Adaptör geçerlilik kontrolleri | KABUL / RED" | ÖK §4.15 (ON-KAYIT v0.8 (capa 7); 00-on-kayit/ON-KAYIT-TASLAK.md:881): "V+: tek geçerli klasik imza → KABUL; V−: bozuk imza → RED" | [T315] RFC7515 §5.2 (RFC 7515; metin/RFC7515.txt:815): "at least one JWS Signature value MUST successfully validate, or the JWS MUST be considered invalid"	insa: ML-DSA-65=geçersiz || imza bozuk (bozuk: bayt 1654, bit 0 cevrildi)
VMINUS_ML-DSA-65	IZIN-A	tedavi-ML-DSA-65	birincil	V-	reject	[T327] JWTBCP §3.1 (draft-ietf-oauth-rfc8725bis-10; metin/JWTBCP.txt:464): "MUST NOT employ any algorithms outside this configured set" | [T315] RFC7515 §5.2 (RFC 7515; metin/RFC7515.txt:815): "at least one JWS Signature value MUST successfully validate, or the JWS MUST be considered invalid" | ÖK §4.13 L1 (ON-KAYIT v0.8 (capa 7); 00-on-kayit/ON-KAYIT-TASLAK.md:841): "Doğrulayıcı genelinde izin listesi; izinsiz algoritma reddediliyor"	insa: ML-DSA-65=geçersiz || alg ML-DSA-65 izin kümesi W=['ES256'] dışında
VMINUS_ML-DSA-65	IZIN-AX	tedavi-ML-DSA-65	birincil	V-	reject	RFC7515 §5.2 (RFC 7515; metin/RFC7515.txt:876): "which MUST be accurately represented by the value of the "alg" (algorithm) Header Parameter" | ÖK §4.13 L1 (ON-KAYIT v0.8 (capa 7); 00-on-kayit/ON-KAYIT-TASLAK.md:841): "Doğrulayıcı genelinde izin listesi; izinsiz algoritma reddediliyor" | [T327] JWTBCP §3.1 (draft-ietf-oauth-rfc8725bis-10; metin/JWTBCP.txt:464): "MUST NOT employ any algorithms outside this configured set"	insa: ML-DSA-65=geçersiz || imza bozuk (bozuk: bayt 1654, bit 0 cevrildi)
VMINUS_ML-DSA-65	L4	tedavi-ML-DSA-65	birincil	V-	reject	ÖK §6.5 (ON-KAYIT v0.8 (capa 7); 00-on-kayit/ON-KAYIT-TASLAK.md:1054): "İhraççı başına gerekli küme R = {X}, izinli küme {A, X}." | [T328] JWTBCP §3.1 (draft-ietf-oauth-rfc8725bis-10; metin/JWTBCP.txt:482): "it MUST determine which algorithms are permitted for itself and that issuer and ensure that the received JWT complies with those requirements" | ÖK §4.7 G5 (ON-KAYIT v0.8 (capa 7); 00-on-kayit/ON-KAYIT-TASLAK.md:767): "Göç etmiş bir varlık, ilan ettiği eski-sürüm penceresi dışında yalnız klasik kanıtla kabul edilemez." | JWTBCP §3.3 (draft-ietf-oauth-rfc8725bis-10; metin/JWTBCP.txt:566): "the entire JWT MUST be rejected if any of them fail to validate" | RFC7515 §5.2 (RFC 7515; metin/RFC7515.txt:876): "which MUST be accurately represented by the value of the "alg" (algorithm) Header Parameter" | ÖK §4.13 L4 (ON-KAYIT v0.8 (capa 7); 00-on-kayit/ON-KAYIT-TASLAK.md:844): "Yapılandırılmış hâlde K1 KABUL, K2 RED, K3 RED (§6.5)"	insa: ML-DSA-65=geçersiz || W içinde geçersiz imza: ML-DSA-65: imza bozuk (bozuk: bayt 1654, bit 0 cevrildi)
VMINUS_ML-DSA-65	L4-S	tedavi-ML-DSA-65	birincil	V-	reject	ÖK §6.5 (ON-KAYIT v0.8 (capa 7); 00-on-kayit/ON-KAYIT-TASLAK.md:1054): "İhraççı başına gerekli küme R = {X}, izinli küme {A, X}." | [T328] JWTBCP §3.1 (draft-ietf-oauth-rfc8725bis-10; metin/JWTBCP.txt:482): "it MUST determine which algorithms are permitted for itself and that issuer and ensure that the received JWT complies with those requirements" | ÖK §4.7 G5 (ON-KAYIT v0.8 (capa 7); 00-on-kayit/ON-KAYIT-TASLAK.md:767): "Göç etmiş bir varlık, ilan ettiği eski-sürüm penceresi dışında yalnız klasik kanıtla kabul edilemez." | JWTBCP §3.3 (draft-ietf-oauth-rfc8725bis-10; metin/JWTBCP.txt:566): "the entire JWT MUST be rejected if any of them fail to validate" | RFC7515 §5.2 (RFC 7515; metin/RFC7515.txt:876): "which MUST be accurately represented by the value of the "alg" (algorithm) Header Parameter" | ÖK §4.8 P3 (ON-KAYIT v0.8 (capa 7); 00-on-kayit/ON-KAYIT-TASLAK.md:778): "P2 + ihraççı başına gerekli küme R_I"	insa: ML-DSA-65=geçersiz || W içinde geçersiz imza: ML-DSA-65: imza bozuk (bozuk: bayt 1654, bit 0 cevrildi)
VMINUS_ML-DSA-65	L4-Y	tedavi-ML-DSA-65	birincil	V-	reject	ÖK §6.5 (ON-KAYIT v0.8 (capa 7); 00-on-kayit/ON-KAYIT-TASLAK.md:1054): "İhraççı başına gerekli küme R = {X}, izinli küme {A, X}." | [T328] JWTBCP §3.1 (draft-ietf-oauth-rfc8725bis-10; metin/JWTBCP.txt:482): "it MUST determine which algorithms are permitted for itself and that issuer and ensure that the received JWT complies with those requirements" | ÖK §4.7 G5 (ON-KAYIT v0.8 (capa 7); 00-on-kayit/ON-KAYIT-TASLAK.md:767): "Göç etmiş bir varlık, ilan ettiği eski-sürüm penceresi dışında yalnız klasik kanıtla kabul edilemez." | JWTBCP §3.3 (draft-ietf-oauth-rfc8725bis-10; metin/JWTBCP.txt:566): "the entire JWT MUST be rejected if any of them fail to validate" | RFC7515 §5.2 (RFC 7515; metin/RFC7515.txt:876): "which MUST be accurately represented by the value of the "alg" (algorithm) Header Parameter" | [T314] RFC7515 §5.2 (RFC 7515; metin/RFC7515.txt:810): "When there are multiple JWS Signature values, it is an application decision which of the JWS Signature values must successfully validate for the JWS to be accepted."	insa: ML-DSA-65=geçersiz || W içinde geçersiz imza: ML-DSA-65: imza bozuk (bozuk: bayt 1654, bit 0 cevrildi)
