id,aile,dosya,sha256,bayt,artefakt,serilestirme,kol,senaryo,sdjwtvc_surum,basamak,plan_bayraklari,ek_etiketler,dayanak,b_pilot_esi,dcapi_protokol,algler,aciklama
T1K_both_valid,T,T/T1K_both_valid.json,2696369574921b60a2996dd3ebce3517f81a9c2a32d59621176c76cf74818f25,449,jws-cekirdek,general,kontrol-EdDSA,d (JWS duzeyi),,L1;L2,,coklu-imza;saglik-kontrolu(H0),RFC7515 §7.2.1;RFC7515 §7.2;RFC7515 §5.2;JWTBCP §3.1;RFC9864 §2.2,T1_both_valid,,ES256;EdDSA,"General JSON JWS; ES256 + EdDSA, iki imza da gecerli uretildi (B T1)."
T2K_second_tampered,T,T/T2K_second_tampered.json,2b680a786661afab1cea245216a9ae3af2c8b0e18c072a2bfdd2610374f52667,449,jws-cekirdek,general,kontrol-EdDSA,d (JWS duzeyi),,L4,,coklu-imza-semantigi(any/all);bozuk-imza,"RFC7515 §7.2.1;RFC7515 §7.2;RFC7515 §5.2;JWTBCP §3.1;ACM2 (ECCG ACM v2, hibrit AND)",T2_eddsa_tampered,,ES256;EdDSA,T1K ile ayni; ikinci (EdDSA) imzanin 5. baytinin 0. biti cevrildi (B T2: s[5]^=1).
T3_stripped_to_ES256,T,T/T3_stripped_to_ES256.json,cf8da1086e85f019b624dd584b368eb22216235265009e864c0a3aac5f017bc0,295,jws-cekirdek,general,ortak,d (JWS duzeyi),,L4,,soyma,"RFC7515 §7.2.1;RFC7515 §7.2;RFC7515 §5.2;JWTBCP §3.1;ACM2 (ECCG ACM v2, hibrit AND)",T3_stripped_to_ES256,,ES256,"T1x'ten ikinci imza soyuldu; yalniz ES256 kaldi. ES256 imzasi uc kolda da AYNI (ayni yuk, anahtar, baslik; belirlenimci) -> tek dosya, tum kollar icin ortak (B T3)."
T1P_both_valid,T,T/T1P_both_valid.json,43a7a987f8ba9d3f54fe76fe4492ae9ecdbdad07d80dbaf4d7467f8138fc938e,4781,jws-cekirdek,general,tedavi-ML-DSA-65,d (JWS duzeyi),,L1;L2,,coklu-imza;saglik-kontrolu(H0),RFC7515 §7.2.1;RFC7515 §7.2;RFC7515 §5.2;JWTBCP §3.1;RFC9964 §5,T1_both_valid,,ES256;ML-DSA-65,"General JSON JWS; ES256 + ML-DSA-65, iki imza da gecerli uretildi (B T1)."
T2P_second_tampered,T,T/T2P_second_tampered.json,3426c9ab7e4788740243874175a09ac71c6a03f85804003ac49a8cb00c2b72b1,4781,jws-cekirdek,general,tedavi-ML-DSA-65,d (JWS duzeyi),,L4,,coklu-imza-semantigi(any/all);bozuk-imza,"RFC7515 §7.2.1;RFC7515 §7.2;RFC7515 §5.2;JWTBCP §3.1;ACM2 (ECCG ACM v2, hibrit AND)",T2_eddsa_tampered,,ES256;ML-DSA-65,T1P ile ayni; ikinci (ML-DSA-65) imzanin 5. baytinin 0. biti cevrildi (B T2: s[5]^=1).
T1C_both_valid,T,T/T1C_both_valid.json,477ed801cc2b2defadaf6ea7c38cd8d9b0596d944b2333baea86fb0b0157f1f7,4884,jws-cekirdek,general,tedavi-composite,d (JWS duzeyi),,L1;L2,,coklu-imza;saglik-kontrolu(H0),RFC7515 §7.2.1;RFC7515 §7.2;RFC7515 §5.2;JWTBCP §3.1;JOSECOMP §5.1 (Tablo 5),T1_both_valid,,ES256;ML-DSA-65-ES256,"General JSON JWS; ES256 + ML-DSA-65-ES256, iki imza da gecerli uretildi (B T1)."
T2C_second_tampered,T,T/T2C_second_tampered.json,170a281e5fa826d5aeab009f867e36462e31e91b7143b7114aabe8d65e135dce,4884,jws-cekirdek,general,tedavi-composite,d (JWS duzeyi),,L4,,coklu-imza-semantigi(any/all);bozuk-imza,"RFC7515 §7.2.1;RFC7515 §7.2;RFC7515 §5.2;JWTBCP §3.1;ACM2 (ECCG ACM v2, hibrit AND)",T2_eddsa_tampered,,ES256;ML-DSA-65-ES256,T1C ile ayni; ikinci (ML-DSA-65-ES256) imzanin 5. baytinin 0. biti cevrildi (ML-DSA bileseni icinde) (B T2: s[5]^=1).
T4K_plus_ML-DSA-65,T,T/T4K_plus_ML-DSA-65.json,5ad9a7a447996735d22674334a0c9ea8b56511a93f9832e3ddaf84a27b232a33,4935,jws-cekirdek,general,kontrol-EdDSA,d (JWS duzeyi),,L1;L4,,bilinmeyen-alg;ek-imza,RFC7515 §7.2.1;RFC7515 §7.2;RFC7515 §5.2;JWTBCP §3.1;RFC9964 §5;JOSECOMP §5.1 (Tablo 5),T4_plus_unknown_MLDSA65,,ES256;EdDSA;ML-DSA-65,"ES256 + EdDSA + GECERLI ML-DSA-65 imzasi (B T4 ""plus_unknown_MLDSA65"" rastgele bayt idi; burada gercek). Ek imzanin alg'i hedef kutuphane icin bilinmiyor olabilir."
T4P_plus_ML-DSA-65-ES256,T,T/T4P_plus_ML-DSA-65-ES256.json,74edcad4a37eb88bf5c7d3749db4c69fa8235b4d0fd6604458eb866fdeca8755,9370,jws-cekirdek,general,tedavi-ML-DSA-65,d (JWS duzeyi),,L1;L4,bilinmeyen-composite-alg,bilinmeyen-alg;ek-imza,RFC7515 §7.2.1;RFC7515 §7.2;RFC7515 §5.2;JWTBCP §3.1;RFC9964 §5;JOSECOMP §5.1 (Tablo 5),T4_plus_unknown_MLDSA65,,ES256;ML-DSA-65;ML-DSA-65-ES256,"ES256 + ML-DSA-65 + GECERLI ML-DSA-65-ES256 imzasi (B T4 ""plus_unknown_MLDSA65"" rastgele bayt idi; burada gercek). Ek imzanin alg'i hedef kutuphane icin bilinmiyor olabilir."
T4C_plus_ML-DSA-65,T,T/T4C_plus_ML-DSA-65.json,b6fc7fb4fcadce5831da7a0e370226dfcc76d5a0fb15edb2cb42700d647912bf,9370,jws-cekirdek,general,tedavi-composite,d (JWS duzeyi),,L1;L4,,bilinmeyen-alg;ek-imza,RFC7515 §7.2.1;RFC7515 §7.2;RFC7515 §5.2;JWTBCP §3.1;RFC9964 §5;JOSECOMP §5.1 (Tablo 5),T4_plus_unknown_MLDSA65,,ES256;ML-DSA-65-ES256;ML-DSA-65,"ES256 + ML-DSA-65-ES256 + GECERLI ML-DSA-65 imzasi (B T4 ""plus_unknown_MLDSA65"" rastgele bayt idi; burada gercek). Ek imzanin alg'i hedef kutuphane icin bilinmiyor olabilir."
T5P_only_ML-DSA-65,T,T/T5P_only_ML-DSA-65.json,b6e1199088d2961c03dadabcdae744e17222bf605cfe2cca6eac9a1f30fb68cd,4627,jws-cekirdek,general,tedavi-ML-DSA-65,d (JWS duzeyi),,L1;L2;L3,,yalniz-tek-alg,RFC7515 §7.2.1;RFC7515 §7.2;RFC7515 §5.2;JWTBCP §3.1;RFC9964 §5,T5_only_MLDSA65,,ML-DSA-65,General JSON; YALNIZ ML-DSA-65 imzasi (gecerli). B T5 (only_MLDSA65) rastgele bayt idi.
T5C_only_ML-DSA-65-ES256,T,T/T5C_only_ML-DSA-65-ES256.json,5a5936d293f63aa512368e42bb75ad2c5650225e8512dc12b165b9683550a8b1,4730,jws-cekirdek,general,tedavi-composite,d (JWS duzeyi),,L1;L2;L3,,yalniz-tek-alg,RFC7515 §7.2.1;RFC7515 §7.2;RFC7515 §5.2;JWTBCP §3.1;JOSECOMP §5.1 (Tablo 5),T5_only_MLDSA65,,ML-DSA-65-ES256,General JSON; YALNIZ ML-DSA-65-ES256 imzasi (gecerli). B T5 (only_MLDSA65) rastgele bayt idi.
T5K_only_EdDSA,T,T/T5K_only_EdDSA.json,946707abe695642afdd8022c92d11ee36c0087f0175dc3ff8fe6b8fd37f3f391,295,jws-cekirdek,general,kontrol-EdDSA,d (JWS duzeyi),,L1;L2;L3,,yalniz-tek-alg,RFC7515 §7.2.1;RFC7515 §7.2;RFC7515 §5.2;JWTBCP §3.1;RFC9864 §2.2,T5_only_MLDSA65,,EdDSA,General JSON; YALNIZ EdDSA imzasi (gecerli). B T5 (only_MLDSA65) rastgele bayt idi.
T6_plus_composite,T,T/T6_plus_composite.json,80d82263d46d122279a327a504bf6c0cbd2c35906a87407acf19196dc8f58343,5038,jws-cekirdek,general,kontrol-EdDSA,d (JWS duzeyi),,L1;L4,bilinmeyen-composite-alg,ek-imza,RFC7515 §7.2.1;RFC7515 §7.2;RFC7515 §5.2;JWTBCP §3.1;JOSECOMP §5.1 (Tablo 5);JOSECOMP §4.2,T6_plus_composite_label,,ES256;EdDSA;ML-DSA-65-ES256,"ES256 + EdDSA + GECERLI composite ML-DSA-65-ES256 imzasi (B T6 ""plus_composite_label"" rastgele bayt idi)."
UNK01_alg_ML-DSA-66,UNK,UNK/UNK01_alg_ML-DSA-66.jws,cdbaf4085524f22743142d03690e23c8842f71914babafe8071bcc0f9cd908b5,4672,jws-cekirdek,compact,tedavi-ML-DSA-65,,,L1,,bilinmeyen-alg,RFC7515 §4.1.1;JWTBCP §3.1;RFC7515 §10.7;RFC9964 §5,,,ML-DSA-66,"Compact JWS; alg=""ML-DSA-66"" (kayitsiz). Imza baytlari issuer/ML-DSA-65 anahtariyla bu imzalama girdisi uzerinde uretilmis gecerli bir ML-DSA-65 imzasi; kid ML-DSA-65 anahtarini gosteriyor."
UNK02_alg_ML-DSA-65-P256,UNK,UNK/UNK02_alg_ML-DSA-65-P256.jws,5596683e423d683ad2ffc07d37e982777fae2b1c75b449dac4d4cc8c1fa3e157,4774,jws-cekirdek,compact,tedavi-composite,,,L1,bilinmeyen-composite-alg,,RFC7515 §4.1.1;JWTBCP §3.1;RFC7515 §10.7;JOSECOMP §5.1 (Tablo 5),,,ML-DSA-65-P256,"Compact JWS; alg=""ML-DSA-65-P256"" (akla yakin ama KAYITSIZ composite adi; -04 adi ML-DSA-65-ES256). Imza, bu girdi uzerinde gecerli bir ML-DSA-65-ES256 composite imzasi."
UNK03_alg_kucuk_harf,UNK,UNK/UNK03_alg_kucuk_harf.jws,ad54a38cd5e05bb1f943ea8f92d9b7c2836d35e010681aecbcdb2d78a1f88648,4672,jws-cekirdek,compact,tedavi-ML-DSA-65,,,L1,,alg-buyuk-kucuk-harf,RFC7515 §4.1.1;JWTBCP §3.1;RFC7515 §10.7;RFC9964 §5,,,ml-dsa-65,"Compact JWS; alg=""ml-dsa-65"" (kucuk harf). RFC 7515 4.1.1: alg degeri buyuk/kucuk harfe duyarli. Imza ML-DSA-65 ile gecerli."
UNK04_general_arti_kayitsiz_composite,UNK,UNK/UNK04_general_arti_kayitsiz_composite.json,0fde0106b358b8c104f2f430bf4d638e78e0457dd579c68594f5ca0a18a18899,9622,jws-cekirdek,general,tedavi-ML-DSA-65,d (JWS duzeyi),,L1;L4,bilinmeyen-composite-alg,ek-imza,RFC7515 §4.1.1;JWTBCP §3.1;RFC7515 §10.7;RFC7515 §7.2.1;RFC7515 §7.2,,,ES256;ML-DSA-65;ML-DSA-65-P256,"General JSON; ES256 + ML-DSA-65 (gecerli) + alg=""ML-DSA-65-P256"" (kayitsiz etiket, gecerli composite bayt)."
UNK05_general_arti_alg_none,UNK,UNK/UNK05_general_arti_alg_none.json,38131bb9c2db32852a7cf1c35e6ac867eab9c5df8ba6974b335180025f6ac0d3,5032,jws-cekirdek,general,tedavi-ML-DSA-65,d (JWS duzeyi),,L1;L4,,alg-none;ek-imza,RFC7515 §4.1.1;JWTBCP §3.1;RFC7515 §10.7;RFC7515 §7.2.1,,,ES256;ML-DSA-65;none,"General JSON; ES256 + ML-DSA-65 (gecerli) + {""alg"":""none""} bos imza."
CMP00_gecerli_referans,CMP,CMP/CMP00_gecerli_referans.jws,75e2594a50113e181ffec37af32d841173844c000018f11da84f72f299b78c3d,4775,jws-cekirdek,compact,tedavi-composite,a,,L1,,composite-bilesen-dogrulugu,JOSECOMP §4.2;JOSECOMP §4.3;JOSECOMP §4.4;JOSECOMP §5.3 (Tablo 7),,,ML-DSA-65-ES256,Referans: gecerli ML-DSA-65-ES256 compact JWS (bozulmalarin tabani).
CMP01_ml_bileseni_bozuk,CMP,CMP/CMP01_ml_bileseni_bozuk.jws,504cae7abeb3d37fc76b5f6cd0eb6f285b1b3c709433ed32f0c51b6f1f6cd161,4775,jws-cekirdek,compact,tedavi-composite,a,,L4,,composite-bilesen-dogrulugu;bilesen-bozulmasi,JOSECOMP §4.2;JOSECOMP §4.3;JOSECOMP §4.4;JOSECOMP §5.3 (Tablo 7),,,ML-DSA-65-ES256,ML-DSA bileseninin orta baytinda bit cevrildi; ECDSA bileseni gecerli.
CMP02_ecdsa_bileseni_bozuk,CMP,CMP/CMP02_ecdsa_bileseni_bozuk.jws,ba0e21008b6636dd2d1f4ee652f11ac18c08064385e637cfc7c24322df3cdf35,4775,jws-cekirdek,compact,tedavi-composite,a,,L4,,composite-bilesen-dogrulugu;bilesen-bozulmasi,JOSECOMP §4.2;JOSECOMP §4.3;JOSECOMP §4.4;JOSECOMP §5.3 (Tablo 7);JOSECOMP §4.5.1,,,ML-DSA-65-ES256,ECDSA bileseninde r degerinin son baytinda bit cevrildi (DER yapisi gecerli); ML-DSA bileseni gecerli.
CMP03_ecdsa_der_uzunluk_bozuk,CMP,CMP/CMP03_ecdsa_der_uzunluk_bozuk.jws,71239a933a71b15ccec4cfde3767ef4414ffb95f6fcb59b5849df203890adb18,4775,jws-cekirdek,compact,tedavi-composite,a,,L4,,composite-bilesen-dogrulugu;serilestirme,JOSECOMP §4.2;JOSECOMP §4.3;JOSECOMP §4.4;JOSECOMP §5.3 (Tablo 7);JOSECOMP §4.5.1,,,ML-DSA-65-ES256,ECDSA bileseninin DER SEQUENCE uzunluk bayti +1 (yapisal bozulma).
CMP04_ecdsa_ham_rs,CMP,CMP/CMP04_ecdsa_ham_rs.jws,684ae73df202801f5ab435e93141e97fb68fb24ae5cee6f2512c9967dd82094c,4766,jws-cekirdek,compact,tedavi-composite,a,,L4,,composite-bilesen-dogrulugu;serilestirme;uygulayici-hatasi-taklidi,JOSECOMP §4.2;JOSECOMP §4.3;JOSECOMP §4.4;JOSECOMP §5.3 (Tablo 7);JOSECOMP §4.5.1;RFC7518 §3.4,,,ML-DSA-65-ES256,"ECDSA bileseni DER yerine JOSE ES256 tarzi HAM r||s (64 B) kodlandi (olasi uygulayici hatasi; -04 4.5.1 DER ister). r,s degerleri gecerli bir imzaya ait."
CMP05_ecdsa_asgari_olmayan_der,CMP,CMP/CMP05_ecdsa_asgari_olmayan_der.jws,3087f2beacb49014b08e2d1fd62e28ee6baff40fac3f4f1450fb7f6f3be87399,4776,jws-cekirdek,compact,tedavi-composite,a,,L4,,composite-bilesen-dogrulugu;serilestirme;der-kanoniklik,JOSECOMP §4.2;JOSECOMP §4.3;JOSECOMP §4.4;JOSECOMP §5.3 (Tablo 7);JOSECOMP §4.5.1,,,ML-DSA-65-ES256,ECDSA bileseni asgari olmayan DER (r onunde fazladan 0x00); sayisal degerler gecerli imzaya ait.
CMP06_sonda_artik_bayt,CMP,CMP/CMP06_sonda_artik_bayt.jws,662b1890602efb7d1d6d5cd1af3eeb6e416cb591051aa7ece1474baf4857a59a,4776,jws-cekirdek,compact,tedavi-composite,a,,L4,,composite-bilesen-dogrulugu;serilestirme,JOSECOMP §4.2;JOSECOMP §4.3;JOSECOMP §4.4;JOSECOMP §5.3 (Tablo 7),,,ML-DSA-65-ES256,Gecerli composite imzanin sonuna 0x00 eklendi.
CMP07_yalniz_ml_bileseni,CMP,CMP/CMP07_yalniz_ml_bileseni.jws,3882e451a6cef944346285a2a344547615820f89b7354989b89cb2e04642591f,4680,jws-cekirdek,compact,tedavi-composite,a,,L4,,composite-bilesen-dogrulugu;serilestirme;bilesen-soyma,JOSECOMP §4.2;JOSECOMP §4.3;JOSECOMP §4.4;JOSECOMP §5.3 (Tablo 7),,,ML-DSA-65-ES256,ECDSA bileseni kesildi; yalniz ML-DSA bileseni (3309 B) kaldi.
CMP08_bilesenler_farkli_iletilerden,CMP,CMP/CMP08_bilesenler_farkli_iletilerden.jws,1c074a96b680ea976507a73f336c5b93c8c10dab1cc0dd5216cff02b7cfdd9af,4775,jws-cekirdek,compact,tedavi-composite,a,,L4,,composite-bilesen-dogrulugu;bilesen-karistirma,JOSECOMP §4.2;JOSECOMP §4.3;JOSECOMP §4.4;JOSECOMP §5.3 (Tablo 7),,,ML-DSA-65-ES256,"ML-DSA bileseni baska bir yukun imzasindan, ECDSA bileseni bu yukun imzasindan (ayni anahtar)."
CMP09_ml_bileseni_ctx_bos,CMP,CMP/CMP09_ml_bileseni_ctx_bos.jws,53668f6bd0f9b15cd9633d70c6361e24d59edd2e43216e8df25a0ac2426d5f95,4775,jws-cekirdek,compact,tedavi-composite,a,,L4,,composite-bilesen-dogrulugu;uygulayici-hatasi-taklidi,JOSECOMP §4.2;JOSECOMP §4.3;JOSECOMP §4.4;JOSECOMP §5.3 (Tablo 7),,,ML-DSA-65-ES256,ML-DSA bileseni ctx=Label yerine BOS ctx ile imzalandi (olasi uygulayici hatasi; -04 4.2 ctx=Label ister); M' dogru; ECDSA bileseni gecerli.
CMP10_onozet_sha256,CMP,CMP/CMP10_onozet_sha256.jws,c25cc019f712334b5b8afe6727265e4fd05fd2c678d00c634ad1341060db5f04,4775,jws-cekirdek,compact,tedavi-composite,a,,L4,,composite-bilesen-dogrulugu;uygulayici-hatasi-taklidi;spesifikasyon-belirsizligi,JOSECOMP §4.2;JOSECOMP §4.3;JOSECOMP §4.4;JOSECOMP §5.3 (Tablo 7);JOSECOMP §5.1 (Tablo 5);JOSECOMP §7.1,,,ML-DSA-65-ES256,Her iki bilesen de SHA-256 on-ozetli M' uzerinde tutarli imzalandi (dogrusu SHA-512; -04 Tablo 5). Uygulayici hatasi taklidi: -04 7.1.2 IANA aciklamasi 'P-256 curve and SHA-256' der.
CMP11_bos_ctx_uzunlugu_yok,CMP,CMP/CMP11_bos_ctx_uzunlugu_yok.jws,32f4417944295321de6d0ae5c00c8a2fb1414d0afe963a949d4da20903198781,4776,jws-cekirdek,compact,tedavi-composite,a,,L4,,composite-bilesen-dogrulugu;uygulayici-hatasi-taklidi,JOSECOMP §4.2;JOSECOMP §4.3;JOSECOMP §4.4;JOSECOMP §5.3 (Tablo 7),,,ML-DSA-65-ES256,M' icinde Label'dan sonraki 0x00 (bos baglam uzunlugu) atlandi; iki bilesen bu M' uzerinde tutarli.
CMP12_ayrilabilirlik_ecdsa_ES256,CMP,CMP/CMP12_ayrilabilirlik_ecdsa_ES256.jws,62dff9a529f67ee866a1d3a26e84327ee4d0fa72ce785d854152aab58298275d,341,jws-cekirdek,compact,tedavi-composite,a,,L3,,ayrilabilirlik;anahtar-yeniden-kullanimi,JOSECOMP §6.3;JOSECOMP §6.2;JWTBCP §3.1;RFC7518 §3.4,,,ES256,Composite imzanin ECDSA bileseni (M' uzerinde) ham r||s'ye cevrilip ES256 JWS imzasi olarak sunuldu. Dogrulama anahtari: composite'in EC bileseni BAGIMSIZ ES256 anahtari olarak (anahtar yeniden kullanimi senaryosu; -04 6.2 bunu yasaklar).
CMP13_ayrilabilirlik_ml_MLDSA65,CMP,CMP/CMP13_ayrilabilirlik_ml_MLDSA65.jws,4fee2ec3cd965b31d6b933c74803ae6beec59f9d9a6a536ebb4e80ec31907fa4,4672,jws-cekirdek,compact,tedavi-composite,a,,L3,,ayrilabilirlik;anahtar-yeniden-kullanimi,JOSECOMP §6.3;JOSECOMP §6.2;JWTBCP §3.1;RFC9964 §5,,,ML-DSA-65,Composite imzanin ML-DSA bileseni (M' ve ctx=Label uzerinde) ML-DSA-65 JWS imzasi olarak sunuldu. Dogrulama anahtari: composite'in ML-DSA bileseni bagimsiz AKP anahtari olarak.
CMP14_ed25519_ml_bileseni_bozuk,CMP,CMP/CMP14_ed25519_ml_bileseni_bozuk.jws,7ac369deb3028704f7a2041dff4f61d91f0d2fd6b13a8daed712adad8f7c04cf,4769,jws-cekirdek,compact,kapsam-hibrit,a,,L4,,composite-bilesen-dogrulugu;bilesen-bozulmasi,JOSECOMP §4.2;JOSECOMP §4.3;JOSECOMP §4.4;JOSECOMP §5.3 (Tablo 7),,,ML-DSA-65-Ed25519,ML-DSA-65-Ed25519: ML-DSA bileseni bozuk (bayt 100).
CMP15_ed25519_eddsa_bileseni_bozuk,CMP,CMP/CMP15_ed25519_eddsa_bileseni_bozuk.jws,4b551cc31d0e32db7e02518c1836b51ba2eb9e943c75484ccf932da42cac2fa3,4769,jws-cekirdek,compact,kapsam-hibrit,a,,L4,,composite-bilesen-dogrulugu;bilesen-bozulmasi,JOSECOMP §4.2;JOSECOMP §4.3;JOSECOMP §4.4;JOSECOMP §5.3 (Tablo 7),,,ML-DSA-65-Ed25519,ML-DSA-65-Ed25519: Ed25519 bileseni bozuk (bayt 10).
CMP16_bilesen_sirasi_ters,CMP,CMP/CMP16_bilesen_sirasi_ters.jws,4147cc8fe0ac44c1205b5b69790db691282862092ab75fbbef22ea8e3547aa48,4775,jws-cekirdek,compact,tedavi-composite,a,,L4,,composite-bilesen-dogrulugu;serilestirme,JOSECOMP §4.2;JOSECOMP §4.3;JOSECOMP §4.4;JOSECOMP §5.3 (Tablo 7);JOSECOMP §4.4,,,ML-DSA-65-ES256,ML-DSA-65-ES256: bilesen sirasi ters (tradSig || mldsaSig).
X5C01_klasik_zincir,X5C,X5C/X5C01_klasik_zincir.sdjwt,b5acd1a0981320ff334aedf753d67ca61dfc99be105eb690195a964a8052a7de,3838,sd-jwt-vc,sd-jwt-compact,klasik-taban,,-13;-19,L3,,x5c-zincir,RFC7515 §4.1.6;HAIP §6.1.1;SDJWTVC §2.5;SDJWTVC13 §3.5,,,ES256,"SD-JWT VC (compact, PID); ES256 imzasi; x5c = [issuer-ec@int-ec, int-ec]; zincir sinifi: tam-klasik."
X5C02_pq_zincir,X5C,X5C/X5C02_pq_zincir.sdjwt,15c5d4eb46e677356b967d7acca437b47529336c2332ce880a3db1785f54b8e4,26409,sd-jwt-vc,sd-jwt-compact,tedavi-ML-DSA-65,,-13;-19,L3,,x5c-zincir,RFC7515 §4.1.6;HAIP §6.1.1;SDJWTVC §2.5;SDJWTVC13 §3.5,,,ML-DSA-65,"SD-JWT VC (compact, PID); ML-DSA-65 imzasi; x5c = [issuer-ml@int-ml, int-ml]; zincir sinifi: tam-pq."
X5C03_karisik_klasik_yaprak_pq_ara,X5C,X5C/X5C03_karisik_klasik_yaprak_pq_ara.sdjwt,2ca9cf93b35a505090a13f272bce3571d9bfef7e626b94dce36f5611497d00b2,18739,sd-jwt-vc,sd-jwt-compact,klasik-taban,,-13;-19,L3,karisik-x5c,,RFC7515 §4.1.6;HAIP §6.1.1;SDJWTVC §2.5;SDJWTVC13 §3.5,,,ES256,"SD-JWT VC (compact, PID); ES256 imzasi; x5c = [issuer-ec@int-ml, int-ml]; zincir sinifi: karisik."
X5C04_karisik_pq_yaprak_klasik_ara,X5C,X5C/X5C04_karisik_pq_yaprak_klasik_ara.sdjwt,8aeadb5d6839bf20ed07d9c79c9dbfdf19623db6f2e3b240dd34c6492eb2b4ad,11540,sd-jwt-vc,sd-jwt-compact,tedavi-ML-DSA-65,,-13;-19,L3,karisik-x5c,,RFC7515 §4.1.6;HAIP §6.1.1;SDJWTVC §2.5;SDJWTVC13 §3.5,,,ML-DSA-65,"SD-JWT VC (compact, PID); ML-DSA-65 imzasi; x5c = [issuer-ml@int-ec, int-ec]; zincir sinifi: karisik."
X5C05_karisik_pq_ara_klasik_kok,X5C,X5C/X5C05_karisik_pq_ara_klasik_kok.sdjwt,2b088157fe6b5a00c0563a2b34abb6224d132ca139a4d2e51066fc197b594602,20692,sd-jwt-vc,sd-jwt-compact,tedavi-ML-DSA-65,,-13;-19,L3,karisik-x5c,kok-halkasi-klasik,RFC7515 §4.1.6;HAIP §6.1.1;SDJWTVC §2.5;SDJWTVC13 §3.5,,,ML-DSA-65,"SD-JWT VC (compact, PID); ML-DSA-65 imzasi; x5c = [issuer-ml@int-ml-rootec, int-ml-rootec]; zincir sinifi: karisik."
X5C06_guven_capasi_x5c_icinde,X5C,X5C/X5C06_guven_capasi_x5c_icinde.sdjwt,bb404720b8f87762dd5624465e7705c053ce955e950ff26864a4293a9ef5834f,36333,sd-jwt-vc,sd-jwt-compact,tedavi-ML-DSA-65,,-13;-19,L3,,x5c-guven-capasi-icinde,RFC7515 §4.1.6;HAIP §6.1.1;SDJWTVC §2.5;SDJWTVC13 §3.5,,,ML-DSA-65,"X5C02 ile ayni zincir, ancak x5c kok sertifikayi (root-ml) da iceriyor (HAIP 6.1.1: guven capasi x5c'ye KONMAZ)."
X5C07_korumasiz_x5c,X5C,X5C/X5C07_korumasiz_x5c.json,9b57fbcb2307701b4873a051eaed283ac9be8afbe881452a17dfd26e03dbf125,21564,sd-jwt-vc,sd-jwt-flattened,tedavi-ML-DSA-65,,-13,L3,korumasiz-x5c,,RFC7515 §4.1.6;RFC7515 §7.2.2;RFC9901 §8.1;RFC9901 §8.2;HAIP §6.1.1,,,ML-DSA-65,"SD-JWT VC flattened JSON (RFC 9901 8.2); x5c KORUMASIZ baslikta (tam-PQ zincir); korumali baslik {alg,typ}."
X5C08_korumasiz_x5c_zincir_degisimi,X5C,X5C/X5C08_korumasiz_x5c_zincir_degisimi.json,7b53c3cac17e361708ac1d40155b30d6d291fe4943809dd51f25bc819c54acd7,10412,sd-jwt-vc,sd-jwt-flattened,tedavi-ML-DSA-65,,-13,L3,korumasiz-x5c;karisik-x5c,zincir-ikamesi,RFC7515 §4.1.6;RFC7515 §7.2.2;RFC9901 §8.1;RFC9901 §8.2;HAIP §6.1.1,,,ML-DSA-65,"X5C07 ile imza bayt-bayt ayni; korumasiz x5c, AYNI yaprak anahtari icin klasik CA zinciriyle [issuer-ml@int-ec, int-ec] degistirildi (imzayi bozmadan zincir sinifi dusurme)."
X5C09_korumali_ve_korumasiz_x5c,X5C,X5C/X5C09_korumali_ve_korumasiz_x5c.json,29701286320711a1ffa924f3b9ffba5b4cace5268206d2c2b518270106f44efa,30457,sd-jwt-vc,sd-jwt-flattened,tedavi-ML-DSA-65,,-13,L3,korumasiz-x5c,baslik-ayriklik-ihlali,RFC7515 §4.1.6;RFC7515 §7.2.2;RFC9901 §8.1;RFC9901 §8.2;HAIP §6.1.1;RFC7515 §7.2.1,,,ML-DSA-65,Flattened JSON; x5c HEM korumali (tam-PQ zincir) HEM korumasiz baslikta (karisik zincir). RFC 7515 7.2.1: korumali/korumasiz baslik adlari ayrik olmali.
X5C10_x5c_ve_baska_anahtar_kid,X5C,X5C/X5C10_x5c_ve_baska_anahtar_kid.sdjwt,67efb2c095aa6e3fda4dab52b05a44d82cacf2573d34bcc9609d26f87421a794,26478,sd-jwt-vc,sd-jwt-compact,tedavi-ML-DSA-65,,-13;-19,L3,,anahtar-cozumleme-belirsizligi,RFC7515 §4.1.6;HAIP §6.1.1;SDJWTVC §2.5;SDJWTVC13 §3.5;JWTBCP §3.1,,,ML-DSA-65,Korumali baslikta x5c (tam-PQ zincir; imza bu yaprak anahtariyla gecerli) VE baska bir anahtari (issuer/ES256) gosteren kid. Anahtar cozumleme belirsizligi.
REQ01_imzali_ES256_x509_hash,REQ,REQ/REQ01_imzali_ES256_x509_hash.jws,4b6c6a6afca5e42a814643b87e8ff27b173e0e3e10d0953a18ea614a16053015,3042,oid4vp-istek,compact,klasik-taban,,,L1;L3,,x509_hash,OID4VP §5;OID4VP §5.9.3;OID4VP A.3.2.1;HAIP §5;RFC9101 §4;JWTBCP §3.11,,openid4vp-v1-signed,ES256,"OID4VP istek nesnesi (DC API, compact); typ=oauth-authz-req+jwt; ES256; client_id=x509_hash (yaprak rp-ec@int-ec)."
REQ02_imzali_MLDSA65_x509_hash,REQ,REQ/REQ02_imzali_MLDSA65_x509_hash.jws,f8c19b89581bba70ad7f45b349a9b5bd760cf9e9bfe43964cc4876ff51ba9a1b,25619,oid4vp-istek,compact,tedavi-ML-DSA-65,,,L1;L3,,x509_hash,OID4VP §5;OID4VP §5.9.3;OID4VP A.3.2.1;HAIP §5;RFC9101 §4;JWTBCP §3.11,,openid4vp-v1-signed,ML-DSA-65,"OID4VP istek nesnesi (DC API, compact); typ=oauth-authz-req+jwt; ML-DSA-65; client_id=x509_hash (yaprak rp-ml@int-ml)."
REQ03_imzali_composite_onkayitli,REQ,REQ/REQ03_imzali_composite_onkayitli.jws,92ef971b266e3a0821274d04ff3b354549404a35caced8c2da9ee0ce45811b46,5681,oid4vp-istek,compact,tedavi-composite,a,,L1;L3,,onkayitli-istemci(M-d),OID4VP §5;OID4VP §5.9.3;OID4VP A.3.2.1;JOSECOMP §5.1 (Tablo 5),,openid4vp-v1-signed,ML-DSA-65-ES256,"OID4VP istek nesnesi (compact); ML-DSA-65-ES256; kid ile; client_id onkayitli (onek yok, ""rp.example.pq""): composite X.509 olmadigi icin x509_hash kullanilamadi (bant disi anahtar, M-d)."
REQ04_coklu_imzali,REQ,REQ/REQ04_coklu_imzali.json,b108fbdd840b23c33dedc963d4318b4e5ad2fa48db0e54039cfa3e5291a4f7d9,27797,oid4vp-istek,general,tedavi-ML-DSA-65,c,,L4,,coklu-imzali-istek,OID4VP A.3.2.2;HAIP §5.2;RFC7515 §7.2.1;RFC7515 §7.2;OID4VP §5.9.3,,openid4vp-v1-multisigned,ES256;ML-DSA-65,"OID4VP A.3.2.2 coklu imzali istek (General JSON): ES256 (klasik guven cercevesi, x509_hash) + ML-DSA-65 (PQ guven cercevesi, x509_hash); client_id her imzanin korumali basliginda."
REQ05_coklu_imzali_pq_soyuldu,REQ,REQ/REQ05_coklu_imzali_pq_soyuldu.json,8090f85bb31f6eb70589ec7c0f3b110772d53497a92cb10b91a469b13652fec4,3127,oid4vp-istek,general,tedavi-ML-DSA-65,c,,L4,,soyma;coklu-imzali-istek,"OID4VP A.3.2.2;HAIP §5.2;RFC7515 §7.2.1;RFC7515 §7.2;OID4VP §5.9.3;ACM2 (ECCG ACM v2, hibrit AND)",,openid4vp-v1-multisigned,ES256,REQ04'ten ML-DSA-65 imzasi soyuldu; yalniz ES256 (klasik) imza kaldi.
REQ06_coklu_imzali_klasik_soyuldu,REQ,REQ/REQ06_coklu_imzali_klasik_soyuldu.json,73d32018d317ac3984e967950308942da9e7fb30213f4c35efd764918dcf48b7,25704,oid4vp-istek,general,tedavi-ML-DSA-65,c,,L4,,soyma;coklu-imzali-istek,OID4VP A.3.2.2;HAIP §5.2;RFC7515 §7.2.1;RFC7515 §7.2;OID4VP §5.9.3,,openid4vp-v1-multisigned,ML-DSA-65,REQ04'ten ES256 imzasi soyuldu; yalniz ML-DSA-65 imza kaldi.
REQ07_coklu_imzali_pq_bozuk,REQ,REQ/REQ07_coklu_imzali_pq_bozuk.json,9e80e259828277af17e461f61840635416fb703e145216e1e022035ce830bae8,27797,oid4vp-istek,general,tedavi-ML-DSA-65,c,,L4,,bozuk-imza;coklu-imzali-istek,OID4VP A.3.2.2;HAIP §5.2;RFC7515 §7.2.1;RFC7515 §7.2;OID4VP §5.9.3,,openid4vp-v1-multisigned,ES256;ML-DSA-65,REQ04; ML-DSA-65 imzasinin 5. baytinda bit cevrildi.
REQ08_imzasiz_M-b0,REQ,REQ/REQ08_imzasiz_M-b0.json,ca4ba710c92637309af309413d812fdfcf24154d8c346cc3ee140fd74ef62f49,1176,oid4vp-istek,dcapi-json-parametre,,M-b0,,,,imzasizlastirma(M-b0),OID4VP A.3.1;OID4VP A.2;HAIP §5.2,,openid4vp-v1-unsigned,,M-b0 imzasizlastirma: ayni istek parametreleri DC API imzasiz istek olarak (openid4vp-v1-unsigned); client_id ve expected_origins yok (A.2: imzasiz istekte client_id OLMAMALI).
REQ09_imzasiz_M-b0_client_id_korundu,REQ,REQ/REQ09_imzasiz_M-b0_client_id_korundu.json,d4546fabf2bcef0b1fc83fc99243fcc188fa6b7a5381cfb8845788b076dabd18,1307,oid4vp-istek,dcapi-json-parametre,,M-b0,,,,imzasizlastirma(M-b0);kimlik-dogrulanmamis-client_id,OID4VP A.3.1;OID4VP A.2;HAIP §5.2,,openid4vp-v1-unsigned,,"M-b0: REQ02'nin imzali yuku imzasi atilarak imzasiz istek olarak sunuldu; client_id (x509_hash, PQ yaprak) ve expected_origins KORUNDU (A.2: cuzdan imzasiz istekte client_id ve expected_origins'i yok saymali)."
REQ10_istek_alg_none,REQ,REQ/REQ10_istek_alg_none.jws,e1712e8d706d61fd3a56a8374bac942400452958155dc1c709f491246cf0686c,1144,oid4vp-istek,compact,,M-b0,,L1,,alg-none;imzasizlastirma(M-b0),OID4VP §5;RFC9101 §6.2;RFC7515 §4.1.1,,openid4vp-v1-signed,none,"Istek nesnesi alg=none (imzasiz JWT; bos imza), typ=oauth-authz-req+jwt, client_id=x509_hash (PQ yaprak), x5c yok."
VC01_ES256_x5c,VC,VC/VC01_ES256_x5c.sdjwt,1915293b66226e7842f205779df9b378e1042560a8e7b9e6387cc168942969ff,3838,sd-jwt-vc,sd-jwt-compact,klasik-taban,,-13;-19,L1;L3,,,RFC9901 §4.1;RFC9901 §4.2;SDJWTVC §2.2.1;SDJWTVC13 §3.2.1;SDJWTVC §2.2.2.3;HAIP §6.1.1;HAIP §7,,,ES256,"SD-JWT VC ihraci (compact; typ=dc+sd-jwt; PID; 10 ifsa + 2 sahte ozet; cnf.jwk=holder/ES256); ES256, x5c=[issuer-ec@int-ec, ara CA]."
VC02_MLDSA65_x5c,VC,VC/VC02_MLDSA65_x5c.sdjwt,fa6cf73bd637feb8a5c2f9ca8ac1d40c9774c35a105065cf38f40d5c4a63965f,26409,sd-jwt-vc,sd-jwt-compact,tedavi-ML-DSA-65,,-13;-19,L1;L3,,,RFC9901 §4.1;RFC9901 §4.2;SDJWTVC §2.2.1;SDJWTVC13 §3.2.1;SDJWTVC §2.2.2.3;HAIP §6.1.1;RFC9964 §5,,,ML-DSA-65,"SD-JWT VC ihraci (compact; typ=dc+sd-jwt; PID; 10 ifsa + 2 sahte ozet; cnf.jwk=holder/ES256); ML-DSA-65, x5c=[issuer-ml@int-ml, ara CA]."
VC03_composite_kid,VC,VC/VC03_composite_kid.sdjwt,b964fdb1411ae1cf3dbb57578f4dd0ba8039cf5c3c6b434233700706d953e6ff,6537,sd-jwt-vc,sd-jwt-compact,tedavi-composite,a,-13;-19,L1;L3,,,RFC9901 §4.1;RFC9901 §4.2;SDJWTVC §2.2.1;SDJWTVC13 §3.2.1;SDJWTVC §2.2.2.3;JOSECOMP §5.1 (Tablo 5),,,ML-DSA-65-ES256,SD-JWT VC ihraci (compact; typ=dc+sd-jwt; PID; 10 ifsa + 2 sahte ozet; cnf.jwk=holder/ES256); ML-DSA-65-ES256 (x5c yok: composite/ek ML-DSA duzeyleri icin kid; composite X.509 kapsam disi).
VC04_MLDSA44_kid,VC,VC/VC04_MLDSA44_kid.sdjwt,4578f80e530fb5bd011b759a040c7cf61d696dfa92a73f2af0f4f787bbd1d2be,5248,sd-jwt-vc,sd-jwt-compact,kapsam-pq,,-13;-19,L1;L3,,,RFC9901 §4.1;RFC9901 §4.2;SDJWTVC §2.2.1;SDJWTVC13 §3.2.1;SDJWTVC §2.2.2.3;RFC9964 §5,,,ML-DSA-44,SD-JWT VC ihraci (compact; typ=dc+sd-jwt; PID; 10 ifsa + 2 sahte ozet; cnf.jwk=holder/ES256); ML-DSA-44 (x5c yok: composite/ek ML-DSA duzeyleri icin kid; composite X.509 kapsam disi).
VC05_MLDSA87_kid,VC,VC/VC05_MLDSA87_kid.sdjwt,a3d11099c58bfd9c9e3f8de94f25f01b591ea961d7d43e3ee5da5e96c76d5148,8191,sd-jwt-vc,sd-jwt-compact,kapsam-pq,,-13;-19,L1;L3,,,RFC9901 §4.1;RFC9901 §4.2;SDJWTVC §2.2.1;SDJWTVC13 §3.2.1;SDJWTVC §2.2.2.3;RFC9964 §5,,,ML-DSA-87,SD-JWT VC ihraci (compact; typ=dc+sd-jwt; PID; 10 ifsa + 2 sahte ozet; cnf.jwk=holder/ES256); ML-DSA-87 (x5c yok: composite/ek ML-DSA duzeyleri icin kid; composite X.509 kapsam disi).
VC06_composite_Ed25519_kid,VC,VC/VC06_composite_Ed25519_kid.sdjwt,f5fba169ee9e17af59d9b125e3141c02a8e096383af038ee958666d832d33d24,6530,sd-jwt-vc,sd-jwt-compact,kapsam-hibrit,a,-13;-19,L1;L3,,,RFC9901 §4.1;RFC9901 §4.2;SDJWTVC §2.2.1;SDJWTVC13 §3.2.1;SDJWTVC §2.2.2.3;JOSECOMP §5.1 (Tablo 5),,,ML-DSA-65-Ed25519,SD-JWT VC ihraci (compact; typ=dc+sd-jwt; PID; 10 ifsa + 2 sahte ozet; cnf.jwk=holder/ES256); ML-DSA-65-Ed25519 (x5c yok: composite/ek ML-DSA duzeyleri icin kid; composite X.509 kapsam disi).
VC07_GJ_ES256_MLDSA65,VC,VC/VC07_GJ_ES256_MLDSA65.json,d4b3db5a2b06e8ff55090cdb17e7e984a62b21db917eb2ee24d08f9f1c80badd,28604,sd-jwt-vc,sd-jwt-general,tedavi-ML-DSA-65,d,-13,L4,,coklu-imza,RFC9901 §8.3;RFC9901 §8.1;SDJWTVC13 §3.2;SDJWTVC §2.2;HAIP §9.4;RFC7515 §7.2.1,,,ES256;ML-DSA-65,"SD-JWT VC, JWS General JSON (RFC 9901 8.3), coklu ihracci imzasi: ES256 + ML-DSA-65; ifsalar ilk korumasiz baslikta. SD-JWT VC -13'te JSON serilestirme ISTEGE BAGLI (3.2), -19'da ayrintilar kapsam disi (2.2)."
VC08_GJ_ES256_composite,VC,VC/VC08_GJ_ES256_composite.json,fd7510b5e6627c2d005dcd1a9545c0875117db50a8aaea40d604a3be3398acae,8731,sd-jwt-vc,sd-jwt-general,tedavi-composite,d,-13,L4,,coklu-imza,RFC9901 §8.3;RFC9901 §8.1;SDJWTVC13 §3.2;SDJWTVC §2.2;HAIP §9.4;RFC7515 §7.2.1,,,ES256;ML-DSA-65-ES256,"SD-JWT VC, JWS General JSON (RFC 9901 8.3), coklu ihracci imzasi: ES256 + ML-DSA-65-ES256; ifsalar ilk korumasiz baslikta. SD-JWT VC -13'te JSON serilestirme ISTEGE BAGLI (3.2), -19'da ayrintilar kapsam disi (2.2)."
VC09_GJ_ES256_EdDSA,VC,VC/VC09_GJ_ES256_EdDSA.json,096bd71f9e8dfa160c321c48be1d775e0635fe2283ed59523d1e86da9ec2e0ff,4297,sd-jwt-vc,sd-jwt-general,kontrol-EdDSA,d,-13,L4,,coklu-imza,RFC9901 §8.3;RFC9901 §8.1;SDJWTVC13 §3.2;SDJWTVC §2.2;HAIP §9.4;RFC7515 §7.2.1,,,ES256;EdDSA,"SD-JWT VC, JWS General JSON (RFC 9901 8.3), coklu ihracci imzasi: ES256 + EdDSA; ifsalar ilk korumasiz baslikta. SD-JWT VC -13'te JSON serilestirme ISTEGE BAGLI (3.2), -19'da ayrintilar kapsam disi (2.2)."
VC10_ikili_ihrac,VC,VC/VC10_ikili_ihrac.json,d403463993a3453cb776f526f750a1b7be8c7fa1031598d6f70dc5930801fefe,30329,sd-jwt-vc,oid4vci-toplu-yanit,tedavi-ML-DSA-65,b,-13;-19,L1;L3,,ikili-ihrac,RFC9901 §4.1;RFC9901 §4.2;SDJWTVC §2.2.1;SDJWTVC13 §3.2.1;SDJWTVC §2.2.2.3;HAIP §6.1.1,,,ES256;ML-DSA-65,Ikili ihrac (senaryo b): ayni toplu yanitta (OID4VCI credentials dizisi bicimi) ayni talepli iki SD-JWT VC — ES256 (klasik zincir) ve ML-DSA-65 (PQ zincir); tuzlar farkli (baglantilanamazlik).
VC11_typ_vc+sd-jwt,VC,VC/VC11_typ_vc+sd-jwt.sdjwt,d3fb0e5f635cd194b4420508eab5794dbf8b2eb23bbc6c9d6fe36629bb730c95,3838,sd-jwt-vc,sd-jwt-compact,klasik-taban,,-13,L1,,typ-gecisi(-13),SDJWTVC13 §3.2.1;SDJWTVC §2.2.1;JWTBCP §3.11,,,ES256,"VC01 benzeri; typ=""vc+sd-jwt"" (eski deger). -13 3.2.1: gecis doneminde her iki degerin kabulu ONERILIR; -19 yalniz dc+sd-jwt tanimlar."
VC12_alg_none,VC,VC/VC12_alg_none.sdjwt,e65a7b76fd41f4320a8aba7aadafc80d5ba6bf49e36ce377fb39072a96454b00,1945,sd-jwt-vc,sd-jwt-compact,,,-13;-19,L1,,alg-none,RFC9901 §9.1;RFC7515 §4.1.1,,,none,SD-JWT VC; ihracci JWT alg=none (imzasiz; bos imza). RFC 9901 9.1: ihracci JWT imzali OLMALI.
VP01_ihracci_ES256_kb_ES256,VP,VP/VP01_ihracci_ES256_kb_ES256.sdjwt,59fca2db3cf6b6253a112815fe9802680471e7526d24f3b7febff3f5bfab6bb9,3724,sd-jwt-vc+kb,sd-jwt-compact,klasik-taban,,-13;-19,L1;L3,,kb-jwt,RFC9901 §4.3;RFC9901 §4.3.1;RFC9901 §7.3;HAIP §6.1.1.1;OID4VP A.4,,,ES256,"SD-JWT+KB sunumu (compact): ihracci ES256 (x5c); KB-JWT ES256 (cnf.jwk=holder/ES256); acilan ifsalar: given_name, family_name, age_equal_or_over.18; aud=""origin:https://verifier.example/"", nonce=""n-0S6_WzA2Mj""."
VP02_ihracci_MLDSA65_kb_ES256,VP,VP/VP02_ihracci_MLDSA65_kb_ES256.sdjwt,c832bf3d16293ff5869f65aa4a0a4defd87e6ce12359cb08c93bcb881e1b79d7,26295,sd-jwt-vc+kb,sd-jwt-compact,tedavi-ML-DSA-65,,-13;-19,L1;L3,,kb-jwt;pq-ihracci-klasik-cihaz-anahtari,RFC9901 §4.3;RFC9901 §4.3.1;RFC9901 §7.3;HAIP §6.1.1.1;OID4VP A.4,,,ML-DSA-65,"SD-JWT+KB sunumu (compact): ihracci ML-DSA-65 (x5c); KB-JWT ES256 (cnf.jwk=holder/ES256); acilan ifsalar: given_name, family_name, age_equal_or_over.18; aud=""origin:https://verifier.example/"", nonce=""n-0S6_WzA2Mj""."
VP03_ihracci_MLDSA65_kb_MLDSA65,VP,VP/VP03_ihracci_MLDSA65_kb_MLDSA65.sdjwt,7b8dc05749c23ce1119a25d8e71a7e8e49c07d8b3a030fb00057faf77688673a,33983,sd-jwt-vc+kb,sd-jwt-compact,tedavi-ML-DSA-65,,-13;-19,L1;L3,,kb-jwt,RFC9901 §4.3;RFC9901 §4.3.1;RFC9901 §7.3;HAIP §6.1.1.1;OID4VP A.4,,,ML-DSA-65,"SD-JWT+KB sunumu (compact): ihracci ML-DSA-65 (x5c); KB-JWT ML-DSA-65 (cnf.jwk=holder/ML-DSA-65); acilan ifsalar: given_name, family_name, age_equal_or_over.18; aud=""origin:https://verifier.example/"", nonce=""n-0S6_WzA2Mj""."
VP04_ihracci_composite_kb_composite,VP,VP/VP04_ihracci_composite_kb_composite.sdjwt,5bf41df7c49de20a7c295fa5b844c3899cf57021524c70c303eedc7631850e7a,14336,sd-jwt-vc+kb,sd-jwt-compact,tedavi-composite,a,-13;-19,L1;L3,,kb-jwt,RFC9901 §4.3;RFC9901 §4.3.1;RFC9901 §7.3;HAIP §6.1.1.1;OID4VP A.4,,,ML-DSA-65-ES256,"SD-JWT+KB sunumu (compact): ihracci ML-DSA-65-ES256 (kid); KB-JWT ML-DSA-65-ES256 (cnf.jwk=holder/ML-DSA-65-ES256); acilan ifsalar: given_name, family_name, age_equal_or_over.18; aud=""origin:https://verifier.example/"", nonce=""n-0S6_WzA2Mj""."
VP05_GJ_ES256_MLDSA65_kb,VP,VP/VP05_GJ_ES256_MLDSA65_kb.json,0d7f9b71d6c0132e1c2b0bd4d523b060c777016152b24fff109bb3ab67b8c72d,28452,sd-jwt-vc+kb,sd-jwt-general,tedavi-ML-DSA-65,d,-13,L4,,kb-jwt;coklu-imza,RFC9901 §8.1;RFC9901 §8.3;RFC9901 §4.3.1;SDJWTVC13 §4.1,,,ES256;ML-DSA-65,"SD-JWT+KB, General JSON (RFC 9901 8.3): ihracci ES256 + ML-DSA-65; disclosures ve kb_jwt ilk korumasiz baslikta; sd_hash, ILK imza (ES256) ile kurulan gecici compact bicim uzerinden (8.1'in bu aracin okumasi)."
VP06_GJ_pq_soyuldu_kb_gecerli,VP,VP/VP06_GJ_pq_soyuldu_kb_gecerli.json,ddb77086d0fd37d0acc0deec367422fc0d9495f57216a7c7fba920452d86ad97,3897,sd-jwt-vc+kb,sd-jwt-general,tedavi-ML-DSA-65,d,-13,L4,,soyma;sd_hash-belirsizligi;kb-jwt,"RFC9901 §8.1;RFC9901 §8.3;RFC9901 §4.3.1;SDJWTVC13 §4.1;ACM2 (ECCG ACM v2, hibrit AND)",,,ES256,VP05'ten ML-DSA-65 ihracci imzasi soyuldu. KB-JWT sd_hash'i yalniz ilk (ES256) imzayi kapsadigindan KB-JWT hala bu nesneyle tutarli (sd_hash baglamasi coklu imzayi korumuyor).
VP07_GJ_sd_hash_ikinci_imza,VP,VP/VP07_GJ_sd_hash_ikinci_imza.json,779ca93ca655d4cc545debb9f38c2f5218ab02f06122ad1b4405e5e188cf048c,28452,sd-jwt-vc+kb,sd-jwt-general,tedavi-ML-DSA-65,d,-13,L4,,sd_hash-belirsizligi;kb-jwt,RFC9901 §8.1;RFC9901 §8.3;RFC9901 §4.3.1;SDJWTVC13 §4.1,,,ES256;ML-DSA-65,VP05 ile ayni; ancak KB-JWT sd_hash'i IKINCI (ML-DSA-65) imzayla kurulan gecici compact bicim uzerinden (8.1'in alternatif okumasi).
TSL01_ES256_x5c,TSL,TSL/TSL01_ES256_x5c.jws,d7a01758ad8ef23714adfcdd80cab115035f9dc3cf0c7723553cd5190687fef5,2142,status-list-token,compact,klasik-taban,,,L1;L3,,durum-listesi,TSL §5.1;TSL §4.2;TSL §4.1;HAIP §6.1;HAIP §7,,,ES256,"Status List Token (JWT; typ=statuslist+jwt; bits=1, 16 girdi; idx 3 ve 12 = INVALID, idx 7 (PID) = VALID); ES256; x5c=[status-ec@int-ec, ara CA]."
TSL02_MLDSA65_x5c,TSL,TSL/TSL02_MLDSA65_x5c.jws,ef6dad3b58f35ab8a803ccf7973c6218f58727d7ae1800e0b12284622091aef5,24719,status-list-token,compact,tedavi-ML-DSA-65,,,L1;L3,,durum-listesi,TSL §5.1;TSL §4.2;TSL §4.1;HAIP §6.1;HAIP §7,,,ML-DSA-65,"Status List Token (JWT; typ=statuslist+jwt; bits=1, 16 girdi; idx 3 ve 12 = INVALID, idx 7 (PID) = VALID); ML-DSA-65; x5c=[status-ml@int-ml, ara CA]."
TSL03_composite_kid,TSL,TSL/TSL03_composite_kid.jws,f0a1045318a972cbf232b0bb80f510bebe67d0588043590be5a0e28bfe79701b,4830,status-list-token,compact,tedavi-composite,a,,L1;L3,,durum-listesi,TSL §5.1;TSL §4.2;TSL §4.1;HAIP §6.1;HAIP §7,,,ML-DSA-65-ES256,"Status List Token (JWT; typ=statuslist+jwt; bits=1, 16 girdi; idx 3 ve 12 = INVALID, idx 7 (PID) = VALID); ML-DSA-65-ES256; kid (composite X.509 kapsam disi)."
DPOP01_ES256,DPOP,DPOP/DPOP01_ES256.jws,82e865fa7db887f2a6caafbe4176ce5fe6b53344c92dceab965ef3c94b1a6fb2,440,dpop,compact,klasik-taban,,,L1,,boyut-esigi,RFC9449 §4.2;RFC9449 §4.3;HAIP §4,,,ES256,"DPoP kaniti (typ=dpop+jwt; jwk=acik anahtar); ES256; asgari talepler (jti, htm, htu, iat); 440 B (nginx 1.31.6 varsayilan baslik degeri esigi 8.182 B, Node 24.15 16.348 B — P4)."
DPOP02_EdDSA,DPOP,DPOP/DPOP02_EdDSA.jws,07e2fe09f12e7660f4da21c70650c8000fd15682a0a95794b1111b07b81545c2,378,dpop,compact,kontrol-EdDSA,,,L1,,boyut-esigi,RFC9449 §4.2;RFC9449 §4.3;HAIP §4,,,EdDSA,"DPoP kaniti (typ=dpop+jwt; jwk=acik anahtar); EdDSA; asgari talepler (jti, htm, htu, iat); 378 B (nginx 1.31.6 varsayilan baslik degeri esigi 8.182 B, Node 24.15 16.348 B — P4)."
DPOP03_ML-DSA-44,DPOP,DPOP/DPOP03_ML-DSA-44.jws,2a7818b9b9d5924f1fc212688bb2984b71b9b23fdb4813fc10016405d7adf838,5805,dpop,compact,kapsam-pq,,,L1,,boyut-esigi,RFC9449 §4.2;RFC9449 §4.3;HAIP §4,,,ML-DSA-44,"DPoP kaniti (typ=dpop+jwt; jwk=acik anahtar); ML-DSA-44; asgari talepler (jti, htm, htu, iat); 5805 B (nginx 1.31.6 varsayilan baslik degeri esigi 8.182 B, Node 24.15 16.348 B — P4)."
DPOP04_ML-DSA-65,DPOP,DPOP/DPOP04_ML-DSA-65.jws,e351b5119abcf4e333f21fda42c10ee8f0f0b036762cc620870b34bbcab7227a,8128,dpop,compact,tedavi-ML-DSA-65,,,L1,,boyut-esigi,RFC9449 §4.2;RFC9449 §4.3;HAIP §4,,,ML-DSA-65,"DPoP kaniti (typ=dpop+jwt; jwk=acik anahtar); ML-DSA-65; asgari talepler (jti, htm, htu, iat); 8128 B (nginx 1.31.6 varsayilan baslik degeri esigi 8.182 B, Node 24.15 16.348 B — P4)."
DPOP05_ML-DSA-87,DPOP,DPOP/DPOP05_ML-DSA-87.jws,232195a8b065eed2254004e902fc69b44bcb3a80aa36448575e2e2b52808ee14,11023,dpop,compact,kapsam-pq,,,L1,,boyut-esigi,RFC9449 §4.2;RFC9449 §4.3;HAIP §4,,,ML-DSA-87,"DPoP kaniti (typ=dpop+jwt; jwk=acik anahtar); ML-DSA-87; asgari talepler (jti, htm, htu, iat); 11023 B (nginx 1.31.6 varsayilan baslik degeri esigi 8.182 B, Node 24.15 16.348 B — P4)."
DPOP06_ML-DSA-65-ES256,DPOP,DPOP/DPOP06_ML-DSA-65-ES256.jws,4900ae00786f1b4b5ebf10d1c0059a07048d41670131fb6d76e9f5e817968563,8355,dpop,compact,tedavi-composite,a,,L1,,boyut-esigi,RFC9449 §4.2;RFC9449 §4.3;HAIP §4,,,ML-DSA-65-ES256,"DPoP kaniti (typ=dpop+jwt; jwk=acik anahtar); ML-DSA-65-ES256; asgari talepler (jti, htm, htu, iat); 8355 B (nginx 1.31.6 varsayilan baslik degeri esigi 8.182 B, Node 24.15 16.348 B — P4)."
DPOP07_ML-DSA-65-Ed25519,DPOP,DPOP/DPOP07_ML-DSA-65-Ed25519.jws,abb31ca0e81abf69b013effae920bc7132c063b04ecc28686a6aea6193ba9b10,8292,dpop,compact,kapsam-hibrit,a,,L1,,boyut-esigi,RFC9449 §4.2;RFC9449 §4.3;HAIP §4,,,ML-DSA-65-Ed25519,"DPoP kaniti (typ=dpop+jwt; jwk=acik anahtar); ML-DSA-65-Ed25519; asgari talepler (jti, htm, htu, iat); 8292 B (nginx 1.31.6 varsayilan baslik degeri esigi 8.182 B, Node 24.15 16.348 B — P4)."
DPOP08_ML-DSA-65_ath_nonce,DPOP,DPOP/DPOP08_ML-DSA-65_ath_nonce.jws,88370f97758121aa6f49ebc5a75434fda629cfb2eb27f987897985fa81b2da0a,8244,dpop,compact,tedavi-ML-DSA-65,,,L1,,boyut-esigi,RFC9449 §4.2;RFC9449 §4.3;HAIP §4,,,ML-DSA-65,"DPoP kaniti (typ=dpop+jwt; jwk=acik anahtar); ML-DSA-65; kaynak erisimi: + ath (erisim belirteci ozeti) + nonce; 8244 B (nginx 1.31.6 varsayilan baslik degeri esigi 8.182 B, Node 24.15 16.348 B — P4)."
DPOP09_ML-DSA-65-ES256_ath_nonce,DPOP,DPOP/DPOP09_ML-DSA-65-ES256_ath_nonce.jws,398b8d63984dc52a4f44e4d76a4a30d534087bad66b99c1cd30bb08172d845e4,8472,dpop,compact,tedavi-composite,a,,L1,,boyut-esigi,RFC9449 §4.2;RFC9449 §4.3;HAIP §4,,,ML-DSA-65-ES256,"DPoP kaniti (typ=dpop+jwt; jwk=acik anahtar); ML-DSA-65-ES256; kaynak erisimi: + ath (erisim belirteci ozeti) + nonce; 8472 B (nginx 1.31.6 varsayilan baslik degeri esigi 8.182 B, Node 24.15 16.348 B — P4)."
DPOP10_jwk_ozel_anahtar_iceriyor,DPOP,DPOP/DPOP10_jwk_ozel_anahtar_iceriyor.jws,7f3b3bf77938153beb1e4da6de1c1a32f269b2d29ceb5bf3e2a589f816b4e002,8198,dpop,compact,tedavi-ML-DSA-65,,,L1,,jwk-ozel-anahtar,RFC9449 §4.2;RFC9449 §4.3;HAIP §4;RFC9964 §3,,,ML-DSA-65,DPoP kaniti; jwk basligi AKP OZEL anahtar uyesini (priv) iceriyor (RFC 9449 4.2: jwk ozel anahtar ICERMEMELI).
CRIT01_bilinmeyen_parametre,CRIT,CRIT/CRIT01_bilinmeyen_parametre.sdjwt,46b05d54dbd674875908b7ce7a760125198085313f7e534f456ebddcb88dfdc5,26530,sd-jwt-vc,sd-jwt-compact,tedavi-ML-DSA-65,,-13;-19,L1,,crit;M-f-tasiyici-adayi,RFC7515 §4.1.11;SDJWTVC §2.2.1,,,ML-DSA-65,"SD-JWT VC (compact; ML-DSA-65; x5c tam-PQ); crit=[""x-pq-beklenti""] ve parametre korumali baslikta (M-f tasiyicisi adayi: taniyamayan dogrulayici reddetmek ZORUNDA — fail-closed dagitim)."
CRIT03_kayitli_ad,CRIT,CRIT/CRIT03_kayitli_ad.sdjwt,48baccee7af5cfd66971f3a012a64daa01fdd513a5091e833743d4c4e0295f19,26429,sd-jwt-vc,sd-jwt-compact,tedavi-ML-DSA-65,,-13;-19,L1,,crit,RFC7515 §4.1.11;SDJWTVC §2.2.1,,,ML-DSA-65,"SD-JWT VC (compact; ML-DSA-65; x5c tam-PQ); crit=[""alg""] (RFC 7515 4.1.11: bu belgede tanimli parametreler crit'te listelenmemeli)."
CRIT04_bos_dizi,CRIT,CRIT/CRIT04_bos_dizi.sdjwt,eee3be81b273279a78d7a8c57b401f68f263151580c9ed54f2e4c46e747d5afd,26422,sd-jwt-vc,sd-jwt-compact,tedavi-ML-DSA-65,,-13;-19,L1,,crit,RFC7515 §4.1.11;SDJWTVC §2.2.1,,,ML-DSA-65,SD-JWT VC (compact; ML-DSA-65; x5c tam-PQ); crit=[] (bos liste kullanilmamali).
CRIT05_listelenen_parametre_yok,CRIT,CRIT/CRIT05_listelenen_parametre_yok.sdjwt,81ba1cd812d46184391858f98513ff7e28f3f5cbb0cc0e8bc79df04189b5a025,26432,sd-jwt-vc,sd-jwt-compact,tedavi-ML-DSA-65,,-13;-19,L1,,crit,RFC7515 §4.1.11;SDJWTVC §2.2.1,,,ML-DSA-65,"SD-JWT VC (compact; ML-DSA-65; x5c tam-PQ); crit=[""x-yok""] ama x-yok baslikta yok."
CRIT02_korumasiz_crit,CRIT,CRIT/CRIT02_korumasiz_crit.json,780084fdf57eaac67964693db9f84dcdd0f6c2a132fe2071aadb5e2b7323810d,26688,sd-jwt-vc,sd-jwt-flattened,tedavi-ML-DSA-65,,-13,L1,,crit;M-f-tasiyici-adayi,RFC7515 §4.1.11;SDJWTVC §2.2.1;RFC7515 §7.2.2;RFC9901 §8.2,,,ML-DSA-65,SD-JWT VC flattened JSON; crit ve x-pq-beklenti KORUMASIZ baslikta (RFC 7515 4.1.11: crit korumali olmali).
T1K_both_valid-ED25519,T,T/T1K_both_valid-ED25519.json,5328096b51bf99aa8e25056565ec12c2115670096cfc33cb5516358742fd5243,452,jws-cekirdek,general,kontrol-Ed25519,d (JWS duzeyi),,L1;L2,,coklu-imza;saglik-kontrolu(H0);ed25519-etiketi(RFC 9864; A9 yedek kurali),RFC7515 §7.2.1;RFC7515 §7.2;RFC7515 §5.2;JWTBCP §3.1;RFC9864 §2.2 (Tablo 2: Ed25519);RFC9864 §4.1.1 (JOSE kaydi: Ed25519);RFC9864 §4.1.2 (EdDSA: Deprecated),T1_both_valid,,ES256;Ed25519,"v1 T1K_both_valid vektorunun Ed25519 etiketli esi (A9 yedek kurali): kontrol imzasinin alg etiketi ""EdDSA"" yerine RFC 9864 tam belirtilmis ""Ed25519""; ayni anahtar, ayni yuk, ayni yapi; yalniz bu baslik ve ona bagli imza farkli. v1 aciklamasi: General JSON JWS; ES256 + EdDSA, iki imza da gecerli uretildi (B T1)."
T2K_second_tampered-ED25519,T,T/T2K_second_tampered-ED25519.json,65d403faf1cd48033f9dae404f092a24fa7245d4e81e1e11618432ce5389379e,452,jws-cekirdek,general,kontrol-Ed25519,d (JWS duzeyi),,L4,,coklu-imza-semantigi(any/all);bozuk-imza;ed25519-etiketi(RFC 9864; A9 yedek kurali),"RFC7515 §7.2.1;RFC7515 §7.2;RFC7515 §5.2;JWTBCP §3.1;ACM2 (ECCG ACM v2, hibrit AND);RFC9864 §2.2 (Tablo 2: Ed25519);RFC9864 §4.1.1 (JOSE kaydi: Ed25519);RFC9864 §4.1.2 (EdDSA: Deprecated)",T2_eddsa_tampered,,ES256;Ed25519,"v1 T2K_second_tampered vektorunun Ed25519 etiketli esi (A9 yedek kurali): kontrol imzasinin alg etiketi ""EdDSA"" yerine RFC 9864 tam belirtilmis ""Ed25519""; ayni anahtar, ayni yuk, ayni yapi; yalniz bu baslik ve ona bagli imza farkli. v1 aciklamasi: T1K ile ayni; ikinci (EdDSA) imzanin 5. baytinin 0. biti cevrildi (B T2: s[5]^=1)."
T4K_plus_ML-DSA-65-ED25519,T,T/T4K_plus_ML-DSA-65-ED25519.json,f968f38ab52d7b5e04149f01e837b8aeea7189e717249fc74802ecff7de6295a,4938,jws-cekirdek,general,kontrol-Ed25519,d (JWS duzeyi),,L1;L4,,bilinmeyen-alg;ek-imza;ed25519-etiketi(RFC 9864; A9 yedek kurali),RFC7515 §7.2.1;RFC7515 §7.2;RFC7515 §5.2;JWTBCP §3.1;RFC9964 §5;JOSECOMP §5.1 (Tablo 5);RFC9864 §2.2 (Tablo 2: Ed25519);RFC9864 §4.1.1 (JOSE kaydi: Ed25519);RFC9864 §4.1.2 (EdDSA: Deprecated),T4_plus_unknown_MLDSA65,,ES256;Ed25519;ML-DSA-65,"v1 T4K_plus_ML-DSA-65 vektorunun Ed25519 etiketli esi (A9 yedek kurali): kontrol imzasinin alg etiketi ""EdDSA"" yerine RFC 9864 tam belirtilmis ""Ed25519""; ayni anahtar, ayni yuk, ayni yapi; yalniz bu baslik ve ona bagli imza farkli. v1 aciklamasi: ES256 + EdDSA + GECERLI ML-DSA-65 imzasi (B T4 ""plus_unknown_MLDSA65"" rastgele bayt idi; burada gercek). Ek imzanin alg'i hedef kutuphane icin bilinmiyor olabilir."
T5K_only_EdDSA-ED25519,T,T/T5K_only_EdDSA-ED25519.json,152e4ac4458ce1e6aed2888968f637a62b29ea4942b2f7e44cbde950fd80d9dd,298,jws-cekirdek,general,kontrol-Ed25519,d (JWS duzeyi),,L1;L2;L3,,yalniz-tek-alg;ed25519-etiketi(RFC 9864; A9 yedek kurali),RFC7515 §7.2.1;RFC7515 §7.2;RFC7515 §5.2;JWTBCP §3.1;RFC9864 §2.2 (Tablo 2: Ed25519);RFC9864 §4.1.1 (JOSE kaydi: Ed25519);RFC9864 §4.1.2 (EdDSA: Deprecated),T5_only_MLDSA65,,Ed25519,"v1 T5K_only_EdDSA vektorunun Ed25519 etiketli esi (A9 yedek kurali): kontrol imzasinin alg etiketi ""EdDSA"" yerine RFC 9864 tam belirtilmis ""Ed25519""; ayni anahtar, ayni yuk, ayni yapi; yalniz bu baslik ve ona bagli imza farkli. v1 aciklamasi: General JSON; YALNIZ EdDSA imzasi (gecerli). B T5 (only_MLDSA65) rastgele bayt idi."
T6_plus_composite-ED25519,T,T/T6_plus_composite-ED25519.json,9f7abaf978ea5197b578c4385bcf501d2cd6de7a2ff75c5bb047d50878ec5049,5041,jws-cekirdek,general,kontrol-Ed25519,d (JWS duzeyi),,L1;L4,bilinmeyen-composite-alg,ek-imza;ed25519-etiketi(RFC 9864; A9 yedek kurali),RFC7515 §7.2.1;RFC7515 §7.2;RFC7515 §5.2;JWTBCP §3.1;JOSECOMP §5.1 (Tablo 5);JOSECOMP §4.2;RFC9864 §2.2 (Tablo 2: Ed25519);RFC9864 §4.1.1 (JOSE kaydi: Ed25519);RFC9864 §4.1.2 (EdDSA: Deprecated),T6_plus_composite_label,,ES256;Ed25519;ML-DSA-65-ES256,"v1 T6_plus_composite vektorunun Ed25519 etiketli esi (A9 yedek kurali): kontrol imzasinin alg etiketi ""EdDSA"" yerine RFC 9864 tam belirtilmis ""Ed25519""; ayni anahtar, ayni yuk, ayni yapi; yalniz bu baslik ve ona bagli imza farkli. v1 aciklamasi: ES256 + EdDSA + GECERLI composite ML-DSA-65-ES256 imzasi (B T6 ""plus_composite_label"" rastgele bayt idi)."
VC09_GJ_ES256_EdDSA-ED25519,VC,VC/VC09_GJ_ES256_EdDSA-ED25519.json,50c818d408b8988fbe133c9043d6ffbbfe893c96473aa7f06be9982ae2e584a8,4299,sd-jwt-vc,sd-jwt-general,kontrol-Ed25519,d,-13,L4,,coklu-imza;ed25519-etiketi(RFC 9864; A9 yedek kurali),RFC9901 §8.3;RFC9901 §8.1;SDJWTVC13 §3.2;SDJWTVC §2.2;HAIP §9.4;RFC7515 §7.2.1;RFC9864 §2.2 (Tablo 2: Ed25519);RFC9864 §4.1.1 (JOSE kaydi: Ed25519);RFC9864 §4.1.2 (EdDSA: Deprecated),,,ES256;Ed25519,"v1 VC09_GJ_ES256_EdDSA vektorunun Ed25519 etiketli esi (A9 yedek kurali): kontrol imzasinin alg etiketi ""EdDSA"" yerine RFC 9864 tam belirtilmis ""Ed25519""; ayni anahtar, ayni yuk, ayni yapi; yalniz bu baslik ve ona bagli imza farkli. v1 aciklamasi: SD-JWT VC, JWS General JSON (RFC 9901 8.3), coklu ihracci imzasi: ES256 + EdDSA; ifsalar ilk korumasiz baslikta. SD-JWT VC -13'te JSON serilestirme ISTEGE BAGLI (3.2), -19'da ayrintilar kapsam disi (2.2)."
DPOP02_EdDSA-ED25519,DPOP,DPOP/DPOP02_EdDSA-ED25519.jws,0f312da369a1f7112186df2e22587ddb10321713f9255152741419ab04756283,380,dpop,compact,kontrol-Ed25519,,,L1,,boyut-esigi;ed25519-etiketi(RFC 9864; A9 yedek kurali),RFC9449 §4.2;RFC9449 §4.3;HAIP §4;RFC9864 §2.2 (Tablo 2: Ed25519);RFC9864 §4.1.1 (JOSE kaydi: Ed25519);RFC9864 §4.1.2 (EdDSA: Deprecated),,,Ed25519,"v1 DPOP02_EdDSA vektorunun Ed25519 etiketli esi (A9 yedek kurali): kontrol imzasinin alg etiketi ""EdDSA"" yerine RFC 9864 tam belirtilmis ""Ed25519""; ayni anahtar, ayni yuk, ayni yapi; yalniz bu baslik ve ona bagli imza farkli. Bu esin boyutu 380 B (nginx 8.182 B esigini asmaz). v1 aciklamasi: DPoP kaniti (typ=dpop+jwt; jwk=acik anahtar); EdDSA; asgari talepler (jti, htm, htu, iat); 378 B (nginx 1.31.6 varsayilan baslik degeri esigi 8.182 B, Node 24.15 16.348 B — P4)."
T1K_both_valid-SIRA-ters,T,T/T1K_both_valid-SIRA-ters.json,9b7e1f0012a398d97165ce4d64b797e133fbc043aed97b9ef1f6f433b9eab33e,449,jws-cekirdek,general,kontrol-EdDSA,d (JWS duzeyi),,L1;L2,,coklu-imza;saglik-kontrolu(H0);MR4(imza-sirasi-permutasyonu),RFC7515 §7.2.1;RFC7515 §7.2;RFC7515 §5.2;JWTBCP §3.1;RFC9864 §2.2,T1_both_valid,,EdDSA;ES256,"MR4 esi (ÖK §2B m.8, §2C m.4): T1K_both_valid vektorunun imza sirasi ""ters"" (yeni sira = ozgun indeksler [1, 0]; algler ['EdDSA', 'ES256']). Her imzanin korumali basligi ve imza baytlari ile yuk bayt-ayni; yalniz signatures dizisindeki sira degisti. Ozgun aciklama: General JSON JWS; ES256 + EdDSA, iki imza da gecerli uretildi (B T1)."
T1K_both_valid-SIRA-ters-ED25519,T,T/T1K_both_valid-SIRA-ters-ED25519.json,8c5bad0f3ba69f8f45eb5b213509515ec2f0d4df2fac7359eb5c4a8b27a74d3b,452,jws-cekirdek,general,kontrol-Ed25519,d (JWS duzeyi),,L1;L2,,coklu-imza;saglik-kontrolu(H0);MR4(imza-sirasi-permutasyonu);ed25519-etiketi(RFC 9864; A9 yedek kurali),RFC7515 §7.2.1;RFC7515 §7.2;RFC7515 §5.2;JWTBCP §3.1;RFC9864 §2.2 (Tablo 2: Ed25519);RFC9864 §4.1.1 (JOSE kaydi: Ed25519);RFC9864 §4.1.2 (EdDSA: Deprecated),T1_both_valid,,Ed25519;ES256,"T1K_both_valid-SIRA-ters vektorunun Ed25519 etiketli esi (A9 yedek kurali): kontrol imzasinin alg etiketi ""EdDSA"" yerine RFC 9864 tam belirtilmis ""Ed25519""; ayni anahtar, ayni yuk, ayni yapi; yalniz bu baslik ve ona bagli imza farkli. Ozgun aciklama: MR4 esi (ÖK §2B m.8, §2C m.4): T1K_both_valid vektorunun imza sirasi ""ters"" (yeni sira = ozgun indeksler [1, 0]; algler ['EdDSA', 'ES256']). Her imzanin korumali basligi ve imza baytlari ile yuk bayt-ayni; yalniz signatures dizisindeki sira degisti. Ozgun aciklama: General JSON JWS; ES256 + EdDSA, iki imza da gecerli uretildi (B T1)."
T1P_both_valid-SIRA-ters,T,T/T1P_both_valid-SIRA-ters.json,a2ca3af47611d97467aa1423072c6ce860d61efdb44e1a908a128c056db6b421,4781,jws-cekirdek,general,tedavi-ML-DSA-65,d (JWS duzeyi),,L1;L2,,coklu-imza;saglik-kontrolu(H0);MR4(imza-sirasi-permutasyonu),RFC7515 §7.2.1;RFC7515 §7.2;RFC7515 §5.2;JWTBCP §3.1;RFC9964 §5,T1_both_valid,,ML-DSA-65;ES256,"MR4 esi (ÖK §2B m.8, §2C m.4): T1P_both_valid vektorunun imza sirasi ""ters"" (yeni sira = ozgun indeksler [1, 0]; algler ['ML-DSA-65', 'ES256']). Her imzanin korumali basligi ve imza baytlari ile yuk bayt-ayni; yalniz signatures dizisindeki sira degisti. Ozgun aciklama: General JSON JWS; ES256 + ML-DSA-65, iki imza da gecerli uretildi (B T1)."
T1C_both_valid-SIRA-ters,T,T/T1C_both_valid-SIRA-ters.json,0beb91a298014d972af89d8bfea51038ff4306e23304750ff921885ddbaa483c,4884,jws-cekirdek,general,tedavi-composite,d (JWS duzeyi),,L1;L2,,coklu-imza;saglik-kontrolu(H0);MR4(imza-sirasi-permutasyonu),RFC7515 §7.2.1;RFC7515 §7.2;RFC7515 §5.2;JWTBCP §3.1;JOSECOMP §5.1 (Tablo 5),T1_both_valid,,ML-DSA-65-ES256;ES256,"MR4 esi (ÖK §2B m.8, §2C m.4): T1C_both_valid vektorunun imza sirasi ""ters"" (yeni sira = ozgun indeksler [1, 0]; algler ['ML-DSA-65-ES256', 'ES256']). Her imzanin korumali basligi ve imza baytlari ile yuk bayt-ayni; yalniz signatures dizisindeki sira degisti. Ozgun aciklama: General JSON JWS; ES256 + ML-DSA-65-ES256, iki imza da gecerli uretildi (B T1)."
T2K_second_tampered-SIRA-ters,T,T/T2K_second_tampered-SIRA-ters.json,db529cb775b1c11f3d64f07221416dac7fb1d6657a74947fbd81e3f8ec446f11,449,jws-cekirdek,general,kontrol-EdDSA,d (JWS duzeyi),,L4,,coklu-imza-semantigi(any/all);bozuk-imza;MR4(imza-sirasi-permutasyonu),"RFC7515 §7.2.1;RFC7515 §7.2;RFC7515 §5.2;JWTBCP §3.1;ACM2 (ECCG ACM v2, hibrit AND)",T2_eddsa_tampered,,EdDSA;ES256,"MR4 esi (ÖK §2B m.8, §2C m.4): T2K_second_tampered vektorunun imza sirasi ""ters"" (yeni sira = ozgun indeksler [1, 0]; algler ['EdDSA', 'ES256']). Her imzanin korumali basligi ve imza baytlari ile yuk bayt-ayni; yalniz signatures dizisindeki sira degisti. Ozgun aciklama: T1K ile ayni; ikinci (EdDSA) imzanin 5. baytinin 0. biti cevrildi (B T2: s[5]^=1)."
T2K_second_tampered-SIRA-ters-ED25519,T,T/T2K_second_tampered-SIRA-ters-ED25519.json,95ae11059ffe5bf8ebb73f71f515f55aee2705aa425f478ea6dbd092060e1444,452,jws-cekirdek,general,kontrol-Ed25519,d (JWS duzeyi),,L4,,coklu-imza-semantigi(any/all);bozuk-imza;MR4(imza-sirasi-permutasyonu);ed25519-etiketi(RFC 9864; A9 yedek kurali),"RFC7515 §7.2.1;RFC7515 §7.2;RFC7515 §5.2;JWTBCP §3.1;ACM2 (ECCG ACM v2, hibrit AND);RFC9864 §2.2 (Tablo 2: Ed25519);RFC9864 §4.1.1 (JOSE kaydi: Ed25519);RFC9864 §4.1.2 (EdDSA: Deprecated)",T2_eddsa_tampered,,Ed25519;ES256,"T2K_second_tampered-SIRA-ters vektorunun Ed25519 etiketli esi (A9 yedek kurali): kontrol imzasinin alg etiketi ""EdDSA"" yerine RFC 9864 tam belirtilmis ""Ed25519""; ayni anahtar, ayni yuk, ayni yapi; yalniz bu baslik ve ona bagli imza farkli. Ozgun aciklama: MR4 esi (ÖK §2B m.8, §2C m.4): T2K_second_tampered vektorunun imza sirasi ""ters"" (yeni sira = ozgun indeksler [1, 0]; algler ['EdDSA', 'ES256']). Her imzanin korumali basligi ve imza baytlari ile yuk bayt-ayni; yalniz signatures dizisindeki sira degisti. Ozgun aciklama: T1K ile ayni; ikinci (EdDSA) imzanin 5. baytinin 0. biti cevrildi (B T2: s[5]^=1)."
T2P_second_tampered-SIRA-ters,T,T/T2P_second_tampered-SIRA-ters.json,f2787808307c167b91d313c5e1adbcf1437de1164e538fdb2a1f5f84afcef75f,4781,jws-cekirdek,general,tedavi-ML-DSA-65,d (JWS duzeyi),,L4,,coklu-imza-semantigi(any/all);bozuk-imza;MR4(imza-sirasi-permutasyonu),"RFC7515 §7.2.1;RFC7515 §7.2;RFC7515 §5.2;JWTBCP §3.1;ACM2 (ECCG ACM v2, hibrit AND)",T2_eddsa_tampered,,ML-DSA-65;ES256,"MR4 esi (ÖK §2B m.8, §2C m.4): T2P_second_tampered vektorunun imza sirasi ""ters"" (yeni sira = ozgun indeksler [1, 0]; algler ['ML-DSA-65', 'ES256']). Her imzanin korumali basligi ve imza baytlari ile yuk bayt-ayni; yalniz signatures dizisindeki sira degisti. Ozgun aciklama: T1P ile ayni; ikinci (ML-DSA-65) imzanin 5. baytinin 0. biti cevrildi (B T2: s[5]^=1)."
T2C_second_tampered-SIRA-ters,T,T/T2C_second_tampered-SIRA-ters.json,ba0578c123a080ca2e0319bb235b509c9d09df6c94e1e930978ac964de58a573,4884,jws-cekirdek,general,tedavi-composite,d (JWS duzeyi),,L4,,coklu-imza-semantigi(any/all);bozuk-imza;MR4(imza-sirasi-permutasyonu),"RFC7515 §7.2.1;RFC7515 §7.2;RFC7515 §5.2;JWTBCP §3.1;ACM2 (ECCG ACM v2, hibrit AND)",T2_eddsa_tampered,,ML-DSA-65-ES256;ES256,"MR4 esi (ÖK §2B m.8, §2C m.4): T2C_second_tampered vektorunun imza sirasi ""ters"" (yeni sira = ozgun indeksler [1, 0]; algler ['ML-DSA-65-ES256', 'ES256']). Her imzanin korumali basligi ve imza baytlari ile yuk bayt-ayni; yalniz signatures dizisindeki sira degisti. Ozgun aciklama: T1C ile ayni; ikinci (ML-DSA-65-ES256) imzanin 5. baytinin 0. biti cevrildi (ML-DSA bileseni icinde) (B T2: s[5]^=1)."
T4K_plus_ML-DSA-65-SIRA-ek-once,T,T/T4K_plus_ML-DSA-65-SIRA-ek-once.json,5d723b02213064cad6ada9a7370ab4ca5b3bfbea32033a29e5d7df0ad00ddd1e,4935,jws-cekirdek,general,kontrol-EdDSA,d (JWS duzeyi),,L1;L4,,bilinmeyen-alg;ek-imza;MR4(imza-sirasi-permutasyonu),RFC7515 §7.2.1;RFC7515 §7.2;RFC7515 §5.2;JWTBCP §3.1;RFC9964 §5;JOSECOMP §5.1 (Tablo 5),T4_plus_unknown_MLDSA65,,ML-DSA-65;ES256;EdDSA,"MR4 esi (ÖK §2B m.8, §2C m.4): T4K_plus_ML-DSA-65 vektorunun imza sirasi ""ek-once"" (yeni sira = ozgun indeksler [2, 0, 1]; algler ['ML-DSA-65', 'ES256', 'EdDSA']). Her imzanin korumali basligi ve imza baytlari ile yuk bayt-ayni; yalniz signatures dizisindeki sira degisti. Ozgun aciklama: ES256 + EdDSA + GECERLI ML-DSA-65 imzasi (B T4 ""plus_unknown_MLDSA65"" rastgele bayt idi; burada gercek). Ek imzanin alg'i hedef kutuphane icin bilinmiyor olabilir."
T4K_plus_ML-DSA-65-SIRA-ek-once-ED25519,T,T/T4K_plus_ML-DSA-65-SIRA-ek-once-ED25519.json,1f3062d935b3ead6aedd34c58379a8811c7b286202b5ec29b4622610afd37d66,4938,jws-cekirdek,general,kontrol-Ed25519,d (JWS duzeyi),,L1;L4,,bilinmeyen-alg;ek-imza;MR4(imza-sirasi-permutasyonu);ed25519-etiketi(RFC 9864; A9 yedek kurali),RFC7515 §7.2.1;RFC7515 §7.2;RFC7515 §5.2;JWTBCP §3.1;RFC9964 §5;JOSECOMP §5.1 (Tablo 5);RFC9864 §2.2 (Tablo 2: Ed25519);RFC9864 §4.1.1 (JOSE kaydi: Ed25519);RFC9864 §4.1.2 (EdDSA: Deprecated),T4_plus_unknown_MLDSA65,,ML-DSA-65;ES256;Ed25519,"T4K_plus_ML-DSA-65-SIRA-ek-once vektorunun Ed25519 etiketli esi (A9 yedek kurali): kontrol imzasinin alg etiketi ""EdDSA"" yerine RFC 9864 tam belirtilmis ""Ed25519""; ayni anahtar, ayni yuk, ayni yapi; yalniz bu baslik ve ona bagli imza farkli. Ozgun aciklama: MR4 esi (ÖK §2B m.8, §2C m.4): T4K_plus_ML-DSA-65 vektorunun imza sirasi ""ek-once"" (yeni sira = ozgun indeksler [2, 0, 1]; algler ['ML-DSA-65', 'ES256', 'EdDSA']). Her imzanin korumali basligi ve imza baytlari ile yuk bayt-ayni; yalniz signatures dizisindeki sira degisti. Ozgun aciklama: ES256 + EdDSA + GECERLI ML-DSA-65 imzasi (B T4 ""plus_unknown_MLDSA65"" rastgele bayt idi; burada gercek). Ek imzanin alg'i hedef kutuphane icin bilinmiyor olabilir."
T4K_plus_ML-DSA-65-SIRA-ters,T,T/T4K_plus_ML-DSA-65-SIRA-ters.json,8dd6feb2031b3c5c3c38e30fb364b2e9436ac7fc10869b60dcca37379adcf89d,4935,jws-cekirdek,general,kontrol-EdDSA,d (JWS duzeyi),,L1;L4,,bilinmeyen-alg;ek-imza;MR4(imza-sirasi-permutasyonu),RFC7515 §7.2.1;RFC7515 §7.2;RFC7515 §5.2;JWTBCP §3.1;RFC9964 §5;JOSECOMP §5.1 (Tablo 5),T4_plus_unknown_MLDSA65,,ML-DSA-65;EdDSA;ES256,"MR4 esi (ÖK §2B m.8, §2C m.4): T4K_plus_ML-DSA-65 vektorunun imza sirasi ""ters"" (yeni sira = ozgun indeksler [2, 1, 0]; algler ['ML-DSA-65', 'EdDSA', 'ES256']). Her imzanin korumali basligi ve imza baytlari ile yuk bayt-ayni; yalniz signatures dizisindeki sira degisti. Ozgun aciklama: ES256 + EdDSA + GECERLI ML-DSA-65 imzasi (B T4 ""plus_unknown_MLDSA65"" rastgele bayt idi; burada gercek). Ek imzanin alg'i hedef kutuphane icin bilinmiyor olabilir."
T4K_plus_ML-DSA-65-SIRA-ters-ED25519,T,T/T4K_plus_ML-DSA-65-SIRA-ters-ED25519.json,1cd8c08643c13eaa57fddae15397b570a75b955b6ed310afbc492f4564b74ff8,4938,jws-cekirdek,general,kontrol-Ed25519,d (JWS duzeyi),,L1;L4,,bilinmeyen-alg;ek-imza;MR4(imza-sirasi-permutasyonu);ed25519-etiketi(RFC 9864; A9 yedek kurali),RFC7515 §7.2.1;RFC7515 §7.2;RFC7515 §5.2;JWTBCP §3.1;RFC9964 §5;JOSECOMP §5.1 (Tablo 5);RFC9864 §2.2 (Tablo 2: Ed25519);RFC9864 §4.1.1 (JOSE kaydi: Ed25519);RFC9864 §4.1.2 (EdDSA: Deprecated),T4_plus_unknown_MLDSA65,,ML-DSA-65;Ed25519;ES256,"T4K_plus_ML-DSA-65-SIRA-ters vektorunun Ed25519 etiketli esi (A9 yedek kurali): kontrol imzasinin alg etiketi ""EdDSA"" yerine RFC 9864 tam belirtilmis ""Ed25519""; ayni anahtar, ayni yuk, ayni yapi; yalniz bu baslik ve ona bagli imza farkli. Ozgun aciklama: MR4 esi (ÖK §2B m.8, §2C m.4): T4K_plus_ML-DSA-65 vektorunun imza sirasi ""ters"" (yeni sira = ozgun indeksler [2, 1, 0]; algler ['ML-DSA-65', 'EdDSA', 'ES256']). Her imzanin korumali basligi ve imza baytlari ile yuk bayt-ayni; yalniz signatures dizisindeki sira degisti. Ozgun aciklama: ES256 + EdDSA + GECERLI ML-DSA-65 imzasi (B T4 ""plus_unknown_MLDSA65"" rastgele bayt idi; burada gercek). Ek imzanin alg'i hedef kutuphane icin bilinmiyor olabilir."
T4P_plus_ML-DSA-65-ES256-SIRA-ek-once,T,T/T4P_plus_ML-DSA-65-ES256-SIRA-ek-once.json,e7958d674f59d637a042c8a215d2f8729abcc19e6c14f860564c65ba9f85109e,9370,jws-cekirdek,general,tedavi-ML-DSA-65,d (JWS duzeyi),,L1;L4,bilinmeyen-composite-alg,bilinmeyen-alg;ek-imza;MR4(imza-sirasi-permutasyonu),RFC7515 §7.2.1;RFC7515 §7.2;RFC7515 §5.2;JWTBCP §3.1;RFC9964 §5;JOSECOMP §5.1 (Tablo 5),T4_plus_unknown_MLDSA65,,ML-DSA-65-ES256;ES256;ML-DSA-65,"MR4 esi (ÖK §2B m.8, §2C m.4): T4P_plus_ML-DSA-65-ES256 vektorunun imza sirasi ""ek-once"" (yeni sira = ozgun indeksler [2, 0, 1]; algler ['ML-DSA-65-ES256', 'ES256', 'ML-DSA-65']). Her imzanin korumali basligi ve imza baytlari ile yuk bayt-ayni; yalniz signatures dizisindeki sira degisti. Ozgun aciklama: ES256 + ML-DSA-65 + GECERLI ML-DSA-65-ES256 imzasi (B T4 ""plus_unknown_MLDSA65"" rastgele bayt idi; burada gercek). Ek imzanin alg'i hedef kutuphane icin bilinmiyor olabilir."
T4P_plus_ML-DSA-65-ES256-SIRA-ters,T,T/T4P_plus_ML-DSA-65-ES256-SIRA-ters.json,6714f0d1d7eca87e6fdd71b59d4dab6403bf9c32b51716d14c00392a7f51a8df,9370,jws-cekirdek,general,tedavi-ML-DSA-65,d (JWS duzeyi),,L1;L4,bilinmeyen-composite-alg,bilinmeyen-alg;ek-imza;MR4(imza-sirasi-permutasyonu),RFC7515 §7.2.1;RFC7515 §7.2;RFC7515 §5.2;JWTBCP §3.1;RFC9964 §5;JOSECOMP §5.1 (Tablo 5),T4_plus_unknown_MLDSA65,,ML-DSA-65-ES256;ML-DSA-65;ES256,"MR4 esi (ÖK §2B m.8, §2C m.4): T4P_plus_ML-DSA-65-ES256 vektorunun imza sirasi ""ters"" (yeni sira = ozgun indeksler [2, 1, 0]; algler ['ML-DSA-65-ES256', 'ML-DSA-65', 'ES256']). Her imzanin korumali basligi ve imza baytlari ile yuk bayt-ayni; yalniz signatures dizisindeki sira degisti. Ozgun aciklama: ES256 + ML-DSA-65 + GECERLI ML-DSA-65-ES256 imzasi (B T4 ""plus_unknown_MLDSA65"" rastgele bayt idi; burada gercek). Ek imzanin alg'i hedef kutuphane icin bilinmiyor olabilir."
T4C_plus_ML-DSA-65-SIRA-ek-once,T,T/T4C_plus_ML-DSA-65-SIRA-ek-once.json,ef2c64c00e5c4eca46329c2469a06b2ba6919e99a9bfe0d0b0c9522cd7300d43,9370,jws-cekirdek,general,tedavi-composite,d (JWS duzeyi),,L1;L4,,bilinmeyen-alg;ek-imza;MR4(imza-sirasi-permutasyonu),RFC7515 §7.2.1;RFC7515 §7.2;RFC7515 §5.2;JWTBCP §3.1;RFC9964 §5;JOSECOMP §5.1 (Tablo 5),T4_plus_unknown_MLDSA65,,ML-DSA-65;ES256;ML-DSA-65-ES256,"MR4 esi (ÖK §2B m.8, §2C m.4): T4C_plus_ML-DSA-65 vektorunun imza sirasi ""ek-once"" (yeni sira = ozgun indeksler [2, 0, 1]; algler ['ML-DSA-65', 'ES256', 'ML-DSA-65-ES256']). Her imzanin korumali basligi ve imza baytlari ile yuk bayt-ayni; yalniz signatures dizisindeki sira degisti. Ozgun aciklama: ES256 + ML-DSA-65-ES256 + GECERLI ML-DSA-65 imzasi (B T4 ""plus_unknown_MLDSA65"" rastgele bayt idi; burada gercek). Ek imzanin alg'i hedef kutuphane icin bilinmiyor olabilir."
T4C_plus_ML-DSA-65-SIRA-ters,T,T/T4C_plus_ML-DSA-65-SIRA-ters.json,0749307500cc61a1a62131432aac7ab8bb15a3b9a12a169bed471fd09a27efab,9370,jws-cekirdek,general,tedavi-composite,d (JWS duzeyi),,L1;L4,,bilinmeyen-alg;ek-imza;MR4(imza-sirasi-permutasyonu),RFC7515 §7.2.1;RFC7515 §7.2;RFC7515 §5.2;JWTBCP §3.1;RFC9964 §5;JOSECOMP §5.1 (Tablo 5),T4_plus_unknown_MLDSA65,,ML-DSA-65;ML-DSA-65-ES256;ES256,"MR4 esi (ÖK §2B m.8, §2C m.4): T4C_plus_ML-DSA-65 vektorunun imza sirasi ""ters"" (yeni sira = ozgun indeksler [2, 1, 0]; algler ['ML-DSA-65', 'ML-DSA-65-ES256', 'ES256']). Her imzanin korumali basligi ve imza baytlari ile yuk bayt-ayni; yalniz signatures dizisindeki sira degisti. Ozgun aciklama: ES256 + ML-DSA-65-ES256 + GECERLI ML-DSA-65 imzasi (B T4 ""plus_unknown_MLDSA65"" rastgele bayt idi; burada gercek). Ek imzanin alg'i hedef kutuphane icin bilinmiyor olabilir."
T6_plus_composite-SIRA-ek-once,T,T/T6_plus_composite-SIRA-ek-once.json,312a017ea8d9302a491ab6a9fd6b6e2b772fae1f6e696b71ff995f56d250d030,5038,jws-cekirdek,general,kontrol-EdDSA,d (JWS duzeyi),,L1;L4,bilinmeyen-composite-alg,ek-imza;MR4(imza-sirasi-permutasyonu),RFC7515 §7.2.1;RFC7515 §7.2;RFC7515 §5.2;JWTBCP §3.1;JOSECOMP §5.1 (Tablo 5);JOSECOMP §4.2,T6_plus_composite_label,,ML-DSA-65-ES256;ES256;EdDSA,"MR4 esi (ÖK §2B m.8, §2C m.4): T6_plus_composite vektorunun imza sirasi ""ek-once"" (yeni sira = ozgun indeksler [2, 0, 1]; algler ['ML-DSA-65-ES256', 'ES256', 'EdDSA']). Her imzanin korumali basligi ve imza baytlari ile yuk bayt-ayni; yalniz signatures dizisindeki sira degisti. Ozgun aciklama: ES256 + EdDSA + GECERLI composite ML-DSA-65-ES256 imzasi (B T6 ""plus_composite_label"" rastgele bayt idi)."
T6_plus_composite-SIRA-ek-once-ED25519,T,T/T6_plus_composite-SIRA-ek-once-ED25519.json,89fedd34c4f1ef2e5e8e79fa44c65bfa13b6d6b68cc45603991f81048fd0e84a,5041,jws-cekirdek,general,kontrol-Ed25519,d (JWS duzeyi),,L1;L4,bilinmeyen-composite-alg,ek-imza;MR4(imza-sirasi-permutasyonu);ed25519-etiketi(RFC 9864; A9 yedek kurali),RFC7515 §7.2.1;RFC7515 §7.2;RFC7515 §5.2;JWTBCP §3.1;JOSECOMP §5.1 (Tablo 5);JOSECOMP §4.2;RFC9864 §2.2 (Tablo 2: Ed25519);RFC9864 §4.1.1 (JOSE kaydi: Ed25519);RFC9864 §4.1.2 (EdDSA: Deprecated),T6_plus_composite_label,,ML-DSA-65-ES256;ES256;Ed25519,"T6_plus_composite-SIRA-ek-once vektorunun Ed25519 etiketli esi (A9 yedek kurali): kontrol imzasinin alg etiketi ""EdDSA"" yerine RFC 9864 tam belirtilmis ""Ed25519""; ayni anahtar, ayni yuk, ayni yapi; yalniz bu baslik ve ona bagli imza farkli. Ozgun aciklama: MR4 esi (ÖK §2B m.8, §2C m.4): T6_plus_composite vektorunun imza sirasi ""ek-once"" (yeni sira = ozgun indeksler [2, 0, 1]; algler ['ML-DSA-65-ES256', 'ES256', 'EdDSA']). Her imzanin korumali basligi ve imza baytlari ile yuk bayt-ayni; yalniz signatures dizisindeki sira degisti. Ozgun aciklama: ES256 + EdDSA + GECERLI composite ML-DSA-65-ES256 imzasi (B T6 ""plus_composite_label"" rastgele bayt idi)."
T6_plus_composite-SIRA-ters,T,T/T6_plus_composite-SIRA-ters.json,f13c18995c81fae40b82e555185fd46c8ce568386180abe025b4d1035648b5c4,5038,jws-cekirdek,general,kontrol-EdDSA,d (JWS duzeyi),,L1;L4,bilinmeyen-composite-alg,ek-imza;MR4(imza-sirasi-permutasyonu),RFC7515 §7.2.1;RFC7515 §7.2;RFC7515 §5.2;JWTBCP §3.1;JOSECOMP §5.1 (Tablo 5);JOSECOMP §4.2,T6_plus_composite_label,,ML-DSA-65-ES256;EdDSA;ES256,"MR4 esi (ÖK §2B m.8, §2C m.4): T6_plus_composite vektorunun imza sirasi ""ters"" (yeni sira = ozgun indeksler [2, 1, 0]; algler ['ML-DSA-65-ES256', 'EdDSA', 'ES256']). Her imzanin korumali basligi ve imza baytlari ile yuk bayt-ayni; yalniz signatures dizisindeki sira degisti. Ozgun aciklama: ES256 + EdDSA + GECERLI composite ML-DSA-65-ES256 imzasi (B T6 ""plus_composite_label"" rastgele bayt idi)."
T6_plus_composite-SIRA-ters-ED25519,T,T/T6_plus_composite-SIRA-ters-ED25519.json,f9d66e51fb7deaedca68d60a06ee910609f62bacd58de8e72d76f5f52d3543d2,5041,jws-cekirdek,general,kontrol-Ed25519,d (JWS duzeyi),,L1;L4,bilinmeyen-composite-alg,ek-imza;MR4(imza-sirasi-permutasyonu);ed25519-etiketi(RFC 9864; A9 yedek kurali),RFC7515 §7.2.1;RFC7515 §7.2;RFC7515 §5.2;JWTBCP §3.1;JOSECOMP §5.1 (Tablo 5);JOSECOMP §4.2;RFC9864 §2.2 (Tablo 2: Ed25519);RFC9864 §4.1.1 (JOSE kaydi: Ed25519);RFC9864 §4.1.2 (EdDSA: Deprecated),T6_plus_composite_label,,ML-DSA-65-ES256;Ed25519;ES256,"T6_plus_composite-SIRA-ters vektorunun Ed25519 etiketli esi (A9 yedek kurali): kontrol imzasinin alg etiketi ""EdDSA"" yerine RFC 9864 tam belirtilmis ""Ed25519""; ayni anahtar, ayni yuk, ayni yapi; yalniz bu baslik ve ona bagli imza farkli. Ozgun aciklama: MR4 esi (ÖK §2B m.8, §2C m.4): T6_plus_composite vektorunun imza sirasi ""ters"" (yeni sira = ozgun indeksler [2, 1, 0]; algler ['ML-DSA-65-ES256', 'EdDSA', 'ES256']). Her imzanin korumali basligi ve imza baytlari ile yuk bayt-ayni; yalniz signatures dizisindeki sira degisti. Ozgun aciklama: ES256 + EdDSA + GECERLI composite ML-DSA-65-ES256 imzasi (B T6 ""plus_composite_label"" rastgele bayt idi)."
VC07_GJ_ES256_MLDSA65-SIRA-ters,VC,VC/VC07_GJ_ES256_MLDSA65-SIRA-ters.json,07d2618e543f49a3ccf1f93f2a25bfb082d651bf112756a269d748398255d19b,28604,sd-jwt-vc,sd-jwt-general,tedavi-ML-DSA-65,d,-13,L4,,coklu-imza;MR4(imza-sirasi-permutasyonu),RFC9901 §8.3;RFC9901 §8.1;SDJWTVC13 §3.2;SDJWTVC §2.2;HAIP §9.4;RFC7515 §7.2.1,,,ML-DSA-65;ES256,"MR4 esi (ÖK §2B m.8, §2C m.4): VC07_GJ_ES256_MLDSA65 vektorunun imza sirasi ""ters"" (yeni sira = ozgun indeksler [1, 0]; algler ['ML-DSA-65', 'ES256']). Her imzanin korumali basligi ve imza baytlari ile yuk bayt-ayni; yalniz signatures dizisindeki sira degisti. SD-JWT: disclosures YENI ilk korumasiz baslikta (RFC 9901 §8.3); ifsa listesi ayni. Ozgun aciklama: SD-JWT VC, JWS General JSON (RFC 9901 8.3), coklu ihracci imzasi: ES256 + ML-DSA-65; ifsalar ilk korumasiz baslikta. SD-JWT VC -13'te JSON serilestirme ISTEGE BAGLI (3.2), -19'da ayrintilar kapsam disi (2.2)."
VC08_GJ_ES256_composite-SIRA-ters,VC,VC/VC08_GJ_ES256_composite-SIRA-ters.json,e8899469ccf7769818cdee176c98be6655af69e2dbf289ec1ec60ecff6abfb7d,8731,sd-jwt-vc,sd-jwt-general,tedavi-composite,d,-13,L4,,coklu-imza;MR4(imza-sirasi-permutasyonu),RFC9901 §8.3;RFC9901 §8.1;SDJWTVC13 §3.2;SDJWTVC §2.2;HAIP §9.4;RFC7515 §7.2.1,,,ML-DSA-65-ES256;ES256,"MR4 esi (ÖK §2B m.8, §2C m.4): VC08_GJ_ES256_composite vektorunun imza sirasi ""ters"" (yeni sira = ozgun indeksler [1, 0]; algler ['ML-DSA-65-ES256', 'ES256']). Her imzanin korumali basligi ve imza baytlari ile yuk bayt-ayni; yalniz signatures dizisindeki sira degisti. SD-JWT: disclosures YENI ilk korumasiz baslikta (RFC 9901 §8.3); ifsa listesi ayni. Ozgun aciklama: SD-JWT VC, JWS General JSON (RFC 9901 8.3), coklu ihracci imzasi: ES256 + ML-DSA-65-ES256; ifsalar ilk korumasiz baslikta. SD-JWT VC -13'te JSON serilestirme ISTEGE BAGLI (3.2), -19'da ayrintilar kapsam disi (2.2)."
VC09_GJ_ES256_EdDSA-SIRA-ters,VC,VC/VC09_GJ_ES256_EdDSA-SIRA-ters.json,4803ad6a5bd3d8eb546cd448082bdd9bd77ea0545af74d748bf0d4b05cb3318a,4297,sd-jwt-vc,sd-jwt-general,kontrol-EdDSA,d,-13,L4,,coklu-imza;MR4(imza-sirasi-permutasyonu),RFC9901 §8.3;RFC9901 §8.1;SDJWTVC13 §3.2;SDJWTVC §2.2;HAIP §9.4;RFC7515 §7.2.1,,,EdDSA;ES256,"MR4 esi (ÖK §2B m.8, §2C m.4): VC09_GJ_ES256_EdDSA vektorunun imza sirasi ""ters"" (yeni sira = ozgun indeksler [1, 0]; algler ['EdDSA', 'ES256']). Her imzanin korumali basligi ve imza baytlari ile yuk bayt-ayni; yalniz signatures dizisindeki sira degisti. SD-JWT: disclosures YENI ilk korumasiz baslikta (RFC 9901 §8.3); ifsa listesi ayni. Ozgun aciklama: SD-JWT VC, JWS General JSON (RFC 9901 8.3), coklu ihracci imzasi: ES256 + EdDSA; ifsalar ilk korumasiz baslikta. SD-JWT VC -13'te JSON serilestirme ISTEGE BAGLI (3.2), -19'da ayrintilar kapsam disi (2.2)."
VC09_GJ_ES256_EdDSA-SIRA-ters-ED25519,VC,VC/VC09_GJ_ES256_EdDSA-SIRA-ters-ED25519.json,9309d584da404d13c0c65b3fb8919af149d47e22b29d370eac95a9ae96bee7a5,4299,sd-jwt-vc,sd-jwt-general,kontrol-Ed25519,d,-13,L4,,coklu-imza;MR4(imza-sirasi-permutasyonu);ed25519-etiketi(RFC 9864; A9 yedek kurali),RFC9901 §8.3;RFC9901 §8.1;SDJWTVC13 §3.2;SDJWTVC §2.2;HAIP §9.4;RFC7515 §7.2.1;RFC9864 §2.2 (Tablo 2: Ed25519);RFC9864 §4.1.1 (JOSE kaydi: Ed25519);RFC9864 §4.1.2 (EdDSA: Deprecated),,,Ed25519;ES256,"VC09_GJ_ES256_EdDSA-SIRA-ters vektorunun Ed25519 etiketli esi (A9 yedek kurali): kontrol imzasinin alg etiketi ""EdDSA"" yerine RFC 9864 tam belirtilmis ""Ed25519""; ayni anahtar, ayni yuk, ayni yapi; yalniz bu baslik ve ona bagli imza farkli. Ozgun aciklama: MR4 esi (ÖK §2B m.8, §2C m.4): VC09_GJ_ES256_EdDSA vektorunun imza sirasi ""ters"" (yeni sira = ozgun indeksler [1, 0]; algler ['EdDSA', 'ES256']). Her imzanin korumali basligi ve imza baytlari ile yuk bayt-ayni; yalniz signatures dizisindeki sira degisti. SD-JWT: disclosures YENI ilk korumasiz baslikta (RFC 9901 §8.3); ifsa listesi ayni. Ozgun aciklama: SD-JWT VC, JWS General JSON (RFC 9901 8.3), coklu ihracci imzasi: ES256 + EdDSA; ifsalar ilk korumasiz baslikta. SD-JWT VC -13'te JSON serilestirme ISTEGE BAGLI (3.2), -19'da ayrintilar kapsam disi (2.2)."
REQ04_coklu_imzali-SIRA-ters,REQ,REQ/REQ04_coklu_imzali-SIRA-ters.json,2d90fdc8c47d67a39b2765607ae4fdc730f281568aa814f9f51cea1c9a46e0af,27797,oid4vp-istek,general,tedavi-ML-DSA-65,c,,L4,,coklu-imzali-istek;MR4(imza-sirasi-permutasyonu),OID4VP A.3.2.2;HAIP §5.2;RFC7515 §7.2.1;RFC7515 §7.2;OID4VP §5.9.3,,openid4vp-v1-multisigned,ML-DSA-65;ES256,"MR4 esi (ÖK §2B m.8, §2C m.4): REQ04_coklu_imzali vektorunun imza sirasi ""ters"" (yeni sira = ozgun indeksler [1, 0]; algler ['ML-DSA-65', 'ES256']). Her imzanin korumali basligi ve imza baytlari ile yuk bayt-ayni; yalniz signatures dizisindeki sira degisti. Ozgun aciklama: OID4VP A.3.2.2 coklu imzali istek (General JSON): ES256 (klasik guven cercevesi, x509_hash) + ML-DSA-65 (PQ guven cercevesi, x509_hash); client_id her imzanin korumali basliginda."
VP05_GJ_ES256_MLDSA65_kb-SIRA-ters,VP,VP/VP05_GJ_ES256_MLDSA65_kb-SIRA-ters.json,f0c4a7dc58e38d647066f768120f0609f6f6927b00919052b4fb78bf5d8809c9,28452,sd-jwt-vc+kb,sd-jwt-general,tedavi-ML-DSA-65,d,-13,L4,,kb-jwt;coklu-imza;MR4-kapsam-disi(tanimlayici): sd_hash-baglamasi-degisir,RFC9901 §8.1;RFC9901 §8.3;RFC9901 §4.3.1;SDJWTVC13 §4.1,,,ML-DSA-65;ES256,"TANIMLAYICI (MR4 kapsami DISI): VP05_GJ_ES256_MLDSA65_kb vektorunun imza sirasi ters (yeni sira = ozgun [1, 0]; algler ['ML-DSA-65', 'ES256']). Imzalar ve yuk bayt-ayni; disclosures ve kb_jwt yeni ilk basliga tasindi (RFC 9901 §8.3). KB-JWT degismedigi icin sd_hash artik ILK imzayi degil 1. siradaki imzayi baglar: permutasyon sd_hash'in bagladigi imzayi degistirir (RFC 9901 §8.1 belirsizligi; ÖK §2D m.4). Ozgun aciklama: SD-JWT+KB, General JSON (RFC 9901 8.3): ihracci ES256 + ML-DSA-65; disclosures ve kb_jwt ilk korumasiz baslikta; sd_hash, ILK imza (ES256) ile kurulan gecici compact bicim uzerinden (8.1'in bu aracin okumasi)."
T7K_plus_kayitsiz,T,T/T7K_plus_kayitsiz.json,3b4028f319dbdefc9e96286f32a168db8282fb5cb8537d12ca1af31be65a836c,698,jws-cekirdek,general,kontrol-EdDSA,d (JWS duzeyi),,L1;L4,bilinmeyen-composite-alg,K5;kayitsiz-alg;ek-imza,RFC7515 §7.2.1;RFC7515 §7.2;RFC7515 §5.2;RFC7515 §4.1.1;JWTBCP §3.1,T4_plus_unknown_MLDSA65 (B: rastgele bayt; burada etiket de kayitsiz),,ES256;EdDSA;X-KAYITSIZ-1,"General JSON JWS; T1K_both_valid ile ayni iki gecerli imza (ES256 + EdDSA) + GERCEKTEN KAYITSIZ alg etiketli (""X-KAYITSIZ-1"") ucuncu imza; ucuncu imzanin baytlari rastgele ve belirlenimci (HKDF ""v1.2/T7K/kayitsiz-imza"", 128 B), kriptografik anlami yok. ÖK §6.5 K5 birincil vektoru."
T7K_plus_kayitsiz-ED25519,T,T/T7K_plus_kayitsiz-ED25519.json,fe63582f44af4e52a826eee8a683af254154ef15a6d1ae075ccc16b95ff54d66,701,jws-cekirdek,general,kontrol-Ed25519,d (JWS duzeyi),,L1;L4,bilinmeyen-composite-alg,K5;kayitsiz-alg;ek-imza;ed25519-etiketi(RFC 9864; A9 yedek kurali),RFC7515 §7.2.1;RFC7515 §7.2;RFC7515 §5.2;RFC7515 §4.1.1;JWTBCP §3.1;RFC9864 §2.2 (Tablo 2: Ed25519);RFC9864 §4.1.1 (JOSE kaydi: Ed25519);RFC9864 §4.1.2 (EdDSA: Deprecated),T4_plus_unknown_MLDSA65 (B: rastgele bayt; burada etiket de kayitsiz),,ES256;Ed25519;X-KAYITSIZ-1,"T7K_plus_kayitsiz vektorunun Ed25519 etiketli esi (A9 yedek kurali): kontrol imzasinin alg etiketi ""EdDSA"" yerine RFC 9864 tam belirtilmis ""Ed25519""; ayni anahtar, ayni yuk, ayni yapi; yalniz bu baslik ve ona bagli imza farkli. Ozgun aciklama: General JSON JWS; T1K_both_valid ile ayni iki gecerli imza (ES256 + EdDSA) + GERCEKTEN KAYITSIZ alg etiketli (""X-KAYITSIZ-1"") ucuncu imza; ucuncu imzanin baytlari rastgele ve belirlenimci (HKDF ""v1.2/T7K/kayitsiz-imza"", 128 B), kriptografik anlami yok. ÖK §6.5 K5 birincil vektoru."
T7K_plus_kayitsiz-SIRA-kayitsiz-once,T,T/T7K_plus_kayitsiz-SIRA-kayitsiz-once.json,74a7b5ab503b381cd8d4c36c8fc9802c28dee641d0d0dafed998712dacf52138,698,jws-cekirdek,general,kontrol-EdDSA,d (JWS duzeyi),,L1;L4,bilinmeyen-composite-alg,K5;kayitsiz-alg;ek-imza;MR4(imza-sirasi-permutasyonu),RFC7515 §7.2.1;RFC7515 §7.2;RFC7515 §5.2;RFC7515 §4.1.1;JWTBCP §3.1,T4_plus_unknown_MLDSA65 (B: rastgele bayt; burada etiket de kayitsiz),,X-KAYITSIZ-1;ES256;EdDSA,"MR4 esi (ÖK §2B m.8, §2C m.4): T7K_plus_kayitsiz vektorunun imza sirasi ""kayitsiz-once"" (yeni sira = ozgun indeksler [2, 0, 1]; algler ['X-KAYITSIZ-1', 'ES256', 'EdDSA']). Her imzanin korumali basligi ve imza baytlari ile yuk bayt-ayni; yalniz signatures dizisindeki sira degisti. Ozgun aciklama: General JSON JWS; T1K_both_valid ile ayni iki gecerli imza (ES256 + EdDSA) + GERCEKTEN KAYITSIZ alg etiketli (""X-KAYITSIZ-1"") ucuncu imza; ucuncu imzanin baytlari rastgele ve belirlenimci (HKDF ""v1.2/T7K/kayitsiz-imza"", 128 B), kriptografik anlami yok. ÖK §6.5 K5 birincil vektoru."
T7K_plus_kayitsiz-SIRA-kayitsiz-once-ED25519,T,T/T7K_plus_kayitsiz-SIRA-kayitsiz-once-ED25519.json,3324a144dc16634cbd30920c046580d50bc1c50afceda2dc27d72f78db80e285,701,jws-cekirdek,general,kontrol-Ed25519,d (JWS duzeyi),,L1;L4,bilinmeyen-composite-alg,K5;kayitsiz-alg;ek-imza;MR4(imza-sirasi-permutasyonu);ed25519-etiketi(RFC 9864; A9 yedek kurali),RFC7515 §7.2.1;RFC7515 §7.2;RFC7515 §5.2;RFC7515 §4.1.1;JWTBCP §3.1;RFC9864 §2.2 (Tablo 2: Ed25519);RFC9864 §4.1.1 (JOSE kaydi: Ed25519);RFC9864 §4.1.2 (EdDSA: Deprecated),T4_plus_unknown_MLDSA65 (B: rastgele bayt; burada etiket de kayitsiz),,X-KAYITSIZ-1;ES256;Ed25519,"T7K_plus_kayitsiz-SIRA-kayitsiz-once vektorunun Ed25519 etiketli esi (A9 yedek kurali): kontrol imzasinin alg etiketi ""EdDSA"" yerine RFC 9864 tam belirtilmis ""Ed25519""; ayni anahtar, ayni yuk, ayni yapi; yalniz bu baslik ve ona bagli imza farkli. Ozgun aciklama: MR4 esi (ÖK §2B m.8, §2C m.4): T7K_plus_kayitsiz vektorunun imza sirasi ""kayitsiz-once"" (yeni sira = ozgun indeksler [2, 0, 1]; algler ['X-KAYITSIZ-1', 'ES256', 'EdDSA']). Her imzanin korumali basligi ve imza baytlari ile yuk bayt-ayni; yalniz signatures dizisindeki sira degisti. Ozgun aciklama: General JSON JWS; T1K_both_valid ile ayni iki gecerli imza (ES256 + EdDSA) + GERCEKTEN KAYITSIZ alg etiketli (""X-KAYITSIZ-1"") ucuncu imza; ucuncu imzanin baytlari rastgele ve belirlenimci (HKDF ""v1.2/T7K/kayitsiz-imza"", 128 B), kriptografik anlami yok. ÖK §6.5 K5 birincil vektoru."
T7K_plus_kayitsiz-SIRA-ters,T,T/T7K_plus_kayitsiz-SIRA-ters.json,8f63716237c214b4875070c6a34d74c2ed760576a35d1a1bfab2d5769ef7e460,698,jws-cekirdek,general,kontrol-EdDSA,d (JWS duzeyi),,L1;L4,bilinmeyen-composite-alg,K5;kayitsiz-alg;ek-imza;MR4(imza-sirasi-permutasyonu),RFC7515 §7.2.1;RFC7515 §7.2;RFC7515 §5.2;RFC7515 §4.1.1;JWTBCP §3.1,T4_plus_unknown_MLDSA65 (B: rastgele bayt; burada etiket de kayitsiz),,X-KAYITSIZ-1;EdDSA;ES256,"MR4 esi (ÖK §2B m.8, §2C m.4): T7K_plus_kayitsiz vektorunun imza sirasi ""ters"" (yeni sira = ozgun indeksler [2, 1, 0]; algler ['X-KAYITSIZ-1', 'EdDSA', 'ES256']). Her imzanin korumali basligi ve imza baytlari ile yuk bayt-ayni; yalniz signatures dizisindeki sira degisti. Ozgun aciklama: General JSON JWS; T1K_both_valid ile ayni iki gecerli imza (ES256 + EdDSA) + GERCEKTEN KAYITSIZ alg etiketli (""X-KAYITSIZ-1"") ucuncu imza; ucuncu imzanin baytlari rastgele ve belirlenimci (HKDF ""v1.2/T7K/kayitsiz-imza"", 128 B), kriptografik anlami yok. ÖK §6.5 K5 birincil vektoru."
T7K_plus_kayitsiz-SIRA-ters-ED25519,T,T/T7K_plus_kayitsiz-SIRA-ters-ED25519.json,ab8b3c2441d239c241cc25ca07306d7962c5075a3c2903d76bad76804ec7cb8e,701,jws-cekirdek,general,kontrol-Ed25519,d (JWS duzeyi),,L1;L4,bilinmeyen-composite-alg,K5;kayitsiz-alg;ek-imza;MR4(imza-sirasi-permutasyonu);ed25519-etiketi(RFC 9864; A9 yedek kurali),RFC7515 §7.2.1;RFC7515 §7.2;RFC7515 §5.2;RFC7515 §4.1.1;JWTBCP §3.1;RFC9864 §2.2 (Tablo 2: Ed25519);RFC9864 §4.1.1 (JOSE kaydi: Ed25519);RFC9864 §4.1.2 (EdDSA: Deprecated),T4_plus_unknown_MLDSA65 (B: rastgele bayt; burada etiket de kayitsiz),,X-KAYITSIZ-1;Ed25519;ES256,"T7K_plus_kayitsiz-SIRA-ters vektorunun Ed25519 etiketli esi (A9 yedek kurali): kontrol imzasinin alg etiketi ""EdDSA"" yerine RFC 9864 tam belirtilmis ""Ed25519""; ayni anahtar, ayni yuk, ayni yapi; yalniz bu baslik ve ona bagli imza farkli. Ozgun aciklama: MR4 esi (ÖK §2B m.8, §2C m.4): T7K_plus_kayitsiz vektorunun imza sirasi ""ters"" (yeni sira = ozgun indeksler [2, 1, 0]; algler ['X-KAYITSIZ-1', 'EdDSA', 'ES256']). Her imzanin korumali basligi ve imza baytlari ile yuk bayt-ayni; yalniz signatures dizisindeki sira degisti. Ozgun aciklama: General JSON JWS; T1K_both_valid ile ayni iki gecerli imza (ES256 + EdDSA) + GERCEKTEN KAYITSIZ alg etiketli (""X-KAYITSIZ-1"") ucuncu imza; ucuncu imzanin baytlari rastgele ve belirlenimci (HKDF ""v1.2/T7K/kayitsiz-imza"", 128 B), kriptografik anlami yok. ÖK §6.5 K5 birincil vektoru."
T7P_plus_kayitsiz,T,T/T7P_plus_kayitsiz.json,bb2d386ee8a3862f15cd0b72a28d9e6b5f51e09e583057c6ee5e954f2f1e1473,5030,jws-cekirdek,general,tedavi-ML-DSA-65,d (JWS duzeyi),,L1;L4,bilinmeyen-composite-alg,K5;kayitsiz-alg;ek-imza,RFC7515 §7.2.1;RFC7515 §7.2;RFC7515 §5.2;RFC7515 §4.1.1;JWTBCP §3.1,T4_plus_unknown_MLDSA65 (B: rastgele bayt; burada etiket de kayitsiz),,ES256;ML-DSA-65;X-KAYITSIZ-1,"General JSON JWS; T1P_both_valid ile ayni iki gecerli imza (ES256 + ML-DSA-65) + GERCEKTEN KAYITSIZ alg etiketli (""X-KAYITSIZ-1"") ucuncu imza; ucuncu imzanin baytlari rastgele ve belirlenimci (HKDF ""v1.2/T7P/kayitsiz-imza"", 128 B), kriptografik anlami yok. ÖK §6.5 K5 birincil vektoru."
T7P_plus_kayitsiz-SIRA-kayitsiz-once,T,T/T7P_plus_kayitsiz-SIRA-kayitsiz-once.json,a388485f5fe8ffbabc53d31178c442fc8530b2467471932590ba39b1df8ae819,5030,jws-cekirdek,general,tedavi-ML-DSA-65,d (JWS duzeyi),,L1;L4,bilinmeyen-composite-alg,K5;kayitsiz-alg;ek-imza;MR4(imza-sirasi-permutasyonu),RFC7515 §7.2.1;RFC7515 §7.2;RFC7515 §5.2;RFC7515 §4.1.1;JWTBCP §3.1,T4_plus_unknown_MLDSA65 (B: rastgele bayt; burada etiket de kayitsiz),,X-KAYITSIZ-1;ES256;ML-DSA-65,"MR4 esi (ÖK §2B m.8, §2C m.4): T7P_plus_kayitsiz vektorunun imza sirasi ""kayitsiz-once"" (yeni sira = ozgun indeksler [2, 0, 1]; algler ['X-KAYITSIZ-1', 'ES256', 'ML-DSA-65']). Her imzanin korumali basligi ve imza baytlari ile yuk bayt-ayni; yalniz signatures dizisindeki sira degisti. Ozgun aciklama: General JSON JWS; T1P_both_valid ile ayni iki gecerli imza (ES256 + ML-DSA-65) + GERCEKTEN KAYITSIZ alg etiketli (""X-KAYITSIZ-1"") ucuncu imza; ucuncu imzanin baytlari rastgele ve belirlenimci (HKDF ""v1.2/T7P/kayitsiz-imza"", 128 B), kriptografik anlami yok. ÖK §6.5 K5 birincil vektoru."
T7P_plus_kayitsiz-SIRA-ters,T,T/T7P_plus_kayitsiz-SIRA-ters.json,6764bd1bc150ac346dc8a56cd7b455cf16960d1c707f7cd429f779ba6678db8a,5030,jws-cekirdek,general,tedavi-ML-DSA-65,d (JWS duzeyi),,L1;L4,bilinmeyen-composite-alg,K5;kayitsiz-alg;ek-imza;MR4(imza-sirasi-permutasyonu),RFC7515 §7.2.1;RFC7515 §7.2;RFC7515 §5.2;RFC7515 §4.1.1;JWTBCP §3.1,T4_plus_unknown_MLDSA65 (B: rastgele bayt; burada etiket de kayitsiz),,X-KAYITSIZ-1;ML-DSA-65;ES256,"MR4 esi (ÖK §2B m.8, §2C m.4): T7P_plus_kayitsiz vektorunun imza sirasi ""ters"" (yeni sira = ozgun indeksler [2, 1, 0]; algler ['X-KAYITSIZ-1', 'ML-DSA-65', 'ES256']). Her imzanin korumali basligi ve imza baytlari ile yuk bayt-ayni; yalniz signatures dizisindeki sira degisti. Ozgun aciklama: General JSON JWS; T1P_both_valid ile ayni iki gecerli imza (ES256 + ML-DSA-65) + GERCEKTEN KAYITSIZ alg etiketli (""X-KAYITSIZ-1"") ucuncu imza; ucuncu imzanin baytlari rastgele ve belirlenimci (HKDF ""v1.2/T7P/kayitsiz-imza"", 128 B), kriptografik anlami yok. ÖK §6.5 K5 birincil vektoru."
T7C_plus_kayitsiz,T,T/T7C_plus_kayitsiz.json,d0934d0014de75da69cd27e5bd66b492424e77d0c9d5e1b8987797e6cae5060b,5133,jws-cekirdek,general,tedavi-composite,d (JWS duzeyi),,L1;L4,bilinmeyen-composite-alg,K5;kayitsiz-alg;ek-imza,RFC7515 §7.2.1;RFC7515 §7.2;RFC7515 §5.2;RFC7515 §4.1.1;JWTBCP §3.1,T4_plus_unknown_MLDSA65 (B: rastgele bayt; burada etiket de kayitsiz),,ES256;ML-DSA-65-ES256;X-KAYITSIZ-1,"General JSON JWS; T1C_both_valid ile ayni iki gecerli imza (ES256 + ML-DSA-65-ES256) + GERCEKTEN KAYITSIZ alg etiketli (""X-KAYITSIZ-1"") ucuncu imza; ucuncu imzanin baytlari rastgele ve belirlenimci (HKDF ""v1.2/T7C/kayitsiz-imza"", 128 B), kriptografik anlami yok. ÖK §6.5 K5 birincil vektoru."
T7C_plus_kayitsiz-SIRA-kayitsiz-once,T,T/T7C_plus_kayitsiz-SIRA-kayitsiz-once.json,138082ba0bc2eab91dc9c36f020c2a975984a54e20e7719dfbf27e6dbfbcf24f,5133,jws-cekirdek,general,tedavi-composite,d (JWS duzeyi),,L1;L4,bilinmeyen-composite-alg,K5;kayitsiz-alg;ek-imza;MR4(imza-sirasi-permutasyonu),RFC7515 §7.2.1;RFC7515 §7.2;RFC7515 §5.2;RFC7515 §4.1.1;JWTBCP §3.1,T4_plus_unknown_MLDSA65 (B: rastgele bayt; burada etiket de kayitsiz),,X-KAYITSIZ-1;ES256;ML-DSA-65-ES256,"MR4 esi (ÖK §2B m.8, §2C m.4): T7C_plus_kayitsiz vektorunun imza sirasi ""kayitsiz-once"" (yeni sira = ozgun indeksler [2, 0, 1]; algler ['X-KAYITSIZ-1', 'ES256', 'ML-DSA-65-ES256']). Her imzanin korumali basligi ve imza baytlari ile yuk bayt-ayni; yalniz signatures dizisindeki sira degisti. Ozgun aciklama: General JSON JWS; T1C_both_valid ile ayni iki gecerli imza (ES256 + ML-DSA-65-ES256) + GERCEKTEN KAYITSIZ alg etiketli (""X-KAYITSIZ-1"") ucuncu imza; ucuncu imzanin baytlari rastgele ve belirlenimci (HKDF ""v1.2/T7C/kayitsiz-imza"", 128 B), kriptografik anlami yok. ÖK §6.5 K5 birincil vektoru."
T7C_plus_kayitsiz-SIRA-ters,T,T/T7C_plus_kayitsiz-SIRA-ters.json,cb91be97be92b7d076aaf443abcd36837e76673c31d7febcc5d87effd947dec4,5133,jws-cekirdek,general,tedavi-composite,d (JWS duzeyi),,L1;L4,bilinmeyen-composite-alg,K5;kayitsiz-alg;ek-imza;MR4(imza-sirasi-permutasyonu),RFC7515 §7.2.1;RFC7515 §7.2;RFC7515 §5.2;RFC7515 §4.1.1;JWTBCP §3.1,T4_plus_unknown_MLDSA65 (B: rastgele bayt; burada etiket de kayitsiz),,X-KAYITSIZ-1;ML-DSA-65-ES256;ES256,"MR4 esi (ÖK §2B m.8, §2C m.4): T7C_plus_kayitsiz vektorunun imza sirasi ""ters"" (yeni sira = ozgun indeksler [2, 1, 0]; algler ['X-KAYITSIZ-1', 'ML-DSA-65-ES256', 'ES256']). Her imzanin korumali basligi ve imza baytlari ile yuk bayt-ayni; yalniz signatures dizisindeki sira degisti. Ozgun aciklama: General JSON JWS; T1C_both_valid ile ayni iki gecerli imza (ES256 + ML-DSA-65-ES256) + GERCEKTEN KAYITSIZ alg etiketli (""X-KAYITSIZ-1"") ucuncu imza; ucuncu imzanin baytlari rastgele ve belirlenimci (HKDF ""v1.2/T7C/kayitsiz-imza"", 128 B), kriptografik anlami yok. ÖK §6.5 K5 birincil vektoru."
K10K_alg-EdDSA_anahtar-ES256,K10,K10/K10K_alg-EdDSA_anahtar-ES256.jws,71ccd5671dcebc406be3f3797c9f53645a3008b2d5399b5a29082c3ec9798d11,280,jws-cekirdek,compact,kontrol-EdDSA,,,L2;L3,,K10;alg-anahtar-uyusmazligi,JWTBCP §3.1;RFC8725 §3.1;RFC7515 §4.1.1;RFC7518 §3.4;RFC9864 §2.2,,,EdDSA,"Compact JWS (ÖK §6.5 K10, alg-anahtar uyusmazligi): baslikta alg=""EdDSA"", dogrulama anahtari issuer/ES256 (ES256 JWK, kid ile). Imza, baslik alg'iyla DEGIL gercek anahtarin kendi algoritmasiyla (ES256) bu imzalama girdisi uzerinde uretilmis GECERLI bir imzadir (64 B)."
K10K_alg-EdDSA_anahtar-ES256-ED25519,K10,K10/K10K_alg-EdDSA_anahtar-ES256-ED25519.jws,b1451734c08b77ac979558ff1ccd452938f078bc1fe8c0464b9b79ba2cfff21c,282,jws-cekirdek,compact,kontrol-Ed25519,,,L2;L3,,K10;alg-anahtar-uyusmazligi;ed25519-etiketi(RFC 9864; A9 yedek kurali),JWTBCP §3.1;RFC8725 §3.1;RFC7515 §4.1.1;RFC7518 §3.4;RFC9864 §2.2 (Tablo 2: Ed25519);RFC9864 §4.1.1 (JOSE kaydi: Ed25519);RFC9864 §4.1.2 (EdDSA: Deprecated),,,Ed25519,"K10K_alg-EdDSA_anahtar-ES256 vektorunun Ed25519 etiketli esi (A9 yedek kurali): kontrol imzasinin alg etiketi ""EdDSA"" yerine RFC 9864 tam belirtilmis ""Ed25519""; ayni anahtar, ayni yuk, ayni yapi; yalniz bu baslik ve ona bagli imza farkli. Ozgun aciklama: Compact JWS (ÖK §6.5 K10, alg-anahtar uyusmazligi): baslikta alg=""EdDSA"", dogrulama anahtari issuer/ES256 (ES256 JWK, kid ile). Imza, baslik alg'iyla DEGIL gercek anahtarin kendi algoritmasiyla (ES256) bu imzalama girdisi uzerinde uretilmis GECERLI bir imzadir (64 B)."
K10K_alg-ES256_anahtar-Ed25519,K10,K10/K10K_alg-ES256_anahtar-Ed25519.jws,3d3d4614d0bb687e5e85d34f6a057c34940ce67eeca6953b7a157eb13851f533,280,jws-cekirdek,compact,kontrol-EdDSA,,,L2;L3,,K10;alg-anahtar-uyusmazligi,JWTBCP §3.1;RFC8725 §3.1;RFC7515 §4.1.1;RFC7518 §3.4;RFC9864 §2.2,,,ES256,"Compact JWS (ÖK §6.5 K10, alg-anahtar uyusmazligi): baslikta alg=""ES256"", dogrulama anahtari issuer/EdDSA (Ed25519 JWK, kid ile). Imza, baslik alg'iyla DEGIL gercek anahtarin kendi algoritmasiyla (EdDSA) bu imzalama girdisi uzerinde uretilmis GECERLI bir imzadir (64 B)."
K10P_alg-ML-DSA-65_anahtar-ES256,K10,K10/K10P_alg-ML-DSA-65_anahtar-ES256.jws,a0df5749b986b91391a5bfdc636d796ab1fff9df754bde163e7381435c50f31c,285,jws-cekirdek,compact,tedavi-ML-DSA-65,,,L2;L3,,K10;alg-anahtar-uyusmazligi,JWTBCP §3.1;RFC8725 §3.1;RFC7515 §4.1.1;RFC9964 §3;RFC9964 §7.4;RFC7518 §3.4,,,ML-DSA-65,"Compact JWS (ÖK §6.5 K10, alg-anahtar uyusmazligi): baslikta alg=""ML-DSA-65"", dogrulama anahtari issuer/ES256 (ES256 JWK, kid ile). Imza, baslik alg'iyla DEGIL gercek anahtarin kendi algoritmasiyla (ES256) bu imzalama girdisi uzerinde uretilmis GECERLI bir imzadir (64 B)."
K10P_alg-ES256_anahtar-ML-DSA-65,K10,K10/K10P_alg-ES256_anahtar-ML-DSA-65.jws,55a38697ae6cdabd97a40319c56134f895250e6c1e8f3ab910eb5d01917b9c70,4606,jws-cekirdek,compact,tedavi-ML-DSA-65,,,L2;L3,,K10;alg-anahtar-uyusmazligi,JWTBCP §3.1;RFC8725 §3.1;RFC7515 §4.1.1;RFC9964 §3;RFC9964 §7.4;RFC7518 §3.4,,,ES256,"Compact JWS (ÖK §6.5 K10, alg-anahtar uyusmazligi): baslikta alg=""ES256"", dogrulama anahtari issuer/ML-DSA-65 (ML-DSA-65 JWK, kid ile). Imza, baslik alg'iyla DEGIL gercek anahtarin kendi algoritmasiyla (ML-DSA-65) bu imzalama girdisi uzerinde uretilmis GECERLI bir imzadir (3309 B)."
K10C_alg-ML-DSA-65-ES256_anahtar-ML-DSA-65,K10,K10/K10C_alg-ML-DSA-65-ES256_anahtar-ML-DSA-65.jws,82ce190efc50379c9b3655d47355052277abf4f4c67a7877a5d86080befec083,4619,jws-cekirdek,compact,tedavi-composite,,,L2;L3,,K10;alg-anahtar-uyusmazligi,JWTBCP §3.1;RFC8725 §3.1;RFC7515 §4.1.1;RFC9964 §3;RFC9964 §7.4;JOSECOMP §5.1 (Tablo 5),,,ML-DSA-65-ES256,"Compact JWS (ÖK §6.5 K10, alg-anahtar uyusmazligi): baslikta alg=""ML-DSA-65-ES256"", dogrulama anahtari issuer/ML-DSA-65 (ML-DSA-65 JWK, kid ile). Imza, baslik alg'iyla DEGIL gercek anahtarin kendi algoritmasiyla (ML-DSA-65) bu imzalama girdisi uzerinde uretilmis GECERLI bir imzadir (3309 B)."
K10C_alg-ML-DSA-65_anahtar-ML-DSA-65-ES256,K10,K10/K10C_alg-ML-DSA-65_anahtar-ML-DSA-65-ES256.jws,eb4e19d4b2f3510fe19b655e1f587fa420b9a18d4b81c2fd8139f97cd082b0c8,4705,jws-cekirdek,compact,tedavi-composite,,,L2;L3,,K10;alg-anahtar-uyusmazligi,JWTBCP §3.1;RFC8725 §3.1;RFC7515 §4.1.1;RFC9964 §3;RFC9964 §7.4;JOSECOMP §5.1 (Tablo 5),,,ML-DSA-65,"Compact JWS (ÖK §6.5 K10, alg-anahtar uyusmazligi): baslikta alg=""ML-DSA-65"", dogrulama anahtari issuer/ML-DSA-65-ES256 (ML-DSA-65-ES256 JWK, kid ile). Imza, baslik alg'iyla DEGIL gercek anahtarin kendi algoritmasiyla (ML-DSA-65-ES256) bu imzalama girdisi uzerinde uretilmis GECERLI bir imzadir (3379 B)."
VPLUS_ES256,V,V/VPLUS_ES256.jws,97875fd7860282e78be711bec6b830701db4f0307ac0d7b5d81396a8e9026e1e,341,jws-cekirdek,compact,ortak,,,,,V+;adaptor-gecerlilik-kontrolu,RFC7515 §5.2;RFC7515 §4.1.1;RFC7518 §3.4,,,ES256,"V+ adaptor gecerlilik kontrolu (ÖK §6.5 V+/V-, §4.15): tek imzali compact JWS, ES256, kid ile (ÖK §4.15: tek gecerli klasik imza); imza gecerli."
VMINUS_ES256,V,V/VMINUS_ES256.jws,7d3806a354f110b11c39706fce6452f131ef9383b787782e85d2576107cbcf3c,341,jws-cekirdek,compact,ortak,,,,,V-;adaptor-gecerlilik-kontrolu,RFC7515 §5.2;RFC7515 §4.1.1;RFC7518 §3.4,,,ES256,"V- adaptor gecerlilik kontrolu (ÖK §6.5 V+/V-, §4.15): tek imzali compact JWS, ES256, kid ile (ÖK §4.15: tek gecerli klasik imza); imzanin orta baytinda bit cevrildi."
VPLUS_EdDSA,V,V/VPLUS_EdDSA.jws,1b07c2025e5b9a150350a9d4b147f16b1340b69ca0cef3f1dc0f034f7e723225,341,jws-cekirdek,compact,kontrol-EdDSA,,,,,V+;adaptor-gecerlilik-kontrolu,RFC7515 §5.2;RFC7515 §4.1.1;RFC9864 §2.2,,,EdDSA,"V+ adaptor gecerlilik kontrolu (ÖK §6.5 V+/V-, §4.15): tek imzali compact JWS, EdDSA, kid ile; imza gecerli."
VPLUS_EdDSA-ED25519,V,V/VPLUS_EdDSA-ED25519.jws,148712920677258e92bb5dd279c1135448e425fdcdd2d740d957b80629351200,343,jws-cekirdek,compact,kontrol-Ed25519,,,,,V+;adaptor-gecerlilik-kontrolu;ed25519-etiketi(RFC 9864; A9 yedek kurali),RFC7515 §5.2;RFC7515 §4.1.1;RFC9864 §2.2 (Tablo 2: Ed25519);RFC9864 §4.1.1 (JOSE kaydi: Ed25519);RFC9864 §4.1.2 (EdDSA: Deprecated),,,Ed25519,"VPLUS_EdDSA vektorunun Ed25519 etiketli esi (A9 yedek kurali): kontrol imzasinin alg etiketi ""EdDSA"" yerine RFC 9864 tam belirtilmis ""Ed25519""; ayni anahtar, ayni yuk, ayni yapi; yalniz bu baslik ve ona bagli imza farkli. Ozgun aciklama: V+ adaptor gecerlilik kontrolu (ÖK §6.5 V+/V-, §4.15): tek imzali compact JWS, EdDSA, kid ile; imza gecerli."
VMINUS_EdDSA,V,V/VMINUS_EdDSA.jws,e52d3bdac4ab5d666694713c665097d95a5157581c45ade851568cff8144b58c,341,jws-cekirdek,compact,kontrol-EdDSA,,,,,V-;adaptor-gecerlilik-kontrolu,RFC7515 §5.2;RFC7515 §4.1.1;RFC9864 §2.2,,,EdDSA,"V- adaptor gecerlilik kontrolu (ÖK §6.5 V+/V-, §4.15): tek imzali compact JWS, EdDSA, kid ile; imzanin orta baytinda bit cevrildi."
VMINUS_EdDSA-ED25519,V,V/VMINUS_EdDSA-ED25519.jws,df1827d6c9cbda868c89dcaa5088a47b55aa88c6e364736cb02be60b81e2b021,343,jws-cekirdek,compact,kontrol-Ed25519,,,,,V-;adaptor-gecerlilik-kontrolu;ed25519-etiketi(RFC 9864; A9 yedek kurali),RFC7515 §5.2;RFC7515 §4.1.1;RFC9864 §2.2 (Tablo 2: Ed25519);RFC9864 §4.1.1 (JOSE kaydi: Ed25519);RFC9864 §4.1.2 (EdDSA: Deprecated),,,Ed25519,"VMINUS_EdDSA vektorunun Ed25519 etiketli esi (A9 yedek kurali): kontrol imzasinin alg etiketi ""EdDSA"" yerine RFC 9864 tam belirtilmis ""Ed25519""; ayni anahtar, ayni yuk, ayni yapi; yalniz bu baslik ve ona bagli imza farkli. Ozgun aciklama: V- adaptor gecerlilik kontrolu (ÖK §6.5 V+/V-, §4.15): tek imzali compact JWS, EdDSA, kid ile; imzanin orta baytinda bit cevrildi."
VPLUS_ML-DSA-65,V,V/VPLUS_ML-DSA-65.jws,400952ffbca03cd02b71e9c88214df767edb2d2b69cf52a1d87a32f7b10cd17c,4672,jws-cekirdek,compact,tedavi-ML-DSA-65,,,,,V+;adaptor-gecerlilik-kontrolu,RFC7515 §5.2;RFC7515 §4.1.1;RFC9964 §5,,,ML-DSA-65,"V+ adaptor gecerlilik kontrolu (ÖK §6.5 V+/V-, §4.15): tek imzali compact JWS, ML-DSA-65, kid ile; imza gecerli."
VMINUS_ML-DSA-65,V,V/VMINUS_ML-DSA-65.jws,417f2192abbba6e5ba93730a6e59398cc14d3daa7a66f23037ae11a51b87c5d4,4672,jws-cekirdek,compact,tedavi-ML-DSA-65,,,,,V-;adaptor-gecerlilik-kontrolu,RFC7515 §5.2;RFC7515 §4.1.1;RFC9964 §5,,,ML-DSA-65,"V- adaptor gecerlilik kontrolu (ÖK §6.5 V+/V-, §4.15): tek imzali compact JWS, ML-DSA-65, kid ile; imzanin orta baytinda bit cevrildi."
COSE-K1K_iki_gecerli,COSE,COSE/COSE-K1K_iki_gecerli.cbor,e9f4b17f8081558ebea0b02df6d49b851724b7146796b2c9d388954f60beecc6,286,cose,COSE_Sign,kontrol-EdDSA,d-COSE (COSE_Sign cok imzacili; RFC 9052 §4.1),,L1;L2,,COSE;K1;coklu-imza,RFC9052 §4.1;RFC9052 §4.4;RFC9053 §2.1;RFC9864 §4.2.2;HAIP §7;RFC9053 §2.2;RFC9864 §4.2.2,,,ES256;EdDSA,"COSE_Sign (etiket 98), iki imzaci: ES256 + EdDSA, ikisi gecerli uretildi (ÖK §6.5 K1)."
COSE-K2K_X_bozuk,COSE,COSE/COSE-K2K_X_bozuk.cbor,6d7f0cb270fe929a624b5f6da0abfbdbce17937ea036ef5490f4fa8f57a18ba9,286,cose,COSE_Sign,kontrol-EdDSA,d-COSE (COSE_Sign cok imzacili; RFC 9052 §4.1),,L4,,COSE;K2;bozuk-imza;coklu-imza-semantigi(any/all),RFC9052 §4.1;RFC9052 §4.4;RFC9053 §2.1;RFC9864 §4.2.2;HAIP §7;RFC9053 §2.2;RFC9864 §4.2.2,,,ES256;EdDSA,COSE-K1K ile ayni; ikinci (EdDSA) imzacinin imzasinin 5. baytinin 0. biti cevrildi (ÖK §6.5 K2).
COSE-K3_X_soyuldu,COSE,COSE/COSE-K3_X_soyuldu.cbor,c3f08cce48a68e0646c6e404089afb1b5366e033baf432bf162e3b8120c7c70a,179,cose,COSE_Sign,ortak,d-COSE (COSE_Sign cok imzacili; RFC 9052 §4.1),,L4,,COSE;K3;soyma,RFC9052 §4.1;RFC9052 §4.4;RFC9053 §2.1;RFC9864 §4.2.2;HAIP §7,,,ES256,"COSE_Sign, yalniz ES256 imzacisi (X soyuldu; ÖK §6.5 K3). ES256 imzacisi uc kolda AYNI (ayni yuk, anahtar, baslik; belirlenimci) -> tek dosya, tum kollar icin ortak."
COSE-K4K_yalniz_X,COSE,COSE/COSE-K4K_yalniz_X.cbor,01cc7676a907618891c6a78b95e3b637293f6800b3e1ea4332c58f7b9409b3fb,179,cose,COSE_Sign,kontrol-EdDSA,d-COSE (COSE_Sign cok imzacili; RFC 9052 §4.1),,L1;L2;L3,,COSE;K4;yalniz-tek-alg,RFC9052 §4.1;RFC9052 §4.4;RFC9053 §2.2;RFC9864 §4.2.2,,,EdDSA,"COSE_Sign, YALNIZ EdDSA imzacisi (gecerli; ÖK §6.5 K4)."
COSE-K5K_arti_kayitsiz,COSE,COSE/COSE-K5K_arti_kayitsiz.cbor,e3fc03288d53238c4143a6af7122d4d9c8d143cc5eb3e7ff32474fc8aecdc02f,434,cose,COSE_Sign,kontrol-EdDSA,d-COSE (COSE_Sign cok imzacili; RFC 9052 §4.1),,L1;L4,bilinmeyen-composite-alg,COSE;K5;kayitsiz-alg;ek-imza,RFC9052 §4.1;RFC9052 §4.4;RFC9053 §2.1;RFC9864 §4.2.2;HAIP §7;RFC9053 §2.2;RFC9864 §4.2.2;RFC9052 §3.1,,,ES256;EdDSA;X-KAYITSIZ-1,"COSE_Sign: COSE-K1K ile ayni iki gecerli imzaci + KAYITSIZ tstr alg (""X-KAYITSIZ-1"") etiketli ucuncu imzaci; imza baytlari rastgele ve belirlenimci (HKDF ""v1.3/COSE-K5K/kayitsiz-imza"", 128 B), korumasiz baslik bos (kid yok). ÖK §6.5 K5."
COSE-K1P_iki_gecerli,COSE,COSE/COSE-K1P_iki_gecerli.cbor,8bbfb7e84a48b0945e4628ef119e12cfb327363e48e8adae36a4bfdf38076475,3533,cose,COSE_Sign,tedavi-ML-DSA-65,d-COSE (COSE_Sign cok imzacili; RFC 9052 §4.1),,L1;L2,,COSE;K1;coklu-imza,RFC9052 §4.1;RFC9052 §4.4;RFC9053 §2.1;RFC9864 §4.2.2;HAIP §7;RFC9964 §5;RFC9964 §8.1.1,,,ES256;ML-DSA-65,"COSE_Sign (etiket 98), iki imzaci: ES256 + ML-DSA-65, ikisi gecerli uretildi (ÖK §6.5 K1)."
COSE-K2P_X_bozuk,COSE,COSE/COSE-K2P_X_bozuk.cbor,648184da60338a02ccd5a8e06ad14eb89daac3c4db6dd1df6b98c50edb9f07bf,3533,cose,COSE_Sign,tedavi-ML-DSA-65,d-COSE (COSE_Sign cok imzacili; RFC 9052 §4.1),,L4,,COSE;K2;bozuk-imza;coklu-imza-semantigi(any/all),RFC9052 §4.1;RFC9052 §4.4;RFC9053 §2.1;RFC9864 §4.2.2;HAIP §7;RFC9964 §5;RFC9964 §8.1.1,,,ES256;ML-DSA-65,COSE-K1P ile ayni; ikinci (ML-DSA-65) imzacinin imzasinin 5. baytinin 0. biti cevrildi (ÖK §6.5 K2).
COSE-K4P_yalniz_X,COSE,COSE/COSE-K4P_yalniz_X.cbor,4bab24440469ffacec9397dcf925f9ecc1e27743fbd3cd2e29a7823b8cad6a7d,3426,cose,COSE_Sign,tedavi-ML-DSA-65,d-COSE (COSE_Sign cok imzacili; RFC 9052 §4.1),,L1;L2;L3,,COSE;K4;yalniz-tek-alg,RFC9052 §4.1;RFC9052 §4.4;RFC9964 §5;RFC9964 §8.1.1,,,ML-DSA-65,"COSE_Sign, YALNIZ ML-DSA-65 imzacisi (gecerli; ÖK §6.5 K4)."
COSE-K5P_arti_kayitsiz,COSE,COSE/COSE-K5P_arti_kayitsiz.cbor,d74f414b2b5439a1732d94b908bdddc8812dd2efdbc435e6d03a90a225bdd080,3681,cose,COSE_Sign,tedavi-ML-DSA-65,d-COSE (COSE_Sign cok imzacili; RFC 9052 §4.1),,L1;L4,bilinmeyen-composite-alg,COSE;K5;kayitsiz-alg;ek-imza,RFC9052 §4.1;RFC9052 §4.4;RFC9053 §2.1;RFC9864 §4.2.2;HAIP §7;RFC9964 §5;RFC9964 §8.1.1;RFC9052 §3.1,,,ES256;ML-DSA-65;X-KAYITSIZ-1,"COSE_Sign: COSE-K1P ile ayni iki gecerli imzaci + KAYITSIZ tstr alg (""X-KAYITSIZ-1"") etiketli ucuncu imzaci; imza baytlari rastgele ve belirlenimci (HKDF ""v1.3/COSE-K5P/kayitsiz-imza"", 128 B), korumasiz baslik bos (kid yok). ÖK §6.5 K5."
COSE-K1C_iki_gecerli,COSE,COSE/COSE-K1C_iki_gecerli.cbor,f3bdabdd7edc14b0a263a5163e38c3bd6f103eadc56c93ff9ff475c21d4dfb72,3604,cose,COSE_Sign,tedavi-composite,d-COSE (COSE_Sign cok imzacili; RFC 9052 §4.1),,L1;L2,,COSE;K1;coklu-imza,RFC9052 §4.1;RFC9052 §4.4;RFC9053 §2.1;RFC9864 §4.2.2;HAIP §7;JOSECOMP §5.2 (Tablo 6);JOSECOMP §7.2.2;JOSECOMP §4.2,,,ES256;ML-DSA-65-ES256,"COSE_Sign (etiket 98), iki imzaci: ES256 + ML-DSA-65-ES256, ikisi gecerli uretildi (ÖK §6.5 K1)."
COSE-K2C_X_bozuk,COSE,COSE/COSE-K2C_X_bozuk.cbor,d9059bd6b752325b3fe0135c9fbd2184c076d962d4eda7d419d8913a5f95172d,3604,cose,COSE_Sign,tedavi-composite,d-COSE (COSE_Sign cok imzacili; RFC 9052 §4.1),,L4,,COSE;K2;bozuk-imza;coklu-imza-semantigi(any/all),RFC9052 §4.1;RFC9052 §4.4;RFC9053 §2.1;RFC9864 §4.2.2;HAIP §7;JOSECOMP §5.2 (Tablo 6);JOSECOMP §7.2.2;JOSECOMP §4.2,,,ES256;ML-DSA-65-ES256,COSE-K1C ile ayni; ikinci (ML-DSA-65-ES256) imzacinin imzasinin 5. baytinin 0. biti cevrildi (ÖK §6.5 K2).
COSE-K4C_yalniz_X,COSE,COSE/COSE-K4C_yalniz_X.cbor,c41ffdcd967c95a58e2e560c95278ccb94273866a0e94dca2df7d626a2294d5f,3497,cose,COSE_Sign,tedavi-composite,d-COSE (COSE_Sign cok imzacili; RFC 9052 §4.1),,L1;L2;L3,,COSE;K4;yalniz-tek-alg,RFC9052 §4.1;RFC9052 §4.4;JOSECOMP §5.2 (Tablo 6);JOSECOMP §7.2.2;JOSECOMP §4.2,,,ML-DSA-65-ES256,"COSE_Sign, YALNIZ ML-DSA-65-ES256 imzacisi (gecerli; ÖK §6.5 K4)."
COSE-K5C_arti_kayitsiz,COSE,COSE/COSE-K5C_arti_kayitsiz.cbor,c55ea001fbd6adcd92e0ef75d8c1be95aba18717665d23462a518e3101179f02,3752,cose,COSE_Sign,tedavi-composite,d-COSE (COSE_Sign cok imzacili; RFC 9052 §4.1),,L1;L4,bilinmeyen-composite-alg,COSE;K5;kayitsiz-alg;ek-imza,RFC9052 §4.1;RFC9052 §4.4;RFC9053 §2.1;RFC9864 §4.2.2;HAIP §7;JOSECOMP §5.2 (Tablo 6);JOSECOMP §7.2.2;JOSECOMP §4.2;RFC9052 §3.1,,,ES256;ML-DSA-65-ES256;X-KAYITSIZ-1,"COSE_Sign: COSE-K1C ile ayni iki gecerli imzaci + KAYITSIZ tstr alg (""X-KAYITSIZ-1"") etiketli ucuncu imzaci; imza baytlari rastgele ve belirlenimci (HKDF ""v1.3/COSE-K5C/kayitsiz-imza"", 128 B), korumasiz baslik bos (kid yok). ÖK §6.5 K5."
COSE-K10K_alg-EdDSA_anahtar-ES256,COSE,COSE/COSE-K10K_alg-EdDSA_anahtar-ES256.cbor,d9209652c02db256c1582402e8b797015346e3f53fce6a29b51b16679a530b5a,174,cose,COSE_Sign1,kontrol-EdDSA,,,L2;L3,,COSE;K10;alg-anahtar-uyusmazligi,RFC9052 §4.2;RFC9052 §4.4;RFC9052 §3.1;RFC9052 §7.1;JWTBCP §3.1;RFC9053 §2.2;RFC9864 §4.2.2;RFC9053 §2.1;HAIP §7,,,EdDSA,"COSE_Sign1 (ÖK §6.5 K10, alg-anahtar uyusmazligi): korumali baslikta alg=EdDSA (-8), dogrulama anahtari issuer/ES256 (ES256; COSE_Key ve JWK olarak verilir). Imza, baslik alg'iyla DEGIL gercek anahtarin kendi algoritmasiyla (ES256) bu Sig_structure uzerinde uretilmis GECERLI imzadir."
COSE-K10K_alg-ES256_anahtar-Ed25519,COSE,COSE/COSE-K10K_alg-ES256_anahtar-Ed25519.cbor,99fda11043b0784a97fcc9c199f7302e1072d0504a57ff6279d6358d651c6477,174,cose,COSE_Sign1,kontrol-EdDSA,,,L2;L3,,COSE;K10;alg-anahtar-uyusmazligi,RFC9052 §4.2;RFC9052 §4.4;RFC9052 §3.1;RFC9052 §7.1;JWTBCP §3.1;RFC9053 §2.1;RFC9864 §4.2.2;HAIP §7;RFC9053 §2.2,,,ES256,"COSE_Sign1 (ÖK §6.5 K10, alg-anahtar uyusmazligi): korumali baslikta alg=ES256 (-7), dogrulama anahtari issuer/EdDSA (Ed25519; COSE_Key ve JWK olarak verilir). Imza, baslik alg'iyla DEGIL gercek anahtarin kendi algoritmasiyla (EdDSA) bu Sig_structure uzerinde uretilmis GECERLI imzadir."
COSE-K10P_alg-ML-DSA-65_anahtar-ES256,COSE,COSE/COSE-K10P_alg-ML-DSA-65_anahtar-ES256.cbor,1419d13d080cb2e9011b6f45a51cd0ffcc7fc29f2c7c631f27418b0e736f1b9f,175,cose,COSE_Sign1,tedavi-ML-DSA-65,,,L2;L3,,COSE;K10;alg-anahtar-uyusmazligi,RFC9052 §4.2;RFC9052 §4.4;RFC9052 §3.1;RFC9052 §7.1;JWTBCP §3.1;RFC9964 §5;RFC9964 §8.1.1;RFC9053 §2.1;RFC9864 §4.2.2;HAIP §7,,,ML-DSA-65,"COSE_Sign1 (ÖK §6.5 K10, alg-anahtar uyusmazligi): korumali baslikta alg=ML-DSA-65 (-49), dogrulama anahtari issuer/ES256 (ES256; COSE_Key ve JWK olarak verilir). Imza, baslik alg'iyla DEGIL gercek anahtarin kendi algoritmasiyla (ES256) bu Sig_structure uzerinde uretilmis GECERLI imzadir."
COSE-K10P_alg-ES256_anahtar-ML-DSA-65,COSE,COSE/COSE-K10P_alg-ES256_anahtar-ML-DSA-65.cbor,3d900de22251d1471e394905c4a2308a892d6a6e667030b28f5d35ac5bfc0357,3420,cose,COSE_Sign1,tedavi-ML-DSA-65,,,L2;L3,,COSE;K10;alg-anahtar-uyusmazligi,RFC9052 §4.2;RFC9052 §4.4;RFC9052 §3.1;RFC9052 §7.1;JWTBCP §3.1;RFC9053 §2.1;RFC9864 §4.2.2;HAIP §7;RFC9964 §5;RFC9964 §8.1.1,,,ES256,"COSE_Sign1 (ÖK §6.5 K10, alg-anahtar uyusmazligi): korumali baslikta alg=ES256 (-7), dogrulama anahtari issuer/ML-DSA-65 (ML-DSA-65; COSE_Key ve JWK olarak verilir). Imza, baslik alg'iyla DEGIL gercek anahtarin kendi algoritmasiyla (ML-DSA-65) bu Sig_structure uzerinde uretilmis GECERLI imzadir."
COSE-K10C_alg-ML-DSA-65-ES256_anahtar-ML-DSA-65,COSE,COSE/COSE-K10C_alg-ML-DSA-65-ES256_anahtar-ML-DSA-65.cbor,c329cabc1920b8f66c8e632303516a0a24e800977dfe7213d155c3f3d9c4be3b,3421,cose,COSE_Sign1,tedavi-composite,,,L2;L3,,COSE;K10;alg-anahtar-uyusmazligi,RFC9052 §4.2;RFC9052 §4.4;RFC9052 §3.1;RFC9052 §7.1;JWTBCP §3.1;JOSECOMP §5.2 (Tablo 6);JOSECOMP §7.2.2;JOSECOMP §4.2;RFC9964 §5;RFC9964 §8.1.1,,,ML-DSA-65-ES256,"COSE_Sign1 (ÖK §6.5 K10, alg-anahtar uyusmazligi): korumali baslikta alg=ML-DSA-65-ES256 (-55), dogrulama anahtari issuer/ML-DSA-65 (ML-DSA-65; COSE_Key ve JWK olarak verilir). Imza, baslik alg'iyla DEGIL gercek anahtarin kendi algoritmasiyla (ML-DSA-65) bu Sig_structure uzerinde uretilmis GECERLI imzadir."
COSE-K10C_alg-ML-DSA-65_anahtar-ML-DSA-65-ES256,COSE,COSE/COSE-K10C_alg-ML-DSA-65_anahtar-ML-DSA-65-ES256.cbor,00987e0bc56a2ddcd7297eabc009504132ab4697886c4c5f2ba39222ea8b8405,3492,cose,COSE_Sign1,tedavi-composite,,,L2;L3,,COSE;K10;alg-anahtar-uyusmazligi,RFC9052 §4.2;RFC9052 §4.4;RFC9052 §3.1;RFC9052 §7.1;JWTBCP §3.1;RFC9964 §5;RFC9964 §8.1.1;JOSECOMP §5.2 (Tablo 6);JOSECOMP §7.2.2;JOSECOMP §4.2,,,ML-DSA-65,"COSE_Sign1 (ÖK §6.5 K10, alg-anahtar uyusmazligi): korumali baslikta alg=ML-DSA-65 (-49), dogrulama anahtari issuer/ML-DSA-65-ES256 (ML-DSA-65-ES256; COSE_Key ve JWK olarak verilir). Imza, baslik alg'iyla DEGIL gercek anahtarin kendi algoritmasiyla (ML-DSA-65-ES256) bu Sig_structure uzerinde uretilmis GECERLI imzadir."
COSE-VPLUS_ES256,COSE,COSE/COSE-VPLUS_ES256.cbor,fc7e62615378fc0c0c1f32c66bdb15ebf88e232802fcb3364c6ac6ef5befe4ac,174,cose,COSE_Sign1,ortak,,,,,COSE;V+;adaptor-gecerlilik-kontrolu,RFC9052 §4.2;RFC9052 §4.4;RFC9053 §2.1;RFC9864 §4.2.2;HAIP §7,,,ES256,"V+ adaptor gecerlilik kontrolu (ÖK §6.5 V+/V-, §4.15): tek imzali COSE_Sign1, ES256 (-7), kid ile; imza gecerli."
COSE-VMINUS_ES256,COSE,COSE/COSE-VMINUS_ES256.cbor,1201d0102bc98ac8450b0961cb295b883a897fbe9b15a7e26a657974328b8cc1,174,cose,COSE_Sign1,ortak,,,,,COSE;V-;adaptor-gecerlilik-kontrolu,RFC9052 §4.2;RFC9052 §4.4;RFC9053 §2.1;RFC9864 §4.2.2;HAIP §7,,,ES256,"V- adaptor gecerlilik kontrolu (ÖK §6.5 V+/V-, §4.15): tek imzali COSE_Sign1, ES256 (-7), kid ile; imzanin orta baytinda bit cevrildi."
COSE-VPLUS_EdDSA,COSE,COSE/COSE-VPLUS_EdDSA.cbor,aa1ead3a30dbe39714f5c75b54a651dc1b79bd93ef4df145accc3a8b21d3c032,174,cose,COSE_Sign1,kontrol-EdDSA,,,,,COSE;V+;adaptor-gecerlilik-kontrolu,RFC9052 §4.2;RFC9052 §4.4;RFC9053 §2.2;RFC9864 §4.2.2,,,EdDSA,"V+ adaptor gecerlilik kontrolu (ÖK §6.5 V+/V-, §4.15): tek imzali COSE_Sign1, EdDSA (-8), kid ile; imza gecerli."
COSE-VMINUS_EdDSA,COSE,COSE/COSE-VMINUS_EdDSA.cbor,de6718a89b48715fceb028dd36438e38a8a7c72bc831b3a358a697a83ed5e1d8,174,cose,COSE_Sign1,kontrol-EdDSA,,,,,COSE;V-;adaptor-gecerlilik-kontrolu,RFC9052 §4.2;RFC9052 §4.4;RFC9053 §2.2;RFC9864 §4.2.2,,,EdDSA,"V- adaptor gecerlilik kontrolu (ÖK §6.5 V+/V-, §4.15): tek imzali COSE_Sign1, EdDSA (-8), kid ile; imzanin orta baytinda bit cevrildi."
COSE-VPLUS_ML-DSA-65,COSE,COSE/COSE-VPLUS_ML-DSA-65.cbor,2be1083a9f1ee8f42eec001efdb5667bed0d62b1367051daf2d8c11f39877bf3,3421,cose,COSE_Sign1,tedavi-ML-DSA-65,,,,,COSE;V+;adaptor-gecerlilik-kontrolu,RFC9052 §4.2;RFC9052 §4.4;RFC9964 §5;RFC9964 §8.1.1,,,ML-DSA-65,"V+ adaptor gecerlilik kontrolu (ÖK §6.5 V+/V-, §4.15): tek imzali COSE_Sign1, ML-DSA-65 (-49), kid ile; imza gecerli."
COSE-VMINUS_ML-DSA-65,COSE,COSE/COSE-VMINUS_ML-DSA-65.cbor,2e7d31c6981a6396340ffd8dacd8a7fefe152e7921e42cd73f997ee1bd10cc7b,3421,cose,COSE_Sign1,tedavi-ML-DSA-65,,,,,COSE;V-;adaptor-gecerlilik-kontrolu,RFC9052 §4.2;RFC9052 §4.4;RFC9964 §5;RFC9964 §8.1.1,,,ML-DSA-65,"V- adaptor gecerlilik kontrolu (ÖK §6.5 V+/V-, §4.15): tek imzali COSE_Sign1, ML-DSA-65 (-49), kid ile; imzanin orta baytinda bit cevrildi."
COSE-K6_composite_gecerli,COSE,COSE/COSE-K6_composite_gecerli.cbor,3978a000ecaa49d40858c4140d54ba9dcc86f207af6a401a95169da535d0bf04,3491,cose,COSE_Sign1,tedavi-composite,a,,L1,,COSE;K6;composite-bilesen-dogrulugu,RFC9052 §4.2;RFC9052 §4.4;JOSECOMP §5.2 (Tablo 6);JOSECOMP §7.2.2;JOSECOMP §4.2;JOSECOMP §4.3,,,ML-DSA-65-ES256,"COSE_Sign1, composite ML-DSA-65-ES256 (-55; talep edilen, kayitli degil), gecerli (ÖK §6.5 K6)."
COSE-K7_ml_bileseni_bozuk,COSE,COSE/COSE-K7_ml_bileseni_bozuk.cbor,c60d0c58c29caf064d18e77e43c0e44d2e67943bbcac5a05d8138b2adab46f53,3491,cose,COSE_Sign1,tedavi-composite,a,,L4,,COSE;K7;composite-bilesen-dogrulugu;bilesen-bozulmasi,RFC9052 §4.2;RFC9052 §4.4;JOSECOMP §5.2 (Tablo 6);JOSECOMP §7.2.2;JOSECOMP §4.2;JOSECOMP §4.3,,,ML-DSA-65-ES256,COSE_Sign1 composite (ÖK §6.5 K7): ML-DSA bileseninin orta baytinda bit cevrildi; ECDSA bileseni gecerli.
COSE-K7_ecdsa_bileseni_bozuk,COSE,COSE/COSE-K7_ecdsa_bileseni_bozuk.cbor,bc83b7268b8e7267e3ed18e2ae14a27d9c84f0f8c6f90797cb2b3654f04069de,3491,cose,COSE_Sign1,tedavi-composite,a,,L4,,COSE;K7;composite-bilesen-dogrulugu;bilesen-bozulmasi,RFC9052 §4.2;RFC9052 §4.4;JOSECOMP §5.2 (Tablo 6);JOSECOMP §7.2.2;JOSECOMP §4.2;JOSECOMP §4.3,,,ML-DSA-65-ES256,COSE_Sign1 composite (ÖK §6.5 K7): ECDSA bileseninde r degerinin son baytinda bit cevrildi (DER yapisi gecerli); ML-DSA bileseni gecerli.
COSE-K8_x5chain_karisik,COSE,COSE/COSE-K8_x5chain_karisik.cbor,0abd243e5b58caf743c2fe46e3fc018739da8296d7ea81b3168cb8cce3b49c62,6295,cose,COSE_Sign1,tedavi-ML-DSA-65,,,L3,karisik-x5c,COSE;K8;x5chain,RFC9052 §4.2;RFC9052 §4.4;RFC9360 §2;RFC9964 §5;RFC9964 §8.1.1,,,ML-DSA-65,"COSE_Sign1, ML-DSA-65; KORUMALI x5chain (etiket 33) = [issuer-ml@int-ec, int-ec]: ML-DSA-65 yaprak + klasik ara CA (karisik zincir). ÖK §6.5 K8, §2F m.4 uyarlamasi (composite yaprak kapsam disi; D-S1). Guven capasi x5chain disinda. HAIP §6.1.1 JOSE x5c kurali ([yaprak, ara CA], kok haric) COSE icin benzetimle uygulandi; HAIP COSE x5chain icin ayrica kural koymaz."
COSE-K9_x5chain_korumasiz,COSE,COSE/COSE-K9_x5chain_korumasiz.cbor,7bccbf5b0a9087ead3e96be7245a7b8d1d0279721294bfa7e0f1bd5ff5ec2511,14659,cose,COSE_Sign1,tedavi-ML-DSA-65,,,L3,korumasiz-x5c,COSE;K9;x5chain,RFC9052 §4.2;RFC9052 §4.4;RFC9360 §2;RFC9964 §5;RFC9964 §8.1.1,,,ML-DSA-65,"COSE_Sign1, ML-DSA-65; x5chain (etiket 33) KORUMASIZ baslikta = [issuer-ml@int-ml, int-ml] (tam-PQ zincir); korumali baslik yalniz {1: alg} (ÖK §6.5 K9)."
COSE-K1K_iki_gecerli-SIRA-ters,COSE,COSE/COSE-K1K_iki_gecerli-SIRA-ters.cbor,3115b8a30e242daa49b81140dc8bd12dc338679823bed33729c9f3f84aacf226,286,cose,COSE_Sign,kontrol-EdDSA,d-COSE (COSE_Sign cok imzacili; RFC 9052 §4.1),,L1;L2,,COSE;K1;coklu-imza;MR4(imza-sirasi-permutasyonu),RFC9052 §4.1;RFC9052 §4.4;RFC9053 §2.1;RFC9864 §4.2.2;HAIP §7;RFC9053 §2.2;RFC9864 §4.2.2,,,EdDSA;ES256,"MR4 esi (ÖK §2B m.8, §2C m.4): COSE-K1K_iki_gecerli COSE_Sign imzaci sirasi ters (yeni sira = ozgun [1, 0]). Her COSE_Signature [korumali, korumasiz, imza] ve govde/yuk bayt-ayni; imzaci Sig_structure'i sira bagimsizdir. Ozgun aciklama: COSE_Sign (etiket 98), iki imzaci: ES256 + EdDSA, ikisi gecerli uretildi (ÖK §6.5 K1)."
COSE-K2K_X_bozuk-SIRA-ters,COSE,COSE/COSE-K2K_X_bozuk-SIRA-ters.cbor,f82c8d03552dd49271b449a4c8afa22754cedd5e70df035ff458a55360e96ad0,286,cose,COSE_Sign,kontrol-EdDSA,d-COSE (COSE_Sign cok imzacili; RFC 9052 §4.1),,L4,,COSE;K2;bozuk-imza;coklu-imza-semantigi(any/all);MR4(imza-sirasi-permutasyonu),RFC9052 §4.1;RFC9052 §4.4;RFC9053 §2.1;RFC9864 §4.2.2;HAIP §7;RFC9053 §2.2;RFC9864 §4.2.2,,,EdDSA;ES256,"MR4 esi (ÖK §2B m.8, §2C m.4): COSE-K2K_X_bozuk COSE_Sign imzaci sirasi ters (yeni sira = ozgun [1, 0]). Her COSE_Signature [korumali, korumasiz, imza] ve govde/yuk bayt-ayni; imzaci Sig_structure'i sira bagimsizdir. Ozgun aciklama: COSE-K1K ile ayni; ikinci (EdDSA) imzacinin imzasinin 5. baytinin 0. biti cevrildi (ÖK §6.5 K2)."
COSE-K1P_iki_gecerli-SIRA-ters,COSE,COSE/COSE-K1P_iki_gecerli-SIRA-ters.cbor,1eaac498ab23c0059a4b982d69a3c85a17a446d5a5a014c95c696261045e966c,3533,cose,COSE_Sign,tedavi-ML-DSA-65,d-COSE (COSE_Sign cok imzacili; RFC 9052 §4.1),,L1;L2,,COSE;K1;coklu-imza;MR4(imza-sirasi-permutasyonu),RFC9052 §4.1;RFC9052 §4.4;RFC9053 §2.1;RFC9864 §4.2.2;HAIP §7;RFC9964 §5;RFC9964 §8.1.1,,,ML-DSA-65;ES256,"MR4 esi (ÖK §2B m.8, §2C m.4): COSE-K1P_iki_gecerli COSE_Sign imzaci sirasi ters (yeni sira = ozgun [1, 0]). Her COSE_Signature [korumali, korumasiz, imza] ve govde/yuk bayt-ayni; imzaci Sig_structure'i sira bagimsizdir. Ozgun aciklama: COSE_Sign (etiket 98), iki imzaci: ES256 + ML-DSA-65, ikisi gecerli uretildi (ÖK §6.5 K1)."
COSE-K2P_X_bozuk-SIRA-ters,COSE,COSE/COSE-K2P_X_bozuk-SIRA-ters.cbor,d00b75a79ad693b36dc1f07374a95f8899b0104c14b039844b73937a7641d55d,3533,cose,COSE_Sign,tedavi-ML-DSA-65,d-COSE (COSE_Sign cok imzacili; RFC 9052 §4.1),,L4,,COSE;K2;bozuk-imza;coklu-imza-semantigi(any/all);MR4(imza-sirasi-permutasyonu),RFC9052 §4.1;RFC9052 §4.4;RFC9053 §2.1;RFC9864 §4.2.2;HAIP §7;RFC9964 §5;RFC9964 §8.1.1,,,ML-DSA-65;ES256,"MR4 esi (ÖK §2B m.8, §2C m.4): COSE-K2P_X_bozuk COSE_Sign imzaci sirasi ters (yeni sira = ozgun [1, 0]). Her COSE_Signature [korumali, korumasiz, imza] ve govde/yuk bayt-ayni; imzaci Sig_structure'i sira bagimsizdir. Ozgun aciklama: COSE-K1P ile ayni; ikinci (ML-DSA-65) imzacinin imzasinin 5. baytinin 0. biti cevrildi (ÖK §6.5 K2)."
COSE-K1C_iki_gecerli-SIRA-ters,COSE,COSE/COSE-K1C_iki_gecerli-SIRA-ters.cbor,b3419fd708a88f0be5dd841f79c4e5dedce42c734872c543911a0254d12f0187,3604,cose,COSE_Sign,tedavi-composite,d-COSE (COSE_Sign cok imzacili; RFC 9052 §4.1),,L1;L2,,COSE;K1;coklu-imza;MR4(imza-sirasi-permutasyonu),RFC9052 §4.1;RFC9052 §4.4;RFC9053 §2.1;RFC9864 §4.2.2;HAIP §7;JOSECOMP §5.2 (Tablo 6);JOSECOMP §7.2.2;JOSECOMP §4.2,,,ML-DSA-65-ES256;ES256,"MR4 esi (ÖK §2B m.8, §2C m.4): COSE-K1C_iki_gecerli COSE_Sign imzaci sirasi ters (yeni sira = ozgun [1, 0]). Her COSE_Signature [korumali, korumasiz, imza] ve govde/yuk bayt-ayni; imzaci Sig_structure'i sira bagimsizdir. Ozgun aciklama: COSE_Sign (etiket 98), iki imzaci: ES256 + ML-DSA-65-ES256, ikisi gecerli uretildi (ÖK §6.5 K1)."
COSE-K2C_X_bozuk-SIRA-ters,COSE,COSE/COSE-K2C_X_bozuk-SIRA-ters.cbor,298273feeaee9249c62d07666eeb015a5b4221be6836bb2ce51c4770bea82879,3604,cose,COSE_Sign,tedavi-composite,d-COSE (COSE_Sign cok imzacili; RFC 9052 §4.1),,L4,,COSE;K2;bozuk-imza;coklu-imza-semantigi(any/all);MR4(imza-sirasi-permutasyonu),RFC9052 §4.1;RFC9052 §4.4;RFC9053 §2.1;RFC9864 §4.2.2;HAIP §7;JOSECOMP §5.2 (Tablo 6);JOSECOMP §7.2.2;JOSECOMP §4.2,,,ML-DSA-65-ES256;ES256,"MR4 esi (ÖK §2B m.8, §2C m.4): COSE-K2C_X_bozuk COSE_Sign imzaci sirasi ters (yeni sira = ozgun [1, 0]). Her COSE_Signature [korumali, korumasiz, imza] ve govde/yuk bayt-ayni; imzaci Sig_structure'i sira bagimsizdir. Ozgun aciklama: COSE-K1C ile ayni; ikinci (ML-DSA-65-ES256) imzacinin imzasinin 5. baytinin 0. biti cevrildi (ÖK §6.5 K2)."
COSE-K1K_iki_gecerli-ED25519,COSE,COSE/COSE-K1K_iki_gecerli-ED25519.cbor,d61c08b6a9df370715e83228231fa9bd62671e90028a34685c4816c1389bed3f,286,cose,COSE_Sign,kontrol-Ed25519,d-COSE (COSE_Sign cok imzacili; RFC 9052 §4.1),,L1;L2,,COSE;K1;coklu-imza;ed25519-etiketi(RFC 9864; A9 yedek kurali),RFC9052 §4.1;RFC9052 §4.4;RFC9053 §2.1;RFC9864 §4.2.2;HAIP §7;RFC9864 §2.2;RFC9864 §4.2.1,,,ES256;Ed25519,"COSE-K1K_iki_gecerli vektorunun Ed25519 etiketli esi (A9 yedek kurali; ÖK §2D m.2): EdDSA (-8) yerine RFC 9864 tam belirtilmis Ed25519 (-19; RFC9864:225); ayni anahtar, ayni yuk, ayni yapi; yalniz bu baslik ve ona bagli imza farkli. Ozgun aciklama: COSE_Sign (etiket 98), iki imzaci: ES256 + EdDSA, ikisi gecerli uretildi (ÖK §6.5 K1)."
COSE-K2K_X_bozuk-ED25519,COSE,COSE/COSE-K2K_X_bozuk-ED25519.cbor,00468239e9b0a4bd4004c6324f7ea4c74dc570eaaccf08a67e93ad228da7fe92,286,cose,COSE_Sign,kontrol-Ed25519,d-COSE (COSE_Sign cok imzacili; RFC 9052 §4.1),,L4,,COSE;K2;bozuk-imza;coklu-imza-semantigi(any/all);ed25519-etiketi(RFC 9864; A9 yedek kurali),RFC9052 §4.1;RFC9052 §4.4;RFC9053 §2.1;RFC9864 §4.2.2;HAIP §7;RFC9864 §2.2;RFC9864 §4.2.1,,,ES256;Ed25519,"COSE-K2K_X_bozuk vektorunun Ed25519 etiketli esi (A9 yedek kurali; ÖK §2D m.2): EdDSA (-8) yerine RFC 9864 tam belirtilmis Ed25519 (-19; RFC9864:225); ayni anahtar, ayni yuk, ayni yapi; yalniz bu baslik ve ona bagli imza farkli. Ozgun aciklama: COSE-K1K ile ayni; ikinci (EdDSA) imzacinin imzasinin 5. baytinin 0. biti cevrildi (ÖK §6.5 K2)."
COSE-K4K_yalniz_X-ED25519,COSE,COSE/COSE-K4K_yalniz_X-ED25519.cbor,23bb8ea992e3e04db6cd344e461e487e3e6c91c6b54faee94fb0d188b5b979ce,179,cose,COSE_Sign,kontrol-Ed25519,d-COSE (COSE_Sign cok imzacili; RFC 9052 §4.1),,L1;L2;L3,,COSE;K4;yalniz-tek-alg;ed25519-etiketi(RFC 9864; A9 yedek kurali),RFC9052 §4.1;RFC9052 §4.4;RFC9864 §4.2.2;RFC9864 §2.2;RFC9864 §4.2.1,,,Ed25519,"COSE-K4K_yalniz_X vektorunun Ed25519 etiketli esi (A9 yedek kurali; ÖK §2D m.2): EdDSA (-8) yerine RFC 9864 tam belirtilmis Ed25519 (-19; RFC9864:225); ayni anahtar, ayni yuk, ayni yapi; yalniz bu baslik ve ona bagli imza farkli. Ozgun aciklama: COSE_Sign, YALNIZ EdDSA imzacisi (gecerli; ÖK §6.5 K4)."
COSE-K5K_arti_kayitsiz-ED25519,COSE,COSE/COSE-K5K_arti_kayitsiz-ED25519.cbor,47c4247a8f3c3bd1fc448476b1f255c9b0ba60b16ce226511e530d88ad39f9b9,434,cose,COSE_Sign,kontrol-Ed25519,d-COSE (COSE_Sign cok imzacili; RFC 9052 §4.1),,L1;L4,bilinmeyen-composite-alg,COSE;K5;kayitsiz-alg;ek-imza;ed25519-etiketi(RFC 9864; A9 yedek kurali),RFC9052 §4.1;RFC9052 §4.4;RFC9053 §2.1;RFC9864 §4.2.2;HAIP §7;RFC9052 §3.1;RFC9864 §2.2;RFC9864 §4.2.1,,,ES256;Ed25519;X-KAYITSIZ-1,"COSE-K5K_arti_kayitsiz vektorunun Ed25519 etiketli esi (A9 yedek kurali; ÖK §2D m.2): EdDSA (-8) yerine RFC 9864 tam belirtilmis Ed25519 (-19; RFC9864:225); ayni anahtar, ayni yuk, ayni yapi; yalniz bu baslik ve ona bagli imza farkli. Ozgun aciklama: COSE_Sign: COSE-K1K ile ayni iki gecerli imzaci + KAYITSIZ tstr alg (""X-KAYITSIZ-1"") etiketli ucuncu imzaci; imza baytlari rastgele ve belirlenimci (HKDF ""v1.3/COSE-K5K/kayitsiz-imza"", 128 B), korumasiz baslik bos (kid yok). ÖK §6.5 K5."
COSE-K10K_alg-EdDSA_anahtar-ES256-ED25519,COSE,COSE/COSE-K10K_alg-EdDSA_anahtar-ES256-ED25519.cbor,e810bf131358d580dc00a99e8890818a869335bd538297d6d9dd4a39daf1171e,174,cose,COSE_Sign1,kontrol-Ed25519,,,L2;L3,,COSE;K10;alg-anahtar-uyusmazligi;ed25519-etiketi(RFC 9864; A9 yedek kurali),RFC9052 §4.2;RFC9052 §4.4;RFC9052 §3.1;RFC9052 §7.1;JWTBCP §3.1;RFC9864 §4.2.2;RFC9053 §2.1;HAIP §7;RFC9864 §2.2;RFC9864 §4.2.1,,,Ed25519,"COSE-K10K_alg-EdDSA_anahtar-ES256 vektorunun Ed25519 etiketli esi (A9 yedek kurali; ÖK §2D m.2): EdDSA (-8) yerine RFC 9864 tam belirtilmis Ed25519 (-19; RFC9864:225); ayni anahtar, ayni yuk, ayni yapi; yalniz bu baslik ve ona bagli imza farkli. Ozgun aciklama: COSE_Sign1 (ÖK §6.5 K10, alg-anahtar uyusmazligi): korumali baslikta alg=EdDSA (-8), dogrulama anahtari issuer/ES256 (ES256; COSE_Key ve JWK olarak verilir). Imza, baslik alg'iyla DEGIL gercek anahtarin kendi algoritmasiyla (ES256) bu Sig_structure uzerinde uretilmis GECERLI imzadir."
COSE-VPLUS_EdDSA-ED25519,COSE,COSE/COSE-VPLUS_EdDSA-ED25519.cbor,260aab07f34acc59fcaadd660d0e7e2cdfcf077dac3397b67d6da09702fcc28d,174,cose,COSE_Sign1,kontrol-Ed25519,,,,,COSE;V+;adaptor-gecerlilik-kontrolu;ed25519-etiketi(RFC 9864; A9 yedek kurali),RFC9052 §4.2;RFC9052 §4.4;RFC9864 §4.2.2;RFC9864 §2.2;RFC9864 §4.2.1,,,Ed25519,"COSE-VPLUS_EdDSA vektorunun Ed25519 etiketli esi (A9 yedek kurali; ÖK §2D m.2): EdDSA (-8) yerine RFC 9864 tam belirtilmis Ed25519 (-19; RFC9864:225); ayni anahtar, ayni yuk, ayni yapi; yalniz bu baslik ve ona bagli imza farkli. Ozgun aciklama: V+ adaptor gecerlilik kontrolu (ÖK §6.5 V+/V-, §4.15): tek imzali COSE_Sign1, EdDSA (-8), kid ile; imza gecerli."
COSE-VMINUS_EdDSA-ED25519,COSE,COSE/COSE-VMINUS_EdDSA-ED25519.cbor,ab854e5adfa783eff20f58de74fb77d700b0f416573eaadad8e9df15a4856571,174,cose,COSE_Sign1,kontrol-Ed25519,,,,,COSE;V-;adaptor-gecerlilik-kontrolu;ed25519-etiketi(RFC 9864; A9 yedek kurali),RFC9052 §4.2;RFC9052 §4.4;RFC9864 §4.2.2;RFC9864 §2.2;RFC9864 §4.2.1,,,Ed25519,"COSE-VMINUS_EdDSA vektorunun Ed25519 etiketli esi (A9 yedek kurali; ÖK §2D m.2): EdDSA (-8) yerine RFC 9864 tam belirtilmis Ed25519 (-19; RFC9864:225); ayni anahtar, ayni yuk, ayni yapi; yalniz bu baslik ve ona bagli imza farkli. Ozgun aciklama: V- adaptor gecerlilik kontrolu (ÖK §6.5 V+/V-, §4.15): tek imzali COSE_Sign1, EdDSA (-8), kid ile; imzanin orta baytinda bit cevrildi."
COSE-K1K_iki_gecerli-SIRA-ters-ED25519,COSE,COSE/COSE-K1K_iki_gecerli-SIRA-ters-ED25519.cbor,7730e99f8f1901d3684eb8b9dc59d9de66f554c0d05ea6ced498b59aa901ea0d,286,cose,COSE_Sign,kontrol-Ed25519,d-COSE (COSE_Sign cok imzacili; RFC 9052 §4.1),,L1;L2,,COSE;K1;coklu-imza;MR4(imza-sirasi-permutasyonu);ed25519-etiketi(RFC 9864; A9 yedek kurali),RFC9052 §4.1;RFC9052 §4.4;RFC9053 §2.1;RFC9864 §4.2.2;HAIP §7;RFC9864 §2.2;RFC9864 §4.2.1,,,Ed25519;ES256,"COSE-K1K_iki_gecerli-SIRA-ters vektorunun Ed25519 etiketli esi (A9 yedek kurali; ÖK §2D m.2): EdDSA (-8) yerine RFC 9864 tam belirtilmis Ed25519 (-19; RFC9864:225); ayni anahtar, ayni yuk, ayni yapi; yalniz bu baslik ve ona bagli imza farkli. Ozgun aciklama: MR4 esi (ÖK §2B m.8, §2C m.4): COSE-K1K_iki_gecerli COSE_Sign imzaci sirasi ters (yeni sira = ozgun [1, 0]). Her COSE_Signature [korumali, korumasiz, imza] ve govde/yuk bayt-ayni; imzaci Sig_structure'i sira bagimsizdir. Ozgun aciklama: COSE_Sign (etiket 98), iki imzaci: ES256 + EdDSA, ikisi gecerli uretildi (ÖK §6.5 K1)."
COSE-K2K_X_bozuk-SIRA-ters-ED25519,COSE,COSE/COSE-K2K_X_bozuk-SIRA-ters-ED25519.cbor,ed2a0dd1e12732347be93231fa59a1a15c2931fb87af624cf982420db09a1a19,286,cose,COSE_Sign,kontrol-Ed25519,d-COSE (COSE_Sign cok imzacili; RFC 9052 §4.1),,L4,,COSE;K2;bozuk-imza;coklu-imza-semantigi(any/all);MR4(imza-sirasi-permutasyonu);ed25519-etiketi(RFC 9864; A9 yedek kurali),RFC9052 §4.1;RFC9052 §4.4;RFC9053 §2.1;RFC9864 §4.2.2;HAIP §7;RFC9864 §2.2;RFC9864 §4.2.1,,,Ed25519;ES256,"COSE-K2K_X_bozuk-SIRA-ters vektorunun Ed25519 etiketli esi (A9 yedek kurali; ÖK §2D m.2): EdDSA (-8) yerine RFC 9864 tam belirtilmis Ed25519 (-19; RFC9864:225); ayni anahtar, ayni yuk, ayni yapi; yalniz bu baslik ve ona bagli imza farkli. Ozgun aciklama: MR4 esi (ÖK §2B m.8, §2C m.4): COSE-K2K_X_bozuk COSE_Sign imzaci sirasi ters (yeni sira = ozgun [1, 0]). Her COSE_Signature [korumali, korumasiz, imza] ve govde/yuk bayt-ayni; imzaci Sig_structure'i sira bagimsizdir. Ozgun aciklama: COSE-K1K ile ayni; ikinci (EdDSA) imzacinin imzasinin 5. baytinin 0. biti cevrildi (ÖK §6.5 K2)."
L4C-JOSE_eski_ES256,L4C,L4C/L4C-JOSE_eski_ES256.jws,944f80c11367dd971bfbd02a4efc70455a2fa89d56e73444ede114b51be38163,350,jws-cekirdek,compact,ortak (L4c; iki tedavi kolu),,,L4,,L4c;eski-ihracci,JWTBCP §3.1;RFC7519 §4.1.1;RFC7515 §4.1.4;RFC7518 §3.4,,,ES256,"L4c (ÖK §2B m.6): AYRI kimlikli ""eski ihracci""nin compact JWS'i (iss https://legacy-issuer.example, ayri anahtar ve kid; yalniz ES256). Baslik {""alg"",""kid"",""typ"":""JWT""}, yuk VPLUS_ES256 ile ayni yapida (yalniz iss farkli). Goc etmis ihraccinin karsiliklari mevcut vektorlerdir (VPLUS_ES256, VPLUS_ML-DSA-65, CMP00; BATARYA-ESLEME.md)."
L4C-COSE_eski_ES256,L4C,L4C/L4C-COSE_eski_ES256.cbor,20ebe48d89a18ce1f9c9219a916b6f5dd60af092bc1b4c21241a19dff2184113,182,cose,COSE_Sign1,ortak (L4c; iki tedavi kolu),,,L4,,L4c;eski-ihracci;COSE,RFC9052 §4.2;RFC9052 §4.4;RFC9052 §3.1;RFC9053 §2.1;RFC9864 §4.2.2;HAIP §7;JWTBCP §3.1,,,ES256,"L4c (ÖK §2B m.6): AYRI kimlikli ""eski ihracci""nin COSE_Sign1'i (yukte iss https://legacy-issuer.example; korumasiz kid; yalniz ES256 (-7)). Goc etmis ihraccinin karsiliklari mevcut vektorlerdir (COSE-VPLUS_ES256, COSE-VPLUS_ML-DSA-65, COSE-K6)."
T1K_both_valid-ES384,T,T/T1K_both_valid-ES384.json,101c9411cca28c7eb771a0ecc5d2a1758be0b597bb368a31233d91d1b7c75189,491,jws-cekirdek,general,kontrol-ES384,d (JWS duzeyi),,L1;L2,,coklu-imza;saglik-kontrolu(H0),RFC7515 §7.2.1;RFC7515 §7.2;RFC7515 §5.2;JWTBCP §3.1;RFC9864 §2.2,T1_both_valid,,ES256;ES384,"ES384 counterpart of v1.3 vector T1K_both_valid (amendment 10): signatures labelled EdDSA are re-made with the issuer/ES384 key and label ES384; payload and all other signatures unchanged. Original description: General JSON JWS; ES256 + EdDSA, iki imza da gecerli uretildi (B T1)."
T2K_second_tampered-ES384,T,T/T2K_second_tampered-ES384.json,39c6782b13199858467c181fe6f15bb1f1b243a484502ec445b30dda7496cda8,491,jws-cekirdek,general,kontrol-ES384,d (JWS duzeyi),,L4,,coklu-imza-semantigi(any/all);bozuk-imza,"RFC7515 §7.2.1;RFC7515 §7.2;RFC7515 §5.2;JWTBCP §3.1;ACM2 (ECCG ACM v2, hibrit AND)",T2_eddsa_tampered,,ES256;ES384,ES384 counterpart of v1.3 vector T2K_second_tampered (amendment 10): signatures labelled EdDSA are re-made with the issuer/ES384 key and label ES384; payload and all other signatures unchanged. Original description: T1K ile ayni; ikinci (EdDSA) imzanin 5. baytinin 0. biti cevrildi (B T2: s[5]^=1).
T4K_plus_ML-DSA-65-ES384,T,T/T4K_plus_ML-DSA-65-ES384.json,87a59cd2033b061fc5ddc6cbece8c7e9b9a41de4bbc3f5bec5b7b1c733757908,4977,jws-cekirdek,general,kontrol-ES384,d (JWS duzeyi),,L1;L4,,bilinmeyen-alg;ek-imza,RFC7515 §7.2.1;RFC7515 §7.2;RFC7515 §5.2;JWTBCP §3.1;RFC9964 §5;JOSECOMP §5.1 (Tablo 5),T4_plus_unknown_MLDSA65,,ES256;ES384;ML-DSA-65,"ES384 counterpart of v1.3 vector T4K_plus_ML-DSA-65 (amendment 10): signatures labelled EdDSA are re-made with the issuer/ES384 key and label ES384; payload and all other signatures unchanged. Original description: ES256 + EdDSA + GECERLI ML-DSA-65 imzasi (B T4 ""plus_unknown_MLDSA65"" rastgele bayt idi; burada gercek). Ek imzanin alg'i hedef kutuphane icin bilinmiyor olabilir."
T5K_only_EdDSA-ES384,T,T/T5K_only_EdDSA-ES384.json,89ac8da8e2545c2ce8398e694fb0af1c5ce34d7cf3b3ba10465fe6980a91c743,337,jws-cekirdek,general,kontrol-ES384,d (JWS duzeyi),,L1;L2;L3,,yalniz-tek-alg,RFC7515 §7.2.1;RFC7515 §7.2;RFC7515 §5.2;JWTBCP §3.1;RFC9864 §2.2,T5_only_MLDSA65,,ES384,ES384 counterpart of v1.3 vector T5K_only_EdDSA (amendment 10): signatures labelled EdDSA are re-made with the issuer/ES384 key and label ES384; payload and all other signatures unchanged. Original description: General JSON; YALNIZ EdDSA imzasi (gecerli). B T5 (only_MLDSA65) rastgele bayt idi.
T6_plus_composite-ES384,T,T/T6_plus_composite-ES384.json,baa2e2531e11a6b2ce3ef4b08c0bd19c15b355c9982edf3347c558664a5aef4e,5080,jws-cekirdek,general,kontrol-ES384,d (JWS duzeyi),,L1;L4,bilinmeyen-composite-alg,ek-imza,RFC7515 §7.2.1;RFC7515 §7.2;RFC7515 §5.2;JWTBCP §3.1;JOSECOMP §5.1 (Tablo 5);JOSECOMP §4.2,T6_plus_composite_label,,ES256;ES384;ML-DSA-65-ES256,"ES384 counterpart of v1.3 vector T6_plus_composite (amendment 10): signatures labelled EdDSA are re-made with the issuer/ES384 key and label ES384; payload and all other signatures unchanged. Original description: ES256 + EdDSA + GECERLI composite ML-DSA-65-ES256 imzasi (B T6 ""plus_composite_label"" rastgele bayt idi)."
VC09_GJ_ES256_EdDSA-ES384,VC,VC/VC09_GJ_ES256_EdDSA-ES384.json,365aec719750e5390736d7154c033299fd4d4448cd9c752263a90a93444e119f,4339,sd-jwt-vc,sd-jwt-general,kontrol-ES384,d,-13,L4,,coklu-imza,RFC9901 §8.3;RFC9901 §8.1;SDJWTVC13 §3.2;SDJWTVC §2.2;HAIP §9.4;RFC7515 §7.2.1,,,ES256;ES384,"ES384 counterpart of v1.3 vector VC09_GJ_ES256_EdDSA (amendment 10): signatures labelled EdDSA are re-made with the issuer/ES384 key and label ES384; payload and all other signatures unchanged. Original description: SD-JWT VC, JWS General JSON (RFC 9901 8.3), coklu ihracci imzasi: ES256 + EdDSA; ifsalar ilk korumasiz baslikta. SD-JWT VC -13'te JSON serilestirme ISTEGE BAGLI (3.2), -19'da ayrintilar kapsam disi (2.2)."
T1K_both_valid-SIRA-ters-ES384,T,T/T1K_both_valid-SIRA-ters-ES384.json,6996a9b1db2da5272b36e081e8f1a540cb88738a8c60164c77ca1ba70f7c689a,491,jws-cekirdek,general,kontrol-ES384,d (JWS duzeyi),,L1;L2,,coklu-imza;saglik-kontrolu(H0);MR4(imza-sirasi-permutasyonu),RFC7515 §7.2.1;RFC7515 §7.2;RFC7515 §5.2;JWTBCP §3.1;RFC9864 §2.2,T1_both_valid,,ES384;ES256,"ES384 counterpart of v1.3 vector T1K_both_valid-SIRA-ters (amendment 10): signatures labelled EdDSA are re-made with the issuer/ES384 key and label ES384; payload and all other signatures unchanged. Original description: MR4 esi (ÖK §2B m.8, §2C m.4): T1K_both_valid vektorunun imza sirasi ""ters"" (yeni sira = ozgun indeksler [1, 0]; algler ['EdDSA', 'ES256']). Her imzanin korumali basligi ve imza baytlari ile yuk bayt-ayni; yalniz signatures dizisindeki sira degisti. Ozgun aciklama: General JSON JWS; ES256 + EdDSA, iki imza da gecerli uretildi (B T1)."
T2K_second_tampered-SIRA-ters-ES384,T,T/T2K_second_tampered-SIRA-ters-ES384.json,1f979bcbe9424ee20653c10ce15eaac48be62df4726a844983a3e8901f159a45,491,jws-cekirdek,general,kontrol-ES384,d (JWS duzeyi),,L4,,coklu-imza-semantigi(any/all);bozuk-imza;MR4(imza-sirasi-permutasyonu),"RFC7515 §7.2.1;RFC7515 §7.2;RFC7515 §5.2;JWTBCP §3.1;ACM2 (ECCG ACM v2, hibrit AND)",T2_eddsa_tampered,,ES384;ES256,"ES384 counterpart of v1.3 vector T2K_second_tampered-SIRA-ters (amendment 10): signatures labelled EdDSA are re-made with the issuer/ES384 key and label ES384; payload and all other signatures unchanged. Original description: MR4 esi (ÖK §2B m.8, §2C m.4): T2K_second_tampered vektorunun imza sirasi ""ters"" (yeni sira = ozgun indeksler [1, 0]; algler ['EdDSA', 'ES256']). Her imzanin korumali basligi ve imza baytlari ile yuk bayt-ayni; yalniz signatures dizisindeki sira degisti. Ozgun aciklama: T1K ile ayni; ikinci (EdDSA) imzanin 5. baytinin 0. biti cevrildi (B T2: s[5]^=1)."
T4K_plus_ML-DSA-65-SIRA-ek-once-ES384,T,T/T4K_plus_ML-DSA-65-SIRA-ek-once-ES384.json,a4f87a311b874ae282e296a343196979dc638372f43c435886bb1a3fa641edfa,4977,jws-cekirdek,general,kontrol-ES384,d (JWS duzeyi),,L1;L4,,bilinmeyen-alg;ek-imza;MR4(imza-sirasi-permutasyonu),RFC7515 §7.2.1;RFC7515 §7.2;RFC7515 §5.2;JWTBCP §3.1;RFC9964 §5;JOSECOMP §5.1 (Tablo 5),T4_plus_unknown_MLDSA65,,ML-DSA-65;ES256;ES384,"ES384 counterpart of v1.3 vector T4K_plus_ML-DSA-65-SIRA-ek-once (amendment 10): signatures labelled EdDSA are re-made with the issuer/ES384 key and label ES384; payload and all other signatures unchanged. Original description: MR4 esi (ÖK §2B m.8, §2C m.4): T4K_plus_ML-DSA-65 vektorunun imza sirasi ""ek-once"" (yeni sira = ozgun indeksler [2, 0, 1]; algler ['ML-DSA-65', 'ES256', 'EdDSA']). Her imzanin korumali basligi ve imza baytlari ile yuk bayt-ayni; yalniz signatures dizisindeki sira degisti. Ozgun aciklama: ES256 + EdDSA + GECERLI ML-DSA-65 imzasi (B T4 ""plus_unknown_MLDSA65"" rastgele bayt idi; burada gercek). Ek imzanin alg'i hedef kutuphane icin bilinmiyor olabilir."
T4K_plus_ML-DSA-65-SIRA-ters-ES384,T,T/T4K_plus_ML-DSA-65-SIRA-ters-ES384.json,d16d5387ae7ec08964c4bb0520e6242da66956858441328aa8285dfd4451687a,4977,jws-cekirdek,general,kontrol-ES384,d (JWS duzeyi),,L1;L4,,bilinmeyen-alg;ek-imza;MR4(imza-sirasi-permutasyonu),RFC7515 §7.2.1;RFC7515 §7.2;RFC7515 §5.2;JWTBCP §3.1;RFC9964 §5;JOSECOMP §5.1 (Tablo 5),T4_plus_unknown_MLDSA65,,ML-DSA-65;ES384;ES256,"ES384 counterpart of v1.3 vector T4K_plus_ML-DSA-65-SIRA-ters (amendment 10): signatures labelled EdDSA are re-made with the issuer/ES384 key and label ES384; payload and all other signatures unchanged. Original description: MR4 esi (ÖK §2B m.8, §2C m.4): T4K_plus_ML-DSA-65 vektorunun imza sirasi ""ters"" (yeni sira = ozgun indeksler [2, 1, 0]; algler ['ML-DSA-65', 'EdDSA', 'ES256']). Her imzanin korumali basligi ve imza baytlari ile yuk bayt-ayni; yalniz signatures dizisindeki sira degisti. Ozgun aciklama: ES256 + EdDSA + GECERLI ML-DSA-65 imzasi (B T4 ""plus_unknown_MLDSA65"" rastgele bayt idi; burada gercek). Ek imzanin alg'i hedef kutuphane icin bilinmiyor olabilir."
T6_plus_composite-SIRA-ek-once-ES384,T,T/T6_plus_composite-SIRA-ek-once-ES384.json,e3fff1cb91d37ffbebb19143ef2d2187310dfc6b8068b5710bc34ce5d49290b9,5080,jws-cekirdek,general,kontrol-ES384,d (JWS duzeyi),,L1;L4,bilinmeyen-composite-alg,ek-imza;MR4(imza-sirasi-permutasyonu),RFC7515 §7.2.1;RFC7515 §7.2;RFC7515 §5.2;JWTBCP §3.1;JOSECOMP §5.1 (Tablo 5);JOSECOMP §4.2,T6_plus_composite_label,,ML-DSA-65-ES256;ES256;ES384,"ES384 counterpart of v1.3 vector T6_plus_composite-SIRA-ek-once (amendment 10): signatures labelled EdDSA are re-made with the issuer/ES384 key and label ES384; payload and all other signatures unchanged. Original description: MR4 esi (ÖK §2B m.8, §2C m.4): T6_plus_composite vektorunun imza sirasi ""ek-once"" (yeni sira = ozgun indeksler [2, 0, 1]; algler ['ML-DSA-65-ES256', 'ES256', 'EdDSA']). Her imzanin korumali basligi ve imza baytlari ile yuk bayt-ayni; yalniz signatures dizisindeki sira degisti. Ozgun aciklama: ES256 + EdDSA + GECERLI composite ML-DSA-65-ES256 imzasi (B T6 ""plus_composite_label"" rastgele bayt idi)."
T6_plus_composite-SIRA-ters-ES384,T,T/T6_plus_composite-SIRA-ters-ES384.json,0e8226aeb2ce0a0bcd4879b3ded5a330c6ee1e578f7896c52059990451a1491f,5080,jws-cekirdek,general,kontrol-ES384,d (JWS duzeyi),,L1;L4,bilinmeyen-composite-alg,ek-imza;MR4(imza-sirasi-permutasyonu),RFC7515 §7.2.1;RFC7515 §7.2;RFC7515 §5.2;JWTBCP §3.1;JOSECOMP §5.1 (Tablo 5);JOSECOMP §4.2,T6_plus_composite_label,,ML-DSA-65-ES256;ES384;ES256,"ES384 counterpart of v1.3 vector T6_plus_composite-SIRA-ters (amendment 10): signatures labelled EdDSA are re-made with the issuer/ES384 key and label ES384; payload and all other signatures unchanged. Original description: MR4 esi (ÖK §2B m.8, §2C m.4): T6_plus_composite vektorunun imza sirasi ""ters"" (yeni sira = ozgun indeksler [2, 1, 0]; algler ['ML-DSA-65-ES256', 'EdDSA', 'ES256']). Her imzanin korumali basligi ve imza baytlari ile yuk bayt-ayni; yalniz signatures dizisindeki sira degisti. Ozgun aciklama: ES256 + EdDSA + GECERLI composite ML-DSA-65-ES256 imzasi (B T6 ""plus_composite_label"" rastgele bayt idi)."
VC09_GJ_ES256_EdDSA-SIRA-ters-ES384,VC,VC/VC09_GJ_ES256_EdDSA-SIRA-ters-ES384.json,781283964dd2492e503b1ea82b0889a58caf9d965743011ee58d611014efcb9c,4339,sd-jwt-vc,sd-jwt-general,kontrol-ES384,d,-13,L4,,coklu-imza;MR4(imza-sirasi-permutasyonu),RFC9901 §8.3;RFC9901 §8.1;SDJWTVC13 §3.2;SDJWTVC §2.2;HAIP §9.4;RFC7515 §7.2.1,,,ES384;ES256,"ES384 counterpart of v1.3 vector VC09_GJ_ES256_EdDSA-SIRA-ters (amendment 10): signatures labelled EdDSA are re-made with the issuer/ES384 key and label ES384; payload and all other signatures unchanged. Original description: MR4 esi (ÖK §2B m.8, §2C m.4): VC09_GJ_ES256_EdDSA vektorunun imza sirasi ""ters"" (yeni sira = ozgun indeksler [1, 0]; algler ['EdDSA', 'ES256']). Her imzanin korumali basligi ve imza baytlari ile yuk bayt-ayni; yalniz signatures dizisindeki sira degisti. SD-JWT: disclosures YENI ilk korumasiz baslikta (RFC 9901 §8.3); ifsa listesi ayni. Ozgun aciklama: SD-JWT VC, JWS General JSON (RFC 9901 8.3), coklu ihracci imzasi: ES256 + EdDSA; ifsalar ilk korumasiz baslikta. SD-JWT VC -13'te JSON serilestirme ISTEGE BAGLI (3.2), -19'da ayrintilar kapsam disi (2.2)."
T7K_plus_kayitsiz-ES384,T,T/T7K_plus_kayitsiz-ES384.json,82fc45ff2fa660c9afa6beb4c164ac5acd05ad7ba8859d132d67ce5bcb0ff01f,740,jws-cekirdek,general,kontrol-ES384,d (JWS duzeyi),,L1;L4,bilinmeyen-composite-alg,K5;kayitsiz-alg;ek-imza,RFC7515 §7.2.1;RFC7515 §7.2;RFC7515 §5.2;RFC7515 §4.1.1;JWTBCP §3.1,T4_plus_unknown_MLDSA65 (B: rastgele bayt; burada etiket de kayitsiz),,ES256;ES384;X-KAYITSIZ-1,"ES384 counterpart of v1.3 vector T7K_plus_kayitsiz (amendment 10): signatures labelled EdDSA are re-made with the issuer/ES384 key and label ES384; payload and all other signatures unchanged. Original description: General JSON JWS; T1K_both_valid ile ayni iki gecerli imza (ES256 + EdDSA) + GERCEKTEN KAYITSIZ alg etiketli (""X-KAYITSIZ-1"") ucuncu imza; ucuncu imzanin baytlari rastgele ve belirlenimci (HKDF ""v1.2/T7K/kayitsiz-imza"", 128 B), kriptografik anlami yok. ÖK §6.5 K5 birincil vektoru."
T7K_plus_kayitsiz-SIRA-kayitsiz-once-ES384,T,T/T7K_plus_kayitsiz-SIRA-kayitsiz-once-ES384.json,998ef0de553eba56b1cad60128d0ef892d7a1a531b640c3788cf55ba37449e00,740,jws-cekirdek,general,kontrol-ES384,d (JWS duzeyi),,L1;L4,bilinmeyen-composite-alg,K5;kayitsiz-alg;ek-imza;MR4(imza-sirasi-permutasyonu),RFC7515 §7.2.1;RFC7515 §7.2;RFC7515 §5.2;RFC7515 §4.1.1;JWTBCP §3.1,T4_plus_unknown_MLDSA65 (B: rastgele bayt; burada etiket de kayitsiz),,X-KAYITSIZ-1;ES256;ES384,"ES384 counterpart of v1.3 vector T7K_plus_kayitsiz-SIRA-kayitsiz-once (amendment 10): signatures labelled EdDSA are re-made with the issuer/ES384 key and label ES384; payload and all other signatures unchanged. Original description: MR4 esi (ÖK §2B m.8, §2C m.4): T7K_plus_kayitsiz vektorunun imza sirasi ""kayitsiz-once"" (yeni sira = ozgun indeksler [2, 0, 1]; algler ['X-KAYITSIZ-1', 'ES256', 'EdDSA']). Her imzanin korumali basligi ve imza baytlari ile yuk bayt-ayni; yalniz signatures dizisindeki sira degisti. Ozgun aciklama: General JSON JWS; T1K_both_valid ile ayni iki gecerli imza (ES256 + EdDSA) + GERCEKTEN KAYITSIZ alg etiketli (""X-KAYITSIZ-1"") ucuncu imza; ucuncu imzanin baytlari rastgele ve belirlenimci (HKDF ""v1.2/T7K/kayitsiz-imza"", 128 B), kriptografik anlami yok. ÖK §6.5 K5 birincil vektoru."
T7K_plus_kayitsiz-SIRA-ters-ES384,T,T/T7K_plus_kayitsiz-SIRA-ters-ES384.json,b944e68808d0deddbae1005a72913efaefe7336bf76616920519f402300586d1,740,jws-cekirdek,general,kontrol-ES384,d (JWS duzeyi),,L1;L4,bilinmeyen-composite-alg,K5;kayitsiz-alg;ek-imza;MR4(imza-sirasi-permutasyonu),RFC7515 §7.2.1;RFC7515 §7.2;RFC7515 §5.2;RFC7515 §4.1.1;JWTBCP §3.1,T4_plus_unknown_MLDSA65 (B: rastgele bayt; burada etiket de kayitsiz),,X-KAYITSIZ-1;ES384;ES256,"ES384 counterpart of v1.3 vector T7K_plus_kayitsiz-SIRA-ters (amendment 10): signatures labelled EdDSA are re-made with the issuer/ES384 key and label ES384; payload and all other signatures unchanged. Original description: MR4 esi (ÖK §2B m.8, §2C m.4): T7K_plus_kayitsiz vektorunun imza sirasi ""ters"" (yeni sira = ozgun indeksler [2, 1, 0]; algler ['X-KAYITSIZ-1', 'EdDSA', 'ES256']). Her imzanin korumali basligi ve imza baytlari ile yuk bayt-ayni; yalniz signatures dizisindeki sira degisti. Ozgun aciklama: General JSON JWS; T1K_both_valid ile ayni iki gecerli imza (ES256 + EdDSA) + GERCEKTEN KAYITSIZ alg etiketli (""X-KAYITSIZ-1"") ucuncu imza; ucuncu imzanin baytlari rastgele ve belirlenimci (HKDF ""v1.2/T7K/kayitsiz-imza"", 128 B), kriptografik anlami yok. ÖK §6.5 K5 birincil vektoru."
K10K_alg-EdDSA_anahtar-ES256-ES384,K10,K10/K10K_alg-EdDSA_anahtar-ES256-ES384.jws,d9bcb7369b8d318cd0066b1016cb148395da1ac407fdc3e31db03411fdffee25,280,jws-cekirdek,compact,kontrol-ES384,,,L2;L3,,K10;alg-anahtar-uyusmazligi,JWTBCP §3.1;RFC8725 §3.1;RFC7515 §4.1.1;RFC7518 §3.4;RFC9864 §2.2,,,ES384,"ES384 counterpart of v1.3 vector K10K_alg-EdDSA_anahtar-ES256 (amendment 10): signatures labelled EdDSA are re-made with the issuer/ES384 key and label ES384; payload and all other signatures unchanged. Original description: Compact JWS (ÖK §6.5 K10, alg-anahtar uyusmazligi): baslikta alg=""EdDSA"", dogrulama anahtari issuer/ES256 (ES256 JWK, kid ile). Imza, baslik alg'iyla DEGIL gercek anahtarin kendi algoritmasiyla (ES256) bu imzalama girdisi uzerinde uretilmis GECERLI bir imzadir (64 B)."
K10K_alg-ES256_anahtar-Ed25519-ES384,K10,K10/K10K_alg-ES256_anahtar-Ed25519-ES384.jws,d475921b55ac7e7fd14d9d7a8ec35bc80f1b6b7268896075ee89e068976025e6,322,jws-cekirdek,compact,kontrol-ES384,,,L2;L3,,K10;alg-anahtar-uyusmazligi,JWTBCP §3.1;RFC8725 §3.1;RFC7515 §4.1.1;RFC7518 §3.4;RFC9864 §2.2,,,ES256,"ES384 counterpart of v1.3 vector K10K_alg-ES256_anahtar-Ed25519 (amendment 10): signatures labelled EdDSA are re-made with the issuer/ES384 key and label ES384; payload and all other signatures unchanged. Original description: Compact JWS (ÖK §6.5 K10, alg-anahtar uyusmazligi): baslikta alg=""ES256"", dogrulama anahtari issuer/EdDSA (Ed25519 JWK, kid ile). Imza, baslik alg'iyla DEGIL gercek anahtarin kendi algoritmasiyla (EdDSA) bu imzalama girdisi uzerinde uretilmis GECERLI bir imzadir (64 B)."
VPLUS_EdDSA-ES384,V,V/VPLUS_EdDSA-ES384.jws,847b1e88f040d7a46b4e5285afb4d9c9cf3f0d3f347f86648d440aa0f52db431,383,jws-cekirdek,compact,kontrol-ES384,,,,,V+;adaptor-gecerlilik-kontrolu,RFC7515 §5.2;RFC7515 §4.1.1;RFC9864 §2.2,,,ES384,"ES384 counterpart of v1.3 vector VPLUS_EdDSA (amendment 10): signatures labelled EdDSA are re-made with the issuer/ES384 key and label ES384; payload and all other signatures unchanged. Original description: V+ adaptor gecerlilik kontrolu (ÖK §6.5 V+/V-, §4.15): tek imzali compact JWS, EdDSA, kid ile; imza gecerli."
VMINUS_EdDSA-ES384,V,V/VMINUS_EdDSA-ES384.jws,d3c45823455e0385a31012bfeb2b0d22dc302c3630a975668de90d2ad227c02c,383,jws-cekirdek,compact,kontrol-ES384,,,,,V-;adaptor-gecerlilik-kontrolu,RFC7515 §5.2;RFC7515 §4.1.1;RFC9864 §2.2,,,ES384,"ES384 counterpart of v1.3 vector VMINUS_EdDSA (amendment 10): signatures labelled EdDSA are re-made with the issuer/ES384 key and label ES384; payload and all other signatures unchanged. Original description: V- adaptor gecerlilik kontrolu (ÖK §6.5 V+/V-, §4.15): tek imzali compact JWS, EdDSA, kid ile; imzanin orta baytinda bit cevrildi."
COSE-K1K_iki_gecerli-ES384,COSE,COSE/COSE-K1K_iki_gecerli-ES384.cbor,37ee5ca35bd9924dc47e71ce4cc6a2cc11b09dfaa06800f4b7d8e42e257a9cdc,319,cose,COSE_Sign,kontrol-ES384,d-COSE (COSE_Sign cok imzacili; RFC 9052 §4.1),,L1;L2,,COSE;K1;coklu-imza,RFC9052 §4.1;RFC9052 §4.4;RFC9053 §2.1;RFC9864 §4.2.2;HAIP §7;RFC9053 §2.2;RFC9864 §4.2.2,,,ES256;ES384,"ES384 counterpart of v1.3 vector COSE-K1K_iki_gecerli (amendment 10): signatures labelled EdDSA are re-made with the issuer/ES384 key and label ES384; payload and all other signatures unchanged. Original description: COSE_Sign (etiket 98), iki imzaci: ES256 + EdDSA, ikisi gecerli uretildi (ÖK §6.5 K1)."
COSE-K2K_X_bozuk-ES384,COSE,COSE/COSE-K2K_X_bozuk-ES384.cbor,367c5220353f58d4fb2dcf95b2a4aa1069a66b986e5b3e8a73ff072107fc5c68,319,cose,COSE_Sign,kontrol-ES384,d-COSE (COSE_Sign cok imzacili; RFC 9052 §4.1),,L4,,COSE;K2;bozuk-imza;coklu-imza-semantigi(any/all),RFC9052 §4.1;RFC9052 §4.4;RFC9053 §2.1;RFC9864 §4.2.2;HAIP §7;RFC9053 §2.2;RFC9864 §4.2.2,,,ES256;ES384,ES384 counterpart of v1.3 vector COSE-K2K_X_bozuk (amendment 10): signatures labelled EdDSA are re-made with the issuer/ES384 key and label ES384; payload and all other signatures unchanged. Original description: COSE-K1K ile ayni; ikinci (EdDSA) imzacinin imzasinin 5. baytinin 0. biti cevrildi (ÖK §6.5 K2).
COSE-K4K_yalniz_X-ES384,COSE,COSE/COSE-K4K_yalniz_X-ES384.cbor,a5c439d1b6f3d4e95c6109f16751d809ad06b31f453293e9ba3cc6bc6054eb6e,212,cose,COSE_Sign,kontrol-ES384,d-COSE (COSE_Sign cok imzacili; RFC 9052 §4.1),,L1;L2;L3,,COSE;K4;yalniz-tek-alg,RFC9052 §4.1;RFC9052 §4.4;RFC9053 §2.2;RFC9864 §4.2.2,,,ES384,"ES384 counterpart of v1.3 vector COSE-K4K_yalniz_X (amendment 10): signatures labelled EdDSA are re-made with the issuer/ES384 key and label ES384; payload and all other signatures unchanged. Original description: COSE_Sign, YALNIZ EdDSA imzacisi (gecerli; ÖK §6.5 K4)."
COSE-K5K_arti_kayitsiz-ES384,COSE,COSE/COSE-K5K_arti_kayitsiz-ES384.cbor,d0cc034fa32c6ee83777b52c97570813838d9475a7eba27040f7a4b97abe9004,467,cose,COSE_Sign,kontrol-ES384,d-COSE (COSE_Sign cok imzacili; RFC 9052 §4.1),,L1;L4,bilinmeyen-composite-alg,COSE;K5;kayitsiz-alg;ek-imza,RFC9052 §4.1;RFC9052 §4.4;RFC9053 §2.1;RFC9864 §4.2.2;HAIP §7;RFC9053 §2.2;RFC9864 §4.2.2;RFC9052 §3.1,,,ES256;ES384;X-KAYITSIZ-1,"ES384 counterpart of v1.3 vector COSE-K5K_arti_kayitsiz (amendment 10): signatures labelled EdDSA are re-made with the issuer/ES384 key and label ES384; payload and all other signatures unchanged. Original description: COSE_Sign: COSE-K1K ile ayni iki gecerli imzaci + KAYITSIZ tstr alg (""X-KAYITSIZ-1"") etiketli ucuncu imzaci; imza baytlari rastgele ve belirlenimci (HKDF ""v1.3/COSE-K5K/kayitsiz-imza"", 128 B), korumasiz baslik bos (kid yok). ÖK §6.5 K5."
COSE-K10K_alg-EdDSA_anahtar-ES256-ES384,COSE,COSE/COSE-K10K_alg-EdDSA_anahtar-ES256-ES384.cbor,5b3ea9594a1f718d3a3a880b5d3d68c47672b87afcfc2f02fed017cc357139f6,175,cose,COSE_Sign1,kontrol-ES384,,,L2;L3,,COSE;K10;alg-anahtar-uyusmazligi,RFC9052 §4.2;RFC9052 §4.4;RFC9052 §3.1;RFC9052 §7.1;JWTBCP §3.1;RFC9053 §2.2;RFC9864 §4.2.2;RFC9053 §2.1;HAIP §7,,,ES384,"ES384 counterpart of v1.3 vector COSE-K10K_alg-EdDSA_anahtar-ES256 (amendment 10): signatures labelled EdDSA are re-made with the issuer/ES384 key and label ES384; payload and all other signatures unchanged. Original description: COSE_Sign1 (ÖK §6.5 K10, alg-anahtar uyusmazligi): korumali baslikta alg=EdDSA (-8), dogrulama anahtari issuer/ES256 (ES256; COSE_Key ve JWK olarak verilir). Imza, baslik alg'iyla DEGIL gercek anahtarin kendi algoritmasiyla (ES256) bu Sig_structure uzerinde uretilmis GECERLI imzadir."
COSE-K10K_alg-ES256_anahtar-Ed25519-ES384,COSE,COSE/COSE-K10K_alg-ES256_anahtar-Ed25519-ES384.cbor,1c0cb92bf8132297576859287672a0a3d4628c39c786d126d9f204afb11683d8,206,cose,COSE_Sign1,kontrol-ES384,,,L2;L3,,COSE;K10;alg-anahtar-uyusmazligi,RFC9052 §4.2;RFC9052 §4.4;RFC9052 §3.1;RFC9052 §7.1;JWTBCP §3.1;RFC9053 §2.1;RFC9864 §4.2.2;HAIP §7;RFC9053 §2.2,,,ES256,"ES384 counterpart of v1.3 vector COSE-K10K_alg-ES256_anahtar-Ed25519 (amendment 10): signatures labelled EdDSA are re-made with the issuer/ES384 key and label ES384; payload and all other signatures unchanged. Original description: COSE_Sign1 (ÖK §6.5 K10, alg-anahtar uyusmazligi): korumali baslikta alg=ES256 (-7), dogrulama anahtari issuer/EdDSA (Ed25519; COSE_Key ve JWK olarak verilir). Imza, baslik alg'iyla DEGIL gercek anahtarin kendi algoritmasiyla (EdDSA) bu Sig_structure uzerinde uretilmis GECERLI imzadir."
COSE-VPLUS_EdDSA-ES384,COSE,COSE/COSE-VPLUS_EdDSA-ES384.cbor,9cf7dc022530ad12ca94049fa5c40cbe7945dae28f4e67444f5de19cccf5fc23,207,cose,COSE_Sign1,kontrol-ES384,,,,,COSE;V+;adaptor-gecerlilik-kontrolu,RFC9052 §4.2;RFC9052 §4.4;RFC9053 §2.2;RFC9864 §4.2.2,,,ES384,"ES384 counterpart of v1.3 vector COSE-VPLUS_EdDSA (amendment 10): signatures labelled EdDSA are re-made with the issuer/ES384 key and label ES384; payload and all other signatures unchanged. Original description: V+ adaptor gecerlilik kontrolu (ÖK §6.5 V+/V-, §4.15): tek imzali COSE_Sign1, EdDSA (-8), kid ile; imza gecerli."
COSE-VMINUS_EdDSA-ES384,COSE,COSE/COSE-VMINUS_EdDSA-ES384.cbor,22f99e55e5edc1cd221446d9bfa1df4c48a85bd2c33cf8afd2ccf8dcb499c433,207,cose,COSE_Sign1,kontrol-ES384,,,,,COSE;V-;adaptor-gecerlilik-kontrolu,RFC9052 §4.2;RFC9052 §4.4;RFC9053 §2.2;RFC9864 §4.2.2,,,ES384,"ES384 counterpart of v1.3 vector COSE-VMINUS_EdDSA (amendment 10): signatures labelled EdDSA are re-made with the issuer/ES384 key and label ES384; payload and all other signatures unchanged. Original description: V- adaptor gecerlilik kontrolu (ÖK §6.5 V+/V-, §4.15): tek imzali COSE_Sign1, EdDSA (-8), kid ile; imzanin orta baytinda bit cevrildi."
COSE-K1K_iki_gecerli-SIRA-ters-ES384,COSE,COSE/COSE-K1K_iki_gecerli-SIRA-ters-ES384.cbor,bd606eb3189fe162b8b2c51442606191a632df753e362207f3bb739192449258,319,cose,COSE_Sign,kontrol-ES384,d-COSE (COSE_Sign cok imzacili; RFC 9052 §4.1),,L1;L2,,COSE;K1;coklu-imza;MR4(imza-sirasi-permutasyonu),RFC9052 §4.1;RFC9052 §4.4;RFC9053 §2.1;RFC9864 §4.2.2;HAIP §7;RFC9053 §2.2;RFC9864 §4.2.2,,,ES384;ES256,"ES384 counterpart of v1.3 vector COSE-K1K_iki_gecerli-SIRA-ters (amendment 10): signatures labelled EdDSA are re-made with the issuer/ES384 key and label ES384; payload and all other signatures unchanged. Original description: MR4 esi (ÖK §2B m.8, §2C m.4): COSE-K1K_iki_gecerli COSE_Sign imzaci sirasi ters (yeni sira = ozgun [1, 0]). Her COSE_Signature [korumali, korumasiz, imza] ve govde/yuk bayt-ayni; imzaci Sig_structure'i sira bagimsizdir. Ozgun aciklama: COSE_Sign (etiket 98), iki imzaci: ES256 + EdDSA, ikisi gecerli uretildi (ÖK §6.5 K1)."
COSE-K2K_X_bozuk-SIRA-ters-ES384,COSE,COSE/COSE-K2K_X_bozuk-SIRA-ters-ES384.cbor,ca580bf17fd2e2df17532b0f0d99c01b9f91e0fd8dfa7f189b7a1f17290f3cb5,319,cose,COSE_Sign,kontrol-ES384,d-COSE (COSE_Sign cok imzacili; RFC 9052 §4.1),,L4,,COSE;K2;bozuk-imza;coklu-imza-semantigi(any/all);MR4(imza-sirasi-permutasyonu),RFC9052 §4.1;RFC9052 §4.4;RFC9053 §2.1;RFC9864 §4.2.2;HAIP §7;RFC9053 §2.2;RFC9864 §4.2.2,,,ES384;ES256,"ES384 counterpart of v1.3 vector COSE-K2K_X_bozuk-SIRA-ters (amendment 10): signatures labelled EdDSA are re-made with the issuer/ES384 key and label ES384; payload and all other signatures unchanged. Original description: MR4 esi (ÖK §2B m.8, §2C m.4): COSE-K2K_X_bozuk COSE_Sign imzaci sirasi ters (yeni sira = ozgun [1, 0]). Her COSE_Signature [korumali, korumasiz, imza] ve govde/yuk bayt-ayni; imzaci Sig_structure'i sira bagimsizdir. Ozgun aciklama: COSE-K1K ile ayni; ikinci (EdDSA) imzacinin imzasinin 5. baytinin 0. biti cevrildi (ÖK §6.5 K2)."
