target,vektor_id,politika,kol,beklenen,sonuc_ham,hata_sinifi,hata_ozeti,sinif,kaynak
COSE-001,SYN-COSE-K1K_iki_gecerli-ES384,L4,kontrol-ES384,kabul,uygulanamaz,bicim-desteklenmiyor,,uygulanamaz,mirror:COSE-K1K_iki_gecerli-ES384 (accept-classical)
COSE-001,SYN-COSE-K1K_iki_gecerli-ES384,L4-S,kontrol-ES384,kabul,uygulanamaz,bicim-desteklenmiyor,,uygulanamaz,mirror:COSE-K1K_iki_gecerli-ES384 (accept-classical)
COSE-001,SYN-COSE-K1K_iki_gecerli-ES384,L4-Y,kontrol-ES384,kabul,uygulanamaz,bicim-desteklenmiyor,,uygulanamaz,mirror:COSE-K1K_iki_gecerli-ES384 (accept-classical)
COSE-001,SYN-COSE-K1K_iki_gecerli-ES384,P0,kontrol-ES384,kabul,uygulanamaz,bicim-desteklenmiyor,,uygulanamaz,mirror:COSE-K1K_iki_gecerli-ES384 (accept-classical)
COSE-001,SYN-COSE-K1K_iki_gecerli-ES384,P1,kontrol-ES384,kabul,uygulanamaz,bicim-desteklenmiyor,,uygulanamaz,mirror:COSE-K1K_iki_gecerli-ES384 (accept-classical)
COSE-001,SYN-COSE-K1K_iki_gecerli-SIRA-ters-ES384,L4,kontrol-ES384,kabul,uygulanamaz,bicim-desteklenmiyor,,uygulanamaz,mirror:COSE-K1K_iki_gecerli-SIRA-ters-ES384 (accept-classical)
COSE-001,SYN-COSE-K1K_iki_gecerli-SIRA-ters-ES384,L4-S,kontrol-ES384,kabul,uygulanamaz,bicim-desteklenmiyor,,uygulanamaz,mirror:COSE-K1K_iki_gecerli-SIRA-ters-ES384 (accept-classical)
COSE-001,SYN-COSE-K1K_iki_gecerli-SIRA-ters-ES384,L4-Y,kontrol-ES384,kabul,uygulanamaz,bicim-desteklenmiyor,,uygulanamaz,mirror:COSE-K1K_iki_gecerli-SIRA-ters-ES384 (accept-classical)
COSE-001,SYN-COSE-K1K_iki_gecerli-SIRA-ters-ES384,P0,kontrol-ES384,kabul,uygulanamaz,bicim-desteklenmiyor,,uygulanamaz,mirror:COSE-K1K_iki_gecerli-SIRA-ters-ES384 (accept-classical)
COSE-001,SYN-COSE-K1K_iki_gecerli-SIRA-ters-ES384,P1,kontrol-ES384,kabul,uygulanamaz,bicim-desteklenmiyor,,uygulanamaz,mirror:COSE-K1K_iki_gecerli-SIRA-ters-ES384 (accept-classical)
COSE-001,SYN-COSE-K4K_yalniz_X-ES384,GEC,kontrol-ES384,kabul,uygulanamaz,bicim-desteklenmiyor,,uygulanamaz,mirror:COSE-K4K_yalniz_X-ES384 (accept-classical)
COSE-001,SYN-COSE-K4K_yalniz_X-ES384,IZIN-AX,kontrol-ES384,kabul,uygulanamaz,bicim-desteklenmiyor,,uygulanamaz,mirror:COSE-K4K_yalniz_X-ES384 (accept-classical)
COSE-001,SYN-COSE-K4K_yalniz_X-ES384,L4,kontrol-ES384,kabul,uygulanamaz,bicim-desteklenmiyor,,uygulanamaz,mirror:COSE-K4K_yalniz_X-ES384 (accept-classical)
COSE-001,SYN-COSE-K4K_yalniz_X-ES384,L4-S,kontrol-ES384,kabul,uygulanamaz,bicim-desteklenmiyor,,uygulanamaz,mirror:COSE-K4K_yalniz_X-ES384 (accept-classical)
COSE-001,SYN-COSE-K4K_yalniz_X-ES384,L4-Y,kontrol-ES384,kabul,uygulanamaz,bicim-desteklenmiyor,,uygulanamaz,mirror:COSE-K4K_yalniz_X-ES384 (accept-classical)
COSE-001,SYN-COSE-K4K_yalniz_X-ES384,P0,kontrol-ES384,kabul,uygulanamaz,bicim-desteklenmiyor,,uygulanamaz,mirror:COSE-K4K_yalniz_X-ES384 (accept-classical)
COSE-001,SYN-COSE-K4K_yalniz_X-ES384,P1,kontrol-ES384,kabul,uygulanamaz,bicim-desteklenmiyor,,uygulanamaz,mirror:COSE-K4K_yalniz_X-ES384 (accept-classical)
COSE-001,SYN-COSE-VPLUS_ES256,GEC,kontrol-ES384,kabul,kabul,,,uyumlu,mirror:COSE-VPLUS_ES256 (accept-classical)
COSE-001,SYN-COSE-VPLUS_ES256,IZIN-A,kontrol-ES384,kabul,ifade-edilemedi,politika-api-yok,Signum: algoritma izin listesi API'si yok; doğrulayıcı başlıktaki alg ile kurulur,ifade-edilemedi,mirror:COSE-VPLUS_ES256 (accept-classical)
COSE-001,SYN-COSE-VPLUS_ES256,IZIN-AX,kontrol-ES384,kabul,ifade-edilemedi,politika-api-yok,Signum: algoritma izin listesi API'si yok; doğrulayıcı başlıktaki alg ile kurulur,ifade-edilemedi,mirror:COSE-VPLUS_ES256 (accept-classical)
COSE-001,SYN-COSE-VPLUS_ES256,P0,kontrol-ES384,kabul,kabul,,,uyumlu,mirror:COSE-VPLUS_ES256 (accept-classical)
COSE-001,SYN-COSE-VPLUS_EdDSA-ES384,GEC,kontrol-ES384,kabul,kabul,,,uyumlu,mirror:COSE-VPLUS_EdDSA-ES384 (accept-classical)
COSE-001,SYN-COSE-VPLUS_EdDSA-ES384,IZIN-AX,kontrol-ES384,kabul,ifade-edilemedi,politika-api-yok,Signum: algoritma izin listesi API'si yok; doğrulayıcı başlıktaki alg ile kurulur,ifade-edilemedi,mirror:COSE-VPLUS_EdDSA-ES384 (accept-classical)
COSE-001,SYN-COSE-VPLUS_EdDSA-ES384,L4,kontrol-ES384,kabul,ifade-edilemedi,politika-api-yok,Signum: algoritma izin listesi API'si yok; doğrulayıcı başlıktaki alg ile kurulur,ifade-edilemedi,mirror:COSE-VPLUS_EdDSA-ES384 (accept-classical)
COSE-001,SYN-COSE-VPLUS_EdDSA-ES384,L4-S,kontrol-ES384,kabul,ifade-edilemedi,politika-api-yok,Signum: algoritma izin listesi API'si yok; doğrulayıcı başlıktaki alg ile kurulur,ifade-edilemedi,mirror:COSE-VPLUS_EdDSA-ES384 (accept-classical)
COSE-001,SYN-COSE-VPLUS_EdDSA-ES384,L4-Y,kontrol-ES384,kabul,ifade-edilemedi,politika-api-yok,Signum: algoritma izin listesi API'si yok; doğrulayıcı başlıktaki alg ile kurulur,ifade-edilemedi,mirror:COSE-VPLUS_EdDSA-ES384 (accept-classical)
COSE-001,SYN-COSE-VPLUS_EdDSA-ES384,P0,kontrol-ES384,kabul,kabul,,,uyumlu,mirror:COSE-VPLUS_EdDSA-ES384 (accept-classical)
COSE-001,SYN-D-VCX_ES384_kid,GEC,kontrol-ES384,kabul,uygulanamaz,bicim-desteklenmiyor,,uygulanamaz,derived:analogue VPLUS_EdDSA-ES384 (accept-classical)
COSE-001,SYN-D-VCX_ES384_kid,IZIN-AX,kontrol-ES384,kabul,uygulanamaz,bicim-desteklenmiyor,,uygulanamaz,derived:analogue VPLUS_EdDSA-ES384 (accept-classical)
COSE-001,SYN-D-VCX_ES384_kid,L4,kontrol-ES384,kabul,uygulanamaz,bicim-desteklenmiyor,,uygulanamaz,derived:analogue VPLUS_EdDSA-ES384 (accept-classical)
COSE-001,SYN-D-VCX_ES384_kid,L4-S,kontrol-ES384,kabul,uygulanamaz,bicim-desteklenmiyor,,uygulanamaz,derived:analogue VPLUS_EdDSA-ES384 (accept-classical)
COSE-001,SYN-D-VCX_ES384_kid,L4-Y,kontrol-ES384,kabul,uygulanamaz,bicim-desteklenmiyor,,uygulanamaz,derived:analogue VPLUS_EdDSA-ES384 (accept-classical)
COSE-001,SYN-D-VCX_ES384_kid,P0,kontrol-ES384,kabul,uygulanamaz,bicim-desteklenmiyor,,uygulanamaz,derived:analogue VPLUS_EdDSA-ES384 (accept-classical)
COSE-001,SYN-L4C-COSE_eski_ES256,GEC,kontrol-ES384,kabul,kabul,,,uyumlu,mirror:L4C-COSE_eski_ES256 (accept-classical)
COSE-001,SYN-L4C-COSE_eski_ES256,IZIN-A,kontrol-ES384,kabul,ifade-edilemedi,politika-api-yok,Signum: algoritma izin listesi API'si yok; doğrulayıcı başlıktaki alg ile kurulur,ifade-edilemedi,mirror:L4C-COSE_eski_ES256 (accept-classical)
COSE-001,SYN-L4C-COSE_eski_ES256,IZIN-AX,kontrol-ES384,kabul,ifade-edilemedi,politika-api-yok,Signum: algoritma izin listesi API'si yok; doğrulayıcı başlıktaki alg ile kurulur,ifade-edilemedi,mirror:L4C-COSE_eski_ES256 (accept-classical)
COSE-001,SYN-L4C-COSE_eski_ES256,L4,kontrol-ES384,kabul,ifade-edilemedi,politika-api-yok,Signum: algoritma izin listesi API'si yok; doğrulayıcı başlıktaki alg ile kurulur,ifade-edilemedi,mirror:L4C-COSE_eski_ES256 (accept-classical)
COSE-001,SYN-L4C-COSE_eski_ES256,L4-S,kontrol-ES384,kabul,ifade-edilemedi,politika-api-yok,Signum: algoritma izin listesi API'si yok; doğrulayıcı başlıktaki alg ile kurulur,ifade-edilemedi,mirror:L4C-COSE_eski_ES256 (accept-classical)
COSE-001,SYN-L4C-COSE_eski_ES256,L4-Y,kontrol-ES384,kabul,ifade-edilemedi,politika-api-yok,Signum: algoritma izin listesi API'si yok; doğrulayıcı başlıktaki alg ile kurulur,ifade-edilemedi,mirror:L4C-COSE_eski_ES256 (accept-classical)
COSE-001,SYN-L4C-JOSE_eski_ES256,GEC,kontrol-ES384,kabul,uygulanamaz,bicim-desteklenmiyor,,uygulanamaz,mirror:L4C-JOSE_eski_ES256 (accept-classical)
COSE-001,SYN-L4C-JOSE_eski_ES256,IZIN-A,kontrol-ES384,kabul,uygulanamaz,bicim-desteklenmiyor,,uygulanamaz,mirror:L4C-JOSE_eski_ES256 (accept-classical)
COSE-001,SYN-L4C-JOSE_eski_ES256,IZIN-AX,kontrol-ES384,kabul,uygulanamaz,bicim-desteklenmiyor,,uygulanamaz,mirror:L4C-JOSE_eski_ES256 (accept-classical)
COSE-001,SYN-L4C-JOSE_eski_ES256,L4,kontrol-ES384,kabul,uygulanamaz,bicim-desteklenmiyor,,uygulanamaz,mirror:L4C-JOSE_eski_ES256 (accept-classical)
COSE-001,SYN-L4C-JOSE_eski_ES256,L4-S,kontrol-ES384,kabul,uygulanamaz,bicim-desteklenmiyor,,uygulanamaz,mirror:L4C-JOSE_eski_ES256 (accept-classical)
COSE-001,SYN-L4C-JOSE_eski_ES256,L4-Y,kontrol-ES384,kabul,uygulanamaz,bicim-desteklenmiyor,,uygulanamaz,mirror:L4C-JOSE_eski_ES256 (accept-classical)
COSE-001,SYN-T1K_both_valid-ES384,L4,kontrol-ES384,kabul,uygulanamaz,bicim-desteklenmiyor,,uygulanamaz,mirror:T1K_both_valid-ES384 (accept-classical)
COSE-001,SYN-T1K_both_valid-ES384,L4-S,kontrol-ES384,kabul,uygulanamaz,bicim-desteklenmiyor,,uygulanamaz,mirror:T1K_both_valid-ES384 (accept-classical)
COSE-001,SYN-T1K_both_valid-ES384,L4-Y,kontrol-ES384,kabul,uygulanamaz,bicim-desteklenmiyor,,uygulanamaz,mirror:T1K_both_valid-ES384 (accept-classical)
COSE-001,SYN-T1K_both_valid-ES384,P0,kontrol-ES384,kabul,uygulanamaz,bicim-desteklenmiyor,,uygulanamaz,mirror:T1K_both_valid-ES384 (accept-classical)
COSE-001,SYN-T1K_both_valid-ES384,P1,kontrol-ES384,kabul,uygulanamaz,bicim-desteklenmiyor,,uygulanamaz,mirror:T1K_both_valid-ES384 (accept-classical)
COSE-001,SYN-T1K_both_valid-SIRA-ters-ES384,L4,kontrol-ES384,kabul,uygulanamaz,bicim-desteklenmiyor,,uygulanamaz,mirror:T1K_both_valid-SIRA-ters-ES384 (accept-classical)
COSE-001,SYN-T1K_both_valid-SIRA-ters-ES384,L4-S,kontrol-ES384,kabul,uygulanamaz,bicim-desteklenmiyor,,uygulanamaz,mirror:T1K_both_valid-SIRA-ters-ES384 (accept-classical)
COSE-001,SYN-T1K_both_valid-SIRA-ters-ES384,L4-Y,kontrol-ES384,kabul,uygulanamaz,bicim-desteklenmiyor,,uygulanamaz,mirror:T1K_both_valid-SIRA-ters-ES384 (accept-classical)
COSE-001,SYN-T1K_both_valid-SIRA-ters-ES384,P0,kontrol-ES384,kabul,uygulanamaz,bicim-desteklenmiyor,,uygulanamaz,mirror:T1K_both_valid-SIRA-ters-ES384 (accept-classical)
COSE-001,SYN-T1K_both_valid-SIRA-ters-ES384,P1,kontrol-ES384,kabul,uygulanamaz,bicim-desteklenmiyor,,uygulanamaz,mirror:T1K_both_valid-SIRA-ters-ES384 (accept-classical)
COSE-001,SYN-T5K_only_EdDSA-ES384,GEC,kontrol-ES384,kabul,uygulanamaz,bicim-desteklenmiyor,,uygulanamaz,mirror:T5K_only_EdDSA-ES384 (accept-classical)
COSE-001,SYN-T5K_only_EdDSA-ES384,IZIN-AX,kontrol-ES384,kabul,uygulanamaz,bicim-desteklenmiyor,,uygulanamaz,mirror:T5K_only_EdDSA-ES384 (accept-classical)
COSE-001,SYN-T5K_only_EdDSA-ES384,L4,kontrol-ES384,kabul,uygulanamaz,bicim-desteklenmiyor,,uygulanamaz,mirror:T5K_only_EdDSA-ES384 (accept-classical)
COSE-001,SYN-T5K_only_EdDSA-ES384,L4-S,kontrol-ES384,kabul,uygulanamaz,bicim-desteklenmiyor,,uygulanamaz,mirror:T5K_only_EdDSA-ES384 (accept-classical)
COSE-001,SYN-T5K_only_EdDSA-ES384,L4-Y,kontrol-ES384,kabul,uygulanamaz,bicim-desteklenmiyor,,uygulanamaz,mirror:T5K_only_EdDSA-ES384 (accept-classical)
COSE-001,SYN-T5K_only_EdDSA-ES384,P0,kontrol-ES384,kabul,uygulanamaz,bicim-desteklenmiyor,,uygulanamaz,mirror:T5K_only_EdDSA-ES384 (accept-classical)
COSE-001,SYN-T5K_only_EdDSA-ES384,P1,kontrol-ES384,kabul,uygulanamaz,bicim-desteklenmiyor,,uygulanamaz,mirror:T5K_only_EdDSA-ES384 (accept-classical)
COSE-001,SYN-VC01_ES256_x5c,GEC,kontrol-ES384,kabul,uygulanamaz,bicim-desteklenmiyor,,uygulanamaz,mirror:VC01_ES256_x5c (accept-classical)
COSE-001,SYN-VC01_ES256_x5c,IZIN-A,kontrol-ES384,kabul,uygulanamaz,bicim-desteklenmiyor,,uygulanamaz,mirror:VC01_ES256_x5c (accept-classical)
COSE-001,SYN-VC01_ES256_x5c,IZIN-AX,kontrol-ES384,kabul,uygulanamaz,bicim-desteklenmiyor,,uygulanamaz,mirror:VC01_ES256_x5c (accept-classical)
COSE-001,SYN-VC01_ES256_x5c,P0,kontrol-ES384,kabul,uygulanamaz,bicim-desteklenmiyor,,uygulanamaz,mirror:VC01_ES256_x5c (accept-classical)
COSE-001,SYN-VC09_GJ_ES256_EdDSA-ES384,L4,kontrol-ES384,kabul,uygulanamaz,bicim-desteklenmiyor,,uygulanamaz,mirror:VC09_GJ_ES256_EdDSA-ES384 (accept-classical)
COSE-001,SYN-VC09_GJ_ES256_EdDSA-ES384,L4-S,kontrol-ES384,kabul,uygulanamaz,bicim-desteklenmiyor,,uygulanamaz,mirror:VC09_GJ_ES256_EdDSA-ES384 (accept-classical)
COSE-001,SYN-VC09_GJ_ES256_EdDSA-ES384,L4-Y,kontrol-ES384,kabul,uygulanamaz,bicim-desteklenmiyor,,uygulanamaz,mirror:VC09_GJ_ES256_EdDSA-ES384 (accept-classical)
COSE-001,SYN-VC09_GJ_ES256_EdDSA-ES384,P0,kontrol-ES384,kabul,uygulanamaz,bicim-desteklenmiyor,,uygulanamaz,mirror:VC09_GJ_ES256_EdDSA-ES384 (accept-classical)
COSE-001,SYN-VC09_GJ_ES256_EdDSA-ES384,P1,kontrol-ES384,kabul,uygulanamaz,bicim-desteklenmiyor,,uygulanamaz,mirror:VC09_GJ_ES256_EdDSA-ES384 (accept-classical)
COSE-001,SYN-VC09_GJ_ES256_EdDSA-SIRA-ters-ES384,L4,kontrol-ES384,kabul,uygulanamaz,bicim-desteklenmiyor,,uygulanamaz,mirror:VC09_GJ_ES256_EdDSA-SIRA-ters-ES384 (accept-classical)
COSE-001,SYN-VC09_GJ_ES256_EdDSA-SIRA-ters-ES384,L4-S,kontrol-ES384,kabul,uygulanamaz,bicim-desteklenmiyor,,uygulanamaz,mirror:VC09_GJ_ES256_EdDSA-SIRA-ters-ES384 (accept-classical)
COSE-001,SYN-VC09_GJ_ES256_EdDSA-SIRA-ters-ES384,L4-Y,kontrol-ES384,kabul,uygulanamaz,bicim-desteklenmiyor,,uygulanamaz,mirror:VC09_GJ_ES256_EdDSA-SIRA-ters-ES384 (accept-classical)
COSE-001,SYN-VC09_GJ_ES256_EdDSA-SIRA-ters-ES384,P0,kontrol-ES384,kabul,uygulanamaz,bicim-desteklenmiyor,,uygulanamaz,mirror:VC09_GJ_ES256_EdDSA-SIRA-ters-ES384 (accept-classical)
COSE-001,SYN-VC09_GJ_ES256_EdDSA-SIRA-ters-ES384,P1,kontrol-ES384,kabul,uygulanamaz,bicim-desteklenmiyor,,uygulanamaz,mirror:VC09_GJ_ES256_EdDSA-SIRA-ters-ES384 (accept-classical)
COSE-001,SYN-VPLUS_ES256,GEC,kontrol-ES384,kabul,uygulanamaz,bicim-desteklenmiyor,,uygulanamaz,mirror:VPLUS_ES256 (accept-classical)
COSE-001,SYN-VPLUS_ES256,IZIN-A,kontrol-ES384,kabul,uygulanamaz,bicim-desteklenmiyor,,uygulanamaz,mirror:VPLUS_ES256 (accept-classical)
COSE-001,SYN-VPLUS_ES256,IZIN-AX,kontrol-ES384,kabul,uygulanamaz,bicim-desteklenmiyor,,uygulanamaz,mirror:VPLUS_ES256 (accept-classical)
COSE-001,SYN-VPLUS_ES256,P0,kontrol-ES384,kabul,uygulanamaz,bicim-desteklenmiyor,,uygulanamaz,mirror:VPLUS_ES256 (accept-classical)
COSE-001,SYN-VPLUS_EdDSA-ES384,GEC,kontrol-ES384,kabul,uygulanamaz,bicim-desteklenmiyor,,uygulanamaz,mirror:VPLUS_EdDSA-ES384 (accept-classical)
COSE-001,SYN-VPLUS_EdDSA-ES384,IZIN-AX,kontrol-ES384,kabul,uygulanamaz,bicim-desteklenmiyor,,uygulanamaz,mirror:VPLUS_EdDSA-ES384 (accept-classical)
COSE-001,SYN-VPLUS_EdDSA-ES384,L4,kontrol-ES384,kabul,uygulanamaz,bicim-desteklenmiyor,,uygulanamaz,mirror:VPLUS_EdDSA-ES384 (accept-classical)
COSE-001,SYN-VPLUS_EdDSA-ES384,L4-S,kontrol-ES384,kabul,uygulanamaz,bicim-desteklenmiyor,,uygulanamaz,mirror:VPLUS_EdDSA-ES384 (accept-classical)
COSE-001,SYN-VPLUS_EdDSA-ES384,L4-Y,kontrol-ES384,kabul,uygulanamaz,bicim-desteklenmiyor,,uygulanamaz,mirror:VPLUS_EdDSA-ES384 (accept-classical)
COSE-001,SYN-VPLUS_EdDSA-ES384,P0,kontrol-ES384,kabul,uygulanamaz,bicim-desteklenmiyor,,uygulanamaz,mirror:VPLUS_EdDSA-ES384 (accept-classical)
COSE-014,SYN-COSE-K1K_iki_gecerli-ES384,L4,kontrol-ES384,kabul,kabul,,,uyumlu,mirror:COSE-K1K_iki_gecerli-ES384 (accept-classical)
COSE-014,SYN-COSE-K1K_iki_gecerli-ES384,L4-S,kontrol-ES384,kabul,ifade-edilemedi,,,ifade-edilemedi,mirror:COSE-K1K_iki_gecerli-ES384 (accept-classical)
COSE-014,SYN-COSE-K1K_iki_gecerli-ES384,L4-Y,kontrol-ES384,kabul,ifade-edilemedi,,,ifade-edilemedi,mirror:COSE-K1K_iki_gecerli-ES384 (accept-classical)
COSE-014,SYN-COSE-K1K_iki_gecerli-ES384,P0,kontrol-ES384,kabul,kabul,,,uyumlu,mirror:COSE-K1K_iki_gecerli-ES384 (accept-classical)
COSE-014,SYN-COSE-K1K_iki_gecerli-ES384,P1,kontrol-ES384,kabul,kabul,,,uyumlu,mirror:COSE-K1K_iki_gecerli-ES384 (accept-classical)
COSE-014,SYN-COSE-K1K_iki_gecerli-SIRA-ters-ES384,L4,kontrol-ES384,kabul,kabul,,,uyumlu,mirror:COSE-K1K_iki_gecerli-SIRA-ters-ES384 (accept-classical)
COSE-014,SYN-COSE-K1K_iki_gecerli-SIRA-ters-ES384,L4-S,kontrol-ES384,kabul,ifade-edilemedi,,,ifade-edilemedi,mirror:COSE-K1K_iki_gecerli-SIRA-ters-ES384 (accept-classical)
COSE-014,SYN-COSE-K1K_iki_gecerli-SIRA-ters-ES384,L4-Y,kontrol-ES384,kabul,ifade-edilemedi,,,ifade-edilemedi,mirror:COSE-K1K_iki_gecerli-SIRA-ters-ES384 (accept-classical)
COSE-014,SYN-COSE-K1K_iki_gecerli-SIRA-ters-ES384,P0,kontrol-ES384,kabul,kabul,,,uyumlu,mirror:COSE-K1K_iki_gecerli-SIRA-ters-ES384 (accept-classical)
COSE-014,SYN-COSE-K1K_iki_gecerli-SIRA-ters-ES384,P1,kontrol-ES384,kabul,kabul,,,uyumlu,mirror:COSE-K1K_iki_gecerli-SIRA-ters-ES384 (accept-classical)
COSE-014,SYN-COSE-K4K_yalniz_X-ES384,GEC,kontrol-ES384,kabul,kabul,,,uyumlu,mirror:COSE-K4K_yalniz_X-ES384 (accept-classical)
COSE-014,SYN-COSE-K4K_yalniz_X-ES384,IZIN-AX,kontrol-ES384,kabul,ifade-edilemedi,,,ifade-edilemedi,mirror:COSE-K4K_yalniz_X-ES384 (accept-classical)
COSE-014,SYN-COSE-K4K_yalniz_X-ES384,L4,kontrol-ES384,kabul,kabul,,,uyumlu,mirror:COSE-K4K_yalniz_X-ES384 (accept-classical)
COSE-014,SYN-COSE-K4K_yalniz_X-ES384,L4-S,kontrol-ES384,kabul,ifade-edilemedi,,,ifade-edilemedi,mirror:COSE-K4K_yalniz_X-ES384 (accept-classical)
COSE-014,SYN-COSE-K4K_yalniz_X-ES384,L4-Y,kontrol-ES384,kabul,ifade-edilemedi,,,ifade-edilemedi,mirror:COSE-K4K_yalniz_X-ES384 (accept-classical)
COSE-014,SYN-COSE-K4K_yalniz_X-ES384,P0,kontrol-ES384,kabul,kabul,,,uyumlu,mirror:COSE-K4K_yalniz_X-ES384 (accept-classical)
COSE-014,SYN-COSE-K4K_yalniz_X-ES384,P1,kontrol-ES384,kabul,kabul,,,uyumlu,mirror:COSE-K4K_yalniz_X-ES384 (accept-classical)
COSE-014,SYN-COSE-VPLUS_ES256,GEC,kontrol-ES384,kabul,kabul,,,uyumlu,mirror:COSE-VPLUS_ES256 (accept-classical)
COSE-014,SYN-COSE-VPLUS_ES256,IZIN-A,kontrol-ES384,kabul,ifade-edilemedi,,,ifade-edilemedi,mirror:COSE-VPLUS_ES256 (accept-classical)
COSE-014,SYN-COSE-VPLUS_ES256,IZIN-AX,kontrol-ES384,kabul,ifade-edilemedi,,,ifade-edilemedi,mirror:COSE-VPLUS_ES256 (accept-classical)
COSE-014,SYN-COSE-VPLUS_ES256,P0,kontrol-ES384,kabul,kabul,,,uyumlu,mirror:COSE-VPLUS_ES256 (accept-classical)
COSE-014,SYN-COSE-VPLUS_EdDSA-ES384,GEC,kontrol-ES384,kabul,kabul,,,uyumlu,mirror:COSE-VPLUS_EdDSA-ES384 (accept-classical)
COSE-014,SYN-COSE-VPLUS_EdDSA-ES384,IZIN-AX,kontrol-ES384,kabul,ifade-edilemedi,,,ifade-edilemedi,mirror:COSE-VPLUS_EdDSA-ES384 (accept-classical)
COSE-014,SYN-COSE-VPLUS_EdDSA-ES384,L4,kontrol-ES384,kabul,kabul,,,uyumlu,mirror:COSE-VPLUS_EdDSA-ES384 (accept-classical)
COSE-014,SYN-COSE-VPLUS_EdDSA-ES384,L4-S,kontrol-ES384,kabul,ifade-edilemedi,,,ifade-edilemedi,mirror:COSE-VPLUS_EdDSA-ES384 (accept-classical)
COSE-014,SYN-COSE-VPLUS_EdDSA-ES384,L4-Y,kontrol-ES384,kabul,ifade-edilemedi,,,ifade-edilemedi,mirror:COSE-VPLUS_EdDSA-ES384 (accept-classical)
COSE-014,SYN-COSE-VPLUS_EdDSA-ES384,P0,kontrol-ES384,kabul,kabul,,,uyumlu,mirror:COSE-VPLUS_EdDSA-ES384 (accept-classical)
COSE-014,SYN-D-VCX_ES384_kid,GEC,kontrol-ES384,kabul,uygulanamaz,bicim-desteklenmiyor,,uygulanamaz,derived:analogue VPLUS_EdDSA-ES384 (accept-classical)
COSE-014,SYN-D-VCX_ES384_kid,IZIN-AX,kontrol-ES384,kabul,uygulanamaz,bicim-desteklenmiyor,,uygulanamaz,derived:analogue VPLUS_EdDSA-ES384 (accept-classical)
COSE-014,SYN-D-VCX_ES384_kid,L4,kontrol-ES384,kabul,uygulanamaz,bicim-desteklenmiyor,,uygulanamaz,derived:analogue VPLUS_EdDSA-ES384 (accept-classical)
COSE-014,SYN-D-VCX_ES384_kid,L4-S,kontrol-ES384,kabul,uygulanamaz,bicim-desteklenmiyor,,uygulanamaz,derived:analogue VPLUS_EdDSA-ES384 (accept-classical)
COSE-014,SYN-D-VCX_ES384_kid,L4-Y,kontrol-ES384,kabul,uygulanamaz,bicim-desteklenmiyor,,uygulanamaz,derived:analogue VPLUS_EdDSA-ES384 (accept-classical)
COSE-014,SYN-D-VCX_ES384_kid,P0,kontrol-ES384,kabul,uygulanamaz,bicim-desteklenmiyor,,uygulanamaz,derived:analogue VPLUS_EdDSA-ES384 (accept-classical)
COSE-014,SYN-L4C-COSE_eski_ES256,GEC,kontrol-ES384,kabul,kabul,,,uyumlu,mirror:L4C-COSE_eski_ES256 (accept-classical)
COSE-014,SYN-L4C-COSE_eski_ES256,IZIN-A,kontrol-ES384,kabul,ifade-edilemedi,,,ifade-edilemedi,mirror:L4C-COSE_eski_ES256 (accept-classical)
COSE-014,SYN-L4C-COSE_eski_ES256,IZIN-AX,kontrol-ES384,kabul,ifade-edilemedi,,,ifade-edilemedi,mirror:L4C-COSE_eski_ES256 (accept-classical)
COSE-014,SYN-L4C-COSE_eski_ES256,L4,kontrol-ES384,kabul,kabul,,,uyumlu,mirror:L4C-COSE_eski_ES256 (accept-classical)
COSE-014,SYN-L4C-COSE_eski_ES256,L4-S,kontrol-ES384,kabul,ifade-edilemedi,,,ifade-edilemedi,mirror:L4C-COSE_eski_ES256 (accept-classical)
COSE-014,SYN-L4C-COSE_eski_ES256,L4-Y,kontrol-ES384,kabul,ifade-edilemedi,,,ifade-edilemedi,mirror:L4C-COSE_eski_ES256 (accept-classical)
COSE-014,SYN-L4C-JOSE_eski_ES256,GEC,kontrol-ES384,kabul,uygulanamaz,bicim-desteklenmiyor,,uygulanamaz,mirror:L4C-JOSE_eski_ES256 (accept-classical)
COSE-014,SYN-L4C-JOSE_eski_ES256,IZIN-A,kontrol-ES384,kabul,uygulanamaz,bicim-desteklenmiyor,,uygulanamaz,mirror:L4C-JOSE_eski_ES256 (accept-classical)
COSE-014,SYN-L4C-JOSE_eski_ES256,IZIN-AX,kontrol-ES384,kabul,uygulanamaz,bicim-desteklenmiyor,,uygulanamaz,mirror:L4C-JOSE_eski_ES256 (accept-classical)
COSE-014,SYN-L4C-JOSE_eski_ES256,L4,kontrol-ES384,kabul,uygulanamaz,bicim-desteklenmiyor,,uygulanamaz,mirror:L4C-JOSE_eski_ES256 (accept-classical)
COSE-014,SYN-L4C-JOSE_eski_ES256,L4-S,kontrol-ES384,kabul,uygulanamaz,bicim-desteklenmiyor,,uygulanamaz,mirror:L4C-JOSE_eski_ES256 (accept-classical)
COSE-014,SYN-L4C-JOSE_eski_ES256,L4-Y,kontrol-ES384,kabul,uygulanamaz,bicim-desteklenmiyor,,uygulanamaz,mirror:L4C-JOSE_eski_ES256 (accept-classical)
COSE-014,SYN-T1K_both_valid-ES384,L4,kontrol-ES384,kabul,uygulanamaz,bicim-desteklenmiyor,,uygulanamaz,mirror:T1K_both_valid-ES384 (accept-classical)
COSE-014,SYN-T1K_both_valid-ES384,L4-S,kontrol-ES384,kabul,uygulanamaz,bicim-desteklenmiyor,,uygulanamaz,mirror:T1K_both_valid-ES384 (accept-classical)
COSE-014,SYN-T1K_both_valid-ES384,L4-Y,kontrol-ES384,kabul,uygulanamaz,bicim-desteklenmiyor,,uygulanamaz,mirror:T1K_both_valid-ES384 (accept-classical)
COSE-014,SYN-T1K_both_valid-ES384,P0,kontrol-ES384,kabul,uygulanamaz,bicim-desteklenmiyor,,uygulanamaz,mirror:T1K_both_valid-ES384 (accept-classical)
COSE-014,SYN-T1K_both_valid-ES384,P1,kontrol-ES384,kabul,uygulanamaz,bicim-desteklenmiyor,,uygulanamaz,mirror:T1K_both_valid-ES384 (accept-classical)
COSE-014,SYN-T1K_both_valid-SIRA-ters-ES384,L4,kontrol-ES384,kabul,uygulanamaz,bicim-desteklenmiyor,,uygulanamaz,mirror:T1K_both_valid-SIRA-ters-ES384 (accept-classical)
COSE-014,SYN-T1K_both_valid-SIRA-ters-ES384,L4-S,kontrol-ES384,kabul,uygulanamaz,bicim-desteklenmiyor,,uygulanamaz,mirror:T1K_both_valid-SIRA-ters-ES384 (accept-classical)
COSE-014,SYN-T1K_both_valid-SIRA-ters-ES384,L4-Y,kontrol-ES384,kabul,uygulanamaz,bicim-desteklenmiyor,,uygulanamaz,mirror:T1K_both_valid-SIRA-ters-ES384 (accept-classical)
COSE-014,SYN-T1K_both_valid-SIRA-ters-ES384,P0,kontrol-ES384,kabul,uygulanamaz,bicim-desteklenmiyor,,uygulanamaz,mirror:T1K_both_valid-SIRA-ters-ES384 (accept-classical)
COSE-014,SYN-T1K_both_valid-SIRA-ters-ES384,P1,kontrol-ES384,kabul,uygulanamaz,bicim-desteklenmiyor,,uygulanamaz,mirror:T1K_both_valid-SIRA-ters-ES384 (accept-classical)
COSE-014,SYN-T5K_only_EdDSA-ES384,GEC,kontrol-ES384,kabul,uygulanamaz,bicim-desteklenmiyor,,uygulanamaz,mirror:T5K_only_EdDSA-ES384 (accept-classical)
COSE-014,SYN-T5K_only_EdDSA-ES384,IZIN-AX,kontrol-ES384,kabul,uygulanamaz,bicim-desteklenmiyor,,uygulanamaz,mirror:T5K_only_EdDSA-ES384 (accept-classical)
COSE-014,SYN-T5K_only_EdDSA-ES384,L4,kontrol-ES384,kabul,uygulanamaz,bicim-desteklenmiyor,,uygulanamaz,mirror:T5K_only_EdDSA-ES384 (accept-classical)
COSE-014,SYN-T5K_only_EdDSA-ES384,L4-S,kontrol-ES384,kabul,uygulanamaz,bicim-desteklenmiyor,,uygulanamaz,mirror:T5K_only_EdDSA-ES384 (accept-classical)
COSE-014,SYN-T5K_only_EdDSA-ES384,L4-Y,kontrol-ES384,kabul,uygulanamaz,bicim-desteklenmiyor,,uygulanamaz,mirror:T5K_only_EdDSA-ES384 (accept-classical)
COSE-014,SYN-T5K_only_EdDSA-ES384,P0,kontrol-ES384,kabul,uygulanamaz,bicim-desteklenmiyor,,uygulanamaz,mirror:T5K_only_EdDSA-ES384 (accept-classical)
COSE-014,SYN-T5K_only_EdDSA-ES384,P1,kontrol-ES384,kabul,uygulanamaz,bicim-desteklenmiyor,,uygulanamaz,mirror:T5K_only_EdDSA-ES384 (accept-classical)
COSE-014,SYN-VC01_ES256_x5c,GEC,kontrol-ES384,kabul,uygulanamaz,bicim-desteklenmiyor,,uygulanamaz,mirror:VC01_ES256_x5c (accept-classical)
COSE-014,SYN-VC01_ES256_x5c,IZIN-A,kontrol-ES384,kabul,uygulanamaz,bicim-desteklenmiyor,,uygulanamaz,mirror:VC01_ES256_x5c (accept-classical)
COSE-014,SYN-VC01_ES256_x5c,IZIN-AX,kontrol-ES384,kabul,uygulanamaz,bicim-desteklenmiyor,,uygulanamaz,mirror:VC01_ES256_x5c (accept-classical)
COSE-014,SYN-VC01_ES256_x5c,P0,kontrol-ES384,kabul,uygulanamaz,bicim-desteklenmiyor,,uygulanamaz,mirror:VC01_ES256_x5c (accept-classical)
COSE-014,SYN-VC09_GJ_ES256_EdDSA-ES384,L4,kontrol-ES384,kabul,uygulanamaz,bicim-desteklenmiyor,,uygulanamaz,mirror:VC09_GJ_ES256_EdDSA-ES384 (accept-classical)
COSE-014,SYN-VC09_GJ_ES256_EdDSA-ES384,L4-S,kontrol-ES384,kabul,uygulanamaz,bicim-desteklenmiyor,,uygulanamaz,mirror:VC09_GJ_ES256_EdDSA-ES384 (accept-classical)
COSE-014,SYN-VC09_GJ_ES256_EdDSA-ES384,L4-Y,kontrol-ES384,kabul,uygulanamaz,bicim-desteklenmiyor,,uygulanamaz,mirror:VC09_GJ_ES256_EdDSA-ES384 (accept-classical)
COSE-014,SYN-VC09_GJ_ES256_EdDSA-ES384,P0,kontrol-ES384,kabul,uygulanamaz,bicim-desteklenmiyor,,uygulanamaz,mirror:VC09_GJ_ES256_EdDSA-ES384 (accept-classical)
COSE-014,SYN-VC09_GJ_ES256_EdDSA-ES384,P1,kontrol-ES384,kabul,uygulanamaz,bicim-desteklenmiyor,,uygulanamaz,mirror:VC09_GJ_ES256_EdDSA-ES384 (accept-classical)
COSE-014,SYN-VC09_GJ_ES256_EdDSA-SIRA-ters-ES384,L4,kontrol-ES384,kabul,uygulanamaz,bicim-desteklenmiyor,,uygulanamaz,mirror:VC09_GJ_ES256_EdDSA-SIRA-ters-ES384 (accept-classical)
COSE-014,SYN-VC09_GJ_ES256_EdDSA-SIRA-ters-ES384,L4-S,kontrol-ES384,kabul,uygulanamaz,bicim-desteklenmiyor,,uygulanamaz,mirror:VC09_GJ_ES256_EdDSA-SIRA-ters-ES384 (accept-classical)
COSE-014,SYN-VC09_GJ_ES256_EdDSA-SIRA-ters-ES384,L4-Y,kontrol-ES384,kabul,uygulanamaz,bicim-desteklenmiyor,,uygulanamaz,mirror:VC09_GJ_ES256_EdDSA-SIRA-ters-ES384 (accept-classical)
COSE-014,SYN-VC09_GJ_ES256_EdDSA-SIRA-ters-ES384,P0,kontrol-ES384,kabul,uygulanamaz,bicim-desteklenmiyor,,uygulanamaz,mirror:VC09_GJ_ES256_EdDSA-SIRA-ters-ES384 (accept-classical)
COSE-014,SYN-VC09_GJ_ES256_EdDSA-SIRA-ters-ES384,P1,kontrol-ES384,kabul,uygulanamaz,bicim-desteklenmiyor,,uygulanamaz,mirror:VC09_GJ_ES256_EdDSA-SIRA-ters-ES384 (accept-classical)
COSE-014,SYN-VPLUS_ES256,GEC,kontrol-ES384,kabul,uygulanamaz,bicim-desteklenmiyor,,uygulanamaz,mirror:VPLUS_ES256 (accept-classical)
COSE-014,SYN-VPLUS_ES256,IZIN-A,kontrol-ES384,kabul,uygulanamaz,bicim-desteklenmiyor,,uygulanamaz,mirror:VPLUS_ES256 (accept-classical)
COSE-014,SYN-VPLUS_ES256,IZIN-AX,kontrol-ES384,kabul,uygulanamaz,bicim-desteklenmiyor,,uygulanamaz,mirror:VPLUS_ES256 (accept-classical)
COSE-014,SYN-VPLUS_ES256,P0,kontrol-ES384,kabul,uygulanamaz,bicim-desteklenmiyor,,uygulanamaz,mirror:VPLUS_ES256 (accept-classical)
COSE-014,SYN-VPLUS_EdDSA-ES384,GEC,kontrol-ES384,kabul,uygulanamaz,bicim-desteklenmiyor,,uygulanamaz,mirror:VPLUS_EdDSA-ES384 (accept-classical)
COSE-014,SYN-VPLUS_EdDSA-ES384,IZIN-AX,kontrol-ES384,kabul,uygulanamaz,bicim-desteklenmiyor,,uygulanamaz,mirror:VPLUS_EdDSA-ES384 (accept-classical)
COSE-014,SYN-VPLUS_EdDSA-ES384,L4,kontrol-ES384,kabul,uygulanamaz,bicim-desteklenmiyor,,uygulanamaz,mirror:VPLUS_EdDSA-ES384 (accept-classical)
COSE-014,SYN-VPLUS_EdDSA-ES384,L4-S,kontrol-ES384,kabul,uygulanamaz,bicim-desteklenmiyor,,uygulanamaz,mirror:VPLUS_EdDSA-ES384 (accept-classical)
COSE-014,SYN-VPLUS_EdDSA-ES384,L4-Y,kontrol-ES384,kabul,uygulanamaz,bicim-desteklenmiyor,,uygulanamaz,mirror:VPLUS_EdDSA-ES384 (accept-classical)
COSE-014,SYN-VPLUS_EdDSA-ES384,P0,kontrol-ES384,kabul,uygulanamaz,bicim-desteklenmiyor,,uygulanamaz,mirror:VPLUS_EdDSA-ES384 (accept-classical)
COSE-034,SYN-COSE-K1K_iki_gecerli,L4,kontrol-EdDSA,kabul,ifade-edilemedi,,,ifade-edilemedi,mirror:COSE-K1K_iki_gecerli (accept-classical)
COSE-034,SYN-COSE-K1K_iki_gecerli,L4-S,kontrol-EdDSA,kabul,ifade-edilemedi,,,ifade-edilemedi,mirror:COSE-K1K_iki_gecerli (accept-classical)
COSE-034,SYN-COSE-K1K_iki_gecerli,L4-Y,kontrol-EdDSA,kabul,ifade-edilemedi,,,ifade-edilemedi,mirror:COSE-K1K_iki_gecerli (accept-classical)
COSE-034,SYN-COSE-K1K_iki_gecerli,P0,kontrol-EdDSA,kabul,kabul,,,uyumlu,mirror:COSE-K1K_iki_gecerli (accept-classical)
COSE-034,SYN-COSE-K1K_iki_gecerli,P1,kontrol-EdDSA,kabul,kabul,,,uyumlu,mirror:COSE-K1K_iki_gecerli (accept-classical)
COSE-034,SYN-COSE-K1K_iki_gecerli-SIRA-ters,L4,kontrol-EdDSA,kabul,ifade-edilemedi,,,ifade-edilemedi,mirror:COSE-K1K_iki_gecerli-SIRA-ters (accept-classical)
COSE-034,SYN-COSE-K1K_iki_gecerli-SIRA-ters,L4-S,kontrol-EdDSA,kabul,ifade-edilemedi,,,ifade-edilemedi,mirror:COSE-K1K_iki_gecerli-SIRA-ters (accept-classical)
COSE-034,SYN-COSE-K1K_iki_gecerli-SIRA-ters,L4-Y,kontrol-EdDSA,kabul,ifade-edilemedi,,,ifade-edilemedi,mirror:COSE-K1K_iki_gecerli-SIRA-ters (accept-classical)
COSE-034,SYN-COSE-K1K_iki_gecerli-SIRA-ters,P0,kontrol-EdDSA,kabul,kabul,,,uyumlu,mirror:COSE-K1K_iki_gecerli-SIRA-ters (accept-classical)
COSE-034,SYN-COSE-K1K_iki_gecerli-SIRA-ters,P1,kontrol-EdDSA,kabul,kabul,,,uyumlu,mirror:COSE-K1K_iki_gecerli-SIRA-ters (accept-classical)
COSE-034,SYN-COSE-K4K_yalniz_X,GEC,kontrol-EdDSA,kabul,kabul,,,uyumlu,mirror:COSE-K4K_yalniz_X (accept-classical)
COSE-034,SYN-COSE-K4K_yalniz_X,IZIN-AX,kontrol-EdDSA,kabul,kabul,,,uyumlu,mirror:COSE-K4K_yalniz_X (accept-classical)
COSE-034,SYN-COSE-K4K_yalniz_X,L4,kontrol-EdDSA,kabul,ifade-edilemedi,,,ifade-edilemedi,mirror:COSE-K4K_yalniz_X (accept-classical)
COSE-034,SYN-COSE-K4K_yalniz_X,L4-S,kontrol-EdDSA,kabul,ifade-edilemedi,,,ifade-edilemedi,mirror:COSE-K4K_yalniz_X (accept-classical)
COSE-034,SYN-COSE-K4K_yalniz_X,L4-Y,kontrol-EdDSA,kabul,ifade-edilemedi,,,ifade-edilemedi,mirror:COSE-K4K_yalniz_X (accept-classical)
COSE-034,SYN-COSE-K4K_yalniz_X,P0,kontrol-EdDSA,kabul,kabul,,,uyumlu,mirror:COSE-K4K_yalniz_X (accept-classical)
COSE-034,SYN-COSE-K4K_yalniz_X,P1,kontrol-EdDSA,kabul,kabul,,,uyumlu,mirror:COSE-K4K_yalniz_X (accept-classical)
COSE-034,SYN-COSE-VPLUS_ES256,GEC,kontrol-EdDSA,kabul,kabul,,,uyumlu,mirror:COSE-VPLUS_ES256 (accept-classical)
COSE-034,SYN-COSE-VPLUS_ES256,IZIN-A,kontrol-EdDSA,kabul,kabul,,,uyumlu,mirror:COSE-VPLUS_ES256 (accept-classical)
COSE-034,SYN-COSE-VPLUS_ES256,IZIN-AX,kontrol-EdDSA,kabul,kabul,,,uyumlu,mirror:COSE-VPLUS_ES256 (accept-classical)
COSE-034,SYN-COSE-VPLUS_ES256,P0,kontrol-EdDSA,kabul,kabul,,,uyumlu,mirror:COSE-VPLUS_ES256 (accept-classical)
COSE-034,SYN-COSE-VPLUS_EdDSA,GEC,kontrol-EdDSA,kabul,kabul,,,uyumlu,mirror:COSE-VPLUS_EdDSA (accept-classical)
COSE-034,SYN-COSE-VPLUS_EdDSA,IZIN-AX,kontrol-EdDSA,kabul,kabul,,,uyumlu,mirror:COSE-VPLUS_EdDSA (accept-classical)
COSE-034,SYN-COSE-VPLUS_EdDSA,L4,kontrol-EdDSA,kabul,kabul,,,uyumlu,mirror:COSE-VPLUS_EdDSA (accept-classical)
COSE-034,SYN-COSE-VPLUS_EdDSA,L4-S,kontrol-EdDSA,kabul,kabul,,,uyumlu,mirror:COSE-VPLUS_EdDSA (accept-classical)
COSE-034,SYN-COSE-VPLUS_EdDSA,L4-Y,kontrol-EdDSA,kabul,kabul,,,uyumlu,mirror:COSE-VPLUS_EdDSA (accept-classical)
COSE-034,SYN-COSE-VPLUS_EdDSA,P0,kontrol-EdDSA,kabul,kabul,,,uyumlu,mirror:COSE-VPLUS_EdDSA (accept-classical)
COSE-034,SYN-D-VCX_EdDSA_kid,GEC,kontrol-EdDSA,kabul,uygulanamaz,bicim-desteklenmiyor,,uygulanamaz,derived:analogue VPLUS_EdDSA (accept-classical)
COSE-034,SYN-D-VCX_EdDSA_kid,IZIN-AX,kontrol-EdDSA,kabul,uygulanamaz,bicim-desteklenmiyor,,uygulanamaz,derived:analogue VPLUS_EdDSA (accept-classical)
COSE-034,SYN-D-VCX_EdDSA_kid,L4,kontrol-EdDSA,kabul,uygulanamaz,bicim-desteklenmiyor,,uygulanamaz,derived:analogue VPLUS_EdDSA (accept-classical)
COSE-034,SYN-D-VCX_EdDSA_kid,L4-S,kontrol-EdDSA,kabul,uygulanamaz,bicim-desteklenmiyor,,uygulanamaz,derived:analogue VPLUS_EdDSA (accept-classical)
COSE-034,SYN-D-VCX_EdDSA_kid,L4-Y,kontrol-EdDSA,kabul,uygulanamaz,bicim-desteklenmiyor,,uygulanamaz,derived:analogue VPLUS_EdDSA (accept-classical)
COSE-034,SYN-D-VCX_EdDSA_kid,P0,kontrol-EdDSA,kabul,uygulanamaz,bicim-desteklenmiyor,,uygulanamaz,derived:analogue VPLUS_EdDSA (accept-classical)
COSE-034,SYN-L4C-COSE_eski_ES256,GEC,kontrol-EdDSA,kabul,kabul,,,uyumlu,mirror:L4C-COSE_eski_ES256 (accept-classical)
COSE-034,SYN-L4C-COSE_eski_ES256,IZIN-A,kontrol-EdDSA,kabul,kabul,,,uyumlu,mirror:L4C-COSE_eski_ES256 (accept-classical)
COSE-034,SYN-L4C-COSE_eski_ES256,IZIN-AX,kontrol-EdDSA,kabul,kabul,,,uyumlu,mirror:L4C-COSE_eski_ES256 (accept-classical)
COSE-034,SYN-L4C-COSE_eski_ES256,L4,kontrol-EdDSA,kabul,kabul,,,uyumlu,mirror:L4C-COSE_eski_ES256 (accept-classical)
COSE-034,SYN-L4C-COSE_eski_ES256,L4-S,kontrol-EdDSA,kabul,kabul,,,uyumlu,mirror:L4C-COSE_eski_ES256 (accept-classical)
COSE-034,SYN-L4C-COSE_eski_ES256,L4-Y,kontrol-EdDSA,kabul,kabul,,,uyumlu,mirror:L4C-COSE_eski_ES256 (accept-classical)
COSE-034,SYN-L4C-JOSE_eski_ES256,GEC,kontrol-EdDSA,kabul,uygulanamaz,bicim-desteklenmiyor,,uygulanamaz,mirror:L4C-JOSE_eski_ES256 (accept-classical)
COSE-034,SYN-L4C-JOSE_eski_ES256,IZIN-A,kontrol-EdDSA,kabul,uygulanamaz,bicim-desteklenmiyor,,uygulanamaz,mirror:L4C-JOSE_eski_ES256 (accept-classical)
COSE-034,SYN-L4C-JOSE_eski_ES256,IZIN-AX,kontrol-EdDSA,kabul,uygulanamaz,bicim-desteklenmiyor,,uygulanamaz,mirror:L4C-JOSE_eski_ES256 (accept-classical)
COSE-034,SYN-L4C-JOSE_eski_ES256,L4,kontrol-EdDSA,kabul,uygulanamaz,bicim-desteklenmiyor,,uygulanamaz,mirror:L4C-JOSE_eski_ES256 (accept-classical)
COSE-034,SYN-L4C-JOSE_eski_ES256,L4-S,kontrol-EdDSA,kabul,uygulanamaz,bicim-desteklenmiyor,,uygulanamaz,mirror:L4C-JOSE_eski_ES256 (accept-classical)
COSE-034,SYN-L4C-JOSE_eski_ES256,L4-Y,kontrol-EdDSA,kabul,uygulanamaz,bicim-desteklenmiyor,,uygulanamaz,mirror:L4C-JOSE_eski_ES256 (accept-classical)
COSE-034,SYN-T1K_both_valid,L4,kontrol-EdDSA,kabul,uygulanamaz,bicim-desteklenmiyor,,uygulanamaz,mirror:T1K_both_valid (accept-classical)
COSE-034,SYN-T1K_both_valid,L4-S,kontrol-EdDSA,kabul,uygulanamaz,bicim-desteklenmiyor,,uygulanamaz,mirror:T1K_both_valid (accept-classical)
COSE-034,SYN-T1K_both_valid,L4-Y,kontrol-EdDSA,kabul,uygulanamaz,bicim-desteklenmiyor,,uygulanamaz,mirror:T1K_both_valid (accept-classical)
COSE-034,SYN-T1K_both_valid,P0,kontrol-EdDSA,kabul,uygulanamaz,bicim-desteklenmiyor,,uygulanamaz,mirror:T1K_both_valid (accept-classical)
COSE-034,SYN-T1K_both_valid,P1,kontrol-EdDSA,kabul,uygulanamaz,bicim-desteklenmiyor,,uygulanamaz,mirror:T1K_both_valid (accept-classical)
COSE-034,SYN-T1K_both_valid-SIRA-ters,L4,kontrol-EdDSA,kabul,uygulanamaz,bicim-desteklenmiyor,,uygulanamaz,mirror:T1K_both_valid-SIRA-ters (accept-classical)
COSE-034,SYN-T1K_both_valid-SIRA-ters,L4-S,kontrol-EdDSA,kabul,uygulanamaz,bicim-desteklenmiyor,,uygulanamaz,mirror:T1K_both_valid-SIRA-ters (accept-classical)
COSE-034,SYN-T1K_both_valid-SIRA-ters,L4-Y,kontrol-EdDSA,kabul,uygulanamaz,bicim-desteklenmiyor,,uygulanamaz,mirror:T1K_both_valid-SIRA-ters (accept-classical)
COSE-034,SYN-T1K_both_valid-SIRA-ters,P0,kontrol-EdDSA,kabul,uygulanamaz,bicim-desteklenmiyor,,uygulanamaz,mirror:T1K_both_valid-SIRA-ters (accept-classical)
COSE-034,SYN-T1K_both_valid-SIRA-ters,P1,kontrol-EdDSA,kabul,uygulanamaz,bicim-desteklenmiyor,,uygulanamaz,mirror:T1K_both_valid-SIRA-ters (accept-classical)
COSE-034,SYN-T5K_only_EdDSA,GEC,kontrol-EdDSA,kabul,uygulanamaz,bicim-desteklenmiyor,,uygulanamaz,mirror:T5K_only_EdDSA (accept-classical)
COSE-034,SYN-T5K_only_EdDSA,IZIN-AX,kontrol-EdDSA,kabul,uygulanamaz,bicim-desteklenmiyor,,uygulanamaz,mirror:T5K_only_EdDSA (accept-classical)
COSE-034,SYN-T5K_only_EdDSA,L4,kontrol-EdDSA,kabul,uygulanamaz,bicim-desteklenmiyor,,uygulanamaz,mirror:T5K_only_EdDSA (accept-classical)
COSE-034,SYN-T5K_only_EdDSA,L4-S,kontrol-EdDSA,kabul,uygulanamaz,bicim-desteklenmiyor,,uygulanamaz,mirror:T5K_only_EdDSA (accept-classical)
COSE-034,SYN-T5K_only_EdDSA,L4-Y,kontrol-EdDSA,kabul,uygulanamaz,bicim-desteklenmiyor,,uygulanamaz,mirror:T5K_only_EdDSA (accept-classical)
COSE-034,SYN-T5K_only_EdDSA,P0,kontrol-EdDSA,kabul,uygulanamaz,bicim-desteklenmiyor,,uygulanamaz,mirror:T5K_only_EdDSA (accept-classical)
COSE-034,SYN-T5K_only_EdDSA,P1,kontrol-EdDSA,kabul,uygulanamaz,bicim-desteklenmiyor,,uygulanamaz,mirror:T5K_only_EdDSA (accept-classical)
COSE-034,SYN-VC01_ES256_x5c,GEC,kontrol-EdDSA,kabul,uygulanamaz,bicim-desteklenmiyor,,uygulanamaz,mirror:VC01_ES256_x5c (accept-classical)
COSE-034,SYN-VC01_ES256_x5c,IZIN-A,kontrol-EdDSA,kabul,uygulanamaz,bicim-desteklenmiyor,,uygulanamaz,mirror:VC01_ES256_x5c (accept-classical)
COSE-034,SYN-VC01_ES256_x5c,IZIN-AX,kontrol-EdDSA,kabul,uygulanamaz,bicim-desteklenmiyor,,uygulanamaz,mirror:VC01_ES256_x5c (accept-classical)
COSE-034,SYN-VC01_ES256_x5c,P0,kontrol-EdDSA,kabul,uygulanamaz,bicim-desteklenmiyor,,uygulanamaz,mirror:VC01_ES256_x5c (accept-classical)
COSE-034,SYN-VC09_GJ_ES256_EdDSA,L4,kontrol-EdDSA,kabul,uygulanamaz,bicim-desteklenmiyor,,uygulanamaz,mirror:VC09_GJ_ES256_EdDSA (accept-classical)
COSE-034,SYN-VC09_GJ_ES256_EdDSA,L4-S,kontrol-EdDSA,kabul,uygulanamaz,bicim-desteklenmiyor,,uygulanamaz,mirror:VC09_GJ_ES256_EdDSA (accept-classical)
COSE-034,SYN-VC09_GJ_ES256_EdDSA,L4-Y,kontrol-EdDSA,kabul,uygulanamaz,bicim-desteklenmiyor,,uygulanamaz,mirror:VC09_GJ_ES256_EdDSA (accept-classical)
COSE-034,SYN-VC09_GJ_ES256_EdDSA,P0,kontrol-EdDSA,kabul,uygulanamaz,bicim-desteklenmiyor,,uygulanamaz,mirror:VC09_GJ_ES256_EdDSA (accept-classical)
COSE-034,SYN-VC09_GJ_ES256_EdDSA,P1,kontrol-EdDSA,kabul,uygulanamaz,bicim-desteklenmiyor,,uygulanamaz,mirror:VC09_GJ_ES256_EdDSA (accept-classical)
COSE-034,SYN-VC09_GJ_ES256_EdDSA-SIRA-ters,L4,kontrol-EdDSA,kabul,uygulanamaz,bicim-desteklenmiyor,,uygulanamaz,mirror:VC09_GJ_ES256_EdDSA-SIRA-ters (accept-classical)
COSE-034,SYN-VC09_GJ_ES256_EdDSA-SIRA-ters,L4-S,kontrol-EdDSA,kabul,uygulanamaz,bicim-desteklenmiyor,,uygulanamaz,mirror:VC09_GJ_ES256_EdDSA-SIRA-ters (accept-classical)
COSE-034,SYN-VC09_GJ_ES256_EdDSA-SIRA-ters,L4-Y,kontrol-EdDSA,kabul,uygulanamaz,bicim-desteklenmiyor,,uygulanamaz,mirror:VC09_GJ_ES256_EdDSA-SIRA-ters (accept-classical)
COSE-034,SYN-VC09_GJ_ES256_EdDSA-SIRA-ters,P0,kontrol-EdDSA,kabul,uygulanamaz,bicim-desteklenmiyor,,uygulanamaz,mirror:VC09_GJ_ES256_EdDSA-SIRA-ters (accept-classical)
COSE-034,SYN-VC09_GJ_ES256_EdDSA-SIRA-ters,P1,kontrol-EdDSA,kabul,uygulanamaz,bicim-desteklenmiyor,,uygulanamaz,mirror:VC09_GJ_ES256_EdDSA-SIRA-ters (accept-classical)
COSE-034,SYN-VPLUS_ES256,GEC,kontrol-EdDSA,kabul,uygulanamaz,bicim-desteklenmiyor,,uygulanamaz,mirror:VPLUS_ES256 (accept-classical)
COSE-034,SYN-VPLUS_ES256,IZIN-A,kontrol-EdDSA,kabul,uygulanamaz,bicim-desteklenmiyor,,uygulanamaz,mirror:VPLUS_ES256 (accept-classical)
COSE-034,SYN-VPLUS_ES256,IZIN-AX,kontrol-EdDSA,kabul,uygulanamaz,bicim-desteklenmiyor,,uygulanamaz,mirror:VPLUS_ES256 (accept-classical)
COSE-034,SYN-VPLUS_ES256,P0,kontrol-EdDSA,kabul,uygulanamaz,bicim-desteklenmiyor,,uygulanamaz,mirror:VPLUS_ES256 (accept-classical)
COSE-034,SYN-VPLUS_EdDSA,GEC,kontrol-EdDSA,kabul,uygulanamaz,bicim-desteklenmiyor,,uygulanamaz,mirror:VPLUS_EdDSA (accept-classical)
COSE-034,SYN-VPLUS_EdDSA,IZIN-AX,kontrol-EdDSA,kabul,uygulanamaz,bicim-desteklenmiyor,,uygulanamaz,mirror:VPLUS_EdDSA (accept-classical)
COSE-034,SYN-VPLUS_EdDSA,L4,kontrol-EdDSA,kabul,uygulanamaz,bicim-desteklenmiyor,,uygulanamaz,mirror:VPLUS_EdDSA (accept-classical)
COSE-034,SYN-VPLUS_EdDSA,L4-S,kontrol-EdDSA,kabul,uygulanamaz,bicim-desteklenmiyor,,uygulanamaz,mirror:VPLUS_EdDSA (accept-classical)
COSE-034,SYN-VPLUS_EdDSA,L4-Y,kontrol-EdDSA,kabul,uygulanamaz,bicim-desteklenmiyor,,uygulanamaz,mirror:VPLUS_EdDSA (accept-classical)
COSE-034,SYN-VPLUS_EdDSA,P0,kontrol-EdDSA,kabul,uygulanamaz,bicim-desteklenmiyor,,uygulanamaz,mirror:VPLUS_EdDSA (accept-classical)
COSE-035,SYN-COSE-K1K_iki_gecerli,L4,kontrol-EdDSA,kabul,ifade-edilemedi,,COSE_Sign coklu imzaci kurali (P0/P1/R) icin API secenegi yok,ifade-edilemedi,mirror:COSE-K1K_iki_gecerli (accept-classical)
COSE-035,SYN-COSE-K1K_iki_gecerli,L4-S,kontrol-EdDSA,kabul,ifade-edilemedi,,COSE_Sign coklu imzaci kurali (P0/P1/R) icin API secenegi yok,ifade-edilemedi,mirror:COSE-K1K_iki_gecerli (accept-classical)
COSE-035,SYN-COSE-K1K_iki_gecerli,L4-Y,kontrol-EdDSA,kabul,ifade-edilemedi,,COSE_Sign coklu imzaci kurali (P0/P1/R) icin API secenegi yok,ifade-edilemedi,mirror:COSE-K1K_iki_gecerli (accept-classical)
COSE-035,SYN-COSE-K1K_iki_gecerli,P0,kontrol-EdDSA,kabul,ifade-edilemedi,,COSE_Sign coklu imzaci kurali (P0/P1/R) icin API secenegi yok,ifade-edilemedi,mirror:COSE-K1K_iki_gecerli (accept-classical)
COSE-035,SYN-COSE-K1K_iki_gecerli,P1,kontrol-EdDSA,kabul,ifade-edilemedi,,COSE_Sign coklu imzaci kurali (P0/P1/R) icin API secenegi yok,ifade-edilemedi,mirror:COSE-K1K_iki_gecerli (accept-classical)
COSE-035,SYN-COSE-K1K_iki_gecerli-SIRA-ters,L4,kontrol-EdDSA,kabul,ifade-edilemedi,,COSE_Sign coklu imzaci kurali (P0/P1/R) icin API secenegi yok,ifade-edilemedi,mirror:COSE-K1K_iki_gecerli-SIRA-ters (accept-classical)
COSE-035,SYN-COSE-K1K_iki_gecerli-SIRA-ters,L4-S,kontrol-EdDSA,kabul,ifade-edilemedi,,COSE_Sign coklu imzaci kurali (P0/P1/R) icin API secenegi yok,ifade-edilemedi,mirror:COSE-K1K_iki_gecerli-SIRA-ters (accept-classical)
COSE-035,SYN-COSE-K1K_iki_gecerli-SIRA-ters,L4-Y,kontrol-EdDSA,kabul,ifade-edilemedi,,COSE_Sign coklu imzaci kurali (P0/P1/R) icin API secenegi yok,ifade-edilemedi,mirror:COSE-K1K_iki_gecerli-SIRA-ters (accept-classical)
COSE-035,SYN-COSE-K1K_iki_gecerli-SIRA-ters,P0,kontrol-EdDSA,kabul,ifade-edilemedi,,COSE_Sign coklu imzaci kurali (P0/P1/R) icin API secenegi yok,ifade-edilemedi,mirror:COSE-K1K_iki_gecerli-SIRA-ters (accept-classical)
COSE-035,SYN-COSE-K1K_iki_gecerli-SIRA-ters,P1,kontrol-EdDSA,kabul,ifade-edilemedi,,COSE_Sign coklu imzaci kurali (P0/P1/R) icin API secenegi yok,ifade-edilemedi,mirror:COSE-K1K_iki_gecerli-SIRA-ters (accept-classical)
COSE-035,SYN-COSE-K4K_yalniz_X,GEC,kontrol-EdDSA,kabul,kabul,,,uyumlu,mirror:COSE-K4K_yalniz_X (accept-classical)
COSE-035,SYN-COSE-K4K_yalniz_X,IZIN-AX,kontrol-EdDSA,kabul,kabul,,,uyumlu,mirror:COSE-K4K_yalniz_X (accept-classical)
COSE-035,SYN-COSE-K4K_yalniz_X,L4,kontrol-EdDSA,kabul,kabul,,,uyumlu,mirror:COSE-K4K_yalniz_X (accept-classical)
COSE-035,SYN-COSE-K4K_yalniz_X,L4-S,kontrol-EdDSA,kabul,kabul,,,uyumlu,mirror:COSE-K4K_yalniz_X (accept-classical)
COSE-035,SYN-COSE-K4K_yalniz_X,L4-Y,kontrol-EdDSA,kabul,kabul,,,uyumlu,mirror:COSE-K4K_yalniz_X (accept-classical)
COSE-035,SYN-COSE-K4K_yalniz_X,P0,kontrol-EdDSA,kabul,kabul,,,uyumlu,mirror:COSE-K4K_yalniz_X (accept-classical)
COSE-035,SYN-COSE-K4K_yalniz_X,P1,kontrol-EdDSA,kabul,kabul,,,uyumlu,mirror:COSE-K4K_yalniz_X (accept-classical)
COSE-035,SYN-COSE-VPLUS_ES256,GEC,kontrol-EdDSA,kabul,kabul,,,uyumlu,mirror:COSE-VPLUS_ES256 (accept-classical)
COSE-035,SYN-COSE-VPLUS_ES256,IZIN-A,kontrol-EdDSA,kabul,kabul,,,uyumlu,mirror:COSE-VPLUS_ES256 (accept-classical)
COSE-035,SYN-COSE-VPLUS_ES256,IZIN-AX,kontrol-EdDSA,kabul,kabul,,,uyumlu,mirror:COSE-VPLUS_ES256 (accept-classical)
COSE-035,SYN-COSE-VPLUS_ES256,P0,kontrol-EdDSA,kabul,kabul,,,uyumlu,mirror:COSE-VPLUS_ES256 (accept-classical)
COSE-035,SYN-COSE-VPLUS_EdDSA,GEC,kontrol-EdDSA,kabul,kabul,,,uyumlu,mirror:COSE-VPLUS_EdDSA (accept-classical)
COSE-035,SYN-COSE-VPLUS_EdDSA,IZIN-AX,kontrol-EdDSA,kabul,kabul,,,uyumlu,mirror:COSE-VPLUS_EdDSA (accept-classical)
COSE-035,SYN-COSE-VPLUS_EdDSA,L4,kontrol-EdDSA,kabul,kabul,,,uyumlu,mirror:COSE-VPLUS_EdDSA (accept-classical)
COSE-035,SYN-COSE-VPLUS_EdDSA,L4-S,kontrol-EdDSA,kabul,kabul,,,uyumlu,mirror:COSE-VPLUS_EdDSA (accept-classical)
COSE-035,SYN-COSE-VPLUS_EdDSA,L4-Y,kontrol-EdDSA,kabul,kabul,,,uyumlu,mirror:COSE-VPLUS_EdDSA (accept-classical)
COSE-035,SYN-COSE-VPLUS_EdDSA,P0,kontrol-EdDSA,kabul,kabul,,,uyumlu,mirror:COSE-VPLUS_EdDSA (accept-classical)
COSE-035,SYN-D-VCX_EdDSA_kid,GEC,kontrol-EdDSA,kabul,uygulanamaz,bicim-desteklenmiyor,B6: MAPPING.md (API incelemesi),uygulanamaz,derived:analogue VPLUS_EdDSA (accept-classical)
COSE-035,SYN-D-VCX_EdDSA_kid,IZIN-AX,kontrol-EdDSA,kabul,uygulanamaz,bicim-desteklenmiyor,B6: MAPPING.md (API incelemesi),uygulanamaz,derived:analogue VPLUS_EdDSA (accept-classical)
COSE-035,SYN-D-VCX_EdDSA_kid,L4,kontrol-EdDSA,kabul,uygulanamaz,bicim-desteklenmiyor,B6: MAPPING.md (API incelemesi),uygulanamaz,derived:analogue VPLUS_EdDSA (accept-classical)
COSE-035,SYN-D-VCX_EdDSA_kid,L4-S,kontrol-EdDSA,kabul,uygulanamaz,bicim-desteklenmiyor,B6: MAPPING.md (API incelemesi),uygulanamaz,derived:analogue VPLUS_EdDSA (accept-classical)
COSE-035,SYN-D-VCX_EdDSA_kid,L4-Y,kontrol-EdDSA,kabul,uygulanamaz,bicim-desteklenmiyor,B6: MAPPING.md (API incelemesi),uygulanamaz,derived:analogue VPLUS_EdDSA (accept-classical)
COSE-035,SYN-D-VCX_EdDSA_kid,P0,kontrol-EdDSA,kabul,uygulanamaz,bicim-desteklenmiyor,B6: MAPPING.md (API incelemesi),uygulanamaz,derived:analogue VPLUS_EdDSA (accept-classical)
COSE-035,SYN-L4C-COSE_eski_ES256,GEC,kontrol-EdDSA,kabul,kabul,,,uyumlu,mirror:L4C-COSE_eski_ES256 (accept-classical)
COSE-035,SYN-L4C-COSE_eski_ES256,IZIN-A,kontrol-EdDSA,kabul,kabul,,,uyumlu,mirror:L4C-COSE_eski_ES256 (accept-classical)
COSE-035,SYN-L4C-COSE_eski_ES256,IZIN-AX,kontrol-EdDSA,kabul,kabul,,,uyumlu,mirror:L4C-COSE_eski_ES256 (accept-classical)
COSE-035,SYN-L4C-COSE_eski_ES256,L4,kontrol-EdDSA,kabul,kabul,,,uyumlu,mirror:L4C-COSE_eski_ES256 (accept-classical)
COSE-035,SYN-L4C-COSE_eski_ES256,L4-S,kontrol-EdDSA,kabul,kabul,,,uyumlu,mirror:L4C-COSE_eski_ES256 (accept-classical)
COSE-035,SYN-L4C-COSE_eski_ES256,L4-Y,kontrol-EdDSA,kabul,kabul,,,uyumlu,mirror:L4C-COSE_eski_ES256 (accept-classical)
COSE-035,SYN-L4C-JOSE_eski_ES256,GEC,kontrol-EdDSA,kabul,uygulanamaz,bicim-desteklenmiyor,B6: MAPPING.md (API incelemesi),uygulanamaz,mirror:L4C-JOSE_eski_ES256 (accept-classical)
COSE-035,SYN-L4C-JOSE_eski_ES256,IZIN-A,kontrol-EdDSA,kabul,uygulanamaz,bicim-desteklenmiyor,B6: MAPPING.md (API incelemesi),uygulanamaz,mirror:L4C-JOSE_eski_ES256 (accept-classical)
COSE-035,SYN-L4C-JOSE_eski_ES256,IZIN-AX,kontrol-EdDSA,kabul,uygulanamaz,bicim-desteklenmiyor,B6: MAPPING.md (API incelemesi),uygulanamaz,mirror:L4C-JOSE_eski_ES256 (accept-classical)
COSE-035,SYN-L4C-JOSE_eski_ES256,L4,kontrol-EdDSA,kabul,uygulanamaz,bicim-desteklenmiyor,B6: MAPPING.md (API incelemesi),uygulanamaz,mirror:L4C-JOSE_eski_ES256 (accept-classical)
COSE-035,SYN-L4C-JOSE_eski_ES256,L4-S,kontrol-EdDSA,kabul,uygulanamaz,bicim-desteklenmiyor,B6: MAPPING.md (API incelemesi),uygulanamaz,mirror:L4C-JOSE_eski_ES256 (accept-classical)
COSE-035,SYN-L4C-JOSE_eski_ES256,L4-Y,kontrol-EdDSA,kabul,uygulanamaz,bicim-desteklenmiyor,B6: MAPPING.md (API incelemesi),uygulanamaz,mirror:L4C-JOSE_eski_ES256 (accept-classical)
COSE-035,SYN-T1K_both_valid,L4,kontrol-EdDSA,kabul,uygulanamaz,bicim-desteklenmiyor,B6: MAPPING.md (API incelemesi),uygulanamaz,mirror:T1K_both_valid (accept-classical)
COSE-035,SYN-T1K_both_valid,L4-S,kontrol-EdDSA,kabul,uygulanamaz,bicim-desteklenmiyor,B6: MAPPING.md (API incelemesi),uygulanamaz,mirror:T1K_both_valid (accept-classical)
COSE-035,SYN-T1K_both_valid,L4-Y,kontrol-EdDSA,kabul,uygulanamaz,bicim-desteklenmiyor,B6: MAPPING.md (API incelemesi),uygulanamaz,mirror:T1K_both_valid (accept-classical)
COSE-035,SYN-T1K_both_valid,P0,kontrol-EdDSA,kabul,uygulanamaz,bicim-desteklenmiyor,B6: MAPPING.md (API incelemesi),uygulanamaz,mirror:T1K_both_valid (accept-classical)
COSE-035,SYN-T1K_both_valid,P1,kontrol-EdDSA,kabul,uygulanamaz,bicim-desteklenmiyor,B6: MAPPING.md (API incelemesi),uygulanamaz,mirror:T1K_both_valid (accept-classical)
COSE-035,SYN-T1K_both_valid-SIRA-ters,L4,kontrol-EdDSA,kabul,uygulanamaz,bicim-desteklenmiyor,B6: MAPPING.md (API incelemesi),uygulanamaz,mirror:T1K_both_valid-SIRA-ters (accept-classical)
COSE-035,SYN-T1K_both_valid-SIRA-ters,L4-S,kontrol-EdDSA,kabul,uygulanamaz,bicim-desteklenmiyor,B6: MAPPING.md (API incelemesi),uygulanamaz,mirror:T1K_both_valid-SIRA-ters (accept-classical)
COSE-035,SYN-T1K_both_valid-SIRA-ters,L4-Y,kontrol-EdDSA,kabul,uygulanamaz,bicim-desteklenmiyor,B6: MAPPING.md (API incelemesi),uygulanamaz,mirror:T1K_both_valid-SIRA-ters (accept-classical)
COSE-035,SYN-T1K_both_valid-SIRA-ters,P0,kontrol-EdDSA,kabul,uygulanamaz,bicim-desteklenmiyor,B6: MAPPING.md (API incelemesi),uygulanamaz,mirror:T1K_both_valid-SIRA-ters (accept-classical)
COSE-035,SYN-T1K_both_valid-SIRA-ters,P1,kontrol-EdDSA,kabul,uygulanamaz,bicim-desteklenmiyor,B6: MAPPING.md (API incelemesi),uygulanamaz,mirror:T1K_both_valid-SIRA-ters (accept-classical)
COSE-035,SYN-T5K_only_EdDSA,GEC,kontrol-EdDSA,kabul,uygulanamaz,bicim-desteklenmiyor,B6: MAPPING.md (API incelemesi),uygulanamaz,mirror:T5K_only_EdDSA (accept-classical)
COSE-035,SYN-T5K_only_EdDSA,IZIN-AX,kontrol-EdDSA,kabul,uygulanamaz,bicim-desteklenmiyor,B6: MAPPING.md (API incelemesi),uygulanamaz,mirror:T5K_only_EdDSA (accept-classical)
COSE-035,SYN-T5K_only_EdDSA,L4,kontrol-EdDSA,kabul,uygulanamaz,bicim-desteklenmiyor,B6: MAPPING.md (API incelemesi),uygulanamaz,mirror:T5K_only_EdDSA (accept-classical)
COSE-035,SYN-T5K_only_EdDSA,L4-S,kontrol-EdDSA,kabul,uygulanamaz,bicim-desteklenmiyor,B6: MAPPING.md (API incelemesi),uygulanamaz,mirror:T5K_only_EdDSA (accept-classical)
COSE-035,SYN-T5K_only_EdDSA,L4-Y,kontrol-EdDSA,kabul,uygulanamaz,bicim-desteklenmiyor,B6: MAPPING.md (API incelemesi),uygulanamaz,mirror:T5K_only_EdDSA (accept-classical)
COSE-035,SYN-T5K_only_EdDSA,P0,kontrol-EdDSA,kabul,uygulanamaz,bicim-desteklenmiyor,B6: MAPPING.md (API incelemesi),uygulanamaz,mirror:T5K_only_EdDSA (accept-classical)
COSE-035,SYN-T5K_only_EdDSA,P1,kontrol-EdDSA,kabul,uygulanamaz,bicim-desteklenmiyor,B6: MAPPING.md (API incelemesi),uygulanamaz,mirror:T5K_only_EdDSA (accept-classical)
COSE-035,SYN-VC01_ES256_x5c,GEC,kontrol-EdDSA,kabul,uygulanamaz,bicim-desteklenmiyor,B6: MAPPING.md (API incelemesi),uygulanamaz,mirror:VC01_ES256_x5c (accept-classical)
COSE-035,SYN-VC01_ES256_x5c,IZIN-A,kontrol-EdDSA,kabul,uygulanamaz,bicim-desteklenmiyor,B6: MAPPING.md (API incelemesi),uygulanamaz,mirror:VC01_ES256_x5c (accept-classical)
COSE-035,SYN-VC01_ES256_x5c,IZIN-AX,kontrol-EdDSA,kabul,uygulanamaz,bicim-desteklenmiyor,B6: MAPPING.md (API incelemesi),uygulanamaz,mirror:VC01_ES256_x5c (accept-classical)
COSE-035,SYN-VC01_ES256_x5c,P0,kontrol-EdDSA,kabul,uygulanamaz,bicim-desteklenmiyor,B6: MAPPING.md (API incelemesi),uygulanamaz,mirror:VC01_ES256_x5c (accept-classical)
COSE-035,SYN-VC09_GJ_ES256_EdDSA,L4,kontrol-EdDSA,kabul,uygulanamaz,bicim-desteklenmiyor,B6: MAPPING.md (API incelemesi),uygulanamaz,mirror:VC09_GJ_ES256_EdDSA (accept-classical)
COSE-035,SYN-VC09_GJ_ES256_EdDSA,L4-S,kontrol-EdDSA,kabul,uygulanamaz,bicim-desteklenmiyor,B6: MAPPING.md (API incelemesi),uygulanamaz,mirror:VC09_GJ_ES256_EdDSA (accept-classical)
COSE-035,SYN-VC09_GJ_ES256_EdDSA,L4-Y,kontrol-EdDSA,kabul,uygulanamaz,bicim-desteklenmiyor,B6: MAPPING.md (API incelemesi),uygulanamaz,mirror:VC09_GJ_ES256_EdDSA (accept-classical)
COSE-035,SYN-VC09_GJ_ES256_EdDSA,P0,kontrol-EdDSA,kabul,uygulanamaz,bicim-desteklenmiyor,B6: MAPPING.md (API incelemesi),uygulanamaz,mirror:VC09_GJ_ES256_EdDSA (accept-classical)
COSE-035,SYN-VC09_GJ_ES256_EdDSA,P1,kontrol-EdDSA,kabul,uygulanamaz,bicim-desteklenmiyor,B6: MAPPING.md (API incelemesi),uygulanamaz,mirror:VC09_GJ_ES256_EdDSA (accept-classical)
COSE-035,SYN-VC09_GJ_ES256_EdDSA-SIRA-ters,L4,kontrol-EdDSA,kabul,uygulanamaz,bicim-desteklenmiyor,B6: MAPPING.md (API incelemesi),uygulanamaz,mirror:VC09_GJ_ES256_EdDSA-SIRA-ters (accept-classical)
COSE-035,SYN-VC09_GJ_ES256_EdDSA-SIRA-ters,L4-S,kontrol-EdDSA,kabul,uygulanamaz,bicim-desteklenmiyor,B6: MAPPING.md (API incelemesi),uygulanamaz,mirror:VC09_GJ_ES256_EdDSA-SIRA-ters (accept-classical)
COSE-035,SYN-VC09_GJ_ES256_EdDSA-SIRA-ters,L4-Y,kontrol-EdDSA,kabul,uygulanamaz,bicim-desteklenmiyor,B6: MAPPING.md (API incelemesi),uygulanamaz,mirror:VC09_GJ_ES256_EdDSA-SIRA-ters (accept-classical)
COSE-035,SYN-VC09_GJ_ES256_EdDSA-SIRA-ters,P0,kontrol-EdDSA,kabul,uygulanamaz,bicim-desteklenmiyor,B6: MAPPING.md (API incelemesi),uygulanamaz,mirror:VC09_GJ_ES256_EdDSA-SIRA-ters (accept-classical)
COSE-035,SYN-VC09_GJ_ES256_EdDSA-SIRA-ters,P1,kontrol-EdDSA,kabul,uygulanamaz,bicim-desteklenmiyor,B6: MAPPING.md (API incelemesi),uygulanamaz,mirror:VC09_GJ_ES256_EdDSA-SIRA-ters (accept-classical)
COSE-035,SYN-VPLUS_ES256,GEC,kontrol-EdDSA,kabul,uygulanamaz,bicim-desteklenmiyor,B6: MAPPING.md (API incelemesi),uygulanamaz,mirror:VPLUS_ES256 (accept-classical)
COSE-035,SYN-VPLUS_ES256,IZIN-A,kontrol-EdDSA,kabul,uygulanamaz,bicim-desteklenmiyor,B6: MAPPING.md (API incelemesi),uygulanamaz,mirror:VPLUS_ES256 (accept-classical)
COSE-035,SYN-VPLUS_ES256,IZIN-AX,kontrol-EdDSA,kabul,uygulanamaz,bicim-desteklenmiyor,B6: MAPPING.md (API incelemesi),uygulanamaz,mirror:VPLUS_ES256 (accept-classical)
COSE-035,SYN-VPLUS_ES256,P0,kontrol-EdDSA,kabul,uygulanamaz,bicim-desteklenmiyor,B6: MAPPING.md (API incelemesi),uygulanamaz,mirror:VPLUS_ES256 (accept-classical)
COSE-035,SYN-VPLUS_EdDSA,GEC,kontrol-EdDSA,kabul,uygulanamaz,bicim-desteklenmiyor,B6: MAPPING.md (API incelemesi),uygulanamaz,mirror:VPLUS_EdDSA (accept-classical)
COSE-035,SYN-VPLUS_EdDSA,IZIN-AX,kontrol-EdDSA,kabul,uygulanamaz,bicim-desteklenmiyor,B6: MAPPING.md (API incelemesi),uygulanamaz,mirror:VPLUS_EdDSA (accept-classical)
COSE-035,SYN-VPLUS_EdDSA,L4,kontrol-EdDSA,kabul,uygulanamaz,bicim-desteklenmiyor,B6: MAPPING.md (API incelemesi),uygulanamaz,mirror:VPLUS_EdDSA (accept-classical)
COSE-035,SYN-VPLUS_EdDSA,L4-S,kontrol-EdDSA,kabul,uygulanamaz,bicim-desteklenmiyor,B6: MAPPING.md (API incelemesi),uygulanamaz,mirror:VPLUS_EdDSA (accept-classical)
COSE-035,SYN-VPLUS_EdDSA,L4-Y,kontrol-EdDSA,kabul,uygulanamaz,bicim-desteklenmiyor,B6: MAPPING.md (API incelemesi),uygulanamaz,mirror:VPLUS_EdDSA (accept-classical)
COSE-035,SYN-VPLUS_EdDSA,P0,kontrol-EdDSA,kabul,uygulanamaz,bicim-desteklenmiyor,B6: MAPPING.md (API incelemesi),uygulanamaz,mirror:VPLUS_EdDSA (accept-classical)
COSE-036,SYN-COSE-K1K_iki_gecerli,L4,kontrol-EdDSA,kabul,ifade-edilemedi,,COSE_Sign coklu imzaci kurali (P0/P1/R) icin API secenegi yok (wc_CoseSign_Verify imzaci basina),ifade-edilemedi,mirror:COSE-K1K_iki_gecerli (accept-classical)
COSE-036,SYN-COSE-K1K_iki_gecerli,L4-S,kontrol-EdDSA,kabul,ifade-edilemedi,,COSE_Sign coklu imzaci kurali (P0/P1/R) icin API secenegi yok (wc_CoseSign_Verify imzaci basina),ifade-edilemedi,mirror:COSE-K1K_iki_gecerli (accept-classical)
COSE-036,SYN-COSE-K1K_iki_gecerli,L4-Y,kontrol-EdDSA,kabul,ifade-edilemedi,,COSE_Sign coklu imzaci kurali (P0/P1/R) icin API secenegi yok (wc_CoseSign_Verify imzaci basina),ifade-edilemedi,mirror:COSE-K1K_iki_gecerli (accept-classical)
COSE-036,SYN-COSE-K1K_iki_gecerli,P0,kontrol-EdDSA,kabul,ifade-edilemedi,,COSE_Sign coklu imzaci kurali (P0/P1/R) icin API secenegi yok (wc_CoseSign_Verify imzaci basina),ifade-edilemedi,mirror:COSE-K1K_iki_gecerli (accept-classical)
COSE-036,SYN-COSE-K1K_iki_gecerli,P1,kontrol-EdDSA,kabul,ifade-edilemedi,,COSE_Sign coklu imzaci kurali (P0/P1/R) icin API secenegi yok (wc_CoseSign_Verify imzaci basina),ifade-edilemedi,mirror:COSE-K1K_iki_gecerli (accept-classical)
COSE-036,SYN-COSE-K1K_iki_gecerli-SIRA-ters,L4,kontrol-EdDSA,kabul,ifade-edilemedi,,COSE_Sign coklu imzaci kurali (P0/P1/R) icin API secenegi yok (wc_CoseSign_Verify imzaci basina),ifade-edilemedi,mirror:COSE-K1K_iki_gecerli-SIRA-ters (accept-classical)
COSE-036,SYN-COSE-K1K_iki_gecerli-SIRA-ters,L4-S,kontrol-EdDSA,kabul,ifade-edilemedi,,COSE_Sign coklu imzaci kurali (P0/P1/R) icin API secenegi yok (wc_CoseSign_Verify imzaci basina),ifade-edilemedi,mirror:COSE-K1K_iki_gecerli-SIRA-ters (accept-classical)
COSE-036,SYN-COSE-K1K_iki_gecerli-SIRA-ters,L4-Y,kontrol-EdDSA,kabul,ifade-edilemedi,,COSE_Sign coklu imzaci kurali (P0/P1/R) icin API secenegi yok (wc_CoseSign_Verify imzaci basina),ifade-edilemedi,mirror:COSE-K1K_iki_gecerli-SIRA-ters (accept-classical)
COSE-036,SYN-COSE-K1K_iki_gecerli-SIRA-ters,P0,kontrol-EdDSA,kabul,ifade-edilemedi,,COSE_Sign coklu imzaci kurali (P0/P1/R) icin API secenegi yok (wc_CoseSign_Verify imzaci basina),ifade-edilemedi,mirror:COSE-K1K_iki_gecerli-SIRA-ters (accept-classical)
COSE-036,SYN-COSE-K1K_iki_gecerli-SIRA-ters,P1,kontrol-EdDSA,kabul,ifade-edilemedi,,COSE_Sign coklu imzaci kurali (P0/P1/R) icin API secenegi yok (wc_CoseSign_Verify imzaci basina),ifade-edilemedi,mirror:COSE-K1K_iki_gecerli-SIRA-ters (accept-classical)
COSE-036,SYN-COSE-K1P_iki_gecerli,L4,tedavi-ML-DSA-65,kabul,ifade-edilemedi,,COSE_Sign coklu imzaci kurali (P0/P1/R) icin API secenegi yok (wc_CoseSign_Verify imzaci basina),ifade-edilemedi,mirror:COSE-K1P_iki_gecerli (accept-hybrid)
COSE-036,SYN-COSE-K1P_iki_gecerli,L4-S,tedavi-ML-DSA-65,kabul,ifade-edilemedi,,COSE_Sign coklu imzaci kurali (P0/P1/R) icin API secenegi yok (wc_CoseSign_Verify imzaci basina),ifade-edilemedi,mirror:COSE-K1P_iki_gecerli (accept-hybrid)
COSE-036,SYN-COSE-K1P_iki_gecerli,L4-Y,tedavi-ML-DSA-65,kabul,ifade-edilemedi,,COSE_Sign coklu imzaci kurali (P0/P1/R) icin API secenegi yok (wc_CoseSign_Verify imzaci basina),ifade-edilemedi,mirror:COSE-K1P_iki_gecerli (accept-hybrid)
COSE-036,SYN-COSE-K1P_iki_gecerli,P0,tedavi-ML-DSA-65,kabul,ifade-edilemedi,,COSE_Sign coklu imzaci kurali (P0/P1/R) icin API secenegi yok (wc_CoseSign_Verify imzaci basina),ifade-edilemedi,mirror:COSE-K1P_iki_gecerli (accept-classical)
COSE-036,SYN-COSE-K1P_iki_gecerli,P1,tedavi-ML-DSA-65,kabul,ifade-edilemedi,,COSE_Sign coklu imzaci kurali (P0/P1/R) icin API secenegi yok (wc_CoseSign_Verify imzaci basina),ifade-edilemedi,mirror:COSE-K1P_iki_gecerli (accept-hybrid)
COSE-036,SYN-COSE-K1P_iki_gecerli-SIRA-ters,L4,tedavi-ML-DSA-65,kabul,ifade-edilemedi,,COSE_Sign coklu imzaci kurali (P0/P1/R) icin API secenegi yok (wc_CoseSign_Verify imzaci basina),ifade-edilemedi,mirror:COSE-K1P_iki_gecerli-SIRA-ters (accept-hybrid)
COSE-036,SYN-COSE-K1P_iki_gecerli-SIRA-ters,L4-S,tedavi-ML-DSA-65,kabul,ifade-edilemedi,,COSE_Sign coklu imzaci kurali (P0/P1/R) icin API secenegi yok (wc_CoseSign_Verify imzaci basina),ifade-edilemedi,mirror:COSE-K1P_iki_gecerli-SIRA-ters (accept-hybrid)
COSE-036,SYN-COSE-K1P_iki_gecerli-SIRA-ters,L4-Y,tedavi-ML-DSA-65,kabul,ifade-edilemedi,,COSE_Sign coklu imzaci kurali (P0/P1/R) icin API secenegi yok (wc_CoseSign_Verify imzaci basina),ifade-edilemedi,mirror:COSE-K1P_iki_gecerli-SIRA-ters (accept-hybrid)
COSE-036,SYN-COSE-K1P_iki_gecerli-SIRA-ters,P0,tedavi-ML-DSA-65,kabul,ifade-edilemedi,,COSE_Sign coklu imzaci kurali (P0/P1/R) icin API secenegi yok (wc_CoseSign_Verify imzaci basina),ifade-edilemedi,mirror:COSE-K1P_iki_gecerli-SIRA-ters (accept-classical)
COSE-036,SYN-COSE-K1P_iki_gecerli-SIRA-ters,P1,tedavi-ML-DSA-65,kabul,ifade-edilemedi,,COSE_Sign coklu imzaci kurali (P0/P1/R) icin API secenegi yok (wc_CoseSign_Verify imzaci basina),ifade-edilemedi,mirror:COSE-K1P_iki_gecerli-SIRA-ters (accept-hybrid)
COSE-036,SYN-COSE-K4K_yalniz_X,GEC,kontrol-EdDSA,kabul,kabul,,,uyumlu,mirror:COSE-K4K_yalniz_X (accept-classical)
COSE-036,SYN-COSE-K4K_yalniz_X,IZIN-AX,kontrol-EdDSA,kabul,kabul,,,uyumlu,mirror:COSE-K4K_yalniz_X (accept-classical)
COSE-036,SYN-COSE-K4K_yalniz_X,L4,kontrol-EdDSA,kabul,kabul,,,uyumlu,mirror:COSE-K4K_yalniz_X (accept-classical)
COSE-036,SYN-COSE-K4K_yalniz_X,L4-S,kontrol-EdDSA,kabul,kabul,,,uyumlu,mirror:COSE-K4K_yalniz_X (accept-classical)
COSE-036,SYN-COSE-K4K_yalniz_X,L4-Y,kontrol-EdDSA,kabul,kabul,,,uyumlu,mirror:COSE-K4K_yalniz_X (accept-classical)
COSE-036,SYN-COSE-K4K_yalniz_X,P0,kontrol-EdDSA,kabul,kabul,,,uyumlu,mirror:COSE-K4K_yalniz_X (accept-classical)
COSE-036,SYN-COSE-K4K_yalniz_X,P1,kontrol-EdDSA,kabul,kabul,,,uyumlu,mirror:COSE-K4K_yalniz_X (accept-classical)
COSE-036,SYN-COSE-K4P_yalniz_X,GEC,tedavi-ML-DSA-65,kabul,kabul,,,uyumlu,mirror:COSE-K4P_yalniz_X (accept-hybrid)
COSE-036,SYN-COSE-K4P_yalniz_X,IZIN-AX,tedavi-ML-DSA-65,kabul,kabul,,,uyumlu,mirror:COSE-K4P_yalniz_X (accept-hybrid)
COSE-036,SYN-COSE-K4P_yalniz_X,L4,tedavi-ML-DSA-65,kabul,kabul,,,uyumlu,mirror:COSE-K4P_yalniz_X (accept-hybrid)
COSE-036,SYN-COSE-K4P_yalniz_X,L4-S,tedavi-ML-DSA-65,kabul,kabul,,,uyumlu,mirror:COSE-K4P_yalniz_X (accept-hybrid)
COSE-036,SYN-COSE-K4P_yalniz_X,L4-Y,tedavi-ML-DSA-65,kabul,kabul,,,uyumlu,mirror:COSE-K4P_yalniz_X (accept-hybrid)
COSE-036,SYN-COSE-K4P_yalniz_X,P0,tedavi-ML-DSA-65,kabul,kabul,,,uyumlu,mirror:COSE-K4P_yalniz_X (accept-hybrid)
COSE-036,SYN-COSE-K4P_yalniz_X,P1,tedavi-ML-DSA-65,kabul,kabul,,,uyumlu,mirror:COSE-K4P_yalniz_X (accept-hybrid)
COSE-036,SYN-COSE-VPLUS_ES256,GEC,kontrol-EdDSA,kabul,kabul,,,uyumlu,mirror:COSE-VPLUS_ES256 (accept-classical)
COSE-036,SYN-COSE-VPLUS_ES256,GEC,tedavi-ML-DSA-65,kabul,kabul,,,uyumlu,mirror:COSE-VPLUS_ES256 (accept-classical)
COSE-036,SYN-COSE-VPLUS_ES256,IZIN-A,kontrol-EdDSA,kabul,kabul,,,uyumlu,mirror:COSE-VPLUS_ES256 (accept-classical)
COSE-036,SYN-COSE-VPLUS_ES256,IZIN-A,tedavi-ML-DSA-65,kabul,kabul,,,uyumlu,mirror:COSE-VPLUS_ES256 (accept-classical)
COSE-036,SYN-COSE-VPLUS_ES256,IZIN-AX,kontrol-EdDSA,kabul,kabul,,,uyumlu,mirror:COSE-VPLUS_ES256 (accept-classical)
COSE-036,SYN-COSE-VPLUS_ES256,IZIN-AX,tedavi-ML-DSA-65,kabul,kabul,,,uyumlu,mirror:COSE-VPLUS_ES256 (accept-classical)
COSE-036,SYN-COSE-VPLUS_ES256,P0,kontrol-EdDSA,kabul,kabul,,,uyumlu,mirror:COSE-VPLUS_ES256 (accept-classical)
COSE-036,SYN-COSE-VPLUS_ES256,P0,tedavi-ML-DSA-65,kabul,kabul,,,uyumlu,mirror:COSE-VPLUS_ES256 (accept-classical)
COSE-036,SYN-COSE-VPLUS_EdDSA,GEC,kontrol-EdDSA,kabul,kabul,,,uyumlu,mirror:COSE-VPLUS_EdDSA (accept-classical)
COSE-036,SYN-COSE-VPLUS_EdDSA,IZIN-AX,kontrol-EdDSA,kabul,kabul,,,uyumlu,mirror:COSE-VPLUS_EdDSA (accept-classical)
COSE-036,SYN-COSE-VPLUS_EdDSA,L4,kontrol-EdDSA,kabul,kabul,,,uyumlu,mirror:COSE-VPLUS_EdDSA (accept-classical)
COSE-036,SYN-COSE-VPLUS_EdDSA,L4-S,kontrol-EdDSA,kabul,kabul,,,uyumlu,mirror:COSE-VPLUS_EdDSA (accept-classical)
COSE-036,SYN-COSE-VPLUS_EdDSA,L4-Y,kontrol-EdDSA,kabul,kabul,,,uyumlu,mirror:COSE-VPLUS_EdDSA (accept-classical)
COSE-036,SYN-COSE-VPLUS_EdDSA,P0,kontrol-EdDSA,kabul,kabul,,,uyumlu,mirror:COSE-VPLUS_EdDSA (accept-classical)
COSE-036,SYN-COSE-VPLUS_ML-DSA-65,GEC,tedavi-ML-DSA-65,kabul,kabul,,,uyumlu,mirror:COSE-VPLUS_ML-DSA-65 (accept-hybrid)
COSE-036,SYN-COSE-VPLUS_ML-DSA-65,IZIN-AX,tedavi-ML-DSA-65,kabul,kabul,,,uyumlu,mirror:COSE-VPLUS_ML-DSA-65 (accept-hybrid)
COSE-036,SYN-COSE-VPLUS_ML-DSA-65,L4,tedavi-ML-DSA-65,kabul,kabul,,,uyumlu,mirror:COSE-VPLUS_ML-DSA-65 (accept-hybrid)
COSE-036,SYN-COSE-VPLUS_ML-DSA-65,L4-S,tedavi-ML-DSA-65,kabul,kabul,,,uyumlu,mirror:COSE-VPLUS_ML-DSA-65 (accept-hybrid)
COSE-036,SYN-COSE-VPLUS_ML-DSA-65,L4-Y,tedavi-ML-DSA-65,kabul,kabul,,,uyumlu,mirror:COSE-VPLUS_ML-DSA-65 (accept-hybrid)
COSE-036,SYN-COSE-VPLUS_ML-DSA-65,P0,tedavi-ML-DSA-65,kabul,kabul,,,uyumlu,mirror:COSE-VPLUS_ML-DSA-65 (accept-hybrid)
COSE-036,SYN-D-VCX_EdDSA_kid,GEC,kontrol-EdDSA,kabul,uygulanamaz,bicim-desteklenmiyor,B6: MAPPING.md (API incelemesi),uygulanamaz,derived:analogue VPLUS_EdDSA (accept-classical)
COSE-036,SYN-D-VCX_EdDSA_kid,IZIN-AX,kontrol-EdDSA,kabul,uygulanamaz,bicim-desteklenmiyor,B6: MAPPING.md (API incelemesi),uygulanamaz,derived:analogue VPLUS_EdDSA (accept-classical)
COSE-036,SYN-D-VCX_EdDSA_kid,L4,kontrol-EdDSA,kabul,uygulanamaz,bicim-desteklenmiyor,B6: MAPPING.md (API incelemesi),uygulanamaz,derived:analogue VPLUS_EdDSA (accept-classical)
COSE-036,SYN-D-VCX_EdDSA_kid,L4-S,kontrol-EdDSA,kabul,uygulanamaz,bicim-desteklenmiyor,B6: MAPPING.md (API incelemesi),uygulanamaz,derived:analogue VPLUS_EdDSA (accept-classical)
COSE-036,SYN-D-VCX_EdDSA_kid,L4-Y,kontrol-EdDSA,kabul,uygulanamaz,bicim-desteklenmiyor,B6: MAPPING.md (API incelemesi),uygulanamaz,derived:analogue VPLUS_EdDSA (accept-classical)
COSE-036,SYN-D-VCX_EdDSA_kid,P0,kontrol-EdDSA,kabul,uygulanamaz,bicim-desteklenmiyor,B6: MAPPING.md (API incelemesi),uygulanamaz,derived:analogue VPLUS_EdDSA (accept-classical)
COSE-036,SYN-L4C-COSE_eski_ES256,GEC,kontrol-EdDSA,kabul,kabul,,,uyumlu,mirror:L4C-COSE_eski_ES256 (accept-classical)
COSE-036,SYN-L4C-COSE_eski_ES256,GEC,tedavi-ML-DSA-65,kabul,kabul,,,uyumlu,mirror:L4C-COSE_eski_ES256 (accept-classical)
COSE-036,SYN-L4C-COSE_eski_ES256,IZIN-A,kontrol-EdDSA,kabul,kabul,,,uyumlu,mirror:L4C-COSE_eski_ES256 (accept-classical)
COSE-036,SYN-L4C-COSE_eski_ES256,IZIN-A,tedavi-ML-DSA-65,kabul,kabul,,,uyumlu,mirror:L4C-COSE_eski_ES256 (accept-classical)
COSE-036,SYN-L4C-COSE_eski_ES256,IZIN-AX,kontrol-EdDSA,kabul,kabul,,,uyumlu,mirror:L4C-COSE_eski_ES256 (accept-classical)
COSE-036,SYN-L4C-COSE_eski_ES256,IZIN-AX,tedavi-ML-DSA-65,kabul,kabul,,,uyumlu,mirror:L4C-COSE_eski_ES256 (accept-classical)
COSE-036,SYN-L4C-COSE_eski_ES256,L4,kontrol-EdDSA,kabul,kabul,,,uyumlu,mirror:L4C-COSE_eski_ES256 (accept-classical)
COSE-036,SYN-L4C-COSE_eski_ES256,L4,tedavi-ML-DSA-65,kabul,kabul,,,uyumlu,mirror:L4C-COSE_eski_ES256 (accept-classical)
COSE-036,SYN-L4C-COSE_eski_ES256,L4-S,kontrol-EdDSA,kabul,kabul,,,uyumlu,mirror:L4C-COSE_eski_ES256 (accept-classical)
COSE-036,SYN-L4C-COSE_eski_ES256,L4-S,tedavi-ML-DSA-65,kabul,kabul,,,uyumlu,mirror:L4C-COSE_eski_ES256 (accept-classical)
COSE-036,SYN-L4C-COSE_eski_ES256,L4-Y,kontrol-EdDSA,kabul,kabul,,,uyumlu,mirror:L4C-COSE_eski_ES256 (accept-classical)
COSE-036,SYN-L4C-COSE_eski_ES256,L4-Y,tedavi-ML-DSA-65,kabul,kabul,,,uyumlu,mirror:L4C-COSE_eski_ES256 (accept-classical)
COSE-036,SYN-L4C-JOSE_eski_ES256,GEC,kontrol-EdDSA,kabul,uygulanamaz,bicim-desteklenmiyor,B6: MAPPING.md (API incelemesi),uygulanamaz,mirror:L4C-JOSE_eski_ES256 (accept-classical)
COSE-036,SYN-L4C-JOSE_eski_ES256,GEC,tedavi-ML-DSA-65,kabul,uygulanamaz,bicim-desteklenmiyor,B6: MAPPING.md (API incelemesi),uygulanamaz,mirror:L4C-JOSE_eski_ES256 (accept-classical)
COSE-036,SYN-L4C-JOSE_eski_ES256,IZIN-A,kontrol-EdDSA,kabul,uygulanamaz,bicim-desteklenmiyor,B6: MAPPING.md (API incelemesi),uygulanamaz,mirror:L4C-JOSE_eski_ES256 (accept-classical)
COSE-036,SYN-L4C-JOSE_eski_ES256,IZIN-A,tedavi-ML-DSA-65,kabul,uygulanamaz,bicim-desteklenmiyor,B6: MAPPING.md (API incelemesi),uygulanamaz,mirror:L4C-JOSE_eski_ES256 (accept-classical)
COSE-036,SYN-L4C-JOSE_eski_ES256,IZIN-AX,kontrol-EdDSA,kabul,uygulanamaz,bicim-desteklenmiyor,B6: MAPPING.md (API incelemesi),uygulanamaz,mirror:L4C-JOSE_eski_ES256 (accept-classical)
COSE-036,SYN-L4C-JOSE_eski_ES256,IZIN-AX,tedavi-ML-DSA-65,kabul,uygulanamaz,bicim-desteklenmiyor,B6: MAPPING.md (API incelemesi),uygulanamaz,mirror:L4C-JOSE_eski_ES256 (accept-classical)
COSE-036,SYN-L4C-JOSE_eski_ES256,L4,kontrol-EdDSA,kabul,uygulanamaz,bicim-desteklenmiyor,B6: MAPPING.md (API incelemesi),uygulanamaz,mirror:L4C-JOSE_eski_ES256 (accept-classical)
COSE-036,SYN-L4C-JOSE_eski_ES256,L4,tedavi-ML-DSA-65,kabul,uygulanamaz,bicim-desteklenmiyor,B6: MAPPING.md (API incelemesi),uygulanamaz,mirror:L4C-JOSE_eski_ES256 (accept-classical)
COSE-036,SYN-L4C-JOSE_eski_ES256,L4-S,kontrol-EdDSA,kabul,uygulanamaz,bicim-desteklenmiyor,B6: MAPPING.md (API incelemesi),uygulanamaz,mirror:L4C-JOSE_eski_ES256 (accept-classical)
COSE-036,SYN-L4C-JOSE_eski_ES256,L4-S,tedavi-ML-DSA-65,kabul,uygulanamaz,bicim-desteklenmiyor,B6: MAPPING.md (API incelemesi),uygulanamaz,mirror:L4C-JOSE_eski_ES256 (accept-classical)
COSE-036,SYN-L4C-JOSE_eski_ES256,L4-Y,kontrol-EdDSA,kabul,uygulanamaz,bicim-desteklenmiyor,B6: MAPPING.md (API incelemesi),uygulanamaz,mirror:L4C-JOSE_eski_ES256 (accept-classical)
COSE-036,SYN-L4C-JOSE_eski_ES256,L4-Y,tedavi-ML-DSA-65,kabul,uygulanamaz,bicim-desteklenmiyor,B6: MAPPING.md (API incelemesi),uygulanamaz,mirror:L4C-JOSE_eski_ES256 (accept-classical)
COSE-036,SYN-T1K_both_valid,L4,kontrol-EdDSA,kabul,uygulanamaz,bicim-desteklenmiyor,B6: MAPPING.md (API incelemesi),uygulanamaz,mirror:T1K_both_valid (accept-classical)
COSE-036,SYN-T1K_both_valid,L4-S,kontrol-EdDSA,kabul,uygulanamaz,bicim-desteklenmiyor,B6: MAPPING.md (API incelemesi),uygulanamaz,mirror:T1K_both_valid (accept-classical)
COSE-036,SYN-T1K_both_valid,L4-Y,kontrol-EdDSA,kabul,uygulanamaz,bicim-desteklenmiyor,B6: MAPPING.md (API incelemesi),uygulanamaz,mirror:T1K_both_valid (accept-classical)
COSE-036,SYN-T1K_both_valid,P0,kontrol-EdDSA,kabul,uygulanamaz,bicim-desteklenmiyor,B6: MAPPING.md (API incelemesi),uygulanamaz,mirror:T1K_both_valid (accept-classical)
COSE-036,SYN-T1K_both_valid,P1,kontrol-EdDSA,kabul,uygulanamaz,bicim-desteklenmiyor,B6: MAPPING.md (API incelemesi),uygulanamaz,mirror:T1K_both_valid (accept-classical)
COSE-036,SYN-T1K_both_valid-SIRA-ters,L4,kontrol-EdDSA,kabul,uygulanamaz,bicim-desteklenmiyor,B6: MAPPING.md (API incelemesi),uygulanamaz,mirror:T1K_both_valid-SIRA-ters (accept-classical)
COSE-036,SYN-T1K_both_valid-SIRA-ters,L4-S,kontrol-EdDSA,kabul,uygulanamaz,bicim-desteklenmiyor,B6: MAPPING.md (API incelemesi),uygulanamaz,mirror:T1K_both_valid-SIRA-ters (accept-classical)
COSE-036,SYN-T1K_both_valid-SIRA-ters,L4-Y,kontrol-EdDSA,kabul,uygulanamaz,bicim-desteklenmiyor,B6: MAPPING.md (API incelemesi),uygulanamaz,mirror:T1K_both_valid-SIRA-ters (accept-classical)
COSE-036,SYN-T1K_both_valid-SIRA-ters,P0,kontrol-EdDSA,kabul,uygulanamaz,bicim-desteklenmiyor,B6: MAPPING.md (API incelemesi),uygulanamaz,mirror:T1K_both_valid-SIRA-ters (accept-classical)
COSE-036,SYN-T1K_both_valid-SIRA-ters,P1,kontrol-EdDSA,kabul,uygulanamaz,bicim-desteklenmiyor,B6: MAPPING.md (API incelemesi),uygulanamaz,mirror:T1K_both_valid-SIRA-ters (accept-classical)
COSE-036,SYN-T1P_both_valid,L4,tedavi-ML-DSA-65,kabul,uygulanamaz,bicim-desteklenmiyor,B6: MAPPING.md (API incelemesi),uygulanamaz,mirror:T1P_both_valid (accept-hybrid)
COSE-036,SYN-T1P_both_valid,L4-S,tedavi-ML-DSA-65,kabul,uygulanamaz,bicim-desteklenmiyor,B6: MAPPING.md (API incelemesi),uygulanamaz,mirror:T1P_both_valid (accept-hybrid)
COSE-036,SYN-T1P_both_valid,L4-Y,tedavi-ML-DSA-65,kabul,uygulanamaz,bicim-desteklenmiyor,B6: MAPPING.md (API incelemesi),uygulanamaz,mirror:T1P_both_valid (accept-hybrid)
COSE-036,SYN-T1P_both_valid,P0,tedavi-ML-DSA-65,kabul,uygulanamaz,bicim-desteklenmiyor,B6: MAPPING.md (API incelemesi),uygulanamaz,mirror:T1P_both_valid (accept-classical)
COSE-036,SYN-T1P_both_valid,P1,tedavi-ML-DSA-65,kabul,uygulanamaz,bicim-desteklenmiyor,B6: MAPPING.md (API incelemesi),uygulanamaz,mirror:T1P_both_valid (accept-hybrid)
COSE-036,SYN-T1P_both_valid-SIRA-ters,L4,tedavi-ML-DSA-65,kabul,uygulanamaz,bicim-desteklenmiyor,B6: MAPPING.md (API incelemesi),uygulanamaz,mirror:T1P_both_valid-SIRA-ters (accept-hybrid)
COSE-036,SYN-T1P_both_valid-SIRA-ters,L4-S,tedavi-ML-DSA-65,kabul,uygulanamaz,bicim-desteklenmiyor,B6: MAPPING.md (API incelemesi),uygulanamaz,mirror:T1P_both_valid-SIRA-ters (accept-hybrid)
COSE-036,SYN-T1P_both_valid-SIRA-ters,L4-Y,tedavi-ML-DSA-65,kabul,uygulanamaz,bicim-desteklenmiyor,B6: MAPPING.md (API incelemesi),uygulanamaz,mirror:T1P_both_valid-SIRA-ters (accept-hybrid)
COSE-036,SYN-T1P_both_valid-SIRA-ters,P0,tedavi-ML-DSA-65,kabul,uygulanamaz,bicim-desteklenmiyor,B6: MAPPING.md (API incelemesi),uygulanamaz,mirror:T1P_both_valid-SIRA-ters (accept-classical)
COSE-036,SYN-T1P_both_valid-SIRA-ters,P1,tedavi-ML-DSA-65,kabul,uygulanamaz,bicim-desteklenmiyor,B6: MAPPING.md (API incelemesi),uygulanamaz,mirror:T1P_both_valid-SIRA-ters (accept-hybrid)
COSE-036,SYN-T5K_only_EdDSA,GEC,kontrol-EdDSA,kabul,uygulanamaz,bicim-desteklenmiyor,B6: MAPPING.md (API incelemesi),uygulanamaz,mirror:T5K_only_EdDSA (accept-classical)
COSE-036,SYN-T5K_only_EdDSA,IZIN-AX,kontrol-EdDSA,kabul,uygulanamaz,bicim-desteklenmiyor,B6: MAPPING.md (API incelemesi),uygulanamaz,mirror:T5K_only_EdDSA (accept-classical)
COSE-036,SYN-T5K_only_EdDSA,L4,kontrol-EdDSA,kabul,uygulanamaz,bicim-desteklenmiyor,B6: MAPPING.md (API incelemesi),uygulanamaz,mirror:T5K_only_EdDSA (accept-classical)
COSE-036,SYN-T5K_only_EdDSA,L4-S,kontrol-EdDSA,kabul,uygulanamaz,bicim-desteklenmiyor,B6: MAPPING.md (API incelemesi),uygulanamaz,mirror:T5K_only_EdDSA (accept-classical)
COSE-036,SYN-T5K_only_EdDSA,L4-Y,kontrol-EdDSA,kabul,uygulanamaz,bicim-desteklenmiyor,B6: MAPPING.md (API incelemesi),uygulanamaz,mirror:T5K_only_EdDSA (accept-classical)
COSE-036,SYN-T5K_only_EdDSA,P0,kontrol-EdDSA,kabul,uygulanamaz,bicim-desteklenmiyor,B6: MAPPING.md (API incelemesi),uygulanamaz,mirror:T5K_only_EdDSA (accept-classical)
COSE-036,SYN-T5K_only_EdDSA,P1,kontrol-EdDSA,kabul,uygulanamaz,bicim-desteklenmiyor,B6: MAPPING.md (API incelemesi),uygulanamaz,mirror:T5K_only_EdDSA (accept-classical)
COSE-036,SYN-T5P_only_ML-DSA-65,GEC,tedavi-ML-DSA-65,kabul,uygulanamaz,bicim-desteklenmiyor,B6: MAPPING.md (API incelemesi),uygulanamaz,mirror:T5P_only_ML-DSA-65 (accept-hybrid)
COSE-036,SYN-T5P_only_ML-DSA-65,IZIN-AX,tedavi-ML-DSA-65,kabul,uygulanamaz,bicim-desteklenmiyor,B6: MAPPING.md (API incelemesi),uygulanamaz,mirror:T5P_only_ML-DSA-65 (accept-hybrid)
COSE-036,SYN-T5P_only_ML-DSA-65,L4,tedavi-ML-DSA-65,kabul,uygulanamaz,bicim-desteklenmiyor,B6: MAPPING.md (API incelemesi),uygulanamaz,mirror:T5P_only_ML-DSA-65 (accept-hybrid)
COSE-036,SYN-T5P_only_ML-DSA-65,L4-S,tedavi-ML-DSA-65,kabul,uygulanamaz,bicim-desteklenmiyor,B6: MAPPING.md (API incelemesi),uygulanamaz,mirror:T5P_only_ML-DSA-65 (accept-hybrid)
COSE-036,SYN-T5P_only_ML-DSA-65,L4-Y,tedavi-ML-DSA-65,kabul,uygulanamaz,bicim-desteklenmiyor,B6: MAPPING.md (API incelemesi),uygulanamaz,mirror:T5P_only_ML-DSA-65 (accept-hybrid)
COSE-036,SYN-T5P_only_ML-DSA-65,P0,tedavi-ML-DSA-65,kabul,uygulanamaz,bicim-desteklenmiyor,B6: MAPPING.md (API incelemesi),uygulanamaz,mirror:T5P_only_ML-DSA-65 (accept-hybrid)
COSE-036,SYN-T5P_only_ML-DSA-65,P1,tedavi-ML-DSA-65,kabul,uygulanamaz,bicim-desteklenmiyor,B6: MAPPING.md (API incelemesi),uygulanamaz,mirror:T5P_only_ML-DSA-65 (accept-hybrid)
COSE-036,SYN-VC01_ES256_x5c,GEC,kontrol-EdDSA,kabul,uygulanamaz,bicim-desteklenmiyor,B6: MAPPING.md (API incelemesi),uygulanamaz,mirror:VC01_ES256_x5c (accept-classical)
COSE-036,SYN-VC01_ES256_x5c,GEC,tedavi-ML-DSA-65,kabul,uygulanamaz,bicim-desteklenmiyor,B6: MAPPING.md (API incelemesi),uygulanamaz,mirror:VC01_ES256_x5c (accept-classical)
COSE-036,SYN-VC01_ES256_x5c,IZIN-A,kontrol-EdDSA,kabul,uygulanamaz,bicim-desteklenmiyor,B6: MAPPING.md (API incelemesi),uygulanamaz,mirror:VC01_ES256_x5c (accept-classical)
COSE-036,SYN-VC01_ES256_x5c,IZIN-A,tedavi-ML-DSA-65,kabul,uygulanamaz,bicim-desteklenmiyor,B6: MAPPING.md (API incelemesi),uygulanamaz,mirror:VC01_ES256_x5c (accept-classical)
COSE-036,SYN-VC01_ES256_x5c,IZIN-AX,kontrol-EdDSA,kabul,uygulanamaz,bicim-desteklenmiyor,B6: MAPPING.md (API incelemesi),uygulanamaz,mirror:VC01_ES256_x5c (accept-classical)
COSE-036,SYN-VC01_ES256_x5c,IZIN-AX,tedavi-ML-DSA-65,kabul,uygulanamaz,bicim-desteklenmiyor,B6: MAPPING.md (API incelemesi),uygulanamaz,mirror:VC01_ES256_x5c (accept-classical)
COSE-036,SYN-VC01_ES256_x5c,P0,kontrol-EdDSA,kabul,uygulanamaz,bicim-desteklenmiyor,B6: MAPPING.md (API incelemesi),uygulanamaz,mirror:VC01_ES256_x5c (accept-classical)
COSE-036,SYN-VC01_ES256_x5c,P0,tedavi-ML-DSA-65,kabul,uygulanamaz,bicim-desteklenmiyor,B6: MAPPING.md (API incelemesi),uygulanamaz,mirror:VC01_ES256_x5c (accept-classical)
COSE-036,SYN-VC02_MLDSA65_x5c,GEC,tedavi-ML-DSA-65,kabul,uygulanamaz,bicim-desteklenmiyor,B6: MAPPING.md (API incelemesi),uygulanamaz,mirror:VC02_MLDSA65_x5c (accept-hybrid)
COSE-036,SYN-VC02_MLDSA65_x5c,IZIN-AX,tedavi-ML-DSA-65,kabul,uygulanamaz,bicim-desteklenmiyor,B6: MAPPING.md (API incelemesi),uygulanamaz,mirror:VC02_MLDSA65_x5c (accept-hybrid)
COSE-036,SYN-VC02_MLDSA65_x5c,L4,tedavi-ML-DSA-65,kabul,uygulanamaz,bicim-desteklenmiyor,B6: MAPPING.md (API incelemesi),uygulanamaz,mirror:VC02_MLDSA65_x5c (accept-hybrid)
COSE-036,SYN-VC02_MLDSA65_x5c,L4-S,tedavi-ML-DSA-65,kabul,uygulanamaz,bicim-desteklenmiyor,B6: MAPPING.md (API incelemesi),uygulanamaz,mirror:VC02_MLDSA65_x5c (accept-hybrid)
COSE-036,SYN-VC02_MLDSA65_x5c,L4-Y,tedavi-ML-DSA-65,kabul,uygulanamaz,bicim-desteklenmiyor,B6: MAPPING.md (API incelemesi),uygulanamaz,mirror:VC02_MLDSA65_x5c (accept-hybrid)
COSE-036,SYN-VC02_MLDSA65_x5c,P0,tedavi-ML-DSA-65,kabul,uygulanamaz,bicim-desteklenmiyor,B6: MAPPING.md (API incelemesi),uygulanamaz,mirror:VC02_MLDSA65_x5c (accept-hybrid)
COSE-036,SYN-VC07_GJ_ES256_MLDSA65,L4,tedavi-ML-DSA-65,kabul,uygulanamaz,bicim-desteklenmiyor,B6: MAPPING.md (API incelemesi),uygulanamaz,mirror:VC07_GJ_ES256_MLDSA65 (accept-hybrid)
COSE-036,SYN-VC07_GJ_ES256_MLDSA65,L4-S,tedavi-ML-DSA-65,kabul,uygulanamaz,bicim-desteklenmiyor,B6: MAPPING.md (API incelemesi),uygulanamaz,mirror:VC07_GJ_ES256_MLDSA65 (accept-hybrid)
COSE-036,SYN-VC07_GJ_ES256_MLDSA65,L4-Y,tedavi-ML-DSA-65,kabul,uygulanamaz,bicim-desteklenmiyor,B6: MAPPING.md (API incelemesi),uygulanamaz,mirror:VC07_GJ_ES256_MLDSA65 (accept-hybrid)
COSE-036,SYN-VC07_GJ_ES256_MLDSA65,P0,tedavi-ML-DSA-65,kabul,uygulanamaz,bicim-desteklenmiyor,B6: MAPPING.md (API incelemesi),uygulanamaz,mirror:VC07_GJ_ES256_MLDSA65 (accept-classical)
COSE-036,SYN-VC07_GJ_ES256_MLDSA65,P1,tedavi-ML-DSA-65,kabul,uygulanamaz,bicim-desteklenmiyor,B6: MAPPING.md (API incelemesi),uygulanamaz,mirror:VC07_GJ_ES256_MLDSA65 (accept-hybrid)
COSE-036,SYN-VC07_GJ_ES256_MLDSA65-SIRA-ters,L4,tedavi-ML-DSA-65,kabul,uygulanamaz,bicim-desteklenmiyor,B6: MAPPING.md (API incelemesi),uygulanamaz,mirror:VC07_GJ_ES256_MLDSA65-SIRA-ters (accept-hybrid)
COSE-036,SYN-VC07_GJ_ES256_MLDSA65-SIRA-ters,L4-S,tedavi-ML-DSA-65,kabul,uygulanamaz,bicim-desteklenmiyor,B6: MAPPING.md (API incelemesi),uygulanamaz,mirror:VC07_GJ_ES256_MLDSA65-SIRA-ters (accept-hybrid)
COSE-036,SYN-VC07_GJ_ES256_MLDSA65-SIRA-ters,L4-Y,tedavi-ML-DSA-65,kabul,uygulanamaz,bicim-desteklenmiyor,B6: MAPPING.md (API incelemesi),uygulanamaz,mirror:VC07_GJ_ES256_MLDSA65-SIRA-ters (accept-hybrid)
COSE-036,SYN-VC07_GJ_ES256_MLDSA65-SIRA-ters,P0,tedavi-ML-DSA-65,kabul,uygulanamaz,bicim-desteklenmiyor,B6: MAPPING.md (API incelemesi),uygulanamaz,mirror:VC07_GJ_ES256_MLDSA65-SIRA-ters (accept-classical)
COSE-036,SYN-VC07_GJ_ES256_MLDSA65-SIRA-ters,P1,tedavi-ML-DSA-65,kabul,uygulanamaz,bicim-desteklenmiyor,B6: MAPPING.md (API incelemesi),uygulanamaz,mirror:VC07_GJ_ES256_MLDSA65-SIRA-ters (accept-hybrid)
COSE-036,SYN-VC09_GJ_ES256_EdDSA,L4,kontrol-EdDSA,kabul,uygulanamaz,bicim-desteklenmiyor,B6: MAPPING.md (API incelemesi),uygulanamaz,mirror:VC09_GJ_ES256_EdDSA (accept-classical)
COSE-036,SYN-VC09_GJ_ES256_EdDSA,L4-S,kontrol-EdDSA,kabul,uygulanamaz,bicim-desteklenmiyor,B6: MAPPING.md (API incelemesi),uygulanamaz,mirror:VC09_GJ_ES256_EdDSA (accept-classical)
COSE-036,SYN-VC09_GJ_ES256_EdDSA,L4-Y,kontrol-EdDSA,kabul,uygulanamaz,bicim-desteklenmiyor,B6: MAPPING.md (API incelemesi),uygulanamaz,mirror:VC09_GJ_ES256_EdDSA (accept-classical)
COSE-036,SYN-VC09_GJ_ES256_EdDSA,P0,kontrol-EdDSA,kabul,uygulanamaz,bicim-desteklenmiyor,B6: MAPPING.md (API incelemesi),uygulanamaz,mirror:VC09_GJ_ES256_EdDSA (accept-classical)
COSE-036,SYN-VC09_GJ_ES256_EdDSA,P1,kontrol-EdDSA,kabul,uygulanamaz,bicim-desteklenmiyor,B6: MAPPING.md (API incelemesi),uygulanamaz,mirror:VC09_GJ_ES256_EdDSA (accept-classical)
COSE-036,SYN-VC09_GJ_ES256_EdDSA-SIRA-ters,L4,kontrol-EdDSA,kabul,uygulanamaz,bicim-desteklenmiyor,B6: MAPPING.md (API incelemesi),uygulanamaz,mirror:VC09_GJ_ES256_EdDSA-SIRA-ters (accept-classical)
COSE-036,SYN-VC09_GJ_ES256_EdDSA-SIRA-ters,L4-S,kontrol-EdDSA,kabul,uygulanamaz,bicim-desteklenmiyor,B6: MAPPING.md (API incelemesi),uygulanamaz,mirror:VC09_GJ_ES256_EdDSA-SIRA-ters (accept-classical)
COSE-036,SYN-VC09_GJ_ES256_EdDSA-SIRA-ters,L4-Y,kontrol-EdDSA,kabul,uygulanamaz,bicim-desteklenmiyor,B6: MAPPING.md (API incelemesi),uygulanamaz,mirror:VC09_GJ_ES256_EdDSA-SIRA-ters (accept-classical)
COSE-036,SYN-VC09_GJ_ES256_EdDSA-SIRA-ters,P0,kontrol-EdDSA,kabul,uygulanamaz,bicim-desteklenmiyor,B6: MAPPING.md (API incelemesi),uygulanamaz,mirror:VC09_GJ_ES256_EdDSA-SIRA-ters (accept-classical)
COSE-036,SYN-VC09_GJ_ES256_EdDSA-SIRA-ters,P1,kontrol-EdDSA,kabul,uygulanamaz,bicim-desteklenmiyor,B6: MAPPING.md (API incelemesi),uygulanamaz,mirror:VC09_GJ_ES256_EdDSA-SIRA-ters (accept-classical)
COSE-036,SYN-VPLUS_ES256,GEC,kontrol-EdDSA,kabul,uygulanamaz,bicim-desteklenmiyor,B6: MAPPING.md (API incelemesi),uygulanamaz,mirror:VPLUS_ES256 (accept-classical)
COSE-036,SYN-VPLUS_ES256,GEC,tedavi-ML-DSA-65,kabul,uygulanamaz,bicim-desteklenmiyor,B6: MAPPING.md (API incelemesi),uygulanamaz,mirror:VPLUS_ES256 (accept-classical)
COSE-036,SYN-VPLUS_ES256,IZIN-A,kontrol-EdDSA,kabul,uygulanamaz,bicim-desteklenmiyor,B6: MAPPING.md (API incelemesi),uygulanamaz,mirror:VPLUS_ES256 (accept-classical)
COSE-036,SYN-VPLUS_ES256,IZIN-A,tedavi-ML-DSA-65,kabul,uygulanamaz,bicim-desteklenmiyor,B6: MAPPING.md (API incelemesi),uygulanamaz,mirror:VPLUS_ES256 (accept-classical)
COSE-036,SYN-VPLUS_ES256,IZIN-AX,kontrol-EdDSA,kabul,uygulanamaz,bicim-desteklenmiyor,B6: MAPPING.md (API incelemesi),uygulanamaz,mirror:VPLUS_ES256 (accept-classical)
COSE-036,SYN-VPLUS_ES256,IZIN-AX,tedavi-ML-DSA-65,kabul,uygulanamaz,bicim-desteklenmiyor,B6: MAPPING.md (API incelemesi),uygulanamaz,mirror:VPLUS_ES256 (accept-classical)
COSE-036,SYN-VPLUS_ES256,P0,kontrol-EdDSA,kabul,uygulanamaz,bicim-desteklenmiyor,B6: MAPPING.md (API incelemesi),uygulanamaz,mirror:VPLUS_ES256 (accept-classical)
COSE-036,SYN-VPLUS_ES256,P0,tedavi-ML-DSA-65,kabul,uygulanamaz,bicim-desteklenmiyor,B6: MAPPING.md (API incelemesi),uygulanamaz,mirror:VPLUS_ES256 (accept-classical)
COSE-036,SYN-VPLUS_EdDSA,GEC,kontrol-EdDSA,kabul,uygulanamaz,bicim-desteklenmiyor,B6: MAPPING.md (API incelemesi),uygulanamaz,mirror:VPLUS_EdDSA (accept-classical)
COSE-036,SYN-VPLUS_EdDSA,IZIN-AX,kontrol-EdDSA,kabul,uygulanamaz,bicim-desteklenmiyor,B6: MAPPING.md (API incelemesi),uygulanamaz,mirror:VPLUS_EdDSA (accept-classical)
COSE-036,SYN-VPLUS_EdDSA,L4,kontrol-EdDSA,kabul,uygulanamaz,bicim-desteklenmiyor,B6: MAPPING.md (API incelemesi),uygulanamaz,mirror:VPLUS_EdDSA (accept-classical)
COSE-036,SYN-VPLUS_EdDSA,L4-S,kontrol-EdDSA,kabul,uygulanamaz,bicim-desteklenmiyor,B6: MAPPING.md (API incelemesi),uygulanamaz,mirror:VPLUS_EdDSA (accept-classical)
COSE-036,SYN-VPLUS_EdDSA,L4-Y,kontrol-EdDSA,kabul,uygulanamaz,bicim-desteklenmiyor,B6: MAPPING.md (API incelemesi),uygulanamaz,mirror:VPLUS_EdDSA (accept-classical)
COSE-036,SYN-VPLUS_EdDSA,P0,kontrol-EdDSA,kabul,uygulanamaz,bicim-desteklenmiyor,B6: MAPPING.md (API incelemesi),uygulanamaz,mirror:VPLUS_EdDSA (accept-classical)
COSE-036,SYN-VPLUS_ML-DSA-65,GEC,tedavi-ML-DSA-65,kabul,uygulanamaz,bicim-desteklenmiyor,B6: MAPPING.md (API incelemesi),uygulanamaz,mirror:VPLUS_ML-DSA-65 (accept-hybrid)
COSE-036,SYN-VPLUS_ML-DSA-65,IZIN-AX,tedavi-ML-DSA-65,kabul,uygulanamaz,bicim-desteklenmiyor,B6: MAPPING.md (API incelemesi),uygulanamaz,mirror:VPLUS_ML-DSA-65 (accept-hybrid)
COSE-036,SYN-VPLUS_ML-DSA-65,L4,tedavi-ML-DSA-65,kabul,uygulanamaz,bicim-desteklenmiyor,B6: MAPPING.md (API incelemesi),uygulanamaz,mirror:VPLUS_ML-DSA-65 (accept-hybrid)
COSE-036,SYN-VPLUS_ML-DSA-65,L4-S,tedavi-ML-DSA-65,kabul,uygulanamaz,bicim-desteklenmiyor,B6: MAPPING.md (API incelemesi),uygulanamaz,mirror:VPLUS_ML-DSA-65 (accept-hybrid)
COSE-036,SYN-VPLUS_ML-DSA-65,L4-Y,tedavi-ML-DSA-65,kabul,uygulanamaz,bicim-desteklenmiyor,B6: MAPPING.md (API incelemesi),uygulanamaz,mirror:VPLUS_ML-DSA-65 (accept-hybrid)
COSE-036,SYN-VPLUS_ML-DSA-65,P0,tedavi-ML-DSA-65,kabul,uygulanamaz,bicim-desteklenmiyor,B6: MAPPING.md (API incelemesi),uygulanamaz,mirror:VPLUS_ML-DSA-65 (accept-hybrid)
JOSE-001,SYN-COSE-K1K_iki_gecerli-ES384,L4,kontrol-ES384,kabul,uygulanamaz,bicim-desteklenmiyor,B6: MAPPING.md (API incelemesi),uygulanamaz,mirror:COSE-K1K_iki_gecerli-ES384 (accept-classical)
JOSE-001,SYN-COSE-K1K_iki_gecerli-ES384,L4-S,kontrol-ES384,kabul,uygulanamaz,bicim-desteklenmiyor,B6: MAPPING.md (API incelemesi),uygulanamaz,mirror:COSE-K1K_iki_gecerli-ES384 (accept-classical)
JOSE-001,SYN-COSE-K1K_iki_gecerli-ES384,L4-Y,kontrol-ES384,kabul,uygulanamaz,bicim-desteklenmiyor,B6: MAPPING.md (API incelemesi),uygulanamaz,mirror:COSE-K1K_iki_gecerli-ES384 (accept-classical)
JOSE-001,SYN-COSE-K1K_iki_gecerli-ES384,P0,kontrol-ES384,kabul,uygulanamaz,bicim-desteklenmiyor,B6: MAPPING.md (API incelemesi),uygulanamaz,mirror:COSE-K1K_iki_gecerli-ES384 (accept-classical)
JOSE-001,SYN-COSE-K1K_iki_gecerli-ES384,P1,kontrol-ES384,kabul,uygulanamaz,bicim-desteklenmiyor,B6: MAPPING.md (API incelemesi),uygulanamaz,mirror:COSE-K1K_iki_gecerli-ES384 (accept-classical)
JOSE-001,SYN-COSE-K1K_iki_gecerli-SIRA-ters-ES384,L4,kontrol-ES384,kabul,uygulanamaz,bicim-desteklenmiyor,B6: MAPPING.md (API incelemesi),uygulanamaz,mirror:COSE-K1K_iki_gecerli-SIRA-ters-ES384 (accept-classical)
JOSE-001,SYN-COSE-K1K_iki_gecerli-SIRA-ters-ES384,L4-S,kontrol-ES384,kabul,uygulanamaz,bicim-desteklenmiyor,B6: MAPPING.md (API incelemesi),uygulanamaz,mirror:COSE-K1K_iki_gecerli-SIRA-ters-ES384 (accept-classical)
JOSE-001,SYN-COSE-K1K_iki_gecerli-SIRA-ters-ES384,L4-Y,kontrol-ES384,kabul,uygulanamaz,bicim-desteklenmiyor,B6: MAPPING.md (API incelemesi),uygulanamaz,mirror:COSE-K1K_iki_gecerli-SIRA-ters-ES384 (accept-classical)
JOSE-001,SYN-COSE-K1K_iki_gecerli-SIRA-ters-ES384,P0,kontrol-ES384,kabul,uygulanamaz,bicim-desteklenmiyor,B6: MAPPING.md (API incelemesi),uygulanamaz,mirror:COSE-K1K_iki_gecerli-SIRA-ters-ES384 (accept-classical)
JOSE-001,SYN-COSE-K1K_iki_gecerli-SIRA-ters-ES384,P1,kontrol-ES384,kabul,uygulanamaz,bicim-desteklenmiyor,B6: MAPPING.md (API incelemesi),uygulanamaz,mirror:COSE-K1K_iki_gecerli-SIRA-ters-ES384 (accept-classical)
JOSE-001,SYN-COSE-K1P_iki_gecerli,L4,tedavi-ML-DSA-65,kabul,uygulanamaz,bicim-desteklenmiyor,B6: MAPPING.md (API incelemesi),uygulanamaz,mirror:COSE-K1P_iki_gecerli (accept-hybrid)
JOSE-001,SYN-COSE-K1P_iki_gecerli,L4-S,tedavi-ML-DSA-65,kabul,uygulanamaz,bicim-desteklenmiyor,B6: MAPPING.md (API incelemesi),uygulanamaz,mirror:COSE-K1P_iki_gecerli (accept-hybrid)
JOSE-001,SYN-COSE-K1P_iki_gecerli,L4-Y,tedavi-ML-DSA-65,kabul,uygulanamaz,bicim-desteklenmiyor,B6: MAPPING.md (API incelemesi),uygulanamaz,mirror:COSE-K1P_iki_gecerli (accept-hybrid)
JOSE-001,SYN-COSE-K1P_iki_gecerli,P0,tedavi-ML-DSA-65,kabul,uygulanamaz,bicim-desteklenmiyor,B6: MAPPING.md (API incelemesi),uygulanamaz,mirror:COSE-K1P_iki_gecerli (accept-classical)
JOSE-001,SYN-COSE-K1P_iki_gecerli,P1,tedavi-ML-DSA-65,kabul,uygulanamaz,bicim-desteklenmiyor,B6: MAPPING.md (API incelemesi),uygulanamaz,mirror:COSE-K1P_iki_gecerli (accept-hybrid)
JOSE-001,SYN-COSE-K1P_iki_gecerli-SIRA-ters,L4,tedavi-ML-DSA-65,kabul,uygulanamaz,bicim-desteklenmiyor,B6: MAPPING.md (API incelemesi),uygulanamaz,mirror:COSE-K1P_iki_gecerli-SIRA-ters (accept-hybrid)
JOSE-001,SYN-COSE-K1P_iki_gecerli-SIRA-ters,L4-S,tedavi-ML-DSA-65,kabul,uygulanamaz,bicim-desteklenmiyor,B6: MAPPING.md (API incelemesi),uygulanamaz,mirror:COSE-K1P_iki_gecerli-SIRA-ters (accept-hybrid)
JOSE-001,SYN-COSE-K1P_iki_gecerli-SIRA-ters,L4-Y,tedavi-ML-DSA-65,kabul,uygulanamaz,bicim-desteklenmiyor,B6: MAPPING.md (API incelemesi),uygulanamaz,mirror:COSE-K1P_iki_gecerli-SIRA-ters (accept-hybrid)
JOSE-001,SYN-COSE-K1P_iki_gecerli-SIRA-ters,P0,tedavi-ML-DSA-65,kabul,uygulanamaz,bicim-desteklenmiyor,B6: MAPPING.md (API incelemesi),uygulanamaz,mirror:COSE-K1P_iki_gecerli-SIRA-ters (accept-classical)
JOSE-001,SYN-COSE-K1P_iki_gecerli-SIRA-ters,P1,tedavi-ML-DSA-65,kabul,uygulanamaz,bicim-desteklenmiyor,B6: MAPPING.md (API incelemesi),uygulanamaz,mirror:COSE-K1P_iki_gecerli-SIRA-ters (accept-hybrid)
JOSE-001,SYN-COSE-K4K_yalniz_X-ES384,GEC,kontrol-ES384,kabul,uygulanamaz,bicim-desteklenmiyor,B6: MAPPING.md (API incelemesi),uygulanamaz,mirror:COSE-K4K_yalniz_X-ES384 (accept-classical)
JOSE-001,SYN-COSE-K4K_yalniz_X-ES384,IZIN-AX,kontrol-ES384,kabul,uygulanamaz,bicim-desteklenmiyor,B6: MAPPING.md (API incelemesi),uygulanamaz,mirror:COSE-K4K_yalniz_X-ES384 (accept-classical)
JOSE-001,SYN-COSE-K4K_yalniz_X-ES384,L4,kontrol-ES384,kabul,uygulanamaz,bicim-desteklenmiyor,B6: MAPPING.md (API incelemesi),uygulanamaz,mirror:COSE-K4K_yalniz_X-ES384 (accept-classical)
JOSE-001,SYN-COSE-K4K_yalniz_X-ES384,L4-S,kontrol-ES384,kabul,uygulanamaz,bicim-desteklenmiyor,B6: MAPPING.md (API incelemesi),uygulanamaz,mirror:COSE-K4K_yalniz_X-ES384 (accept-classical)
JOSE-001,SYN-COSE-K4K_yalniz_X-ES384,L4-Y,kontrol-ES384,kabul,uygulanamaz,bicim-desteklenmiyor,B6: MAPPING.md (API incelemesi),uygulanamaz,mirror:COSE-K4K_yalniz_X-ES384 (accept-classical)
JOSE-001,SYN-COSE-K4K_yalniz_X-ES384,P0,kontrol-ES384,kabul,uygulanamaz,bicim-desteklenmiyor,B6: MAPPING.md (API incelemesi),uygulanamaz,mirror:COSE-K4K_yalniz_X-ES384 (accept-classical)
JOSE-001,SYN-COSE-K4K_yalniz_X-ES384,P1,kontrol-ES384,kabul,uygulanamaz,bicim-desteklenmiyor,B6: MAPPING.md (API incelemesi),uygulanamaz,mirror:COSE-K4K_yalniz_X-ES384 (accept-classical)
JOSE-001,SYN-COSE-K4P_yalniz_X,GEC,tedavi-ML-DSA-65,kabul,uygulanamaz,bicim-desteklenmiyor,B6: MAPPING.md (API incelemesi),uygulanamaz,mirror:COSE-K4P_yalniz_X (accept-hybrid)
JOSE-001,SYN-COSE-K4P_yalniz_X,IZIN-AX,tedavi-ML-DSA-65,kabul,uygulanamaz,bicim-desteklenmiyor,B6: MAPPING.md (API incelemesi),uygulanamaz,mirror:COSE-K4P_yalniz_X (accept-hybrid)
JOSE-001,SYN-COSE-K4P_yalniz_X,L4,tedavi-ML-DSA-65,kabul,uygulanamaz,bicim-desteklenmiyor,B6: MAPPING.md (API incelemesi),uygulanamaz,mirror:COSE-K4P_yalniz_X (accept-hybrid)
JOSE-001,SYN-COSE-K4P_yalniz_X,L4-S,tedavi-ML-DSA-65,kabul,uygulanamaz,bicim-desteklenmiyor,B6: MAPPING.md (API incelemesi),uygulanamaz,mirror:COSE-K4P_yalniz_X (accept-hybrid)
JOSE-001,SYN-COSE-K4P_yalniz_X,L4-Y,tedavi-ML-DSA-65,kabul,uygulanamaz,bicim-desteklenmiyor,B6: MAPPING.md (API incelemesi),uygulanamaz,mirror:COSE-K4P_yalniz_X (accept-hybrid)
JOSE-001,SYN-COSE-K4P_yalniz_X,P0,tedavi-ML-DSA-65,kabul,uygulanamaz,bicim-desteklenmiyor,B6: MAPPING.md (API incelemesi),uygulanamaz,mirror:COSE-K4P_yalniz_X (accept-hybrid)
JOSE-001,SYN-COSE-K4P_yalniz_X,P1,tedavi-ML-DSA-65,kabul,uygulanamaz,bicim-desteklenmiyor,B6: MAPPING.md (API incelemesi),uygulanamaz,mirror:COSE-K4P_yalniz_X (accept-hybrid)
JOSE-001,SYN-COSE-VPLUS_ES256,GEC,kontrol-ES384,kabul,uygulanamaz,bicim-desteklenmiyor,B6: MAPPING.md (API incelemesi),uygulanamaz,mirror:COSE-VPLUS_ES256 (accept-classical)
JOSE-001,SYN-COSE-VPLUS_ES256,GEC,tedavi-ML-DSA-65,kabul,uygulanamaz,bicim-desteklenmiyor,B6: MAPPING.md (API incelemesi),uygulanamaz,mirror:COSE-VPLUS_ES256 (accept-classical)
JOSE-001,SYN-COSE-VPLUS_ES256,IZIN-A,kontrol-ES384,kabul,uygulanamaz,bicim-desteklenmiyor,B6: MAPPING.md (API incelemesi),uygulanamaz,mirror:COSE-VPLUS_ES256 (accept-classical)
JOSE-001,SYN-COSE-VPLUS_ES256,IZIN-A,tedavi-ML-DSA-65,kabul,uygulanamaz,bicim-desteklenmiyor,B6: MAPPING.md (API incelemesi),uygulanamaz,mirror:COSE-VPLUS_ES256 (accept-classical)
JOSE-001,SYN-COSE-VPLUS_ES256,IZIN-AX,kontrol-ES384,kabul,uygulanamaz,bicim-desteklenmiyor,B6: MAPPING.md (API incelemesi),uygulanamaz,mirror:COSE-VPLUS_ES256 (accept-classical)
JOSE-001,SYN-COSE-VPLUS_ES256,IZIN-AX,tedavi-ML-DSA-65,kabul,uygulanamaz,bicim-desteklenmiyor,B6: MAPPING.md (API incelemesi),uygulanamaz,mirror:COSE-VPLUS_ES256 (accept-classical)
JOSE-001,SYN-COSE-VPLUS_ES256,P0,kontrol-ES384,kabul,uygulanamaz,bicim-desteklenmiyor,B6: MAPPING.md (API incelemesi),uygulanamaz,mirror:COSE-VPLUS_ES256 (accept-classical)
JOSE-001,SYN-COSE-VPLUS_ES256,P0,tedavi-ML-DSA-65,kabul,uygulanamaz,bicim-desteklenmiyor,B6: MAPPING.md (API incelemesi),uygulanamaz,mirror:COSE-VPLUS_ES256 (accept-classical)
JOSE-001,SYN-COSE-VPLUS_EdDSA-ES384,GEC,kontrol-ES384,kabul,uygulanamaz,bicim-desteklenmiyor,B6: MAPPING.md (API incelemesi),uygulanamaz,mirror:COSE-VPLUS_EdDSA-ES384 (accept-classical)
JOSE-001,SYN-COSE-VPLUS_EdDSA-ES384,IZIN-AX,kontrol-ES384,kabul,uygulanamaz,bicim-desteklenmiyor,B6: MAPPING.md (API incelemesi),uygulanamaz,mirror:COSE-VPLUS_EdDSA-ES384 (accept-classical)
JOSE-001,SYN-COSE-VPLUS_EdDSA-ES384,L4,kontrol-ES384,kabul,uygulanamaz,bicim-desteklenmiyor,B6: MAPPING.md (API incelemesi),uygulanamaz,mirror:COSE-VPLUS_EdDSA-ES384 (accept-classical)
JOSE-001,SYN-COSE-VPLUS_EdDSA-ES384,L4-S,kontrol-ES384,kabul,uygulanamaz,bicim-desteklenmiyor,B6: MAPPING.md (API incelemesi),uygulanamaz,mirror:COSE-VPLUS_EdDSA-ES384 (accept-classical)
JOSE-001,SYN-COSE-VPLUS_EdDSA-ES384,L4-Y,kontrol-ES384,kabul,uygulanamaz,bicim-desteklenmiyor,B6: MAPPING.md (API incelemesi),uygulanamaz,mirror:COSE-VPLUS_EdDSA-ES384 (accept-classical)
JOSE-001,SYN-COSE-VPLUS_EdDSA-ES384,P0,kontrol-ES384,kabul,uygulanamaz,bicim-desteklenmiyor,B6: MAPPING.md (API incelemesi),uygulanamaz,mirror:COSE-VPLUS_EdDSA-ES384 (accept-classical)
JOSE-001,SYN-COSE-VPLUS_ML-DSA-65,GEC,tedavi-ML-DSA-65,kabul,uygulanamaz,bicim-desteklenmiyor,B6: MAPPING.md (API incelemesi),uygulanamaz,mirror:COSE-VPLUS_ML-DSA-65 (accept-hybrid)
JOSE-001,SYN-COSE-VPLUS_ML-DSA-65,IZIN-AX,tedavi-ML-DSA-65,kabul,uygulanamaz,bicim-desteklenmiyor,B6: MAPPING.md (API incelemesi),uygulanamaz,mirror:COSE-VPLUS_ML-DSA-65 (accept-hybrid)
JOSE-001,SYN-COSE-VPLUS_ML-DSA-65,L4,tedavi-ML-DSA-65,kabul,uygulanamaz,bicim-desteklenmiyor,B6: MAPPING.md (API incelemesi),uygulanamaz,mirror:COSE-VPLUS_ML-DSA-65 (accept-hybrid)
JOSE-001,SYN-COSE-VPLUS_ML-DSA-65,L4-S,tedavi-ML-DSA-65,kabul,uygulanamaz,bicim-desteklenmiyor,B6: MAPPING.md (API incelemesi),uygulanamaz,mirror:COSE-VPLUS_ML-DSA-65 (accept-hybrid)
JOSE-001,SYN-COSE-VPLUS_ML-DSA-65,L4-Y,tedavi-ML-DSA-65,kabul,uygulanamaz,bicim-desteklenmiyor,B6: MAPPING.md (API incelemesi),uygulanamaz,mirror:COSE-VPLUS_ML-DSA-65 (accept-hybrid)
JOSE-001,SYN-COSE-VPLUS_ML-DSA-65,P0,tedavi-ML-DSA-65,kabul,uygulanamaz,bicim-desteklenmiyor,B6: MAPPING.md (API incelemesi),uygulanamaz,mirror:COSE-VPLUS_ML-DSA-65 (accept-hybrid)
JOSE-001,SYN-D-VCX_ES384_kid,GEC,kontrol-ES384,kabul,uygulanamaz,bicim-desteklenmiyor,B6: MAPPING.md (API incelemesi),uygulanamaz,derived:analogue VPLUS_EdDSA-ES384 (accept-classical)
JOSE-001,SYN-D-VCX_ES384_kid,IZIN-AX,kontrol-ES384,kabul,uygulanamaz,bicim-desteklenmiyor,B6: MAPPING.md (API incelemesi),uygulanamaz,derived:analogue VPLUS_EdDSA-ES384 (accept-classical)
JOSE-001,SYN-D-VCX_ES384_kid,L4,kontrol-ES384,kabul,uygulanamaz,bicim-desteklenmiyor,B6: MAPPING.md (API incelemesi),uygulanamaz,derived:analogue VPLUS_EdDSA-ES384 (accept-classical)
JOSE-001,SYN-D-VCX_ES384_kid,L4-S,kontrol-ES384,kabul,uygulanamaz,bicim-desteklenmiyor,B6: MAPPING.md (API incelemesi),uygulanamaz,derived:analogue VPLUS_EdDSA-ES384 (accept-classical)
JOSE-001,SYN-D-VCX_ES384_kid,L4-Y,kontrol-ES384,kabul,uygulanamaz,bicim-desteklenmiyor,B6: MAPPING.md (API incelemesi),uygulanamaz,derived:analogue VPLUS_EdDSA-ES384 (accept-classical)
JOSE-001,SYN-D-VCX_ES384_kid,P0,kontrol-ES384,kabul,uygulanamaz,bicim-desteklenmiyor,B6: MAPPING.md (API incelemesi),uygulanamaz,derived:analogue VPLUS_EdDSA-ES384 (accept-classical)
JOSE-001,SYN-L4C-COSE_eski_ES256,GEC,kontrol-ES384,kabul,uygulanamaz,bicim-desteklenmiyor,B6: MAPPING.md (API incelemesi),uygulanamaz,mirror:L4C-COSE_eski_ES256 (accept-classical)
JOSE-001,SYN-L4C-COSE_eski_ES256,GEC,tedavi-ML-DSA-65,kabul,uygulanamaz,bicim-desteklenmiyor,B6: MAPPING.md (API incelemesi),uygulanamaz,mirror:L4C-COSE_eski_ES256 (accept-classical)
JOSE-001,SYN-L4C-COSE_eski_ES256,IZIN-A,kontrol-ES384,kabul,uygulanamaz,bicim-desteklenmiyor,B6: MAPPING.md (API incelemesi),uygulanamaz,mirror:L4C-COSE_eski_ES256 (accept-classical)
JOSE-001,SYN-L4C-COSE_eski_ES256,IZIN-A,tedavi-ML-DSA-65,kabul,uygulanamaz,bicim-desteklenmiyor,B6: MAPPING.md (API incelemesi),uygulanamaz,mirror:L4C-COSE_eski_ES256 (accept-classical)
JOSE-001,SYN-L4C-COSE_eski_ES256,IZIN-AX,kontrol-ES384,kabul,uygulanamaz,bicim-desteklenmiyor,B6: MAPPING.md (API incelemesi),uygulanamaz,mirror:L4C-COSE_eski_ES256 (accept-classical)
JOSE-001,SYN-L4C-COSE_eski_ES256,IZIN-AX,tedavi-ML-DSA-65,kabul,uygulanamaz,bicim-desteklenmiyor,B6: MAPPING.md (API incelemesi),uygulanamaz,mirror:L4C-COSE_eski_ES256 (accept-classical)
JOSE-001,SYN-L4C-COSE_eski_ES256,L4,kontrol-ES384,kabul,uygulanamaz,bicim-desteklenmiyor,B6: MAPPING.md (API incelemesi),uygulanamaz,mirror:L4C-COSE_eski_ES256 (accept-classical)
JOSE-001,SYN-L4C-COSE_eski_ES256,L4,tedavi-ML-DSA-65,kabul,uygulanamaz,bicim-desteklenmiyor,B6: MAPPING.md (API incelemesi),uygulanamaz,mirror:L4C-COSE_eski_ES256 (accept-classical)
JOSE-001,SYN-L4C-COSE_eski_ES256,L4-S,kontrol-ES384,kabul,uygulanamaz,bicim-desteklenmiyor,B6: MAPPING.md (API incelemesi),uygulanamaz,mirror:L4C-COSE_eski_ES256 (accept-classical)
JOSE-001,SYN-L4C-COSE_eski_ES256,L4-S,tedavi-ML-DSA-65,kabul,uygulanamaz,bicim-desteklenmiyor,B6: MAPPING.md (API incelemesi),uygulanamaz,mirror:L4C-COSE_eski_ES256 (accept-classical)
JOSE-001,SYN-L4C-COSE_eski_ES256,L4-Y,kontrol-ES384,kabul,uygulanamaz,bicim-desteklenmiyor,B6: MAPPING.md (API incelemesi),uygulanamaz,mirror:L4C-COSE_eski_ES256 (accept-classical)
JOSE-001,SYN-L4C-COSE_eski_ES256,L4-Y,tedavi-ML-DSA-65,kabul,uygulanamaz,bicim-desteklenmiyor,B6: MAPPING.md (API incelemesi),uygulanamaz,mirror:L4C-COSE_eski_ES256 (accept-classical)
JOSE-001,SYN-L4C-JOSE_eski_ES256,GEC,kontrol-ES384,kabul,kabul,,,uyumlu,mirror:L4C-JOSE_eski_ES256 (accept-classical)
JOSE-001,SYN-L4C-JOSE_eski_ES256,GEC,tedavi-ML-DSA-65,kabul,kabul,,,uyumlu,mirror:L4C-JOSE_eski_ES256 (accept-classical)
JOSE-001,SYN-L4C-JOSE_eski_ES256,IZIN-A,kontrol-ES384,kabul,kabul,,,uyumlu,mirror:L4C-JOSE_eski_ES256 (accept-classical)
JOSE-001,SYN-L4C-JOSE_eski_ES256,IZIN-A,tedavi-ML-DSA-65,kabul,kabul,,,uyumlu,mirror:L4C-JOSE_eski_ES256 (accept-classical)
JOSE-001,SYN-L4C-JOSE_eski_ES256,IZIN-AX,kontrol-ES384,kabul,kabul,,,uyumlu,mirror:L4C-JOSE_eski_ES256 (accept-classical)
JOSE-001,SYN-L4C-JOSE_eski_ES256,IZIN-AX,tedavi-ML-DSA-65,kabul,kabul,,,uyumlu,mirror:L4C-JOSE_eski_ES256 (accept-classical)
JOSE-001,SYN-L4C-JOSE_eski_ES256,L4,kontrol-ES384,kabul,kabul,,,uyumlu,mirror:L4C-JOSE_eski_ES256 (accept-classical)
JOSE-001,SYN-L4C-JOSE_eski_ES256,L4,tedavi-ML-DSA-65,kabul,kabul,,,uyumlu,mirror:L4C-JOSE_eski_ES256 (accept-classical)
JOSE-001,SYN-L4C-JOSE_eski_ES256,L4-S,kontrol-ES384,kabul,kabul,,,uyumlu,mirror:L4C-JOSE_eski_ES256 (accept-classical)
JOSE-001,SYN-L4C-JOSE_eski_ES256,L4-S,tedavi-ML-DSA-65,kabul,kabul,,,uyumlu,mirror:L4C-JOSE_eski_ES256 (accept-classical)
JOSE-001,SYN-L4C-JOSE_eski_ES256,L4-Y,kontrol-ES384,kabul,kabul,,,uyumlu,mirror:L4C-JOSE_eski_ES256 (accept-classical)
JOSE-001,SYN-L4C-JOSE_eski_ES256,L4-Y,tedavi-ML-DSA-65,kabul,kabul,,,uyumlu,mirror:L4C-JOSE_eski_ES256 (accept-classical)
JOSE-001,SYN-T1K_both_valid-ES384,L4,kontrol-ES384,kabul,uygulanamaz,bicim-desteklenmiyor,B6: MAPPING.md (API incelemesi),uygulanamaz,mirror:T1K_both_valid-ES384 (accept-classical)
JOSE-001,SYN-T1K_both_valid-ES384,L4-S,kontrol-ES384,kabul,uygulanamaz,bicim-desteklenmiyor,B6: MAPPING.md (API incelemesi),uygulanamaz,mirror:T1K_both_valid-ES384 (accept-classical)
JOSE-001,SYN-T1K_both_valid-ES384,L4-Y,kontrol-ES384,kabul,uygulanamaz,bicim-desteklenmiyor,B6: MAPPING.md (API incelemesi),uygulanamaz,mirror:T1K_both_valid-ES384 (accept-classical)
JOSE-001,SYN-T1K_both_valid-ES384,P0,kontrol-ES384,kabul,uygulanamaz,bicim-desteklenmiyor,B6: MAPPING.md (API incelemesi),uygulanamaz,mirror:T1K_both_valid-ES384 (accept-classical)
JOSE-001,SYN-T1K_both_valid-ES384,P1,kontrol-ES384,kabul,uygulanamaz,bicim-desteklenmiyor,B6: MAPPING.md (API incelemesi),uygulanamaz,mirror:T1K_both_valid-ES384 (accept-classical)
JOSE-001,SYN-T1K_both_valid-SIRA-ters-ES384,L4,kontrol-ES384,kabul,uygulanamaz,bicim-desteklenmiyor,B6: MAPPING.md (API incelemesi),uygulanamaz,mirror:T1K_both_valid-SIRA-ters-ES384 (accept-classical)
JOSE-001,SYN-T1K_both_valid-SIRA-ters-ES384,L4-S,kontrol-ES384,kabul,uygulanamaz,bicim-desteklenmiyor,B6: MAPPING.md (API incelemesi),uygulanamaz,mirror:T1K_both_valid-SIRA-ters-ES384 (accept-classical)
JOSE-001,SYN-T1K_both_valid-SIRA-ters-ES384,L4-Y,kontrol-ES384,kabul,uygulanamaz,bicim-desteklenmiyor,B6: MAPPING.md (API incelemesi),uygulanamaz,mirror:T1K_both_valid-SIRA-ters-ES384 (accept-classical)
JOSE-001,SYN-T1K_both_valid-SIRA-ters-ES384,P0,kontrol-ES384,kabul,uygulanamaz,bicim-desteklenmiyor,B6: MAPPING.md (API incelemesi),uygulanamaz,mirror:T1K_both_valid-SIRA-ters-ES384 (accept-classical)
JOSE-001,SYN-T1K_both_valid-SIRA-ters-ES384,P1,kontrol-ES384,kabul,uygulanamaz,bicim-desteklenmiyor,B6: MAPPING.md (API incelemesi),uygulanamaz,mirror:T1K_both_valid-SIRA-ters-ES384 (accept-classical)
JOSE-001,SYN-T1P_both_valid,L4,tedavi-ML-DSA-65,kabul,uygulanamaz,bicim-desteklenmiyor,B6: MAPPING.md (API incelemesi),uygulanamaz,mirror:T1P_both_valid (accept-hybrid)
JOSE-001,SYN-T1P_both_valid,L4-S,tedavi-ML-DSA-65,kabul,uygulanamaz,bicim-desteklenmiyor,B6: MAPPING.md (API incelemesi),uygulanamaz,mirror:T1P_both_valid (accept-hybrid)
JOSE-001,SYN-T1P_both_valid,L4-Y,tedavi-ML-DSA-65,kabul,uygulanamaz,bicim-desteklenmiyor,B6: MAPPING.md (API incelemesi),uygulanamaz,mirror:T1P_both_valid (accept-hybrid)
JOSE-001,SYN-T1P_both_valid,P0,tedavi-ML-DSA-65,kabul,uygulanamaz,bicim-desteklenmiyor,B6: MAPPING.md (API incelemesi),uygulanamaz,mirror:T1P_both_valid (accept-classical)
JOSE-001,SYN-T1P_both_valid,P1,tedavi-ML-DSA-65,kabul,uygulanamaz,bicim-desteklenmiyor,B6: MAPPING.md (API incelemesi),uygulanamaz,mirror:T1P_both_valid (accept-hybrid)
JOSE-001,SYN-T1P_both_valid-SIRA-ters,L4,tedavi-ML-DSA-65,kabul,uygulanamaz,bicim-desteklenmiyor,B6: MAPPING.md (API incelemesi),uygulanamaz,mirror:T1P_both_valid-SIRA-ters (accept-hybrid)
JOSE-001,SYN-T1P_both_valid-SIRA-ters,L4-S,tedavi-ML-DSA-65,kabul,uygulanamaz,bicim-desteklenmiyor,B6: MAPPING.md (API incelemesi),uygulanamaz,mirror:T1P_both_valid-SIRA-ters (accept-hybrid)
JOSE-001,SYN-T1P_both_valid-SIRA-ters,L4-Y,tedavi-ML-DSA-65,kabul,uygulanamaz,bicim-desteklenmiyor,B6: MAPPING.md (API incelemesi),uygulanamaz,mirror:T1P_both_valid-SIRA-ters (accept-hybrid)
JOSE-001,SYN-T1P_both_valid-SIRA-ters,P0,tedavi-ML-DSA-65,kabul,uygulanamaz,bicim-desteklenmiyor,B6: MAPPING.md (API incelemesi),uygulanamaz,mirror:T1P_both_valid-SIRA-ters (accept-classical)
JOSE-001,SYN-T1P_both_valid-SIRA-ters,P1,tedavi-ML-DSA-65,kabul,uygulanamaz,bicim-desteklenmiyor,B6: MAPPING.md (API incelemesi),uygulanamaz,mirror:T1P_both_valid-SIRA-ters (accept-hybrid)
JOSE-001,SYN-T5K_only_EdDSA-ES384,GEC,kontrol-ES384,kabul,uygulanamaz,bicim-desteklenmiyor,B6: MAPPING.md (API incelemesi),uygulanamaz,mirror:T5K_only_EdDSA-ES384 (accept-classical)
JOSE-001,SYN-T5K_only_EdDSA-ES384,IZIN-AX,kontrol-ES384,kabul,uygulanamaz,bicim-desteklenmiyor,B6: MAPPING.md (API incelemesi),uygulanamaz,mirror:T5K_only_EdDSA-ES384 (accept-classical)
JOSE-001,SYN-T5K_only_EdDSA-ES384,L4,kontrol-ES384,kabul,uygulanamaz,bicim-desteklenmiyor,B6: MAPPING.md (API incelemesi),uygulanamaz,mirror:T5K_only_EdDSA-ES384 (accept-classical)
JOSE-001,SYN-T5K_only_EdDSA-ES384,L4-S,kontrol-ES384,kabul,uygulanamaz,bicim-desteklenmiyor,B6: MAPPING.md (API incelemesi),uygulanamaz,mirror:T5K_only_EdDSA-ES384 (accept-classical)
JOSE-001,SYN-T5K_only_EdDSA-ES384,L4-Y,kontrol-ES384,kabul,uygulanamaz,bicim-desteklenmiyor,B6: MAPPING.md (API incelemesi),uygulanamaz,mirror:T5K_only_EdDSA-ES384 (accept-classical)
JOSE-001,SYN-T5K_only_EdDSA-ES384,P0,kontrol-ES384,kabul,uygulanamaz,bicim-desteklenmiyor,B6: MAPPING.md (API incelemesi),uygulanamaz,mirror:T5K_only_EdDSA-ES384 (accept-classical)
JOSE-001,SYN-T5K_only_EdDSA-ES384,P1,kontrol-ES384,kabul,uygulanamaz,bicim-desteklenmiyor,B6: MAPPING.md (API incelemesi),uygulanamaz,mirror:T5K_only_EdDSA-ES384 (accept-classical)
JOSE-001,SYN-T5P_only_ML-DSA-65,GEC,tedavi-ML-DSA-65,kabul,uygulanamaz,bicim-desteklenmiyor,B6: MAPPING.md (API incelemesi),uygulanamaz,mirror:T5P_only_ML-DSA-65 (accept-hybrid)
JOSE-001,SYN-T5P_only_ML-DSA-65,IZIN-AX,tedavi-ML-DSA-65,kabul,uygulanamaz,bicim-desteklenmiyor,B6: MAPPING.md (API incelemesi),uygulanamaz,mirror:T5P_only_ML-DSA-65 (accept-hybrid)
JOSE-001,SYN-T5P_only_ML-DSA-65,L4,tedavi-ML-DSA-65,kabul,uygulanamaz,bicim-desteklenmiyor,B6: MAPPING.md (API incelemesi),uygulanamaz,mirror:T5P_only_ML-DSA-65 (accept-hybrid)
JOSE-001,SYN-T5P_only_ML-DSA-65,L4-S,tedavi-ML-DSA-65,kabul,uygulanamaz,bicim-desteklenmiyor,B6: MAPPING.md (API incelemesi),uygulanamaz,mirror:T5P_only_ML-DSA-65 (accept-hybrid)
JOSE-001,SYN-T5P_only_ML-DSA-65,L4-Y,tedavi-ML-DSA-65,kabul,uygulanamaz,bicim-desteklenmiyor,B6: MAPPING.md (API incelemesi),uygulanamaz,mirror:T5P_only_ML-DSA-65 (accept-hybrid)
JOSE-001,SYN-T5P_only_ML-DSA-65,P0,tedavi-ML-DSA-65,kabul,uygulanamaz,bicim-desteklenmiyor,B6: MAPPING.md (API incelemesi),uygulanamaz,mirror:T5P_only_ML-DSA-65 (accept-hybrid)
JOSE-001,SYN-T5P_only_ML-DSA-65,P1,tedavi-ML-DSA-65,kabul,uygulanamaz,bicim-desteklenmiyor,B6: MAPPING.md (API incelemesi),uygulanamaz,mirror:T5P_only_ML-DSA-65 (accept-hybrid)
JOSE-001,SYN-VC01_ES256_x5c,GEC,kontrol-ES384,kabul,uygulanamaz,bicim-desteklenmiyor,B6: MAPPING.md (API incelemesi),uygulanamaz,mirror:VC01_ES256_x5c (accept-classical)
JOSE-001,SYN-VC01_ES256_x5c,GEC,tedavi-ML-DSA-65,kabul,uygulanamaz,bicim-desteklenmiyor,B6: MAPPING.md (API incelemesi),uygulanamaz,mirror:VC01_ES256_x5c (accept-classical)
JOSE-001,SYN-VC01_ES256_x5c,IZIN-A,kontrol-ES384,kabul,uygulanamaz,bicim-desteklenmiyor,B6: MAPPING.md (API incelemesi),uygulanamaz,mirror:VC01_ES256_x5c (accept-classical)
JOSE-001,SYN-VC01_ES256_x5c,IZIN-A,tedavi-ML-DSA-65,kabul,uygulanamaz,bicim-desteklenmiyor,B6: MAPPING.md (API incelemesi),uygulanamaz,mirror:VC01_ES256_x5c (accept-classical)
JOSE-001,SYN-VC01_ES256_x5c,IZIN-AX,kontrol-ES384,kabul,uygulanamaz,bicim-desteklenmiyor,B6: MAPPING.md (API incelemesi),uygulanamaz,mirror:VC01_ES256_x5c (accept-classical)
JOSE-001,SYN-VC01_ES256_x5c,IZIN-AX,tedavi-ML-DSA-65,kabul,uygulanamaz,bicim-desteklenmiyor,B6: MAPPING.md (API incelemesi),uygulanamaz,mirror:VC01_ES256_x5c (accept-classical)
JOSE-001,SYN-VC01_ES256_x5c,P0,kontrol-ES384,kabul,uygulanamaz,bicim-desteklenmiyor,B6: MAPPING.md (API incelemesi),uygulanamaz,mirror:VC01_ES256_x5c (accept-classical)
JOSE-001,SYN-VC01_ES256_x5c,P0,tedavi-ML-DSA-65,kabul,uygulanamaz,bicim-desteklenmiyor,B6: MAPPING.md (API incelemesi),uygulanamaz,mirror:VC01_ES256_x5c (accept-classical)
JOSE-001,SYN-VC02_MLDSA65_x5c,GEC,tedavi-ML-DSA-65,kabul,uygulanamaz,bicim-desteklenmiyor,B6: MAPPING.md (API incelemesi),uygulanamaz,mirror:VC02_MLDSA65_x5c (accept-hybrid)
JOSE-001,SYN-VC02_MLDSA65_x5c,IZIN-AX,tedavi-ML-DSA-65,kabul,uygulanamaz,bicim-desteklenmiyor,B6: MAPPING.md (API incelemesi),uygulanamaz,mirror:VC02_MLDSA65_x5c (accept-hybrid)
JOSE-001,SYN-VC02_MLDSA65_x5c,L4,tedavi-ML-DSA-65,kabul,uygulanamaz,bicim-desteklenmiyor,B6: MAPPING.md (API incelemesi),uygulanamaz,mirror:VC02_MLDSA65_x5c (accept-hybrid)
JOSE-001,SYN-VC02_MLDSA65_x5c,L4-S,tedavi-ML-DSA-65,kabul,uygulanamaz,bicim-desteklenmiyor,B6: MAPPING.md (API incelemesi),uygulanamaz,mirror:VC02_MLDSA65_x5c (accept-hybrid)
JOSE-001,SYN-VC02_MLDSA65_x5c,L4-Y,tedavi-ML-DSA-65,kabul,uygulanamaz,bicim-desteklenmiyor,B6: MAPPING.md (API incelemesi),uygulanamaz,mirror:VC02_MLDSA65_x5c (accept-hybrid)
JOSE-001,SYN-VC02_MLDSA65_x5c,P0,tedavi-ML-DSA-65,kabul,uygulanamaz,bicim-desteklenmiyor,B6: MAPPING.md (API incelemesi),uygulanamaz,mirror:VC02_MLDSA65_x5c (accept-hybrid)
JOSE-001,SYN-VC07_GJ_ES256_MLDSA65,L4,tedavi-ML-DSA-65,kabul,uygulanamaz,bicim-desteklenmiyor,B6: MAPPING.md (API incelemesi),uygulanamaz,mirror:VC07_GJ_ES256_MLDSA65 (accept-hybrid)
JOSE-001,SYN-VC07_GJ_ES256_MLDSA65,L4-S,tedavi-ML-DSA-65,kabul,uygulanamaz,bicim-desteklenmiyor,B6: MAPPING.md (API incelemesi),uygulanamaz,mirror:VC07_GJ_ES256_MLDSA65 (accept-hybrid)
JOSE-001,SYN-VC07_GJ_ES256_MLDSA65,L4-Y,tedavi-ML-DSA-65,kabul,uygulanamaz,bicim-desteklenmiyor,B6: MAPPING.md (API incelemesi),uygulanamaz,mirror:VC07_GJ_ES256_MLDSA65 (accept-hybrid)
JOSE-001,SYN-VC07_GJ_ES256_MLDSA65,P0,tedavi-ML-DSA-65,kabul,uygulanamaz,bicim-desteklenmiyor,B6: MAPPING.md (API incelemesi),uygulanamaz,mirror:VC07_GJ_ES256_MLDSA65 (accept-classical)
JOSE-001,SYN-VC07_GJ_ES256_MLDSA65,P1,tedavi-ML-DSA-65,kabul,uygulanamaz,bicim-desteklenmiyor,B6: MAPPING.md (API incelemesi),uygulanamaz,mirror:VC07_GJ_ES256_MLDSA65 (accept-hybrid)
JOSE-001,SYN-VC07_GJ_ES256_MLDSA65-SIRA-ters,L4,tedavi-ML-DSA-65,kabul,uygulanamaz,bicim-desteklenmiyor,B6: MAPPING.md (API incelemesi),uygulanamaz,mirror:VC07_GJ_ES256_MLDSA65-SIRA-ters (accept-hybrid)
JOSE-001,SYN-VC07_GJ_ES256_MLDSA65-SIRA-ters,L4-S,tedavi-ML-DSA-65,kabul,uygulanamaz,bicim-desteklenmiyor,B6: MAPPING.md (API incelemesi),uygulanamaz,mirror:VC07_GJ_ES256_MLDSA65-SIRA-ters (accept-hybrid)
JOSE-001,SYN-VC07_GJ_ES256_MLDSA65-SIRA-ters,L4-Y,tedavi-ML-DSA-65,kabul,uygulanamaz,bicim-desteklenmiyor,B6: MAPPING.md (API incelemesi),uygulanamaz,mirror:VC07_GJ_ES256_MLDSA65-SIRA-ters (accept-hybrid)
JOSE-001,SYN-VC07_GJ_ES256_MLDSA65-SIRA-ters,P0,tedavi-ML-DSA-65,kabul,uygulanamaz,bicim-desteklenmiyor,B6: MAPPING.md (API incelemesi),uygulanamaz,mirror:VC07_GJ_ES256_MLDSA65-SIRA-ters (accept-classical)
JOSE-001,SYN-VC07_GJ_ES256_MLDSA65-SIRA-ters,P1,tedavi-ML-DSA-65,kabul,uygulanamaz,bicim-desteklenmiyor,B6: MAPPING.md (API incelemesi),uygulanamaz,mirror:VC07_GJ_ES256_MLDSA65-SIRA-ters (accept-hybrid)
JOSE-001,SYN-VC09_GJ_ES256_EdDSA-ES384,L4,kontrol-ES384,kabul,uygulanamaz,bicim-desteklenmiyor,B6: MAPPING.md (API incelemesi),uygulanamaz,mirror:VC09_GJ_ES256_EdDSA-ES384 (accept-classical)
JOSE-001,SYN-VC09_GJ_ES256_EdDSA-ES384,L4-S,kontrol-ES384,kabul,uygulanamaz,bicim-desteklenmiyor,B6: MAPPING.md (API incelemesi),uygulanamaz,mirror:VC09_GJ_ES256_EdDSA-ES384 (accept-classical)
JOSE-001,SYN-VC09_GJ_ES256_EdDSA-ES384,L4-Y,kontrol-ES384,kabul,uygulanamaz,bicim-desteklenmiyor,B6: MAPPING.md (API incelemesi),uygulanamaz,mirror:VC09_GJ_ES256_EdDSA-ES384 (accept-classical)
JOSE-001,SYN-VC09_GJ_ES256_EdDSA-ES384,P0,kontrol-ES384,kabul,uygulanamaz,bicim-desteklenmiyor,B6: MAPPING.md (API incelemesi),uygulanamaz,mirror:VC09_GJ_ES256_EdDSA-ES384 (accept-classical)
JOSE-001,SYN-VC09_GJ_ES256_EdDSA-ES384,P1,kontrol-ES384,kabul,uygulanamaz,bicim-desteklenmiyor,B6: MAPPING.md (API incelemesi),uygulanamaz,mirror:VC09_GJ_ES256_EdDSA-ES384 (accept-classical)
JOSE-001,SYN-VC09_GJ_ES256_EdDSA-SIRA-ters-ES384,L4,kontrol-ES384,kabul,uygulanamaz,bicim-desteklenmiyor,B6: MAPPING.md (API incelemesi),uygulanamaz,mirror:VC09_GJ_ES256_EdDSA-SIRA-ters-ES384 (accept-classical)
JOSE-001,SYN-VC09_GJ_ES256_EdDSA-SIRA-ters-ES384,L4-S,kontrol-ES384,kabul,uygulanamaz,bicim-desteklenmiyor,B6: MAPPING.md (API incelemesi),uygulanamaz,mirror:VC09_GJ_ES256_EdDSA-SIRA-ters-ES384 (accept-classical)
JOSE-001,SYN-VC09_GJ_ES256_EdDSA-SIRA-ters-ES384,L4-Y,kontrol-ES384,kabul,uygulanamaz,bicim-desteklenmiyor,B6: MAPPING.md (API incelemesi),uygulanamaz,mirror:VC09_GJ_ES256_EdDSA-SIRA-ters-ES384 (accept-classical)
JOSE-001,SYN-VC09_GJ_ES256_EdDSA-SIRA-ters-ES384,P0,kontrol-ES384,kabul,uygulanamaz,bicim-desteklenmiyor,B6: MAPPING.md (API incelemesi),uygulanamaz,mirror:VC09_GJ_ES256_EdDSA-SIRA-ters-ES384 (accept-classical)
JOSE-001,SYN-VC09_GJ_ES256_EdDSA-SIRA-ters-ES384,P1,kontrol-ES384,kabul,uygulanamaz,bicim-desteklenmiyor,B6: MAPPING.md (API incelemesi),uygulanamaz,mirror:VC09_GJ_ES256_EdDSA-SIRA-ters-ES384 (accept-classical)
JOSE-001,SYN-VPLUS_ES256,GEC,kontrol-ES384,kabul,kabul,,,uyumlu,mirror:VPLUS_ES256 (accept-classical)
JOSE-001,SYN-VPLUS_ES256,GEC,tedavi-ML-DSA-65,kabul,kabul,,,uyumlu,mirror:VPLUS_ES256 (accept-classical)
JOSE-001,SYN-VPLUS_ES256,IZIN-A,kontrol-ES384,kabul,kabul,,,uyumlu,mirror:VPLUS_ES256 (accept-classical)
JOSE-001,SYN-VPLUS_ES256,IZIN-A,tedavi-ML-DSA-65,kabul,kabul,,,uyumlu,mirror:VPLUS_ES256 (accept-classical)
JOSE-001,SYN-VPLUS_ES256,IZIN-AX,kontrol-ES384,kabul,kabul,,,uyumlu,mirror:VPLUS_ES256 (accept-classical)
JOSE-001,SYN-VPLUS_ES256,IZIN-AX,tedavi-ML-DSA-65,kabul,kabul,,,uyumlu,mirror:VPLUS_ES256 (accept-classical)
JOSE-001,SYN-VPLUS_ES256,P0,kontrol-ES384,kabul,kabul,,,uyumlu,mirror:VPLUS_ES256 (accept-classical)
JOSE-001,SYN-VPLUS_ES256,P0,tedavi-ML-DSA-65,kabul,kabul,,,uyumlu,mirror:VPLUS_ES256 (accept-classical)
JOSE-001,SYN-VPLUS_EdDSA-ES384,GEC,kontrol-ES384,kabul,kabul,,,uyumlu,mirror:VPLUS_EdDSA-ES384 (accept-classical)
JOSE-001,SYN-VPLUS_EdDSA-ES384,IZIN-AX,kontrol-ES384,kabul,kabul,,,uyumlu,mirror:VPLUS_EdDSA-ES384 (accept-classical)
JOSE-001,SYN-VPLUS_EdDSA-ES384,L4,kontrol-ES384,kabul,kabul,,,uyumlu,mirror:VPLUS_EdDSA-ES384 (accept-classical)
JOSE-001,SYN-VPLUS_EdDSA-ES384,L4-S,kontrol-ES384,kabul,kabul,,,uyumlu,mirror:VPLUS_EdDSA-ES384 (accept-classical)
JOSE-001,SYN-VPLUS_EdDSA-ES384,L4-Y,kontrol-ES384,kabul,kabul,,,uyumlu,mirror:VPLUS_EdDSA-ES384 (accept-classical)
JOSE-001,SYN-VPLUS_EdDSA-ES384,P0,kontrol-ES384,kabul,kabul,,,uyumlu,mirror:VPLUS_EdDSA-ES384 (accept-classical)
JOSE-001,SYN-VPLUS_ML-DSA-65,GEC,tedavi-ML-DSA-65,kabul,kabul,,,uyumlu,mirror:VPLUS_ML-DSA-65 (accept-hybrid)
JOSE-001,SYN-VPLUS_ML-DSA-65,IZIN-AX,tedavi-ML-DSA-65,kabul,kabul,,,uyumlu,mirror:VPLUS_ML-DSA-65 (accept-hybrid)
JOSE-001,SYN-VPLUS_ML-DSA-65,L4,tedavi-ML-DSA-65,kabul,kabul,,,uyumlu,mirror:VPLUS_ML-DSA-65 (accept-hybrid)
JOSE-001,SYN-VPLUS_ML-DSA-65,L4-S,tedavi-ML-DSA-65,kabul,kabul,,,uyumlu,mirror:VPLUS_ML-DSA-65 (accept-hybrid)
JOSE-001,SYN-VPLUS_ML-DSA-65,L4-Y,tedavi-ML-DSA-65,kabul,kabul,,,uyumlu,mirror:VPLUS_ML-DSA-65 (accept-hybrid)
JOSE-001,SYN-VPLUS_ML-DSA-65,P0,tedavi-ML-DSA-65,kabul,kabul,,,uyumlu,mirror:VPLUS_ML-DSA-65 (accept-hybrid)
JOSE-002,SYN-COSE-K1K_iki_gecerli-ES384,L4,kontrol-ES384,kabul,uygulanamaz,bicim-desteklenmiyor,B6: MAPPING.md (API incelemesi),uygulanamaz,mirror:COSE-K1K_iki_gecerli-ES384 (accept-classical)
JOSE-002,SYN-COSE-K1K_iki_gecerli-ES384,L4-S,kontrol-ES384,kabul,uygulanamaz,bicim-desteklenmiyor,B6: MAPPING.md (API incelemesi),uygulanamaz,mirror:COSE-K1K_iki_gecerli-ES384 (accept-classical)
JOSE-002,SYN-COSE-K1K_iki_gecerli-ES384,L4-Y,kontrol-ES384,kabul,uygulanamaz,bicim-desteklenmiyor,B6: MAPPING.md (API incelemesi),uygulanamaz,mirror:COSE-K1K_iki_gecerli-ES384 (accept-classical)
JOSE-002,SYN-COSE-K1K_iki_gecerli-ES384,P0,kontrol-ES384,kabul,uygulanamaz,bicim-desteklenmiyor,B6: MAPPING.md (API incelemesi),uygulanamaz,mirror:COSE-K1K_iki_gecerli-ES384 (accept-classical)
JOSE-002,SYN-COSE-K1K_iki_gecerli-ES384,P1,kontrol-ES384,kabul,uygulanamaz,bicim-desteklenmiyor,B6: MAPPING.md (API incelemesi),uygulanamaz,mirror:COSE-K1K_iki_gecerli-ES384 (accept-classical)
JOSE-002,SYN-COSE-K1K_iki_gecerli-SIRA-ters-ES384,L4,kontrol-ES384,kabul,uygulanamaz,bicim-desteklenmiyor,B6: MAPPING.md (API incelemesi),uygulanamaz,mirror:COSE-K1K_iki_gecerli-SIRA-ters-ES384 (accept-classical)
JOSE-002,SYN-COSE-K1K_iki_gecerli-SIRA-ters-ES384,L4-S,kontrol-ES384,kabul,uygulanamaz,bicim-desteklenmiyor,B6: MAPPING.md (API incelemesi),uygulanamaz,mirror:COSE-K1K_iki_gecerli-SIRA-ters-ES384 (accept-classical)
JOSE-002,SYN-COSE-K1K_iki_gecerli-SIRA-ters-ES384,L4-Y,kontrol-ES384,kabul,uygulanamaz,bicim-desteklenmiyor,B6: MAPPING.md (API incelemesi),uygulanamaz,mirror:COSE-K1K_iki_gecerli-SIRA-ters-ES384 (accept-classical)
JOSE-002,SYN-COSE-K1K_iki_gecerli-SIRA-ters-ES384,P0,kontrol-ES384,kabul,uygulanamaz,bicim-desteklenmiyor,B6: MAPPING.md (API incelemesi),uygulanamaz,mirror:COSE-K1K_iki_gecerli-SIRA-ters-ES384 (accept-classical)
JOSE-002,SYN-COSE-K1K_iki_gecerli-SIRA-ters-ES384,P1,kontrol-ES384,kabul,uygulanamaz,bicim-desteklenmiyor,B6: MAPPING.md (API incelemesi),uygulanamaz,mirror:COSE-K1K_iki_gecerli-SIRA-ters-ES384 (accept-classical)
JOSE-002,SYN-COSE-K4K_yalniz_X-ES384,GEC,kontrol-ES384,kabul,uygulanamaz,bicim-desteklenmiyor,B6: MAPPING.md (API incelemesi),uygulanamaz,mirror:COSE-K4K_yalniz_X-ES384 (accept-classical)
JOSE-002,SYN-COSE-K4K_yalniz_X-ES384,IZIN-AX,kontrol-ES384,kabul,uygulanamaz,bicim-desteklenmiyor,B6: MAPPING.md (API incelemesi),uygulanamaz,mirror:COSE-K4K_yalniz_X-ES384 (accept-classical)
JOSE-002,SYN-COSE-K4K_yalniz_X-ES384,L4,kontrol-ES384,kabul,uygulanamaz,bicim-desteklenmiyor,B6: MAPPING.md (API incelemesi),uygulanamaz,mirror:COSE-K4K_yalniz_X-ES384 (accept-classical)
JOSE-002,SYN-COSE-K4K_yalniz_X-ES384,L4-S,kontrol-ES384,kabul,uygulanamaz,bicim-desteklenmiyor,B6: MAPPING.md (API incelemesi),uygulanamaz,mirror:COSE-K4K_yalniz_X-ES384 (accept-classical)
JOSE-002,SYN-COSE-K4K_yalniz_X-ES384,L4-Y,kontrol-ES384,kabul,uygulanamaz,bicim-desteklenmiyor,B6: MAPPING.md (API incelemesi),uygulanamaz,mirror:COSE-K4K_yalniz_X-ES384 (accept-classical)
JOSE-002,SYN-COSE-K4K_yalniz_X-ES384,P0,kontrol-ES384,kabul,uygulanamaz,bicim-desteklenmiyor,B6: MAPPING.md (API incelemesi),uygulanamaz,mirror:COSE-K4K_yalniz_X-ES384 (accept-classical)
JOSE-002,SYN-COSE-K4K_yalniz_X-ES384,P1,kontrol-ES384,kabul,uygulanamaz,bicim-desteklenmiyor,B6: MAPPING.md (API incelemesi),uygulanamaz,mirror:COSE-K4K_yalniz_X-ES384 (accept-classical)
JOSE-002,SYN-COSE-VPLUS_ES256,GEC,kontrol-ES384,kabul,uygulanamaz,bicim-desteklenmiyor,B6: MAPPING.md (API incelemesi),uygulanamaz,mirror:COSE-VPLUS_ES256 (accept-classical)
JOSE-002,SYN-COSE-VPLUS_ES256,IZIN-A,kontrol-ES384,kabul,uygulanamaz,bicim-desteklenmiyor,B6: MAPPING.md (API incelemesi),uygulanamaz,mirror:COSE-VPLUS_ES256 (accept-classical)
JOSE-002,SYN-COSE-VPLUS_ES256,IZIN-AX,kontrol-ES384,kabul,uygulanamaz,bicim-desteklenmiyor,B6: MAPPING.md (API incelemesi),uygulanamaz,mirror:COSE-VPLUS_ES256 (accept-classical)
JOSE-002,SYN-COSE-VPLUS_ES256,P0,kontrol-ES384,kabul,uygulanamaz,bicim-desteklenmiyor,B6: MAPPING.md (API incelemesi),uygulanamaz,mirror:COSE-VPLUS_ES256 (accept-classical)
JOSE-002,SYN-COSE-VPLUS_EdDSA-ES384,GEC,kontrol-ES384,kabul,uygulanamaz,bicim-desteklenmiyor,B6: MAPPING.md (API incelemesi),uygulanamaz,mirror:COSE-VPLUS_EdDSA-ES384 (accept-classical)
JOSE-002,SYN-COSE-VPLUS_EdDSA-ES384,IZIN-AX,kontrol-ES384,kabul,uygulanamaz,bicim-desteklenmiyor,B6: MAPPING.md (API incelemesi),uygulanamaz,mirror:COSE-VPLUS_EdDSA-ES384 (accept-classical)
JOSE-002,SYN-COSE-VPLUS_EdDSA-ES384,L4,kontrol-ES384,kabul,uygulanamaz,bicim-desteklenmiyor,B6: MAPPING.md (API incelemesi),uygulanamaz,mirror:COSE-VPLUS_EdDSA-ES384 (accept-classical)
JOSE-002,SYN-COSE-VPLUS_EdDSA-ES384,L4-S,kontrol-ES384,kabul,uygulanamaz,bicim-desteklenmiyor,B6: MAPPING.md (API incelemesi),uygulanamaz,mirror:COSE-VPLUS_EdDSA-ES384 (accept-classical)
JOSE-002,SYN-COSE-VPLUS_EdDSA-ES384,L4-Y,kontrol-ES384,kabul,uygulanamaz,bicim-desteklenmiyor,B6: MAPPING.md (API incelemesi),uygulanamaz,mirror:COSE-VPLUS_EdDSA-ES384 (accept-classical)
JOSE-002,SYN-COSE-VPLUS_EdDSA-ES384,P0,kontrol-ES384,kabul,uygulanamaz,bicim-desteklenmiyor,B6: MAPPING.md (API incelemesi),uygulanamaz,mirror:COSE-VPLUS_EdDSA-ES384 (accept-classical)
JOSE-002,SYN-D-VCX_ES384_kid,GEC,kontrol-ES384,kabul,uygulanamaz,bicim-desteklenmiyor,B6: MAPPING.md (API incelemesi),uygulanamaz,derived:analogue VPLUS_EdDSA-ES384 (accept-classical)
JOSE-002,SYN-D-VCX_ES384_kid,IZIN-AX,kontrol-ES384,kabul,uygulanamaz,bicim-desteklenmiyor,B6: MAPPING.md (API incelemesi),uygulanamaz,derived:analogue VPLUS_EdDSA-ES384 (accept-classical)
JOSE-002,SYN-D-VCX_ES384_kid,L4,kontrol-ES384,kabul,uygulanamaz,bicim-desteklenmiyor,B6: MAPPING.md (API incelemesi),uygulanamaz,derived:analogue VPLUS_EdDSA-ES384 (accept-classical)
JOSE-002,SYN-D-VCX_ES384_kid,L4-S,kontrol-ES384,kabul,uygulanamaz,bicim-desteklenmiyor,B6: MAPPING.md (API incelemesi),uygulanamaz,derived:analogue VPLUS_EdDSA-ES384 (accept-classical)
JOSE-002,SYN-D-VCX_ES384_kid,L4-Y,kontrol-ES384,kabul,uygulanamaz,bicim-desteklenmiyor,B6: MAPPING.md (API incelemesi),uygulanamaz,derived:analogue VPLUS_EdDSA-ES384 (accept-classical)
JOSE-002,SYN-D-VCX_ES384_kid,P0,kontrol-ES384,kabul,uygulanamaz,bicim-desteklenmiyor,B6: MAPPING.md (API incelemesi),uygulanamaz,derived:analogue VPLUS_EdDSA-ES384 (accept-classical)
JOSE-002,SYN-L4C-COSE_eski_ES256,GEC,kontrol-ES384,kabul,uygulanamaz,bicim-desteklenmiyor,B6: MAPPING.md (API incelemesi),uygulanamaz,mirror:L4C-COSE_eski_ES256 (accept-classical)
JOSE-002,SYN-L4C-COSE_eski_ES256,IZIN-A,kontrol-ES384,kabul,uygulanamaz,bicim-desteklenmiyor,B6: MAPPING.md (API incelemesi),uygulanamaz,mirror:L4C-COSE_eski_ES256 (accept-classical)
JOSE-002,SYN-L4C-COSE_eski_ES256,IZIN-AX,kontrol-ES384,kabul,uygulanamaz,bicim-desteklenmiyor,B6: MAPPING.md (API incelemesi),uygulanamaz,mirror:L4C-COSE_eski_ES256 (accept-classical)
JOSE-002,SYN-L4C-COSE_eski_ES256,L4,kontrol-ES384,kabul,uygulanamaz,bicim-desteklenmiyor,B6: MAPPING.md (API incelemesi),uygulanamaz,mirror:L4C-COSE_eski_ES256 (accept-classical)
JOSE-002,SYN-L4C-COSE_eski_ES256,L4-S,kontrol-ES384,kabul,uygulanamaz,bicim-desteklenmiyor,B6: MAPPING.md (API incelemesi),uygulanamaz,mirror:L4C-COSE_eski_ES256 (accept-classical)
JOSE-002,SYN-L4C-COSE_eski_ES256,L4-Y,kontrol-ES384,kabul,uygulanamaz,bicim-desteklenmiyor,B6: MAPPING.md (API incelemesi),uygulanamaz,mirror:L4C-COSE_eski_ES256 (accept-classical)
JOSE-002,SYN-L4C-JOSE_eski_ES256,GEC,kontrol-ES384,kabul,kabul,,,uyumlu,mirror:L4C-JOSE_eski_ES256 (accept-classical)
JOSE-002,SYN-L4C-JOSE_eski_ES256,IZIN-A,kontrol-ES384,kabul,kabul,,,uyumlu,mirror:L4C-JOSE_eski_ES256 (accept-classical)
JOSE-002,SYN-L4C-JOSE_eski_ES256,IZIN-AX,kontrol-ES384,kabul,kabul,,,uyumlu,mirror:L4C-JOSE_eski_ES256 (accept-classical)
JOSE-002,SYN-L4C-JOSE_eski_ES256,L4,kontrol-ES384,kabul,kabul,,,uyumlu,mirror:L4C-JOSE_eski_ES256 (accept-classical)
JOSE-002,SYN-L4C-JOSE_eski_ES256,L4-S,kontrol-ES384,kabul,kabul,,,uyumlu,mirror:L4C-JOSE_eski_ES256 (accept-classical)
JOSE-002,SYN-L4C-JOSE_eski_ES256,L4-Y,kontrol-ES384,kabul,kabul,,,uyumlu,mirror:L4C-JOSE_eski_ES256 (accept-classical)
JOSE-002,SYN-T1K_both_valid-ES384,L4,kontrol-ES384,kabul,uygulanamaz,bicim-desteklenmiyor,B6: MAPPING.md (API incelemesi),uygulanamaz,mirror:T1K_both_valid-ES384 (accept-classical)
JOSE-002,SYN-T1K_both_valid-ES384,L4-S,kontrol-ES384,kabul,uygulanamaz,bicim-desteklenmiyor,B6: MAPPING.md (API incelemesi),uygulanamaz,mirror:T1K_both_valid-ES384 (accept-classical)
JOSE-002,SYN-T1K_both_valid-ES384,L4-Y,kontrol-ES384,kabul,uygulanamaz,bicim-desteklenmiyor,B6: MAPPING.md (API incelemesi),uygulanamaz,mirror:T1K_both_valid-ES384 (accept-classical)
JOSE-002,SYN-T1K_both_valid-ES384,P0,kontrol-ES384,kabul,uygulanamaz,bicim-desteklenmiyor,B6: MAPPING.md (API incelemesi),uygulanamaz,mirror:T1K_both_valid-ES384 (accept-classical)
JOSE-002,SYN-T1K_both_valid-ES384,P1,kontrol-ES384,kabul,uygulanamaz,bicim-desteklenmiyor,B6: MAPPING.md (API incelemesi),uygulanamaz,mirror:T1K_both_valid-ES384 (accept-classical)
JOSE-002,SYN-T1K_both_valid-SIRA-ters-ES384,L4,kontrol-ES384,kabul,uygulanamaz,bicim-desteklenmiyor,B6: MAPPING.md (API incelemesi),uygulanamaz,mirror:T1K_both_valid-SIRA-ters-ES384 (accept-classical)
JOSE-002,SYN-T1K_both_valid-SIRA-ters-ES384,L4-S,kontrol-ES384,kabul,uygulanamaz,bicim-desteklenmiyor,B6: MAPPING.md (API incelemesi),uygulanamaz,mirror:T1K_both_valid-SIRA-ters-ES384 (accept-classical)
JOSE-002,SYN-T1K_both_valid-SIRA-ters-ES384,L4-Y,kontrol-ES384,kabul,uygulanamaz,bicim-desteklenmiyor,B6: MAPPING.md (API incelemesi),uygulanamaz,mirror:T1K_both_valid-SIRA-ters-ES384 (accept-classical)
JOSE-002,SYN-T1K_both_valid-SIRA-ters-ES384,P0,kontrol-ES384,kabul,uygulanamaz,bicim-desteklenmiyor,B6: MAPPING.md (API incelemesi),uygulanamaz,mirror:T1K_both_valid-SIRA-ters-ES384 (accept-classical)
JOSE-002,SYN-T1K_both_valid-SIRA-ters-ES384,P1,kontrol-ES384,kabul,uygulanamaz,bicim-desteklenmiyor,B6: MAPPING.md (API incelemesi),uygulanamaz,mirror:T1K_both_valid-SIRA-ters-ES384 (accept-classical)
JOSE-002,SYN-T5K_only_EdDSA-ES384,GEC,kontrol-ES384,kabul,uygulanamaz,bicim-desteklenmiyor,B6: MAPPING.md (API incelemesi),uygulanamaz,mirror:T5K_only_EdDSA-ES384 (accept-classical)
JOSE-002,SYN-T5K_only_EdDSA-ES384,IZIN-AX,kontrol-ES384,kabul,uygulanamaz,bicim-desteklenmiyor,B6: MAPPING.md (API incelemesi),uygulanamaz,mirror:T5K_only_EdDSA-ES384 (accept-classical)
JOSE-002,SYN-T5K_only_EdDSA-ES384,L4,kontrol-ES384,kabul,uygulanamaz,bicim-desteklenmiyor,B6: MAPPING.md (API incelemesi),uygulanamaz,mirror:T5K_only_EdDSA-ES384 (accept-classical)
JOSE-002,SYN-T5K_only_EdDSA-ES384,L4-S,kontrol-ES384,kabul,uygulanamaz,bicim-desteklenmiyor,B6: MAPPING.md (API incelemesi),uygulanamaz,mirror:T5K_only_EdDSA-ES384 (accept-classical)
JOSE-002,SYN-T5K_only_EdDSA-ES384,L4-Y,kontrol-ES384,kabul,uygulanamaz,bicim-desteklenmiyor,B6: MAPPING.md (API incelemesi),uygulanamaz,mirror:T5K_only_EdDSA-ES384 (accept-classical)
JOSE-002,SYN-T5K_only_EdDSA-ES384,P0,kontrol-ES384,kabul,uygulanamaz,bicim-desteklenmiyor,B6: MAPPING.md (API incelemesi),uygulanamaz,mirror:T5K_only_EdDSA-ES384 (accept-classical)
JOSE-002,SYN-T5K_only_EdDSA-ES384,P1,kontrol-ES384,kabul,uygulanamaz,bicim-desteklenmiyor,B6: MAPPING.md (API incelemesi),uygulanamaz,mirror:T5K_only_EdDSA-ES384 (accept-classical)
JOSE-002,SYN-VC01_ES256_x5c,GEC,kontrol-ES384,kabul,uygulanamaz,bicim-desteklenmiyor,B6: MAPPING.md (API incelemesi),uygulanamaz,mirror:VC01_ES256_x5c (accept-classical)
JOSE-002,SYN-VC01_ES256_x5c,IZIN-A,kontrol-ES384,kabul,uygulanamaz,bicim-desteklenmiyor,B6: MAPPING.md (API incelemesi),uygulanamaz,mirror:VC01_ES256_x5c (accept-classical)
JOSE-002,SYN-VC01_ES256_x5c,IZIN-AX,kontrol-ES384,kabul,uygulanamaz,bicim-desteklenmiyor,B6: MAPPING.md (API incelemesi),uygulanamaz,mirror:VC01_ES256_x5c (accept-classical)
JOSE-002,SYN-VC01_ES256_x5c,P0,kontrol-ES384,kabul,uygulanamaz,bicim-desteklenmiyor,B6: MAPPING.md (API incelemesi),uygulanamaz,mirror:VC01_ES256_x5c (accept-classical)
JOSE-002,SYN-VC09_GJ_ES256_EdDSA-ES384,L4,kontrol-ES384,kabul,uygulanamaz,bicim-desteklenmiyor,B6: MAPPING.md (API incelemesi),uygulanamaz,mirror:VC09_GJ_ES256_EdDSA-ES384 (accept-classical)
JOSE-002,SYN-VC09_GJ_ES256_EdDSA-ES384,L4-S,kontrol-ES384,kabul,uygulanamaz,bicim-desteklenmiyor,B6: MAPPING.md (API incelemesi),uygulanamaz,mirror:VC09_GJ_ES256_EdDSA-ES384 (accept-classical)
JOSE-002,SYN-VC09_GJ_ES256_EdDSA-ES384,L4-Y,kontrol-ES384,kabul,uygulanamaz,bicim-desteklenmiyor,B6: MAPPING.md (API incelemesi),uygulanamaz,mirror:VC09_GJ_ES256_EdDSA-ES384 (accept-classical)
JOSE-002,SYN-VC09_GJ_ES256_EdDSA-ES384,P0,kontrol-ES384,kabul,uygulanamaz,bicim-desteklenmiyor,B6: MAPPING.md (API incelemesi),uygulanamaz,mirror:VC09_GJ_ES256_EdDSA-ES384 (accept-classical)
JOSE-002,SYN-VC09_GJ_ES256_EdDSA-ES384,P1,kontrol-ES384,kabul,uygulanamaz,bicim-desteklenmiyor,B6: MAPPING.md (API incelemesi),uygulanamaz,mirror:VC09_GJ_ES256_EdDSA-ES384 (accept-classical)
JOSE-002,SYN-VC09_GJ_ES256_EdDSA-SIRA-ters-ES384,L4,kontrol-ES384,kabul,uygulanamaz,bicim-desteklenmiyor,B6: MAPPING.md (API incelemesi),uygulanamaz,mirror:VC09_GJ_ES256_EdDSA-SIRA-ters-ES384 (accept-classical)
JOSE-002,SYN-VC09_GJ_ES256_EdDSA-SIRA-ters-ES384,L4-S,kontrol-ES384,kabul,uygulanamaz,bicim-desteklenmiyor,B6: MAPPING.md (API incelemesi),uygulanamaz,mirror:VC09_GJ_ES256_EdDSA-SIRA-ters-ES384 (accept-classical)
JOSE-002,SYN-VC09_GJ_ES256_EdDSA-SIRA-ters-ES384,L4-Y,kontrol-ES384,kabul,uygulanamaz,bicim-desteklenmiyor,B6: MAPPING.md (API incelemesi),uygulanamaz,mirror:VC09_GJ_ES256_EdDSA-SIRA-ters-ES384 (accept-classical)
JOSE-002,SYN-VC09_GJ_ES256_EdDSA-SIRA-ters-ES384,P0,kontrol-ES384,kabul,uygulanamaz,bicim-desteklenmiyor,B6: MAPPING.md (API incelemesi),uygulanamaz,mirror:VC09_GJ_ES256_EdDSA-SIRA-ters-ES384 (accept-classical)
JOSE-002,SYN-VC09_GJ_ES256_EdDSA-SIRA-ters-ES384,P1,kontrol-ES384,kabul,uygulanamaz,bicim-desteklenmiyor,B6: MAPPING.md (API incelemesi),uygulanamaz,mirror:VC09_GJ_ES256_EdDSA-SIRA-ters-ES384 (accept-classical)
JOSE-002,SYN-VPLUS_ES256,GEC,kontrol-ES384,kabul,kabul,,,uyumlu,mirror:VPLUS_ES256 (accept-classical)
JOSE-002,SYN-VPLUS_ES256,IZIN-A,kontrol-ES384,kabul,kabul,,,uyumlu,mirror:VPLUS_ES256 (accept-classical)
JOSE-002,SYN-VPLUS_ES256,IZIN-AX,kontrol-ES384,kabul,kabul,,,uyumlu,mirror:VPLUS_ES256 (accept-classical)
JOSE-002,SYN-VPLUS_ES256,P0,kontrol-ES384,kabul,kabul,,,uyumlu,mirror:VPLUS_ES256 (accept-classical)
JOSE-002,SYN-VPLUS_EdDSA-ES384,GEC,kontrol-ES384,kabul,kabul,,,uyumlu,mirror:VPLUS_EdDSA-ES384 (accept-classical)
JOSE-002,SYN-VPLUS_EdDSA-ES384,IZIN-AX,kontrol-ES384,kabul,kabul,,,uyumlu,mirror:VPLUS_EdDSA-ES384 (accept-classical)
JOSE-002,SYN-VPLUS_EdDSA-ES384,L4,kontrol-ES384,kabul,kabul,,,uyumlu,mirror:VPLUS_EdDSA-ES384 (accept-classical)
JOSE-002,SYN-VPLUS_EdDSA-ES384,L4-S,kontrol-ES384,kabul,kabul,,,uyumlu,mirror:VPLUS_EdDSA-ES384 (accept-classical)
JOSE-002,SYN-VPLUS_EdDSA-ES384,L4-Y,kontrol-ES384,kabul,kabul,,,uyumlu,mirror:VPLUS_EdDSA-ES384 (accept-classical)
JOSE-002,SYN-VPLUS_EdDSA-ES384,P0,kontrol-ES384,kabul,kabul,,,uyumlu,mirror:VPLUS_EdDSA-ES384 (accept-classical)
JOSE-009,SYN-COSE-K1K_iki_gecerli,L4,kontrol-EdDSA,kabul,uygulanamaz,bicim-desteklenmiyor,,uygulanamaz,mirror:COSE-K1K_iki_gecerli (accept-classical)
JOSE-009,SYN-COSE-K1K_iki_gecerli,L4-S,kontrol-EdDSA,kabul,uygulanamaz,bicim-desteklenmiyor,,uygulanamaz,mirror:COSE-K1K_iki_gecerli (accept-classical)
JOSE-009,SYN-COSE-K1K_iki_gecerli,L4-Y,kontrol-EdDSA,kabul,uygulanamaz,bicim-desteklenmiyor,,uygulanamaz,mirror:COSE-K1K_iki_gecerli (accept-classical)
JOSE-009,SYN-COSE-K1K_iki_gecerli,P0,kontrol-EdDSA,kabul,uygulanamaz,bicim-desteklenmiyor,,uygulanamaz,mirror:COSE-K1K_iki_gecerli (accept-classical)
JOSE-009,SYN-COSE-K1K_iki_gecerli,P1,kontrol-EdDSA,kabul,uygulanamaz,bicim-desteklenmiyor,,uygulanamaz,mirror:COSE-K1K_iki_gecerli (accept-classical)
JOSE-009,SYN-COSE-K1K_iki_gecerli-SIRA-ters,L4,kontrol-EdDSA,kabul,uygulanamaz,bicim-desteklenmiyor,,uygulanamaz,mirror:COSE-K1K_iki_gecerli-SIRA-ters (accept-classical)
JOSE-009,SYN-COSE-K1K_iki_gecerli-SIRA-ters,L4-S,kontrol-EdDSA,kabul,uygulanamaz,bicim-desteklenmiyor,,uygulanamaz,mirror:COSE-K1K_iki_gecerli-SIRA-ters (accept-classical)
JOSE-009,SYN-COSE-K1K_iki_gecerli-SIRA-ters,L4-Y,kontrol-EdDSA,kabul,uygulanamaz,bicim-desteklenmiyor,,uygulanamaz,mirror:COSE-K1K_iki_gecerli-SIRA-ters (accept-classical)
JOSE-009,SYN-COSE-K1K_iki_gecerli-SIRA-ters,P0,kontrol-EdDSA,kabul,uygulanamaz,bicim-desteklenmiyor,,uygulanamaz,mirror:COSE-K1K_iki_gecerli-SIRA-ters (accept-classical)
JOSE-009,SYN-COSE-K1K_iki_gecerli-SIRA-ters,P1,kontrol-EdDSA,kabul,uygulanamaz,bicim-desteklenmiyor,,uygulanamaz,mirror:COSE-K1K_iki_gecerli-SIRA-ters (accept-classical)
JOSE-009,SYN-COSE-K1P_iki_gecerli,L4,tedavi-ML-DSA-65,kabul,uygulanamaz,bicim-desteklenmiyor,,uygulanamaz,mirror:COSE-K1P_iki_gecerli (accept-hybrid)
JOSE-009,SYN-COSE-K1P_iki_gecerli,L4-S,tedavi-ML-DSA-65,kabul,uygulanamaz,bicim-desteklenmiyor,,uygulanamaz,mirror:COSE-K1P_iki_gecerli (accept-hybrid)
JOSE-009,SYN-COSE-K1P_iki_gecerli,L4-Y,tedavi-ML-DSA-65,kabul,uygulanamaz,bicim-desteklenmiyor,,uygulanamaz,mirror:COSE-K1P_iki_gecerli (accept-hybrid)
JOSE-009,SYN-COSE-K1P_iki_gecerli,P0,tedavi-ML-DSA-65,kabul,uygulanamaz,bicim-desteklenmiyor,,uygulanamaz,mirror:COSE-K1P_iki_gecerli (accept-classical)
JOSE-009,SYN-COSE-K1P_iki_gecerli,P1,tedavi-ML-DSA-65,kabul,uygulanamaz,bicim-desteklenmiyor,,uygulanamaz,mirror:COSE-K1P_iki_gecerli (accept-hybrid)
JOSE-009,SYN-COSE-K1P_iki_gecerli-SIRA-ters,L4,tedavi-ML-DSA-65,kabul,uygulanamaz,bicim-desteklenmiyor,,uygulanamaz,mirror:COSE-K1P_iki_gecerli-SIRA-ters (accept-hybrid)
JOSE-009,SYN-COSE-K1P_iki_gecerli-SIRA-ters,L4-S,tedavi-ML-DSA-65,kabul,uygulanamaz,bicim-desteklenmiyor,,uygulanamaz,mirror:COSE-K1P_iki_gecerli-SIRA-ters (accept-hybrid)
JOSE-009,SYN-COSE-K1P_iki_gecerli-SIRA-ters,L4-Y,tedavi-ML-DSA-65,kabul,uygulanamaz,bicim-desteklenmiyor,,uygulanamaz,mirror:COSE-K1P_iki_gecerli-SIRA-ters (accept-hybrid)
JOSE-009,SYN-COSE-K1P_iki_gecerli-SIRA-ters,P0,tedavi-ML-DSA-65,kabul,uygulanamaz,bicim-desteklenmiyor,,uygulanamaz,mirror:COSE-K1P_iki_gecerli-SIRA-ters (accept-classical)
JOSE-009,SYN-COSE-K1P_iki_gecerli-SIRA-ters,P1,tedavi-ML-DSA-65,kabul,uygulanamaz,bicim-desteklenmiyor,,uygulanamaz,mirror:COSE-K1P_iki_gecerli-SIRA-ters (accept-hybrid)
JOSE-009,SYN-COSE-K4K_yalniz_X,GEC,kontrol-EdDSA,kabul,uygulanamaz,bicim-desteklenmiyor,,uygulanamaz,mirror:COSE-K4K_yalniz_X (accept-classical)
JOSE-009,SYN-COSE-K4K_yalniz_X,IZIN-AX,kontrol-EdDSA,kabul,uygulanamaz,bicim-desteklenmiyor,,uygulanamaz,mirror:COSE-K4K_yalniz_X (accept-classical)
JOSE-009,SYN-COSE-K4K_yalniz_X,L4,kontrol-EdDSA,kabul,uygulanamaz,bicim-desteklenmiyor,,uygulanamaz,mirror:COSE-K4K_yalniz_X (accept-classical)
JOSE-009,SYN-COSE-K4K_yalniz_X,L4-S,kontrol-EdDSA,kabul,uygulanamaz,bicim-desteklenmiyor,,uygulanamaz,mirror:COSE-K4K_yalniz_X (accept-classical)
JOSE-009,SYN-COSE-K4K_yalniz_X,L4-Y,kontrol-EdDSA,kabul,uygulanamaz,bicim-desteklenmiyor,,uygulanamaz,mirror:COSE-K4K_yalniz_X (accept-classical)
JOSE-009,SYN-COSE-K4K_yalniz_X,P0,kontrol-EdDSA,kabul,uygulanamaz,bicim-desteklenmiyor,,uygulanamaz,mirror:COSE-K4K_yalniz_X (accept-classical)
JOSE-009,SYN-COSE-K4K_yalniz_X,P1,kontrol-EdDSA,kabul,uygulanamaz,bicim-desteklenmiyor,,uygulanamaz,mirror:COSE-K4K_yalniz_X (accept-classical)
JOSE-009,SYN-COSE-K4P_yalniz_X,GEC,tedavi-ML-DSA-65,kabul,uygulanamaz,bicim-desteklenmiyor,,uygulanamaz,mirror:COSE-K4P_yalniz_X (accept-hybrid)
JOSE-009,SYN-COSE-K4P_yalniz_X,IZIN-AX,tedavi-ML-DSA-65,kabul,uygulanamaz,bicim-desteklenmiyor,,uygulanamaz,mirror:COSE-K4P_yalniz_X (accept-hybrid)
JOSE-009,SYN-COSE-K4P_yalniz_X,L4,tedavi-ML-DSA-65,kabul,uygulanamaz,bicim-desteklenmiyor,,uygulanamaz,mirror:COSE-K4P_yalniz_X (accept-hybrid)
JOSE-009,SYN-COSE-K4P_yalniz_X,L4-S,tedavi-ML-DSA-65,kabul,uygulanamaz,bicim-desteklenmiyor,,uygulanamaz,mirror:COSE-K4P_yalniz_X (accept-hybrid)
JOSE-009,SYN-COSE-K4P_yalniz_X,L4-Y,tedavi-ML-DSA-65,kabul,uygulanamaz,bicim-desteklenmiyor,,uygulanamaz,mirror:COSE-K4P_yalniz_X (accept-hybrid)
JOSE-009,SYN-COSE-K4P_yalniz_X,P0,tedavi-ML-DSA-65,kabul,uygulanamaz,bicim-desteklenmiyor,,uygulanamaz,mirror:COSE-K4P_yalniz_X (accept-hybrid)
JOSE-009,SYN-COSE-K4P_yalniz_X,P1,tedavi-ML-DSA-65,kabul,uygulanamaz,bicim-desteklenmiyor,,uygulanamaz,mirror:COSE-K4P_yalniz_X (accept-hybrid)
JOSE-009,SYN-COSE-VPLUS_ES256,GEC,kontrol-EdDSA,kabul,uygulanamaz,bicim-desteklenmiyor,,uygulanamaz,mirror:COSE-VPLUS_ES256 (accept-classical)
JOSE-009,SYN-COSE-VPLUS_ES256,GEC,tedavi-ML-DSA-65,kabul,uygulanamaz,bicim-desteklenmiyor,,uygulanamaz,mirror:COSE-VPLUS_ES256 (accept-classical)
JOSE-009,SYN-COSE-VPLUS_ES256,IZIN-A,kontrol-EdDSA,kabul,uygulanamaz,bicim-desteklenmiyor,,uygulanamaz,mirror:COSE-VPLUS_ES256 (accept-classical)
JOSE-009,SYN-COSE-VPLUS_ES256,IZIN-A,tedavi-ML-DSA-65,kabul,uygulanamaz,bicim-desteklenmiyor,,uygulanamaz,mirror:COSE-VPLUS_ES256 (accept-classical)
JOSE-009,SYN-COSE-VPLUS_ES256,IZIN-AX,kontrol-EdDSA,kabul,uygulanamaz,bicim-desteklenmiyor,,uygulanamaz,mirror:COSE-VPLUS_ES256 (accept-classical)
JOSE-009,SYN-COSE-VPLUS_ES256,IZIN-AX,tedavi-ML-DSA-65,kabul,uygulanamaz,bicim-desteklenmiyor,,uygulanamaz,mirror:COSE-VPLUS_ES256 (accept-classical)
JOSE-009,SYN-COSE-VPLUS_ES256,P0,kontrol-EdDSA,kabul,uygulanamaz,bicim-desteklenmiyor,,uygulanamaz,mirror:COSE-VPLUS_ES256 (accept-classical)
JOSE-009,SYN-COSE-VPLUS_ES256,P0,tedavi-ML-DSA-65,kabul,uygulanamaz,bicim-desteklenmiyor,,uygulanamaz,mirror:COSE-VPLUS_ES256 (accept-classical)
JOSE-009,SYN-COSE-VPLUS_EdDSA,GEC,kontrol-EdDSA,kabul,uygulanamaz,bicim-desteklenmiyor,,uygulanamaz,mirror:COSE-VPLUS_EdDSA (accept-classical)
JOSE-009,SYN-COSE-VPLUS_EdDSA,IZIN-AX,kontrol-EdDSA,kabul,uygulanamaz,bicim-desteklenmiyor,,uygulanamaz,mirror:COSE-VPLUS_EdDSA (accept-classical)
JOSE-009,SYN-COSE-VPLUS_EdDSA,L4,kontrol-EdDSA,kabul,uygulanamaz,bicim-desteklenmiyor,,uygulanamaz,mirror:COSE-VPLUS_EdDSA (accept-classical)
JOSE-009,SYN-COSE-VPLUS_EdDSA,L4-S,kontrol-EdDSA,kabul,uygulanamaz,bicim-desteklenmiyor,,uygulanamaz,mirror:COSE-VPLUS_EdDSA (accept-classical)
JOSE-009,SYN-COSE-VPLUS_EdDSA,L4-Y,kontrol-EdDSA,kabul,uygulanamaz,bicim-desteklenmiyor,,uygulanamaz,mirror:COSE-VPLUS_EdDSA (accept-classical)
JOSE-009,SYN-COSE-VPLUS_EdDSA,P0,kontrol-EdDSA,kabul,uygulanamaz,bicim-desteklenmiyor,,uygulanamaz,mirror:COSE-VPLUS_EdDSA (accept-classical)
JOSE-009,SYN-COSE-VPLUS_ML-DSA-65,GEC,tedavi-ML-DSA-65,kabul,uygulanamaz,bicim-desteklenmiyor,,uygulanamaz,mirror:COSE-VPLUS_ML-DSA-65 (accept-hybrid)
JOSE-009,SYN-COSE-VPLUS_ML-DSA-65,IZIN-AX,tedavi-ML-DSA-65,kabul,uygulanamaz,bicim-desteklenmiyor,,uygulanamaz,mirror:COSE-VPLUS_ML-DSA-65 (accept-hybrid)
JOSE-009,SYN-COSE-VPLUS_ML-DSA-65,L4,tedavi-ML-DSA-65,kabul,uygulanamaz,bicim-desteklenmiyor,,uygulanamaz,mirror:COSE-VPLUS_ML-DSA-65 (accept-hybrid)
JOSE-009,SYN-COSE-VPLUS_ML-DSA-65,L4-S,tedavi-ML-DSA-65,kabul,uygulanamaz,bicim-desteklenmiyor,,uygulanamaz,mirror:COSE-VPLUS_ML-DSA-65 (accept-hybrid)
JOSE-009,SYN-COSE-VPLUS_ML-DSA-65,L4-Y,tedavi-ML-DSA-65,kabul,uygulanamaz,bicim-desteklenmiyor,,uygulanamaz,mirror:COSE-VPLUS_ML-DSA-65 (accept-hybrid)
JOSE-009,SYN-COSE-VPLUS_ML-DSA-65,P0,tedavi-ML-DSA-65,kabul,uygulanamaz,bicim-desteklenmiyor,,uygulanamaz,mirror:COSE-VPLUS_ML-DSA-65 (accept-hybrid)
JOSE-009,SYN-D-VCX_EdDSA_kid,GEC,kontrol-EdDSA,kabul,uygulanamaz,bicim-desteklenmiyor,,uygulanamaz,derived:analogue VPLUS_EdDSA (accept-classical)
JOSE-009,SYN-D-VCX_EdDSA_kid,IZIN-AX,kontrol-EdDSA,kabul,uygulanamaz,bicim-desteklenmiyor,,uygulanamaz,derived:analogue VPLUS_EdDSA (accept-classical)
JOSE-009,SYN-D-VCX_EdDSA_kid,L4,kontrol-EdDSA,kabul,uygulanamaz,bicim-desteklenmiyor,,uygulanamaz,derived:analogue VPLUS_EdDSA (accept-classical)
JOSE-009,SYN-D-VCX_EdDSA_kid,L4-S,kontrol-EdDSA,kabul,uygulanamaz,bicim-desteklenmiyor,,uygulanamaz,derived:analogue VPLUS_EdDSA (accept-classical)
JOSE-009,SYN-D-VCX_EdDSA_kid,L4-Y,kontrol-EdDSA,kabul,uygulanamaz,bicim-desteklenmiyor,,uygulanamaz,derived:analogue VPLUS_EdDSA (accept-classical)
JOSE-009,SYN-D-VCX_EdDSA_kid,P0,kontrol-EdDSA,kabul,uygulanamaz,bicim-desteklenmiyor,,uygulanamaz,derived:analogue VPLUS_EdDSA (accept-classical)
JOSE-009,SYN-L4C-COSE_eski_ES256,GEC,kontrol-EdDSA,kabul,uygulanamaz,bicim-desteklenmiyor,,uygulanamaz,mirror:L4C-COSE_eski_ES256 (accept-classical)
JOSE-009,SYN-L4C-COSE_eski_ES256,GEC,tedavi-ML-DSA-65,kabul,uygulanamaz,bicim-desteklenmiyor,,uygulanamaz,mirror:L4C-COSE_eski_ES256 (accept-classical)
JOSE-009,SYN-L4C-COSE_eski_ES256,IZIN-A,kontrol-EdDSA,kabul,uygulanamaz,bicim-desteklenmiyor,,uygulanamaz,mirror:L4C-COSE_eski_ES256 (accept-classical)
JOSE-009,SYN-L4C-COSE_eski_ES256,IZIN-A,tedavi-ML-DSA-65,kabul,uygulanamaz,bicim-desteklenmiyor,,uygulanamaz,mirror:L4C-COSE_eski_ES256 (accept-classical)
JOSE-009,SYN-L4C-COSE_eski_ES256,IZIN-AX,kontrol-EdDSA,kabul,uygulanamaz,bicim-desteklenmiyor,,uygulanamaz,mirror:L4C-COSE_eski_ES256 (accept-classical)
JOSE-009,SYN-L4C-COSE_eski_ES256,IZIN-AX,tedavi-ML-DSA-65,kabul,uygulanamaz,bicim-desteklenmiyor,,uygulanamaz,mirror:L4C-COSE_eski_ES256 (accept-classical)
JOSE-009,SYN-L4C-COSE_eski_ES256,L4,kontrol-EdDSA,kabul,uygulanamaz,bicim-desteklenmiyor,,uygulanamaz,mirror:L4C-COSE_eski_ES256 (accept-classical)
JOSE-009,SYN-L4C-COSE_eski_ES256,L4,tedavi-ML-DSA-65,kabul,uygulanamaz,bicim-desteklenmiyor,,uygulanamaz,mirror:L4C-COSE_eski_ES256 (accept-classical)
JOSE-009,SYN-L4C-COSE_eski_ES256,L4-S,kontrol-EdDSA,kabul,uygulanamaz,bicim-desteklenmiyor,,uygulanamaz,mirror:L4C-COSE_eski_ES256 (accept-classical)
JOSE-009,SYN-L4C-COSE_eski_ES256,L4-S,tedavi-ML-DSA-65,kabul,uygulanamaz,bicim-desteklenmiyor,,uygulanamaz,mirror:L4C-COSE_eski_ES256 (accept-classical)
JOSE-009,SYN-L4C-COSE_eski_ES256,L4-Y,kontrol-EdDSA,kabul,uygulanamaz,bicim-desteklenmiyor,,uygulanamaz,mirror:L4C-COSE_eski_ES256 (accept-classical)
JOSE-009,SYN-L4C-COSE_eski_ES256,L4-Y,tedavi-ML-DSA-65,kabul,uygulanamaz,bicim-desteklenmiyor,,uygulanamaz,mirror:L4C-COSE_eski_ES256 (accept-classical)
JOSE-009,SYN-L4C-JOSE_eski_ES256,GEC,kontrol-EdDSA,kabul,kabul,,,uyumlu,mirror:L4C-JOSE_eski_ES256 (accept-classical)
JOSE-009,SYN-L4C-JOSE_eski_ES256,GEC,tedavi-ML-DSA-65,kabul,kabul,,,uyumlu,mirror:L4C-JOSE_eski_ES256 (accept-classical)
JOSE-009,SYN-L4C-JOSE_eski_ES256,IZIN-A,kontrol-EdDSA,kabul,kabul,,,uyumlu,mirror:L4C-JOSE_eski_ES256 (accept-classical)
JOSE-009,SYN-L4C-JOSE_eski_ES256,IZIN-A,tedavi-ML-DSA-65,kabul,kabul,,,uyumlu,mirror:L4C-JOSE_eski_ES256 (accept-classical)
JOSE-009,SYN-L4C-JOSE_eski_ES256,IZIN-AX,kontrol-EdDSA,kabul,kabul,,,uyumlu,mirror:L4C-JOSE_eski_ES256 (accept-classical)
JOSE-009,SYN-L4C-JOSE_eski_ES256,IZIN-AX,tedavi-ML-DSA-65,kabul,kabul,,,uyumlu,mirror:L4C-JOSE_eski_ES256 (accept-classical)
JOSE-009,SYN-L4C-JOSE_eski_ES256,L4,kontrol-EdDSA,kabul,kabul,,,uyumlu,mirror:L4C-JOSE_eski_ES256 (accept-classical)
JOSE-009,SYN-L4C-JOSE_eski_ES256,L4,tedavi-ML-DSA-65,kabul,kabul,,,uyumlu,mirror:L4C-JOSE_eski_ES256 (accept-classical)
JOSE-009,SYN-L4C-JOSE_eski_ES256,L4-S,kontrol-EdDSA,kabul,ifade-edilemedi,,,ifade-edilemedi,mirror:L4C-JOSE_eski_ES256 (accept-classical)
JOSE-009,SYN-L4C-JOSE_eski_ES256,L4-S,tedavi-ML-DSA-65,kabul,ifade-edilemedi,,,ifade-edilemedi,mirror:L4C-JOSE_eski_ES256 (accept-classical)
JOSE-009,SYN-L4C-JOSE_eski_ES256,L4-Y,kontrol-EdDSA,kabul,kabul,,,uyumlu,mirror:L4C-JOSE_eski_ES256 (accept-classical)
JOSE-009,SYN-L4C-JOSE_eski_ES256,L4-Y,tedavi-ML-DSA-65,kabul,kabul,,,uyumlu,mirror:L4C-JOSE_eski_ES256 (accept-classical)
JOSE-009,SYN-T1K_both_valid,L4,kontrol-EdDSA,kabul,kabul,,,uyumlu,mirror:T1K_both_valid (accept-classical)
JOSE-009,SYN-T1K_both_valid,L4-S,kontrol-EdDSA,kabul,ifade-edilemedi,,,ifade-edilemedi,mirror:T1K_both_valid (accept-classical)
JOSE-009,SYN-T1K_both_valid,L4-Y,kontrol-EdDSA,kabul,kabul,,,uyumlu,mirror:T1K_both_valid (accept-classical)
JOSE-009,SYN-T1K_both_valid,P0,kontrol-EdDSA,kabul,kabul,,,uyumlu,mirror:T1K_both_valid (accept-classical)
JOSE-009,SYN-T1K_both_valid,P1,kontrol-EdDSA,kabul,kabul,,,uyumlu,mirror:T1K_both_valid (accept-classical)
JOSE-009,SYN-T1K_both_valid-SIRA-ters,L4,kontrol-EdDSA,kabul,kabul,,,uyumlu,mirror:T1K_both_valid-SIRA-ters (accept-classical)
JOSE-009,SYN-T1K_both_valid-SIRA-ters,L4-S,kontrol-EdDSA,kabul,ifade-edilemedi,,,ifade-edilemedi,mirror:T1K_both_valid-SIRA-ters (accept-classical)
JOSE-009,SYN-T1K_both_valid-SIRA-ters,L4-Y,kontrol-EdDSA,kabul,kabul,,,uyumlu,mirror:T1K_both_valid-SIRA-ters (accept-classical)
JOSE-009,SYN-T1K_both_valid-SIRA-ters,P0,kontrol-EdDSA,kabul,kabul,,,uyumlu,mirror:T1K_both_valid-SIRA-ters (accept-classical)
JOSE-009,SYN-T1K_both_valid-SIRA-ters,P1,kontrol-EdDSA,kabul,kabul,,,uyumlu,mirror:T1K_both_valid-SIRA-ters (accept-classical)
JOSE-009,SYN-T1P_both_valid,L4,tedavi-ML-DSA-65,kabul,kabul,,,uyumlu,mirror:T1P_both_valid (accept-hybrid)
JOSE-009,SYN-T1P_both_valid,L4-S,tedavi-ML-DSA-65,kabul,ifade-edilemedi,,,ifade-edilemedi,mirror:T1P_both_valid (accept-hybrid)
JOSE-009,SYN-T1P_both_valid,L4-Y,tedavi-ML-DSA-65,kabul,kabul,,,uyumlu,mirror:T1P_both_valid (accept-hybrid)
JOSE-009,SYN-T1P_both_valid,P0,tedavi-ML-DSA-65,kabul,kabul,,,uyumlu,mirror:T1P_both_valid (accept-classical)
JOSE-009,SYN-T1P_both_valid,P1,tedavi-ML-DSA-65,kabul,kabul,,,uyumlu,mirror:T1P_both_valid (accept-hybrid)
JOSE-009,SYN-T1P_both_valid-SIRA-ters,L4,tedavi-ML-DSA-65,kabul,kabul,,,uyumlu,mirror:T1P_both_valid-SIRA-ters (accept-hybrid)
JOSE-009,SYN-T1P_both_valid-SIRA-ters,L4-S,tedavi-ML-DSA-65,kabul,ifade-edilemedi,,,ifade-edilemedi,mirror:T1P_both_valid-SIRA-ters (accept-hybrid)
JOSE-009,SYN-T1P_both_valid-SIRA-ters,L4-Y,tedavi-ML-DSA-65,kabul,kabul,,,uyumlu,mirror:T1P_both_valid-SIRA-ters (accept-hybrid)
JOSE-009,SYN-T1P_both_valid-SIRA-ters,P0,tedavi-ML-DSA-65,kabul,kabul,,,uyumlu,mirror:T1P_both_valid-SIRA-ters (accept-classical)
JOSE-009,SYN-T1P_both_valid-SIRA-ters,P1,tedavi-ML-DSA-65,kabul,kabul,,,uyumlu,mirror:T1P_both_valid-SIRA-ters (accept-hybrid)
JOSE-009,SYN-T5K_only_EdDSA,GEC,kontrol-EdDSA,kabul,kabul,,,uyumlu,mirror:T5K_only_EdDSA (accept-classical)
JOSE-009,SYN-T5K_only_EdDSA,IZIN-AX,kontrol-EdDSA,kabul,kabul,,,uyumlu,mirror:T5K_only_EdDSA (accept-classical)
JOSE-009,SYN-T5K_only_EdDSA,L4,kontrol-EdDSA,kabul,kabul,,,uyumlu,mirror:T5K_only_EdDSA (accept-classical)
JOSE-009,SYN-T5K_only_EdDSA,L4-S,kontrol-EdDSA,kabul,ifade-edilemedi,,,ifade-edilemedi,mirror:T5K_only_EdDSA (accept-classical)
JOSE-009,SYN-T5K_only_EdDSA,L4-Y,kontrol-EdDSA,kabul,kabul,,,uyumlu,mirror:T5K_only_EdDSA (accept-classical)
JOSE-009,SYN-T5K_only_EdDSA,P0,kontrol-EdDSA,kabul,kabul,,,uyumlu,mirror:T5K_only_EdDSA (accept-classical)
JOSE-009,SYN-T5K_only_EdDSA,P1,kontrol-EdDSA,kabul,kabul,,,uyumlu,mirror:T5K_only_EdDSA (accept-classical)
JOSE-009,SYN-T5P_only_ML-DSA-65,GEC,tedavi-ML-DSA-65,kabul,kabul,,,uyumlu,mirror:T5P_only_ML-DSA-65 (accept-hybrid)
JOSE-009,SYN-T5P_only_ML-DSA-65,IZIN-AX,tedavi-ML-DSA-65,kabul,kabul,,,uyumlu,mirror:T5P_only_ML-DSA-65 (accept-hybrid)
JOSE-009,SYN-T5P_only_ML-DSA-65,L4,tedavi-ML-DSA-65,kabul,kabul,,,uyumlu,mirror:T5P_only_ML-DSA-65 (accept-hybrid)
JOSE-009,SYN-T5P_only_ML-DSA-65,L4-S,tedavi-ML-DSA-65,kabul,ifade-edilemedi,,,ifade-edilemedi,mirror:T5P_only_ML-DSA-65 (accept-hybrid)
JOSE-009,SYN-T5P_only_ML-DSA-65,L4-Y,tedavi-ML-DSA-65,kabul,kabul,,,uyumlu,mirror:T5P_only_ML-DSA-65 (accept-hybrid)
JOSE-009,SYN-T5P_only_ML-DSA-65,P0,tedavi-ML-DSA-65,kabul,kabul,,,uyumlu,mirror:T5P_only_ML-DSA-65 (accept-hybrid)
JOSE-009,SYN-T5P_only_ML-DSA-65,P1,tedavi-ML-DSA-65,kabul,kabul,,,uyumlu,mirror:T5P_only_ML-DSA-65 (accept-hybrid)
JOSE-009,SYN-VC01_ES256_x5c,GEC,kontrol-EdDSA,kabul,uygulanamaz,bicim-desteklenmiyor,,uygulanamaz,mirror:VC01_ES256_x5c (accept-classical)
JOSE-009,SYN-VC01_ES256_x5c,GEC,tedavi-ML-DSA-65,kabul,uygulanamaz,bicim-desteklenmiyor,,uygulanamaz,mirror:VC01_ES256_x5c (accept-classical)
JOSE-009,SYN-VC01_ES256_x5c,IZIN-A,kontrol-EdDSA,kabul,uygulanamaz,bicim-desteklenmiyor,,uygulanamaz,mirror:VC01_ES256_x5c (accept-classical)
JOSE-009,SYN-VC01_ES256_x5c,IZIN-A,tedavi-ML-DSA-65,kabul,uygulanamaz,bicim-desteklenmiyor,,uygulanamaz,mirror:VC01_ES256_x5c (accept-classical)
JOSE-009,SYN-VC01_ES256_x5c,IZIN-AX,kontrol-EdDSA,kabul,uygulanamaz,bicim-desteklenmiyor,,uygulanamaz,mirror:VC01_ES256_x5c (accept-classical)
JOSE-009,SYN-VC01_ES256_x5c,IZIN-AX,tedavi-ML-DSA-65,kabul,uygulanamaz,bicim-desteklenmiyor,,uygulanamaz,mirror:VC01_ES256_x5c (accept-classical)
JOSE-009,SYN-VC01_ES256_x5c,P0,kontrol-EdDSA,kabul,uygulanamaz,bicim-desteklenmiyor,,uygulanamaz,mirror:VC01_ES256_x5c (accept-classical)
JOSE-009,SYN-VC01_ES256_x5c,P0,tedavi-ML-DSA-65,kabul,uygulanamaz,bicim-desteklenmiyor,,uygulanamaz,mirror:VC01_ES256_x5c (accept-classical)
JOSE-009,SYN-VC02_MLDSA65_x5c,GEC,tedavi-ML-DSA-65,kabul,uygulanamaz,bicim-desteklenmiyor,,uygulanamaz,mirror:VC02_MLDSA65_x5c (accept-hybrid)
JOSE-009,SYN-VC02_MLDSA65_x5c,IZIN-AX,tedavi-ML-DSA-65,kabul,uygulanamaz,bicim-desteklenmiyor,,uygulanamaz,mirror:VC02_MLDSA65_x5c (accept-hybrid)
JOSE-009,SYN-VC02_MLDSA65_x5c,L4,tedavi-ML-DSA-65,kabul,uygulanamaz,bicim-desteklenmiyor,,uygulanamaz,mirror:VC02_MLDSA65_x5c (accept-hybrid)
JOSE-009,SYN-VC02_MLDSA65_x5c,L4-S,tedavi-ML-DSA-65,kabul,uygulanamaz,bicim-desteklenmiyor,,uygulanamaz,mirror:VC02_MLDSA65_x5c (accept-hybrid)
JOSE-009,SYN-VC02_MLDSA65_x5c,L4-Y,tedavi-ML-DSA-65,kabul,uygulanamaz,bicim-desteklenmiyor,,uygulanamaz,mirror:VC02_MLDSA65_x5c (accept-hybrid)
JOSE-009,SYN-VC02_MLDSA65_x5c,P0,tedavi-ML-DSA-65,kabul,uygulanamaz,bicim-desteklenmiyor,,uygulanamaz,mirror:VC02_MLDSA65_x5c (accept-hybrid)
JOSE-009,SYN-VC07_GJ_ES256_MLDSA65,L4,tedavi-ML-DSA-65,kabul,uygulanamaz,bicim-desteklenmiyor,,uygulanamaz,mirror:VC07_GJ_ES256_MLDSA65 (accept-hybrid)
JOSE-009,SYN-VC07_GJ_ES256_MLDSA65,L4-S,tedavi-ML-DSA-65,kabul,uygulanamaz,bicim-desteklenmiyor,,uygulanamaz,mirror:VC07_GJ_ES256_MLDSA65 (accept-hybrid)
JOSE-009,SYN-VC07_GJ_ES256_MLDSA65,L4-Y,tedavi-ML-DSA-65,kabul,uygulanamaz,bicim-desteklenmiyor,,uygulanamaz,mirror:VC07_GJ_ES256_MLDSA65 (accept-hybrid)
JOSE-009,SYN-VC07_GJ_ES256_MLDSA65,P0,tedavi-ML-DSA-65,kabul,uygulanamaz,bicim-desteklenmiyor,,uygulanamaz,mirror:VC07_GJ_ES256_MLDSA65 (accept-classical)
JOSE-009,SYN-VC07_GJ_ES256_MLDSA65,P1,tedavi-ML-DSA-65,kabul,uygulanamaz,bicim-desteklenmiyor,,uygulanamaz,mirror:VC07_GJ_ES256_MLDSA65 (accept-hybrid)
JOSE-009,SYN-VC07_GJ_ES256_MLDSA65-SIRA-ters,L4,tedavi-ML-DSA-65,kabul,uygulanamaz,bicim-desteklenmiyor,,uygulanamaz,mirror:VC07_GJ_ES256_MLDSA65-SIRA-ters (accept-hybrid)
JOSE-009,SYN-VC07_GJ_ES256_MLDSA65-SIRA-ters,L4-S,tedavi-ML-DSA-65,kabul,uygulanamaz,bicim-desteklenmiyor,,uygulanamaz,mirror:VC07_GJ_ES256_MLDSA65-SIRA-ters (accept-hybrid)
JOSE-009,SYN-VC07_GJ_ES256_MLDSA65-SIRA-ters,L4-Y,tedavi-ML-DSA-65,kabul,uygulanamaz,bicim-desteklenmiyor,,uygulanamaz,mirror:VC07_GJ_ES256_MLDSA65-SIRA-ters (accept-hybrid)
JOSE-009,SYN-VC07_GJ_ES256_MLDSA65-SIRA-ters,P0,tedavi-ML-DSA-65,kabul,uygulanamaz,bicim-desteklenmiyor,,uygulanamaz,mirror:VC07_GJ_ES256_MLDSA65-SIRA-ters (accept-classical)
JOSE-009,SYN-VC07_GJ_ES256_MLDSA65-SIRA-ters,P1,tedavi-ML-DSA-65,kabul,uygulanamaz,bicim-desteklenmiyor,,uygulanamaz,mirror:VC07_GJ_ES256_MLDSA65-SIRA-ters (accept-hybrid)
JOSE-009,SYN-VC09_GJ_ES256_EdDSA,L4,kontrol-EdDSA,kabul,uygulanamaz,bicim-desteklenmiyor,,uygulanamaz,mirror:VC09_GJ_ES256_EdDSA (accept-classical)
JOSE-009,SYN-VC09_GJ_ES256_EdDSA,L4-S,kontrol-EdDSA,kabul,uygulanamaz,bicim-desteklenmiyor,,uygulanamaz,mirror:VC09_GJ_ES256_EdDSA (accept-classical)
JOSE-009,SYN-VC09_GJ_ES256_EdDSA,L4-Y,kontrol-EdDSA,kabul,uygulanamaz,bicim-desteklenmiyor,,uygulanamaz,mirror:VC09_GJ_ES256_EdDSA (accept-classical)
JOSE-009,SYN-VC09_GJ_ES256_EdDSA,P0,kontrol-EdDSA,kabul,uygulanamaz,bicim-desteklenmiyor,,uygulanamaz,mirror:VC09_GJ_ES256_EdDSA (accept-classical)
JOSE-009,SYN-VC09_GJ_ES256_EdDSA,P1,kontrol-EdDSA,kabul,uygulanamaz,bicim-desteklenmiyor,,uygulanamaz,mirror:VC09_GJ_ES256_EdDSA (accept-classical)
JOSE-009,SYN-VC09_GJ_ES256_EdDSA-SIRA-ters,L4,kontrol-EdDSA,kabul,uygulanamaz,bicim-desteklenmiyor,,uygulanamaz,mirror:VC09_GJ_ES256_EdDSA-SIRA-ters (accept-classical)
JOSE-009,SYN-VC09_GJ_ES256_EdDSA-SIRA-ters,L4-S,kontrol-EdDSA,kabul,uygulanamaz,bicim-desteklenmiyor,,uygulanamaz,mirror:VC09_GJ_ES256_EdDSA-SIRA-ters (accept-classical)
JOSE-009,SYN-VC09_GJ_ES256_EdDSA-SIRA-ters,L4-Y,kontrol-EdDSA,kabul,uygulanamaz,bicim-desteklenmiyor,,uygulanamaz,mirror:VC09_GJ_ES256_EdDSA-SIRA-ters (accept-classical)
JOSE-009,SYN-VC09_GJ_ES256_EdDSA-SIRA-ters,P0,kontrol-EdDSA,kabul,uygulanamaz,bicim-desteklenmiyor,,uygulanamaz,mirror:VC09_GJ_ES256_EdDSA-SIRA-ters (accept-classical)
JOSE-009,SYN-VC09_GJ_ES256_EdDSA-SIRA-ters,P1,kontrol-EdDSA,kabul,uygulanamaz,bicim-desteklenmiyor,,uygulanamaz,mirror:VC09_GJ_ES256_EdDSA-SIRA-ters (accept-classical)
JOSE-009,SYN-VPLUS_ES256,GEC,kontrol-EdDSA,kabul,kabul,,,uyumlu,mirror:VPLUS_ES256 (accept-classical)
JOSE-009,SYN-VPLUS_ES256,GEC,tedavi-ML-DSA-65,kabul,kabul,,,uyumlu,mirror:VPLUS_ES256 (accept-classical)
JOSE-009,SYN-VPLUS_ES256,IZIN-A,kontrol-EdDSA,kabul,kabul,,,uyumlu,mirror:VPLUS_ES256 (accept-classical)
JOSE-009,SYN-VPLUS_ES256,IZIN-A,tedavi-ML-DSA-65,kabul,kabul,,,uyumlu,mirror:VPLUS_ES256 (accept-classical)
JOSE-009,SYN-VPLUS_ES256,IZIN-AX,kontrol-EdDSA,kabul,kabul,,,uyumlu,mirror:VPLUS_ES256 (accept-classical)
JOSE-009,SYN-VPLUS_ES256,IZIN-AX,tedavi-ML-DSA-65,kabul,kabul,,,uyumlu,mirror:VPLUS_ES256 (accept-classical)
JOSE-009,SYN-VPLUS_ES256,P0,kontrol-EdDSA,kabul,kabul,,,uyumlu,mirror:VPLUS_ES256 (accept-classical)
JOSE-009,SYN-VPLUS_ES256,P0,tedavi-ML-DSA-65,kabul,kabul,,,uyumlu,mirror:VPLUS_ES256 (accept-classical)
JOSE-009,SYN-VPLUS_EdDSA,GEC,kontrol-EdDSA,kabul,kabul,,,uyumlu,mirror:VPLUS_EdDSA (accept-classical)
JOSE-009,SYN-VPLUS_EdDSA,IZIN-AX,kontrol-EdDSA,kabul,kabul,,,uyumlu,mirror:VPLUS_EdDSA (accept-classical)
JOSE-009,SYN-VPLUS_EdDSA,L4,kontrol-EdDSA,kabul,kabul,,,uyumlu,mirror:VPLUS_EdDSA (accept-classical)
JOSE-009,SYN-VPLUS_EdDSA,L4-S,kontrol-EdDSA,kabul,ifade-edilemedi,,,ifade-edilemedi,mirror:VPLUS_EdDSA (accept-classical)
JOSE-009,SYN-VPLUS_EdDSA,L4-Y,kontrol-EdDSA,kabul,kabul,,,uyumlu,mirror:VPLUS_EdDSA (accept-classical)
JOSE-009,SYN-VPLUS_EdDSA,P0,kontrol-EdDSA,kabul,kabul,,,uyumlu,mirror:VPLUS_EdDSA (accept-classical)
JOSE-009,SYN-VPLUS_ML-DSA-65,GEC,tedavi-ML-DSA-65,kabul,kabul,,,uyumlu,mirror:VPLUS_ML-DSA-65 (accept-hybrid)
JOSE-009,SYN-VPLUS_ML-DSA-65,IZIN-AX,tedavi-ML-DSA-65,kabul,kabul,,,uyumlu,mirror:VPLUS_ML-DSA-65 (accept-hybrid)
JOSE-009,SYN-VPLUS_ML-DSA-65,L4,tedavi-ML-DSA-65,kabul,kabul,,,uyumlu,mirror:VPLUS_ML-DSA-65 (accept-hybrid)
JOSE-009,SYN-VPLUS_ML-DSA-65,L4-S,tedavi-ML-DSA-65,kabul,ifade-edilemedi,,,ifade-edilemedi,mirror:VPLUS_ML-DSA-65 (accept-hybrid)
JOSE-009,SYN-VPLUS_ML-DSA-65,L4-Y,tedavi-ML-DSA-65,kabul,kabul,,,uyumlu,mirror:VPLUS_ML-DSA-65 (accept-hybrid)
JOSE-009,SYN-VPLUS_ML-DSA-65,P0,tedavi-ML-DSA-65,kabul,kabul,,,uyumlu,mirror:VPLUS_ML-DSA-65 (accept-hybrid)
JOSE-031,SYN-COSE-K1K_iki_gecerli,L4,kontrol-EdDSA,kabul,uygulanamaz,bicim-desteklenmiyor,B6: MAPPING.md (API incelemesi),uygulanamaz,mirror:COSE-K1K_iki_gecerli (accept-classical)
JOSE-031,SYN-COSE-K1K_iki_gecerli,L4-S,kontrol-EdDSA,kabul,uygulanamaz,bicim-desteklenmiyor,B6: MAPPING.md (API incelemesi),uygulanamaz,mirror:COSE-K1K_iki_gecerli (accept-classical)
JOSE-031,SYN-COSE-K1K_iki_gecerli,L4-Y,kontrol-EdDSA,kabul,uygulanamaz,bicim-desteklenmiyor,B6: MAPPING.md (API incelemesi),uygulanamaz,mirror:COSE-K1K_iki_gecerli (accept-classical)
JOSE-031,SYN-COSE-K1K_iki_gecerli,P0,kontrol-EdDSA,kabul,uygulanamaz,bicim-desteklenmiyor,B6: MAPPING.md (API incelemesi),uygulanamaz,mirror:COSE-K1K_iki_gecerli (accept-classical)
JOSE-031,SYN-COSE-K1K_iki_gecerli,P1,kontrol-EdDSA,kabul,uygulanamaz,bicim-desteklenmiyor,B6: MAPPING.md (API incelemesi),uygulanamaz,mirror:COSE-K1K_iki_gecerli (accept-classical)
JOSE-031,SYN-COSE-K1K_iki_gecerli-SIRA-ters,L4,kontrol-EdDSA,kabul,uygulanamaz,bicim-desteklenmiyor,B6: MAPPING.md (API incelemesi),uygulanamaz,mirror:COSE-K1K_iki_gecerli-SIRA-ters (accept-classical)
JOSE-031,SYN-COSE-K1K_iki_gecerli-SIRA-ters,L4-S,kontrol-EdDSA,kabul,uygulanamaz,bicim-desteklenmiyor,B6: MAPPING.md (API incelemesi),uygulanamaz,mirror:COSE-K1K_iki_gecerli-SIRA-ters (accept-classical)
JOSE-031,SYN-COSE-K1K_iki_gecerli-SIRA-ters,L4-Y,kontrol-EdDSA,kabul,uygulanamaz,bicim-desteklenmiyor,B6: MAPPING.md (API incelemesi),uygulanamaz,mirror:COSE-K1K_iki_gecerli-SIRA-ters (accept-classical)
JOSE-031,SYN-COSE-K1K_iki_gecerli-SIRA-ters,P0,kontrol-EdDSA,kabul,uygulanamaz,bicim-desteklenmiyor,B6: MAPPING.md (API incelemesi),uygulanamaz,mirror:COSE-K1K_iki_gecerli-SIRA-ters (accept-classical)
JOSE-031,SYN-COSE-K1K_iki_gecerli-SIRA-ters,P1,kontrol-EdDSA,kabul,uygulanamaz,bicim-desteklenmiyor,B6: MAPPING.md (API incelemesi),uygulanamaz,mirror:COSE-K1K_iki_gecerli-SIRA-ters (accept-classical)
JOSE-031,SYN-COSE-K4K_yalniz_X,GEC,kontrol-EdDSA,kabul,uygulanamaz,bicim-desteklenmiyor,B6: MAPPING.md (API incelemesi),uygulanamaz,mirror:COSE-K4K_yalniz_X (accept-classical)
JOSE-031,SYN-COSE-K4K_yalniz_X,IZIN-AX,kontrol-EdDSA,kabul,uygulanamaz,bicim-desteklenmiyor,B6: MAPPING.md (API incelemesi),uygulanamaz,mirror:COSE-K4K_yalniz_X (accept-classical)
JOSE-031,SYN-COSE-K4K_yalniz_X,L4,kontrol-EdDSA,kabul,uygulanamaz,bicim-desteklenmiyor,B6: MAPPING.md (API incelemesi),uygulanamaz,mirror:COSE-K4K_yalniz_X (accept-classical)
JOSE-031,SYN-COSE-K4K_yalniz_X,L4-S,kontrol-EdDSA,kabul,uygulanamaz,bicim-desteklenmiyor,B6: MAPPING.md (API incelemesi),uygulanamaz,mirror:COSE-K4K_yalniz_X (accept-classical)
JOSE-031,SYN-COSE-K4K_yalniz_X,L4-Y,kontrol-EdDSA,kabul,uygulanamaz,bicim-desteklenmiyor,B6: MAPPING.md (API incelemesi),uygulanamaz,mirror:COSE-K4K_yalniz_X (accept-classical)
JOSE-031,SYN-COSE-K4K_yalniz_X,P0,kontrol-EdDSA,kabul,uygulanamaz,bicim-desteklenmiyor,B6: MAPPING.md (API incelemesi),uygulanamaz,mirror:COSE-K4K_yalniz_X (accept-classical)
JOSE-031,SYN-COSE-K4K_yalniz_X,P1,kontrol-EdDSA,kabul,uygulanamaz,bicim-desteklenmiyor,B6: MAPPING.md (API incelemesi),uygulanamaz,mirror:COSE-K4K_yalniz_X (accept-classical)
JOSE-031,SYN-COSE-VPLUS_ES256,GEC,kontrol-EdDSA,kabul,uygulanamaz,bicim-desteklenmiyor,B6: MAPPING.md (API incelemesi),uygulanamaz,mirror:COSE-VPLUS_ES256 (accept-classical)
JOSE-031,SYN-COSE-VPLUS_ES256,IZIN-A,kontrol-EdDSA,kabul,uygulanamaz,bicim-desteklenmiyor,B6: MAPPING.md (API incelemesi),uygulanamaz,mirror:COSE-VPLUS_ES256 (accept-classical)
JOSE-031,SYN-COSE-VPLUS_ES256,IZIN-AX,kontrol-EdDSA,kabul,uygulanamaz,bicim-desteklenmiyor,B6: MAPPING.md (API incelemesi),uygulanamaz,mirror:COSE-VPLUS_ES256 (accept-classical)
JOSE-031,SYN-COSE-VPLUS_ES256,P0,kontrol-EdDSA,kabul,uygulanamaz,bicim-desteklenmiyor,B6: MAPPING.md (API incelemesi),uygulanamaz,mirror:COSE-VPLUS_ES256 (accept-classical)
JOSE-031,SYN-COSE-VPLUS_EdDSA,GEC,kontrol-EdDSA,kabul,uygulanamaz,bicim-desteklenmiyor,B6: MAPPING.md (API incelemesi),uygulanamaz,mirror:COSE-VPLUS_EdDSA (accept-classical)
JOSE-031,SYN-COSE-VPLUS_EdDSA,IZIN-AX,kontrol-EdDSA,kabul,uygulanamaz,bicim-desteklenmiyor,B6: MAPPING.md (API incelemesi),uygulanamaz,mirror:COSE-VPLUS_EdDSA (accept-classical)
JOSE-031,SYN-COSE-VPLUS_EdDSA,L4,kontrol-EdDSA,kabul,uygulanamaz,bicim-desteklenmiyor,B6: MAPPING.md (API incelemesi),uygulanamaz,mirror:COSE-VPLUS_EdDSA (accept-classical)
JOSE-031,SYN-COSE-VPLUS_EdDSA,L4-S,kontrol-EdDSA,kabul,uygulanamaz,bicim-desteklenmiyor,B6: MAPPING.md (API incelemesi),uygulanamaz,mirror:COSE-VPLUS_EdDSA (accept-classical)
JOSE-031,SYN-COSE-VPLUS_EdDSA,L4-Y,kontrol-EdDSA,kabul,uygulanamaz,bicim-desteklenmiyor,B6: MAPPING.md (API incelemesi),uygulanamaz,mirror:COSE-VPLUS_EdDSA (accept-classical)
JOSE-031,SYN-COSE-VPLUS_EdDSA,P0,kontrol-EdDSA,kabul,uygulanamaz,bicim-desteklenmiyor,B6: MAPPING.md (API incelemesi),uygulanamaz,mirror:COSE-VPLUS_EdDSA (accept-classical)
JOSE-031,SYN-D-VCX_EdDSA_kid,GEC,kontrol-EdDSA,kabul,uygulanamaz,bicim-desteklenmiyor,B6: MAPPING.md (API incelemesi),uygulanamaz,derived:analogue VPLUS_EdDSA (accept-classical)
JOSE-031,SYN-D-VCX_EdDSA_kid,IZIN-AX,kontrol-EdDSA,kabul,uygulanamaz,bicim-desteklenmiyor,B6: MAPPING.md (API incelemesi),uygulanamaz,derived:analogue VPLUS_EdDSA (accept-classical)
JOSE-031,SYN-D-VCX_EdDSA_kid,L4,kontrol-EdDSA,kabul,uygulanamaz,bicim-desteklenmiyor,B6: MAPPING.md (API incelemesi),uygulanamaz,derived:analogue VPLUS_EdDSA (accept-classical)
JOSE-031,SYN-D-VCX_EdDSA_kid,L4-S,kontrol-EdDSA,kabul,uygulanamaz,bicim-desteklenmiyor,B6: MAPPING.md (API incelemesi),uygulanamaz,derived:analogue VPLUS_EdDSA (accept-classical)
JOSE-031,SYN-D-VCX_EdDSA_kid,L4-Y,kontrol-EdDSA,kabul,uygulanamaz,bicim-desteklenmiyor,B6: MAPPING.md (API incelemesi),uygulanamaz,derived:analogue VPLUS_EdDSA (accept-classical)
JOSE-031,SYN-D-VCX_EdDSA_kid,P0,kontrol-EdDSA,kabul,uygulanamaz,bicim-desteklenmiyor,B6: MAPPING.md (API incelemesi),uygulanamaz,derived:analogue VPLUS_EdDSA (accept-classical)
JOSE-031,SYN-L4C-COSE_eski_ES256,GEC,kontrol-EdDSA,kabul,uygulanamaz,bicim-desteklenmiyor,B6: MAPPING.md (API incelemesi),uygulanamaz,mirror:L4C-COSE_eski_ES256 (accept-classical)
JOSE-031,SYN-L4C-COSE_eski_ES256,IZIN-A,kontrol-EdDSA,kabul,uygulanamaz,bicim-desteklenmiyor,B6: MAPPING.md (API incelemesi),uygulanamaz,mirror:L4C-COSE_eski_ES256 (accept-classical)
JOSE-031,SYN-L4C-COSE_eski_ES256,IZIN-AX,kontrol-EdDSA,kabul,uygulanamaz,bicim-desteklenmiyor,B6: MAPPING.md (API incelemesi),uygulanamaz,mirror:L4C-COSE_eski_ES256 (accept-classical)
JOSE-031,SYN-L4C-COSE_eski_ES256,L4,kontrol-EdDSA,kabul,uygulanamaz,bicim-desteklenmiyor,B6: MAPPING.md (API incelemesi),uygulanamaz,mirror:L4C-COSE_eski_ES256 (accept-classical)
JOSE-031,SYN-L4C-COSE_eski_ES256,L4-S,kontrol-EdDSA,kabul,uygulanamaz,bicim-desteklenmiyor,B6: MAPPING.md (API incelemesi),uygulanamaz,mirror:L4C-COSE_eski_ES256 (accept-classical)
JOSE-031,SYN-L4C-COSE_eski_ES256,L4-Y,kontrol-EdDSA,kabul,uygulanamaz,bicim-desteklenmiyor,B6: MAPPING.md (API incelemesi),uygulanamaz,mirror:L4C-COSE_eski_ES256 (accept-classical)
JOSE-031,SYN-L4C-JOSE_eski_ES256,GEC,kontrol-EdDSA,kabul,kabul,,,uyumlu,mirror:L4C-JOSE_eski_ES256 (accept-classical)
JOSE-031,SYN-L4C-JOSE_eski_ES256,IZIN-A,kontrol-EdDSA,kabul,kabul,,,uyumlu,mirror:L4C-JOSE_eski_ES256 (accept-classical)
JOSE-031,SYN-L4C-JOSE_eski_ES256,IZIN-AX,kontrol-EdDSA,kabul,kabul,,,uyumlu,mirror:L4C-JOSE_eski_ES256 (accept-classical)
JOSE-031,SYN-L4C-JOSE_eski_ES256,L4,kontrol-EdDSA,kabul,kabul,,,uyumlu,mirror:L4C-JOSE_eski_ES256 (accept-classical)
JOSE-031,SYN-L4C-JOSE_eski_ES256,L4-S,kontrol-EdDSA,kabul,kabul,,,uyumlu,mirror:L4C-JOSE_eski_ES256 (accept-classical)
JOSE-031,SYN-L4C-JOSE_eski_ES256,L4-Y,kontrol-EdDSA,kabul,kabul,,,uyumlu,mirror:L4C-JOSE_eski_ES256 (accept-classical)
JOSE-031,SYN-T1K_both_valid,L4,kontrol-EdDSA,kabul,uygulanamaz,bicim-desteklenmiyor,B6: MAPPING.md (API incelemesi),uygulanamaz,mirror:T1K_both_valid (accept-classical)
JOSE-031,SYN-T1K_both_valid,L4-S,kontrol-EdDSA,kabul,uygulanamaz,bicim-desteklenmiyor,B6: MAPPING.md (API incelemesi),uygulanamaz,mirror:T1K_both_valid (accept-classical)
JOSE-031,SYN-T1K_both_valid,L4-Y,kontrol-EdDSA,kabul,uygulanamaz,bicim-desteklenmiyor,B6: MAPPING.md (API incelemesi),uygulanamaz,mirror:T1K_both_valid (accept-classical)
JOSE-031,SYN-T1K_both_valid,P0,kontrol-EdDSA,kabul,uygulanamaz,bicim-desteklenmiyor,B6: MAPPING.md (API incelemesi),uygulanamaz,mirror:T1K_both_valid (accept-classical)
JOSE-031,SYN-T1K_both_valid,P1,kontrol-EdDSA,kabul,uygulanamaz,bicim-desteklenmiyor,B6: MAPPING.md (API incelemesi),uygulanamaz,mirror:T1K_both_valid (accept-classical)
JOSE-031,SYN-T1K_both_valid-SIRA-ters,L4,kontrol-EdDSA,kabul,uygulanamaz,bicim-desteklenmiyor,B6: MAPPING.md (API incelemesi),uygulanamaz,mirror:T1K_both_valid-SIRA-ters (accept-classical)
JOSE-031,SYN-T1K_both_valid-SIRA-ters,L4-S,kontrol-EdDSA,kabul,uygulanamaz,bicim-desteklenmiyor,B6: MAPPING.md (API incelemesi),uygulanamaz,mirror:T1K_both_valid-SIRA-ters (accept-classical)
JOSE-031,SYN-T1K_both_valid-SIRA-ters,L4-Y,kontrol-EdDSA,kabul,uygulanamaz,bicim-desteklenmiyor,B6: MAPPING.md (API incelemesi),uygulanamaz,mirror:T1K_both_valid-SIRA-ters (accept-classical)
JOSE-031,SYN-T1K_both_valid-SIRA-ters,P0,kontrol-EdDSA,kabul,uygulanamaz,bicim-desteklenmiyor,B6: MAPPING.md (API incelemesi),uygulanamaz,mirror:T1K_both_valid-SIRA-ters (accept-classical)
JOSE-031,SYN-T1K_both_valid-SIRA-ters,P1,kontrol-EdDSA,kabul,uygulanamaz,bicim-desteklenmiyor,B6: MAPPING.md (API incelemesi),uygulanamaz,mirror:T1K_both_valid-SIRA-ters (accept-classical)
JOSE-031,SYN-T5K_only_EdDSA,GEC,kontrol-EdDSA,kabul,uygulanamaz,bicim-desteklenmiyor,B6: MAPPING.md (API incelemesi),uygulanamaz,mirror:T5K_only_EdDSA (accept-classical)
JOSE-031,SYN-T5K_only_EdDSA,IZIN-AX,kontrol-EdDSA,kabul,uygulanamaz,bicim-desteklenmiyor,B6: MAPPING.md (API incelemesi),uygulanamaz,mirror:T5K_only_EdDSA (accept-classical)
JOSE-031,SYN-T5K_only_EdDSA,L4,kontrol-EdDSA,kabul,uygulanamaz,bicim-desteklenmiyor,B6: MAPPING.md (API incelemesi),uygulanamaz,mirror:T5K_only_EdDSA (accept-classical)
JOSE-031,SYN-T5K_only_EdDSA,L4-S,kontrol-EdDSA,kabul,uygulanamaz,bicim-desteklenmiyor,B6: MAPPING.md (API incelemesi),uygulanamaz,mirror:T5K_only_EdDSA (accept-classical)
JOSE-031,SYN-T5K_only_EdDSA,L4-Y,kontrol-EdDSA,kabul,uygulanamaz,bicim-desteklenmiyor,B6: MAPPING.md (API incelemesi),uygulanamaz,mirror:T5K_only_EdDSA (accept-classical)
JOSE-031,SYN-T5K_only_EdDSA,P0,kontrol-EdDSA,kabul,uygulanamaz,bicim-desteklenmiyor,B6: MAPPING.md (API incelemesi),uygulanamaz,mirror:T5K_only_EdDSA (accept-classical)
JOSE-031,SYN-T5K_only_EdDSA,P1,kontrol-EdDSA,kabul,uygulanamaz,bicim-desteklenmiyor,B6: MAPPING.md (API incelemesi),uygulanamaz,mirror:T5K_only_EdDSA (accept-classical)
JOSE-031,SYN-VC01_ES256_x5c,GEC,kontrol-EdDSA,kabul,uygulanamaz,bicim-desteklenmiyor,B6: MAPPING.md (API incelemesi),uygulanamaz,mirror:VC01_ES256_x5c (accept-classical)
JOSE-031,SYN-VC01_ES256_x5c,IZIN-A,kontrol-EdDSA,kabul,uygulanamaz,bicim-desteklenmiyor,B6: MAPPING.md (API incelemesi),uygulanamaz,mirror:VC01_ES256_x5c (accept-classical)
JOSE-031,SYN-VC01_ES256_x5c,IZIN-AX,kontrol-EdDSA,kabul,uygulanamaz,bicim-desteklenmiyor,B6: MAPPING.md (API incelemesi),uygulanamaz,mirror:VC01_ES256_x5c (accept-classical)
JOSE-031,SYN-VC01_ES256_x5c,P0,kontrol-EdDSA,kabul,uygulanamaz,bicim-desteklenmiyor,B6: MAPPING.md (API incelemesi),uygulanamaz,mirror:VC01_ES256_x5c (accept-classical)
JOSE-031,SYN-VC09_GJ_ES256_EdDSA,L4,kontrol-EdDSA,kabul,uygulanamaz,bicim-desteklenmiyor,B6: MAPPING.md (API incelemesi),uygulanamaz,mirror:VC09_GJ_ES256_EdDSA (accept-classical)
JOSE-031,SYN-VC09_GJ_ES256_EdDSA,L4-S,kontrol-EdDSA,kabul,uygulanamaz,bicim-desteklenmiyor,B6: MAPPING.md (API incelemesi),uygulanamaz,mirror:VC09_GJ_ES256_EdDSA (accept-classical)
JOSE-031,SYN-VC09_GJ_ES256_EdDSA,L4-Y,kontrol-EdDSA,kabul,uygulanamaz,bicim-desteklenmiyor,B6: MAPPING.md (API incelemesi),uygulanamaz,mirror:VC09_GJ_ES256_EdDSA (accept-classical)
JOSE-031,SYN-VC09_GJ_ES256_EdDSA,P0,kontrol-EdDSA,kabul,uygulanamaz,bicim-desteklenmiyor,B6: MAPPING.md (API incelemesi),uygulanamaz,mirror:VC09_GJ_ES256_EdDSA (accept-classical)
JOSE-031,SYN-VC09_GJ_ES256_EdDSA,P1,kontrol-EdDSA,kabul,uygulanamaz,bicim-desteklenmiyor,B6: MAPPING.md (API incelemesi),uygulanamaz,mirror:VC09_GJ_ES256_EdDSA (accept-classical)
JOSE-031,SYN-VC09_GJ_ES256_EdDSA-SIRA-ters,L4,kontrol-EdDSA,kabul,uygulanamaz,bicim-desteklenmiyor,B6: MAPPING.md (API incelemesi),uygulanamaz,mirror:VC09_GJ_ES256_EdDSA-SIRA-ters (accept-classical)
JOSE-031,SYN-VC09_GJ_ES256_EdDSA-SIRA-ters,L4-S,kontrol-EdDSA,kabul,uygulanamaz,bicim-desteklenmiyor,B6: MAPPING.md (API incelemesi),uygulanamaz,mirror:VC09_GJ_ES256_EdDSA-SIRA-ters (accept-classical)
JOSE-031,SYN-VC09_GJ_ES256_EdDSA-SIRA-ters,L4-Y,kontrol-EdDSA,kabul,uygulanamaz,bicim-desteklenmiyor,B6: MAPPING.md (API incelemesi),uygulanamaz,mirror:VC09_GJ_ES256_EdDSA-SIRA-ters (accept-classical)
JOSE-031,SYN-VC09_GJ_ES256_EdDSA-SIRA-ters,P0,kontrol-EdDSA,kabul,uygulanamaz,bicim-desteklenmiyor,B6: MAPPING.md (API incelemesi),uygulanamaz,mirror:VC09_GJ_ES256_EdDSA-SIRA-ters (accept-classical)
JOSE-031,SYN-VC09_GJ_ES256_EdDSA-SIRA-ters,P1,kontrol-EdDSA,kabul,uygulanamaz,bicim-desteklenmiyor,B6: MAPPING.md (API incelemesi),uygulanamaz,mirror:VC09_GJ_ES256_EdDSA-SIRA-ters (accept-classical)
JOSE-031,SYN-VPLUS_ES256,GEC,kontrol-EdDSA,kabul,kabul,,,uyumlu,mirror:VPLUS_ES256 (accept-classical)
JOSE-031,SYN-VPLUS_ES256,IZIN-A,kontrol-EdDSA,kabul,kabul,,,uyumlu,mirror:VPLUS_ES256 (accept-classical)
JOSE-031,SYN-VPLUS_ES256,IZIN-AX,kontrol-EdDSA,kabul,kabul,,,uyumlu,mirror:VPLUS_ES256 (accept-classical)
JOSE-031,SYN-VPLUS_ES256,P0,kontrol-EdDSA,kabul,kabul,,,uyumlu,mirror:VPLUS_ES256 (accept-classical)
JOSE-031,SYN-VPLUS_EdDSA,GEC,kontrol-EdDSA,kabul,kabul,,,uyumlu,mirror:VPLUS_EdDSA (accept-classical)
JOSE-031,SYN-VPLUS_EdDSA,IZIN-AX,kontrol-EdDSA,kabul,kabul,,,uyumlu,mirror:VPLUS_EdDSA (accept-classical)
JOSE-031,SYN-VPLUS_EdDSA,L4,kontrol-EdDSA,kabul,kabul,,,uyumlu,mirror:VPLUS_EdDSA (accept-classical)
JOSE-031,SYN-VPLUS_EdDSA,L4-S,kontrol-EdDSA,kabul,kabul,,,uyumlu,mirror:VPLUS_EdDSA (accept-classical)
JOSE-031,SYN-VPLUS_EdDSA,L4-Y,kontrol-EdDSA,kabul,kabul,,,uyumlu,mirror:VPLUS_EdDSA (accept-classical)
JOSE-031,SYN-VPLUS_EdDSA,P0,kontrol-EdDSA,kabul,kabul,,,uyumlu,mirror:VPLUS_EdDSA (accept-classical)
JOSE-033,SYN-COSE-K1K_iki_gecerli,L4,kontrol-EdDSA,kabul,uygulanamaz,bicim-desteklenmiyor,,uygulanamaz,mirror:COSE-K1K_iki_gecerli (accept-classical)
JOSE-033,SYN-COSE-K1K_iki_gecerli,L4-S,kontrol-EdDSA,kabul,uygulanamaz,bicim-desteklenmiyor,,uygulanamaz,mirror:COSE-K1K_iki_gecerli (accept-classical)
JOSE-033,SYN-COSE-K1K_iki_gecerli,L4-Y,kontrol-EdDSA,kabul,uygulanamaz,bicim-desteklenmiyor,,uygulanamaz,mirror:COSE-K1K_iki_gecerli (accept-classical)
JOSE-033,SYN-COSE-K1K_iki_gecerli,P0,kontrol-EdDSA,kabul,uygulanamaz,bicim-desteklenmiyor,,uygulanamaz,mirror:COSE-K1K_iki_gecerli (accept-classical)
JOSE-033,SYN-COSE-K1K_iki_gecerli,P1,kontrol-EdDSA,kabul,uygulanamaz,bicim-desteklenmiyor,,uygulanamaz,mirror:COSE-K1K_iki_gecerli (accept-classical)
JOSE-033,SYN-COSE-K1K_iki_gecerli-SIRA-ters,L4,kontrol-EdDSA,kabul,uygulanamaz,bicim-desteklenmiyor,,uygulanamaz,mirror:COSE-K1K_iki_gecerli-SIRA-ters (accept-classical)
JOSE-033,SYN-COSE-K1K_iki_gecerli-SIRA-ters,L4-S,kontrol-EdDSA,kabul,uygulanamaz,bicim-desteklenmiyor,,uygulanamaz,mirror:COSE-K1K_iki_gecerli-SIRA-ters (accept-classical)
JOSE-033,SYN-COSE-K1K_iki_gecerli-SIRA-ters,L4-Y,kontrol-EdDSA,kabul,uygulanamaz,bicim-desteklenmiyor,,uygulanamaz,mirror:COSE-K1K_iki_gecerli-SIRA-ters (accept-classical)
JOSE-033,SYN-COSE-K1K_iki_gecerli-SIRA-ters,P0,kontrol-EdDSA,kabul,uygulanamaz,bicim-desteklenmiyor,,uygulanamaz,mirror:COSE-K1K_iki_gecerli-SIRA-ters (accept-classical)
JOSE-033,SYN-COSE-K1K_iki_gecerli-SIRA-ters,P1,kontrol-EdDSA,kabul,uygulanamaz,bicim-desteklenmiyor,,uygulanamaz,mirror:COSE-K1K_iki_gecerli-SIRA-ters (accept-classical)
JOSE-033,SYN-COSE-K4K_yalniz_X,GEC,kontrol-EdDSA,kabul,uygulanamaz,bicim-desteklenmiyor,,uygulanamaz,mirror:COSE-K4K_yalniz_X (accept-classical)
JOSE-033,SYN-COSE-K4K_yalniz_X,IZIN-AX,kontrol-EdDSA,kabul,uygulanamaz,bicim-desteklenmiyor,,uygulanamaz,mirror:COSE-K4K_yalniz_X (accept-classical)
JOSE-033,SYN-COSE-K4K_yalniz_X,L4,kontrol-EdDSA,kabul,uygulanamaz,bicim-desteklenmiyor,,uygulanamaz,mirror:COSE-K4K_yalniz_X (accept-classical)
JOSE-033,SYN-COSE-K4K_yalniz_X,L4-S,kontrol-EdDSA,kabul,uygulanamaz,bicim-desteklenmiyor,,uygulanamaz,mirror:COSE-K4K_yalniz_X (accept-classical)
JOSE-033,SYN-COSE-K4K_yalniz_X,L4-Y,kontrol-EdDSA,kabul,uygulanamaz,bicim-desteklenmiyor,,uygulanamaz,mirror:COSE-K4K_yalniz_X (accept-classical)
JOSE-033,SYN-COSE-K4K_yalniz_X,P0,kontrol-EdDSA,kabul,uygulanamaz,bicim-desteklenmiyor,,uygulanamaz,mirror:COSE-K4K_yalniz_X (accept-classical)
JOSE-033,SYN-COSE-K4K_yalniz_X,P1,kontrol-EdDSA,kabul,uygulanamaz,bicim-desteklenmiyor,,uygulanamaz,mirror:COSE-K4K_yalniz_X (accept-classical)
JOSE-033,SYN-COSE-VPLUS_ES256,GEC,kontrol-EdDSA,kabul,uygulanamaz,bicim-desteklenmiyor,,uygulanamaz,mirror:COSE-VPLUS_ES256 (accept-classical)
JOSE-033,SYN-COSE-VPLUS_ES256,IZIN-A,kontrol-EdDSA,kabul,uygulanamaz,bicim-desteklenmiyor,,uygulanamaz,mirror:COSE-VPLUS_ES256 (accept-classical)
JOSE-033,SYN-COSE-VPLUS_ES256,IZIN-AX,kontrol-EdDSA,kabul,uygulanamaz,bicim-desteklenmiyor,,uygulanamaz,mirror:COSE-VPLUS_ES256 (accept-classical)
JOSE-033,SYN-COSE-VPLUS_ES256,P0,kontrol-EdDSA,kabul,uygulanamaz,bicim-desteklenmiyor,,uygulanamaz,mirror:COSE-VPLUS_ES256 (accept-classical)
JOSE-033,SYN-COSE-VPLUS_EdDSA,GEC,kontrol-EdDSA,kabul,uygulanamaz,bicim-desteklenmiyor,,uygulanamaz,mirror:COSE-VPLUS_EdDSA (accept-classical)
JOSE-033,SYN-COSE-VPLUS_EdDSA,IZIN-AX,kontrol-EdDSA,kabul,uygulanamaz,bicim-desteklenmiyor,,uygulanamaz,mirror:COSE-VPLUS_EdDSA (accept-classical)
JOSE-033,SYN-COSE-VPLUS_EdDSA,L4,kontrol-EdDSA,kabul,uygulanamaz,bicim-desteklenmiyor,,uygulanamaz,mirror:COSE-VPLUS_EdDSA (accept-classical)
JOSE-033,SYN-COSE-VPLUS_EdDSA,L4-S,kontrol-EdDSA,kabul,uygulanamaz,bicim-desteklenmiyor,,uygulanamaz,mirror:COSE-VPLUS_EdDSA (accept-classical)
JOSE-033,SYN-COSE-VPLUS_EdDSA,L4-Y,kontrol-EdDSA,kabul,uygulanamaz,bicim-desteklenmiyor,,uygulanamaz,mirror:COSE-VPLUS_EdDSA (accept-classical)
JOSE-033,SYN-COSE-VPLUS_EdDSA,P0,kontrol-EdDSA,kabul,uygulanamaz,bicim-desteklenmiyor,,uygulanamaz,mirror:COSE-VPLUS_EdDSA (accept-classical)
JOSE-033,SYN-D-VCX_EdDSA_kid,GEC,kontrol-EdDSA,kabul,uygulanamaz,bicim-desteklenmiyor,,uygulanamaz,derived:analogue VPLUS_EdDSA (accept-classical)
JOSE-033,SYN-D-VCX_EdDSA_kid,IZIN-AX,kontrol-EdDSA,kabul,uygulanamaz,bicim-desteklenmiyor,,uygulanamaz,derived:analogue VPLUS_EdDSA (accept-classical)
JOSE-033,SYN-D-VCX_EdDSA_kid,L4,kontrol-EdDSA,kabul,uygulanamaz,bicim-desteklenmiyor,,uygulanamaz,derived:analogue VPLUS_EdDSA (accept-classical)
JOSE-033,SYN-D-VCX_EdDSA_kid,L4-S,kontrol-EdDSA,kabul,uygulanamaz,bicim-desteklenmiyor,,uygulanamaz,derived:analogue VPLUS_EdDSA (accept-classical)
JOSE-033,SYN-D-VCX_EdDSA_kid,L4-Y,kontrol-EdDSA,kabul,uygulanamaz,bicim-desteklenmiyor,,uygulanamaz,derived:analogue VPLUS_EdDSA (accept-classical)
JOSE-033,SYN-D-VCX_EdDSA_kid,P0,kontrol-EdDSA,kabul,uygulanamaz,bicim-desteklenmiyor,,uygulanamaz,derived:analogue VPLUS_EdDSA (accept-classical)
JOSE-033,SYN-L4C-COSE_eski_ES256,GEC,kontrol-EdDSA,kabul,uygulanamaz,bicim-desteklenmiyor,,uygulanamaz,mirror:L4C-COSE_eski_ES256 (accept-classical)
JOSE-033,SYN-L4C-COSE_eski_ES256,IZIN-A,kontrol-EdDSA,kabul,uygulanamaz,bicim-desteklenmiyor,,uygulanamaz,mirror:L4C-COSE_eski_ES256 (accept-classical)
JOSE-033,SYN-L4C-COSE_eski_ES256,IZIN-AX,kontrol-EdDSA,kabul,uygulanamaz,bicim-desteklenmiyor,,uygulanamaz,mirror:L4C-COSE_eski_ES256 (accept-classical)
JOSE-033,SYN-L4C-COSE_eski_ES256,L4,kontrol-EdDSA,kabul,uygulanamaz,bicim-desteklenmiyor,,uygulanamaz,mirror:L4C-COSE_eski_ES256 (accept-classical)
JOSE-033,SYN-L4C-COSE_eski_ES256,L4-S,kontrol-EdDSA,kabul,uygulanamaz,bicim-desteklenmiyor,,uygulanamaz,mirror:L4C-COSE_eski_ES256 (accept-classical)
JOSE-033,SYN-L4C-COSE_eski_ES256,L4-Y,kontrol-EdDSA,kabul,uygulanamaz,bicim-desteklenmiyor,,uygulanamaz,mirror:L4C-COSE_eski_ES256 (accept-classical)
JOSE-033,SYN-L4C-JOSE_eski_ES256,GEC,kontrol-EdDSA,kabul,kabul,,,uyumlu,mirror:L4C-JOSE_eski_ES256 (accept-classical)
JOSE-033,SYN-L4C-JOSE_eski_ES256,IZIN-A,kontrol-EdDSA,kabul,kabul,,,uyumlu,mirror:L4C-JOSE_eski_ES256 (accept-classical)
JOSE-033,SYN-L4C-JOSE_eski_ES256,IZIN-AX,kontrol-EdDSA,kabul,kabul,,,uyumlu,mirror:L4C-JOSE_eski_ES256 (accept-classical)
JOSE-033,SYN-L4C-JOSE_eski_ES256,L4,kontrol-EdDSA,kabul,kabul,,,uyumlu,mirror:L4C-JOSE_eski_ES256 (accept-classical)
JOSE-033,SYN-L4C-JOSE_eski_ES256,L4-S,kontrol-EdDSA,kabul,kabul,,,uyumlu,mirror:L4C-JOSE_eski_ES256 (accept-classical)
JOSE-033,SYN-L4C-JOSE_eski_ES256,L4-Y,kontrol-EdDSA,kabul,kabul,,,uyumlu,mirror:L4C-JOSE_eski_ES256 (accept-classical)
JOSE-033,SYN-T1K_both_valid,L4,kontrol-EdDSA,kabul,uygulanamaz,bicim-desteklenmiyor,,uygulanamaz,mirror:T1K_both_valid (accept-classical)
JOSE-033,SYN-T1K_both_valid,L4-S,kontrol-EdDSA,kabul,uygulanamaz,bicim-desteklenmiyor,,uygulanamaz,mirror:T1K_both_valid (accept-classical)
JOSE-033,SYN-T1K_both_valid,L4-Y,kontrol-EdDSA,kabul,uygulanamaz,bicim-desteklenmiyor,,uygulanamaz,mirror:T1K_both_valid (accept-classical)
JOSE-033,SYN-T1K_both_valid,P0,kontrol-EdDSA,kabul,uygulanamaz,bicim-desteklenmiyor,,uygulanamaz,mirror:T1K_both_valid (accept-classical)
JOSE-033,SYN-T1K_both_valid,P1,kontrol-EdDSA,kabul,uygulanamaz,bicim-desteklenmiyor,,uygulanamaz,mirror:T1K_both_valid (accept-classical)
JOSE-033,SYN-T1K_both_valid-SIRA-ters,L4,kontrol-EdDSA,kabul,uygulanamaz,bicim-desteklenmiyor,,uygulanamaz,mirror:T1K_both_valid-SIRA-ters (accept-classical)
JOSE-033,SYN-T1K_both_valid-SIRA-ters,L4-S,kontrol-EdDSA,kabul,uygulanamaz,bicim-desteklenmiyor,,uygulanamaz,mirror:T1K_both_valid-SIRA-ters (accept-classical)
JOSE-033,SYN-T1K_both_valid-SIRA-ters,L4-Y,kontrol-EdDSA,kabul,uygulanamaz,bicim-desteklenmiyor,,uygulanamaz,mirror:T1K_both_valid-SIRA-ters (accept-classical)
JOSE-033,SYN-T1K_both_valid-SIRA-ters,P0,kontrol-EdDSA,kabul,uygulanamaz,bicim-desteklenmiyor,,uygulanamaz,mirror:T1K_both_valid-SIRA-ters (accept-classical)
JOSE-033,SYN-T1K_both_valid-SIRA-ters,P1,kontrol-EdDSA,kabul,uygulanamaz,bicim-desteklenmiyor,,uygulanamaz,mirror:T1K_both_valid-SIRA-ters (accept-classical)
JOSE-033,SYN-T5K_only_EdDSA,GEC,kontrol-EdDSA,kabul,uygulanamaz,bicim-desteklenmiyor,,uygulanamaz,mirror:T5K_only_EdDSA (accept-classical)
JOSE-033,SYN-T5K_only_EdDSA,IZIN-AX,kontrol-EdDSA,kabul,uygulanamaz,bicim-desteklenmiyor,,uygulanamaz,mirror:T5K_only_EdDSA (accept-classical)
JOSE-033,SYN-T5K_only_EdDSA,L4,kontrol-EdDSA,kabul,uygulanamaz,bicim-desteklenmiyor,,uygulanamaz,mirror:T5K_only_EdDSA (accept-classical)
JOSE-033,SYN-T5K_only_EdDSA,L4-S,kontrol-EdDSA,kabul,uygulanamaz,bicim-desteklenmiyor,,uygulanamaz,mirror:T5K_only_EdDSA (accept-classical)
JOSE-033,SYN-T5K_only_EdDSA,L4-Y,kontrol-EdDSA,kabul,uygulanamaz,bicim-desteklenmiyor,,uygulanamaz,mirror:T5K_only_EdDSA (accept-classical)
JOSE-033,SYN-T5K_only_EdDSA,P0,kontrol-EdDSA,kabul,uygulanamaz,bicim-desteklenmiyor,,uygulanamaz,mirror:T5K_only_EdDSA (accept-classical)
JOSE-033,SYN-T5K_only_EdDSA,P1,kontrol-EdDSA,kabul,uygulanamaz,bicim-desteklenmiyor,,uygulanamaz,mirror:T5K_only_EdDSA (accept-classical)
JOSE-033,SYN-VC01_ES256_x5c,GEC,kontrol-EdDSA,kabul,uygulanamaz,bicim-desteklenmiyor,,uygulanamaz,mirror:VC01_ES256_x5c (accept-classical)
JOSE-033,SYN-VC01_ES256_x5c,IZIN-A,kontrol-EdDSA,kabul,uygulanamaz,bicim-desteklenmiyor,,uygulanamaz,mirror:VC01_ES256_x5c (accept-classical)
JOSE-033,SYN-VC01_ES256_x5c,IZIN-AX,kontrol-EdDSA,kabul,uygulanamaz,bicim-desteklenmiyor,,uygulanamaz,mirror:VC01_ES256_x5c (accept-classical)
JOSE-033,SYN-VC01_ES256_x5c,P0,kontrol-EdDSA,kabul,uygulanamaz,bicim-desteklenmiyor,,uygulanamaz,mirror:VC01_ES256_x5c (accept-classical)
JOSE-033,SYN-VC09_GJ_ES256_EdDSA,L4,kontrol-EdDSA,kabul,uygulanamaz,bicim-desteklenmiyor,,uygulanamaz,mirror:VC09_GJ_ES256_EdDSA (accept-classical)
JOSE-033,SYN-VC09_GJ_ES256_EdDSA,L4-S,kontrol-EdDSA,kabul,uygulanamaz,bicim-desteklenmiyor,,uygulanamaz,mirror:VC09_GJ_ES256_EdDSA (accept-classical)
JOSE-033,SYN-VC09_GJ_ES256_EdDSA,L4-Y,kontrol-EdDSA,kabul,uygulanamaz,bicim-desteklenmiyor,,uygulanamaz,mirror:VC09_GJ_ES256_EdDSA (accept-classical)
JOSE-033,SYN-VC09_GJ_ES256_EdDSA,P0,kontrol-EdDSA,kabul,uygulanamaz,bicim-desteklenmiyor,,uygulanamaz,mirror:VC09_GJ_ES256_EdDSA (accept-classical)
JOSE-033,SYN-VC09_GJ_ES256_EdDSA,P1,kontrol-EdDSA,kabul,uygulanamaz,bicim-desteklenmiyor,,uygulanamaz,mirror:VC09_GJ_ES256_EdDSA (accept-classical)
JOSE-033,SYN-VC09_GJ_ES256_EdDSA-SIRA-ters,L4,kontrol-EdDSA,kabul,uygulanamaz,bicim-desteklenmiyor,,uygulanamaz,mirror:VC09_GJ_ES256_EdDSA-SIRA-ters (accept-classical)
JOSE-033,SYN-VC09_GJ_ES256_EdDSA-SIRA-ters,L4-S,kontrol-EdDSA,kabul,uygulanamaz,bicim-desteklenmiyor,,uygulanamaz,mirror:VC09_GJ_ES256_EdDSA-SIRA-ters (accept-classical)
JOSE-033,SYN-VC09_GJ_ES256_EdDSA-SIRA-ters,L4-Y,kontrol-EdDSA,kabul,uygulanamaz,bicim-desteklenmiyor,,uygulanamaz,mirror:VC09_GJ_ES256_EdDSA-SIRA-ters (accept-classical)
JOSE-033,SYN-VC09_GJ_ES256_EdDSA-SIRA-ters,P0,kontrol-EdDSA,kabul,uygulanamaz,bicim-desteklenmiyor,,uygulanamaz,mirror:VC09_GJ_ES256_EdDSA-SIRA-ters (accept-classical)
JOSE-033,SYN-VC09_GJ_ES256_EdDSA-SIRA-ters,P1,kontrol-EdDSA,kabul,uygulanamaz,bicim-desteklenmiyor,,uygulanamaz,mirror:VC09_GJ_ES256_EdDSA-SIRA-ters (accept-classical)
JOSE-033,SYN-VPLUS_ES256,GEC,kontrol-EdDSA,kabul,kabul,,,uyumlu,mirror:VPLUS_ES256 (accept-classical)
JOSE-033,SYN-VPLUS_ES256,IZIN-A,kontrol-EdDSA,kabul,kabul,,,uyumlu,mirror:VPLUS_ES256 (accept-classical)
JOSE-033,SYN-VPLUS_ES256,IZIN-AX,kontrol-EdDSA,kabul,kabul,,,uyumlu,mirror:VPLUS_ES256 (accept-classical)
JOSE-033,SYN-VPLUS_ES256,P0,kontrol-EdDSA,kabul,kabul,,,uyumlu,mirror:VPLUS_ES256 (accept-classical)
JOSE-033,SYN-VPLUS_EdDSA,GEC,kontrol-EdDSA,kabul,kabul,,,uyumlu,mirror:VPLUS_EdDSA (accept-classical)
JOSE-033,SYN-VPLUS_EdDSA,IZIN-AX,kontrol-EdDSA,kabul,kabul,,,uyumlu,mirror:VPLUS_EdDSA (accept-classical)
JOSE-033,SYN-VPLUS_EdDSA,L4,kontrol-EdDSA,kabul,kabul,,,uyumlu,mirror:VPLUS_EdDSA (accept-classical)
JOSE-033,SYN-VPLUS_EdDSA,L4-S,kontrol-EdDSA,kabul,kabul,,,uyumlu,mirror:VPLUS_EdDSA (accept-classical)
JOSE-033,SYN-VPLUS_EdDSA,L4-Y,kontrol-EdDSA,kabul,kabul,,,uyumlu,mirror:VPLUS_EdDSA (accept-classical)
JOSE-033,SYN-VPLUS_EdDSA,P0,kontrol-EdDSA,kabul,kabul,,,uyumlu,mirror:VPLUS_EdDSA (accept-classical)
JOSE-034,SYN-COSE-K1K_iki_gecerli-ES384,L4,kontrol-ES384,kabul,uygulanamaz,bicim-desteklenmiyor,,uygulanamaz,mirror:COSE-K1K_iki_gecerli-ES384 (accept-classical)
JOSE-034,SYN-COSE-K1K_iki_gecerli-ES384,L4-S,kontrol-ES384,kabul,uygulanamaz,bicim-desteklenmiyor,,uygulanamaz,mirror:COSE-K1K_iki_gecerli-ES384 (accept-classical)
JOSE-034,SYN-COSE-K1K_iki_gecerli-ES384,L4-Y,kontrol-ES384,kabul,uygulanamaz,bicim-desteklenmiyor,,uygulanamaz,mirror:COSE-K1K_iki_gecerli-ES384 (accept-classical)
JOSE-034,SYN-COSE-K1K_iki_gecerli-ES384,P0,kontrol-ES384,kabul,uygulanamaz,bicim-desteklenmiyor,,uygulanamaz,mirror:COSE-K1K_iki_gecerli-ES384 (accept-classical)
JOSE-034,SYN-COSE-K1K_iki_gecerli-ES384,P1,kontrol-ES384,kabul,uygulanamaz,bicim-desteklenmiyor,,uygulanamaz,mirror:COSE-K1K_iki_gecerli-ES384 (accept-classical)
JOSE-034,SYN-COSE-K1K_iki_gecerli-SIRA-ters-ES384,L4,kontrol-ES384,kabul,uygulanamaz,bicim-desteklenmiyor,,uygulanamaz,mirror:COSE-K1K_iki_gecerli-SIRA-ters-ES384 (accept-classical)
JOSE-034,SYN-COSE-K1K_iki_gecerli-SIRA-ters-ES384,L4-S,kontrol-ES384,kabul,uygulanamaz,bicim-desteklenmiyor,,uygulanamaz,mirror:COSE-K1K_iki_gecerli-SIRA-ters-ES384 (accept-classical)
JOSE-034,SYN-COSE-K1K_iki_gecerli-SIRA-ters-ES384,L4-Y,kontrol-ES384,kabul,uygulanamaz,bicim-desteklenmiyor,,uygulanamaz,mirror:COSE-K1K_iki_gecerli-SIRA-ters-ES384 (accept-classical)
JOSE-034,SYN-COSE-K1K_iki_gecerli-SIRA-ters-ES384,P0,kontrol-ES384,kabul,uygulanamaz,bicim-desteklenmiyor,,uygulanamaz,mirror:COSE-K1K_iki_gecerli-SIRA-ters-ES384 (accept-classical)
JOSE-034,SYN-COSE-K1K_iki_gecerli-SIRA-ters-ES384,P1,kontrol-ES384,kabul,uygulanamaz,bicim-desteklenmiyor,,uygulanamaz,mirror:COSE-K1K_iki_gecerli-SIRA-ters-ES384 (accept-classical)
JOSE-034,SYN-COSE-K4K_yalniz_X-ES384,GEC,kontrol-ES384,kabul,uygulanamaz,bicim-desteklenmiyor,,uygulanamaz,mirror:COSE-K4K_yalniz_X-ES384 (accept-classical)
JOSE-034,SYN-COSE-K4K_yalniz_X-ES384,IZIN-AX,kontrol-ES384,kabul,uygulanamaz,bicim-desteklenmiyor,,uygulanamaz,mirror:COSE-K4K_yalniz_X-ES384 (accept-classical)
JOSE-034,SYN-COSE-K4K_yalniz_X-ES384,L4,kontrol-ES384,kabul,uygulanamaz,bicim-desteklenmiyor,,uygulanamaz,mirror:COSE-K4K_yalniz_X-ES384 (accept-classical)
JOSE-034,SYN-COSE-K4K_yalniz_X-ES384,L4-S,kontrol-ES384,kabul,uygulanamaz,bicim-desteklenmiyor,,uygulanamaz,mirror:COSE-K4K_yalniz_X-ES384 (accept-classical)
JOSE-034,SYN-COSE-K4K_yalniz_X-ES384,L4-Y,kontrol-ES384,kabul,uygulanamaz,bicim-desteklenmiyor,,uygulanamaz,mirror:COSE-K4K_yalniz_X-ES384 (accept-classical)
JOSE-034,SYN-COSE-K4K_yalniz_X-ES384,P0,kontrol-ES384,kabul,uygulanamaz,bicim-desteklenmiyor,,uygulanamaz,mirror:COSE-K4K_yalniz_X-ES384 (accept-classical)
JOSE-034,SYN-COSE-K4K_yalniz_X-ES384,P1,kontrol-ES384,kabul,uygulanamaz,bicim-desteklenmiyor,,uygulanamaz,mirror:COSE-K4K_yalniz_X-ES384 (accept-classical)
JOSE-034,SYN-COSE-VPLUS_ES256,GEC,kontrol-ES384,kabul,uygulanamaz,bicim-desteklenmiyor,,uygulanamaz,mirror:COSE-VPLUS_ES256 (accept-classical)
JOSE-034,SYN-COSE-VPLUS_ES256,IZIN-A,kontrol-ES384,kabul,uygulanamaz,bicim-desteklenmiyor,,uygulanamaz,mirror:COSE-VPLUS_ES256 (accept-classical)
JOSE-034,SYN-COSE-VPLUS_ES256,IZIN-AX,kontrol-ES384,kabul,uygulanamaz,bicim-desteklenmiyor,,uygulanamaz,mirror:COSE-VPLUS_ES256 (accept-classical)
JOSE-034,SYN-COSE-VPLUS_ES256,P0,kontrol-ES384,kabul,uygulanamaz,bicim-desteklenmiyor,,uygulanamaz,mirror:COSE-VPLUS_ES256 (accept-classical)
JOSE-034,SYN-COSE-VPLUS_EdDSA-ES384,GEC,kontrol-ES384,kabul,uygulanamaz,bicim-desteklenmiyor,,uygulanamaz,mirror:COSE-VPLUS_EdDSA-ES384 (accept-classical)
JOSE-034,SYN-COSE-VPLUS_EdDSA-ES384,IZIN-AX,kontrol-ES384,kabul,uygulanamaz,bicim-desteklenmiyor,,uygulanamaz,mirror:COSE-VPLUS_EdDSA-ES384 (accept-classical)
JOSE-034,SYN-COSE-VPLUS_EdDSA-ES384,L4,kontrol-ES384,kabul,uygulanamaz,bicim-desteklenmiyor,,uygulanamaz,mirror:COSE-VPLUS_EdDSA-ES384 (accept-classical)
JOSE-034,SYN-COSE-VPLUS_EdDSA-ES384,L4-S,kontrol-ES384,kabul,uygulanamaz,bicim-desteklenmiyor,,uygulanamaz,mirror:COSE-VPLUS_EdDSA-ES384 (accept-classical)
JOSE-034,SYN-COSE-VPLUS_EdDSA-ES384,L4-Y,kontrol-ES384,kabul,uygulanamaz,bicim-desteklenmiyor,,uygulanamaz,mirror:COSE-VPLUS_EdDSA-ES384 (accept-classical)
JOSE-034,SYN-COSE-VPLUS_EdDSA-ES384,P0,kontrol-ES384,kabul,uygulanamaz,bicim-desteklenmiyor,,uygulanamaz,mirror:COSE-VPLUS_EdDSA-ES384 (accept-classical)
JOSE-034,SYN-D-VCX_ES384_kid,GEC,kontrol-ES384,kabul,uygulanamaz,bicim-desteklenmiyor,,uygulanamaz,derived:analogue VPLUS_EdDSA-ES384 (accept-classical)
JOSE-034,SYN-D-VCX_ES384_kid,IZIN-AX,kontrol-ES384,kabul,uygulanamaz,bicim-desteklenmiyor,,uygulanamaz,derived:analogue VPLUS_EdDSA-ES384 (accept-classical)
JOSE-034,SYN-D-VCX_ES384_kid,L4,kontrol-ES384,kabul,uygulanamaz,bicim-desteklenmiyor,,uygulanamaz,derived:analogue VPLUS_EdDSA-ES384 (accept-classical)
JOSE-034,SYN-D-VCX_ES384_kid,L4-S,kontrol-ES384,kabul,uygulanamaz,bicim-desteklenmiyor,,uygulanamaz,derived:analogue VPLUS_EdDSA-ES384 (accept-classical)
JOSE-034,SYN-D-VCX_ES384_kid,L4-Y,kontrol-ES384,kabul,uygulanamaz,bicim-desteklenmiyor,,uygulanamaz,derived:analogue VPLUS_EdDSA-ES384 (accept-classical)
JOSE-034,SYN-D-VCX_ES384_kid,P0,kontrol-ES384,kabul,uygulanamaz,bicim-desteklenmiyor,,uygulanamaz,derived:analogue VPLUS_EdDSA-ES384 (accept-classical)
JOSE-034,SYN-L4C-COSE_eski_ES256,GEC,kontrol-ES384,kabul,uygulanamaz,bicim-desteklenmiyor,,uygulanamaz,mirror:L4C-COSE_eski_ES256 (accept-classical)
JOSE-034,SYN-L4C-COSE_eski_ES256,IZIN-A,kontrol-ES384,kabul,uygulanamaz,bicim-desteklenmiyor,,uygulanamaz,mirror:L4C-COSE_eski_ES256 (accept-classical)
JOSE-034,SYN-L4C-COSE_eski_ES256,IZIN-AX,kontrol-ES384,kabul,uygulanamaz,bicim-desteklenmiyor,,uygulanamaz,mirror:L4C-COSE_eski_ES256 (accept-classical)
JOSE-034,SYN-L4C-COSE_eski_ES256,L4,kontrol-ES384,kabul,uygulanamaz,bicim-desteklenmiyor,,uygulanamaz,mirror:L4C-COSE_eski_ES256 (accept-classical)
JOSE-034,SYN-L4C-COSE_eski_ES256,L4-S,kontrol-ES384,kabul,uygulanamaz,bicim-desteklenmiyor,,uygulanamaz,mirror:L4C-COSE_eski_ES256 (accept-classical)
JOSE-034,SYN-L4C-COSE_eski_ES256,L4-Y,kontrol-ES384,kabul,uygulanamaz,bicim-desteklenmiyor,,uygulanamaz,mirror:L4C-COSE_eski_ES256 (accept-classical)
JOSE-034,SYN-L4C-JOSE_eski_ES256,GEC,kontrol-ES384,kabul,kabul,,,uyumlu,mirror:L4C-JOSE_eski_ES256 (accept-classical)
JOSE-034,SYN-L4C-JOSE_eski_ES256,IZIN-A,kontrol-ES384,kabul,kabul,,,uyumlu,mirror:L4C-JOSE_eski_ES256 (accept-classical)
JOSE-034,SYN-L4C-JOSE_eski_ES256,IZIN-AX,kontrol-ES384,kabul,kabul,,,uyumlu,mirror:L4C-JOSE_eski_ES256 (accept-classical)
JOSE-034,SYN-L4C-JOSE_eski_ES256,L4,kontrol-ES384,kabul,kabul,,,uyumlu,mirror:L4C-JOSE_eski_ES256 (accept-classical)
JOSE-034,SYN-L4C-JOSE_eski_ES256,L4-S,kontrol-ES384,kabul,kabul,,,uyumlu,mirror:L4C-JOSE_eski_ES256 (accept-classical)
JOSE-034,SYN-L4C-JOSE_eski_ES256,L4-Y,kontrol-ES384,kabul,kabul,,,uyumlu,mirror:L4C-JOSE_eski_ES256 (accept-classical)
JOSE-034,SYN-T1K_both_valid-ES384,L4,kontrol-ES384,kabul,uygulanamaz,bicim-desteklenmiyor,,uygulanamaz,mirror:T1K_both_valid-ES384 (accept-classical)
JOSE-034,SYN-T1K_both_valid-ES384,L4-S,kontrol-ES384,kabul,uygulanamaz,bicim-desteklenmiyor,,uygulanamaz,mirror:T1K_both_valid-ES384 (accept-classical)
JOSE-034,SYN-T1K_both_valid-ES384,L4-Y,kontrol-ES384,kabul,uygulanamaz,bicim-desteklenmiyor,,uygulanamaz,mirror:T1K_both_valid-ES384 (accept-classical)
JOSE-034,SYN-T1K_both_valid-ES384,P0,kontrol-ES384,kabul,uygulanamaz,bicim-desteklenmiyor,,uygulanamaz,mirror:T1K_both_valid-ES384 (accept-classical)
JOSE-034,SYN-T1K_both_valid-ES384,P1,kontrol-ES384,kabul,uygulanamaz,bicim-desteklenmiyor,,uygulanamaz,mirror:T1K_both_valid-ES384 (accept-classical)
JOSE-034,SYN-T1K_both_valid-SIRA-ters-ES384,L4,kontrol-ES384,kabul,uygulanamaz,bicim-desteklenmiyor,,uygulanamaz,mirror:T1K_both_valid-SIRA-ters-ES384 (accept-classical)
JOSE-034,SYN-T1K_both_valid-SIRA-ters-ES384,L4-S,kontrol-ES384,kabul,uygulanamaz,bicim-desteklenmiyor,,uygulanamaz,mirror:T1K_both_valid-SIRA-ters-ES384 (accept-classical)
JOSE-034,SYN-T1K_both_valid-SIRA-ters-ES384,L4-Y,kontrol-ES384,kabul,uygulanamaz,bicim-desteklenmiyor,,uygulanamaz,mirror:T1K_both_valid-SIRA-ters-ES384 (accept-classical)
JOSE-034,SYN-T1K_both_valid-SIRA-ters-ES384,P0,kontrol-ES384,kabul,uygulanamaz,bicim-desteklenmiyor,,uygulanamaz,mirror:T1K_both_valid-SIRA-ters-ES384 (accept-classical)
JOSE-034,SYN-T1K_both_valid-SIRA-ters-ES384,P1,kontrol-ES384,kabul,uygulanamaz,bicim-desteklenmiyor,,uygulanamaz,mirror:T1K_both_valid-SIRA-ters-ES384 (accept-classical)
JOSE-034,SYN-T5K_only_EdDSA-ES384,GEC,kontrol-ES384,kabul,uygulanamaz,bicim-desteklenmiyor,,uygulanamaz,mirror:T5K_only_EdDSA-ES384 (accept-classical)
JOSE-034,SYN-T5K_only_EdDSA-ES384,IZIN-AX,kontrol-ES384,kabul,uygulanamaz,bicim-desteklenmiyor,,uygulanamaz,mirror:T5K_only_EdDSA-ES384 (accept-classical)
JOSE-034,SYN-T5K_only_EdDSA-ES384,L4,kontrol-ES384,kabul,uygulanamaz,bicim-desteklenmiyor,,uygulanamaz,mirror:T5K_only_EdDSA-ES384 (accept-classical)
JOSE-034,SYN-T5K_only_EdDSA-ES384,L4-S,kontrol-ES384,kabul,uygulanamaz,bicim-desteklenmiyor,,uygulanamaz,mirror:T5K_only_EdDSA-ES384 (accept-classical)
JOSE-034,SYN-T5K_only_EdDSA-ES384,L4-Y,kontrol-ES384,kabul,uygulanamaz,bicim-desteklenmiyor,,uygulanamaz,mirror:T5K_only_EdDSA-ES384 (accept-classical)
JOSE-034,SYN-T5K_only_EdDSA-ES384,P0,kontrol-ES384,kabul,uygulanamaz,bicim-desteklenmiyor,,uygulanamaz,mirror:T5K_only_EdDSA-ES384 (accept-classical)
JOSE-034,SYN-T5K_only_EdDSA-ES384,P1,kontrol-ES384,kabul,uygulanamaz,bicim-desteklenmiyor,,uygulanamaz,mirror:T5K_only_EdDSA-ES384 (accept-classical)
JOSE-034,SYN-VC01_ES256_x5c,GEC,kontrol-ES384,kabul,uygulanamaz,bicim-desteklenmiyor,,uygulanamaz,mirror:VC01_ES256_x5c (accept-classical)
JOSE-034,SYN-VC01_ES256_x5c,IZIN-A,kontrol-ES384,kabul,uygulanamaz,bicim-desteklenmiyor,,uygulanamaz,mirror:VC01_ES256_x5c (accept-classical)
JOSE-034,SYN-VC01_ES256_x5c,IZIN-AX,kontrol-ES384,kabul,uygulanamaz,bicim-desteklenmiyor,,uygulanamaz,mirror:VC01_ES256_x5c (accept-classical)
JOSE-034,SYN-VC01_ES256_x5c,P0,kontrol-ES384,kabul,uygulanamaz,bicim-desteklenmiyor,,uygulanamaz,mirror:VC01_ES256_x5c (accept-classical)
JOSE-034,SYN-VC09_GJ_ES256_EdDSA-ES384,L4,kontrol-ES384,kabul,uygulanamaz,bicim-desteklenmiyor,,uygulanamaz,mirror:VC09_GJ_ES256_EdDSA-ES384 (accept-classical)
JOSE-034,SYN-VC09_GJ_ES256_EdDSA-ES384,L4-S,kontrol-ES384,kabul,uygulanamaz,bicim-desteklenmiyor,,uygulanamaz,mirror:VC09_GJ_ES256_EdDSA-ES384 (accept-classical)
JOSE-034,SYN-VC09_GJ_ES256_EdDSA-ES384,L4-Y,kontrol-ES384,kabul,uygulanamaz,bicim-desteklenmiyor,,uygulanamaz,mirror:VC09_GJ_ES256_EdDSA-ES384 (accept-classical)
JOSE-034,SYN-VC09_GJ_ES256_EdDSA-ES384,P0,kontrol-ES384,kabul,uygulanamaz,bicim-desteklenmiyor,,uygulanamaz,mirror:VC09_GJ_ES256_EdDSA-ES384 (accept-classical)
JOSE-034,SYN-VC09_GJ_ES256_EdDSA-ES384,P1,kontrol-ES384,kabul,uygulanamaz,bicim-desteklenmiyor,,uygulanamaz,mirror:VC09_GJ_ES256_EdDSA-ES384 (accept-classical)
JOSE-034,SYN-VC09_GJ_ES256_EdDSA-SIRA-ters-ES384,L4,kontrol-ES384,kabul,uygulanamaz,bicim-desteklenmiyor,,uygulanamaz,mirror:VC09_GJ_ES256_EdDSA-SIRA-ters-ES384 (accept-classical)
JOSE-034,SYN-VC09_GJ_ES256_EdDSA-SIRA-ters-ES384,L4-S,kontrol-ES384,kabul,uygulanamaz,bicim-desteklenmiyor,,uygulanamaz,mirror:VC09_GJ_ES256_EdDSA-SIRA-ters-ES384 (accept-classical)
JOSE-034,SYN-VC09_GJ_ES256_EdDSA-SIRA-ters-ES384,L4-Y,kontrol-ES384,kabul,uygulanamaz,bicim-desteklenmiyor,,uygulanamaz,mirror:VC09_GJ_ES256_EdDSA-SIRA-ters-ES384 (accept-classical)
JOSE-034,SYN-VC09_GJ_ES256_EdDSA-SIRA-ters-ES384,P0,kontrol-ES384,kabul,uygulanamaz,bicim-desteklenmiyor,,uygulanamaz,mirror:VC09_GJ_ES256_EdDSA-SIRA-ters-ES384 (accept-classical)
JOSE-034,SYN-VC09_GJ_ES256_EdDSA-SIRA-ters-ES384,P1,kontrol-ES384,kabul,uygulanamaz,bicim-desteklenmiyor,,uygulanamaz,mirror:VC09_GJ_ES256_EdDSA-SIRA-ters-ES384 (accept-classical)
JOSE-034,SYN-VPLUS_ES256,GEC,kontrol-ES384,kabul,kabul,,,uyumlu,mirror:VPLUS_ES256 (accept-classical)
JOSE-034,SYN-VPLUS_ES256,IZIN-A,kontrol-ES384,kabul,kabul,,,uyumlu,mirror:VPLUS_ES256 (accept-classical)
JOSE-034,SYN-VPLUS_ES256,IZIN-AX,kontrol-ES384,kabul,kabul,,,uyumlu,mirror:VPLUS_ES256 (accept-classical)
JOSE-034,SYN-VPLUS_ES256,P0,kontrol-ES384,kabul,kabul,,,uyumlu,mirror:VPLUS_ES256 (accept-classical)
JOSE-034,SYN-VPLUS_EdDSA-ES384,GEC,kontrol-ES384,kabul,kabul,,,uyumlu,mirror:VPLUS_EdDSA-ES384 (accept-classical)
JOSE-034,SYN-VPLUS_EdDSA-ES384,IZIN-AX,kontrol-ES384,kabul,kabul,,,uyumlu,mirror:VPLUS_EdDSA-ES384 (accept-classical)
JOSE-034,SYN-VPLUS_EdDSA-ES384,L4,kontrol-ES384,kabul,kabul,,,uyumlu,mirror:VPLUS_EdDSA-ES384 (accept-classical)
JOSE-034,SYN-VPLUS_EdDSA-ES384,L4-S,kontrol-ES384,kabul,kabul,,,uyumlu,mirror:VPLUS_EdDSA-ES384 (accept-classical)
JOSE-034,SYN-VPLUS_EdDSA-ES384,L4-Y,kontrol-ES384,kabul,kabul,,,uyumlu,mirror:VPLUS_EdDSA-ES384 (accept-classical)
JOSE-034,SYN-VPLUS_EdDSA-ES384,P0,kontrol-ES384,kabul,kabul,,,uyumlu,mirror:VPLUS_EdDSA-ES384 (accept-classical)
JOSE-052,SYN-COSE-K1K_iki_gecerli-ES384,L4,kontrol-ES384,kabul,uygulanamaz,bicim-desteklenmiyor,,uygulanamaz,mirror:COSE-K1K_iki_gecerli-ES384 (accept-classical)
JOSE-052,SYN-COSE-K1K_iki_gecerli-ES384,L4-S,kontrol-ES384,kabul,uygulanamaz,bicim-desteklenmiyor,,uygulanamaz,mirror:COSE-K1K_iki_gecerli-ES384 (accept-classical)
JOSE-052,SYN-COSE-K1K_iki_gecerli-ES384,L4-Y,kontrol-ES384,kabul,uygulanamaz,bicim-desteklenmiyor,,uygulanamaz,mirror:COSE-K1K_iki_gecerli-ES384 (accept-classical)
JOSE-052,SYN-COSE-K1K_iki_gecerli-ES384,P0,kontrol-ES384,kabul,uygulanamaz,bicim-desteklenmiyor,,uygulanamaz,mirror:COSE-K1K_iki_gecerli-ES384 (accept-classical)
JOSE-052,SYN-COSE-K1K_iki_gecerli-ES384,P1,kontrol-ES384,kabul,uygulanamaz,bicim-desteklenmiyor,,uygulanamaz,mirror:COSE-K1K_iki_gecerli-ES384 (accept-classical)
JOSE-052,SYN-COSE-K1K_iki_gecerli-SIRA-ters-ES384,L4,kontrol-ES384,kabul,uygulanamaz,bicim-desteklenmiyor,,uygulanamaz,mirror:COSE-K1K_iki_gecerli-SIRA-ters-ES384 (accept-classical)
JOSE-052,SYN-COSE-K1K_iki_gecerli-SIRA-ters-ES384,L4-S,kontrol-ES384,kabul,uygulanamaz,bicim-desteklenmiyor,,uygulanamaz,mirror:COSE-K1K_iki_gecerli-SIRA-ters-ES384 (accept-classical)
JOSE-052,SYN-COSE-K1K_iki_gecerli-SIRA-ters-ES384,L4-Y,kontrol-ES384,kabul,uygulanamaz,bicim-desteklenmiyor,,uygulanamaz,mirror:COSE-K1K_iki_gecerli-SIRA-ters-ES384 (accept-classical)
JOSE-052,SYN-COSE-K1K_iki_gecerli-SIRA-ters-ES384,P0,kontrol-ES384,kabul,uygulanamaz,bicim-desteklenmiyor,,uygulanamaz,mirror:COSE-K1K_iki_gecerli-SIRA-ters-ES384 (accept-classical)
JOSE-052,SYN-COSE-K1K_iki_gecerli-SIRA-ters-ES384,P1,kontrol-ES384,kabul,uygulanamaz,bicim-desteklenmiyor,,uygulanamaz,mirror:COSE-K1K_iki_gecerli-SIRA-ters-ES384 (accept-classical)
JOSE-052,SYN-COSE-K4K_yalniz_X-ES384,GEC,kontrol-ES384,kabul,uygulanamaz,bicim-desteklenmiyor,,uygulanamaz,mirror:COSE-K4K_yalniz_X-ES384 (accept-classical)
JOSE-052,SYN-COSE-K4K_yalniz_X-ES384,IZIN-AX,kontrol-ES384,kabul,uygulanamaz,bicim-desteklenmiyor,,uygulanamaz,mirror:COSE-K4K_yalniz_X-ES384 (accept-classical)
JOSE-052,SYN-COSE-K4K_yalniz_X-ES384,L4,kontrol-ES384,kabul,uygulanamaz,bicim-desteklenmiyor,,uygulanamaz,mirror:COSE-K4K_yalniz_X-ES384 (accept-classical)
JOSE-052,SYN-COSE-K4K_yalniz_X-ES384,L4-S,kontrol-ES384,kabul,uygulanamaz,bicim-desteklenmiyor,,uygulanamaz,mirror:COSE-K4K_yalniz_X-ES384 (accept-classical)
JOSE-052,SYN-COSE-K4K_yalniz_X-ES384,L4-Y,kontrol-ES384,kabul,uygulanamaz,bicim-desteklenmiyor,,uygulanamaz,mirror:COSE-K4K_yalniz_X-ES384 (accept-classical)
JOSE-052,SYN-COSE-K4K_yalniz_X-ES384,P0,kontrol-ES384,kabul,uygulanamaz,bicim-desteklenmiyor,,uygulanamaz,mirror:COSE-K4K_yalniz_X-ES384 (accept-classical)
JOSE-052,SYN-COSE-K4K_yalniz_X-ES384,P1,kontrol-ES384,kabul,uygulanamaz,bicim-desteklenmiyor,,uygulanamaz,mirror:COSE-K4K_yalniz_X-ES384 (accept-classical)
JOSE-052,SYN-COSE-VPLUS_ES256,GEC,kontrol-ES384,kabul,uygulanamaz,bicim-desteklenmiyor,,uygulanamaz,mirror:COSE-VPLUS_ES256 (accept-classical)
JOSE-052,SYN-COSE-VPLUS_ES256,IZIN-A,kontrol-ES384,kabul,uygulanamaz,bicim-desteklenmiyor,,uygulanamaz,mirror:COSE-VPLUS_ES256 (accept-classical)
JOSE-052,SYN-COSE-VPLUS_ES256,IZIN-AX,kontrol-ES384,kabul,uygulanamaz,bicim-desteklenmiyor,,uygulanamaz,mirror:COSE-VPLUS_ES256 (accept-classical)
JOSE-052,SYN-COSE-VPLUS_ES256,P0,kontrol-ES384,kabul,uygulanamaz,bicim-desteklenmiyor,,uygulanamaz,mirror:COSE-VPLUS_ES256 (accept-classical)
JOSE-052,SYN-COSE-VPLUS_EdDSA-ES384,GEC,kontrol-ES384,kabul,uygulanamaz,bicim-desteklenmiyor,,uygulanamaz,mirror:COSE-VPLUS_EdDSA-ES384 (accept-classical)
JOSE-052,SYN-COSE-VPLUS_EdDSA-ES384,IZIN-AX,kontrol-ES384,kabul,uygulanamaz,bicim-desteklenmiyor,,uygulanamaz,mirror:COSE-VPLUS_EdDSA-ES384 (accept-classical)
JOSE-052,SYN-COSE-VPLUS_EdDSA-ES384,L4,kontrol-ES384,kabul,uygulanamaz,bicim-desteklenmiyor,,uygulanamaz,mirror:COSE-VPLUS_EdDSA-ES384 (accept-classical)
JOSE-052,SYN-COSE-VPLUS_EdDSA-ES384,L4-S,kontrol-ES384,kabul,uygulanamaz,bicim-desteklenmiyor,,uygulanamaz,mirror:COSE-VPLUS_EdDSA-ES384 (accept-classical)
JOSE-052,SYN-COSE-VPLUS_EdDSA-ES384,L4-Y,kontrol-ES384,kabul,uygulanamaz,bicim-desteklenmiyor,,uygulanamaz,mirror:COSE-VPLUS_EdDSA-ES384 (accept-classical)
JOSE-052,SYN-COSE-VPLUS_EdDSA-ES384,P0,kontrol-ES384,kabul,uygulanamaz,bicim-desteklenmiyor,,uygulanamaz,mirror:COSE-VPLUS_EdDSA-ES384 (accept-classical)
JOSE-052,SYN-D-VCX_ES384_kid,GEC,kontrol-ES384,kabul,uygulanamaz,bicim-desteklenmiyor,,uygulanamaz,derived:analogue VPLUS_EdDSA-ES384 (accept-classical)
JOSE-052,SYN-D-VCX_ES384_kid,IZIN-AX,kontrol-ES384,kabul,uygulanamaz,bicim-desteklenmiyor,,uygulanamaz,derived:analogue VPLUS_EdDSA-ES384 (accept-classical)
JOSE-052,SYN-D-VCX_ES384_kid,L4,kontrol-ES384,kabul,uygulanamaz,bicim-desteklenmiyor,,uygulanamaz,derived:analogue VPLUS_EdDSA-ES384 (accept-classical)
JOSE-052,SYN-D-VCX_ES384_kid,L4-S,kontrol-ES384,kabul,uygulanamaz,bicim-desteklenmiyor,,uygulanamaz,derived:analogue VPLUS_EdDSA-ES384 (accept-classical)
JOSE-052,SYN-D-VCX_ES384_kid,L4-Y,kontrol-ES384,kabul,uygulanamaz,bicim-desteklenmiyor,,uygulanamaz,derived:analogue VPLUS_EdDSA-ES384 (accept-classical)
JOSE-052,SYN-D-VCX_ES384_kid,P0,kontrol-ES384,kabul,uygulanamaz,bicim-desteklenmiyor,,uygulanamaz,derived:analogue VPLUS_EdDSA-ES384 (accept-classical)
JOSE-052,SYN-L4C-COSE_eski_ES256,GEC,kontrol-ES384,kabul,uygulanamaz,bicim-desteklenmiyor,,uygulanamaz,mirror:L4C-COSE_eski_ES256 (accept-classical)
JOSE-052,SYN-L4C-COSE_eski_ES256,IZIN-A,kontrol-ES384,kabul,uygulanamaz,bicim-desteklenmiyor,,uygulanamaz,mirror:L4C-COSE_eski_ES256 (accept-classical)
JOSE-052,SYN-L4C-COSE_eski_ES256,IZIN-AX,kontrol-ES384,kabul,uygulanamaz,bicim-desteklenmiyor,,uygulanamaz,mirror:L4C-COSE_eski_ES256 (accept-classical)
JOSE-052,SYN-L4C-COSE_eski_ES256,L4,kontrol-ES384,kabul,uygulanamaz,bicim-desteklenmiyor,,uygulanamaz,mirror:L4C-COSE_eski_ES256 (accept-classical)
JOSE-052,SYN-L4C-COSE_eski_ES256,L4-S,kontrol-ES384,kabul,uygulanamaz,bicim-desteklenmiyor,,uygulanamaz,mirror:L4C-COSE_eski_ES256 (accept-classical)
JOSE-052,SYN-L4C-COSE_eski_ES256,L4-Y,kontrol-ES384,kabul,uygulanamaz,bicim-desteklenmiyor,,uygulanamaz,mirror:L4C-COSE_eski_ES256 (accept-classical)
JOSE-052,SYN-L4C-JOSE_eski_ES256,GEC,kontrol-ES384,kabul,kabul,,,uyumlu,mirror:L4C-JOSE_eski_ES256 (accept-classical)
JOSE-052,SYN-L4C-JOSE_eski_ES256,IZIN-A,kontrol-ES384,kabul,kabul,,,uyumlu,mirror:L4C-JOSE_eski_ES256 (accept-classical)
JOSE-052,SYN-L4C-JOSE_eski_ES256,IZIN-AX,kontrol-ES384,kabul,kabul,,,uyumlu,mirror:L4C-JOSE_eski_ES256 (accept-classical)
JOSE-052,SYN-L4C-JOSE_eski_ES256,L4,kontrol-ES384,kabul,kabul,,,uyumlu,mirror:L4C-JOSE_eski_ES256 (accept-classical)
JOSE-052,SYN-L4C-JOSE_eski_ES256,L4-S,kontrol-ES384,kabul,kabul,,,uyumlu,mirror:L4C-JOSE_eski_ES256 (accept-classical)
JOSE-052,SYN-L4C-JOSE_eski_ES256,L4-Y,kontrol-ES384,kabul,kabul,,,uyumlu,mirror:L4C-JOSE_eski_ES256 (accept-classical)
JOSE-052,SYN-T1K_both_valid-ES384,L4,kontrol-ES384,kabul,uygulanamaz,bicim-desteklenmiyor,,uygulanamaz,mirror:T1K_both_valid-ES384 (accept-classical)
JOSE-052,SYN-T1K_both_valid-ES384,L4-S,kontrol-ES384,kabul,uygulanamaz,bicim-desteklenmiyor,,uygulanamaz,mirror:T1K_both_valid-ES384 (accept-classical)
JOSE-052,SYN-T1K_both_valid-ES384,L4-Y,kontrol-ES384,kabul,uygulanamaz,bicim-desteklenmiyor,,uygulanamaz,mirror:T1K_both_valid-ES384 (accept-classical)
JOSE-052,SYN-T1K_both_valid-ES384,P0,kontrol-ES384,kabul,uygulanamaz,bicim-desteklenmiyor,,uygulanamaz,mirror:T1K_both_valid-ES384 (accept-classical)
JOSE-052,SYN-T1K_both_valid-ES384,P1,kontrol-ES384,kabul,uygulanamaz,bicim-desteklenmiyor,,uygulanamaz,mirror:T1K_both_valid-ES384 (accept-classical)
JOSE-052,SYN-T1K_both_valid-SIRA-ters-ES384,L4,kontrol-ES384,kabul,uygulanamaz,bicim-desteklenmiyor,,uygulanamaz,mirror:T1K_both_valid-SIRA-ters-ES384 (accept-classical)
JOSE-052,SYN-T1K_both_valid-SIRA-ters-ES384,L4-S,kontrol-ES384,kabul,uygulanamaz,bicim-desteklenmiyor,,uygulanamaz,mirror:T1K_both_valid-SIRA-ters-ES384 (accept-classical)
JOSE-052,SYN-T1K_both_valid-SIRA-ters-ES384,L4-Y,kontrol-ES384,kabul,uygulanamaz,bicim-desteklenmiyor,,uygulanamaz,mirror:T1K_both_valid-SIRA-ters-ES384 (accept-classical)
JOSE-052,SYN-T1K_both_valid-SIRA-ters-ES384,P0,kontrol-ES384,kabul,uygulanamaz,bicim-desteklenmiyor,,uygulanamaz,mirror:T1K_both_valid-SIRA-ters-ES384 (accept-classical)
JOSE-052,SYN-T1K_both_valid-SIRA-ters-ES384,P1,kontrol-ES384,kabul,uygulanamaz,bicim-desteklenmiyor,,uygulanamaz,mirror:T1K_both_valid-SIRA-ters-ES384 (accept-classical)
JOSE-052,SYN-T5K_only_EdDSA-ES384,GEC,kontrol-ES384,kabul,uygulanamaz,bicim-desteklenmiyor,,uygulanamaz,mirror:T5K_only_EdDSA-ES384 (accept-classical)
JOSE-052,SYN-T5K_only_EdDSA-ES384,IZIN-AX,kontrol-ES384,kabul,uygulanamaz,bicim-desteklenmiyor,,uygulanamaz,mirror:T5K_only_EdDSA-ES384 (accept-classical)
JOSE-052,SYN-T5K_only_EdDSA-ES384,L4,kontrol-ES384,kabul,uygulanamaz,bicim-desteklenmiyor,,uygulanamaz,mirror:T5K_only_EdDSA-ES384 (accept-classical)
JOSE-052,SYN-T5K_only_EdDSA-ES384,L4-S,kontrol-ES384,kabul,uygulanamaz,bicim-desteklenmiyor,,uygulanamaz,mirror:T5K_only_EdDSA-ES384 (accept-classical)
JOSE-052,SYN-T5K_only_EdDSA-ES384,L4-Y,kontrol-ES384,kabul,uygulanamaz,bicim-desteklenmiyor,,uygulanamaz,mirror:T5K_only_EdDSA-ES384 (accept-classical)
JOSE-052,SYN-T5K_only_EdDSA-ES384,P0,kontrol-ES384,kabul,uygulanamaz,bicim-desteklenmiyor,,uygulanamaz,mirror:T5K_only_EdDSA-ES384 (accept-classical)
JOSE-052,SYN-T5K_only_EdDSA-ES384,P1,kontrol-ES384,kabul,uygulanamaz,bicim-desteklenmiyor,,uygulanamaz,mirror:T5K_only_EdDSA-ES384 (accept-classical)
JOSE-052,SYN-VC01_ES256_x5c,GEC,kontrol-ES384,kabul,uygulanamaz,bicim-desteklenmiyor,,uygulanamaz,mirror:VC01_ES256_x5c (accept-classical)
JOSE-052,SYN-VC01_ES256_x5c,IZIN-A,kontrol-ES384,kabul,uygulanamaz,bicim-desteklenmiyor,,uygulanamaz,mirror:VC01_ES256_x5c (accept-classical)
JOSE-052,SYN-VC01_ES256_x5c,IZIN-AX,kontrol-ES384,kabul,uygulanamaz,bicim-desteklenmiyor,,uygulanamaz,mirror:VC01_ES256_x5c (accept-classical)
JOSE-052,SYN-VC01_ES256_x5c,P0,kontrol-ES384,kabul,uygulanamaz,bicim-desteklenmiyor,,uygulanamaz,mirror:VC01_ES256_x5c (accept-classical)
JOSE-052,SYN-VC09_GJ_ES256_EdDSA-ES384,L4,kontrol-ES384,kabul,uygulanamaz,bicim-desteklenmiyor,,uygulanamaz,mirror:VC09_GJ_ES256_EdDSA-ES384 (accept-classical)
JOSE-052,SYN-VC09_GJ_ES256_EdDSA-ES384,L4-S,kontrol-ES384,kabul,uygulanamaz,bicim-desteklenmiyor,,uygulanamaz,mirror:VC09_GJ_ES256_EdDSA-ES384 (accept-classical)
JOSE-052,SYN-VC09_GJ_ES256_EdDSA-ES384,L4-Y,kontrol-ES384,kabul,uygulanamaz,bicim-desteklenmiyor,,uygulanamaz,mirror:VC09_GJ_ES256_EdDSA-ES384 (accept-classical)
JOSE-052,SYN-VC09_GJ_ES256_EdDSA-ES384,P0,kontrol-ES384,kabul,uygulanamaz,bicim-desteklenmiyor,,uygulanamaz,mirror:VC09_GJ_ES256_EdDSA-ES384 (accept-classical)
JOSE-052,SYN-VC09_GJ_ES256_EdDSA-ES384,P1,kontrol-ES384,kabul,uygulanamaz,bicim-desteklenmiyor,,uygulanamaz,mirror:VC09_GJ_ES256_EdDSA-ES384 (accept-classical)
JOSE-052,SYN-VC09_GJ_ES256_EdDSA-SIRA-ters-ES384,L4,kontrol-ES384,kabul,uygulanamaz,bicim-desteklenmiyor,,uygulanamaz,mirror:VC09_GJ_ES256_EdDSA-SIRA-ters-ES384 (accept-classical)
JOSE-052,SYN-VC09_GJ_ES256_EdDSA-SIRA-ters-ES384,L4-S,kontrol-ES384,kabul,uygulanamaz,bicim-desteklenmiyor,,uygulanamaz,mirror:VC09_GJ_ES256_EdDSA-SIRA-ters-ES384 (accept-classical)
JOSE-052,SYN-VC09_GJ_ES256_EdDSA-SIRA-ters-ES384,L4-Y,kontrol-ES384,kabul,uygulanamaz,bicim-desteklenmiyor,,uygulanamaz,mirror:VC09_GJ_ES256_EdDSA-SIRA-ters-ES384 (accept-classical)
JOSE-052,SYN-VC09_GJ_ES256_EdDSA-SIRA-ters-ES384,P0,kontrol-ES384,kabul,uygulanamaz,bicim-desteklenmiyor,,uygulanamaz,mirror:VC09_GJ_ES256_EdDSA-SIRA-ters-ES384 (accept-classical)
JOSE-052,SYN-VC09_GJ_ES256_EdDSA-SIRA-ters-ES384,P1,kontrol-ES384,kabul,uygulanamaz,bicim-desteklenmiyor,,uygulanamaz,mirror:VC09_GJ_ES256_EdDSA-SIRA-ters-ES384 (accept-classical)
JOSE-052,SYN-VPLUS_ES256,GEC,kontrol-ES384,kabul,kabul,,,uyumlu,mirror:VPLUS_ES256 (accept-classical)
JOSE-052,SYN-VPLUS_ES256,IZIN-A,kontrol-ES384,kabul,kabul,,,uyumlu,mirror:VPLUS_ES256 (accept-classical)
JOSE-052,SYN-VPLUS_ES256,IZIN-AX,kontrol-ES384,kabul,kabul,,,uyumlu,mirror:VPLUS_ES256 (accept-classical)
JOSE-052,SYN-VPLUS_ES256,P0,kontrol-ES384,kabul,kabul,,,uyumlu,mirror:VPLUS_ES256 (accept-classical)
JOSE-052,SYN-VPLUS_EdDSA-ES384,GEC,kontrol-ES384,kabul,kabul,,,uyumlu,mirror:VPLUS_EdDSA-ES384 (accept-classical)
JOSE-052,SYN-VPLUS_EdDSA-ES384,IZIN-AX,kontrol-ES384,kabul,kabul,,,uyumlu,mirror:VPLUS_EdDSA-ES384 (accept-classical)
JOSE-052,SYN-VPLUS_EdDSA-ES384,L4,kontrol-ES384,kabul,kabul,,,uyumlu,mirror:VPLUS_EdDSA-ES384 (accept-classical)
JOSE-052,SYN-VPLUS_EdDSA-ES384,L4-S,kontrol-ES384,kabul,kabul,,,uyumlu,mirror:VPLUS_EdDSA-ES384 (accept-classical)
JOSE-052,SYN-VPLUS_EdDSA-ES384,L4-Y,kontrol-ES384,kabul,kabul,,,uyumlu,mirror:VPLUS_EdDSA-ES384 (accept-classical)
JOSE-052,SYN-VPLUS_EdDSA-ES384,P0,kontrol-ES384,kabul,kabul,,,uyumlu,mirror:VPLUS_EdDSA-ES384 (accept-classical)
JOSE-055,SYN-COSE-K1K_iki_gecerli,L4,kontrol-EdDSA,kabul,uygulanamaz,bicim-desteklenmiyor,,uygulanamaz,mirror:COSE-K1K_iki_gecerli (accept-classical)
JOSE-055,SYN-COSE-K1K_iki_gecerli,L4-S,kontrol-EdDSA,kabul,uygulanamaz,bicim-desteklenmiyor,,uygulanamaz,mirror:COSE-K1K_iki_gecerli (accept-classical)
JOSE-055,SYN-COSE-K1K_iki_gecerli,L4-Y,kontrol-EdDSA,kabul,uygulanamaz,bicim-desteklenmiyor,,uygulanamaz,mirror:COSE-K1K_iki_gecerli (accept-classical)
JOSE-055,SYN-COSE-K1K_iki_gecerli,P0,kontrol-EdDSA,kabul,uygulanamaz,bicim-desteklenmiyor,,uygulanamaz,mirror:COSE-K1K_iki_gecerli (accept-classical)
JOSE-055,SYN-COSE-K1K_iki_gecerli,P1,kontrol-EdDSA,kabul,uygulanamaz,bicim-desteklenmiyor,,uygulanamaz,mirror:COSE-K1K_iki_gecerli (accept-classical)
JOSE-055,SYN-COSE-K1K_iki_gecerli-SIRA-ters,L4,kontrol-EdDSA,kabul,uygulanamaz,bicim-desteklenmiyor,,uygulanamaz,mirror:COSE-K1K_iki_gecerli-SIRA-ters (accept-classical)
JOSE-055,SYN-COSE-K1K_iki_gecerli-SIRA-ters,L4-S,kontrol-EdDSA,kabul,uygulanamaz,bicim-desteklenmiyor,,uygulanamaz,mirror:COSE-K1K_iki_gecerli-SIRA-ters (accept-classical)
JOSE-055,SYN-COSE-K1K_iki_gecerli-SIRA-ters,L4-Y,kontrol-EdDSA,kabul,uygulanamaz,bicim-desteklenmiyor,,uygulanamaz,mirror:COSE-K1K_iki_gecerli-SIRA-ters (accept-classical)
JOSE-055,SYN-COSE-K1K_iki_gecerli-SIRA-ters,P0,kontrol-EdDSA,kabul,uygulanamaz,bicim-desteklenmiyor,,uygulanamaz,mirror:COSE-K1K_iki_gecerli-SIRA-ters (accept-classical)
JOSE-055,SYN-COSE-K1K_iki_gecerli-SIRA-ters,P1,kontrol-EdDSA,kabul,uygulanamaz,bicim-desteklenmiyor,,uygulanamaz,mirror:COSE-K1K_iki_gecerli-SIRA-ters (accept-classical)
JOSE-055,SYN-COSE-K4K_yalniz_X,GEC,kontrol-EdDSA,kabul,uygulanamaz,bicim-desteklenmiyor,,uygulanamaz,mirror:COSE-K4K_yalniz_X (accept-classical)
JOSE-055,SYN-COSE-K4K_yalniz_X,IZIN-AX,kontrol-EdDSA,kabul,uygulanamaz,bicim-desteklenmiyor,,uygulanamaz,mirror:COSE-K4K_yalniz_X (accept-classical)
JOSE-055,SYN-COSE-K4K_yalniz_X,L4,kontrol-EdDSA,kabul,uygulanamaz,bicim-desteklenmiyor,,uygulanamaz,mirror:COSE-K4K_yalniz_X (accept-classical)
JOSE-055,SYN-COSE-K4K_yalniz_X,L4-S,kontrol-EdDSA,kabul,uygulanamaz,bicim-desteklenmiyor,,uygulanamaz,mirror:COSE-K4K_yalniz_X (accept-classical)
JOSE-055,SYN-COSE-K4K_yalniz_X,L4-Y,kontrol-EdDSA,kabul,uygulanamaz,bicim-desteklenmiyor,,uygulanamaz,mirror:COSE-K4K_yalniz_X (accept-classical)
JOSE-055,SYN-COSE-K4K_yalniz_X,P0,kontrol-EdDSA,kabul,uygulanamaz,bicim-desteklenmiyor,,uygulanamaz,mirror:COSE-K4K_yalniz_X (accept-classical)
JOSE-055,SYN-COSE-K4K_yalniz_X,P1,kontrol-EdDSA,kabul,uygulanamaz,bicim-desteklenmiyor,,uygulanamaz,mirror:COSE-K4K_yalniz_X (accept-classical)
JOSE-055,SYN-COSE-VPLUS_ES256,GEC,kontrol-EdDSA,kabul,uygulanamaz,bicim-desteklenmiyor,,uygulanamaz,mirror:COSE-VPLUS_ES256 (accept-classical)
JOSE-055,SYN-COSE-VPLUS_ES256,IZIN-A,kontrol-EdDSA,kabul,uygulanamaz,bicim-desteklenmiyor,,uygulanamaz,mirror:COSE-VPLUS_ES256 (accept-classical)
JOSE-055,SYN-COSE-VPLUS_ES256,IZIN-AX,kontrol-EdDSA,kabul,uygulanamaz,bicim-desteklenmiyor,,uygulanamaz,mirror:COSE-VPLUS_ES256 (accept-classical)
JOSE-055,SYN-COSE-VPLUS_ES256,P0,kontrol-EdDSA,kabul,uygulanamaz,bicim-desteklenmiyor,,uygulanamaz,mirror:COSE-VPLUS_ES256 (accept-classical)
JOSE-055,SYN-COSE-VPLUS_EdDSA,GEC,kontrol-EdDSA,kabul,uygulanamaz,bicim-desteklenmiyor,,uygulanamaz,mirror:COSE-VPLUS_EdDSA (accept-classical)
JOSE-055,SYN-COSE-VPLUS_EdDSA,IZIN-AX,kontrol-EdDSA,kabul,uygulanamaz,bicim-desteklenmiyor,,uygulanamaz,mirror:COSE-VPLUS_EdDSA (accept-classical)
JOSE-055,SYN-COSE-VPLUS_EdDSA,L4,kontrol-EdDSA,kabul,uygulanamaz,bicim-desteklenmiyor,,uygulanamaz,mirror:COSE-VPLUS_EdDSA (accept-classical)
JOSE-055,SYN-COSE-VPLUS_EdDSA,L4-S,kontrol-EdDSA,kabul,uygulanamaz,bicim-desteklenmiyor,,uygulanamaz,mirror:COSE-VPLUS_EdDSA (accept-classical)
JOSE-055,SYN-COSE-VPLUS_EdDSA,L4-Y,kontrol-EdDSA,kabul,uygulanamaz,bicim-desteklenmiyor,,uygulanamaz,mirror:COSE-VPLUS_EdDSA (accept-classical)
JOSE-055,SYN-COSE-VPLUS_EdDSA,P0,kontrol-EdDSA,kabul,uygulanamaz,bicim-desteklenmiyor,,uygulanamaz,mirror:COSE-VPLUS_EdDSA (accept-classical)
JOSE-055,SYN-D-VCX_EdDSA_kid,GEC,kontrol-EdDSA,kabul,uygulanamaz,bicim-desteklenmiyor,,uygulanamaz,derived:analogue VPLUS_EdDSA (accept-classical)
JOSE-055,SYN-D-VCX_EdDSA_kid,IZIN-AX,kontrol-EdDSA,kabul,uygulanamaz,bicim-desteklenmiyor,,uygulanamaz,derived:analogue VPLUS_EdDSA (accept-classical)
JOSE-055,SYN-D-VCX_EdDSA_kid,L4,kontrol-EdDSA,kabul,uygulanamaz,bicim-desteklenmiyor,,uygulanamaz,derived:analogue VPLUS_EdDSA (accept-classical)
JOSE-055,SYN-D-VCX_EdDSA_kid,L4-S,kontrol-EdDSA,kabul,uygulanamaz,bicim-desteklenmiyor,,uygulanamaz,derived:analogue VPLUS_EdDSA (accept-classical)
JOSE-055,SYN-D-VCX_EdDSA_kid,L4-Y,kontrol-EdDSA,kabul,uygulanamaz,bicim-desteklenmiyor,,uygulanamaz,derived:analogue VPLUS_EdDSA (accept-classical)
JOSE-055,SYN-D-VCX_EdDSA_kid,P0,kontrol-EdDSA,kabul,uygulanamaz,bicim-desteklenmiyor,,uygulanamaz,derived:analogue VPLUS_EdDSA (accept-classical)
JOSE-055,SYN-L4C-COSE_eski_ES256,GEC,kontrol-EdDSA,kabul,uygulanamaz,bicim-desteklenmiyor,,uygulanamaz,mirror:L4C-COSE_eski_ES256 (accept-classical)
JOSE-055,SYN-L4C-COSE_eski_ES256,IZIN-A,kontrol-EdDSA,kabul,uygulanamaz,bicim-desteklenmiyor,,uygulanamaz,mirror:L4C-COSE_eski_ES256 (accept-classical)
JOSE-055,SYN-L4C-COSE_eski_ES256,IZIN-AX,kontrol-EdDSA,kabul,uygulanamaz,bicim-desteklenmiyor,,uygulanamaz,mirror:L4C-COSE_eski_ES256 (accept-classical)
JOSE-055,SYN-L4C-COSE_eski_ES256,L4,kontrol-EdDSA,kabul,uygulanamaz,bicim-desteklenmiyor,,uygulanamaz,mirror:L4C-COSE_eski_ES256 (accept-classical)
JOSE-055,SYN-L4C-COSE_eski_ES256,L4-S,kontrol-EdDSA,kabul,uygulanamaz,bicim-desteklenmiyor,,uygulanamaz,mirror:L4C-COSE_eski_ES256 (accept-classical)
JOSE-055,SYN-L4C-COSE_eski_ES256,L4-Y,kontrol-EdDSA,kabul,uygulanamaz,bicim-desteklenmiyor,,uygulanamaz,mirror:L4C-COSE_eski_ES256 (accept-classical)
JOSE-055,SYN-L4C-JOSE_eski_ES256,GEC,kontrol-EdDSA,kabul,kabul,,,uyumlu,mirror:L4C-JOSE_eski_ES256 (accept-classical)
JOSE-055,SYN-L4C-JOSE_eski_ES256,IZIN-A,kontrol-EdDSA,kabul,kabul,,,uyumlu,mirror:L4C-JOSE_eski_ES256 (accept-classical)
JOSE-055,SYN-L4C-JOSE_eski_ES256,IZIN-AX,kontrol-EdDSA,kabul,kabul,,,uyumlu,mirror:L4C-JOSE_eski_ES256 (accept-classical)
JOSE-055,SYN-L4C-JOSE_eski_ES256,L4,kontrol-EdDSA,kabul,kabul,,,uyumlu,mirror:L4C-JOSE_eski_ES256 (accept-classical)
JOSE-055,SYN-L4C-JOSE_eski_ES256,L4-S,kontrol-EdDSA,kabul,kabul,,,uyumlu,mirror:L4C-JOSE_eski_ES256 (accept-classical)
JOSE-055,SYN-L4C-JOSE_eski_ES256,L4-Y,kontrol-EdDSA,kabul,kabul,,,uyumlu,mirror:L4C-JOSE_eski_ES256 (accept-classical)
JOSE-055,SYN-T1K_both_valid,L4,kontrol-EdDSA,kabul,uygulanamaz,bicim-desteklenmiyor,,uygulanamaz,mirror:T1K_both_valid (accept-classical)
JOSE-055,SYN-T1K_both_valid,L4-S,kontrol-EdDSA,kabul,uygulanamaz,bicim-desteklenmiyor,,uygulanamaz,mirror:T1K_both_valid (accept-classical)
JOSE-055,SYN-T1K_both_valid,L4-Y,kontrol-EdDSA,kabul,uygulanamaz,bicim-desteklenmiyor,,uygulanamaz,mirror:T1K_both_valid (accept-classical)
JOSE-055,SYN-T1K_both_valid,P0,kontrol-EdDSA,kabul,uygulanamaz,bicim-desteklenmiyor,,uygulanamaz,mirror:T1K_both_valid (accept-classical)
JOSE-055,SYN-T1K_both_valid,P1,kontrol-EdDSA,kabul,uygulanamaz,bicim-desteklenmiyor,,uygulanamaz,mirror:T1K_both_valid (accept-classical)
JOSE-055,SYN-T1K_both_valid-SIRA-ters,L4,kontrol-EdDSA,kabul,uygulanamaz,bicim-desteklenmiyor,,uygulanamaz,mirror:T1K_both_valid-SIRA-ters (accept-classical)
JOSE-055,SYN-T1K_both_valid-SIRA-ters,L4-S,kontrol-EdDSA,kabul,uygulanamaz,bicim-desteklenmiyor,,uygulanamaz,mirror:T1K_both_valid-SIRA-ters (accept-classical)
JOSE-055,SYN-T1K_both_valid-SIRA-ters,L4-Y,kontrol-EdDSA,kabul,uygulanamaz,bicim-desteklenmiyor,,uygulanamaz,mirror:T1K_both_valid-SIRA-ters (accept-classical)
JOSE-055,SYN-T1K_both_valid-SIRA-ters,P0,kontrol-EdDSA,kabul,uygulanamaz,bicim-desteklenmiyor,,uygulanamaz,mirror:T1K_both_valid-SIRA-ters (accept-classical)
JOSE-055,SYN-T1K_both_valid-SIRA-ters,P1,kontrol-EdDSA,kabul,uygulanamaz,bicim-desteklenmiyor,,uygulanamaz,mirror:T1K_both_valid-SIRA-ters (accept-classical)
JOSE-055,SYN-T5K_only_EdDSA,GEC,kontrol-EdDSA,kabul,uygulanamaz,bicim-desteklenmiyor,,uygulanamaz,mirror:T5K_only_EdDSA (accept-classical)
JOSE-055,SYN-T5K_only_EdDSA,IZIN-AX,kontrol-EdDSA,kabul,uygulanamaz,bicim-desteklenmiyor,,uygulanamaz,mirror:T5K_only_EdDSA (accept-classical)
JOSE-055,SYN-T5K_only_EdDSA,L4,kontrol-EdDSA,kabul,uygulanamaz,bicim-desteklenmiyor,,uygulanamaz,mirror:T5K_only_EdDSA (accept-classical)
JOSE-055,SYN-T5K_only_EdDSA,L4-S,kontrol-EdDSA,kabul,uygulanamaz,bicim-desteklenmiyor,,uygulanamaz,mirror:T5K_only_EdDSA (accept-classical)
JOSE-055,SYN-T5K_only_EdDSA,L4-Y,kontrol-EdDSA,kabul,uygulanamaz,bicim-desteklenmiyor,,uygulanamaz,mirror:T5K_only_EdDSA (accept-classical)
JOSE-055,SYN-T5K_only_EdDSA,P0,kontrol-EdDSA,kabul,uygulanamaz,bicim-desteklenmiyor,,uygulanamaz,mirror:T5K_only_EdDSA (accept-classical)
JOSE-055,SYN-T5K_only_EdDSA,P1,kontrol-EdDSA,kabul,uygulanamaz,bicim-desteklenmiyor,,uygulanamaz,mirror:T5K_only_EdDSA (accept-classical)
JOSE-055,SYN-VC01_ES256_x5c,GEC,kontrol-EdDSA,kabul,uygulanamaz,bicim-desteklenmiyor,,uygulanamaz,mirror:VC01_ES256_x5c (accept-classical)
JOSE-055,SYN-VC01_ES256_x5c,IZIN-A,kontrol-EdDSA,kabul,uygulanamaz,bicim-desteklenmiyor,,uygulanamaz,mirror:VC01_ES256_x5c (accept-classical)
JOSE-055,SYN-VC01_ES256_x5c,IZIN-AX,kontrol-EdDSA,kabul,uygulanamaz,bicim-desteklenmiyor,,uygulanamaz,mirror:VC01_ES256_x5c (accept-classical)
JOSE-055,SYN-VC01_ES256_x5c,P0,kontrol-EdDSA,kabul,uygulanamaz,bicim-desteklenmiyor,,uygulanamaz,mirror:VC01_ES256_x5c (accept-classical)
JOSE-055,SYN-VC09_GJ_ES256_EdDSA,L4,kontrol-EdDSA,kabul,uygulanamaz,bicim-desteklenmiyor,,uygulanamaz,mirror:VC09_GJ_ES256_EdDSA (accept-classical)
JOSE-055,SYN-VC09_GJ_ES256_EdDSA,L4-S,kontrol-EdDSA,kabul,uygulanamaz,bicim-desteklenmiyor,,uygulanamaz,mirror:VC09_GJ_ES256_EdDSA (accept-classical)
JOSE-055,SYN-VC09_GJ_ES256_EdDSA,L4-Y,kontrol-EdDSA,kabul,uygulanamaz,bicim-desteklenmiyor,,uygulanamaz,mirror:VC09_GJ_ES256_EdDSA (accept-classical)
JOSE-055,SYN-VC09_GJ_ES256_EdDSA,P0,kontrol-EdDSA,kabul,uygulanamaz,bicim-desteklenmiyor,,uygulanamaz,mirror:VC09_GJ_ES256_EdDSA (accept-classical)
JOSE-055,SYN-VC09_GJ_ES256_EdDSA,P1,kontrol-EdDSA,kabul,uygulanamaz,bicim-desteklenmiyor,,uygulanamaz,mirror:VC09_GJ_ES256_EdDSA (accept-classical)
JOSE-055,SYN-VC09_GJ_ES256_EdDSA-SIRA-ters,L4,kontrol-EdDSA,kabul,uygulanamaz,bicim-desteklenmiyor,,uygulanamaz,mirror:VC09_GJ_ES256_EdDSA-SIRA-ters (accept-classical)
JOSE-055,SYN-VC09_GJ_ES256_EdDSA-SIRA-ters,L4-S,kontrol-EdDSA,kabul,uygulanamaz,bicim-desteklenmiyor,,uygulanamaz,mirror:VC09_GJ_ES256_EdDSA-SIRA-ters (accept-classical)
JOSE-055,SYN-VC09_GJ_ES256_EdDSA-SIRA-ters,L4-Y,kontrol-EdDSA,kabul,uygulanamaz,bicim-desteklenmiyor,,uygulanamaz,mirror:VC09_GJ_ES256_EdDSA-SIRA-ters (accept-classical)
JOSE-055,SYN-VC09_GJ_ES256_EdDSA-SIRA-ters,P0,kontrol-EdDSA,kabul,uygulanamaz,bicim-desteklenmiyor,,uygulanamaz,mirror:VC09_GJ_ES256_EdDSA-SIRA-ters (accept-classical)
JOSE-055,SYN-VC09_GJ_ES256_EdDSA-SIRA-ters,P1,kontrol-EdDSA,kabul,uygulanamaz,bicim-desteklenmiyor,,uygulanamaz,mirror:VC09_GJ_ES256_EdDSA-SIRA-ters (accept-classical)
JOSE-055,SYN-VPLUS_ES256,GEC,kontrol-EdDSA,kabul,kabul,,,uyumlu,mirror:VPLUS_ES256 (accept-classical)
JOSE-055,SYN-VPLUS_ES256,IZIN-A,kontrol-EdDSA,kabul,kabul,,,uyumlu,mirror:VPLUS_ES256 (accept-classical)
JOSE-055,SYN-VPLUS_ES256,IZIN-AX,kontrol-EdDSA,kabul,kabul,,,uyumlu,mirror:VPLUS_ES256 (accept-classical)
JOSE-055,SYN-VPLUS_ES256,P0,kontrol-EdDSA,kabul,kabul,,,uyumlu,mirror:VPLUS_ES256 (accept-classical)
JOSE-055,SYN-VPLUS_EdDSA,GEC,kontrol-EdDSA,kabul,kabul,,,uyumlu,mirror:VPLUS_EdDSA (accept-classical)
JOSE-055,SYN-VPLUS_EdDSA,IZIN-AX,kontrol-EdDSA,kabul,kabul,,,uyumlu,mirror:VPLUS_EdDSA (accept-classical)
JOSE-055,SYN-VPLUS_EdDSA,L4,kontrol-EdDSA,kabul,kabul,,,uyumlu,mirror:VPLUS_EdDSA (accept-classical)
JOSE-055,SYN-VPLUS_EdDSA,L4-S,kontrol-EdDSA,kabul,kabul,,,uyumlu,mirror:VPLUS_EdDSA (accept-classical)
JOSE-055,SYN-VPLUS_EdDSA,L4-Y,kontrol-EdDSA,kabul,kabul,,,uyumlu,mirror:VPLUS_EdDSA (accept-classical)
JOSE-055,SYN-VPLUS_EdDSA,P0,kontrol-EdDSA,kabul,kabul,,,uyumlu,mirror:VPLUS_EdDSA (accept-classical)
JOSE-065,SYN-COSE-K1K_iki_gecerli-ES384,L4,kontrol-ES384,kabul,uygulanamaz,bicim-desteklenmiyor,,uygulanamaz,mirror:COSE-K1K_iki_gecerli-ES384 (accept-classical)
JOSE-065,SYN-COSE-K1K_iki_gecerli-ES384,L4-S,kontrol-ES384,kabul,uygulanamaz,bicim-desteklenmiyor,,uygulanamaz,mirror:COSE-K1K_iki_gecerli-ES384 (accept-classical)
JOSE-065,SYN-COSE-K1K_iki_gecerli-ES384,L4-Y,kontrol-ES384,kabul,uygulanamaz,bicim-desteklenmiyor,,uygulanamaz,mirror:COSE-K1K_iki_gecerli-ES384 (accept-classical)
JOSE-065,SYN-COSE-K1K_iki_gecerli-ES384,P0,kontrol-ES384,kabul,uygulanamaz,bicim-desteklenmiyor,,uygulanamaz,mirror:COSE-K1K_iki_gecerli-ES384 (accept-classical)
JOSE-065,SYN-COSE-K1K_iki_gecerli-ES384,P1,kontrol-ES384,kabul,uygulanamaz,bicim-desteklenmiyor,,uygulanamaz,mirror:COSE-K1K_iki_gecerli-ES384 (accept-classical)
JOSE-065,SYN-COSE-K1K_iki_gecerli-SIRA-ters-ES384,L4,kontrol-ES384,kabul,uygulanamaz,bicim-desteklenmiyor,,uygulanamaz,mirror:COSE-K1K_iki_gecerli-SIRA-ters-ES384 (accept-classical)
JOSE-065,SYN-COSE-K1K_iki_gecerli-SIRA-ters-ES384,L4-S,kontrol-ES384,kabul,uygulanamaz,bicim-desteklenmiyor,,uygulanamaz,mirror:COSE-K1K_iki_gecerli-SIRA-ters-ES384 (accept-classical)
JOSE-065,SYN-COSE-K1K_iki_gecerli-SIRA-ters-ES384,L4-Y,kontrol-ES384,kabul,uygulanamaz,bicim-desteklenmiyor,,uygulanamaz,mirror:COSE-K1K_iki_gecerli-SIRA-ters-ES384 (accept-classical)
JOSE-065,SYN-COSE-K1K_iki_gecerli-SIRA-ters-ES384,P0,kontrol-ES384,kabul,uygulanamaz,bicim-desteklenmiyor,,uygulanamaz,mirror:COSE-K1K_iki_gecerli-SIRA-ters-ES384 (accept-classical)
JOSE-065,SYN-COSE-K1K_iki_gecerli-SIRA-ters-ES384,P1,kontrol-ES384,kabul,uygulanamaz,bicim-desteklenmiyor,,uygulanamaz,mirror:COSE-K1K_iki_gecerli-SIRA-ters-ES384 (accept-classical)
JOSE-065,SYN-COSE-K4K_yalniz_X-ES384,GEC,kontrol-ES384,kabul,uygulanamaz,bicim-desteklenmiyor,,uygulanamaz,mirror:COSE-K4K_yalniz_X-ES384 (accept-classical)
JOSE-065,SYN-COSE-K4K_yalniz_X-ES384,IZIN-AX,kontrol-ES384,kabul,uygulanamaz,bicim-desteklenmiyor,,uygulanamaz,mirror:COSE-K4K_yalniz_X-ES384 (accept-classical)
JOSE-065,SYN-COSE-K4K_yalniz_X-ES384,L4,kontrol-ES384,kabul,uygulanamaz,bicim-desteklenmiyor,,uygulanamaz,mirror:COSE-K4K_yalniz_X-ES384 (accept-classical)
JOSE-065,SYN-COSE-K4K_yalniz_X-ES384,L4-S,kontrol-ES384,kabul,uygulanamaz,bicim-desteklenmiyor,,uygulanamaz,mirror:COSE-K4K_yalniz_X-ES384 (accept-classical)
JOSE-065,SYN-COSE-K4K_yalniz_X-ES384,L4-Y,kontrol-ES384,kabul,uygulanamaz,bicim-desteklenmiyor,,uygulanamaz,mirror:COSE-K4K_yalniz_X-ES384 (accept-classical)
JOSE-065,SYN-COSE-K4K_yalniz_X-ES384,P0,kontrol-ES384,kabul,uygulanamaz,bicim-desteklenmiyor,,uygulanamaz,mirror:COSE-K4K_yalniz_X-ES384 (accept-classical)
JOSE-065,SYN-COSE-K4K_yalniz_X-ES384,P1,kontrol-ES384,kabul,uygulanamaz,bicim-desteklenmiyor,,uygulanamaz,mirror:COSE-K4K_yalniz_X-ES384 (accept-classical)
JOSE-065,SYN-COSE-VPLUS_ES256,GEC,kontrol-ES384,kabul,uygulanamaz,bicim-desteklenmiyor,,uygulanamaz,mirror:COSE-VPLUS_ES256 (accept-classical)
JOSE-065,SYN-COSE-VPLUS_ES256,IZIN-A,kontrol-ES384,kabul,uygulanamaz,bicim-desteklenmiyor,,uygulanamaz,mirror:COSE-VPLUS_ES256 (accept-classical)
JOSE-065,SYN-COSE-VPLUS_ES256,IZIN-AX,kontrol-ES384,kabul,uygulanamaz,bicim-desteklenmiyor,,uygulanamaz,mirror:COSE-VPLUS_ES256 (accept-classical)
JOSE-065,SYN-COSE-VPLUS_ES256,P0,kontrol-ES384,kabul,uygulanamaz,bicim-desteklenmiyor,,uygulanamaz,mirror:COSE-VPLUS_ES256 (accept-classical)
JOSE-065,SYN-COSE-VPLUS_EdDSA-ES384,GEC,kontrol-ES384,kabul,uygulanamaz,bicim-desteklenmiyor,,uygulanamaz,mirror:COSE-VPLUS_EdDSA-ES384 (accept-classical)
JOSE-065,SYN-COSE-VPLUS_EdDSA-ES384,IZIN-AX,kontrol-ES384,kabul,uygulanamaz,bicim-desteklenmiyor,,uygulanamaz,mirror:COSE-VPLUS_EdDSA-ES384 (accept-classical)
JOSE-065,SYN-COSE-VPLUS_EdDSA-ES384,L4,kontrol-ES384,kabul,uygulanamaz,bicim-desteklenmiyor,,uygulanamaz,mirror:COSE-VPLUS_EdDSA-ES384 (accept-classical)
JOSE-065,SYN-COSE-VPLUS_EdDSA-ES384,L4-S,kontrol-ES384,kabul,uygulanamaz,bicim-desteklenmiyor,,uygulanamaz,mirror:COSE-VPLUS_EdDSA-ES384 (accept-classical)
JOSE-065,SYN-COSE-VPLUS_EdDSA-ES384,L4-Y,kontrol-ES384,kabul,uygulanamaz,bicim-desteklenmiyor,,uygulanamaz,mirror:COSE-VPLUS_EdDSA-ES384 (accept-classical)
JOSE-065,SYN-COSE-VPLUS_EdDSA-ES384,P0,kontrol-ES384,kabul,uygulanamaz,bicim-desteklenmiyor,,uygulanamaz,mirror:COSE-VPLUS_EdDSA-ES384 (accept-classical)
JOSE-065,SYN-D-VCX_ES384_kid,GEC,kontrol-ES384,kabul,uygulanamaz,bicim-desteklenmiyor,,uygulanamaz,derived:analogue VPLUS_EdDSA-ES384 (accept-classical)
JOSE-065,SYN-D-VCX_ES384_kid,IZIN-AX,kontrol-ES384,kabul,uygulanamaz,bicim-desteklenmiyor,,uygulanamaz,derived:analogue VPLUS_EdDSA-ES384 (accept-classical)
JOSE-065,SYN-D-VCX_ES384_kid,L4,kontrol-ES384,kabul,uygulanamaz,bicim-desteklenmiyor,,uygulanamaz,derived:analogue VPLUS_EdDSA-ES384 (accept-classical)
JOSE-065,SYN-D-VCX_ES384_kid,L4-S,kontrol-ES384,kabul,uygulanamaz,bicim-desteklenmiyor,,uygulanamaz,derived:analogue VPLUS_EdDSA-ES384 (accept-classical)
JOSE-065,SYN-D-VCX_ES384_kid,L4-Y,kontrol-ES384,kabul,uygulanamaz,bicim-desteklenmiyor,,uygulanamaz,derived:analogue VPLUS_EdDSA-ES384 (accept-classical)
JOSE-065,SYN-D-VCX_ES384_kid,P0,kontrol-ES384,kabul,uygulanamaz,bicim-desteklenmiyor,,uygulanamaz,derived:analogue VPLUS_EdDSA-ES384 (accept-classical)
JOSE-065,SYN-L4C-COSE_eski_ES256,GEC,kontrol-ES384,kabul,uygulanamaz,bicim-desteklenmiyor,,uygulanamaz,mirror:L4C-COSE_eski_ES256 (accept-classical)
JOSE-065,SYN-L4C-COSE_eski_ES256,IZIN-A,kontrol-ES384,kabul,uygulanamaz,bicim-desteklenmiyor,,uygulanamaz,mirror:L4C-COSE_eski_ES256 (accept-classical)
JOSE-065,SYN-L4C-COSE_eski_ES256,IZIN-AX,kontrol-ES384,kabul,uygulanamaz,bicim-desteklenmiyor,,uygulanamaz,mirror:L4C-COSE_eski_ES256 (accept-classical)
JOSE-065,SYN-L4C-COSE_eski_ES256,L4,kontrol-ES384,kabul,uygulanamaz,bicim-desteklenmiyor,,uygulanamaz,mirror:L4C-COSE_eski_ES256 (accept-classical)
JOSE-065,SYN-L4C-COSE_eski_ES256,L4-S,kontrol-ES384,kabul,uygulanamaz,bicim-desteklenmiyor,,uygulanamaz,mirror:L4C-COSE_eski_ES256 (accept-classical)
JOSE-065,SYN-L4C-COSE_eski_ES256,L4-Y,kontrol-ES384,kabul,uygulanamaz,bicim-desteklenmiyor,,uygulanamaz,mirror:L4C-COSE_eski_ES256 (accept-classical)
JOSE-065,SYN-L4C-JOSE_eski_ES256,GEC,kontrol-ES384,kabul,kabul,,,uyumlu,mirror:L4C-JOSE_eski_ES256 (accept-classical)
JOSE-065,SYN-L4C-JOSE_eski_ES256,IZIN-A,kontrol-ES384,kabul,kabul,,,uyumlu,mirror:L4C-JOSE_eski_ES256 (accept-classical)
JOSE-065,SYN-L4C-JOSE_eski_ES256,IZIN-AX,kontrol-ES384,kabul,kabul,,,uyumlu,mirror:L4C-JOSE_eski_ES256 (accept-classical)
JOSE-065,SYN-L4C-JOSE_eski_ES256,L4,kontrol-ES384,kabul,kabul,,,uyumlu,mirror:L4C-JOSE_eski_ES256 (accept-classical)
JOSE-065,SYN-L4C-JOSE_eski_ES256,L4-S,kontrol-ES384,kabul,kabul,,,uyumlu,mirror:L4C-JOSE_eski_ES256 (accept-classical)
JOSE-065,SYN-L4C-JOSE_eski_ES256,L4-Y,kontrol-ES384,kabul,kabul,,,uyumlu,mirror:L4C-JOSE_eski_ES256 (accept-classical)
JOSE-065,SYN-T1K_both_valid-ES384,L4,kontrol-ES384,kabul,uygulanamaz,bicim-desteklenmiyor,,uygulanamaz,mirror:T1K_both_valid-ES384 (accept-classical)
JOSE-065,SYN-T1K_both_valid-ES384,L4-S,kontrol-ES384,kabul,uygulanamaz,bicim-desteklenmiyor,,uygulanamaz,mirror:T1K_both_valid-ES384 (accept-classical)
JOSE-065,SYN-T1K_both_valid-ES384,L4-Y,kontrol-ES384,kabul,uygulanamaz,bicim-desteklenmiyor,,uygulanamaz,mirror:T1K_both_valid-ES384 (accept-classical)
JOSE-065,SYN-T1K_both_valid-ES384,P0,kontrol-ES384,kabul,uygulanamaz,bicim-desteklenmiyor,,uygulanamaz,mirror:T1K_both_valid-ES384 (accept-classical)
JOSE-065,SYN-T1K_both_valid-ES384,P1,kontrol-ES384,kabul,uygulanamaz,bicim-desteklenmiyor,,uygulanamaz,mirror:T1K_both_valid-ES384 (accept-classical)
JOSE-065,SYN-T1K_both_valid-SIRA-ters-ES384,L4,kontrol-ES384,kabul,uygulanamaz,bicim-desteklenmiyor,,uygulanamaz,mirror:T1K_both_valid-SIRA-ters-ES384 (accept-classical)
JOSE-065,SYN-T1K_both_valid-SIRA-ters-ES384,L4-S,kontrol-ES384,kabul,uygulanamaz,bicim-desteklenmiyor,,uygulanamaz,mirror:T1K_both_valid-SIRA-ters-ES384 (accept-classical)
JOSE-065,SYN-T1K_both_valid-SIRA-ters-ES384,L4-Y,kontrol-ES384,kabul,uygulanamaz,bicim-desteklenmiyor,,uygulanamaz,mirror:T1K_both_valid-SIRA-ters-ES384 (accept-classical)
JOSE-065,SYN-T1K_both_valid-SIRA-ters-ES384,P0,kontrol-ES384,kabul,uygulanamaz,bicim-desteklenmiyor,,uygulanamaz,mirror:T1K_both_valid-SIRA-ters-ES384 (accept-classical)
JOSE-065,SYN-T1K_both_valid-SIRA-ters-ES384,P1,kontrol-ES384,kabul,uygulanamaz,bicim-desteklenmiyor,,uygulanamaz,mirror:T1K_both_valid-SIRA-ters-ES384 (accept-classical)
JOSE-065,SYN-T5K_only_EdDSA-ES384,GEC,kontrol-ES384,kabul,uygulanamaz,bicim-desteklenmiyor,,uygulanamaz,mirror:T5K_only_EdDSA-ES384 (accept-classical)
JOSE-065,SYN-T5K_only_EdDSA-ES384,IZIN-AX,kontrol-ES384,kabul,uygulanamaz,bicim-desteklenmiyor,,uygulanamaz,mirror:T5K_only_EdDSA-ES384 (accept-classical)
JOSE-065,SYN-T5K_only_EdDSA-ES384,L4,kontrol-ES384,kabul,uygulanamaz,bicim-desteklenmiyor,,uygulanamaz,mirror:T5K_only_EdDSA-ES384 (accept-classical)
JOSE-065,SYN-T5K_only_EdDSA-ES384,L4-S,kontrol-ES384,kabul,uygulanamaz,bicim-desteklenmiyor,,uygulanamaz,mirror:T5K_only_EdDSA-ES384 (accept-classical)
JOSE-065,SYN-T5K_only_EdDSA-ES384,L4-Y,kontrol-ES384,kabul,uygulanamaz,bicim-desteklenmiyor,,uygulanamaz,mirror:T5K_only_EdDSA-ES384 (accept-classical)
JOSE-065,SYN-T5K_only_EdDSA-ES384,P0,kontrol-ES384,kabul,uygulanamaz,bicim-desteklenmiyor,,uygulanamaz,mirror:T5K_only_EdDSA-ES384 (accept-classical)
JOSE-065,SYN-T5K_only_EdDSA-ES384,P1,kontrol-ES384,kabul,uygulanamaz,bicim-desteklenmiyor,,uygulanamaz,mirror:T5K_only_EdDSA-ES384 (accept-classical)
JOSE-065,SYN-VC01_ES256_x5c,GEC,kontrol-ES384,kabul,uygulanamaz,bicim-desteklenmiyor,,uygulanamaz,mirror:VC01_ES256_x5c (accept-classical)
JOSE-065,SYN-VC01_ES256_x5c,IZIN-A,kontrol-ES384,kabul,uygulanamaz,bicim-desteklenmiyor,,uygulanamaz,mirror:VC01_ES256_x5c (accept-classical)
JOSE-065,SYN-VC01_ES256_x5c,IZIN-AX,kontrol-ES384,kabul,uygulanamaz,bicim-desteklenmiyor,,uygulanamaz,mirror:VC01_ES256_x5c (accept-classical)
JOSE-065,SYN-VC01_ES256_x5c,P0,kontrol-ES384,kabul,uygulanamaz,bicim-desteklenmiyor,,uygulanamaz,mirror:VC01_ES256_x5c (accept-classical)
JOSE-065,SYN-VC09_GJ_ES256_EdDSA-ES384,L4,kontrol-ES384,kabul,uygulanamaz,bicim-desteklenmiyor,,uygulanamaz,mirror:VC09_GJ_ES256_EdDSA-ES384 (accept-classical)
JOSE-065,SYN-VC09_GJ_ES256_EdDSA-ES384,L4-S,kontrol-ES384,kabul,uygulanamaz,bicim-desteklenmiyor,,uygulanamaz,mirror:VC09_GJ_ES256_EdDSA-ES384 (accept-classical)
JOSE-065,SYN-VC09_GJ_ES256_EdDSA-ES384,L4-Y,kontrol-ES384,kabul,uygulanamaz,bicim-desteklenmiyor,,uygulanamaz,mirror:VC09_GJ_ES256_EdDSA-ES384 (accept-classical)
JOSE-065,SYN-VC09_GJ_ES256_EdDSA-ES384,P0,kontrol-ES384,kabul,uygulanamaz,bicim-desteklenmiyor,,uygulanamaz,mirror:VC09_GJ_ES256_EdDSA-ES384 (accept-classical)
JOSE-065,SYN-VC09_GJ_ES256_EdDSA-ES384,P1,kontrol-ES384,kabul,uygulanamaz,bicim-desteklenmiyor,,uygulanamaz,mirror:VC09_GJ_ES256_EdDSA-ES384 (accept-classical)
JOSE-065,SYN-VC09_GJ_ES256_EdDSA-SIRA-ters-ES384,L4,kontrol-ES384,kabul,uygulanamaz,bicim-desteklenmiyor,,uygulanamaz,mirror:VC09_GJ_ES256_EdDSA-SIRA-ters-ES384 (accept-classical)
JOSE-065,SYN-VC09_GJ_ES256_EdDSA-SIRA-ters-ES384,L4-S,kontrol-ES384,kabul,uygulanamaz,bicim-desteklenmiyor,,uygulanamaz,mirror:VC09_GJ_ES256_EdDSA-SIRA-ters-ES384 (accept-classical)
JOSE-065,SYN-VC09_GJ_ES256_EdDSA-SIRA-ters-ES384,L4-Y,kontrol-ES384,kabul,uygulanamaz,bicim-desteklenmiyor,,uygulanamaz,mirror:VC09_GJ_ES256_EdDSA-SIRA-ters-ES384 (accept-classical)
JOSE-065,SYN-VC09_GJ_ES256_EdDSA-SIRA-ters-ES384,P0,kontrol-ES384,kabul,uygulanamaz,bicim-desteklenmiyor,,uygulanamaz,mirror:VC09_GJ_ES256_EdDSA-SIRA-ters-ES384 (accept-classical)
JOSE-065,SYN-VC09_GJ_ES256_EdDSA-SIRA-ters-ES384,P1,kontrol-ES384,kabul,uygulanamaz,bicim-desteklenmiyor,,uygulanamaz,mirror:VC09_GJ_ES256_EdDSA-SIRA-ters-ES384 (accept-classical)
JOSE-065,SYN-VPLUS_ES256,GEC,kontrol-ES384,kabul,kabul,,,uyumlu,mirror:VPLUS_ES256 (accept-classical)
JOSE-065,SYN-VPLUS_ES256,IZIN-A,kontrol-ES384,kabul,kabul,,,uyumlu,mirror:VPLUS_ES256 (accept-classical)
JOSE-065,SYN-VPLUS_ES256,IZIN-AX,kontrol-ES384,kabul,kabul,,,uyumlu,mirror:VPLUS_ES256 (accept-classical)
JOSE-065,SYN-VPLUS_ES256,P0,kontrol-ES384,kabul,kabul,,,uyumlu,mirror:VPLUS_ES256 (accept-classical)
JOSE-065,SYN-VPLUS_EdDSA-ES384,GEC,kontrol-ES384,kabul,kabul,,,uyumlu,mirror:VPLUS_EdDSA-ES384 (accept-classical)
JOSE-065,SYN-VPLUS_EdDSA-ES384,IZIN-AX,kontrol-ES384,kabul,kabul,,,uyumlu,mirror:VPLUS_EdDSA-ES384 (accept-classical)
JOSE-065,SYN-VPLUS_EdDSA-ES384,L4,kontrol-ES384,kabul,kabul,,,uyumlu,mirror:VPLUS_EdDSA-ES384 (accept-classical)
JOSE-065,SYN-VPLUS_EdDSA-ES384,L4-S,kontrol-ES384,kabul,kabul,,,uyumlu,mirror:VPLUS_EdDSA-ES384 (accept-classical)
JOSE-065,SYN-VPLUS_EdDSA-ES384,L4-Y,kontrol-ES384,kabul,kabul,,,uyumlu,mirror:VPLUS_EdDSA-ES384 (accept-classical)
JOSE-065,SYN-VPLUS_EdDSA-ES384,P0,kontrol-ES384,kabul,kabul,,,uyumlu,mirror:VPLUS_EdDSA-ES384 (accept-classical)
JOSE-070,SYN-COSE-K1K_iki_gecerli,L4,kontrol-EdDSA,kabul,uygulanamaz,bicim-desteklenmiyor,B6: MAPPING.md (API incelemesi),uygulanamaz,mirror:COSE-K1K_iki_gecerli (accept-classical)
JOSE-070,SYN-COSE-K1K_iki_gecerli,L4-S,kontrol-EdDSA,kabul,uygulanamaz,bicim-desteklenmiyor,B6: MAPPING.md (API incelemesi),uygulanamaz,mirror:COSE-K1K_iki_gecerli (accept-classical)
JOSE-070,SYN-COSE-K1K_iki_gecerli,L4-Y,kontrol-EdDSA,kabul,uygulanamaz,bicim-desteklenmiyor,B6: MAPPING.md (API incelemesi),uygulanamaz,mirror:COSE-K1K_iki_gecerli (accept-classical)
JOSE-070,SYN-COSE-K1K_iki_gecerli,P0,kontrol-EdDSA,kabul,uygulanamaz,bicim-desteklenmiyor,B6: MAPPING.md (API incelemesi),uygulanamaz,mirror:COSE-K1K_iki_gecerli (accept-classical)
JOSE-070,SYN-COSE-K1K_iki_gecerli,P1,kontrol-EdDSA,kabul,uygulanamaz,bicim-desteklenmiyor,B6: MAPPING.md (API incelemesi),uygulanamaz,mirror:COSE-K1K_iki_gecerli (accept-classical)
JOSE-070,SYN-COSE-K1K_iki_gecerli-SIRA-ters,L4,kontrol-EdDSA,kabul,uygulanamaz,bicim-desteklenmiyor,B6: MAPPING.md (API incelemesi),uygulanamaz,mirror:COSE-K1K_iki_gecerli-SIRA-ters (accept-classical)
JOSE-070,SYN-COSE-K1K_iki_gecerli-SIRA-ters,L4-S,kontrol-EdDSA,kabul,uygulanamaz,bicim-desteklenmiyor,B6: MAPPING.md (API incelemesi),uygulanamaz,mirror:COSE-K1K_iki_gecerli-SIRA-ters (accept-classical)
JOSE-070,SYN-COSE-K1K_iki_gecerli-SIRA-ters,L4-Y,kontrol-EdDSA,kabul,uygulanamaz,bicim-desteklenmiyor,B6: MAPPING.md (API incelemesi),uygulanamaz,mirror:COSE-K1K_iki_gecerli-SIRA-ters (accept-classical)
JOSE-070,SYN-COSE-K1K_iki_gecerli-SIRA-ters,P0,kontrol-EdDSA,kabul,uygulanamaz,bicim-desteklenmiyor,B6: MAPPING.md (API incelemesi),uygulanamaz,mirror:COSE-K1K_iki_gecerli-SIRA-ters (accept-classical)
JOSE-070,SYN-COSE-K1K_iki_gecerli-SIRA-ters,P1,kontrol-EdDSA,kabul,uygulanamaz,bicim-desteklenmiyor,B6: MAPPING.md (API incelemesi),uygulanamaz,mirror:COSE-K1K_iki_gecerli-SIRA-ters (accept-classical)
JOSE-070,SYN-COSE-K4K_yalniz_X,GEC,kontrol-EdDSA,kabul,uygulanamaz,bicim-desteklenmiyor,B6: MAPPING.md (API incelemesi),uygulanamaz,mirror:COSE-K4K_yalniz_X (accept-classical)
JOSE-070,SYN-COSE-K4K_yalniz_X,IZIN-AX,kontrol-EdDSA,kabul,uygulanamaz,bicim-desteklenmiyor,B6: MAPPING.md (API incelemesi),uygulanamaz,mirror:COSE-K4K_yalniz_X (accept-classical)
JOSE-070,SYN-COSE-K4K_yalniz_X,L4,kontrol-EdDSA,kabul,uygulanamaz,bicim-desteklenmiyor,B6: MAPPING.md (API incelemesi),uygulanamaz,mirror:COSE-K4K_yalniz_X (accept-classical)
JOSE-070,SYN-COSE-K4K_yalniz_X,L4-S,kontrol-EdDSA,kabul,uygulanamaz,bicim-desteklenmiyor,B6: MAPPING.md (API incelemesi),uygulanamaz,mirror:COSE-K4K_yalniz_X (accept-classical)
JOSE-070,SYN-COSE-K4K_yalniz_X,L4-Y,kontrol-EdDSA,kabul,uygulanamaz,bicim-desteklenmiyor,B6: MAPPING.md (API incelemesi),uygulanamaz,mirror:COSE-K4K_yalniz_X (accept-classical)
JOSE-070,SYN-COSE-K4K_yalniz_X,P0,kontrol-EdDSA,kabul,uygulanamaz,bicim-desteklenmiyor,B6: MAPPING.md (API incelemesi),uygulanamaz,mirror:COSE-K4K_yalniz_X (accept-classical)
JOSE-070,SYN-COSE-K4K_yalniz_X,P1,kontrol-EdDSA,kabul,uygulanamaz,bicim-desteklenmiyor,B6: MAPPING.md (API incelemesi),uygulanamaz,mirror:COSE-K4K_yalniz_X (accept-classical)
JOSE-070,SYN-COSE-VPLUS_ES256,GEC,kontrol-EdDSA,kabul,uygulanamaz,bicim-desteklenmiyor,B6: MAPPING.md (API incelemesi),uygulanamaz,mirror:COSE-VPLUS_ES256 (accept-classical)
JOSE-070,SYN-COSE-VPLUS_ES256,IZIN-A,kontrol-EdDSA,kabul,uygulanamaz,bicim-desteklenmiyor,B6: MAPPING.md (API incelemesi),uygulanamaz,mirror:COSE-VPLUS_ES256 (accept-classical)
JOSE-070,SYN-COSE-VPLUS_ES256,IZIN-AX,kontrol-EdDSA,kabul,uygulanamaz,bicim-desteklenmiyor,B6: MAPPING.md (API incelemesi),uygulanamaz,mirror:COSE-VPLUS_ES256 (accept-classical)
JOSE-070,SYN-COSE-VPLUS_ES256,P0,kontrol-EdDSA,kabul,uygulanamaz,bicim-desteklenmiyor,B6: MAPPING.md (API incelemesi),uygulanamaz,mirror:COSE-VPLUS_ES256 (accept-classical)
JOSE-070,SYN-COSE-VPLUS_EdDSA,GEC,kontrol-EdDSA,kabul,uygulanamaz,bicim-desteklenmiyor,B6: MAPPING.md (API incelemesi),uygulanamaz,mirror:COSE-VPLUS_EdDSA (accept-classical)
JOSE-070,SYN-COSE-VPLUS_EdDSA,IZIN-AX,kontrol-EdDSA,kabul,uygulanamaz,bicim-desteklenmiyor,B6: MAPPING.md (API incelemesi),uygulanamaz,mirror:COSE-VPLUS_EdDSA (accept-classical)
JOSE-070,SYN-COSE-VPLUS_EdDSA,L4,kontrol-EdDSA,kabul,uygulanamaz,bicim-desteklenmiyor,B6: MAPPING.md (API incelemesi),uygulanamaz,mirror:COSE-VPLUS_EdDSA (accept-classical)
JOSE-070,SYN-COSE-VPLUS_EdDSA,L4-S,kontrol-EdDSA,kabul,uygulanamaz,bicim-desteklenmiyor,B6: MAPPING.md (API incelemesi),uygulanamaz,mirror:COSE-VPLUS_EdDSA (accept-classical)
JOSE-070,SYN-COSE-VPLUS_EdDSA,L4-Y,kontrol-EdDSA,kabul,uygulanamaz,bicim-desteklenmiyor,B6: MAPPING.md (API incelemesi),uygulanamaz,mirror:COSE-VPLUS_EdDSA (accept-classical)
JOSE-070,SYN-COSE-VPLUS_EdDSA,P0,kontrol-EdDSA,kabul,uygulanamaz,bicim-desteklenmiyor,B6: MAPPING.md (API incelemesi),uygulanamaz,mirror:COSE-VPLUS_EdDSA (accept-classical)
JOSE-070,SYN-D-VCX_EdDSA_kid,GEC,kontrol-EdDSA,kabul,uygulanamaz,bicim-desteklenmiyor,B6: MAPPING.md (API incelemesi),uygulanamaz,derived:analogue VPLUS_EdDSA (accept-classical)
JOSE-070,SYN-D-VCX_EdDSA_kid,IZIN-AX,kontrol-EdDSA,kabul,uygulanamaz,bicim-desteklenmiyor,B6: MAPPING.md (API incelemesi),uygulanamaz,derived:analogue VPLUS_EdDSA (accept-classical)
JOSE-070,SYN-D-VCX_EdDSA_kid,L4,kontrol-EdDSA,kabul,uygulanamaz,bicim-desteklenmiyor,B6: MAPPING.md (API incelemesi),uygulanamaz,derived:analogue VPLUS_EdDSA (accept-classical)
JOSE-070,SYN-D-VCX_EdDSA_kid,L4-S,kontrol-EdDSA,kabul,uygulanamaz,bicim-desteklenmiyor,B6: MAPPING.md (API incelemesi),uygulanamaz,derived:analogue VPLUS_EdDSA (accept-classical)
JOSE-070,SYN-D-VCX_EdDSA_kid,L4-Y,kontrol-EdDSA,kabul,uygulanamaz,bicim-desteklenmiyor,B6: MAPPING.md (API incelemesi),uygulanamaz,derived:analogue VPLUS_EdDSA (accept-classical)
JOSE-070,SYN-D-VCX_EdDSA_kid,P0,kontrol-EdDSA,kabul,uygulanamaz,bicim-desteklenmiyor,B6: MAPPING.md (API incelemesi),uygulanamaz,derived:analogue VPLUS_EdDSA (accept-classical)
JOSE-070,SYN-L4C-COSE_eski_ES256,GEC,kontrol-EdDSA,kabul,uygulanamaz,bicim-desteklenmiyor,B6: MAPPING.md (API incelemesi),uygulanamaz,mirror:L4C-COSE_eski_ES256 (accept-classical)
JOSE-070,SYN-L4C-COSE_eski_ES256,IZIN-A,kontrol-EdDSA,kabul,uygulanamaz,bicim-desteklenmiyor,B6: MAPPING.md (API incelemesi),uygulanamaz,mirror:L4C-COSE_eski_ES256 (accept-classical)
JOSE-070,SYN-L4C-COSE_eski_ES256,IZIN-AX,kontrol-EdDSA,kabul,uygulanamaz,bicim-desteklenmiyor,B6: MAPPING.md (API incelemesi),uygulanamaz,mirror:L4C-COSE_eski_ES256 (accept-classical)
JOSE-070,SYN-L4C-COSE_eski_ES256,L4,kontrol-EdDSA,kabul,uygulanamaz,bicim-desteklenmiyor,B6: MAPPING.md (API incelemesi),uygulanamaz,mirror:L4C-COSE_eski_ES256 (accept-classical)
JOSE-070,SYN-L4C-COSE_eski_ES256,L4-S,kontrol-EdDSA,kabul,uygulanamaz,bicim-desteklenmiyor,B6: MAPPING.md (API incelemesi),uygulanamaz,mirror:L4C-COSE_eski_ES256 (accept-classical)
JOSE-070,SYN-L4C-COSE_eski_ES256,L4-Y,kontrol-EdDSA,kabul,uygulanamaz,bicim-desteklenmiyor,B6: MAPPING.md (API incelemesi),uygulanamaz,mirror:L4C-COSE_eski_ES256 (accept-classical)
JOSE-070,SYN-L4C-JOSE_eski_ES256,GEC,kontrol-EdDSA,kabul,kabul,,,uyumlu,mirror:L4C-JOSE_eski_ES256 (accept-classical)
JOSE-070,SYN-L4C-JOSE_eski_ES256,IZIN-A,kontrol-EdDSA,kabul,kabul,,,uyumlu,mirror:L4C-JOSE_eski_ES256 (accept-classical)
JOSE-070,SYN-L4C-JOSE_eski_ES256,IZIN-AX,kontrol-EdDSA,kabul,kabul,,,uyumlu,mirror:L4C-JOSE_eski_ES256 (accept-classical)
JOSE-070,SYN-L4C-JOSE_eski_ES256,L4,kontrol-EdDSA,kabul,kabul,,,uyumlu,mirror:L4C-JOSE_eski_ES256 (accept-classical)
JOSE-070,SYN-L4C-JOSE_eski_ES256,L4-S,kontrol-EdDSA,kabul,kabul,,,uyumlu,mirror:L4C-JOSE_eski_ES256 (accept-classical)
JOSE-070,SYN-L4C-JOSE_eski_ES256,L4-Y,kontrol-EdDSA,kabul,kabul,,,uyumlu,mirror:L4C-JOSE_eski_ES256 (accept-classical)
JOSE-070,SYN-T1K_both_valid,L4,kontrol-EdDSA,kabul,uygulanamaz,bicim-desteklenmiyor,B6: MAPPING.md (API incelemesi),uygulanamaz,mirror:T1K_both_valid (accept-classical)
JOSE-070,SYN-T1K_both_valid,L4-S,kontrol-EdDSA,kabul,uygulanamaz,bicim-desteklenmiyor,B6: MAPPING.md (API incelemesi),uygulanamaz,mirror:T1K_both_valid (accept-classical)
JOSE-070,SYN-T1K_both_valid,L4-Y,kontrol-EdDSA,kabul,uygulanamaz,bicim-desteklenmiyor,B6: MAPPING.md (API incelemesi),uygulanamaz,mirror:T1K_both_valid (accept-classical)
JOSE-070,SYN-T1K_both_valid,P0,kontrol-EdDSA,kabul,uygulanamaz,bicim-desteklenmiyor,B6: MAPPING.md (API incelemesi),uygulanamaz,mirror:T1K_both_valid (accept-classical)
JOSE-070,SYN-T1K_both_valid,P1,kontrol-EdDSA,kabul,uygulanamaz,bicim-desteklenmiyor,B6: MAPPING.md (API incelemesi),uygulanamaz,mirror:T1K_both_valid (accept-classical)
JOSE-070,SYN-T1K_both_valid-SIRA-ters,L4,kontrol-EdDSA,kabul,uygulanamaz,bicim-desteklenmiyor,B6: MAPPING.md (API incelemesi),uygulanamaz,mirror:T1K_both_valid-SIRA-ters (accept-classical)
JOSE-070,SYN-T1K_both_valid-SIRA-ters,L4-S,kontrol-EdDSA,kabul,uygulanamaz,bicim-desteklenmiyor,B6: MAPPING.md (API incelemesi),uygulanamaz,mirror:T1K_both_valid-SIRA-ters (accept-classical)
JOSE-070,SYN-T1K_both_valid-SIRA-ters,L4-Y,kontrol-EdDSA,kabul,uygulanamaz,bicim-desteklenmiyor,B6: MAPPING.md (API incelemesi),uygulanamaz,mirror:T1K_both_valid-SIRA-ters (accept-classical)
JOSE-070,SYN-T1K_both_valid-SIRA-ters,P0,kontrol-EdDSA,kabul,uygulanamaz,bicim-desteklenmiyor,B6: MAPPING.md (API incelemesi),uygulanamaz,mirror:T1K_both_valid-SIRA-ters (accept-classical)
JOSE-070,SYN-T1K_both_valid-SIRA-ters,P1,kontrol-EdDSA,kabul,uygulanamaz,bicim-desteklenmiyor,B6: MAPPING.md (API incelemesi),uygulanamaz,mirror:T1K_both_valid-SIRA-ters (accept-classical)
JOSE-070,SYN-T5K_only_EdDSA,GEC,kontrol-EdDSA,kabul,uygulanamaz,bicim-desteklenmiyor,B6: MAPPING.md (API incelemesi),uygulanamaz,mirror:T5K_only_EdDSA (accept-classical)
JOSE-070,SYN-T5K_only_EdDSA,IZIN-AX,kontrol-EdDSA,kabul,uygulanamaz,bicim-desteklenmiyor,B6: MAPPING.md (API incelemesi),uygulanamaz,mirror:T5K_only_EdDSA (accept-classical)
JOSE-070,SYN-T5K_only_EdDSA,L4,kontrol-EdDSA,kabul,uygulanamaz,bicim-desteklenmiyor,B6: MAPPING.md (API incelemesi),uygulanamaz,mirror:T5K_only_EdDSA (accept-classical)
JOSE-070,SYN-T5K_only_EdDSA,L4-S,kontrol-EdDSA,kabul,uygulanamaz,bicim-desteklenmiyor,B6: MAPPING.md (API incelemesi),uygulanamaz,mirror:T5K_only_EdDSA (accept-classical)
JOSE-070,SYN-T5K_only_EdDSA,L4-Y,kontrol-EdDSA,kabul,uygulanamaz,bicim-desteklenmiyor,B6: MAPPING.md (API incelemesi),uygulanamaz,mirror:T5K_only_EdDSA (accept-classical)
JOSE-070,SYN-T5K_only_EdDSA,P0,kontrol-EdDSA,kabul,uygulanamaz,bicim-desteklenmiyor,B6: MAPPING.md (API incelemesi),uygulanamaz,mirror:T5K_only_EdDSA (accept-classical)
JOSE-070,SYN-T5K_only_EdDSA,P1,kontrol-EdDSA,kabul,uygulanamaz,bicim-desteklenmiyor,B6: MAPPING.md (API incelemesi),uygulanamaz,mirror:T5K_only_EdDSA (accept-classical)
JOSE-070,SYN-VC01_ES256_x5c,GEC,kontrol-EdDSA,kabul,uygulanamaz,bicim-desteklenmiyor,B6: MAPPING.md (API incelemesi),uygulanamaz,mirror:VC01_ES256_x5c (accept-classical)
JOSE-070,SYN-VC01_ES256_x5c,IZIN-A,kontrol-EdDSA,kabul,uygulanamaz,bicim-desteklenmiyor,B6: MAPPING.md (API incelemesi),uygulanamaz,mirror:VC01_ES256_x5c (accept-classical)
JOSE-070,SYN-VC01_ES256_x5c,IZIN-AX,kontrol-EdDSA,kabul,uygulanamaz,bicim-desteklenmiyor,B6: MAPPING.md (API incelemesi),uygulanamaz,mirror:VC01_ES256_x5c (accept-classical)
JOSE-070,SYN-VC01_ES256_x5c,P0,kontrol-EdDSA,kabul,uygulanamaz,bicim-desteklenmiyor,B6: MAPPING.md (API incelemesi),uygulanamaz,mirror:VC01_ES256_x5c (accept-classical)
JOSE-070,SYN-VC09_GJ_ES256_EdDSA,L4,kontrol-EdDSA,kabul,uygulanamaz,bicim-desteklenmiyor,B6: MAPPING.md (API incelemesi),uygulanamaz,mirror:VC09_GJ_ES256_EdDSA (accept-classical)
JOSE-070,SYN-VC09_GJ_ES256_EdDSA,L4-S,kontrol-EdDSA,kabul,uygulanamaz,bicim-desteklenmiyor,B6: MAPPING.md (API incelemesi),uygulanamaz,mirror:VC09_GJ_ES256_EdDSA (accept-classical)
JOSE-070,SYN-VC09_GJ_ES256_EdDSA,L4-Y,kontrol-EdDSA,kabul,uygulanamaz,bicim-desteklenmiyor,B6: MAPPING.md (API incelemesi),uygulanamaz,mirror:VC09_GJ_ES256_EdDSA (accept-classical)
JOSE-070,SYN-VC09_GJ_ES256_EdDSA,P0,kontrol-EdDSA,kabul,uygulanamaz,bicim-desteklenmiyor,B6: MAPPING.md (API incelemesi),uygulanamaz,mirror:VC09_GJ_ES256_EdDSA (accept-classical)
JOSE-070,SYN-VC09_GJ_ES256_EdDSA,P1,kontrol-EdDSA,kabul,uygulanamaz,bicim-desteklenmiyor,B6: MAPPING.md (API incelemesi),uygulanamaz,mirror:VC09_GJ_ES256_EdDSA (accept-classical)
JOSE-070,SYN-VC09_GJ_ES256_EdDSA-SIRA-ters,L4,kontrol-EdDSA,kabul,uygulanamaz,bicim-desteklenmiyor,B6: MAPPING.md (API incelemesi),uygulanamaz,mirror:VC09_GJ_ES256_EdDSA-SIRA-ters (accept-classical)
JOSE-070,SYN-VC09_GJ_ES256_EdDSA-SIRA-ters,L4-S,kontrol-EdDSA,kabul,uygulanamaz,bicim-desteklenmiyor,B6: MAPPING.md (API incelemesi),uygulanamaz,mirror:VC09_GJ_ES256_EdDSA-SIRA-ters (accept-classical)
JOSE-070,SYN-VC09_GJ_ES256_EdDSA-SIRA-ters,L4-Y,kontrol-EdDSA,kabul,uygulanamaz,bicim-desteklenmiyor,B6: MAPPING.md (API incelemesi),uygulanamaz,mirror:VC09_GJ_ES256_EdDSA-SIRA-ters (accept-classical)
JOSE-070,SYN-VC09_GJ_ES256_EdDSA-SIRA-ters,P0,kontrol-EdDSA,kabul,uygulanamaz,bicim-desteklenmiyor,B6: MAPPING.md (API incelemesi),uygulanamaz,mirror:VC09_GJ_ES256_EdDSA-SIRA-ters (accept-classical)
JOSE-070,SYN-VC09_GJ_ES256_EdDSA-SIRA-ters,P1,kontrol-EdDSA,kabul,uygulanamaz,bicim-desteklenmiyor,B6: MAPPING.md (API incelemesi),uygulanamaz,mirror:VC09_GJ_ES256_EdDSA-SIRA-ters (accept-classical)
JOSE-070,SYN-VPLUS_ES256,GEC,kontrol-EdDSA,kabul,kabul,,,uyumlu,mirror:VPLUS_ES256 (accept-classical)
JOSE-070,SYN-VPLUS_ES256,IZIN-A,kontrol-EdDSA,kabul,kabul,,,uyumlu,mirror:VPLUS_ES256 (accept-classical)
JOSE-070,SYN-VPLUS_ES256,IZIN-AX,kontrol-EdDSA,kabul,kabul,,,uyumlu,mirror:VPLUS_ES256 (accept-classical)
JOSE-070,SYN-VPLUS_ES256,P0,kontrol-EdDSA,kabul,kabul,,,uyumlu,mirror:VPLUS_ES256 (accept-classical)
JOSE-070,SYN-VPLUS_EdDSA,GEC,kontrol-EdDSA,kabul,kabul,,,uyumlu,mirror:VPLUS_EdDSA (accept-classical)
JOSE-070,SYN-VPLUS_EdDSA,IZIN-AX,kontrol-EdDSA,kabul,kabul,,,uyumlu,mirror:VPLUS_EdDSA (accept-classical)
JOSE-070,SYN-VPLUS_EdDSA,L4,kontrol-EdDSA,kabul,kabul,,,uyumlu,mirror:VPLUS_EdDSA (accept-classical)
JOSE-070,SYN-VPLUS_EdDSA,L4-S,kontrol-EdDSA,kabul,kabul,,,uyumlu,mirror:VPLUS_EdDSA (accept-classical)
JOSE-070,SYN-VPLUS_EdDSA,L4-Y,kontrol-EdDSA,kabul,kabul,,,uyumlu,mirror:VPLUS_EdDSA (accept-classical)
JOSE-070,SYN-VPLUS_EdDSA,P0,kontrol-EdDSA,kabul,kabul,,,uyumlu,mirror:VPLUS_EdDSA (accept-classical)
JOSE-071,SYN-COSE-K1K_iki_gecerli,L4,kontrol-EdDSA,kabul,uygulanamaz,bicim-desteklenmiyor,B6: MAPPING.md (API incelemesi),uygulanamaz,mirror:COSE-K1K_iki_gecerli (accept-classical)
JOSE-071,SYN-COSE-K1K_iki_gecerli,L4-S,kontrol-EdDSA,kabul,uygulanamaz,bicim-desteklenmiyor,B6: MAPPING.md (API incelemesi),uygulanamaz,mirror:COSE-K1K_iki_gecerli (accept-classical)
JOSE-071,SYN-COSE-K1K_iki_gecerli,L4-Y,kontrol-EdDSA,kabul,uygulanamaz,bicim-desteklenmiyor,B6: MAPPING.md (API incelemesi),uygulanamaz,mirror:COSE-K1K_iki_gecerli (accept-classical)
JOSE-071,SYN-COSE-K1K_iki_gecerli,P0,kontrol-EdDSA,kabul,uygulanamaz,bicim-desteklenmiyor,B6: MAPPING.md (API incelemesi),uygulanamaz,mirror:COSE-K1K_iki_gecerli (accept-classical)
JOSE-071,SYN-COSE-K1K_iki_gecerli,P1,kontrol-EdDSA,kabul,uygulanamaz,bicim-desteklenmiyor,B6: MAPPING.md (API incelemesi),uygulanamaz,mirror:COSE-K1K_iki_gecerli (accept-classical)
JOSE-071,SYN-COSE-K1K_iki_gecerli-SIRA-ters,L4,kontrol-EdDSA,kabul,uygulanamaz,bicim-desteklenmiyor,B6: MAPPING.md (API incelemesi),uygulanamaz,mirror:COSE-K1K_iki_gecerli-SIRA-ters (accept-classical)
JOSE-071,SYN-COSE-K1K_iki_gecerli-SIRA-ters,L4-S,kontrol-EdDSA,kabul,uygulanamaz,bicim-desteklenmiyor,B6: MAPPING.md (API incelemesi),uygulanamaz,mirror:COSE-K1K_iki_gecerli-SIRA-ters (accept-classical)
JOSE-071,SYN-COSE-K1K_iki_gecerli-SIRA-ters,L4-Y,kontrol-EdDSA,kabul,uygulanamaz,bicim-desteklenmiyor,B6: MAPPING.md (API incelemesi),uygulanamaz,mirror:COSE-K1K_iki_gecerli-SIRA-ters (accept-classical)
JOSE-071,SYN-COSE-K1K_iki_gecerli-SIRA-ters,P0,kontrol-EdDSA,kabul,uygulanamaz,bicim-desteklenmiyor,B6: MAPPING.md (API incelemesi),uygulanamaz,mirror:COSE-K1K_iki_gecerli-SIRA-ters (accept-classical)
JOSE-071,SYN-COSE-K1K_iki_gecerli-SIRA-ters,P1,kontrol-EdDSA,kabul,uygulanamaz,bicim-desteklenmiyor,B6: MAPPING.md (API incelemesi),uygulanamaz,mirror:COSE-K1K_iki_gecerli-SIRA-ters (accept-classical)
JOSE-071,SYN-COSE-K4K_yalniz_X,GEC,kontrol-EdDSA,kabul,uygulanamaz,bicim-desteklenmiyor,B6: MAPPING.md (API incelemesi),uygulanamaz,mirror:COSE-K4K_yalniz_X (accept-classical)
JOSE-071,SYN-COSE-K4K_yalniz_X,IZIN-AX,kontrol-EdDSA,kabul,uygulanamaz,bicim-desteklenmiyor,B6: MAPPING.md (API incelemesi),uygulanamaz,mirror:COSE-K4K_yalniz_X (accept-classical)
JOSE-071,SYN-COSE-K4K_yalniz_X,L4,kontrol-EdDSA,kabul,uygulanamaz,bicim-desteklenmiyor,B6: MAPPING.md (API incelemesi),uygulanamaz,mirror:COSE-K4K_yalniz_X (accept-classical)
JOSE-071,SYN-COSE-K4K_yalniz_X,L4-S,kontrol-EdDSA,kabul,uygulanamaz,bicim-desteklenmiyor,B6: MAPPING.md (API incelemesi),uygulanamaz,mirror:COSE-K4K_yalniz_X (accept-classical)
JOSE-071,SYN-COSE-K4K_yalniz_X,L4-Y,kontrol-EdDSA,kabul,uygulanamaz,bicim-desteklenmiyor,B6: MAPPING.md (API incelemesi),uygulanamaz,mirror:COSE-K4K_yalniz_X (accept-classical)
JOSE-071,SYN-COSE-K4K_yalniz_X,P0,kontrol-EdDSA,kabul,uygulanamaz,bicim-desteklenmiyor,B6: MAPPING.md (API incelemesi),uygulanamaz,mirror:COSE-K4K_yalniz_X (accept-classical)
JOSE-071,SYN-COSE-K4K_yalniz_X,P1,kontrol-EdDSA,kabul,uygulanamaz,bicim-desteklenmiyor,B6: MAPPING.md (API incelemesi),uygulanamaz,mirror:COSE-K4K_yalniz_X (accept-classical)
JOSE-071,SYN-COSE-VPLUS_ES256,GEC,kontrol-EdDSA,kabul,uygulanamaz,bicim-desteklenmiyor,B6: MAPPING.md (API incelemesi),uygulanamaz,mirror:COSE-VPLUS_ES256 (accept-classical)
JOSE-071,SYN-COSE-VPLUS_ES256,IZIN-A,kontrol-EdDSA,kabul,uygulanamaz,bicim-desteklenmiyor,B6: MAPPING.md (API incelemesi),uygulanamaz,mirror:COSE-VPLUS_ES256 (accept-classical)
JOSE-071,SYN-COSE-VPLUS_ES256,IZIN-AX,kontrol-EdDSA,kabul,uygulanamaz,bicim-desteklenmiyor,B6: MAPPING.md (API incelemesi),uygulanamaz,mirror:COSE-VPLUS_ES256 (accept-classical)
JOSE-071,SYN-COSE-VPLUS_ES256,P0,kontrol-EdDSA,kabul,uygulanamaz,bicim-desteklenmiyor,B6: MAPPING.md (API incelemesi),uygulanamaz,mirror:COSE-VPLUS_ES256 (accept-classical)
JOSE-071,SYN-COSE-VPLUS_EdDSA,GEC,kontrol-EdDSA,kabul,uygulanamaz,bicim-desteklenmiyor,B6: MAPPING.md (API incelemesi),uygulanamaz,mirror:COSE-VPLUS_EdDSA (accept-classical)
JOSE-071,SYN-COSE-VPLUS_EdDSA,IZIN-AX,kontrol-EdDSA,kabul,uygulanamaz,bicim-desteklenmiyor,B6: MAPPING.md (API incelemesi),uygulanamaz,mirror:COSE-VPLUS_EdDSA (accept-classical)
JOSE-071,SYN-COSE-VPLUS_EdDSA,L4,kontrol-EdDSA,kabul,uygulanamaz,bicim-desteklenmiyor,B6: MAPPING.md (API incelemesi),uygulanamaz,mirror:COSE-VPLUS_EdDSA (accept-classical)
JOSE-071,SYN-COSE-VPLUS_EdDSA,L4-S,kontrol-EdDSA,kabul,uygulanamaz,bicim-desteklenmiyor,B6: MAPPING.md (API incelemesi),uygulanamaz,mirror:COSE-VPLUS_EdDSA (accept-classical)
JOSE-071,SYN-COSE-VPLUS_EdDSA,L4-Y,kontrol-EdDSA,kabul,uygulanamaz,bicim-desteklenmiyor,B6: MAPPING.md (API incelemesi),uygulanamaz,mirror:COSE-VPLUS_EdDSA (accept-classical)
JOSE-071,SYN-COSE-VPLUS_EdDSA,P0,kontrol-EdDSA,kabul,uygulanamaz,bicim-desteklenmiyor,B6: MAPPING.md (API incelemesi),uygulanamaz,mirror:COSE-VPLUS_EdDSA (accept-classical)
JOSE-071,SYN-D-VCX_EdDSA_kid,GEC,kontrol-EdDSA,kabul,uygulanamaz,bicim-desteklenmiyor,B6: MAPPING.md (API incelemesi),uygulanamaz,derived:analogue VPLUS_EdDSA (accept-classical)
JOSE-071,SYN-D-VCX_EdDSA_kid,IZIN-AX,kontrol-EdDSA,kabul,uygulanamaz,bicim-desteklenmiyor,B6: MAPPING.md (API incelemesi),uygulanamaz,derived:analogue VPLUS_EdDSA (accept-classical)
JOSE-071,SYN-D-VCX_EdDSA_kid,L4,kontrol-EdDSA,kabul,uygulanamaz,bicim-desteklenmiyor,B6: MAPPING.md (API incelemesi),uygulanamaz,derived:analogue VPLUS_EdDSA (accept-classical)
JOSE-071,SYN-D-VCX_EdDSA_kid,L4-S,kontrol-EdDSA,kabul,uygulanamaz,bicim-desteklenmiyor,B6: MAPPING.md (API incelemesi),uygulanamaz,derived:analogue VPLUS_EdDSA (accept-classical)
JOSE-071,SYN-D-VCX_EdDSA_kid,L4-Y,kontrol-EdDSA,kabul,uygulanamaz,bicim-desteklenmiyor,B6: MAPPING.md (API incelemesi),uygulanamaz,derived:analogue VPLUS_EdDSA (accept-classical)
JOSE-071,SYN-D-VCX_EdDSA_kid,P0,kontrol-EdDSA,kabul,uygulanamaz,bicim-desteklenmiyor,B6: MAPPING.md (API incelemesi),uygulanamaz,derived:analogue VPLUS_EdDSA (accept-classical)
JOSE-071,SYN-L4C-COSE_eski_ES256,GEC,kontrol-EdDSA,kabul,uygulanamaz,bicim-desteklenmiyor,B6: MAPPING.md (API incelemesi),uygulanamaz,mirror:L4C-COSE_eski_ES256 (accept-classical)
JOSE-071,SYN-L4C-COSE_eski_ES256,IZIN-A,kontrol-EdDSA,kabul,uygulanamaz,bicim-desteklenmiyor,B6: MAPPING.md (API incelemesi),uygulanamaz,mirror:L4C-COSE_eski_ES256 (accept-classical)
JOSE-071,SYN-L4C-COSE_eski_ES256,IZIN-AX,kontrol-EdDSA,kabul,uygulanamaz,bicim-desteklenmiyor,B6: MAPPING.md (API incelemesi),uygulanamaz,mirror:L4C-COSE_eski_ES256 (accept-classical)
JOSE-071,SYN-L4C-COSE_eski_ES256,L4,kontrol-EdDSA,kabul,uygulanamaz,bicim-desteklenmiyor,B6: MAPPING.md (API incelemesi),uygulanamaz,mirror:L4C-COSE_eski_ES256 (accept-classical)
JOSE-071,SYN-L4C-COSE_eski_ES256,L4-S,kontrol-EdDSA,kabul,uygulanamaz,bicim-desteklenmiyor,B6: MAPPING.md (API incelemesi),uygulanamaz,mirror:L4C-COSE_eski_ES256 (accept-classical)
JOSE-071,SYN-L4C-COSE_eski_ES256,L4-Y,kontrol-EdDSA,kabul,uygulanamaz,bicim-desteklenmiyor,B6: MAPPING.md (API incelemesi),uygulanamaz,mirror:L4C-COSE_eski_ES256 (accept-classical)
JOSE-071,SYN-L4C-JOSE_eski_ES256,GEC,kontrol-EdDSA,kabul,kabul,,,uyumlu,mirror:L4C-JOSE_eski_ES256 (accept-classical)
JOSE-071,SYN-L4C-JOSE_eski_ES256,IZIN-A,kontrol-EdDSA,kabul,kabul,,,uyumlu,mirror:L4C-JOSE_eski_ES256 (accept-classical)
JOSE-071,SYN-L4C-JOSE_eski_ES256,IZIN-AX,kontrol-EdDSA,kabul,kabul,,,uyumlu,mirror:L4C-JOSE_eski_ES256 (accept-classical)
JOSE-071,SYN-L4C-JOSE_eski_ES256,L4,kontrol-EdDSA,kabul,kabul,,,uyumlu,mirror:L4C-JOSE_eski_ES256 (accept-classical)
JOSE-071,SYN-L4C-JOSE_eski_ES256,L4-S,kontrol-EdDSA,kabul,kabul,,,uyumlu,mirror:L4C-JOSE_eski_ES256 (accept-classical)
JOSE-071,SYN-L4C-JOSE_eski_ES256,L4-Y,kontrol-EdDSA,kabul,kabul,,,uyumlu,mirror:L4C-JOSE_eski_ES256 (accept-classical)
JOSE-071,SYN-T1K_both_valid,L4,kontrol-EdDSA,kabul,uygulanamaz,bicim-desteklenmiyor,B6: MAPPING.md (API incelemesi),uygulanamaz,mirror:T1K_both_valid (accept-classical)
JOSE-071,SYN-T1K_both_valid,L4-S,kontrol-EdDSA,kabul,uygulanamaz,bicim-desteklenmiyor,B6: MAPPING.md (API incelemesi),uygulanamaz,mirror:T1K_both_valid (accept-classical)
JOSE-071,SYN-T1K_both_valid,L4-Y,kontrol-EdDSA,kabul,uygulanamaz,bicim-desteklenmiyor,B6: MAPPING.md (API incelemesi),uygulanamaz,mirror:T1K_both_valid (accept-classical)
JOSE-071,SYN-T1K_both_valid,P0,kontrol-EdDSA,kabul,uygulanamaz,bicim-desteklenmiyor,B6: MAPPING.md (API incelemesi),uygulanamaz,mirror:T1K_both_valid (accept-classical)
JOSE-071,SYN-T1K_both_valid,P1,kontrol-EdDSA,kabul,uygulanamaz,bicim-desteklenmiyor,B6: MAPPING.md (API incelemesi),uygulanamaz,mirror:T1K_both_valid (accept-classical)
JOSE-071,SYN-T1K_both_valid-SIRA-ters,L4,kontrol-EdDSA,kabul,uygulanamaz,bicim-desteklenmiyor,B6: MAPPING.md (API incelemesi),uygulanamaz,mirror:T1K_both_valid-SIRA-ters (accept-classical)
JOSE-071,SYN-T1K_both_valid-SIRA-ters,L4-S,kontrol-EdDSA,kabul,uygulanamaz,bicim-desteklenmiyor,B6: MAPPING.md (API incelemesi),uygulanamaz,mirror:T1K_both_valid-SIRA-ters (accept-classical)
JOSE-071,SYN-T1K_both_valid-SIRA-ters,L4-Y,kontrol-EdDSA,kabul,uygulanamaz,bicim-desteklenmiyor,B6: MAPPING.md (API incelemesi),uygulanamaz,mirror:T1K_both_valid-SIRA-ters (accept-classical)
JOSE-071,SYN-T1K_both_valid-SIRA-ters,P0,kontrol-EdDSA,kabul,uygulanamaz,bicim-desteklenmiyor,B6: MAPPING.md (API incelemesi),uygulanamaz,mirror:T1K_both_valid-SIRA-ters (accept-classical)
JOSE-071,SYN-T1K_both_valid-SIRA-ters,P1,kontrol-EdDSA,kabul,uygulanamaz,bicim-desteklenmiyor,B6: MAPPING.md (API incelemesi),uygulanamaz,mirror:T1K_both_valid-SIRA-ters (accept-classical)
JOSE-071,SYN-T5K_only_EdDSA,GEC,kontrol-EdDSA,kabul,uygulanamaz,bicim-desteklenmiyor,B6: MAPPING.md (API incelemesi),uygulanamaz,mirror:T5K_only_EdDSA (accept-classical)
JOSE-071,SYN-T5K_only_EdDSA,IZIN-AX,kontrol-EdDSA,kabul,uygulanamaz,bicim-desteklenmiyor,B6: MAPPING.md (API incelemesi),uygulanamaz,mirror:T5K_only_EdDSA (accept-classical)
JOSE-071,SYN-T5K_only_EdDSA,L4,kontrol-EdDSA,kabul,uygulanamaz,bicim-desteklenmiyor,B6: MAPPING.md (API incelemesi),uygulanamaz,mirror:T5K_only_EdDSA (accept-classical)
JOSE-071,SYN-T5K_only_EdDSA,L4-S,kontrol-EdDSA,kabul,uygulanamaz,bicim-desteklenmiyor,B6: MAPPING.md (API incelemesi),uygulanamaz,mirror:T5K_only_EdDSA (accept-classical)
JOSE-071,SYN-T5K_only_EdDSA,L4-Y,kontrol-EdDSA,kabul,uygulanamaz,bicim-desteklenmiyor,B6: MAPPING.md (API incelemesi),uygulanamaz,mirror:T5K_only_EdDSA (accept-classical)
JOSE-071,SYN-T5K_only_EdDSA,P0,kontrol-EdDSA,kabul,uygulanamaz,bicim-desteklenmiyor,B6: MAPPING.md (API incelemesi),uygulanamaz,mirror:T5K_only_EdDSA (accept-classical)
JOSE-071,SYN-T5K_only_EdDSA,P1,kontrol-EdDSA,kabul,uygulanamaz,bicim-desteklenmiyor,B6: MAPPING.md (API incelemesi),uygulanamaz,mirror:T5K_only_EdDSA (accept-classical)
JOSE-071,SYN-VC01_ES256_x5c,GEC,kontrol-EdDSA,kabul,uygulanamaz,bicim-desteklenmiyor,B6: MAPPING.md (API incelemesi),uygulanamaz,mirror:VC01_ES256_x5c (accept-classical)
JOSE-071,SYN-VC01_ES256_x5c,IZIN-A,kontrol-EdDSA,kabul,uygulanamaz,bicim-desteklenmiyor,B6: MAPPING.md (API incelemesi),uygulanamaz,mirror:VC01_ES256_x5c (accept-classical)
JOSE-071,SYN-VC01_ES256_x5c,IZIN-AX,kontrol-EdDSA,kabul,uygulanamaz,bicim-desteklenmiyor,B6: MAPPING.md (API incelemesi),uygulanamaz,mirror:VC01_ES256_x5c (accept-classical)
JOSE-071,SYN-VC01_ES256_x5c,P0,kontrol-EdDSA,kabul,uygulanamaz,bicim-desteklenmiyor,B6: MAPPING.md (API incelemesi),uygulanamaz,mirror:VC01_ES256_x5c (accept-classical)
JOSE-071,SYN-VC09_GJ_ES256_EdDSA,L4,kontrol-EdDSA,kabul,uygulanamaz,bicim-desteklenmiyor,B6: MAPPING.md (API incelemesi),uygulanamaz,mirror:VC09_GJ_ES256_EdDSA (accept-classical)
JOSE-071,SYN-VC09_GJ_ES256_EdDSA,L4-S,kontrol-EdDSA,kabul,uygulanamaz,bicim-desteklenmiyor,B6: MAPPING.md (API incelemesi),uygulanamaz,mirror:VC09_GJ_ES256_EdDSA (accept-classical)
JOSE-071,SYN-VC09_GJ_ES256_EdDSA,L4-Y,kontrol-EdDSA,kabul,uygulanamaz,bicim-desteklenmiyor,B6: MAPPING.md (API incelemesi),uygulanamaz,mirror:VC09_GJ_ES256_EdDSA (accept-classical)
JOSE-071,SYN-VC09_GJ_ES256_EdDSA,P0,kontrol-EdDSA,kabul,uygulanamaz,bicim-desteklenmiyor,B6: MAPPING.md (API incelemesi),uygulanamaz,mirror:VC09_GJ_ES256_EdDSA (accept-classical)
JOSE-071,SYN-VC09_GJ_ES256_EdDSA,P1,kontrol-EdDSA,kabul,uygulanamaz,bicim-desteklenmiyor,B6: MAPPING.md (API incelemesi),uygulanamaz,mirror:VC09_GJ_ES256_EdDSA (accept-classical)
JOSE-071,SYN-VC09_GJ_ES256_EdDSA-SIRA-ters,L4,kontrol-EdDSA,kabul,uygulanamaz,bicim-desteklenmiyor,B6: MAPPING.md (API incelemesi),uygulanamaz,mirror:VC09_GJ_ES256_EdDSA-SIRA-ters (accept-classical)
JOSE-071,SYN-VC09_GJ_ES256_EdDSA-SIRA-ters,L4-S,kontrol-EdDSA,kabul,uygulanamaz,bicim-desteklenmiyor,B6: MAPPING.md (API incelemesi),uygulanamaz,mirror:VC09_GJ_ES256_EdDSA-SIRA-ters (accept-classical)
JOSE-071,SYN-VC09_GJ_ES256_EdDSA-SIRA-ters,L4-Y,kontrol-EdDSA,kabul,uygulanamaz,bicim-desteklenmiyor,B6: MAPPING.md (API incelemesi),uygulanamaz,mirror:VC09_GJ_ES256_EdDSA-SIRA-ters (accept-classical)
JOSE-071,SYN-VC09_GJ_ES256_EdDSA-SIRA-ters,P0,kontrol-EdDSA,kabul,uygulanamaz,bicim-desteklenmiyor,B6: MAPPING.md (API incelemesi),uygulanamaz,mirror:VC09_GJ_ES256_EdDSA-SIRA-ters (accept-classical)
JOSE-071,SYN-VC09_GJ_ES256_EdDSA-SIRA-ters,P1,kontrol-EdDSA,kabul,uygulanamaz,bicim-desteklenmiyor,B6: MAPPING.md (API incelemesi),uygulanamaz,mirror:VC09_GJ_ES256_EdDSA-SIRA-ters (accept-classical)
JOSE-071,SYN-VPLUS_ES256,GEC,kontrol-EdDSA,kabul,kabul,,,uyumlu,mirror:VPLUS_ES256 (accept-classical)
JOSE-071,SYN-VPLUS_ES256,IZIN-A,kontrol-EdDSA,kabul,kabul,,,uyumlu,mirror:VPLUS_ES256 (accept-classical)
JOSE-071,SYN-VPLUS_ES256,IZIN-AX,kontrol-EdDSA,kabul,kabul,,,uyumlu,mirror:VPLUS_ES256 (accept-classical)
JOSE-071,SYN-VPLUS_ES256,P0,kontrol-EdDSA,kabul,kabul,,,uyumlu,mirror:VPLUS_ES256 (accept-classical)
JOSE-071,SYN-VPLUS_EdDSA,GEC,kontrol-EdDSA,kabul,kabul,,,uyumlu,mirror:VPLUS_EdDSA (accept-classical)
JOSE-071,SYN-VPLUS_EdDSA,IZIN-AX,kontrol-EdDSA,kabul,kabul,,,uyumlu,mirror:VPLUS_EdDSA (accept-classical)
JOSE-071,SYN-VPLUS_EdDSA,L4,kontrol-EdDSA,kabul,kabul,,,uyumlu,mirror:VPLUS_EdDSA (accept-classical)
JOSE-071,SYN-VPLUS_EdDSA,L4-S,kontrol-EdDSA,kabul,kabul,,,uyumlu,mirror:VPLUS_EdDSA (accept-classical)
JOSE-071,SYN-VPLUS_EdDSA,L4-Y,kontrol-EdDSA,kabul,kabul,,,uyumlu,mirror:VPLUS_EdDSA (accept-classical)
JOSE-071,SYN-VPLUS_EdDSA,P0,kontrol-EdDSA,kabul,kabul,,,uyumlu,mirror:VPLUS_EdDSA (accept-classical)
JOSE-083,SYN-COSE-K1K_iki_gecerli,L4,kontrol-EdDSA,kabul,uygulanamaz,bicim-desteklenmiyor,,uygulanamaz,mirror:COSE-K1K_iki_gecerli (accept-classical)
JOSE-083,SYN-COSE-K1K_iki_gecerli,L4-S,kontrol-EdDSA,kabul,uygulanamaz,bicim-desteklenmiyor,,uygulanamaz,mirror:COSE-K1K_iki_gecerli (accept-classical)
JOSE-083,SYN-COSE-K1K_iki_gecerli,L4-Y,kontrol-EdDSA,kabul,uygulanamaz,bicim-desteklenmiyor,,uygulanamaz,mirror:COSE-K1K_iki_gecerli (accept-classical)
JOSE-083,SYN-COSE-K1K_iki_gecerli,P0,kontrol-EdDSA,kabul,uygulanamaz,bicim-desteklenmiyor,,uygulanamaz,mirror:COSE-K1K_iki_gecerli (accept-classical)
JOSE-083,SYN-COSE-K1K_iki_gecerli,P1,kontrol-EdDSA,kabul,uygulanamaz,bicim-desteklenmiyor,,uygulanamaz,mirror:COSE-K1K_iki_gecerli (accept-classical)
JOSE-083,SYN-COSE-K1K_iki_gecerli-SIRA-ters,L4,kontrol-EdDSA,kabul,uygulanamaz,bicim-desteklenmiyor,,uygulanamaz,mirror:COSE-K1K_iki_gecerli-SIRA-ters (accept-classical)
JOSE-083,SYN-COSE-K1K_iki_gecerli-SIRA-ters,L4-S,kontrol-EdDSA,kabul,uygulanamaz,bicim-desteklenmiyor,,uygulanamaz,mirror:COSE-K1K_iki_gecerli-SIRA-ters (accept-classical)
JOSE-083,SYN-COSE-K1K_iki_gecerli-SIRA-ters,L4-Y,kontrol-EdDSA,kabul,uygulanamaz,bicim-desteklenmiyor,,uygulanamaz,mirror:COSE-K1K_iki_gecerli-SIRA-ters (accept-classical)
JOSE-083,SYN-COSE-K1K_iki_gecerli-SIRA-ters,P0,kontrol-EdDSA,kabul,uygulanamaz,bicim-desteklenmiyor,,uygulanamaz,mirror:COSE-K1K_iki_gecerli-SIRA-ters (accept-classical)
JOSE-083,SYN-COSE-K1K_iki_gecerli-SIRA-ters,P1,kontrol-EdDSA,kabul,uygulanamaz,bicim-desteklenmiyor,,uygulanamaz,mirror:COSE-K1K_iki_gecerli-SIRA-ters (accept-classical)
JOSE-083,SYN-COSE-K4K_yalniz_X,GEC,kontrol-EdDSA,kabul,uygulanamaz,bicim-desteklenmiyor,,uygulanamaz,mirror:COSE-K4K_yalniz_X (accept-classical)
JOSE-083,SYN-COSE-K4K_yalniz_X,IZIN-AX,kontrol-EdDSA,kabul,uygulanamaz,bicim-desteklenmiyor,,uygulanamaz,mirror:COSE-K4K_yalniz_X (accept-classical)
JOSE-083,SYN-COSE-K4K_yalniz_X,L4,kontrol-EdDSA,kabul,uygulanamaz,bicim-desteklenmiyor,,uygulanamaz,mirror:COSE-K4K_yalniz_X (accept-classical)
JOSE-083,SYN-COSE-K4K_yalniz_X,L4-S,kontrol-EdDSA,kabul,uygulanamaz,bicim-desteklenmiyor,,uygulanamaz,mirror:COSE-K4K_yalniz_X (accept-classical)
JOSE-083,SYN-COSE-K4K_yalniz_X,L4-Y,kontrol-EdDSA,kabul,uygulanamaz,bicim-desteklenmiyor,,uygulanamaz,mirror:COSE-K4K_yalniz_X (accept-classical)
JOSE-083,SYN-COSE-K4K_yalniz_X,P0,kontrol-EdDSA,kabul,uygulanamaz,bicim-desteklenmiyor,,uygulanamaz,mirror:COSE-K4K_yalniz_X (accept-classical)
JOSE-083,SYN-COSE-K4K_yalniz_X,P1,kontrol-EdDSA,kabul,uygulanamaz,bicim-desteklenmiyor,,uygulanamaz,mirror:COSE-K4K_yalniz_X (accept-classical)
JOSE-083,SYN-COSE-VPLUS_ES256,GEC,kontrol-EdDSA,kabul,uygulanamaz,bicim-desteklenmiyor,,uygulanamaz,mirror:COSE-VPLUS_ES256 (accept-classical)
JOSE-083,SYN-COSE-VPLUS_ES256,IZIN-A,kontrol-EdDSA,kabul,uygulanamaz,bicim-desteklenmiyor,,uygulanamaz,mirror:COSE-VPLUS_ES256 (accept-classical)
JOSE-083,SYN-COSE-VPLUS_ES256,IZIN-AX,kontrol-EdDSA,kabul,uygulanamaz,bicim-desteklenmiyor,,uygulanamaz,mirror:COSE-VPLUS_ES256 (accept-classical)
JOSE-083,SYN-COSE-VPLUS_ES256,P0,kontrol-EdDSA,kabul,uygulanamaz,bicim-desteklenmiyor,,uygulanamaz,mirror:COSE-VPLUS_ES256 (accept-classical)
JOSE-083,SYN-COSE-VPLUS_EdDSA,GEC,kontrol-EdDSA,kabul,uygulanamaz,bicim-desteklenmiyor,,uygulanamaz,mirror:COSE-VPLUS_EdDSA (accept-classical)
JOSE-083,SYN-COSE-VPLUS_EdDSA,IZIN-AX,kontrol-EdDSA,kabul,uygulanamaz,bicim-desteklenmiyor,,uygulanamaz,mirror:COSE-VPLUS_EdDSA (accept-classical)
JOSE-083,SYN-COSE-VPLUS_EdDSA,L4,kontrol-EdDSA,kabul,uygulanamaz,bicim-desteklenmiyor,,uygulanamaz,mirror:COSE-VPLUS_EdDSA (accept-classical)
JOSE-083,SYN-COSE-VPLUS_EdDSA,L4-S,kontrol-EdDSA,kabul,uygulanamaz,bicim-desteklenmiyor,,uygulanamaz,mirror:COSE-VPLUS_EdDSA (accept-classical)
JOSE-083,SYN-COSE-VPLUS_EdDSA,L4-Y,kontrol-EdDSA,kabul,uygulanamaz,bicim-desteklenmiyor,,uygulanamaz,mirror:COSE-VPLUS_EdDSA (accept-classical)
JOSE-083,SYN-COSE-VPLUS_EdDSA,P0,kontrol-EdDSA,kabul,uygulanamaz,bicim-desteklenmiyor,,uygulanamaz,mirror:COSE-VPLUS_EdDSA (accept-classical)
JOSE-083,SYN-D-VCX_EdDSA_kid,GEC,kontrol-EdDSA,kabul,uygulanamaz,bicim-desteklenmiyor,,uygulanamaz,derived:analogue VPLUS_EdDSA (accept-classical)
JOSE-083,SYN-D-VCX_EdDSA_kid,IZIN-AX,kontrol-EdDSA,kabul,uygulanamaz,bicim-desteklenmiyor,,uygulanamaz,derived:analogue VPLUS_EdDSA (accept-classical)
JOSE-083,SYN-D-VCX_EdDSA_kid,L4,kontrol-EdDSA,kabul,uygulanamaz,bicim-desteklenmiyor,,uygulanamaz,derived:analogue VPLUS_EdDSA (accept-classical)
JOSE-083,SYN-D-VCX_EdDSA_kid,L4-S,kontrol-EdDSA,kabul,uygulanamaz,bicim-desteklenmiyor,,uygulanamaz,derived:analogue VPLUS_EdDSA (accept-classical)
JOSE-083,SYN-D-VCX_EdDSA_kid,L4-Y,kontrol-EdDSA,kabul,uygulanamaz,bicim-desteklenmiyor,,uygulanamaz,derived:analogue VPLUS_EdDSA (accept-classical)
JOSE-083,SYN-D-VCX_EdDSA_kid,P0,kontrol-EdDSA,kabul,uygulanamaz,bicim-desteklenmiyor,,uygulanamaz,derived:analogue VPLUS_EdDSA (accept-classical)
JOSE-083,SYN-L4C-COSE_eski_ES256,GEC,kontrol-EdDSA,kabul,uygulanamaz,bicim-desteklenmiyor,,uygulanamaz,mirror:L4C-COSE_eski_ES256 (accept-classical)
JOSE-083,SYN-L4C-COSE_eski_ES256,IZIN-A,kontrol-EdDSA,kabul,uygulanamaz,bicim-desteklenmiyor,,uygulanamaz,mirror:L4C-COSE_eski_ES256 (accept-classical)
JOSE-083,SYN-L4C-COSE_eski_ES256,IZIN-AX,kontrol-EdDSA,kabul,uygulanamaz,bicim-desteklenmiyor,,uygulanamaz,mirror:L4C-COSE_eski_ES256 (accept-classical)
JOSE-083,SYN-L4C-COSE_eski_ES256,L4,kontrol-EdDSA,kabul,uygulanamaz,bicim-desteklenmiyor,,uygulanamaz,mirror:L4C-COSE_eski_ES256 (accept-classical)
JOSE-083,SYN-L4C-COSE_eski_ES256,L4-S,kontrol-EdDSA,kabul,uygulanamaz,bicim-desteklenmiyor,,uygulanamaz,mirror:L4C-COSE_eski_ES256 (accept-classical)
JOSE-083,SYN-L4C-COSE_eski_ES256,L4-Y,kontrol-EdDSA,kabul,uygulanamaz,bicim-desteklenmiyor,,uygulanamaz,mirror:L4C-COSE_eski_ES256 (accept-classical)
JOSE-083,SYN-L4C-JOSE_eski_ES256,GEC,kontrol-EdDSA,kabul,kabul,,,uyumlu,mirror:L4C-JOSE_eski_ES256 (accept-classical)
JOSE-083,SYN-L4C-JOSE_eski_ES256,IZIN-A,kontrol-EdDSA,kabul,kabul,,,uyumlu,mirror:L4C-JOSE_eski_ES256 (accept-classical)
JOSE-083,SYN-L4C-JOSE_eski_ES256,IZIN-AX,kontrol-EdDSA,kabul,kabul,,,uyumlu,mirror:L4C-JOSE_eski_ES256 (accept-classical)
JOSE-083,SYN-L4C-JOSE_eski_ES256,L4,kontrol-EdDSA,kabul,kabul,,,uyumlu,mirror:L4C-JOSE_eski_ES256 (accept-classical)
JOSE-083,SYN-L4C-JOSE_eski_ES256,L4-S,kontrol-EdDSA,kabul,kabul,,,uyumlu,mirror:L4C-JOSE_eski_ES256 (accept-classical)
JOSE-083,SYN-L4C-JOSE_eski_ES256,L4-Y,kontrol-EdDSA,kabul,kabul,,,uyumlu,mirror:L4C-JOSE_eski_ES256 (accept-classical)
JOSE-083,SYN-T1K_both_valid,L4,kontrol-EdDSA,kabul,uygulanamaz,bicim-desteklenmiyor,,uygulanamaz,mirror:T1K_both_valid (accept-classical)
JOSE-083,SYN-T1K_both_valid,L4-S,kontrol-EdDSA,kabul,uygulanamaz,bicim-desteklenmiyor,,uygulanamaz,mirror:T1K_both_valid (accept-classical)
JOSE-083,SYN-T1K_both_valid,L4-Y,kontrol-EdDSA,kabul,uygulanamaz,bicim-desteklenmiyor,,uygulanamaz,mirror:T1K_both_valid (accept-classical)
JOSE-083,SYN-T1K_both_valid,P0,kontrol-EdDSA,kabul,uygulanamaz,bicim-desteklenmiyor,,uygulanamaz,mirror:T1K_both_valid (accept-classical)
JOSE-083,SYN-T1K_both_valid,P1,kontrol-EdDSA,kabul,uygulanamaz,bicim-desteklenmiyor,,uygulanamaz,mirror:T1K_both_valid (accept-classical)
JOSE-083,SYN-T1K_both_valid-SIRA-ters,L4,kontrol-EdDSA,kabul,uygulanamaz,bicim-desteklenmiyor,,uygulanamaz,mirror:T1K_both_valid-SIRA-ters (accept-classical)
JOSE-083,SYN-T1K_both_valid-SIRA-ters,L4-S,kontrol-EdDSA,kabul,uygulanamaz,bicim-desteklenmiyor,,uygulanamaz,mirror:T1K_both_valid-SIRA-ters (accept-classical)
JOSE-083,SYN-T1K_both_valid-SIRA-ters,L4-Y,kontrol-EdDSA,kabul,uygulanamaz,bicim-desteklenmiyor,,uygulanamaz,mirror:T1K_both_valid-SIRA-ters (accept-classical)
JOSE-083,SYN-T1K_both_valid-SIRA-ters,P0,kontrol-EdDSA,kabul,uygulanamaz,bicim-desteklenmiyor,,uygulanamaz,mirror:T1K_both_valid-SIRA-ters (accept-classical)
JOSE-083,SYN-T1K_both_valid-SIRA-ters,P1,kontrol-EdDSA,kabul,uygulanamaz,bicim-desteklenmiyor,,uygulanamaz,mirror:T1K_both_valid-SIRA-ters (accept-classical)
JOSE-083,SYN-T5K_only_EdDSA,GEC,kontrol-EdDSA,kabul,uygulanamaz,bicim-desteklenmiyor,,uygulanamaz,mirror:T5K_only_EdDSA (accept-classical)
JOSE-083,SYN-T5K_only_EdDSA,IZIN-AX,kontrol-EdDSA,kabul,uygulanamaz,bicim-desteklenmiyor,,uygulanamaz,mirror:T5K_only_EdDSA (accept-classical)
JOSE-083,SYN-T5K_only_EdDSA,L4,kontrol-EdDSA,kabul,uygulanamaz,bicim-desteklenmiyor,,uygulanamaz,mirror:T5K_only_EdDSA (accept-classical)
JOSE-083,SYN-T5K_only_EdDSA,L4-S,kontrol-EdDSA,kabul,uygulanamaz,bicim-desteklenmiyor,,uygulanamaz,mirror:T5K_only_EdDSA (accept-classical)
JOSE-083,SYN-T5K_only_EdDSA,L4-Y,kontrol-EdDSA,kabul,uygulanamaz,bicim-desteklenmiyor,,uygulanamaz,mirror:T5K_only_EdDSA (accept-classical)
JOSE-083,SYN-T5K_only_EdDSA,P0,kontrol-EdDSA,kabul,uygulanamaz,bicim-desteklenmiyor,,uygulanamaz,mirror:T5K_only_EdDSA (accept-classical)
JOSE-083,SYN-T5K_only_EdDSA,P1,kontrol-EdDSA,kabul,uygulanamaz,bicim-desteklenmiyor,,uygulanamaz,mirror:T5K_only_EdDSA (accept-classical)
JOSE-083,SYN-VC01_ES256_x5c,GEC,kontrol-EdDSA,kabul,uygulanamaz,bicim-desteklenmiyor,,uygulanamaz,mirror:VC01_ES256_x5c (accept-classical)
JOSE-083,SYN-VC01_ES256_x5c,IZIN-A,kontrol-EdDSA,kabul,uygulanamaz,bicim-desteklenmiyor,,uygulanamaz,mirror:VC01_ES256_x5c (accept-classical)
JOSE-083,SYN-VC01_ES256_x5c,IZIN-AX,kontrol-EdDSA,kabul,uygulanamaz,bicim-desteklenmiyor,,uygulanamaz,mirror:VC01_ES256_x5c (accept-classical)
JOSE-083,SYN-VC01_ES256_x5c,P0,kontrol-EdDSA,kabul,uygulanamaz,bicim-desteklenmiyor,,uygulanamaz,mirror:VC01_ES256_x5c (accept-classical)
JOSE-083,SYN-VC09_GJ_ES256_EdDSA,L4,kontrol-EdDSA,kabul,uygulanamaz,bicim-desteklenmiyor,,uygulanamaz,mirror:VC09_GJ_ES256_EdDSA (accept-classical)
JOSE-083,SYN-VC09_GJ_ES256_EdDSA,L4-S,kontrol-EdDSA,kabul,uygulanamaz,bicim-desteklenmiyor,,uygulanamaz,mirror:VC09_GJ_ES256_EdDSA (accept-classical)
JOSE-083,SYN-VC09_GJ_ES256_EdDSA,L4-Y,kontrol-EdDSA,kabul,uygulanamaz,bicim-desteklenmiyor,,uygulanamaz,mirror:VC09_GJ_ES256_EdDSA (accept-classical)
JOSE-083,SYN-VC09_GJ_ES256_EdDSA,P0,kontrol-EdDSA,kabul,uygulanamaz,bicim-desteklenmiyor,,uygulanamaz,mirror:VC09_GJ_ES256_EdDSA (accept-classical)
JOSE-083,SYN-VC09_GJ_ES256_EdDSA,P1,kontrol-EdDSA,kabul,uygulanamaz,bicim-desteklenmiyor,,uygulanamaz,mirror:VC09_GJ_ES256_EdDSA (accept-classical)
JOSE-083,SYN-VC09_GJ_ES256_EdDSA-SIRA-ters,L4,kontrol-EdDSA,kabul,uygulanamaz,bicim-desteklenmiyor,,uygulanamaz,mirror:VC09_GJ_ES256_EdDSA-SIRA-ters (accept-classical)
JOSE-083,SYN-VC09_GJ_ES256_EdDSA-SIRA-ters,L4-S,kontrol-EdDSA,kabul,uygulanamaz,bicim-desteklenmiyor,,uygulanamaz,mirror:VC09_GJ_ES256_EdDSA-SIRA-ters (accept-classical)
JOSE-083,SYN-VC09_GJ_ES256_EdDSA-SIRA-ters,L4-Y,kontrol-EdDSA,kabul,uygulanamaz,bicim-desteklenmiyor,,uygulanamaz,mirror:VC09_GJ_ES256_EdDSA-SIRA-ters (accept-classical)
JOSE-083,SYN-VC09_GJ_ES256_EdDSA-SIRA-ters,P0,kontrol-EdDSA,kabul,uygulanamaz,bicim-desteklenmiyor,,uygulanamaz,mirror:VC09_GJ_ES256_EdDSA-SIRA-ters (accept-classical)
JOSE-083,SYN-VC09_GJ_ES256_EdDSA-SIRA-ters,P1,kontrol-EdDSA,kabul,uygulanamaz,bicim-desteklenmiyor,,uygulanamaz,mirror:VC09_GJ_ES256_EdDSA-SIRA-ters (accept-classical)
JOSE-083,SYN-VPLUS_ES256,GEC,kontrol-EdDSA,kabul,kabul,,,uyumlu,mirror:VPLUS_ES256 (accept-classical)
JOSE-083,SYN-VPLUS_ES256,IZIN-A,kontrol-EdDSA,kabul,kabul,,,uyumlu,mirror:VPLUS_ES256 (accept-classical)
JOSE-083,SYN-VPLUS_ES256,IZIN-AX,kontrol-EdDSA,kabul,kabul,,,uyumlu,mirror:VPLUS_ES256 (accept-classical)
JOSE-083,SYN-VPLUS_ES256,P0,kontrol-EdDSA,kabul,kabul,,,uyumlu,mirror:VPLUS_ES256 (accept-classical)
JOSE-083,SYN-VPLUS_EdDSA,GEC,kontrol-EdDSA,kabul,kabul,,,uyumlu,mirror:VPLUS_EdDSA (accept-classical)
JOSE-083,SYN-VPLUS_EdDSA,IZIN-AX,kontrol-EdDSA,kabul,kabul,,,uyumlu,mirror:VPLUS_EdDSA (accept-classical)
JOSE-083,SYN-VPLUS_EdDSA,L4,kontrol-EdDSA,kabul,kabul,,,uyumlu,mirror:VPLUS_EdDSA (accept-classical)
JOSE-083,SYN-VPLUS_EdDSA,L4-S,kontrol-EdDSA,kabul,kabul,,,uyumlu,mirror:VPLUS_EdDSA (accept-classical)
JOSE-083,SYN-VPLUS_EdDSA,L4-Y,kontrol-EdDSA,kabul,kabul,,,uyumlu,mirror:VPLUS_EdDSA (accept-classical)
JOSE-083,SYN-VPLUS_EdDSA,P0,kontrol-EdDSA,kabul,kabul,,,uyumlu,mirror:VPLUS_EdDSA (accept-classical)
JOSE-084,SYN-COSE-K1K_iki_gecerli-ES384,L4,kontrol-ES384,kabul,uygulanamaz,bicim-desteklenmiyor,,uygulanamaz,mirror:COSE-K1K_iki_gecerli-ES384 (accept-classical)
JOSE-084,SYN-COSE-K1K_iki_gecerli-ES384,L4-S,kontrol-ES384,kabul,uygulanamaz,bicim-desteklenmiyor,,uygulanamaz,mirror:COSE-K1K_iki_gecerli-ES384 (accept-classical)
JOSE-084,SYN-COSE-K1K_iki_gecerli-ES384,L4-Y,kontrol-ES384,kabul,uygulanamaz,bicim-desteklenmiyor,,uygulanamaz,mirror:COSE-K1K_iki_gecerli-ES384 (accept-classical)
JOSE-084,SYN-COSE-K1K_iki_gecerli-ES384,P0,kontrol-ES384,kabul,uygulanamaz,bicim-desteklenmiyor,,uygulanamaz,mirror:COSE-K1K_iki_gecerli-ES384 (accept-classical)
JOSE-084,SYN-COSE-K1K_iki_gecerli-ES384,P1,kontrol-ES384,kabul,uygulanamaz,bicim-desteklenmiyor,,uygulanamaz,mirror:COSE-K1K_iki_gecerli-ES384 (accept-classical)
JOSE-084,SYN-COSE-K1K_iki_gecerli-SIRA-ters-ES384,L4,kontrol-ES384,kabul,uygulanamaz,bicim-desteklenmiyor,,uygulanamaz,mirror:COSE-K1K_iki_gecerli-SIRA-ters-ES384 (accept-classical)
JOSE-084,SYN-COSE-K1K_iki_gecerli-SIRA-ters-ES384,L4-S,kontrol-ES384,kabul,uygulanamaz,bicim-desteklenmiyor,,uygulanamaz,mirror:COSE-K1K_iki_gecerli-SIRA-ters-ES384 (accept-classical)
JOSE-084,SYN-COSE-K1K_iki_gecerli-SIRA-ters-ES384,L4-Y,kontrol-ES384,kabul,uygulanamaz,bicim-desteklenmiyor,,uygulanamaz,mirror:COSE-K1K_iki_gecerli-SIRA-ters-ES384 (accept-classical)
JOSE-084,SYN-COSE-K1K_iki_gecerli-SIRA-ters-ES384,P0,kontrol-ES384,kabul,uygulanamaz,bicim-desteklenmiyor,,uygulanamaz,mirror:COSE-K1K_iki_gecerli-SIRA-ters-ES384 (accept-classical)
JOSE-084,SYN-COSE-K1K_iki_gecerli-SIRA-ters-ES384,P1,kontrol-ES384,kabul,uygulanamaz,bicim-desteklenmiyor,,uygulanamaz,mirror:COSE-K1K_iki_gecerli-SIRA-ters-ES384 (accept-classical)
JOSE-084,SYN-COSE-K4K_yalniz_X-ES384,GEC,kontrol-ES384,kabul,uygulanamaz,bicim-desteklenmiyor,,uygulanamaz,mirror:COSE-K4K_yalniz_X-ES384 (accept-classical)
JOSE-084,SYN-COSE-K4K_yalniz_X-ES384,IZIN-AX,kontrol-ES384,kabul,uygulanamaz,bicim-desteklenmiyor,,uygulanamaz,mirror:COSE-K4K_yalniz_X-ES384 (accept-classical)
JOSE-084,SYN-COSE-K4K_yalniz_X-ES384,L4,kontrol-ES384,kabul,uygulanamaz,bicim-desteklenmiyor,,uygulanamaz,mirror:COSE-K4K_yalniz_X-ES384 (accept-classical)
JOSE-084,SYN-COSE-K4K_yalniz_X-ES384,L4-S,kontrol-ES384,kabul,uygulanamaz,bicim-desteklenmiyor,,uygulanamaz,mirror:COSE-K4K_yalniz_X-ES384 (accept-classical)
JOSE-084,SYN-COSE-K4K_yalniz_X-ES384,L4-Y,kontrol-ES384,kabul,uygulanamaz,bicim-desteklenmiyor,,uygulanamaz,mirror:COSE-K4K_yalniz_X-ES384 (accept-classical)
JOSE-084,SYN-COSE-K4K_yalniz_X-ES384,P0,kontrol-ES384,kabul,uygulanamaz,bicim-desteklenmiyor,,uygulanamaz,mirror:COSE-K4K_yalniz_X-ES384 (accept-classical)
JOSE-084,SYN-COSE-K4K_yalniz_X-ES384,P1,kontrol-ES384,kabul,uygulanamaz,bicim-desteklenmiyor,,uygulanamaz,mirror:COSE-K4K_yalniz_X-ES384 (accept-classical)
JOSE-084,SYN-COSE-VPLUS_ES256,GEC,kontrol-ES384,kabul,uygulanamaz,bicim-desteklenmiyor,,uygulanamaz,mirror:COSE-VPLUS_ES256 (accept-classical)
JOSE-084,SYN-COSE-VPLUS_ES256,IZIN-A,kontrol-ES384,kabul,uygulanamaz,bicim-desteklenmiyor,,uygulanamaz,mirror:COSE-VPLUS_ES256 (accept-classical)
JOSE-084,SYN-COSE-VPLUS_ES256,IZIN-AX,kontrol-ES384,kabul,uygulanamaz,bicim-desteklenmiyor,,uygulanamaz,mirror:COSE-VPLUS_ES256 (accept-classical)
JOSE-084,SYN-COSE-VPLUS_ES256,P0,kontrol-ES384,kabul,uygulanamaz,bicim-desteklenmiyor,,uygulanamaz,mirror:COSE-VPLUS_ES256 (accept-classical)
JOSE-084,SYN-COSE-VPLUS_EdDSA-ES384,GEC,kontrol-ES384,kabul,uygulanamaz,bicim-desteklenmiyor,,uygulanamaz,mirror:COSE-VPLUS_EdDSA-ES384 (accept-classical)
JOSE-084,SYN-COSE-VPLUS_EdDSA-ES384,IZIN-AX,kontrol-ES384,kabul,uygulanamaz,bicim-desteklenmiyor,,uygulanamaz,mirror:COSE-VPLUS_EdDSA-ES384 (accept-classical)
JOSE-084,SYN-COSE-VPLUS_EdDSA-ES384,L4,kontrol-ES384,kabul,uygulanamaz,bicim-desteklenmiyor,,uygulanamaz,mirror:COSE-VPLUS_EdDSA-ES384 (accept-classical)
JOSE-084,SYN-COSE-VPLUS_EdDSA-ES384,L4-S,kontrol-ES384,kabul,uygulanamaz,bicim-desteklenmiyor,,uygulanamaz,mirror:COSE-VPLUS_EdDSA-ES384 (accept-classical)
JOSE-084,SYN-COSE-VPLUS_EdDSA-ES384,L4-Y,kontrol-ES384,kabul,uygulanamaz,bicim-desteklenmiyor,,uygulanamaz,mirror:COSE-VPLUS_EdDSA-ES384 (accept-classical)
JOSE-084,SYN-COSE-VPLUS_EdDSA-ES384,P0,kontrol-ES384,kabul,uygulanamaz,bicim-desteklenmiyor,,uygulanamaz,mirror:COSE-VPLUS_EdDSA-ES384 (accept-classical)
JOSE-084,SYN-D-VCX_ES384_kid,GEC,kontrol-ES384,kabul,uygulanamaz,bicim-desteklenmiyor,,uygulanamaz,derived:analogue VPLUS_EdDSA-ES384 (accept-classical)
JOSE-084,SYN-D-VCX_ES384_kid,IZIN-AX,kontrol-ES384,kabul,uygulanamaz,bicim-desteklenmiyor,,uygulanamaz,derived:analogue VPLUS_EdDSA-ES384 (accept-classical)
JOSE-084,SYN-D-VCX_ES384_kid,L4,kontrol-ES384,kabul,uygulanamaz,bicim-desteklenmiyor,,uygulanamaz,derived:analogue VPLUS_EdDSA-ES384 (accept-classical)
JOSE-084,SYN-D-VCX_ES384_kid,L4-S,kontrol-ES384,kabul,uygulanamaz,bicim-desteklenmiyor,,uygulanamaz,derived:analogue VPLUS_EdDSA-ES384 (accept-classical)
JOSE-084,SYN-D-VCX_ES384_kid,L4-Y,kontrol-ES384,kabul,uygulanamaz,bicim-desteklenmiyor,,uygulanamaz,derived:analogue VPLUS_EdDSA-ES384 (accept-classical)
JOSE-084,SYN-D-VCX_ES384_kid,P0,kontrol-ES384,kabul,uygulanamaz,bicim-desteklenmiyor,,uygulanamaz,derived:analogue VPLUS_EdDSA-ES384 (accept-classical)
JOSE-084,SYN-L4C-COSE_eski_ES256,GEC,kontrol-ES384,kabul,uygulanamaz,bicim-desteklenmiyor,,uygulanamaz,mirror:L4C-COSE_eski_ES256 (accept-classical)
JOSE-084,SYN-L4C-COSE_eski_ES256,IZIN-A,kontrol-ES384,kabul,uygulanamaz,bicim-desteklenmiyor,,uygulanamaz,mirror:L4C-COSE_eski_ES256 (accept-classical)
JOSE-084,SYN-L4C-COSE_eski_ES256,IZIN-AX,kontrol-ES384,kabul,uygulanamaz,bicim-desteklenmiyor,,uygulanamaz,mirror:L4C-COSE_eski_ES256 (accept-classical)
JOSE-084,SYN-L4C-COSE_eski_ES256,L4,kontrol-ES384,kabul,uygulanamaz,bicim-desteklenmiyor,,uygulanamaz,mirror:L4C-COSE_eski_ES256 (accept-classical)
JOSE-084,SYN-L4C-COSE_eski_ES256,L4-S,kontrol-ES384,kabul,uygulanamaz,bicim-desteklenmiyor,,uygulanamaz,mirror:L4C-COSE_eski_ES256 (accept-classical)
JOSE-084,SYN-L4C-COSE_eski_ES256,L4-Y,kontrol-ES384,kabul,uygulanamaz,bicim-desteklenmiyor,,uygulanamaz,mirror:L4C-COSE_eski_ES256 (accept-classical)
JOSE-084,SYN-L4C-JOSE_eski_ES256,GEC,kontrol-ES384,kabul,kabul,,,uyumlu,mirror:L4C-JOSE_eski_ES256 (accept-classical)
JOSE-084,SYN-L4C-JOSE_eski_ES256,IZIN-A,kontrol-ES384,kabul,kabul,,,uyumlu,mirror:L4C-JOSE_eski_ES256 (accept-classical)
JOSE-084,SYN-L4C-JOSE_eski_ES256,IZIN-AX,kontrol-ES384,kabul,kabul,,,uyumlu,mirror:L4C-JOSE_eski_ES256 (accept-classical)
JOSE-084,SYN-L4C-JOSE_eski_ES256,L4,kontrol-ES384,kabul,kabul,,,uyumlu,mirror:L4C-JOSE_eski_ES256 (accept-classical)
JOSE-084,SYN-L4C-JOSE_eski_ES256,L4-S,kontrol-ES384,kabul,kabul,,,uyumlu,mirror:L4C-JOSE_eski_ES256 (accept-classical)
JOSE-084,SYN-L4C-JOSE_eski_ES256,L4-Y,kontrol-ES384,kabul,kabul,,,uyumlu,mirror:L4C-JOSE_eski_ES256 (accept-classical)
JOSE-084,SYN-T1K_both_valid-ES384,L4,kontrol-ES384,kabul,uygulanamaz,bicim-desteklenmiyor,,uygulanamaz,mirror:T1K_both_valid-ES384 (accept-classical)
JOSE-084,SYN-T1K_both_valid-ES384,L4-S,kontrol-ES384,kabul,uygulanamaz,bicim-desteklenmiyor,,uygulanamaz,mirror:T1K_both_valid-ES384 (accept-classical)
JOSE-084,SYN-T1K_both_valid-ES384,L4-Y,kontrol-ES384,kabul,uygulanamaz,bicim-desteklenmiyor,,uygulanamaz,mirror:T1K_both_valid-ES384 (accept-classical)
JOSE-084,SYN-T1K_both_valid-ES384,P0,kontrol-ES384,kabul,uygulanamaz,bicim-desteklenmiyor,,uygulanamaz,mirror:T1K_both_valid-ES384 (accept-classical)
JOSE-084,SYN-T1K_both_valid-ES384,P1,kontrol-ES384,kabul,uygulanamaz,bicim-desteklenmiyor,,uygulanamaz,mirror:T1K_both_valid-ES384 (accept-classical)
JOSE-084,SYN-T1K_both_valid-SIRA-ters-ES384,L4,kontrol-ES384,kabul,uygulanamaz,bicim-desteklenmiyor,,uygulanamaz,mirror:T1K_both_valid-SIRA-ters-ES384 (accept-classical)
JOSE-084,SYN-T1K_both_valid-SIRA-ters-ES384,L4-S,kontrol-ES384,kabul,uygulanamaz,bicim-desteklenmiyor,,uygulanamaz,mirror:T1K_both_valid-SIRA-ters-ES384 (accept-classical)
JOSE-084,SYN-T1K_both_valid-SIRA-ters-ES384,L4-Y,kontrol-ES384,kabul,uygulanamaz,bicim-desteklenmiyor,,uygulanamaz,mirror:T1K_both_valid-SIRA-ters-ES384 (accept-classical)
JOSE-084,SYN-T1K_both_valid-SIRA-ters-ES384,P0,kontrol-ES384,kabul,uygulanamaz,bicim-desteklenmiyor,,uygulanamaz,mirror:T1K_both_valid-SIRA-ters-ES384 (accept-classical)
JOSE-084,SYN-T1K_both_valid-SIRA-ters-ES384,P1,kontrol-ES384,kabul,uygulanamaz,bicim-desteklenmiyor,,uygulanamaz,mirror:T1K_both_valid-SIRA-ters-ES384 (accept-classical)
JOSE-084,SYN-T5K_only_EdDSA-ES384,GEC,kontrol-ES384,kabul,uygulanamaz,bicim-desteklenmiyor,,uygulanamaz,mirror:T5K_only_EdDSA-ES384 (accept-classical)
JOSE-084,SYN-T5K_only_EdDSA-ES384,IZIN-AX,kontrol-ES384,kabul,uygulanamaz,bicim-desteklenmiyor,,uygulanamaz,mirror:T5K_only_EdDSA-ES384 (accept-classical)
JOSE-084,SYN-T5K_only_EdDSA-ES384,L4,kontrol-ES384,kabul,uygulanamaz,bicim-desteklenmiyor,,uygulanamaz,mirror:T5K_only_EdDSA-ES384 (accept-classical)
JOSE-084,SYN-T5K_only_EdDSA-ES384,L4-S,kontrol-ES384,kabul,uygulanamaz,bicim-desteklenmiyor,,uygulanamaz,mirror:T5K_only_EdDSA-ES384 (accept-classical)
JOSE-084,SYN-T5K_only_EdDSA-ES384,L4-Y,kontrol-ES384,kabul,uygulanamaz,bicim-desteklenmiyor,,uygulanamaz,mirror:T5K_only_EdDSA-ES384 (accept-classical)
JOSE-084,SYN-T5K_only_EdDSA-ES384,P0,kontrol-ES384,kabul,uygulanamaz,bicim-desteklenmiyor,,uygulanamaz,mirror:T5K_only_EdDSA-ES384 (accept-classical)
JOSE-084,SYN-T5K_only_EdDSA-ES384,P1,kontrol-ES384,kabul,uygulanamaz,bicim-desteklenmiyor,,uygulanamaz,mirror:T5K_only_EdDSA-ES384 (accept-classical)
JOSE-084,SYN-VC01_ES256_x5c,GEC,kontrol-ES384,kabul,uygulanamaz,bicim-desteklenmiyor,,uygulanamaz,mirror:VC01_ES256_x5c (accept-classical)
JOSE-084,SYN-VC01_ES256_x5c,IZIN-A,kontrol-ES384,kabul,uygulanamaz,bicim-desteklenmiyor,,uygulanamaz,mirror:VC01_ES256_x5c (accept-classical)
JOSE-084,SYN-VC01_ES256_x5c,IZIN-AX,kontrol-ES384,kabul,uygulanamaz,bicim-desteklenmiyor,,uygulanamaz,mirror:VC01_ES256_x5c (accept-classical)
JOSE-084,SYN-VC01_ES256_x5c,P0,kontrol-ES384,kabul,uygulanamaz,bicim-desteklenmiyor,,uygulanamaz,mirror:VC01_ES256_x5c (accept-classical)
JOSE-084,SYN-VC09_GJ_ES256_EdDSA-ES384,L4,kontrol-ES384,kabul,uygulanamaz,bicim-desteklenmiyor,,uygulanamaz,mirror:VC09_GJ_ES256_EdDSA-ES384 (accept-classical)
JOSE-084,SYN-VC09_GJ_ES256_EdDSA-ES384,L4-S,kontrol-ES384,kabul,uygulanamaz,bicim-desteklenmiyor,,uygulanamaz,mirror:VC09_GJ_ES256_EdDSA-ES384 (accept-classical)
JOSE-084,SYN-VC09_GJ_ES256_EdDSA-ES384,L4-Y,kontrol-ES384,kabul,uygulanamaz,bicim-desteklenmiyor,,uygulanamaz,mirror:VC09_GJ_ES256_EdDSA-ES384 (accept-classical)
JOSE-084,SYN-VC09_GJ_ES256_EdDSA-ES384,P0,kontrol-ES384,kabul,uygulanamaz,bicim-desteklenmiyor,,uygulanamaz,mirror:VC09_GJ_ES256_EdDSA-ES384 (accept-classical)
JOSE-084,SYN-VC09_GJ_ES256_EdDSA-ES384,P1,kontrol-ES384,kabul,uygulanamaz,bicim-desteklenmiyor,,uygulanamaz,mirror:VC09_GJ_ES256_EdDSA-ES384 (accept-classical)
JOSE-084,SYN-VC09_GJ_ES256_EdDSA-SIRA-ters-ES384,L4,kontrol-ES384,kabul,uygulanamaz,bicim-desteklenmiyor,,uygulanamaz,mirror:VC09_GJ_ES256_EdDSA-SIRA-ters-ES384 (accept-classical)
JOSE-084,SYN-VC09_GJ_ES256_EdDSA-SIRA-ters-ES384,L4-S,kontrol-ES384,kabul,uygulanamaz,bicim-desteklenmiyor,,uygulanamaz,mirror:VC09_GJ_ES256_EdDSA-SIRA-ters-ES384 (accept-classical)
JOSE-084,SYN-VC09_GJ_ES256_EdDSA-SIRA-ters-ES384,L4-Y,kontrol-ES384,kabul,uygulanamaz,bicim-desteklenmiyor,,uygulanamaz,mirror:VC09_GJ_ES256_EdDSA-SIRA-ters-ES384 (accept-classical)
JOSE-084,SYN-VC09_GJ_ES256_EdDSA-SIRA-ters-ES384,P0,kontrol-ES384,kabul,uygulanamaz,bicim-desteklenmiyor,,uygulanamaz,mirror:VC09_GJ_ES256_EdDSA-SIRA-ters-ES384 (accept-classical)
JOSE-084,SYN-VC09_GJ_ES256_EdDSA-SIRA-ters-ES384,P1,kontrol-ES384,kabul,uygulanamaz,bicim-desteklenmiyor,,uygulanamaz,mirror:VC09_GJ_ES256_EdDSA-SIRA-ters-ES384 (accept-classical)
JOSE-084,SYN-VPLUS_ES256,GEC,kontrol-ES384,kabul,kabul,,,uyumlu,mirror:VPLUS_ES256 (accept-classical)
JOSE-084,SYN-VPLUS_ES256,IZIN-A,kontrol-ES384,kabul,kabul,,,uyumlu,mirror:VPLUS_ES256 (accept-classical)
JOSE-084,SYN-VPLUS_ES256,IZIN-AX,kontrol-ES384,kabul,kabul,,,uyumlu,mirror:VPLUS_ES256 (accept-classical)
JOSE-084,SYN-VPLUS_ES256,P0,kontrol-ES384,kabul,kabul,,,uyumlu,mirror:VPLUS_ES256 (accept-classical)
JOSE-084,SYN-VPLUS_EdDSA-ES384,GEC,kontrol-ES384,kabul,kabul,,,uyumlu,mirror:VPLUS_EdDSA-ES384 (accept-classical)
JOSE-084,SYN-VPLUS_EdDSA-ES384,IZIN-AX,kontrol-ES384,kabul,kabul,,,uyumlu,mirror:VPLUS_EdDSA-ES384 (accept-classical)
JOSE-084,SYN-VPLUS_EdDSA-ES384,L4,kontrol-ES384,kabul,kabul,,,uyumlu,mirror:VPLUS_EdDSA-ES384 (accept-classical)
JOSE-084,SYN-VPLUS_EdDSA-ES384,L4-S,kontrol-ES384,kabul,kabul,,,uyumlu,mirror:VPLUS_EdDSA-ES384 (accept-classical)
JOSE-084,SYN-VPLUS_EdDSA-ES384,L4-Y,kontrol-ES384,kabul,kabul,,,uyumlu,mirror:VPLUS_EdDSA-ES384 (accept-classical)
JOSE-084,SYN-VPLUS_EdDSA-ES384,P0,kontrol-ES384,kabul,kabul,,,uyumlu,mirror:VPLUS_EdDSA-ES384 (accept-classical)
JOSE-087,SYN-COSE-K1K_iki_gecerli-ES384,L4,kontrol-ES384,kabul,uygulanamaz,bicim-desteklenmiyor,B6: MAPPING.md (API incelemesi),uygulanamaz,mirror:COSE-K1K_iki_gecerli-ES384 (accept-classical)
JOSE-087,SYN-COSE-K1K_iki_gecerli-ES384,L4-S,kontrol-ES384,kabul,uygulanamaz,bicim-desteklenmiyor,B6: MAPPING.md (API incelemesi),uygulanamaz,mirror:COSE-K1K_iki_gecerli-ES384 (accept-classical)
JOSE-087,SYN-COSE-K1K_iki_gecerli-ES384,L4-Y,kontrol-ES384,kabul,uygulanamaz,bicim-desteklenmiyor,B6: MAPPING.md (API incelemesi),uygulanamaz,mirror:COSE-K1K_iki_gecerli-ES384 (accept-classical)
JOSE-087,SYN-COSE-K1K_iki_gecerli-ES384,P0,kontrol-ES384,kabul,uygulanamaz,bicim-desteklenmiyor,B6: MAPPING.md (API incelemesi),uygulanamaz,mirror:COSE-K1K_iki_gecerli-ES384 (accept-classical)
JOSE-087,SYN-COSE-K1K_iki_gecerli-ES384,P1,kontrol-ES384,kabul,uygulanamaz,bicim-desteklenmiyor,B6: MAPPING.md (API incelemesi),uygulanamaz,mirror:COSE-K1K_iki_gecerli-ES384 (accept-classical)
JOSE-087,SYN-COSE-K1K_iki_gecerli-SIRA-ters-ES384,L4,kontrol-ES384,kabul,uygulanamaz,bicim-desteklenmiyor,B6: MAPPING.md (API incelemesi),uygulanamaz,mirror:COSE-K1K_iki_gecerli-SIRA-ters-ES384 (accept-classical)
JOSE-087,SYN-COSE-K1K_iki_gecerli-SIRA-ters-ES384,L4-S,kontrol-ES384,kabul,uygulanamaz,bicim-desteklenmiyor,B6: MAPPING.md (API incelemesi),uygulanamaz,mirror:COSE-K1K_iki_gecerli-SIRA-ters-ES384 (accept-classical)
JOSE-087,SYN-COSE-K1K_iki_gecerli-SIRA-ters-ES384,L4-Y,kontrol-ES384,kabul,uygulanamaz,bicim-desteklenmiyor,B6: MAPPING.md (API incelemesi),uygulanamaz,mirror:COSE-K1K_iki_gecerli-SIRA-ters-ES384 (accept-classical)
JOSE-087,SYN-COSE-K1K_iki_gecerli-SIRA-ters-ES384,P0,kontrol-ES384,kabul,uygulanamaz,bicim-desteklenmiyor,B6: MAPPING.md (API incelemesi),uygulanamaz,mirror:COSE-K1K_iki_gecerli-SIRA-ters-ES384 (accept-classical)
JOSE-087,SYN-COSE-K1K_iki_gecerli-SIRA-ters-ES384,P1,kontrol-ES384,kabul,uygulanamaz,bicim-desteklenmiyor,B6: MAPPING.md (API incelemesi),uygulanamaz,mirror:COSE-K1K_iki_gecerli-SIRA-ters-ES384 (accept-classical)
JOSE-087,SYN-COSE-K4K_yalniz_X-ES384,GEC,kontrol-ES384,kabul,uygulanamaz,bicim-desteklenmiyor,B6: MAPPING.md (API incelemesi),uygulanamaz,mirror:COSE-K4K_yalniz_X-ES384 (accept-classical)
JOSE-087,SYN-COSE-K4K_yalniz_X-ES384,IZIN-AX,kontrol-ES384,kabul,uygulanamaz,bicim-desteklenmiyor,B6: MAPPING.md (API incelemesi),uygulanamaz,mirror:COSE-K4K_yalniz_X-ES384 (accept-classical)
JOSE-087,SYN-COSE-K4K_yalniz_X-ES384,L4,kontrol-ES384,kabul,uygulanamaz,bicim-desteklenmiyor,B6: MAPPING.md (API incelemesi),uygulanamaz,mirror:COSE-K4K_yalniz_X-ES384 (accept-classical)
JOSE-087,SYN-COSE-K4K_yalniz_X-ES384,L4-S,kontrol-ES384,kabul,uygulanamaz,bicim-desteklenmiyor,B6: MAPPING.md (API incelemesi),uygulanamaz,mirror:COSE-K4K_yalniz_X-ES384 (accept-classical)
JOSE-087,SYN-COSE-K4K_yalniz_X-ES384,L4-Y,kontrol-ES384,kabul,uygulanamaz,bicim-desteklenmiyor,B6: MAPPING.md (API incelemesi),uygulanamaz,mirror:COSE-K4K_yalniz_X-ES384 (accept-classical)
JOSE-087,SYN-COSE-K4K_yalniz_X-ES384,P0,kontrol-ES384,kabul,uygulanamaz,bicim-desteklenmiyor,B6: MAPPING.md (API incelemesi),uygulanamaz,mirror:COSE-K4K_yalniz_X-ES384 (accept-classical)
JOSE-087,SYN-COSE-K4K_yalniz_X-ES384,P1,kontrol-ES384,kabul,uygulanamaz,bicim-desteklenmiyor,B6: MAPPING.md (API incelemesi),uygulanamaz,mirror:COSE-K4K_yalniz_X-ES384 (accept-classical)
JOSE-087,SYN-COSE-VPLUS_ES256,GEC,kontrol-ES384,kabul,uygulanamaz,bicim-desteklenmiyor,B6: MAPPING.md (API incelemesi),uygulanamaz,mirror:COSE-VPLUS_ES256 (accept-classical)
JOSE-087,SYN-COSE-VPLUS_ES256,IZIN-A,kontrol-ES384,kabul,uygulanamaz,bicim-desteklenmiyor,B6: MAPPING.md (API incelemesi),uygulanamaz,mirror:COSE-VPLUS_ES256 (accept-classical)
JOSE-087,SYN-COSE-VPLUS_ES256,IZIN-AX,kontrol-ES384,kabul,uygulanamaz,bicim-desteklenmiyor,B6: MAPPING.md (API incelemesi),uygulanamaz,mirror:COSE-VPLUS_ES256 (accept-classical)
JOSE-087,SYN-COSE-VPLUS_ES256,P0,kontrol-ES384,kabul,uygulanamaz,bicim-desteklenmiyor,B6: MAPPING.md (API incelemesi),uygulanamaz,mirror:COSE-VPLUS_ES256 (accept-classical)
JOSE-087,SYN-COSE-VPLUS_EdDSA-ES384,GEC,kontrol-ES384,kabul,uygulanamaz,bicim-desteklenmiyor,B6: MAPPING.md (API incelemesi),uygulanamaz,mirror:COSE-VPLUS_EdDSA-ES384 (accept-classical)
JOSE-087,SYN-COSE-VPLUS_EdDSA-ES384,IZIN-AX,kontrol-ES384,kabul,uygulanamaz,bicim-desteklenmiyor,B6: MAPPING.md (API incelemesi),uygulanamaz,mirror:COSE-VPLUS_EdDSA-ES384 (accept-classical)
JOSE-087,SYN-COSE-VPLUS_EdDSA-ES384,L4,kontrol-ES384,kabul,uygulanamaz,bicim-desteklenmiyor,B6: MAPPING.md (API incelemesi),uygulanamaz,mirror:COSE-VPLUS_EdDSA-ES384 (accept-classical)
JOSE-087,SYN-COSE-VPLUS_EdDSA-ES384,L4-S,kontrol-ES384,kabul,uygulanamaz,bicim-desteklenmiyor,B6: MAPPING.md (API incelemesi),uygulanamaz,mirror:COSE-VPLUS_EdDSA-ES384 (accept-classical)
JOSE-087,SYN-COSE-VPLUS_EdDSA-ES384,L4-Y,kontrol-ES384,kabul,uygulanamaz,bicim-desteklenmiyor,B6: MAPPING.md (API incelemesi),uygulanamaz,mirror:COSE-VPLUS_EdDSA-ES384 (accept-classical)
JOSE-087,SYN-COSE-VPLUS_EdDSA-ES384,P0,kontrol-ES384,kabul,uygulanamaz,bicim-desteklenmiyor,B6: MAPPING.md (API incelemesi),uygulanamaz,mirror:COSE-VPLUS_EdDSA-ES384 (accept-classical)
JOSE-087,SYN-D-VCX_ES384_kid,GEC,kontrol-ES384,kabul,uygulanamaz,bicim-desteklenmiyor,B6: MAPPING.md (API incelemesi),uygulanamaz,derived:analogue VPLUS_EdDSA-ES384 (accept-classical)
JOSE-087,SYN-D-VCX_ES384_kid,IZIN-AX,kontrol-ES384,kabul,uygulanamaz,bicim-desteklenmiyor,B6: MAPPING.md (API incelemesi),uygulanamaz,derived:analogue VPLUS_EdDSA-ES384 (accept-classical)
JOSE-087,SYN-D-VCX_ES384_kid,L4,kontrol-ES384,kabul,uygulanamaz,bicim-desteklenmiyor,B6: MAPPING.md (API incelemesi),uygulanamaz,derived:analogue VPLUS_EdDSA-ES384 (accept-classical)
JOSE-087,SYN-D-VCX_ES384_kid,L4-S,kontrol-ES384,kabul,uygulanamaz,bicim-desteklenmiyor,B6: MAPPING.md (API incelemesi),uygulanamaz,derived:analogue VPLUS_EdDSA-ES384 (accept-classical)
JOSE-087,SYN-D-VCX_ES384_kid,L4-Y,kontrol-ES384,kabul,uygulanamaz,bicim-desteklenmiyor,B6: MAPPING.md (API incelemesi),uygulanamaz,derived:analogue VPLUS_EdDSA-ES384 (accept-classical)
JOSE-087,SYN-D-VCX_ES384_kid,P0,kontrol-ES384,kabul,uygulanamaz,bicim-desteklenmiyor,B6: MAPPING.md (API incelemesi),uygulanamaz,derived:analogue VPLUS_EdDSA-ES384 (accept-classical)
JOSE-087,SYN-L4C-COSE_eski_ES256,GEC,kontrol-ES384,kabul,uygulanamaz,bicim-desteklenmiyor,B6: MAPPING.md (API incelemesi),uygulanamaz,mirror:L4C-COSE_eski_ES256 (accept-classical)
JOSE-087,SYN-L4C-COSE_eski_ES256,IZIN-A,kontrol-ES384,kabul,uygulanamaz,bicim-desteklenmiyor,B6: MAPPING.md (API incelemesi),uygulanamaz,mirror:L4C-COSE_eski_ES256 (accept-classical)
JOSE-087,SYN-L4C-COSE_eski_ES256,IZIN-AX,kontrol-ES384,kabul,uygulanamaz,bicim-desteklenmiyor,B6: MAPPING.md (API incelemesi),uygulanamaz,mirror:L4C-COSE_eski_ES256 (accept-classical)
JOSE-087,SYN-L4C-COSE_eski_ES256,L4,kontrol-ES384,kabul,uygulanamaz,bicim-desteklenmiyor,B6: MAPPING.md (API incelemesi),uygulanamaz,mirror:L4C-COSE_eski_ES256 (accept-classical)
JOSE-087,SYN-L4C-COSE_eski_ES256,L4-S,kontrol-ES384,kabul,uygulanamaz,bicim-desteklenmiyor,B6: MAPPING.md (API incelemesi),uygulanamaz,mirror:L4C-COSE_eski_ES256 (accept-classical)
JOSE-087,SYN-L4C-COSE_eski_ES256,L4-Y,kontrol-ES384,kabul,uygulanamaz,bicim-desteklenmiyor,B6: MAPPING.md (API incelemesi),uygulanamaz,mirror:L4C-COSE_eski_ES256 (accept-classical)
JOSE-087,SYN-L4C-JOSE_eski_ES256,GEC,kontrol-ES384,kabul,kabul,,,uyumlu,mirror:L4C-JOSE_eski_ES256 (accept-classical)
JOSE-087,SYN-L4C-JOSE_eski_ES256,IZIN-A,kontrol-ES384,kabul,kabul,,,uyumlu,mirror:L4C-JOSE_eski_ES256 (accept-classical)
JOSE-087,SYN-L4C-JOSE_eski_ES256,IZIN-AX,kontrol-ES384,kabul,kabul,,,uyumlu,mirror:L4C-JOSE_eski_ES256 (accept-classical)
JOSE-087,SYN-L4C-JOSE_eski_ES256,L4,kontrol-ES384,kabul,kabul,,,uyumlu,mirror:L4C-JOSE_eski_ES256 (accept-classical)
JOSE-087,SYN-L4C-JOSE_eski_ES256,L4-S,kontrol-ES384,kabul,kabul,,,uyumlu,mirror:L4C-JOSE_eski_ES256 (accept-classical)
JOSE-087,SYN-L4C-JOSE_eski_ES256,L4-Y,kontrol-ES384,kabul,kabul,,,uyumlu,mirror:L4C-JOSE_eski_ES256 (accept-classical)
JOSE-087,SYN-T1K_both_valid-ES384,L4,kontrol-ES384,kabul,uygulanamaz,bicim-desteklenmiyor,B6: MAPPING.md (API incelemesi),uygulanamaz,mirror:T1K_both_valid-ES384 (accept-classical)
JOSE-087,SYN-T1K_both_valid-ES384,L4-S,kontrol-ES384,kabul,uygulanamaz,bicim-desteklenmiyor,B6: MAPPING.md (API incelemesi),uygulanamaz,mirror:T1K_both_valid-ES384 (accept-classical)
JOSE-087,SYN-T1K_both_valid-ES384,L4-Y,kontrol-ES384,kabul,uygulanamaz,bicim-desteklenmiyor,B6: MAPPING.md (API incelemesi),uygulanamaz,mirror:T1K_both_valid-ES384 (accept-classical)
JOSE-087,SYN-T1K_both_valid-ES384,P0,kontrol-ES384,kabul,uygulanamaz,bicim-desteklenmiyor,B6: MAPPING.md (API incelemesi),uygulanamaz,mirror:T1K_both_valid-ES384 (accept-classical)
JOSE-087,SYN-T1K_both_valid-ES384,P1,kontrol-ES384,kabul,uygulanamaz,bicim-desteklenmiyor,B6: MAPPING.md (API incelemesi),uygulanamaz,mirror:T1K_both_valid-ES384 (accept-classical)
JOSE-087,SYN-T1K_both_valid-SIRA-ters-ES384,L4,kontrol-ES384,kabul,uygulanamaz,bicim-desteklenmiyor,B6: MAPPING.md (API incelemesi),uygulanamaz,mirror:T1K_both_valid-SIRA-ters-ES384 (accept-classical)
JOSE-087,SYN-T1K_both_valid-SIRA-ters-ES384,L4-S,kontrol-ES384,kabul,uygulanamaz,bicim-desteklenmiyor,B6: MAPPING.md (API incelemesi),uygulanamaz,mirror:T1K_both_valid-SIRA-ters-ES384 (accept-classical)
JOSE-087,SYN-T1K_both_valid-SIRA-ters-ES384,L4-Y,kontrol-ES384,kabul,uygulanamaz,bicim-desteklenmiyor,B6: MAPPING.md (API incelemesi),uygulanamaz,mirror:T1K_both_valid-SIRA-ters-ES384 (accept-classical)
JOSE-087,SYN-T1K_both_valid-SIRA-ters-ES384,P0,kontrol-ES384,kabul,uygulanamaz,bicim-desteklenmiyor,B6: MAPPING.md (API incelemesi),uygulanamaz,mirror:T1K_both_valid-SIRA-ters-ES384 (accept-classical)
JOSE-087,SYN-T1K_both_valid-SIRA-ters-ES384,P1,kontrol-ES384,kabul,uygulanamaz,bicim-desteklenmiyor,B6: MAPPING.md (API incelemesi),uygulanamaz,mirror:T1K_both_valid-SIRA-ters-ES384 (accept-classical)
JOSE-087,SYN-T5K_only_EdDSA-ES384,GEC,kontrol-ES384,kabul,uygulanamaz,bicim-desteklenmiyor,B6: MAPPING.md (API incelemesi),uygulanamaz,mirror:T5K_only_EdDSA-ES384 (accept-classical)
JOSE-087,SYN-T5K_only_EdDSA-ES384,IZIN-AX,kontrol-ES384,kabul,uygulanamaz,bicim-desteklenmiyor,B6: MAPPING.md (API incelemesi),uygulanamaz,mirror:T5K_only_EdDSA-ES384 (accept-classical)
JOSE-087,SYN-T5K_only_EdDSA-ES384,L4,kontrol-ES384,kabul,uygulanamaz,bicim-desteklenmiyor,B6: MAPPING.md (API incelemesi),uygulanamaz,mirror:T5K_only_EdDSA-ES384 (accept-classical)
JOSE-087,SYN-T5K_only_EdDSA-ES384,L4-S,kontrol-ES384,kabul,uygulanamaz,bicim-desteklenmiyor,B6: MAPPING.md (API incelemesi),uygulanamaz,mirror:T5K_only_EdDSA-ES384 (accept-classical)
JOSE-087,SYN-T5K_only_EdDSA-ES384,L4-Y,kontrol-ES384,kabul,uygulanamaz,bicim-desteklenmiyor,B6: MAPPING.md (API incelemesi),uygulanamaz,mirror:T5K_only_EdDSA-ES384 (accept-classical)
JOSE-087,SYN-T5K_only_EdDSA-ES384,P0,kontrol-ES384,kabul,uygulanamaz,bicim-desteklenmiyor,B6: MAPPING.md (API incelemesi),uygulanamaz,mirror:T5K_only_EdDSA-ES384 (accept-classical)
JOSE-087,SYN-T5K_only_EdDSA-ES384,P1,kontrol-ES384,kabul,uygulanamaz,bicim-desteklenmiyor,B6: MAPPING.md (API incelemesi),uygulanamaz,mirror:T5K_only_EdDSA-ES384 (accept-classical)
JOSE-087,SYN-VC01_ES256_x5c,GEC,kontrol-ES384,kabul,uygulanamaz,bicim-desteklenmiyor,B6: MAPPING.md (API incelemesi),uygulanamaz,mirror:VC01_ES256_x5c (accept-classical)
JOSE-087,SYN-VC01_ES256_x5c,IZIN-A,kontrol-ES384,kabul,uygulanamaz,bicim-desteklenmiyor,B6: MAPPING.md (API incelemesi),uygulanamaz,mirror:VC01_ES256_x5c (accept-classical)
JOSE-087,SYN-VC01_ES256_x5c,IZIN-AX,kontrol-ES384,kabul,uygulanamaz,bicim-desteklenmiyor,B6: MAPPING.md (API incelemesi),uygulanamaz,mirror:VC01_ES256_x5c (accept-classical)
JOSE-087,SYN-VC01_ES256_x5c,P0,kontrol-ES384,kabul,uygulanamaz,bicim-desteklenmiyor,B6: MAPPING.md (API incelemesi),uygulanamaz,mirror:VC01_ES256_x5c (accept-classical)
JOSE-087,SYN-VC09_GJ_ES256_EdDSA-ES384,L4,kontrol-ES384,kabul,uygulanamaz,bicim-desteklenmiyor,B6: MAPPING.md (API incelemesi),uygulanamaz,mirror:VC09_GJ_ES256_EdDSA-ES384 (accept-classical)
JOSE-087,SYN-VC09_GJ_ES256_EdDSA-ES384,L4-S,kontrol-ES384,kabul,uygulanamaz,bicim-desteklenmiyor,B6: MAPPING.md (API incelemesi),uygulanamaz,mirror:VC09_GJ_ES256_EdDSA-ES384 (accept-classical)
JOSE-087,SYN-VC09_GJ_ES256_EdDSA-ES384,L4-Y,kontrol-ES384,kabul,uygulanamaz,bicim-desteklenmiyor,B6: MAPPING.md (API incelemesi),uygulanamaz,mirror:VC09_GJ_ES256_EdDSA-ES384 (accept-classical)
JOSE-087,SYN-VC09_GJ_ES256_EdDSA-ES384,P0,kontrol-ES384,kabul,uygulanamaz,bicim-desteklenmiyor,B6: MAPPING.md (API incelemesi),uygulanamaz,mirror:VC09_GJ_ES256_EdDSA-ES384 (accept-classical)
JOSE-087,SYN-VC09_GJ_ES256_EdDSA-ES384,P1,kontrol-ES384,kabul,uygulanamaz,bicim-desteklenmiyor,B6: MAPPING.md (API incelemesi),uygulanamaz,mirror:VC09_GJ_ES256_EdDSA-ES384 (accept-classical)
JOSE-087,SYN-VC09_GJ_ES256_EdDSA-SIRA-ters-ES384,L4,kontrol-ES384,kabul,uygulanamaz,bicim-desteklenmiyor,B6: MAPPING.md (API incelemesi),uygulanamaz,mirror:VC09_GJ_ES256_EdDSA-SIRA-ters-ES384 (accept-classical)
JOSE-087,SYN-VC09_GJ_ES256_EdDSA-SIRA-ters-ES384,L4-S,kontrol-ES384,kabul,uygulanamaz,bicim-desteklenmiyor,B6: MAPPING.md (API incelemesi),uygulanamaz,mirror:VC09_GJ_ES256_EdDSA-SIRA-ters-ES384 (accept-classical)
JOSE-087,SYN-VC09_GJ_ES256_EdDSA-SIRA-ters-ES384,L4-Y,kontrol-ES384,kabul,uygulanamaz,bicim-desteklenmiyor,B6: MAPPING.md (API incelemesi),uygulanamaz,mirror:VC09_GJ_ES256_EdDSA-SIRA-ters-ES384 (accept-classical)
JOSE-087,SYN-VC09_GJ_ES256_EdDSA-SIRA-ters-ES384,P0,kontrol-ES384,kabul,uygulanamaz,bicim-desteklenmiyor,B6: MAPPING.md (API incelemesi),uygulanamaz,mirror:VC09_GJ_ES256_EdDSA-SIRA-ters-ES384 (accept-classical)
JOSE-087,SYN-VC09_GJ_ES256_EdDSA-SIRA-ters-ES384,P1,kontrol-ES384,kabul,uygulanamaz,bicim-desteklenmiyor,B6: MAPPING.md (API incelemesi),uygulanamaz,mirror:VC09_GJ_ES256_EdDSA-SIRA-ters-ES384 (accept-classical)
JOSE-087,SYN-VPLUS_ES256,GEC,kontrol-ES384,kabul,kabul,,,uyumlu,mirror:VPLUS_ES256 (accept-classical)
JOSE-087,SYN-VPLUS_ES256,IZIN-A,kontrol-ES384,kabul,kabul,,,uyumlu,mirror:VPLUS_ES256 (accept-classical)
JOSE-087,SYN-VPLUS_ES256,IZIN-AX,kontrol-ES384,kabul,kabul,,,uyumlu,mirror:VPLUS_ES256 (accept-classical)
JOSE-087,SYN-VPLUS_ES256,P0,kontrol-ES384,kabul,kabul,,,uyumlu,mirror:VPLUS_ES256 (accept-classical)
JOSE-087,SYN-VPLUS_EdDSA-ES384,GEC,kontrol-ES384,kabul,kabul,,,uyumlu,mirror:VPLUS_EdDSA-ES384 (accept-classical)
JOSE-087,SYN-VPLUS_EdDSA-ES384,IZIN-AX,kontrol-ES384,kabul,kabul,,,uyumlu,mirror:VPLUS_EdDSA-ES384 (accept-classical)
JOSE-087,SYN-VPLUS_EdDSA-ES384,L4,kontrol-ES384,kabul,kabul,,,uyumlu,mirror:VPLUS_EdDSA-ES384 (accept-classical)
JOSE-087,SYN-VPLUS_EdDSA-ES384,L4-S,kontrol-ES384,kabul,kabul,,,uyumlu,mirror:VPLUS_EdDSA-ES384 (accept-classical)
JOSE-087,SYN-VPLUS_EdDSA-ES384,L4-Y,kontrol-ES384,kabul,kabul,,,uyumlu,mirror:VPLUS_EdDSA-ES384 (accept-classical)
JOSE-087,SYN-VPLUS_EdDSA-ES384,P0,kontrol-ES384,kabul,kabul,,,uyumlu,mirror:VPLUS_EdDSA-ES384 (accept-classical)
JOSE-089,SYN-COSE-K1K_iki_gecerli-ES384,L4,kontrol-ES384,kabul,uygulanamaz,bicim-desteklenmiyor,B6: MAPPING.md (API incelemesi),uygulanamaz,mirror:COSE-K1K_iki_gecerli-ES384 (accept-classical)
JOSE-089,SYN-COSE-K1K_iki_gecerli-ES384,L4-S,kontrol-ES384,kabul,uygulanamaz,bicim-desteklenmiyor,B6: MAPPING.md (API incelemesi),uygulanamaz,mirror:COSE-K1K_iki_gecerli-ES384 (accept-classical)
JOSE-089,SYN-COSE-K1K_iki_gecerli-ES384,L4-Y,kontrol-ES384,kabul,uygulanamaz,bicim-desteklenmiyor,B6: MAPPING.md (API incelemesi),uygulanamaz,mirror:COSE-K1K_iki_gecerli-ES384 (accept-classical)
JOSE-089,SYN-COSE-K1K_iki_gecerli-ES384,P0,kontrol-ES384,kabul,uygulanamaz,bicim-desteklenmiyor,B6: MAPPING.md (API incelemesi),uygulanamaz,mirror:COSE-K1K_iki_gecerli-ES384 (accept-classical)
JOSE-089,SYN-COSE-K1K_iki_gecerli-ES384,P1,kontrol-ES384,kabul,uygulanamaz,bicim-desteklenmiyor,B6: MAPPING.md (API incelemesi),uygulanamaz,mirror:COSE-K1K_iki_gecerli-ES384 (accept-classical)
JOSE-089,SYN-COSE-K1K_iki_gecerli-SIRA-ters-ES384,L4,kontrol-ES384,kabul,uygulanamaz,bicim-desteklenmiyor,B6: MAPPING.md (API incelemesi),uygulanamaz,mirror:COSE-K1K_iki_gecerli-SIRA-ters-ES384 (accept-classical)
JOSE-089,SYN-COSE-K1K_iki_gecerli-SIRA-ters-ES384,L4-S,kontrol-ES384,kabul,uygulanamaz,bicim-desteklenmiyor,B6: MAPPING.md (API incelemesi),uygulanamaz,mirror:COSE-K1K_iki_gecerli-SIRA-ters-ES384 (accept-classical)
JOSE-089,SYN-COSE-K1K_iki_gecerli-SIRA-ters-ES384,L4-Y,kontrol-ES384,kabul,uygulanamaz,bicim-desteklenmiyor,B6: MAPPING.md (API incelemesi),uygulanamaz,mirror:COSE-K1K_iki_gecerli-SIRA-ters-ES384 (accept-classical)
JOSE-089,SYN-COSE-K1K_iki_gecerli-SIRA-ters-ES384,P0,kontrol-ES384,kabul,uygulanamaz,bicim-desteklenmiyor,B6: MAPPING.md (API incelemesi),uygulanamaz,mirror:COSE-K1K_iki_gecerli-SIRA-ters-ES384 (accept-classical)
JOSE-089,SYN-COSE-K1K_iki_gecerli-SIRA-ters-ES384,P1,kontrol-ES384,kabul,uygulanamaz,bicim-desteklenmiyor,B6: MAPPING.md (API incelemesi),uygulanamaz,mirror:COSE-K1K_iki_gecerli-SIRA-ters-ES384 (accept-classical)
JOSE-089,SYN-COSE-K4K_yalniz_X-ES384,GEC,kontrol-ES384,kabul,uygulanamaz,bicim-desteklenmiyor,B6: MAPPING.md (API incelemesi),uygulanamaz,mirror:COSE-K4K_yalniz_X-ES384 (accept-classical)
JOSE-089,SYN-COSE-K4K_yalniz_X-ES384,IZIN-AX,kontrol-ES384,kabul,uygulanamaz,bicim-desteklenmiyor,B6: MAPPING.md (API incelemesi),uygulanamaz,mirror:COSE-K4K_yalniz_X-ES384 (accept-classical)
JOSE-089,SYN-COSE-K4K_yalniz_X-ES384,L4,kontrol-ES384,kabul,uygulanamaz,bicim-desteklenmiyor,B6: MAPPING.md (API incelemesi),uygulanamaz,mirror:COSE-K4K_yalniz_X-ES384 (accept-classical)
JOSE-089,SYN-COSE-K4K_yalniz_X-ES384,L4-S,kontrol-ES384,kabul,uygulanamaz,bicim-desteklenmiyor,B6: MAPPING.md (API incelemesi),uygulanamaz,mirror:COSE-K4K_yalniz_X-ES384 (accept-classical)
JOSE-089,SYN-COSE-K4K_yalniz_X-ES384,L4-Y,kontrol-ES384,kabul,uygulanamaz,bicim-desteklenmiyor,B6: MAPPING.md (API incelemesi),uygulanamaz,mirror:COSE-K4K_yalniz_X-ES384 (accept-classical)
JOSE-089,SYN-COSE-K4K_yalniz_X-ES384,P0,kontrol-ES384,kabul,uygulanamaz,bicim-desteklenmiyor,B6: MAPPING.md (API incelemesi),uygulanamaz,mirror:COSE-K4K_yalniz_X-ES384 (accept-classical)
JOSE-089,SYN-COSE-K4K_yalniz_X-ES384,P1,kontrol-ES384,kabul,uygulanamaz,bicim-desteklenmiyor,B6: MAPPING.md (API incelemesi),uygulanamaz,mirror:COSE-K4K_yalniz_X-ES384 (accept-classical)
JOSE-089,SYN-COSE-VPLUS_ES256,GEC,kontrol-ES384,kabul,uygulanamaz,bicim-desteklenmiyor,B6: MAPPING.md (API incelemesi),uygulanamaz,mirror:COSE-VPLUS_ES256 (accept-classical)
JOSE-089,SYN-COSE-VPLUS_ES256,IZIN-A,kontrol-ES384,kabul,uygulanamaz,bicim-desteklenmiyor,B6: MAPPING.md (API incelemesi),uygulanamaz,mirror:COSE-VPLUS_ES256 (accept-classical)
JOSE-089,SYN-COSE-VPLUS_ES256,IZIN-AX,kontrol-ES384,kabul,uygulanamaz,bicim-desteklenmiyor,B6: MAPPING.md (API incelemesi),uygulanamaz,mirror:COSE-VPLUS_ES256 (accept-classical)
JOSE-089,SYN-COSE-VPLUS_ES256,P0,kontrol-ES384,kabul,uygulanamaz,bicim-desteklenmiyor,B6: MAPPING.md (API incelemesi),uygulanamaz,mirror:COSE-VPLUS_ES256 (accept-classical)
JOSE-089,SYN-COSE-VPLUS_EdDSA-ES384,GEC,kontrol-ES384,kabul,uygulanamaz,bicim-desteklenmiyor,B6: MAPPING.md (API incelemesi),uygulanamaz,mirror:COSE-VPLUS_EdDSA-ES384 (accept-classical)
JOSE-089,SYN-COSE-VPLUS_EdDSA-ES384,IZIN-AX,kontrol-ES384,kabul,uygulanamaz,bicim-desteklenmiyor,B6: MAPPING.md (API incelemesi),uygulanamaz,mirror:COSE-VPLUS_EdDSA-ES384 (accept-classical)
JOSE-089,SYN-COSE-VPLUS_EdDSA-ES384,L4,kontrol-ES384,kabul,uygulanamaz,bicim-desteklenmiyor,B6: MAPPING.md (API incelemesi),uygulanamaz,mirror:COSE-VPLUS_EdDSA-ES384 (accept-classical)
JOSE-089,SYN-COSE-VPLUS_EdDSA-ES384,L4-S,kontrol-ES384,kabul,uygulanamaz,bicim-desteklenmiyor,B6: MAPPING.md (API incelemesi),uygulanamaz,mirror:COSE-VPLUS_EdDSA-ES384 (accept-classical)
JOSE-089,SYN-COSE-VPLUS_EdDSA-ES384,L4-Y,kontrol-ES384,kabul,uygulanamaz,bicim-desteklenmiyor,B6: MAPPING.md (API incelemesi),uygulanamaz,mirror:COSE-VPLUS_EdDSA-ES384 (accept-classical)
JOSE-089,SYN-COSE-VPLUS_EdDSA-ES384,P0,kontrol-ES384,kabul,uygulanamaz,bicim-desteklenmiyor,B6: MAPPING.md (API incelemesi),uygulanamaz,mirror:COSE-VPLUS_EdDSA-ES384 (accept-classical)
JOSE-089,SYN-D-VCX_ES384_kid,GEC,kontrol-ES384,kabul,uygulanamaz,bicim-desteklenmiyor,B6: MAPPING.md (API incelemesi),uygulanamaz,derived:analogue VPLUS_EdDSA-ES384 (accept-classical)
JOSE-089,SYN-D-VCX_ES384_kid,IZIN-AX,kontrol-ES384,kabul,uygulanamaz,bicim-desteklenmiyor,B6: MAPPING.md (API incelemesi),uygulanamaz,derived:analogue VPLUS_EdDSA-ES384 (accept-classical)
JOSE-089,SYN-D-VCX_ES384_kid,L4,kontrol-ES384,kabul,uygulanamaz,bicim-desteklenmiyor,B6: MAPPING.md (API incelemesi),uygulanamaz,derived:analogue VPLUS_EdDSA-ES384 (accept-classical)
JOSE-089,SYN-D-VCX_ES384_kid,L4-S,kontrol-ES384,kabul,uygulanamaz,bicim-desteklenmiyor,B6: MAPPING.md (API incelemesi),uygulanamaz,derived:analogue VPLUS_EdDSA-ES384 (accept-classical)
JOSE-089,SYN-D-VCX_ES384_kid,L4-Y,kontrol-ES384,kabul,uygulanamaz,bicim-desteklenmiyor,B6: MAPPING.md (API incelemesi),uygulanamaz,derived:analogue VPLUS_EdDSA-ES384 (accept-classical)
JOSE-089,SYN-D-VCX_ES384_kid,P0,kontrol-ES384,kabul,uygulanamaz,bicim-desteklenmiyor,B6: MAPPING.md (API incelemesi),uygulanamaz,derived:analogue VPLUS_EdDSA-ES384 (accept-classical)
JOSE-089,SYN-L4C-COSE_eski_ES256,GEC,kontrol-ES384,kabul,uygulanamaz,bicim-desteklenmiyor,B6: MAPPING.md (API incelemesi),uygulanamaz,mirror:L4C-COSE_eski_ES256 (accept-classical)
JOSE-089,SYN-L4C-COSE_eski_ES256,IZIN-A,kontrol-ES384,kabul,uygulanamaz,bicim-desteklenmiyor,B6: MAPPING.md (API incelemesi),uygulanamaz,mirror:L4C-COSE_eski_ES256 (accept-classical)
JOSE-089,SYN-L4C-COSE_eski_ES256,IZIN-AX,kontrol-ES384,kabul,uygulanamaz,bicim-desteklenmiyor,B6: MAPPING.md (API incelemesi),uygulanamaz,mirror:L4C-COSE_eski_ES256 (accept-classical)
JOSE-089,SYN-L4C-COSE_eski_ES256,L4,kontrol-ES384,kabul,uygulanamaz,bicim-desteklenmiyor,B6: MAPPING.md (API incelemesi),uygulanamaz,mirror:L4C-COSE_eski_ES256 (accept-classical)
JOSE-089,SYN-L4C-COSE_eski_ES256,L4-S,kontrol-ES384,kabul,uygulanamaz,bicim-desteklenmiyor,B6: MAPPING.md (API incelemesi),uygulanamaz,mirror:L4C-COSE_eski_ES256 (accept-classical)
JOSE-089,SYN-L4C-COSE_eski_ES256,L4-Y,kontrol-ES384,kabul,uygulanamaz,bicim-desteklenmiyor,B6: MAPPING.md (API incelemesi),uygulanamaz,mirror:L4C-COSE_eski_ES256 (accept-classical)
JOSE-089,SYN-L4C-JOSE_eski_ES256,GEC,kontrol-ES384,kabul,kabul,,,uyumlu,mirror:L4C-JOSE_eski_ES256 (accept-classical)
JOSE-089,SYN-L4C-JOSE_eski_ES256,IZIN-A,kontrol-ES384,kabul,kabul,,,uyumlu,mirror:L4C-JOSE_eski_ES256 (accept-classical)
JOSE-089,SYN-L4C-JOSE_eski_ES256,IZIN-AX,kontrol-ES384,kabul,kabul,,,uyumlu,mirror:L4C-JOSE_eski_ES256 (accept-classical)
JOSE-089,SYN-L4C-JOSE_eski_ES256,L4,kontrol-ES384,kabul,kabul,,,uyumlu,mirror:L4C-JOSE_eski_ES256 (accept-classical)
JOSE-089,SYN-L4C-JOSE_eski_ES256,L4-S,kontrol-ES384,kabul,kabul,,,uyumlu,mirror:L4C-JOSE_eski_ES256 (accept-classical)
JOSE-089,SYN-L4C-JOSE_eski_ES256,L4-Y,kontrol-ES384,kabul,kabul,,,uyumlu,mirror:L4C-JOSE_eski_ES256 (accept-classical)
JOSE-089,SYN-T1K_both_valid-ES384,L4,kontrol-ES384,kabul,ifade-edilemedi,,coklu imza kurali (P0/P1/R) icin API secenegi yok; yalniz signatures.first dogrulanir,ifade-edilemedi,mirror:T1K_both_valid-ES384 (accept-classical)
JOSE-089,SYN-T1K_both_valid-ES384,L4-S,kontrol-ES384,kabul,ifade-edilemedi,,coklu imza kurali (P0/P1/R) icin API secenegi yok; yalniz signatures.first dogrulanir,ifade-edilemedi,mirror:T1K_both_valid-ES384 (accept-classical)
JOSE-089,SYN-T1K_both_valid-ES384,L4-Y,kontrol-ES384,kabul,ifade-edilemedi,,coklu imza kurali (P0/P1/R) icin API secenegi yok; yalniz signatures.first dogrulanir,ifade-edilemedi,mirror:T1K_both_valid-ES384 (accept-classical)
JOSE-089,SYN-T1K_both_valid-ES384,P0,kontrol-ES384,kabul,ifade-edilemedi,,coklu imza kurali (P0/P1/R) icin API secenegi yok; yalniz signatures.first dogrulanir,ifade-edilemedi,mirror:T1K_both_valid-ES384 (accept-classical)
JOSE-089,SYN-T1K_both_valid-ES384,P1,kontrol-ES384,kabul,ifade-edilemedi,,coklu imza kurali (P0/P1/R) icin API secenegi yok; yalniz signatures.first dogrulanir,ifade-edilemedi,mirror:T1K_both_valid-ES384 (accept-classical)
JOSE-089,SYN-T1K_both_valid-SIRA-ters-ES384,L4,kontrol-ES384,kabul,ifade-edilemedi,,coklu imza kurali (P0/P1/R) icin API secenegi yok; yalniz signatures.first dogrulanir,ifade-edilemedi,mirror:T1K_both_valid-SIRA-ters-ES384 (accept-classical)
JOSE-089,SYN-T1K_both_valid-SIRA-ters-ES384,L4-S,kontrol-ES384,kabul,ifade-edilemedi,,coklu imza kurali (P0/P1/R) icin API secenegi yok; yalniz signatures.first dogrulanir,ifade-edilemedi,mirror:T1K_both_valid-SIRA-ters-ES384 (accept-classical)
JOSE-089,SYN-T1K_both_valid-SIRA-ters-ES384,L4-Y,kontrol-ES384,kabul,ifade-edilemedi,,coklu imza kurali (P0/P1/R) icin API secenegi yok; yalniz signatures.first dogrulanir,ifade-edilemedi,mirror:T1K_both_valid-SIRA-ters-ES384 (accept-classical)
JOSE-089,SYN-T1K_both_valid-SIRA-ters-ES384,P0,kontrol-ES384,kabul,ifade-edilemedi,,coklu imza kurali (P0/P1/R) icin API secenegi yok; yalniz signatures.first dogrulanir,ifade-edilemedi,mirror:T1K_both_valid-SIRA-ters-ES384 (accept-classical)
JOSE-089,SYN-T1K_both_valid-SIRA-ters-ES384,P1,kontrol-ES384,kabul,ifade-edilemedi,,coklu imza kurali (P0/P1/R) icin API secenegi yok; yalniz signatures.first dogrulanir,ifade-edilemedi,mirror:T1K_both_valid-SIRA-ters-ES384 (accept-classical)
JOSE-089,SYN-T5K_only_EdDSA-ES384,GEC,kontrol-ES384,kabul,kabul,,,uyumlu,mirror:T5K_only_EdDSA-ES384 (accept-classical)
JOSE-089,SYN-T5K_only_EdDSA-ES384,IZIN-AX,kontrol-ES384,kabul,kabul,,,uyumlu,mirror:T5K_only_EdDSA-ES384 (accept-classical)
JOSE-089,SYN-T5K_only_EdDSA-ES384,L4,kontrol-ES384,kabul,kabul,,,uyumlu,mirror:T5K_only_EdDSA-ES384 (accept-classical)
JOSE-089,SYN-T5K_only_EdDSA-ES384,L4-S,kontrol-ES384,kabul,kabul,,,uyumlu,mirror:T5K_only_EdDSA-ES384 (accept-classical)
JOSE-089,SYN-T5K_only_EdDSA-ES384,L4-Y,kontrol-ES384,kabul,kabul,,,uyumlu,mirror:T5K_only_EdDSA-ES384 (accept-classical)
JOSE-089,SYN-T5K_only_EdDSA-ES384,P0,kontrol-ES384,kabul,kabul,,,uyumlu,mirror:T5K_only_EdDSA-ES384 (accept-classical)
JOSE-089,SYN-T5K_only_EdDSA-ES384,P1,kontrol-ES384,kabul,kabul,,,uyumlu,mirror:T5K_only_EdDSA-ES384 (accept-classical)
JOSE-089,SYN-VC01_ES256_x5c,GEC,kontrol-ES384,kabul,uygulanamaz,bicim-desteklenmiyor,B6: MAPPING.md (API incelemesi),uygulanamaz,mirror:VC01_ES256_x5c (accept-classical)
JOSE-089,SYN-VC01_ES256_x5c,IZIN-A,kontrol-ES384,kabul,uygulanamaz,bicim-desteklenmiyor,B6: MAPPING.md (API incelemesi),uygulanamaz,mirror:VC01_ES256_x5c (accept-classical)
JOSE-089,SYN-VC01_ES256_x5c,IZIN-AX,kontrol-ES384,kabul,uygulanamaz,bicim-desteklenmiyor,B6: MAPPING.md (API incelemesi),uygulanamaz,mirror:VC01_ES256_x5c (accept-classical)
JOSE-089,SYN-VC01_ES256_x5c,P0,kontrol-ES384,kabul,uygulanamaz,bicim-desteklenmiyor,B6: MAPPING.md (API incelemesi),uygulanamaz,mirror:VC01_ES256_x5c (accept-classical)
JOSE-089,SYN-VC09_GJ_ES256_EdDSA-ES384,L4,kontrol-ES384,kabul,uygulanamaz,bicim-desteklenmiyor,B6: MAPPING.md (API incelemesi),uygulanamaz,mirror:VC09_GJ_ES256_EdDSA-ES384 (accept-classical)
JOSE-089,SYN-VC09_GJ_ES256_EdDSA-ES384,L4-S,kontrol-ES384,kabul,uygulanamaz,bicim-desteklenmiyor,B6: MAPPING.md (API incelemesi),uygulanamaz,mirror:VC09_GJ_ES256_EdDSA-ES384 (accept-classical)
JOSE-089,SYN-VC09_GJ_ES256_EdDSA-ES384,L4-Y,kontrol-ES384,kabul,uygulanamaz,bicim-desteklenmiyor,B6: MAPPING.md (API incelemesi),uygulanamaz,mirror:VC09_GJ_ES256_EdDSA-ES384 (accept-classical)
JOSE-089,SYN-VC09_GJ_ES256_EdDSA-ES384,P0,kontrol-ES384,kabul,uygulanamaz,bicim-desteklenmiyor,B6: MAPPING.md (API incelemesi),uygulanamaz,mirror:VC09_GJ_ES256_EdDSA-ES384 (accept-classical)
JOSE-089,SYN-VC09_GJ_ES256_EdDSA-ES384,P1,kontrol-ES384,kabul,uygulanamaz,bicim-desteklenmiyor,B6: MAPPING.md (API incelemesi),uygulanamaz,mirror:VC09_GJ_ES256_EdDSA-ES384 (accept-classical)
JOSE-089,SYN-VC09_GJ_ES256_EdDSA-SIRA-ters-ES384,L4,kontrol-ES384,kabul,uygulanamaz,bicim-desteklenmiyor,B6: MAPPING.md (API incelemesi),uygulanamaz,mirror:VC09_GJ_ES256_EdDSA-SIRA-ters-ES384 (accept-classical)
JOSE-089,SYN-VC09_GJ_ES256_EdDSA-SIRA-ters-ES384,L4-S,kontrol-ES384,kabul,uygulanamaz,bicim-desteklenmiyor,B6: MAPPING.md (API incelemesi),uygulanamaz,mirror:VC09_GJ_ES256_EdDSA-SIRA-ters-ES384 (accept-classical)
JOSE-089,SYN-VC09_GJ_ES256_EdDSA-SIRA-ters-ES384,L4-Y,kontrol-ES384,kabul,uygulanamaz,bicim-desteklenmiyor,B6: MAPPING.md (API incelemesi),uygulanamaz,mirror:VC09_GJ_ES256_EdDSA-SIRA-ters-ES384 (accept-classical)
JOSE-089,SYN-VC09_GJ_ES256_EdDSA-SIRA-ters-ES384,P0,kontrol-ES384,kabul,uygulanamaz,bicim-desteklenmiyor,B6: MAPPING.md (API incelemesi),uygulanamaz,mirror:VC09_GJ_ES256_EdDSA-SIRA-ters-ES384 (accept-classical)
JOSE-089,SYN-VC09_GJ_ES256_EdDSA-SIRA-ters-ES384,P1,kontrol-ES384,kabul,uygulanamaz,bicim-desteklenmiyor,B6: MAPPING.md (API incelemesi),uygulanamaz,mirror:VC09_GJ_ES256_EdDSA-SIRA-ters-ES384 (accept-classical)
JOSE-089,SYN-VPLUS_ES256,GEC,kontrol-ES384,kabul,kabul,,,uyumlu,mirror:VPLUS_ES256 (accept-classical)
JOSE-089,SYN-VPLUS_ES256,IZIN-A,kontrol-ES384,kabul,kabul,,,uyumlu,mirror:VPLUS_ES256 (accept-classical)
JOSE-089,SYN-VPLUS_ES256,IZIN-AX,kontrol-ES384,kabul,kabul,,,uyumlu,mirror:VPLUS_ES256 (accept-classical)
JOSE-089,SYN-VPLUS_ES256,P0,kontrol-ES384,kabul,kabul,,,uyumlu,mirror:VPLUS_ES256 (accept-classical)
JOSE-089,SYN-VPLUS_EdDSA-ES384,GEC,kontrol-ES384,kabul,kabul,,,uyumlu,mirror:VPLUS_EdDSA-ES384 (accept-classical)
JOSE-089,SYN-VPLUS_EdDSA-ES384,IZIN-AX,kontrol-ES384,kabul,kabul,,,uyumlu,mirror:VPLUS_EdDSA-ES384 (accept-classical)
JOSE-089,SYN-VPLUS_EdDSA-ES384,L4,kontrol-ES384,kabul,kabul,,,uyumlu,mirror:VPLUS_EdDSA-ES384 (accept-classical)
JOSE-089,SYN-VPLUS_EdDSA-ES384,L4-S,kontrol-ES384,kabul,kabul,,,uyumlu,mirror:VPLUS_EdDSA-ES384 (accept-classical)
JOSE-089,SYN-VPLUS_EdDSA-ES384,L4-Y,kontrol-ES384,kabul,kabul,,,uyumlu,mirror:VPLUS_EdDSA-ES384 (accept-classical)
JOSE-089,SYN-VPLUS_EdDSA-ES384,P0,kontrol-ES384,kabul,kabul,,,uyumlu,mirror:VPLUS_EdDSA-ES384 (accept-classical)
JOSE-091,SYN-COSE-K1K_iki_gecerli-ES384,L4,kontrol-ES384,kabul,uygulanamaz,bicim-desteklenmiyor,,uygulanamaz,mirror:COSE-K1K_iki_gecerli-ES384 (accept-classical)
JOSE-091,SYN-COSE-K1K_iki_gecerli-ES384,L4-S,kontrol-ES384,kabul,uygulanamaz,bicim-desteklenmiyor,,uygulanamaz,mirror:COSE-K1K_iki_gecerli-ES384 (accept-classical)
JOSE-091,SYN-COSE-K1K_iki_gecerli-ES384,L4-Y,kontrol-ES384,kabul,uygulanamaz,bicim-desteklenmiyor,,uygulanamaz,mirror:COSE-K1K_iki_gecerli-ES384 (accept-classical)
JOSE-091,SYN-COSE-K1K_iki_gecerli-ES384,P0,kontrol-ES384,kabul,uygulanamaz,bicim-desteklenmiyor,,uygulanamaz,mirror:COSE-K1K_iki_gecerli-ES384 (accept-classical)
JOSE-091,SYN-COSE-K1K_iki_gecerli-ES384,P1,kontrol-ES384,kabul,uygulanamaz,bicim-desteklenmiyor,,uygulanamaz,mirror:COSE-K1K_iki_gecerli-ES384 (accept-classical)
JOSE-091,SYN-COSE-K1K_iki_gecerli-SIRA-ters-ES384,L4,kontrol-ES384,kabul,uygulanamaz,bicim-desteklenmiyor,,uygulanamaz,mirror:COSE-K1K_iki_gecerli-SIRA-ters-ES384 (accept-classical)
JOSE-091,SYN-COSE-K1K_iki_gecerli-SIRA-ters-ES384,L4-S,kontrol-ES384,kabul,uygulanamaz,bicim-desteklenmiyor,,uygulanamaz,mirror:COSE-K1K_iki_gecerli-SIRA-ters-ES384 (accept-classical)
JOSE-091,SYN-COSE-K1K_iki_gecerli-SIRA-ters-ES384,L4-Y,kontrol-ES384,kabul,uygulanamaz,bicim-desteklenmiyor,,uygulanamaz,mirror:COSE-K1K_iki_gecerli-SIRA-ters-ES384 (accept-classical)
JOSE-091,SYN-COSE-K1K_iki_gecerli-SIRA-ters-ES384,P0,kontrol-ES384,kabul,uygulanamaz,bicim-desteklenmiyor,,uygulanamaz,mirror:COSE-K1K_iki_gecerli-SIRA-ters-ES384 (accept-classical)
JOSE-091,SYN-COSE-K1K_iki_gecerli-SIRA-ters-ES384,P1,kontrol-ES384,kabul,uygulanamaz,bicim-desteklenmiyor,,uygulanamaz,mirror:COSE-K1K_iki_gecerli-SIRA-ters-ES384 (accept-classical)
JOSE-091,SYN-COSE-K4K_yalniz_X-ES384,GEC,kontrol-ES384,kabul,uygulanamaz,bicim-desteklenmiyor,,uygulanamaz,mirror:COSE-K4K_yalniz_X-ES384 (accept-classical)
JOSE-091,SYN-COSE-K4K_yalniz_X-ES384,IZIN-AX,kontrol-ES384,kabul,uygulanamaz,bicim-desteklenmiyor,,uygulanamaz,mirror:COSE-K4K_yalniz_X-ES384 (accept-classical)
JOSE-091,SYN-COSE-K4K_yalniz_X-ES384,L4,kontrol-ES384,kabul,uygulanamaz,bicim-desteklenmiyor,,uygulanamaz,mirror:COSE-K4K_yalniz_X-ES384 (accept-classical)
JOSE-091,SYN-COSE-K4K_yalniz_X-ES384,L4-S,kontrol-ES384,kabul,uygulanamaz,bicim-desteklenmiyor,,uygulanamaz,mirror:COSE-K4K_yalniz_X-ES384 (accept-classical)
JOSE-091,SYN-COSE-K4K_yalniz_X-ES384,L4-Y,kontrol-ES384,kabul,uygulanamaz,bicim-desteklenmiyor,,uygulanamaz,mirror:COSE-K4K_yalniz_X-ES384 (accept-classical)
JOSE-091,SYN-COSE-K4K_yalniz_X-ES384,P0,kontrol-ES384,kabul,uygulanamaz,bicim-desteklenmiyor,,uygulanamaz,mirror:COSE-K4K_yalniz_X-ES384 (accept-classical)
JOSE-091,SYN-COSE-K4K_yalniz_X-ES384,P1,kontrol-ES384,kabul,uygulanamaz,bicim-desteklenmiyor,,uygulanamaz,mirror:COSE-K4K_yalniz_X-ES384 (accept-classical)
JOSE-091,SYN-COSE-VPLUS_ES256,GEC,kontrol-ES384,kabul,uygulanamaz,bicim-desteklenmiyor,,uygulanamaz,mirror:COSE-VPLUS_ES256 (accept-classical)
JOSE-091,SYN-COSE-VPLUS_ES256,IZIN-A,kontrol-ES384,kabul,uygulanamaz,bicim-desteklenmiyor,,uygulanamaz,mirror:COSE-VPLUS_ES256 (accept-classical)
JOSE-091,SYN-COSE-VPLUS_ES256,IZIN-AX,kontrol-ES384,kabul,uygulanamaz,bicim-desteklenmiyor,,uygulanamaz,mirror:COSE-VPLUS_ES256 (accept-classical)
JOSE-091,SYN-COSE-VPLUS_ES256,P0,kontrol-ES384,kabul,uygulanamaz,bicim-desteklenmiyor,,uygulanamaz,mirror:COSE-VPLUS_ES256 (accept-classical)
JOSE-091,SYN-COSE-VPLUS_EdDSA-ES384,GEC,kontrol-ES384,kabul,uygulanamaz,bicim-desteklenmiyor,,uygulanamaz,mirror:COSE-VPLUS_EdDSA-ES384 (accept-classical)
JOSE-091,SYN-COSE-VPLUS_EdDSA-ES384,IZIN-AX,kontrol-ES384,kabul,uygulanamaz,bicim-desteklenmiyor,,uygulanamaz,mirror:COSE-VPLUS_EdDSA-ES384 (accept-classical)
JOSE-091,SYN-COSE-VPLUS_EdDSA-ES384,L4,kontrol-ES384,kabul,uygulanamaz,bicim-desteklenmiyor,,uygulanamaz,mirror:COSE-VPLUS_EdDSA-ES384 (accept-classical)
JOSE-091,SYN-COSE-VPLUS_EdDSA-ES384,L4-S,kontrol-ES384,kabul,uygulanamaz,bicim-desteklenmiyor,,uygulanamaz,mirror:COSE-VPLUS_EdDSA-ES384 (accept-classical)
JOSE-091,SYN-COSE-VPLUS_EdDSA-ES384,L4-Y,kontrol-ES384,kabul,uygulanamaz,bicim-desteklenmiyor,,uygulanamaz,mirror:COSE-VPLUS_EdDSA-ES384 (accept-classical)
JOSE-091,SYN-COSE-VPLUS_EdDSA-ES384,P0,kontrol-ES384,kabul,uygulanamaz,bicim-desteklenmiyor,,uygulanamaz,mirror:COSE-VPLUS_EdDSA-ES384 (accept-classical)
JOSE-091,SYN-D-VCX_ES384_kid,GEC,kontrol-ES384,kabul,uygulanamaz,bicim-desteklenmiyor,,uygulanamaz,derived:analogue VPLUS_EdDSA-ES384 (accept-classical)
JOSE-091,SYN-D-VCX_ES384_kid,IZIN-AX,kontrol-ES384,kabul,uygulanamaz,bicim-desteklenmiyor,,uygulanamaz,derived:analogue VPLUS_EdDSA-ES384 (accept-classical)
JOSE-091,SYN-D-VCX_ES384_kid,L4,kontrol-ES384,kabul,uygulanamaz,bicim-desteklenmiyor,,uygulanamaz,derived:analogue VPLUS_EdDSA-ES384 (accept-classical)
JOSE-091,SYN-D-VCX_ES384_kid,L4-S,kontrol-ES384,kabul,uygulanamaz,bicim-desteklenmiyor,,uygulanamaz,derived:analogue VPLUS_EdDSA-ES384 (accept-classical)
JOSE-091,SYN-D-VCX_ES384_kid,L4-Y,kontrol-ES384,kabul,uygulanamaz,bicim-desteklenmiyor,,uygulanamaz,derived:analogue VPLUS_EdDSA-ES384 (accept-classical)
JOSE-091,SYN-D-VCX_ES384_kid,P0,kontrol-ES384,kabul,uygulanamaz,bicim-desteklenmiyor,,uygulanamaz,derived:analogue VPLUS_EdDSA-ES384 (accept-classical)
JOSE-091,SYN-L4C-COSE_eski_ES256,GEC,kontrol-ES384,kabul,uygulanamaz,bicim-desteklenmiyor,,uygulanamaz,mirror:L4C-COSE_eski_ES256 (accept-classical)
JOSE-091,SYN-L4C-COSE_eski_ES256,IZIN-A,kontrol-ES384,kabul,uygulanamaz,bicim-desteklenmiyor,,uygulanamaz,mirror:L4C-COSE_eski_ES256 (accept-classical)
JOSE-091,SYN-L4C-COSE_eski_ES256,IZIN-AX,kontrol-ES384,kabul,uygulanamaz,bicim-desteklenmiyor,,uygulanamaz,mirror:L4C-COSE_eski_ES256 (accept-classical)
JOSE-091,SYN-L4C-COSE_eski_ES256,L4,kontrol-ES384,kabul,uygulanamaz,bicim-desteklenmiyor,,uygulanamaz,mirror:L4C-COSE_eski_ES256 (accept-classical)
JOSE-091,SYN-L4C-COSE_eski_ES256,L4-S,kontrol-ES384,kabul,uygulanamaz,bicim-desteklenmiyor,,uygulanamaz,mirror:L4C-COSE_eski_ES256 (accept-classical)
JOSE-091,SYN-L4C-COSE_eski_ES256,L4-Y,kontrol-ES384,kabul,uygulanamaz,bicim-desteklenmiyor,,uygulanamaz,mirror:L4C-COSE_eski_ES256 (accept-classical)
JOSE-091,SYN-L4C-JOSE_eski_ES256,GEC,kontrol-ES384,kabul,kabul,,,uyumlu,mirror:L4C-JOSE_eski_ES256 (accept-classical)
JOSE-091,SYN-L4C-JOSE_eski_ES256,IZIN-A,kontrol-ES384,kabul,kabul,,,uyumlu,mirror:L4C-JOSE_eski_ES256 (accept-classical)
JOSE-091,SYN-L4C-JOSE_eski_ES256,IZIN-AX,kontrol-ES384,kabul,kabul,,,uyumlu,mirror:L4C-JOSE_eski_ES256 (accept-classical)
JOSE-091,SYN-L4C-JOSE_eski_ES256,L4,kontrol-ES384,kabul,kabul,,,uyumlu,mirror:L4C-JOSE_eski_ES256 (accept-classical)
JOSE-091,SYN-L4C-JOSE_eski_ES256,L4-S,kontrol-ES384,kabul,kabul,,,uyumlu,mirror:L4C-JOSE_eski_ES256 (accept-classical)
JOSE-091,SYN-L4C-JOSE_eski_ES256,L4-Y,kontrol-ES384,kabul,kabul,,,uyumlu,mirror:L4C-JOSE_eski_ES256 (accept-classical)
JOSE-091,SYN-T1K_both_valid-ES384,L4,kontrol-ES384,kabul,uygulanamaz,bicim-desteklenmiyor,,uygulanamaz,mirror:T1K_both_valid-ES384 (accept-classical)
JOSE-091,SYN-T1K_both_valid-ES384,L4-S,kontrol-ES384,kabul,uygulanamaz,bicim-desteklenmiyor,,uygulanamaz,mirror:T1K_both_valid-ES384 (accept-classical)
JOSE-091,SYN-T1K_both_valid-ES384,L4-Y,kontrol-ES384,kabul,uygulanamaz,bicim-desteklenmiyor,,uygulanamaz,mirror:T1K_both_valid-ES384 (accept-classical)
JOSE-091,SYN-T1K_both_valid-ES384,P0,kontrol-ES384,kabul,uygulanamaz,bicim-desteklenmiyor,,uygulanamaz,mirror:T1K_both_valid-ES384 (accept-classical)
JOSE-091,SYN-T1K_both_valid-ES384,P1,kontrol-ES384,kabul,uygulanamaz,bicim-desteklenmiyor,,uygulanamaz,mirror:T1K_both_valid-ES384 (accept-classical)
JOSE-091,SYN-T1K_both_valid-SIRA-ters-ES384,L4,kontrol-ES384,kabul,uygulanamaz,bicim-desteklenmiyor,,uygulanamaz,mirror:T1K_both_valid-SIRA-ters-ES384 (accept-classical)
JOSE-091,SYN-T1K_both_valid-SIRA-ters-ES384,L4-S,kontrol-ES384,kabul,uygulanamaz,bicim-desteklenmiyor,,uygulanamaz,mirror:T1K_both_valid-SIRA-ters-ES384 (accept-classical)
JOSE-091,SYN-T1K_both_valid-SIRA-ters-ES384,L4-Y,kontrol-ES384,kabul,uygulanamaz,bicim-desteklenmiyor,,uygulanamaz,mirror:T1K_both_valid-SIRA-ters-ES384 (accept-classical)
JOSE-091,SYN-T1K_both_valid-SIRA-ters-ES384,P0,kontrol-ES384,kabul,uygulanamaz,bicim-desteklenmiyor,,uygulanamaz,mirror:T1K_both_valid-SIRA-ters-ES384 (accept-classical)
JOSE-091,SYN-T1K_both_valid-SIRA-ters-ES384,P1,kontrol-ES384,kabul,uygulanamaz,bicim-desteklenmiyor,,uygulanamaz,mirror:T1K_both_valid-SIRA-ters-ES384 (accept-classical)
JOSE-091,SYN-T5K_only_EdDSA-ES384,GEC,kontrol-ES384,kabul,uygulanamaz,bicim-desteklenmiyor,,uygulanamaz,mirror:T5K_only_EdDSA-ES384 (accept-classical)
JOSE-091,SYN-T5K_only_EdDSA-ES384,IZIN-AX,kontrol-ES384,kabul,uygulanamaz,bicim-desteklenmiyor,,uygulanamaz,mirror:T5K_only_EdDSA-ES384 (accept-classical)
JOSE-091,SYN-T5K_only_EdDSA-ES384,L4,kontrol-ES384,kabul,uygulanamaz,bicim-desteklenmiyor,,uygulanamaz,mirror:T5K_only_EdDSA-ES384 (accept-classical)
JOSE-091,SYN-T5K_only_EdDSA-ES384,L4-S,kontrol-ES384,kabul,uygulanamaz,bicim-desteklenmiyor,,uygulanamaz,mirror:T5K_only_EdDSA-ES384 (accept-classical)
JOSE-091,SYN-T5K_only_EdDSA-ES384,L4-Y,kontrol-ES384,kabul,uygulanamaz,bicim-desteklenmiyor,,uygulanamaz,mirror:T5K_only_EdDSA-ES384 (accept-classical)
JOSE-091,SYN-T5K_only_EdDSA-ES384,P0,kontrol-ES384,kabul,uygulanamaz,bicim-desteklenmiyor,,uygulanamaz,mirror:T5K_only_EdDSA-ES384 (accept-classical)
JOSE-091,SYN-T5K_only_EdDSA-ES384,P1,kontrol-ES384,kabul,uygulanamaz,bicim-desteklenmiyor,,uygulanamaz,mirror:T5K_only_EdDSA-ES384 (accept-classical)
JOSE-091,SYN-VC01_ES256_x5c,GEC,kontrol-ES384,kabul,uygulanamaz,bicim-desteklenmiyor,,uygulanamaz,mirror:VC01_ES256_x5c (accept-classical)
JOSE-091,SYN-VC01_ES256_x5c,IZIN-A,kontrol-ES384,kabul,uygulanamaz,bicim-desteklenmiyor,,uygulanamaz,mirror:VC01_ES256_x5c (accept-classical)
JOSE-091,SYN-VC01_ES256_x5c,IZIN-AX,kontrol-ES384,kabul,uygulanamaz,bicim-desteklenmiyor,,uygulanamaz,mirror:VC01_ES256_x5c (accept-classical)
JOSE-091,SYN-VC01_ES256_x5c,P0,kontrol-ES384,kabul,uygulanamaz,bicim-desteklenmiyor,,uygulanamaz,mirror:VC01_ES256_x5c (accept-classical)
JOSE-091,SYN-VC09_GJ_ES256_EdDSA-ES384,L4,kontrol-ES384,kabul,uygulanamaz,bicim-desteklenmiyor,,uygulanamaz,mirror:VC09_GJ_ES256_EdDSA-ES384 (accept-classical)
JOSE-091,SYN-VC09_GJ_ES256_EdDSA-ES384,L4-S,kontrol-ES384,kabul,uygulanamaz,bicim-desteklenmiyor,,uygulanamaz,mirror:VC09_GJ_ES256_EdDSA-ES384 (accept-classical)
JOSE-091,SYN-VC09_GJ_ES256_EdDSA-ES384,L4-Y,kontrol-ES384,kabul,uygulanamaz,bicim-desteklenmiyor,,uygulanamaz,mirror:VC09_GJ_ES256_EdDSA-ES384 (accept-classical)
JOSE-091,SYN-VC09_GJ_ES256_EdDSA-ES384,P0,kontrol-ES384,kabul,uygulanamaz,bicim-desteklenmiyor,,uygulanamaz,mirror:VC09_GJ_ES256_EdDSA-ES384 (accept-classical)
JOSE-091,SYN-VC09_GJ_ES256_EdDSA-ES384,P1,kontrol-ES384,kabul,uygulanamaz,bicim-desteklenmiyor,,uygulanamaz,mirror:VC09_GJ_ES256_EdDSA-ES384 (accept-classical)
JOSE-091,SYN-VC09_GJ_ES256_EdDSA-SIRA-ters-ES384,L4,kontrol-ES384,kabul,uygulanamaz,bicim-desteklenmiyor,,uygulanamaz,mirror:VC09_GJ_ES256_EdDSA-SIRA-ters-ES384 (accept-classical)
JOSE-091,SYN-VC09_GJ_ES256_EdDSA-SIRA-ters-ES384,L4-S,kontrol-ES384,kabul,uygulanamaz,bicim-desteklenmiyor,,uygulanamaz,mirror:VC09_GJ_ES256_EdDSA-SIRA-ters-ES384 (accept-classical)
JOSE-091,SYN-VC09_GJ_ES256_EdDSA-SIRA-ters-ES384,L4-Y,kontrol-ES384,kabul,uygulanamaz,bicim-desteklenmiyor,,uygulanamaz,mirror:VC09_GJ_ES256_EdDSA-SIRA-ters-ES384 (accept-classical)
JOSE-091,SYN-VC09_GJ_ES256_EdDSA-SIRA-ters-ES384,P0,kontrol-ES384,kabul,uygulanamaz,bicim-desteklenmiyor,,uygulanamaz,mirror:VC09_GJ_ES256_EdDSA-SIRA-ters-ES384 (accept-classical)
JOSE-091,SYN-VC09_GJ_ES256_EdDSA-SIRA-ters-ES384,P1,kontrol-ES384,kabul,uygulanamaz,bicim-desteklenmiyor,,uygulanamaz,mirror:VC09_GJ_ES256_EdDSA-SIRA-ters-ES384 (accept-classical)
JOSE-091,SYN-VPLUS_ES256,GEC,kontrol-ES384,kabul,kabul,,,uyumlu,mirror:VPLUS_ES256 (accept-classical)
JOSE-091,SYN-VPLUS_ES256,IZIN-A,kontrol-ES384,kabul,kabul,,,uyumlu,mirror:VPLUS_ES256 (accept-classical)
JOSE-091,SYN-VPLUS_ES256,IZIN-AX,kontrol-ES384,kabul,kabul,,,uyumlu,mirror:VPLUS_ES256 (accept-classical)
JOSE-091,SYN-VPLUS_ES256,P0,kontrol-ES384,kabul,kabul,,,uyumlu,mirror:VPLUS_ES256 (accept-classical)
JOSE-091,SYN-VPLUS_EdDSA-ES384,GEC,kontrol-ES384,kabul,kabul,,,uyumlu,mirror:VPLUS_EdDSA-ES384 (accept-classical)
JOSE-091,SYN-VPLUS_EdDSA-ES384,IZIN-AX,kontrol-ES384,kabul,kabul,,,uyumlu,mirror:VPLUS_EdDSA-ES384 (accept-classical)
JOSE-091,SYN-VPLUS_EdDSA-ES384,L4,kontrol-ES384,kabul,kabul,,,uyumlu,mirror:VPLUS_EdDSA-ES384 (accept-classical)
JOSE-091,SYN-VPLUS_EdDSA-ES384,L4-S,kontrol-ES384,kabul,kabul,,,uyumlu,mirror:VPLUS_EdDSA-ES384 (accept-classical)
JOSE-091,SYN-VPLUS_EdDSA-ES384,L4-Y,kontrol-ES384,kabul,kabul,,,uyumlu,mirror:VPLUS_EdDSA-ES384 (accept-classical)
JOSE-091,SYN-VPLUS_EdDSA-ES384,P0,kontrol-ES384,kabul,kabul,,,uyumlu,mirror:VPLUS_EdDSA-ES384 (accept-classical)
JOSE-092,SYN-COSE-K1K_iki_gecerli,L4,kontrol-EdDSA,kabul,uygulanamaz,bicim-desteklenmiyor,,uygulanamaz,mirror:COSE-K1K_iki_gecerli (accept-classical)
JOSE-092,SYN-COSE-K1K_iki_gecerli,L4-S,kontrol-EdDSA,kabul,uygulanamaz,bicim-desteklenmiyor,,uygulanamaz,mirror:COSE-K1K_iki_gecerli (accept-classical)
JOSE-092,SYN-COSE-K1K_iki_gecerli,L4-Y,kontrol-EdDSA,kabul,uygulanamaz,bicim-desteklenmiyor,,uygulanamaz,mirror:COSE-K1K_iki_gecerli (accept-classical)
JOSE-092,SYN-COSE-K1K_iki_gecerli,P0,kontrol-EdDSA,kabul,uygulanamaz,bicim-desteklenmiyor,,uygulanamaz,mirror:COSE-K1K_iki_gecerli (accept-classical)
JOSE-092,SYN-COSE-K1K_iki_gecerli,P1,kontrol-EdDSA,kabul,uygulanamaz,bicim-desteklenmiyor,,uygulanamaz,mirror:COSE-K1K_iki_gecerli (accept-classical)
JOSE-092,SYN-COSE-K1K_iki_gecerli-SIRA-ters,L4,kontrol-EdDSA,kabul,uygulanamaz,bicim-desteklenmiyor,,uygulanamaz,mirror:COSE-K1K_iki_gecerli-SIRA-ters (accept-classical)
JOSE-092,SYN-COSE-K1K_iki_gecerli-SIRA-ters,L4-S,kontrol-EdDSA,kabul,uygulanamaz,bicim-desteklenmiyor,,uygulanamaz,mirror:COSE-K1K_iki_gecerli-SIRA-ters (accept-classical)
JOSE-092,SYN-COSE-K1K_iki_gecerli-SIRA-ters,L4-Y,kontrol-EdDSA,kabul,uygulanamaz,bicim-desteklenmiyor,,uygulanamaz,mirror:COSE-K1K_iki_gecerli-SIRA-ters (accept-classical)
JOSE-092,SYN-COSE-K1K_iki_gecerli-SIRA-ters,P0,kontrol-EdDSA,kabul,uygulanamaz,bicim-desteklenmiyor,,uygulanamaz,mirror:COSE-K1K_iki_gecerli-SIRA-ters (accept-classical)
JOSE-092,SYN-COSE-K1K_iki_gecerli-SIRA-ters,P1,kontrol-EdDSA,kabul,uygulanamaz,bicim-desteklenmiyor,,uygulanamaz,mirror:COSE-K1K_iki_gecerli-SIRA-ters (accept-classical)
JOSE-092,SYN-COSE-K4K_yalniz_X,GEC,kontrol-EdDSA,kabul,uygulanamaz,bicim-desteklenmiyor,,uygulanamaz,mirror:COSE-K4K_yalniz_X (accept-classical)
JOSE-092,SYN-COSE-K4K_yalniz_X,IZIN-AX,kontrol-EdDSA,kabul,uygulanamaz,bicim-desteklenmiyor,,uygulanamaz,mirror:COSE-K4K_yalniz_X (accept-classical)
JOSE-092,SYN-COSE-K4K_yalniz_X,L4,kontrol-EdDSA,kabul,uygulanamaz,bicim-desteklenmiyor,,uygulanamaz,mirror:COSE-K4K_yalniz_X (accept-classical)
JOSE-092,SYN-COSE-K4K_yalniz_X,L4-S,kontrol-EdDSA,kabul,uygulanamaz,bicim-desteklenmiyor,,uygulanamaz,mirror:COSE-K4K_yalniz_X (accept-classical)
JOSE-092,SYN-COSE-K4K_yalniz_X,L4-Y,kontrol-EdDSA,kabul,uygulanamaz,bicim-desteklenmiyor,,uygulanamaz,mirror:COSE-K4K_yalniz_X (accept-classical)
JOSE-092,SYN-COSE-K4K_yalniz_X,P0,kontrol-EdDSA,kabul,uygulanamaz,bicim-desteklenmiyor,,uygulanamaz,mirror:COSE-K4K_yalniz_X (accept-classical)
JOSE-092,SYN-COSE-K4K_yalniz_X,P1,kontrol-EdDSA,kabul,uygulanamaz,bicim-desteklenmiyor,,uygulanamaz,mirror:COSE-K4K_yalniz_X (accept-classical)
JOSE-092,SYN-COSE-VPLUS_ES256,GEC,kontrol-EdDSA,kabul,uygulanamaz,bicim-desteklenmiyor,,uygulanamaz,mirror:COSE-VPLUS_ES256 (accept-classical)
JOSE-092,SYN-COSE-VPLUS_ES256,IZIN-A,kontrol-EdDSA,kabul,uygulanamaz,bicim-desteklenmiyor,,uygulanamaz,mirror:COSE-VPLUS_ES256 (accept-classical)
JOSE-092,SYN-COSE-VPLUS_ES256,IZIN-AX,kontrol-EdDSA,kabul,uygulanamaz,bicim-desteklenmiyor,,uygulanamaz,mirror:COSE-VPLUS_ES256 (accept-classical)
JOSE-092,SYN-COSE-VPLUS_ES256,P0,kontrol-EdDSA,kabul,uygulanamaz,bicim-desteklenmiyor,,uygulanamaz,mirror:COSE-VPLUS_ES256 (accept-classical)
JOSE-092,SYN-COSE-VPLUS_EdDSA,GEC,kontrol-EdDSA,kabul,uygulanamaz,bicim-desteklenmiyor,,uygulanamaz,mirror:COSE-VPLUS_EdDSA (accept-classical)
JOSE-092,SYN-COSE-VPLUS_EdDSA,IZIN-AX,kontrol-EdDSA,kabul,uygulanamaz,bicim-desteklenmiyor,,uygulanamaz,mirror:COSE-VPLUS_EdDSA (accept-classical)
JOSE-092,SYN-COSE-VPLUS_EdDSA,L4,kontrol-EdDSA,kabul,uygulanamaz,bicim-desteklenmiyor,,uygulanamaz,mirror:COSE-VPLUS_EdDSA (accept-classical)
JOSE-092,SYN-COSE-VPLUS_EdDSA,L4-S,kontrol-EdDSA,kabul,uygulanamaz,bicim-desteklenmiyor,,uygulanamaz,mirror:COSE-VPLUS_EdDSA (accept-classical)
JOSE-092,SYN-COSE-VPLUS_EdDSA,L4-Y,kontrol-EdDSA,kabul,uygulanamaz,bicim-desteklenmiyor,,uygulanamaz,mirror:COSE-VPLUS_EdDSA (accept-classical)
JOSE-092,SYN-COSE-VPLUS_EdDSA,P0,kontrol-EdDSA,kabul,uygulanamaz,bicim-desteklenmiyor,,uygulanamaz,mirror:COSE-VPLUS_EdDSA (accept-classical)
JOSE-092,SYN-D-VCX_EdDSA_kid,GEC,kontrol-EdDSA,kabul,uygulanamaz,bicim-desteklenmiyor,,uygulanamaz,derived:analogue VPLUS_EdDSA (accept-classical)
JOSE-092,SYN-D-VCX_EdDSA_kid,IZIN-AX,kontrol-EdDSA,kabul,uygulanamaz,bicim-desteklenmiyor,,uygulanamaz,derived:analogue VPLUS_EdDSA (accept-classical)
JOSE-092,SYN-D-VCX_EdDSA_kid,L4,kontrol-EdDSA,kabul,uygulanamaz,bicim-desteklenmiyor,,uygulanamaz,derived:analogue VPLUS_EdDSA (accept-classical)
JOSE-092,SYN-D-VCX_EdDSA_kid,L4-S,kontrol-EdDSA,kabul,uygulanamaz,bicim-desteklenmiyor,,uygulanamaz,derived:analogue VPLUS_EdDSA (accept-classical)
JOSE-092,SYN-D-VCX_EdDSA_kid,L4-Y,kontrol-EdDSA,kabul,uygulanamaz,bicim-desteklenmiyor,,uygulanamaz,derived:analogue VPLUS_EdDSA (accept-classical)
JOSE-092,SYN-D-VCX_EdDSA_kid,P0,kontrol-EdDSA,kabul,uygulanamaz,bicim-desteklenmiyor,,uygulanamaz,derived:analogue VPLUS_EdDSA (accept-classical)
JOSE-092,SYN-L4C-COSE_eski_ES256,GEC,kontrol-EdDSA,kabul,uygulanamaz,bicim-desteklenmiyor,,uygulanamaz,mirror:L4C-COSE_eski_ES256 (accept-classical)
JOSE-092,SYN-L4C-COSE_eski_ES256,IZIN-A,kontrol-EdDSA,kabul,uygulanamaz,bicim-desteklenmiyor,,uygulanamaz,mirror:L4C-COSE_eski_ES256 (accept-classical)
JOSE-092,SYN-L4C-COSE_eski_ES256,IZIN-AX,kontrol-EdDSA,kabul,uygulanamaz,bicim-desteklenmiyor,,uygulanamaz,mirror:L4C-COSE_eski_ES256 (accept-classical)
JOSE-092,SYN-L4C-COSE_eski_ES256,L4,kontrol-EdDSA,kabul,uygulanamaz,bicim-desteklenmiyor,,uygulanamaz,mirror:L4C-COSE_eski_ES256 (accept-classical)
JOSE-092,SYN-L4C-COSE_eski_ES256,L4-S,kontrol-EdDSA,kabul,uygulanamaz,bicim-desteklenmiyor,,uygulanamaz,mirror:L4C-COSE_eski_ES256 (accept-classical)
JOSE-092,SYN-L4C-COSE_eski_ES256,L4-Y,kontrol-EdDSA,kabul,uygulanamaz,bicim-desteklenmiyor,,uygulanamaz,mirror:L4C-COSE_eski_ES256 (accept-classical)
JOSE-092,SYN-L4C-JOSE_eski_ES256,GEC,kontrol-EdDSA,kabul,kabul,,,uyumlu,mirror:L4C-JOSE_eski_ES256 (accept-classical)
JOSE-092,SYN-L4C-JOSE_eski_ES256,IZIN-A,kontrol-EdDSA,kabul,kabul,,,uyumlu,mirror:L4C-JOSE_eski_ES256 (accept-classical)
JOSE-092,SYN-L4C-JOSE_eski_ES256,IZIN-AX,kontrol-EdDSA,kabul,kabul,,,uyumlu,mirror:L4C-JOSE_eski_ES256 (accept-classical)
JOSE-092,SYN-L4C-JOSE_eski_ES256,L4,kontrol-EdDSA,kabul,kabul,,,uyumlu,mirror:L4C-JOSE_eski_ES256 (accept-classical)
JOSE-092,SYN-L4C-JOSE_eski_ES256,L4-S,kontrol-EdDSA,kabul,kabul,,,uyumlu,mirror:L4C-JOSE_eski_ES256 (accept-classical)
JOSE-092,SYN-L4C-JOSE_eski_ES256,L4-Y,kontrol-EdDSA,kabul,kabul,,,uyumlu,mirror:L4C-JOSE_eski_ES256 (accept-classical)
JOSE-092,SYN-T1K_both_valid,L4,kontrol-EdDSA,kabul,uygulanamaz,bicim-desteklenmiyor,,uygulanamaz,mirror:T1K_both_valid (accept-classical)
JOSE-092,SYN-T1K_both_valid,L4-S,kontrol-EdDSA,kabul,uygulanamaz,bicim-desteklenmiyor,,uygulanamaz,mirror:T1K_both_valid (accept-classical)
JOSE-092,SYN-T1K_both_valid,L4-Y,kontrol-EdDSA,kabul,uygulanamaz,bicim-desteklenmiyor,,uygulanamaz,mirror:T1K_both_valid (accept-classical)
JOSE-092,SYN-T1K_both_valid,P0,kontrol-EdDSA,kabul,uygulanamaz,bicim-desteklenmiyor,,uygulanamaz,mirror:T1K_both_valid (accept-classical)
JOSE-092,SYN-T1K_both_valid,P1,kontrol-EdDSA,kabul,uygulanamaz,bicim-desteklenmiyor,,uygulanamaz,mirror:T1K_both_valid (accept-classical)
JOSE-092,SYN-T1K_both_valid-SIRA-ters,L4,kontrol-EdDSA,kabul,uygulanamaz,bicim-desteklenmiyor,,uygulanamaz,mirror:T1K_both_valid-SIRA-ters (accept-classical)
JOSE-092,SYN-T1K_both_valid-SIRA-ters,L4-S,kontrol-EdDSA,kabul,uygulanamaz,bicim-desteklenmiyor,,uygulanamaz,mirror:T1K_both_valid-SIRA-ters (accept-classical)
JOSE-092,SYN-T1K_both_valid-SIRA-ters,L4-Y,kontrol-EdDSA,kabul,uygulanamaz,bicim-desteklenmiyor,,uygulanamaz,mirror:T1K_both_valid-SIRA-ters (accept-classical)
JOSE-092,SYN-T1K_both_valid-SIRA-ters,P0,kontrol-EdDSA,kabul,uygulanamaz,bicim-desteklenmiyor,,uygulanamaz,mirror:T1K_both_valid-SIRA-ters (accept-classical)
JOSE-092,SYN-T1K_both_valid-SIRA-ters,P1,kontrol-EdDSA,kabul,uygulanamaz,bicim-desteklenmiyor,,uygulanamaz,mirror:T1K_both_valid-SIRA-ters (accept-classical)
JOSE-092,SYN-T5K_only_EdDSA,GEC,kontrol-EdDSA,kabul,uygulanamaz,bicim-desteklenmiyor,,uygulanamaz,mirror:T5K_only_EdDSA (accept-classical)
JOSE-092,SYN-T5K_only_EdDSA,IZIN-AX,kontrol-EdDSA,kabul,uygulanamaz,bicim-desteklenmiyor,,uygulanamaz,mirror:T5K_only_EdDSA (accept-classical)
JOSE-092,SYN-T5K_only_EdDSA,L4,kontrol-EdDSA,kabul,uygulanamaz,bicim-desteklenmiyor,,uygulanamaz,mirror:T5K_only_EdDSA (accept-classical)
JOSE-092,SYN-T5K_only_EdDSA,L4-S,kontrol-EdDSA,kabul,uygulanamaz,bicim-desteklenmiyor,,uygulanamaz,mirror:T5K_only_EdDSA (accept-classical)
JOSE-092,SYN-T5K_only_EdDSA,L4-Y,kontrol-EdDSA,kabul,uygulanamaz,bicim-desteklenmiyor,,uygulanamaz,mirror:T5K_only_EdDSA (accept-classical)
JOSE-092,SYN-T5K_only_EdDSA,P0,kontrol-EdDSA,kabul,uygulanamaz,bicim-desteklenmiyor,,uygulanamaz,mirror:T5K_only_EdDSA (accept-classical)
JOSE-092,SYN-T5K_only_EdDSA,P1,kontrol-EdDSA,kabul,uygulanamaz,bicim-desteklenmiyor,,uygulanamaz,mirror:T5K_only_EdDSA (accept-classical)
JOSE-092,SYN-VC01_ES256_x5c,GEC,kontrol-EdDSA,kabul,uygulanamaz,bicim-desteklenmiyor,,uygulanamaz,mirror:VC01_ES256_x5c (accept-classical)
JOSE-092,SYN-VC01_ES256_x5c,IZIN-A,kontrol-EdDSA,kabul,uygulanamaz,bicim-desteklenmiyor,,uygulanamaz,mirror:VC01_ES256_x5c (accept-classical)
JOSE-092,SYN-VC01_ES256_x5c,IZIN-AX,kontrol-EdDSA,kabul,uygulanamaz,bicim-desteklenmiyor,,uygulanamaz,mirror:VC01_ES256_x5c (accept-classical)
JOSE-092,SYN-VC01_ES256_x5c,P0,kontrol-EdDSA,kabul,uygulanamaz,bicim-desteklenmiyor,,uygulanamaz,mirror:VC01_ES256_x5c (accept-classical)
JOSE-092,SYN-VC09_GJ_ES256_EdDSA,L4,kontrol-EdDSA,kabul,uygulanamaz,bicim-desteklenmiyor,,uygulanamaz,mirror:VC09_GJ_ES256_EdDSA (accept-classical)
JOSE-092,SYN-VC09_GJ_ES256_EdDSA,L4-S,kontrol-EdDSA,kabul,uygulanamaz,bicim-desteklenmiyor,,uygulanamaz,mirror:VC09_GJ_ES256_EdDSA (accept-classical)
JOSE-092,SYN-VC09_GJ_ES256_EdDSA,L4-Y,kontrol-EdDSA,kabul,uygulanamaz,bicim-desteklenmiyor,,uygulanamaz,mirror:VC09_GJ_ES256_EdDSA (accept-classical)
JOSE-092,SYN-VC09_GJ_ES256_EdDSA,P0,kontrol-EdDSA,kabul,uygulanamaz,bicim-desteklenmiyor,,uygulanamaz,mirror:VC09_GJ_ES256_EdDSA (accept-classical)
JOSE-092,SYN-VC09_GJ_ES256_EdDSA,P1,kontrol-EdDSA,kabul,uygulanamaz,bicim-desteklenmiyor,,uygulanamaz,mirror:VC09_GJ_ES256_EdDSA (accept-classical)
JOSE-092,SYN-VC09_GJ_ES256_EdDSA-SIRA-ters,L4,kontrol-EdDSA,kabul,uygulanamaz,bicim-desteklenmiyor,,uygulanamaz,mirror:VC09_GJ_ES256_EdDSA-SIRA-ters (accept-classical)
JOSE-092,SYN-VC09_GJ_ES256_EdDSA-SIRA-ters,L4-S,kontrol-EdDSA,kabul,uygulanamaz,bicim-desteklenmiyor,,uygulanamaz,mirror:VC09_GJ_ES256_EdDSA-SIRA-ters (accept-classical)
JOSE-092,SYN-VC09_GJ_ES256_EdDSA-SIRA-ters,L4-Y,kontrol-EdDSA,kabul,uygulanamaz,bicim-desteklenmiyor,,uygulanamaz,mirror:VC09_GJ_ES256_EdDSA-SIRA-ters (accept-classical)
JOSE-092,SYN-VC09_GJ_ES256_EdDSA-SIRA-ters,P0,kontrol-EdDSA,kabul,uygulanamaz,bicim-desteklenmiyor,,uygulanamaz,mirror:VC09_GJ_ES256_EdDSA-SIRA-ters (accept-classical)
JOSE-092,SYN-VC09_GJ_ES256_EdDSA-SIRA-ters,P1,kontrol-EdDSA,kabul,uygulanamaz,bicim-desteklenmiyor,,uygulanamaz,mirror:VC09_GJ_ES256_EdDSA-SIRA-ters (accept-classical)
JOSE-092,SYN-VPLUS_ES256,GEC,kontrol-EdDSA,kabul,kabul,,,uyumlu,mirror:VPLUS_ES256 (accept-classical)
JOSE-092,SYN-VPLUS_ES256,IZIN-A,kontrol-EdDSA,kabul,kabul,,,uyumlu,mirror:VPLUS_ES256 (accept-classical)
JOSE-092,SYN-VPLUS_ES256,IZIN-AX,kontrol-EdDSA,kabul,kabul,,,uyumlu,mirror:VPLUS_ES256 (accept-classical)
JOSE-092,SYN-VPLUS_ES256,P0,kontrol-EdDSA,kabul,kabul,,,uyumlu,mirror:VPLUS_ES256 (accept-classical)
JOSE-092,SYN-VPLUS_EdDSA,GEC,kontrol-EdDSA,kabul,kabul,,,uyumlu,mirror:VPLUS_EdDSA (accept-classical)
JOSE-092,SYN-VPLUS_EdDSA,IZIN-AX,kontrol-EdDSA,kabul,kabul,,,uyumlu,mirror:VPLUS_EdDSA (accept-classical)
JOSE-092,SYN-VPLUS_EdDSA,L4,kontrol-EdDSA,kabul,kabul,,,uyumlu,mirror:VPLUS_EdDSA (accept-classical)
JOSE-092,SYN-VPLUS_EdDSA,L4-S,kontrol-EdDSA,kabul,kabul,,,uyumlu,mirror:VPLUS_EdDSA (accept-classical)
JOSE-092,SYN-VPLUS_EdDSA,L4-Y,kontrol-EdDSA,kabul,kabul,,,uyumlu,mirror:VPLUS_EdDSA (accept-classical)
JOSE-092,SYN-VPLUS_EdDSA,P0,kontrol-EdDSA,kabul,kabul,,,uyumlu,mirror:VPLUS_EdDSA (accept-classical)
JOSE-102,SYN-COSE-K1K_iki_gecerli,L4,kontrol-EdDSA,kabul,uygulanamaz,bicim-desteklenmiyor,B6: MAPPING.md (API incelemesi),uygulanamaz,mirror:COSE-K1K_iki_gecerli (accept-classical)
JOSE-102,SYN-COSE-K1K_iki_gecerli,L4-S,kontrol-EdDSA,kabul,uygulanamaz,bicim-desteklenmiyor,B6: MAPPING.md (API incelemesi),uygulanamaz,mirror:COSE-K1K_iki_gecerli (accept-classical)
JOSE-102,SYN-COSE-K1K_iki_gecerli,L4-Y,kontrol-EdDSA,kabul,uygulanamaz,bicim-desteklenmiyor,B6: MAPPING.md (API incelemesi),uygulanamaz,mirror:COSE-K1K_iki_gecerli (accept-classical)
JOSE-102,SYN-COSE-K1K_iki_gecerli,P0,kontrol-EdDSA,kabul,uygulanamaz,bicim-desteklenmiyor,B6: MAPPING.md (API incelemesi),uygulanamaz,mirror:COSE-K1K_iki_gecerli (accept-classical)
JOSE-102,SYN-COSE-K1K_iki_gecerli,P1,kontrol-EdDSA,kabul,uygulanamaz,bicim-desteklenmiyor,B6: MAPPING.md (API incelemesi),uygulanamaz,mirror:COSE-K1K_iki_gecerli (accept-classical)
JOSE-102,SYN-COSE-K1K_iki_gecerli-SIRA-ters,L4,kontrol-EdDSA,kabul,uygulanamaz,bicim-desteklenmiyor,B6: MAPPING.md (API incelemesi),uygulanamaz,mirror:COSE-K1K_iki_gecerli-SIRA-ters (accept-classical)
JOSE-102,SYN-COSE-K1K_iki_gecerli-SIRA-ters,L4-S,kontrol-EdDSA,kabul,uygulanamaz,bicim-desteklenmiyor,B6: MAPPING.md (API incelemesi),uygulanamaz,mirror:COSE-K1K_iki_gecerli-SIRA-ters (accept-classical)
JOSE-102,SYN-COSE-K1K_iki_gecerli-SIRA-ters,L4-Y,kontrol-EdDSA,kabul,uygulanamaz,bicim-desteklenmiyor,B6: MAPPING.md (API incelemesi),uygulanamaz,mirror:COSE-K1K_iki_gecerli-SIRA-ters (accept-classical)
JOSE-102,SYN-COSE-K1K_iki_gecerli-SIRA-ters,P0,kontrol-EdDSA,kabul,uygulanamaz,bicim-desteklenmiyor,B6: MAPPING.md (API incelemesi),uygulanamaz,mirror:COSE-K1K_iki_gecerli-SIRA-ters (accept-classical)
JOSE-102,SYN-COSE-K1K_iki_gecerli-SIRA-ters,P1,kontrol-EdDSA,kabul,uygulanamaz,bicim-desteklenmiyor,B6: MAPPING.md (API incelemesi),uygulanamaz,mirror:COSE-K1K_iki_gecerli-SIRA-ters (accept-classical)
JOSE-102,SYN-COSE-K1P_iki_gecerli,L4,tedavi-ML-DSA-65,kabul,uygulanamaz,bicim-desteklenmiyor,B6: MAPPING.md (API incelemesi),uygulanamaz,mirror:COSE-K1P_iki_gecerli (accept-hybrid)
JOSE-102,SYN-COSE-K1P_iki_gecerli,L4-S,tedavi-ML-DSA-65,kabul,uygulanamaz,bicim-desteklenmiyor,B6: MAPPING.md (API incelemesi),uygulanamaz,mirror:COSE-K1P_iki_gecerli (accept-hybrid)
JOSE-102,SYN-COSE-K1P_iki_gecerli,L4-Y,tedavi-ML-DSA-65,kabul,uygulanamaz,bicim-desteklenmiyor,B6: MAPPING.md (API incelemesi),uygulanamaz,mirror:COSE-K1P_iki_gecerli (accept-hybrid)
JOSE-102,SYN-COSE-K1P_iki_gecerli,P0,tedavi-ML-DSA-65,kabul,uygulanamaz,bicim-desteklenmiyor,B6: MAPPING.md (API incelemesi),uygulanamaz,mirror:COSE-K1P_iki_gecerli (accept-classical)
JOSE-102,SYN-COSE-K1P_iki_gecerli,P1,tedavi-ML-DSA-65,kabul,uygulanamaz,bicim-desteklenmiyor,B6: MAPPING.md (API incelemesi),uygulanamaz,mirror:COSE-K1P_iki_gecerli (accept-hybrid)
JOSE-102,SYN-COSE-K1P_iki_gecerli-SIRA-ters,L4,tedavi-ML-DSA-65,kabul,uygulanamaz,bicim-desteklenmiyor,B6: MAPPING.md (API incelemesi),uygulanamaz,mirror:COSE-K1P_iki_gecerli-SIRA-ters (accept-hybrid)
JOSE-102,SYN-COSE-K1P_iki_gecerli-SIRA-ters,L4-S,tedavi-ML-DSA-65,kabul,uygulanamaz,bicim-desteklenmiyor,B6: MAPPING.md (API incelemesi),uygulanamaz,mirror:COSE-K1P_iki_gecerli-SIRA-ters (accept-hybrid)
JOSE-102,SYN-COSE-K1P_iki_gecerli-SIRA-ters,L4-Y,tedavi-ML-DSA-65,kabul,uygulanamaz,bicim-desteklenmiyor,B6: MAPPING.md (API incelemesi),uygulanamaz,mirror:COSE-K1P_iki_gecerli-SIRA-ters (accept-hybrid)
JOSE-102,SYN-COSE-K1P_iki_gecerli-SIRA-ters,P0,tedavi-ML-DSA-65,kabul,uygulanamaz,bicim-desteklenmiyor,B6: MAPPING.md (API incelemesi),uygulanamaz,mirror:COSE-K1P_iki_gecerli-SIRA-ters (accept-classical)
JOSE-102,SYN-COSE-K1P_iki_gecerli-SIRA-ters,P1,tedavi-ML-DSA-65,kabul,uygulanamaz,bicim-desteklenmiyor,B6: MAPPING.md (API incelemesi),uygulanamaz,mirror:COSE-K1P_iki_gecerli-SIRA-ters (accept-hybrid)
JOSE-102,SYN-COSE-K4K_yalniz_X,GEC,kontrol-EdDSA,kabul,uygulanamaz,bicim-desteklenmiyor,B6: MAPPING.md (API incelemesi),uygulanamaz,mirror:COSE-K4K_yalniz_X (accept-classical)
JOSE-102,SYN-COSE-K4K_yalniz_X,IZIN-AX,kontrol-EdDSA,kabul,uygulanamaz,bicim-desteklenmiyor,B6: MAPPING.md (API incelemesi),uygulanamaz,mirror:COSE-K4K_yalniz_X (accept-classical)
JOSE-102,SYN-COSE-K4K_yalniz_X,L4,kontrol-EdDSA,kabul,uygulanamaz,bicim-desteklenmiyor,B6: MAPPING.md (API incelemesi),uygulanamaz,mirror:COSE-K4K_yalniz_X (accept-classical)
JOSE-102,SYN-COSE-K4K_yalniz_X,L4-S,kontrol-EdDSA,kabul,uygulanamaz,bicim-desteklenmiyor,B6: MAPPING.md (API incelemesi),uygulanamaz,mirror:COSE-K4K_yalniz_X (accept-classical)
JOSE-102,SYN-COSE-K4K_yalniz_X,L4-Y,kontrol-EdDSA,kabul,uygulanamaz,bicim-desteklenmiyor,B6: MAPPING.md (API incelemesi),uygulanamaz,mirror:COSE-K4K_yalniz_X (accept-classical)
JOSE-102,SYN-COSE-K4K_yalniz_X,P0,kontrol-EdDSA,kabul,uygulanamaz,bicim-desteklenmiyor,B6: MAPPING.md (API incelemesi),uygulanamaz,mirror:COSE-K4K_yalniz_X (accept-classical)
JOSE-102,SYN-COSE-K4K_yalniz_X,P1,kontrol-EdDSA,kabul,uygulanamaz,bicim-desteklenmiyor,B6: MAPPING.md (API incelemesi),uygulanamaz,mirror:COSE-K4K_yalniz_X (accept-classical)
JOSE-102,SYN-COSE-K4P_yalniz_X,GEC,tedavi-ML-DSA-65,kabul,uygulanamaz,bicim-desteklenmiyor,B6: MAPPING.md (API incelemesi),uygulanamaz,mirror:COSE-K4P_yalniz_X (accept-hybrid)
JOSE-102,SYN-COSE-K4P_yalniz_X,IZIN-AX,tedavi-ML-DSA-65,kabul,uygulanamaz,bicim-desteklenmiyor,B6: MAPPING.md (API incelemesi),uygulanamaz,mirror:COSE-K4P_yalniz_X (accept-hybrid)
JOSE-102,SYN-COSE-K4P_yalniz_X,L4,tedavi-ML-DSA-65,kabul,uygulanamaz,bicim-desteklenmiyor,B6: MAPPING.md (API incelemesi),uygulanamaz,mirror:COSE-K4P_yalniz_X (accept-hybrid)
JOSE-102,SYN-COSE-K4P_yalniz_X,L4-S,tedavi-ML-DSA-65,kabul,uygulanamaz,bicim-desteklenmiyor,B6: MAPPING.md (API incelemesi),uygulanamaz,mirror:COSE-K4P_yalniz_X (accept-hybrid)
JOSE-102,SYN-COSE-K4P_yalniz_X,L4-Y,tedavi-ML-DSA-65,kabul,uygulanamaz,bicim-desteklenmiyor,B6: MAPPING.md (API incelemesi),uygulanamaz,mirror:COSE-K4P_yalniz_X (accept-hybrid)
JOSE-102,SYN-COSE-K4P_yalniz_X,P0,tedavi-ML-DSA-65,kabul,uygulanamaz,bicim-desteklenmiyor,B6: MAPPING.md (API incelemesi),uygulanamaz,mirror:COSE-K4P_yalniz_X (accept-hybrid)
JOSE-102,SYN-COSE-K4P_yalniz_X,P1,tedavi-ML-DSA-65,kabul,uygulanamaz,bicim-desteklenmiyor,B6: MAPPING.md (API incelemesi),uygulanamaz,mirror:COSE-K4P_yalniz_X (accept-hybrid)
JOSE-102,SYN-COSE-VPLUS_ES256,GEC,kontrol-EdDSA,kabul,uygulanamaz,bicim-desteklenmiyor,B6: MAPPING.md (API incelemesi),uygulanamaz,mirror:COSE-VPLUS_ES256 (accept-classical)
JOSE-102,SYN-COSE-VPLUS_ES256,GEC,tedavi-ML-DSA-65,kabul,uygulanamaz,bicim-desteklenmiyor,B6: MAPPING.md (API incelemesi),uygulanamaz,mirror:COSE-VPLUS_ES256 (accept-classical)
JOSE-102,SYN-COSE-VPLUS_ES256,IZIN-A,kontrol-EdDSA,kabul,uygulanamaz,bicim-desteklenmiyor,B6: MAPPING.md (API incelemesi),uygulanamaz,mirror:COSE-VPLUS_ES256 (accept-classical)
JOSE-102,SYN-COSE-VPLUS_ES256,IZIN-A,tedavi-ML-DSA-65,kabul,uygulanamaz,bicim-desteklenmiyor,B6: MAPPING.md (API incelemesi),uygulanamaz,mirror:COSE-VPLUS_ES256 (accept-classical)
JOSE-102,SYN-COSE-VPLUS_ES256,IZIN-AX,kontrol-EdDSA,kabul,uygulanamaz,bicim-desteklenmiyor,B6: MAPPING.md (API incelemesi),uygulanamaz,mirror:COSE-VPLUS_ES256 (accept-classical)
JOSE-102,SYN-COSE-VPLUS_ES256,IZIN-AX,tedavi-ML-DSA-65,kabul,uygulanamaz,bicim-desteklenmiyor,B6: MAPPING.md (API incelemesi),uygulanamaz,mirror:COSE-VPLUS_ES256 (accept-classical)
JOSE-102,SYN-COSE-VPLUS_ES256,P0,kontrol-EdDSA,kabul,uygulanamaz,bicim-desteklenmiyor,B6: MAPPING.md (API incelemesi),uygulanamaz,mirror:COSE-VPLUS_ES256 (accept-classical)
JOSE-102,SYN-COSE-VPLUS_ES256,P0,tedavi-ML-DSA-65,kabul,uygulanamaz,bicim-desteklenmiyor,B6: MAPPING.md (API incelemesi),uygulanamaz,mirror:COSE-VPLUS_ES256 (accept-classical)
JOSE-102,SYN-COSE-VPLUS_EdDSA,GEC,kontrol-EdDSA,kabul,uygulanamaz,bicim-desteklenmiyor,B6: MAPPING.md (API incelemesi),uygulanamaz,mirror:COSE-VPLUS_EdDSA (accept-classical)
JOSE-102,SYN-COSE-VPLUS_EdDSA,IZIN-AX,kontrol-EdDSA,kabul,uygulanamaz,bicim-desteklenmiyor,B6: MAPPING.md (API incelemesi),uygulanamaz,mirror:COSE-VPLUS_EdDSA (accept-classical)
JOSE-102,SYN-COSE-VPLUS_EdDSA,L4,kontrol-EdDSA,kabul,uygulanamaz,bicim-desteklenmiyor,B6: MAPPING.md (API incelemesi),uygulanamaz,mirror:COSE-VPLUS_EdDSA (accept-classical)
JOSE-102,SYN-COSE-VPLUS_EdDSA,L4-S,kontrol-EdDSA,kabul,uygulanamaz,bicim-desteklenmiyor,B6: MAPPING.md (API incelemesi),uygulanamaz,mirror:COSE-VPLUS_EdDSA (accept-classical)
JOSE-102,SYN-COSE-VPLUS_EdDSA,L4-Y,kontrol-EdDSA,kabul,uygulanamaz,bicim-desteklenmiyor,B6: MAPPING.md (API incelemesi),uygulanamaz,mirror:COSE-VPLUS_EdDSA (accept-classical)
JOSE-102,SYN-COSE-VPLUS_EdDSA,P0,kontrol-EdDSA,kabul,uygulanamaz,bicim-desteklenmiyor,B6: MAPPING.md (API incelemesi),uygulanamaz,mirror:COSE-VPLUS_EdDSA (accept-classical)
JOSE-102,SYN-COSE-VPLUS_ML-DSA-65,GEC,tedavi-ML-DSA-65,kabul,uygulanamaz,bicim-desteklenmiyor,B6: MAPPING.md (API incelemesi),uygulanamaz,mirror:COSE-VPLUS_ML-DSA-65 (accept-hybrid)
JOSE-102,SYN-COSE-VPLUS_ML-DSA-65,IZIN-AX,tedavi-ML-DSA-65,kabul,uygulanamaz,bicim-desteklenmiyor,B6: MAPPING.md (API incelemesi),uygulanamaz,mirror:COSE-VPLUS_ML-DSA-65 (accept-hybrid)
JOSE-102,SYN-COSE-VPLUS_ML-DSA-65,L4,tedavi-ML-DSA-65,kabul,uygulanamaz,bicim-desteklenmiyor,B6: MAPPING.md (API incelemesi),uygulanamaz,mirror:COSE-VPLUS_ML-DSA-65 (accept-hybrid)
JOSE-102,SYN-COSE-VPLUS_ML-DSA-65,L4-S,tedavi-ML-DSA-65,kabul,uygulanamaz,bicim-desteklenmiyor,B6: MAPPING.md (API incelemesi),uygulanamaz,mirror:COSE-VPLUS_ML-DSA-65 (accept-hybrid)
JOSE-102,SYN-COSE-VPLUS_ML-DSA-65,L4-Y,tedavi-ML-DSA-65,kabul,uygulanamaz,bicim-desteklenmiyor,B6: MAPPING.md (API incelemesi),uygulanamaz,mirror:COSE-VPLUS_ML-DSA-65 (accept-hybrid)
JOSE-102,SYN-COSE-VPLUS_ML-DSA-65,P0,tedavi-ML-DSA-65,kabul,uygulanamaz,bicim-desteklenmiyor,B6: MAPPING.md (API incelemesi),uygulanamaz,mirror:COSE-VPLUS_ML-DSA-65 (accept-hybrid)
JOSE-102,SYN-D-VCX_EdDSA_kid,GEC,kontrol-EdDSA,kabul,uygulanamaz,bicim-desteklenmiyor,B6: MAPPING.md (API incelemesi),uygulanamaz,derived:analogue VPLUS_EdDSA (accept-classical)
JOSE-102,SYN-D-VCX_EdDSA_kid,IZIN-AX,kontrol-EdDSA,kabul,uygulanamaz,bicim-desteklenmiyor,B6: MAPPING.md (API incelemesi),uygulanamaz,derived:analogue VPLUS_EdDSA (accept-classical)
JOSE-102,SYN-D-VCX_EdDSA_kid,L4,kontrol-EdDSA,kabul,uygulanamaz,bicim-desteklenmiyor,B6: MAPPING.md (API incelemesi),uygulanamaz,derived:analogue VPLUS_EdDSA (accept-classical)
JOSE-102,SYN-D-VCX_EdDSA_kid,L4-S,kontrol-EdDSA,kabul,uygulanamaz,bicim-desteklenmiyor,B6: MAPPING.md (API incelemesi),uygulanamaz,derived:analogue VPLUS_EdDSA (accept-classical)
JOSE-102,SYN-D-VCX_EdDSA_kid,L4-Y,kontrol-EdDSA,kabul,uygulanamaz,bicim-desteklenmiyor,B6: MAPPING.md (API incelemesi),uygulanamaz,derived:analogue VPLUS_EdDSA (accept-classical)
JOSE-102,SYN-D-VCX_EdDSA_kid,P0,kontrol-EdDSA,kabul,uygulanamaz,bicim-desteklenmiyor,B6: MAPPING.md (API incelemesi),uygulanamaz,derived:analogue VPLUS_EdDSA (accept-classical)
JOSE-102,SYN-L4C-COSE_eski_ES256,GEC,kontrol-EdDSA,kabul,uygulanamaz,bicim-desteklenmiyor,B6: MAPPING.md (API incelemesi),uygulanamaz,mirror:L4C-COSE_eski_ES256 (accept-classical)
JOSE-102,SYN-L4C-COSE_eski_ES256,GEC,tedavi-ML-DSA-65,kabul,uygulanamaz,bicim-desteklenmiyor,B6: MAPPING.md (API incelemesi),uygulanamaz,mirror:L4C-COSE_eski_ES256 (accept-classical)
JOSE-102,SYN-L4C-COSE_eski_ES256,IZIN-A,kontrol-EdDSA,kabul,uygulanamaz,bicim-desteklenmiyor,B6: MAPPING.md (API incelemesi),uygulanamaz,mirror:L4C-COSE_eski_ES256 (accept-classical)
JOSE-102,SYN-L4C-COSE_eski_ES256,IZIN-A,tedavi-ML-DSA-65,kabul,uygulanamaz,bicim-desteklenmiyor,B6: MAPPING.md (API incelemesi),uygulanamaz,mirror:L4C-COSE_eski_ES256 (accept-classical)
JOSE-102,SYN-L4C-COSE_eski_ES256,IZIN-AX,kontrol-EdDSA,kabul,uygulanamaz,bicim-desteklenmiyor,B6: MAPPING.md (API incelemesi),uygulanamaz,mirror:L4C-COSE_eski_ES256 (accept-classical)
JOSE-102,SYN-L4C-COSE_eski_ES256,IZIN-AX,tedavi-ML-DSA-65,kabul,uygulanamaz,bicim-desteklenmiyor,B6: MAPPING.md (API incelemesi),uygulanamaz,mirror:L4C-COSE_eski_ES256 (accept-classical)
JOSE-102,SYN-L4C-COSE_eski_ES256,L4,kontrol-EdDSA,kabul,uygulanamaz,bicim-desteklenmiyor,B6: MAPPING.md (API incelemesi),uygulanamaz,mirror:L4C-COSE_eski_ES256 (accept-classical)
JOSE-102,SYN-L4C-COSE_eski_ES256,L4,tedavi-ML-DSA-65,kabul,uygulanamaz,bicim-desteklenmiyor,B6: MAPPING.md (API incelemesi),uygulanamaz,mirror:L4C-COSE_eski_ES256 (accept-classical)
JOSE-102,SYN-L4C-COSE_eski_ES256,L4-S,kontrol-EdDSA,kabul,uygulanamaz,bicim-desteklenmiyor,B6: MAPPING.md (API incelemesi),uygulanamaz,mirror:L4C-COSE_eski_ES256 (accept-classical)
JOSE-102,SYN-L4C-COSE_eski_ES256,L4-S,tedavi-ML-DSA-65,kabul,uygulanamaz,bicim-desteklenmiyor,B6: MAPPING.md (API incelemesi),uygulanamaz,mirror:L4C-COSE_eski_ES256 (accept-classical)
JOSE-102,SYN-L4C-COSE_eski_ES256,L4-Y,kontrol-EdDSA,kabul,uygulanamaz,bicim-desteklenmiyor,B6: MAPPING.md (API incelemesi),uygulanamaz,mirror:L4C-COSE_eski_ES256 (accept-classical)
JOSE-102,SYN-L4C-COSE_eski_ES256,L4-Y,tedavi-ML-DSA-65,kabul,uygulanamaz,bicim-desteklenmiyor,B6: MAPPING.md (API incelemesi),uygulanamaz,mirror:L4C-COSE_eski_ES256 (accept-classical)
JOSE-102,SYN-L4C-JOSE_eski_ES256,GEC,kontrol-EdDSA,kabul,kabul,,,uyumlu,mirror:L4C-JOSE_eski_ES256 (accept-classical)
JOSE-102,SYN-L4C-JOSE_eski_ES256,GEC,tedavi-ML-DSA-65,kabul,kabul,,,uyumlu,mirror:L4C-JOSE_eski_ES256 (accept-classical)
JOSE-102,SYN-L4C-JOSE_eski_ES256,IZIN-A,kontrol-EdDSA,kabul,kabul,,,uyumlu,mirror:L4C-JOSE_eski_ES256 (accept-classical)
JOSE-102,SYN-L4C-JOSE_eski_ES256,IZIN-A,tedavi-ML-DSA-65,kabul,kabul,,,uyumlu,mirror:L4C-JOSE_eski_ES256 (accept-classical)
JOSE-102,SYN-L4C-JOSE_eski_ES256,IZIN-AX,kontrol-EdDSA,kabul,kabul,,,uyumlu,mirror:L4C-JOSE_eski_ES256 (accept-classical)
JOSE-102,SYN-L4C-JOSE_eski_ES256,IZIN-AX,tedavi-ML-DSA-65,kabul,kabul,,,uyumlu,mirror:L4C-JOSE_eski_ES256 (accept-classical)
JOSE-102,SYN-L4C-JOSE_eski_ES256,L4,kontrol-EdDSA,kabul,kabul,,,uyumlu,mirror:L4C-JOSE_eski_ES256 (accept-classical)
JOSE-102,SYN-L4C-JOSE_eski_ES256,L4,tedavi-ML-DSA-65,kabul,kabul,,,uyumlu,mirror:L4C-JOSE_eski_ES256 (accept-classical)
JOSE-102,SYN-L4C-JOSE_eski_ES256,L4-S,kontrol-EdDSA,kabul,kabul,,,uyumlu,mirror:L4C-JOSE_eski_ES256 (accept-classical)
JOSE-102,SYN-L4C-JOSE_eski_ES256,L4-S,tedavi-ML-DSA-65,kabul,kabul,,,uyumlu,mirror:L4C-JOSE_eski_ES256 (accept-classical)
JOSE-102,SYN-L4C-JOSE_eski_ES256,L4-Y,kontrol-EdDSA,kabul,kabul,,,uyumlu,mirror:L4C-JOSE_eski_ES256 (accept-classical)
JOSE-102,SYN-L4C-JOSE_eski_ES256,L4-Y,tedavi-ML-DSA-65,kabul,kabul,,,uyumlu,mirror:L4C-JOSE_eski_ES256 (accept-classical)
JOSE-102,SYN-T1K_both_valid,L4,kontrol-EdDSA,kabul,uygulanamaz,bicim-desteklenmiyor,B6: MAPPING.md (API incelemesi),uygulanamaz,mirror:T1K_both_valid (accept-classical)
JOSE-102,SYN-T1K_both_valid,L4-S,kontrol-EdDSA,kabul,uygulanamaz,bicim-desteklenmiyor,B6: MAPPING.md (API incelemesi),uygulanamaz,mirror:T1K_both_valid (accept-classical)
JOSE-102,SYN-T1K_both_valid,L4-Y,kontrol-EdDSA,kabul,uygulanamaz,bicim-desteklenmiyor,B6: MAPPING.md (API incelemesi),uygulanamaz,mirror:T1K_both_valid (accept-classical)
JOSE-102,SYN-T1K_both_valid,P0,kontrol-EdDSA,kabul,uygulanamaz,bicim-desteklenmiyor,B6: MAPPING.md (API incelemesi),uygulanamaz,mirror:T1K_both_valid (accept-classical)
JOSE-102,SYN-T1K_both_valid,P1,kontrol-EdDSA,kabul,uygulanamaz,bicim-desteklenmiyor,B6: MAPPING.md (API incelemesi),uygulanamaz,mirror:T1K_both_valid (accept-classical)
JOSE-102,SYN-T1K_both_valid-SIRA-ters,L4,kontrol-EdDSA,kabul,uygulanamaz,bicim-desteklenmiyor,B6: MAPPING.md (API incelemesi),uygulanamaz,mirror:T1K_both_valid-SIRA-ters (accept-classical)
JOSE-102,SYN-T1K_both_valid-SIRA-ters,L4-S,kontrol-EdDSA,kabul,uygulanamaz,bicim-desteklenmiyor,B6: MAPPING.md (API incelemesi),uygulanamaz,mirror:T1K_both_valid-SIRA-ters (accept-classical)
JOSE-102,SYN-T1K_both_valid-SIRA-ters,L4-Y,kontrol-EdDSA,kabul,uygulanamaz,bicim-desteklenmiyor,B6: MAPPING.md (API incelemesi),uygulanamaz,mirror:T1K_both_valid-SIRA-ters (accept-classical)
JOSE-102,SYN-T1K_both_valid-SIRA-ters,P0,kontrol-EdDSA,kabul,uygulanamaz,bicim-desteklenmiyor,B6: MAPPING.md (API incelemesi),uygulanamaz,mirror:T1K_both_valid-SIRA-ters (accept-classical)
JOSE-102,SYN-T1K_both_valid-SIRA-ters,P1,kontrol-EdDSA,kabul,uygulanamaz,bicim-desteklenmiyor,B6: MAPPING.md (API incelemesi),uygulanamaz,mirror:T1K_both_valid-SIRA-ters (accept-classical)
JOSE-102,SYN-T1P_both_valid,L4,tedavi-ML-DSA-65,kabul,uygulanamaz,bicim-desteklenmiyor,B6: MAPPING.md (API incelemesi),uygulanamaz,mirror:T1P_both_valid (accept-hybrid)
JOSE-102,SYN-T1P_both_valid,L4-S,tedavi-ML-DSA-65,kabul,uygulanamaz,bicim-desteklenmiyor,B6: MAPPING.md (API incelemesi),uygulanamaz,mirror:T1P_both_valid (accept-hybrid)
JOSE-102,SYN-T1P_both_valid,L4-Y,tedavi-ML-DSA-65,kabul,uygulanamaz,bicim-desteklenmiyor,B6: MAPPING.md (API incelemesi),uygulanamaz,mirror:T1P_both_valid (accept-hybrid)
JOSE-102,SYN-T1P_both_valid,P0,tedavi-ML-DSA-65,kabul,uygulanamaz,bicim-desteklenmiyor,B6: MAPPING.md (API incelemesi),uygulanamaz,mirror:T1P_both_valid (accept-classical)
JOSE-102,SYN-T1P_both_valid,P1,tedavi-ML-DSA-65,kabul,uygulanamaz,bicim-desteklenmiyor,B6: MAPPING.md (API incelemesi),uygulanamaz,mirror:T1P_both_valid (accept-hybrid)
JOSE-102,SYN-T1P_both_valid-SIRA-ters,L4,tedavi-ML-DSA-65,kabul,uygulanamaz,bicim-desteklenmiyor,B6: MAPPING.md (API incelemesi),uygulanamaz,mirror:T1P_both_valid-SIRA-ters (accept-hybrid)
JOSE-102,SYN-T1P_both_valid-SIRA-ters,L4-S,tedavi-ML-DSA-65,kabul,uygulanamaz,bicim-desteklenmiyor,B6: MAPPING.md (API incelemesi),uygulanamaz,mirror:T1P_both_valid-SIRA-ters (accept-hybrid)
JOSE-102,SYN-T1P_both_valid-SIRA-ters,L4-Y,tedavi-ML-DSA-65,kabul,uygulanamaz,bicim-desteklenmiyor,B6: MAPPING.md (API incelemesi),uygulanamaz,mirror:T1P_both_valid-SIRA-ters (accept-hybrid)
JOSE-102,SYN-T1P_both_valid-SIRA-ters,P0,tedavi-ML-DSA-65,kabul,uygulanamaz,bicim-desteklenmiyor,B6: MAPPING.md (API incelemesi),uygulanamaz,mirror:T1P_both_valid-SIRA-ters (accept-classical)
JOSE-102,SYN-T1P_both_valid-SIRA-ters,P1,tedavi-ML-DSA-65,kabul,uygulanamaz,bicim-desteklenmiyor,B6: MAPPING.md (API incelemesi),uygulanamaz,mirror:T1P_both_valid-SIRA-ters (accept-hybrid)
JOSE-102,SYN-T5K_only_EdDSA,GEC,kontrol-EdDSA,kabul,uygulanamaz,bicim-desteklenmiyor,B6: MAPPING.md (API incelemesi),uygulanamaz,mirror:T5K_only_EdDSA (accept-classical)
JOSE-102,SYN-T5K_only_EdDSA,IZIN-AX,kontrol-EdDSA,kabul,uygulanamaz,bicim-desteklenmiyor,B6: MAPPING.md (API incelemesi),uygulanamaz,mirror:T5K_only_EdDSA (accept-classical)
JOSE-102,SYN-T5K_only_EdDSA,L4,kontrol-EdDSA,kabul,uygulanamaz,bicim-desteklenmiyor,B6: MAPPING.md (API incelemesi),uygulanamaz,mirror:T5K_only_EdDSA (accept-classical)
JOSE-102,SYN-T5K_only_EdDSA,L4-S,kontrol-EdDSA,kabul,uygulanamaz,bicim-desteklenmiyor,B6: MAPPING.md (API incelemesi),uygulanamaz,mirror:T5K_only_EdDSA (accept-classical)
JOSE-102,SYN-T5K_only_EdDSA,L4-Y,kontrol-EdDSA,kabul,uygulanamaz,bicim-desteklenmiyor,B6: MAPPING.md (API incelemesi),uygulanamaz,mirror:T5K_only_EdDSA (accept-classical)
JOSE-102,SYN-T5K_only_EdDSA,P0,kontrol-EdDSA,kabul,uygulanamaz,bicim-desteklenmiyor,B6: MAPPING.md (API incelemesi),uygulanamaz,mirror:T5K_only_EdDSA (accept-classical)
JOSE-102,SYN-T5K_only_EdDSA,P1,kontrol-EdDSA,kabul,uygulanamaz,bicim-desteklenmiyor,B6: MAPPING.md (API incelemesi),uygulanamaz,mirror:T5K_only_EdDSA (accept-classical)
JOSE-102,SYN-T5P_only_ML-DSA-65,GEC,tedavi-ML-DSA-65,kabul,uygulanamaz,bicim-desteklenmiyor,B6: MAPPING.md (API incelemesi),uygulanamaz,mirror:T5P_only_ML-DSA-65 (accept-hybrid)
JOSE-102,SYN-T5P_only_ML-DSA-65,IZIN-AX,tedavi-ML-DSA-65,kabul,uygulanamaz,bicim-desteklenmiyor,B6: MAPPING.md (API incelemesi),uygulanamaz,mirror:T5P_only_ML-DSA-65 (accept-hybrid)
JOSE-102,SYN-T5P_only_ML-DSA-65,L4,tedavi-ML-DSA-65,kabul,uygulanamaz,bicim-desteklenmiyor,B6: MAPPING.md (API incelemesi),uygulanamaz,mirror:T5P_only_ML-DSA-65 (accept-hybrid)
JOSE-102,SYN-T5P_only_ML-DSA-65,L4-S,tedavi-ML-DSA-65,kabul,uygulanamaz,bicim-desteklenmiyor,B6: MAPPING.md (API incelemesi),uygulanamaz,mirror:T5P_only_ML-DSA-65 (accept-hybrid)
JOSE-102,SYN-T5P_only_ML-DSA-65,L4-Y,tedavi-ML-DSA-65,kabul,uygulanamaz,bicim-desteklenmiyor,B6: MAPPING.md (API incelemesi),uygulanamaz,mirror:T5P_only_ML-DSA-65 (accept-hybrid)
JOSE-102,SYN-T5P_only_ML-DSA-65,P0,tedavi-ML-DSA-65,kabul,uygulanamaz,bicim-desteklenmiyor,B6: MAPPING.md (API incelemesi),uygulanamaz,mirror:T5P_only_ML-DSA-65 (accept-hybrid)
JOSE-102,SYN-T5P_only_ML-DSA-65,P1,tedavi-ML-DSA-65,kabul,uygulanamaz,bicim-desteklenmiyor,B6: MAPPING.md (API incelemesi),uygulanamaz,mirror:T5P_only_ML-DSA-65 (accept-hybrid)
JOSE-102,SYN-VC01_ES256_x5c,GEC,kontrol-EdDSA,kabul,uygulanamaz,bicim-desteklenmiyor,B6: MAPPING.md (API incelemesi),uygulanamaz,mirror:VC01_ES256_x5c (accept-classical)
JOSE-102,SYN-VC01_ES256_x5c,GEC,tedavi-ML-DSA-65,kabul,uygulanamaz,bicim-desteklenmiyor,B6: MAPPING.md (API incelemesi),uygulanamaz,mirror:VC01_ES256_x5c (accept-classical)
JOSE-102,SYN-VC01_ES256_x5c,IZIN-A,kontrol-EdDSA,kabul,uygulanamaz,bicim-desteklenmiyor,B6: MAPPING.md (API incelemesi),uygulanamaz,mirror:VC01_ES256_x5c (accept-classical)
JOSE-102,SYN-VC01_ES256_x5c,IZIN-A,tedavi-ML-DSA-65,kabul,uygulanamaz,bicim-desteklenmiyor,B6: MAPPING.md (API incelemesi),uygulanamaz,mirror:VC01_ES256_x5c (accept-classical)
JOSE-102,SYN-VC01_ES256_x5c,IZIN-AX,kontrol-EdDSA,kabul,uygulanamaz,bicim-desteklenmiyor,B6: MAPPING.md (API incelemesi),uygulanamaz,mirror:VC01_ES256_x5c (accept-classical)
JOSE-102,SYN-VC01_ES256_x5c,IZIN-AX,tedavi-ML-DSA-65,kabul,uygulanamaz,bicim-desteklenmiyor,B6: MAPPING.md (API incelemesi),uygulanamaz,mirror:VC01_ES256_x5c (accept-classical)
JOSE-102,SYN-VC01_ES256_x5c,P0,kontrol-EdDSA,kabul,uygulanamaz,bicim-desteklenmiyor,B6: MAPPING.md (API incelemesi),uygulanamaz,mirror:VC01_ES256_x5c (accept-classical)
JOSE-102,SYN-VC01_ES256_x5c,P0,tedavi-ML-DSA-65,kabul,uygulanamaz,bicim-desteklenmiyor,B6: MAPPING.md (API incelemesi),uygulanamaz,mirror:VC01_ES256_x5c (accept-classical)
JOSE-102,SYN-VC02_MLDSA65_x5c,GEC,tedavi-ML-DSA-65,kabul,uygulanamaz,bicim-desteklenmiyor,B6: MAPPING.md (API incelemesi),uygulanamaz,mirror:VC02_MLDSA65_x5c (accept-hybrid)
JOSE-102,SYN-VC02_MLDSA65_x5c,IZIN-AX,tedavi-ML-DSA-65,kabul,uygulanamaz,bicim-desteklenmiyor,B6: MAPPING.md (API incelemesi),uygulanamaz,mirror:VC02_MLDSA65_x5c (accept-hybrid)
JOSE-102,SYN-VC02_MLDSA65_x5c,L4,tedavi-ML-DSA-65,kabul,uygulanamaz,bicim-desteklenmiyor,B6: MAPPING.md (API incelemesi),uygulanamaz,mirror:VC02_MLDSA65_x5c (accept-hybrid)
JOSE-102,SYN-VC02_MLDSA65_x5c,L4-S,tedavi-ML-DSA-65,kabul,uygulanamaz,bicim-desteklenmiyor,B6: MAPPING.md (API incelemesi),uygulanamaz,mirror:VC02_MLDSA65_x5c (accept-hybrid)
JOSE-102,SYN-VC02_MLDSA65_x5c,L4-Y,tedavi-ML-DSA-65,kabul,uygulanamaz,bicim-desteklenmiyor,B6: MAPPING.md (API incelemesi),uygulanamaz,mirror:VC02_MLDSA65_x5c (accept-hybrid)
JOSE-102,SYN-VC02_MLDSA65_x5c,P0,tedavi-ML-DSA-65,kabul,uygulanamaz,bicim-desteklenmiyor,B6: MAPPING.md (API incelemesi),uygulanamaz,mirror:VC02_MLDSA65_x5c (accept-hybrid)
JOSE-102,SYN-VC07_GJ_ES256_MLDSA65,L4,tedavi-ML-DSA-65,kabul,uygulanamaz,bicim-desteklenmiyor,B6: MAPPING.md (API incelemesi),uygulanamaz,mirror:VC07_GJ_ES256_MLDSA65 (accept-hybrid)
JOSE-102,SYN-VC07_GJ_ES256_MLDSA65,L4-S,tedavi-ML-DSA-65,kabul,uygulanamaz,bicim-desteklenmiyor,B6: MAPPING.md (API incelemesi),uygulanamaz,mirror:VC07_GJ_ES256_MLDSA65 (accept-hybrid)
JOSE-102,SYN-VC07_GJ_ES256_MLDSA65,L4-Y,tedavi-ML-DSA-65,kabul,uygulanamaz,bicim-desteklenmiyor,B6: MAPPING.md (API incelemesi),uygulanamaz,mirror:VC07_GJ_ES256_MLDSA65 (accept-hybrid)
JOSE-102,SYN-VC07_GJ_ES256_MLDSA65,P0,tedavi-ML-DSA-65,kabul,uygulanamaz,bicim-desteklenmiyor,B6: MAPPING.md (API incelemesi),uygulanamaz,mirror:VC07_GJ_ES256_MLDSA65 (accept-classical)
JOSE-102,SYN-VC07_GJ_ES256_MLDSA65,P1,tedavi-ML-DSA-65,kabul,uygulanamaz,bicim-desteklenmiyor,B6: MAPPING.md (API incelemesi),uygulanamaz,mirror:VC07_GJ_ES256_MLDSA65 (accept-hybrid)
JOSE-102,SYN-VC07_GJ_ES256_MLDSA65-SIRA-ters,L4,tedavi-ML-DSA-65,kabul,uygulanamaz,bicim-desteklenmiyor,B6: MAPPING.md (API incelemesi),uygulanamaz,mirror:VC07_GJ_ES256_MLDSA65-SIRA-ters (accept-hybrid)
JOSE-102,SYN-VC07_GJ_ES256_MLDSA65-SIRA-ters,L4-S,tedavi-ML-DSA-65,kabul,uygulanamaz,bicim-desteklenmiyor,B6: MAPPING.md (API incelemesi),uygulanamaz,mirror:VC07_GJ_ES256_MLDSA65-SIRA-ters (accept-hybrid)
JOSE-102,SYN-VC07_GJ_ES256_MLDSA65-SIRA-ters,L4-Y,tedavi-ML-DSA-65,kabul,uygulanamaz,bicim-desteklenmiyor,B6: MAPPING.md (API incelemesi),uygulanamaz,mirror:VC07_GJ_ES256_MLDSA65-SIRA-ters (accept-hybrid)
JOSE-102,SYN-VC07_GJ_ES256_MLDSA65-SIRA-ters,P0,tedavi-ML-DSA-65,kabul,uygulanamaz,bicim-desteklenmiyor,B6: MAPPING.md (API incelemesi),uygulanamaz,mirror:VC07_GJ_ES256_MLDSA65-SIRA-ters (accept-classical)
JOSE-102,SYN-VC07_GJ_ES256_MLDSA65-SIRA-ters,P1,tedavi-ML-DSA-65,kabul,uygulanamaz,bicim-desteklenmiyor,B6: MAPPING.md (API incelemesi),uygulanamaz,mirror:VC07_GJ_ES256_MLDSA65-SIRA-ters (accept-hybrid)
JOSE-102,SYN-VC09_GJ_ES256_EdDSA,L4,kontrol-EdDSA,kabul,uygulanamaz,bicim-desteklenmiyor,B6: MAPPING.md (API incelemesi),uygulanamaz,mirror:VC09_GJ_ES256_EdDSA (accept-classical)
JOSE-102,SYN-VC09_GJ_ES256_EdDSA,L4-S,kontrol-EdDSA,kabul,uygulanamaz,bicim-desteklenmiyor,B6: MAPPING.md (API incelemesi),uygulanamaz,mirror:VC09_GJ_ES256_EdDSA (accept-classical)
JOSE-102,SYN-VC09_GJ_ES256_EdDSA,L4-Y,kontrol-EdDSA,kabul,uygulanamaz,bicim-desteklenmiyor,B6: MAPPING.md (API incelemesi),uygulanamaz,mirror:VC09_GJ_ES256_EdDSA (accept-classical)
JOSE-102,SYN-VC09_GJ_ES256_EdDSA,P0,kontrol-EdDSA,kabul,uygulanamaz,bicim-desteklenmiyor,B6: MAPPING.md (API incelemesi),uygulanamaz,mirror:VC09_GJ_ES256_EdDSA (accept-classical)
JOSE-102,SYN-VC09_GJ_ES256_EdDSA,P1,kontrol-EdDSA,kabul,uygulanamaz,bicim-desteklenmiyor,B6: MAPPING.md (API incelemesi),uygulanamaz,mirror:VC09_GJ_ES256_EdDSA (accept-classical)
JOSE-102,SYN-VC09_GJ_ES256_EdDSA-SIRA-ters,L4,kontrol-EdDSA,kabul,uygulanamaz,bicim-desteklenmiyor,B6: MAPPING.md (API incelemesi),uygulanamaz,mirror:VC09_GJ_ES256_EdDSA-SIRA-ters (accept-classical)
JOSE-102,SYN-VC09_GJ_ES256_EdDSA-SIRA-ters,L4-S,kontrol-EdDSA,kabul,uygulanamaz,bicim-desteklenmiyor,B6: MAPPING.md (API incelemesi),uygulanamaz,mirror:VC09_GJ_ES256_EdDSA-SIRA-ters (accept-classical)
JOSE-102,SYN-VC09_GJ_ES256_EdDSA-SIRA-ters,L4-Y,kontrol-EdDSA,kabul,uygulanamaz,bicim-desteklenmiyor,B6: MAPPING.md (API incelemesi),uygulanamaz,mirror:VC09_GJ_ES256_EdDSA-SIRA-ters (accept-classical)
JOSE-102,SYN-VC09_GJ_ES256_EdDSA-SIRA-ters,P0,kontrol-EdDSA,kabul,uygulanamaz,bicim-desteklenmiyor,B6: MAPPING.md (API incelemesi),uygulanamaz,mirror:VC09_GJ_ES256_EdDSA-SIRA-ters (accept-classical)
JOSE-102,SYN-VC09_GJ_ES256_EdDSA-SIRA-ters,P1,kontrol-EdDSA,kabul,uygulanamaz,bicim-desteklenmiyor,B6: MAPPING.md (API incelemesi),uygulanamaz,mirror:VC09_GJ_ES256_EdDSA-SIRA-ters (accept-classical)
JOSE-102,SYN-VPLUS_ES256,GEC,kontrol-EdDSA,kabul,kabul,,,uyumlu,mirror:VPLUS_ES256 (accept-classical)
JOSE-102,SYN-VPLUS_ES256,GEC,tedavi-ML-DSA-65,kabul,kabul,,,uyumlu,mirror:VPLUS_ES256 (accept-classical)
JOSE-102,SYN-VPLUS_ES256,IZIN-A,kontrol-EdDSA,kabul,kabul,,,uyumlu,mirror:VPLUS_ES256 (accept-classical)
JOSE-102,SYN-VPLUS_ES256,IZIN-A,tedavi-ML-DSA-65,kabul,kabul,,,uyumlu,mirror:VPLUS_ES256 (accept-classical)
JOSE-102,SYN-VPLUS_ES256,IZIN-AX,kontrol-EdDSA,kabul,kabul,,,uyumlu,mirror:VPLUS_ES256 (accept-classical)
JOSE-102,SYN-VPLUS_ES256,IZIN-AX,tedavi-ML-DSA-65,kabul,kabul,,,uyumlu,mirror:VPLUS_ES256 (accept-classical)
JOSE-102,SYN-VPLUS_ES256,P0,kontrol-EdDSA,kabul,kabul,,,uyumlu,mirror:VPLUS_ES256 (accept-classical)
JOSE-102,SYN-VPLUS_ES256,P0,tedavi-ML-DSA-65,kabul,kabul,,,uyumlu,mirror:VPLUS_ES256 (accept-classical)
JOSE-102,SYN-VPLUS_EdDSA,GEC,kontrol-EdDSA,kabul,kabul,,,uyumlu,mirror:VPLUS_EdDSA (accept-classical)
JOSE-102,SYN-VPLUS_EdDSA,IZIN-AX,kontrol-EdDSA,kabul,kabul,,,uyumlu,mirror:VPLUS_EdDSA (accept-classical)
JOSE-102,SYN-VPLUS_EdDSA,L4,kontrol-EdDSA,kabul,kabul,,,uyumlu,mirror:VPLUS_EdDSA (accept-classical)
JOSE-102,SYN-VPLUS_EdDSA,L4-S,kontrol-EdDSA,kabul,kabul,,,uyumlu,mirror:VPLUS_EdDSA (accept-classical)
JOSE-102,SYN-VPLUS_EdDSA,L4-Y,kontrol-EdDSA,kabul,kabul,,,uyumlu,mirror:VPLUS_EdDSA (accept-classical)
JOSE-102,SYN-VPLUS_EdDSA,P0,kontrol-EdDSA,kabul,kabul,,,uyumlu,mirror:VPLUS_EdDSA (accept-classical)
JOSE-102,SYN-VPLUS_ML-DSA-65,GEC,tedavi-ML-DSA-65,kabul,kabul,,,uyumlu,mirror:VPLUS_ML-DSA-65 (accept-hybrid)
JOSE-102,SYN-VPLUS_ML-DSA-65,IZIN-AX,tedavi-ML-DSA-65,kabul,kabul,,,uyumlu,mirror:VPLUS_ML-DSA-65 (accept-hybrid)
JOSE-102,SYN-VPLUS_ML-DSA-65,L4,tedavi-ML-DSA-65,kabul,kabul,,,uyumlu,mirror:VPLUS_ML-DSA-65 (accept-hybrid)
JOSE-102,SYN-VPLUS_ML-DSA-65,L4-S,tedavi-ML-DSA-65,kabul,kabul,,,uyumlu,mirror:VPLUS_ML-DSA-65 (accept-hybrid)
JOSE-102,SYN-VPLUS_ML-DSA-65,L4-Y,tedavi-ML-DSA-65,kabul,kabul,,,uyumlu,mirror:VPLUS_ML-DSA-65 (accept-hybrid)
JOSE-102,SYN-VPLUS_ML-DSA-65,P0,tedavi-ML-DSA-65,kabul,kabul,,,uyumlu,mirror:VPLUS_ML-DSA-65 (accept-hybrid)
SDJWT-001,SYN-COSE-K1K_iki_gecerli-ES384,L4,kontrol-ES384,kabul,uygulanamaz,bicim-desteklenmiyor,,uygulanamaz,mirror:COSE-K1K_iki_gecerli-ES384 (accept-classical)
SDJWT-001,SYN-COSE-K1K_iki_gecerli-ES384,L4-S,kontrol-ES384,kabul,uygulanamaz,bicim-desteklenmiyor,,uygulanamaz,mirror:COSE-K1K_iki_gecerli-ES384 (accept-classical)
SDJWT-001,SYN-COSE-K1K_iki_gecerli-ES384,L4-Y,kontrol-ES384,kabul,uygulanamaz,bicim-desteklenmiyor,,uygulanamaz,mirror:COSE-K1K_iki_gecerli-ES384 (accept-classical)
SDJWT-001,SYN-COSE-K1K_iki_gecerli-ES384,P0,kontrol-ES384,kabul,uygulanamaz,bicim-desteklenmiyor,,uygulanamaz,mirror:COSE-K1K_iki_gecerli-ES384 (accept-classical)
SDJWT-001,SYN-COSE-K1K_iki_gecerli-ES384,P1,kontrol-ES384,kabul,uygulanamaz,bicim-desteklenmiyor,,uygulanamaz,mirror:COSE-K1K_iki_gecerli-ES384 (accept-classical)
SDJWT-001,SYN-COSE-K1K_iki_gecerli-SIRA-ters-ES384,L4,kontrol-ES384,kabul,uygulanamaz,bicim-desteklenmiyor,,uygulanamaz,mirror:COSE-K1K_iki_gecerli-SIRA-ters-ES384 (accept-classical)
SDJWT-001,SYN-COSE-K1K_iki_gecerli-SIRA-ters-ES384,L4-S,kontrol-ES384,kabul,uygulanamaz,bicim-desteklenmiyor,,uygulanamaz,mirror:COSE-K1K_iki_gecerli-SIRA-ters-ES384 (accept-classical)
SDJWT-001,SYN-COSE-K1K_iki_gecerli-SIRA-ters-ES384,L4-Y,kontrol-ES384,kabul,uygulanamaz,bicim-desteklenmiyor,,uygulanamaz,mirror:COSE-K1K_iki_gecerli-SIRA-ters-ES384 (accept-classical)
SDJWT-001,SYN-COSE-K1K_iki_gecerli-SIRA-ters-ES384,P0,kontrol-ES384,kabul,uygulanamaz,bicim-desteklenmiyor,,uygulanamaz,mirror:COSE-K1K_iki_gecerli-SIRA-ters-ES384 (accept-classical)
SDJWT-001,SYN-COSE-K1K_iki_gecerli-SIRA-ters-ES384,P1,kontrol-ES384,kabul,uygulanamaz,bicim-desteklenmiyor,,uygulanamaz,mirror:COSE-K1K_iki_gecerli-SIRA-ters-ES384 (accept-classical)
SDJWT-001,SYN-COSE-K4K_yalniz_X-ES384,GEC,kontrol-ES384,kabul,uygulanamaz,bicim-desteklenmiyor,,uygulanamaz,mirror:COSE-K4K_yalniz_X-ES384 (accept-classical)
SDJWT-001,SYN-COSE-K4K_yalniz_X-ES384,IZIN-AX,kontrol-ES384,kabul,uygulanamaz,bicim-desteklenmiyor,,uygulanamaz,mirror:COSE-K4K_yalniz_X-ES384 (accept-classical)
SDJWT-001,SYN-COSE-K4K_yalniz_X-ES384,L4,kontrol-ES384,kabul,uygulanamaz,bicim-desteklenmiyor,,uygulanamaz,mirror:COSE-K4K_yalniz_X-ES384 (accept-classical)
SDJWT-001,SYN-COSE-K4K_yalniz_X-ES384,L4-S,kontrol-ES384,kabul,uygulanamaz,bicim-desteklenmiyor,,uygulanamaz,mirror:COSE-K4K_yalniz_X-ES384 (accept-classical)
SDJWT-001,SYN-COSE-K4K_yalniz_X-ES384,L4-Y,kontrol-ES384,kabul,uygulanamaz,bicim-desteklenmiyor,,uygulanamaz,mirror:COSE-K4K_yalniz_X-ES384 (accept-classical)
SDJWT-001,SYN-COSE-K4K_yalniz_X-ES384,P0,kontrol-ES384,kabul,uygulanamaz,bicim-desteklenmiyor,,uygulanamaz,mirror:COSE-K4K_yalniz_X-ES384 (accept-classical)
SDJWT-001,SYN-COSE-K4K_yalniz_X-ES384,P1,kontrol-ES384,kabul,uygulanamaz,bicim-desteklenmiyor,,uygulanamaz,mirror:COSE-K4K_yalniz_X-ES384 (accept-classical)
SDJWT-001,SYN-COSE-VPLUS_ES256,GEC,kontrol-ES384,kabul,uygulanamaz,bicim-desteklenmiyor,,uygulanamaz,mirror:COSE-VPLUS_ES256 (accept-classical)
SDJWT-001,SYN-COSE-VPLUS_ES256,IZIN-A,kontrol-ES384,kabul,uygulanamaz,bicim-desteklenmiyor,,uygulanamaz,mirror:COSE-VPLUS_ES256 (accept-classical)
SDJWT-001,SYN-COSE-VPLUS_ES256,IZIN-AX,kontrol-ES384,kabul,uygulanamaz,bicim-desteklenmiyor,,uygulanamaz,mirror:COSE-VPLUS_ES256 (accept-classical)
SDJWT-001,SYN-COSE-VPLUS_ES256,P0,kontrol-ES384,kabul,uygulanamaz,bicim-desteklenmiyor,,uygulanamaz,mirror:COSE-VPLUS_ES256 (accept-classical)
SDJWT-001,SYN-COSE-VPLUS_EdDSA-ES384,GEC,kontrol-ES384,kabul,uygulanamaz,bicim-desteklenmiyor,,uygulanamaz,mirror:COSE-VPLUS_EdDSA-ES384 (accept-classical)
SDJWT-001,SYN-COSE-VPLUS_EdDSA-ES384,IZIN-AX,kontrol-ES384,kabul,uygulanamaz,bicim-desteklenmiyor,,uygulanamaz,mirror:COSE-VPLUS_EdDSA-ES384 (accept-classical)
SDJWT-001,SYN-COSE-VPLUS_EdDSA-ES384,L4,kontrol-ES384,kabul,uygulanamaz,bicim-desteklenmiyor,,uygulanamaz,mirror:COSE-VPLUS_EdDSA-ES384 (accept-classical)
SDJWT-001,SYN-COSE-VPLUS_EdDSA-ES384,L4-S,kontrol-ES384,kabul,uygulanamaz,bicim-desteklenmiyor,,uygulanamaz,mirror:COSE-VPLUS_EdDSA-ES384 (accept-classical)
SDJWT-001,SYN-COSE-VPLUS_EdDSA-ES384,L4-Y,kontrol-ES384,kabul,uygulanamaz,bicim-desteklenmiyor,,uygulanamaz,mirror:COSE-VPLUS_EdDSA-ES384 (accept-classical)
SDJWT-001,SYN-COSE-VPLUS_EdDSA-ES384,P0,kontrol-ES384,kabul,uygulanamaz,bicim-desteklenmiyor,,uygulanamaz,mirror:COSE-VPLUS_EdDSA-ES384 (accept-classical)
SDJWT-001,SYN-D-VCX_ES384_kid,GEC,kontrol-ES384,kabul,kabul,,,uyumlu,derived:analogue VPLUS_EdDSA-ES384 (accept-classical)
SDJWT-001,SYN-D-VCX_ES384_kid,IZIN-AX,kontrol-ES384,kabul,ifade-edilemedi,politika-api-yok,vck: algoritma izin listesi API'si yok,ifade-edilemedi,derived:analogue VPLUS_EdDSA-ES384 (accept-classical)
SDJWT-001,SYN-D-VCX_ES384_kid,L4,kontrol-ES384,kabul,ifade-edilemedi,politika-api-yok,vck: algoritma izin listesi API'si yok,ifade-edilemedi,derived:analogue VPLUS_EdDSA-ES384 (accept-classical)
SDJWT-001,SYN-D-VCX_ES384_kid,L4-S,kontrol-ES384,kabul,ifade-edilemedi,politika-api-yok,vck: algoritma izin listesi API'si yok,ifade-edilemedi,derived:analogue VPLUS_EdDSA-ES384 (accept-classical)
SDJWT-001,SYN-D-VCX_ES384_kid,L4-Y,kontrol-ES384,kabul,ifade-edilemedi,politika-api-yok,vck: algoritma izin listesi API'si yok,ifade-edilemedi,derived:analogue VPLUS_EdDSA-ES384 (accept-classical)
SDJWT-001,SYN-D-VCX_ES384_kid,P0,kontrol-ES384,kabul,kabul,,,uyumlu,derived:analogue VPLUS_EdDSA-ES384 (accept-classical)
SDJWT-001,SYN-L4C-COSE_eski_ES256,GEC,kontrol-ES384,kabul,uygulanamaz,bicim-desteklenmiyor,,uygulanamaz,mirror:L4C-COSE_eski_ES256 (accept-classical)
SDJWT-001,SYN-L4C-COSE_eski_ES256,IZIN-A,kontrol-ES384,kabul,uygulanamaz,bicim-desteklenmiyor,,uygulanamaz,mirror:L4C-COSE_eski_ES256 (accept-classical)
SDJWT-001,SYN-L4C-COSE_eski_ES256,IZIN-AX,kontrol-ES384,kabul,uygulanamaz,bicim-desteklenmiyor,,uygulanamaz,mirror:L4C-COSE_eski_ES256 (accept-classical)
SDJWT-001,SYN-L4C-COSE_eski_ES256,L4,kontrol-ES384,kabul,uygulanamaz,bicim-desteklenmiyor,,uygulanamaz,mirror:L4C-COSE_eski_ES256 (accept-classical)
SDJWT-001,SYN-L4C-COSE_eski_ES256,L4-S,kontrol-ES384,kabul,uygulanamaz,bicim-desteklenmiyor,,uygulanamaz,mirror:L4C-COSE_eski_ES256 (accept-classical)
SDJWT-001,SYN-L4C-COSE_eski_ES256,L4-Y,kontrol-ES384,kabul,uygulanamaz,bicim-desteklenmiyor,,uygulanamaz,mirror:L4C-COSE_eski_ES256 (accept-classical)
SDJWT-001,SYN-L4C-JOSE_eski_ES256,GEC,kontrol-ES384,kabul,kabul,,,uyumlu,mirror:L4C-JOSE_eski_ES256 (accept-classical)
SDJWT-001,SYN-L4C-JOSE_eski_ES256,IZIN-A,kontrol-ES384,kabul,ifade-edilemedi,politika-api-yok,vck: algoritma izin listesi API'si yok,ifade-edilemedi,mirror:L4C-JOSE_eski_ES256 (accept-classical)
SDJWT-001,SYN-L4C-JOSE_eski_ES256,IZIN-AX,kontrol-ES384,kabul,ifade-edilemedi,politika-api-yok,vck: algoritma izin listesi API'si yok,ifade-edilemedi,mirror:L4C-JOSE_eski_ES256 (accept-classical)
SDJWT-001,SYN-L4C-JOSE_eski_ES256,L4,kontrol-ES384,kabul,ifade-edilemedi,politika-api-yok,vck: algoritma izin listesi API'si yok,ifade-edilemedi,mirror:L4C-JOSE_eski_ES256 (accept-classical)
SDJWT-001,SYN-L4C-JOSE_eski_ES256,L4-S,kontrol-ES384,kabul,ifade-edilemedi,politika-api-yok,vck: algoritma izin listesi API'si yok,ifade-edilemedi,mirror:L4C-JOSE_eski_ES256 (accept-classical)
SDJWT-001,SYN-L4C-JOSE_eski_ES256,L4-Y,kontrol-ES384,kabul,ifade-edilemedi,politika-api-yok,vck: algoritma izin listesi API'si yok,ifade-edilemedi,mirror:L4C-JOSE_eski_ES256 (accept-classical)
SDJWT-001,SYN-T1K_both_valid-ES384,L4,kontrol-ES384,kabul,uygulanamaz,bicim-desteklenmiyor,,uygulanamaz,mirror:T1K_both_valid-ES384 (accept-classical)
SDJWT-001,SYN-T1K_both_valid-ES384,L4-S,kontrol-ES384,kabul,uygulanamaz,bicim-desteklenmiyor,,uygulanamaz,mirror:T1K_both_valid-ES384 (accept-classical)
SDJWT-001,SYN-T1K_both_valid-ES384,L4-Y,kontrol-ES384,kabul,uygulanamaz,bicim-desteklenmiyor,,uygulanamaz,mirror:T1K_both_valid-ES384 (accept-classical)
SDJWT-001,SYN-T1K_both_valid-ES384,P0,kontrol-ES384,kabul,uygulanamaz,bicim-desteklenmiyor,,uygulanamaz,mirror:T1K_both_valid-ES384 (accept-classical)
SDJWT-001,SYN-T1K_both_valid-ES384,P1,kontrol-ES384,kabul,uygulanamaz,bicim-desteklenmiyor,,uygulanamaz,mirror:T1K_both_valid-ES384 (accept-classical)
SDJWT-001,SYN-T1K_both_valid-SIRA-ters-ES384,L4,kontrol-ES384,kabul,uygulanamaz,bicim-desteklenmiyor,,uygulanamaz,mirror:T1K_both_valid-SIRA-ters-ES384 (accept-classical)
SDJWT-001,SYN-T1K_both_valid-SIRA-ters-ES384,L4-S,kontrol-ES384,kabul,uygulanamaz,bicim-desteklenmiyor,,uygulanamaz,mirror:T1K_both_valid-SIRA-ters-ES384 (accept-classical)
SDJWT-001,SYN-T1K_both_valid-SIRA-ters-ES384,L4-Y,kontrol-ES384,kabul,uygulanamaz,bicim-desteklenmiyor,,uygulanamaz,mirror:T1K_both_valid-SIRA-ters-ES384 (accept-classical)
SDJWT-001,SYN-T1K_both_valid-SIRA-ters-ES384,P0,kontrol-ES384,kabul,uygulanamaz,bicim-desteklenmiyor,,uygulanamaz,mirror:T1K_both_valid-SIRA-ters-ES384 (accept-classical)
SDJWT-001,SYN-T1K_both_valid-SIRA-ters-ES384,P1,kontrol-ES384,kabul,uygulanamaz,bicim-desteklenmiyor,,uygulanamaz,mirror:T1K_both_valid-SIRA-ters-ES384 (accept-classical)
SDJWT-001,SYN-T5K_only_EdDSA-ES384,GEC,kontrol-ES384,kabul,uygulanamaz,bicim-desteklenmiyor,,uygulanamaz,mirror:T5K_only_EdDSA-ES384 (accept-classical)
SDJWT-001,SYN-T5K_only_EdDSA-ES384,IZIN-AX,kontrol-ES384,kabul,uygulanamaz,bicim-desteklenmiyor,,uygulanamaz,mirror:T5K_only_EdDSA-ES384 (accept-classical)
SDJWT-001,SYN-T5K_only_EdDSA-ES384,L4,kontrol-ES384,kabul,uygulanamaz,bicim-desteklenmiyor,,uygulanamaz,mirror:T5K_only_EdDSA-ES384 (accept-classical)
SDJWT-001,SYN-T5K_only_EdDSA-ES384,L4-S,kontrol-ES384,kabul,uygulanamaz,bicim-desteklenmiyor,,uygulanamaz,mirror:T5K_only_EdDSA-ES384 (accept-classical)
SDJWT-001,SYN-T5K_only_EdDSA-ES384,L4-Y,kontrol-ES384,kabul,uygulanamaz,bicim-desteklenmiyor,,uygulanamaz,mirror:T5K_only_EdDSA-ES384 (accept-classical)
SDJWT-001,SYN-T5K_only_EdDSA-ES384,P0,kontrol-ES384,kabul,uygulanamaz,bicim-desteklenmiyor,,uygulanamaz,mirror:T5K_only_EdDSA-ES384 (accept-classical)
SDJWT-001,SYN-T5K_only_EdDSA-ES384,P1,kontrol-ES384,kabul,uygulanamaz,bicim-desteklenmiyor,,uygulanamaz,mirror:T5K_only_EdDSA-ES384 (accept-classical)
SDJWT-001,SYN-VC01_ES256_x5c,GEC,kontrol-ES384,kabul,kabul,,,uyumlu,mirror:VC01_ES256_x5c (accept-classical)
SDJWT-001,SYN-VC01_ES256_x5c,IZIN-A,kontrol-ES384,kabul,ifade-edilemedi,politika-api-yok,vck: algoritma izin listesi API'si yok,ifade-edilemedi,mirror:VC01_ES256_x5c (accept-classical)
SDJWT-001,SYN-VC01_ES256_x5c,IZIN-AX,kontrol-ES384,kabul,ifade-edilemedi,politika-api-yok,vck: algoritma izin listesi API'si yok,ifade-edilemedi,mirror:VC01_ES256_x5c (accept-classical)
SDJWT-001,SYN-VC01_ES256_x5c,P0,kontrol-ES384,kabul,kabul,,,uyumlu,mirror:VC01_ES256_x5c (accept-classical)
SDJWT-001,SYN-VC09_GJ_ES256_EdDSA-ES384,L4,kontrol-ES384,kabul,uygulanamaz,bicim-desteklenmiyor,,uygulanamaz,mirror:VC09_GJ_ES256_EdDSA-ES384 (accept-classical)
SDJWT-001,SYN-VC09_GJ_ES256_EdDSA-ES384,L4-S,kontrol-ES384,kabul,uygulanamaz,bicim-desteklenmiyor,,uygulanamaz,mirror:VC09_GJ_ES256_EdDSA-ES384 (accept-classical)
SDJWT-001,SYN-VC09_GJ_ES256_EdDSA-ES384,L4-Y,kontrol-ES384,kabul,uygulanamaz,bicim-desteklenmiyor,,uygulanamaz,mirror:VC09_GJ_ES256_EdDSA-ES384 (accept-classical)
SDJWT-001,SYN-VC09_GJ_ES256_EdDSA-ES384,P0,kontrol-ES384,kabul,uygulanamaz,bicim-desteklenmiyor,,uygulanamaz,mirror:VC09_GJ_ES256_EdDSA-ES384 (accept-classical)
SDJWT-001,SYN-VC09_GJ_ES256_EdDSA-ES384,P1,kontrol-ES384,kabul,uygulanamaz,bicim-desteklenmiyor,,uygulanamaz,mirror:VC09_GJ_ES256_EdDSA-ES384 (accept-classical)
SDJWT-001,SYN-VC09_GJ_ES256_EdDSA-SIRA-ters-ES384,L4,kontrol-ES384,kabul,uygulanamaz,bicim-desteklenmiyor,,uygulanamaz,mirror:VC09_GJ_ES256_EdDSA-SIRA-ters-ES384 (accept-classical)
SDJWT-001,SYN-VC09_GJ_ES256_EdDSA-SIRA-ters-ES384,L4-S,kontrol-ES384,kabul,uygulanamaz,bicim-desteklenmiyor,,uygulanamaz,mirror:VC09_GJ_ES256_EdDSA-SIRA-ters-ES384 (accept-classical)
SDJWT-001,SYN-VC09_GJ_ES256_EdDSA-SIRA-ters-ES384,L4-Y,kontrol-ES384,kabul,uygulanamaz,bicim-desteklenmiyor,,uygulanamaz,mirror:VC09_GJ_ES256_EdDSA-SIRA-ters-ES384 (accept-classical)
SDJWT-001,SYN-VC09_GJ_ES256_EdDSA-SIRA-ters-ES384,P0,kontrol-ES384,kabul,uygulanamaz,bicim-desteklenmiyor,,uygulanamaz,mirror:VC09_GJ_ES256_EdDSA-SIRA-ters-ES384 (accept-classical)
SDJWT-001,SYN-VC09_GJ_ES256_EdDSA-SIRA-ters-ES384,P1,kontrol-ES384,kabul,uygulanamaz,bicim-desteklenmiyor,,uygulanamaz,mirror:VC09_GJ_ES256_EdDSA-SIRA-ters-ES384 (accept-classical)
SDJWT-001,SYN-VPLUS_ES256,GEC,kontrol-ES384,kabul,kabul,,,uyumlu,mirror:VPLUS_ES256 (accept-classical)
SDJWT-001,SYN-VPLUS_ES256,IZIN-A,kontrol-ES384,kabul,ifade-edilemedi,politika-api-yok,vck: algoritma izin listesi API'si yok,ifade-edilemedi,mirror:VPLUS_ES256 (accept-classical)
SDJWT-001,SYN-VPLUS_ES256,IZIN-AX,kontrol-ES384,kabul,ifade-edilemedi,politika-api-yok,vck: algoritma izin listesi API'si yok,ifade-edilemedi,mirror:VPLUS_ES256 (accept-classical)
SDJWT-001,SYN-VPLUS_ES256,P0,kontrol-ES384,kabul,kabul,,,uyumlu,mirror:VPLUS_ES256 (accept-classical)
SDJWT-001,SYN-VPLUS_EdDSA-ES384,GEC,kontrol-ES384,kabul,kabul,,,uyumlu,mirror:VPLUS_EdDSA-ES384 (accept-classical)
SDJWT-001,SYN-VPLUS_EdDSA-ES384,IZIN-AX,kontrol-ES384,kabul,ifade-edilemedi,politika-api-yok,vck: algoritma izin listesi API'si yok,ifade-edilemedi,mirror:VPLUS_EdDSA-ES384 (accept-classical)
SDJWT-001,SYN-VPLUS_EdDSA-ES384,L4,kontrol-ES384,kabul,ifade-edilemedi,politika-api-yok,vck: algoritma izin listesi API'si yok,ifade-edilemedi,mirror:VPLUS_EdDSA-ES384 (accept-classical)
SDJWT-001,SYN-VPLUS_EdDSA-ES384,L4-S,kontrol-ES384,kabul,ifade-edilemedi,politika-api-yok,vck: algoritma izin listesi API'si yok,ifade-edilemedi,mirror:VPLUS_EdDSA-ES384 (accept-classical)
SDJWT-001,SYN-VPLUS_EdDSA-ES384,L4-Y,kontrol-ES384,kabul,ifade-edilemedi,politika-api-yok,vck: algoritma izin listesi API'si yok,ifade-edilemedi,mirror:VPLUS_EdDSA-ES384 (accept-classical)
SDJWT-001,SYN-VPLUS_EdDSA-ES384,P0,kontrol-ES384,kabul,kabul,,,uyumlu,mirror:VPLUS_EdDSA-ES384 (accept-classical)
SDJWT-002,SYN-COSE-K1K_iki_gecerli,L4,kontrol-EdDSA,kabul,uygulanamaz,bicim-desteklenmiyor,B6: MAPPING.md (API incelemesi),uygulanamaz,mirror:COSE-K1K_iki_gecerli (accept-classical)
SDJWT-002,SYN-COSE-K1K_iki_gecerli,L4-S,kontrol-EdDSA,kabul,uygulanamaz,bicim-desteklenmiyor,B6: MAPPING.md (API incelemesi),uygulanamaz,mirror:COSE-K1K_iki_gecerli (accept-classical)
SDJWT-002,SYN-COSE-K1K_iki_gecerli,L4-Y,kontrol-EdDSA,kabul,uygulanamaz,bicim-desteklenmiyor,B6: MAPPING.md (API incelemesi),uygulanamaz,mirror:COSE-K1K_iki_gecerli (accept-classical)
SDJWT-002,SYN-COSE-K1K_iki_gecerli,P0,kontrol-EdDSA,kabul,uygulanamaz,bicim-desteklenmiyor,B6: MAPPING.md (API incelemesi),uygulanamaz,mirror:COSE-K1K_iki_gecerli (accept-classical)
SDJWT-002,SYN-COSE-K1K_iki_gecerli,P1,kontrol-EdDSA,kabul,uygulanamaz,bicim-desteklenmiyor,B6: MAPPING.md (API incelemesi),uygulanamaz,mirror:COSE-K1K_iki_gecerli (accept-classical)
SDJWT-002,SYN-COSE-K1K_iki_gecerli-SIRA-ters,L4,kontrol-EdDSA,kabul,uygulanamaz,bicim-desteklenmiyor,B6: MAPPING.md (API incelemesi),uygulanamaz,mirror:COSE-K1K_iki_gecerli-SIRA-ters (accept-classical)
SDJWT-002,SYN-COSE-K1K_iki_gecerli-SIRA-ters,L4-S,kontrol-EdDSA,kabul,uygulanamaz,bicim-desteklenmiyor,B6: MAPPING.md (API incelemesi),uygulanamaz,mirror:COSE-K1K_iki_gecerli-SIRA-ters (accept-classical)
SDJWT-002,SYN-COSE-K1K_iki_gecerli-SIRA-ters,L4-Y,kontrol-EdDSA,kabul,uygulanamaz,bicim-desteklenmiyor,B6: MAPPING.md (API incelemesi),uygulanamaz,mirror:COSE-K1K_iki_gecerli-SIRA-ters (accept-classical)
SDJWT-002,SYN-COSE-K1K_iki_gecerli-SIRA-ters,P0,kontrol-EdDSA,kabul,uygulanamaz,bicim-desteklenmiyor,B6: MAPPING.md (API incelemesi),uygulanamaz,mirror:COSE-K1K_iki_gecerli-SIRA-ters (accept-classical)
SDJWT-002,SYN-COSE-K1K_iki_gecerli-SIRA-ters,P1,kontrol-EdDSA,kabul,uygulanamaz,bicim-desteklenmiyor,B6: MAPPING.md (API incelemesi),uygulanamaz,mirror:COSE-K1K_iki_gecerli-SIRA-ters (accept-classical)
SDJWT-002,SYN-COSE-K4K_yalniz_X,GEC,kontrol-EdDSA,kabul,uygulanamaz,bicim-desteklenmiyor,B6: MAPPING.md (API incelemesi),uygulanamaz,mirror:COSE-K4K_yalniz_X (accept-classical)
SDJWT-002,SYN-COSE-K4K_yalniz_X,IZIN-AX,kontrol-EdDSA,kabul,uygulanamaz,bicim-desteklenmiyor,B6: MAPPING.md (API incelemesi),uygulanamaz,mirror:COSE-K4K_yalniz_X (accept-classical)
SDJWT-002,SYN-COSE-K4K_yalniz_X,L4,kontrol-EdDSA,kabul,uygulanamaz,bicim-desteklenmiyor,B6: MAPPING.md (API incelemesi),uygulanamaz,mirror:COSE-K4K_yalniz_X (accept-classical)
SDJWT-002,SYN-COSE-K4K_yalniz_X,L4-S,kontrol-EdDSA,kabul,uygulanamaz,bicim-desteklenmiyor,B6: MAPPING.md (API incelemesi),uygulanamaz,mirror:COSE-K4K_yalniz_X (accept-classical)
SDJWT-002,SYN-COSE-K4K_yalniz_X,L4-Y,kontrol-EdDSA,kabul,uygulanamaz,bicim-desteklenmiyor,B6: MAPPING.md (API incelemesi),uygulanamaz,mirror:COSE-K4K_yalniz_X (accept-classical)
SDJWT-002,SYN-COSE-K4K_yalniz_X,P0,kontrol-EdDSA,kabul,uygulanamaz,bicim-desteklenmiyor,B6: MAPPING.md (API incelemesi),uygulanamaz,mirror:COSE-K4K_yalniz_X (accept-classical)
SDJWT-002,SYN-COSE-K4K_yalniz_X,P1,kontrol-EdDSA,kabul,uygulanamaz,bicim-desteklenmiyor,B6: MAPPING.md (API incelemesi),uygulanamaz,mirror:COSE-K4K_yalniz_X (accept-classical)
SDJWT-002,SYN-COSE-VPLUS_ES256,GEC,kontrol-EdDSA,kabul,uygulanamaz,bicim-desteklenmiyor,B6: MAPPING.md (API incelemesi),uygulanamaz,mirror:COSE-VPLUS_ES256 (accept-classical)
SDJWT-002,SYN-COSE-VPLUS_ES256,IZIN-A,kontrol-EdDSA,kabul,uygulanamaz,bicim-desteklenmiyor,B6: MAPPING.md (API incelemesi),uygulanamaz,mirror:COSE-VPLUS_ES256 (accept-classical)
SDJWT-002,SYN-COSE-VPLUS_ES256,IZIN-AX,kontrol-EdDSA,kabul,uygulanamaz,bicim-desteklenmiyor,B6: MAPPING.md (API incelemesi),uygulanamaz,mirror:COSE-VPLUS_ES256 (accept-classical)
SDJWT-002,SYN-COSE-VPLUS_ES256,P0,kontrol-EdDSA,kabul,uygulanamaz,bicim-desteklenmiyor,B6: MAPPING.md (API incelemesi),uygulanamaz,mirror:COSE-VPLUS_ES256 (accept-classical)
SDJWT-002,SYN-COSE-VPLUS_EdDSA,GEC,kontrol-EdDSA,kabul,uygulanamaz,bicim-desteklenmiyor,B6: MAPPING.md (API incelemesi),uygulanamaz,mirror:COSE-VPLUS_EdDSA (accept-classical)
SDJWT-002,SYN-COSE-VPLUS_EdDSA,IZIN-AX,kontrol-EdDSA,kabul,uygulanamaz,bicim-desteklenmiyor,B6: MAPPING.md (API incelemesi),uygulanamaz,mirror:COSE-VPLUS_EdDSA (accept-classical)
SDJWT-002,SYN-COSE-VPLUS_EdDSA,L4,kontrol-EdDSA,kabul,uygulanamaz,bicim-desteklenmiyor,B6: MAPPING.md (API incelemesi),uygulanamaz,mirror:COSE-VPLUS_EdDSA (accept-classical)
SDJWT-002,SYN-COSE-VPLUS_EdDSA,L4-S,kontrol-EdDSA,kabul,uygulanamaz,bicim-desteklenmiyor,B6: MAPPING.md (API incelemesi),uygulanamaz,mirror:COSE-VPLUS_EdDSA (accept-classical)
SDJWT-002,SYN-COSE-VPLUS_EdDSA,L4-Y,kontrol-EdDSA,kabul,uygulanamaz,bicim-desteklenmiyor,B6: MAPPING.md (API incelemesi),uygulanamaz,mirror:COSE-VPLUS_EdDSA (accept-classical)
SDJWT-002,SYN-COSE-VPLUS_EdDSA,P0,kontrol-EdDSA,kabul,uygulanamaz,bicim-desteklenmiyor,B6: MAPPING.md (API incelemesi),uygulanamaz,mirror:COSE-VPLUS_EdDSA (accept-classical)
SDJWT-002,SYN-D-VCX_EdDSA_kid,GEC,kontrol-EdDSA,kabul,kabul,,,uyumlu,derived:analogue VPLUS_EdDSA (accept-classical)
SDJWT-002,SYN-D-VCX_EdDSA_kid,IZIN-AX,kontrol-EdDSA,kabul,kabul,,,uyumlu,derived:analogue VPLUS_EdDSA (accept-classical)
SDJWT-002,SYN-D-VCX_EdDSA_kid,L4,kontrol-EdDSA,kabul,kabul,,,uyumlu,derived:analogue VPLUS_EdDSA (accept-classical)
SDJWT-002,SYN-D-VCX_EdDSA_kid,L4-S,kontrol-EdDSA,kabul,kabul,,,uyumlu,derived:analogue VPLUS_EdDSA (accept-classical)
SDJWT-002,SYN-D-VCX_EdDSA_kid,L4-Y,kontrol-EdDSA,kabul,kabul,,,uyumlu,derived:analogue VPLUS_EdDSA (accept-classical)
SDJWT-002,SYN-D-VCX_EdDSA_kid,P0,kontrol-EdDSA,kabul,kabul,,,uyumlu,derived:analogue VPLUS_EdDSA (accept-classical)
SDJWT-002,SYN-L4C-COSE_eski_ES256,GEC,kontrol-EdDSA,kabul,uygulanamaz,bicim-desteklenmiyor,B6: MAPPING.md (API incelemesi),uygulanamaz,mirror:L4C-COSE_eski_ES256 (accept-classical)
SDJWT-002,SYN-L4C-COSE_eski_ES256,IZIN-A,kontrol-EdDSA,kabul,uygulanamaz,bicim-desteklenmiyor,B6: MAPPING.md (API incelemesi),uygulanamaz,mirror:L4C-COSE_eski_ES256 (accept-classical)
SDJWT-002,SYN-L4C-COSE_eski_ES256,IZIN-AX,kontrol-EdDSA,kabul,uygulanamaz,bicim-desteklenmiyor,B6: MAPPING.md (API incelemesi),uygulanamaz,mirror:L4C-COSE_eski_ES256 (accept-classical)
SDJWT-002,SYN-L4C-COSE_eski_ES256,L4,kontrol-EdDSA,kabul,uygulanamaz,bicim-desteklenmiyor,B6: MAPPING.md (API incelemesi),uygulanamaz,mirror:L4C-COSE_eski_ES256 (accept-classical)
SDJWT-002,SYN-L4C-COSE_eski_ES256,L4-S,kontrol-EdDSA,kabul,uygulanamaz,bicim-desteklenmiyor,B6: MAPPING.md (API incelemesi),uygulanamaz,mirror:L4C-COSE_eski_ES256 (accept-classical)
SDJWT-002,SYN-L4C-COSE_eski_ES256,L4-Y,kontrol-EdDSA,kabul,uygulanamaz,bicim-desteklenmiyor,B6: MAPPING.md (API incelemesi),uygulanamaz,mirror:L4C-COSE_eski_ES256 (accept-classical)
SDJWT-002,SYN-L4C-JOSE_eski_ES256,GEC,kontrol-EdDSA,kabul,istisna,ayristirma,type 'Null' is not a subtype of type 'String',sapma,mirror:L4C-JOSE_eski_ES256 (accept-classical)
SDJWT-002,SYN-L4C-JOSE_eski_ES256,IZIN-A,kontrol-EdDSA,kabul,istisna,ayristirma,type 'Null' is not a subtype of type 'String',sapma,mirror:L4C-JOSE_eski_ES256 (accept-classical)
SDJWT-002,SYN-L4C-JOSE_eski_ES256,IZIN-AX,kontrol-EdDSA,kabul,istisna,ayristirma,type 'Null' is not a subtype of type 'String',sapma,mirror:L4C-JOSE_eski_ES256 (accept-classical)
SDJWT-002,SYN-L4C-JOSE_eski_ES256,L4,kontrol-EdDSA,kabul,istisna,ayristirma,type 'Null' is not a subtype of type 'String',sapma,mirror:L4C-JOSE_eski_ES256 (accept-classical)
SDJWT-002,SYN-L4C-JOSE_eski_ES256,L4-S,kontrol-EdDSA,kabul,istisna,ayristirma,type 'Null' is not a subtype of type 'String',sapma,mirror:L4C-JOSE_eski_ES256 (accept-classical)
SDJWT-002,SYN-L4C-JOSE_eski_ES256,L4-Y,kontrol-EdDSA,kabul,istisna,ayristirma,type 'Null' is not a subtype of type 'String',sapma,mirror:L4C-JOSE_eski_ES256 (accept-classical)
SDJWT-002,SYN-T1K_both_valid,L4,kontrol-EdDSA,kabul,uygulanamaz,bicim-desteklenmiyor,B6: MAPPING.md (API incelemesi),uygulanamaz,mirror:T1K_both_valid (accept-classical)
SDJWT-002,SYN-T1K_both_valid,L4-S,kontrol-EdDSA,kabul,uygulanamaz,bicim-desteklenmiyor,B6: MAPPING.md (API incelemesi),uygulanamaz,mirror:T1K_both_valid (accept-classical)
SDJWT-002,SYN-T1K_both_valid,L4-Y,kontrol-EdDSA,kabul,uygulanamaz,bicim-desteklenmiyor,B6: MAPPING.md (API incelemesi),uygulanamaz,mirror:T1K_both_valid (accept-classical)
SDJWT-002,SYN-T1K_both_valid,P0,kontrol-EdDSA,kabul,uygulanamaz,bicim-desteklenmiyor,B6: MAPPING.md (API incelemesi),uygulanamaz,mirror:T1K_both_valid (accept-classical)
SDJWT-002,SYN-T1K_both_valid,P1,kontrol-EdDSA,kabul,uygulanamaz,bicim-desteklenmiyor,B6: MAPPING.md (API incelemesi),uygulanamaz,mirror:T1K_both_valid (accept-classical)
SDJWT-002,SYN-T1K_both_valid-SIRA-ters,L4,kontrol-EdDSA,kabul,uygulanamaz,bicim-desteklenmiyor,B6: MAPPING.md (API incelemesi),uygulanamaz,mirror:T1K_both_valid-SIRA-ters (accept-classical)
SDJWT-002,SYN-T1K_both_valid-SIRA-ters,L4-S,kontrol-EdDSA,kabul,uygulanamaz,bicim-desteklenmiyor,B6: MAPPING.md (API incelemesi),uygulanamaz,mirror:T1K_both_valid-SIRA-ters (accept-classical)
SDJWT-002,SYN-T1K_both_valid-SIRA-ters,L4-Y,kontrol-EdDSA,kabul,uygulanamaz,bicim-desteklenmiyor,B6: MAPPING.md (API incelemesi),uygulanamaz,mirror:T1K_both_valid-SIRA-ters (accept-classical)
SDJWT-002,SYN-T1K_both_valid-SIRA-ters,P0,kontrol-EdDSA,kabul,uygulanamaz,bicim-desteklenmiyor,B6: MAPPING.md (API incelemesi),uygulanamaz,mirror:T1K_both_valid-SIRA-ters (accept-classical)
SDJWT-002,SYN-T1K_both_valid-SIRA-ters,P1,kontrol-EdDSA,kabul,uygulanamaz,bicim-desteklenmiyor,B6: MAPPING.md (API incelemesi),uygulanamaz,mirror:T1K_both_valid-SIRA-ters (accept-classical)
SDJWT-002,SYN-T5K_only_EdDSA,GEC,kontrol-EdDSA,kabul,uygulanamaz,bicim-desteklenmiyor,B6: MAPPING.md (API incelemesi),uygulanamaz,mirror:T5K_only_EdDSA (accept-classical)
SDJWT-002,SYN-T5K_only_EdDSA,IZIN-AX,kontrol-EdDSA,kabul,uygulanamaz,bicim-desteklenmiyor,B6: MAPPING.md (API incelemesi),uygulanamaz,mirror:T5K_only_EdDSA (accept-classical)
SDJWT-002,SYN-T5K_only_EdDSA,L4,kontrol-EdDSA,kabul,uygulanamaz,bicim-desteklenmiyor,B6: MAPPING.md (API incelemesi),uygulanamaz,mirror:T5K_only_EdDSA (accept-classical)
SDJWT-002,SYN-T5K_only_EdDSA,L4-S,kontrol-EdDSA,kabul,uygulanamaz,bicim-desteklenmiyor,B6: MAPPING.md (API incelemesi),uygulanamaz,mirror:T5K_only_EdDSA (accept-classical)
SDJWT-002,SYN-T5K_only_EdDSA,L4-Y,kontrol-EdDSA,kabul,uygulanamaz,bicim-desteklenmiyor,B6: MAPPING.md (API incelemesi),uygulanamaz,mirror:T5K_only_EdDSA (accept-classical)
SDJWT-002,SYN-T5K_only_EdDSA,P0,kontrol-EdDSA,kabul,uygulanamaz,bicim-desteklenmiyor,B6: MAPPING.md (API incelemesi),uygulanamaz,mirror:T5K_only_EdDSA (accept-classical)
SDJWT-002,SYN-T5K_only_EdDSA,P1,kontrol-EdDSA,kabul,uygulanamaz,bicim-desteklenmiyor,B6: MAPPING.md (API incelemesi),uygulanamaz,mirror:T5K_only_EdDSA (accept-classical)
SDJWT-002,SYN-VC01_ES256_x5c,GEC,kontrol-EdDSA,kabul,kabul,,,uyumlu,mirror:VC01_ES256_x5c (accept-classical)
SDJWT-002,SYN-VC01_ES256_x5c,IZIN-A,kontrol-EdDSA,kabul,kabul,,,uyumlu,mirror:VC01_ES256_x5c (accept-classical)
SDJWT-002,SYN-VC01_ES256_x5c,IZIN-AX,kontrol-EdDSA,kabul,kabul,,,uyumlu,mirror:VC01_ES256_x5c (accept-classical)
SDJWT-002,SYN-VC01_ES256_x5c,P0,kontrol-EdDSA,kabul,kabul,,,uyumlu,mirror:VC01_ES256_x5c (accept-classical)
SDJWT-002,SYN-VC09_GJ_ES256_EdDSA,L4,kontrol-EdDSA,kabul,uygulanamaz,bicim-desteklenmiyor,B6: MAPPING.md (API incelemesi),uygulanamaz,mirror:VC09_GJ_ES256_EdDSA (accept-classical)
SDJWT-002,SYN-VC09_GJ_ES256_EdDSA,L4-S,kontrol-EdDSA,kabul,uygulanamaz,bicim-desteklenmiyor,B6: MAPPING.md (API incelemesi),uygulanamaz,mirror:VC09_GJ_ES256_EdDSA (accept-classical)
SDJWT-002,SYN-VC09_GJ_ES256_EdDSA,L4-Y,kontrol-EdDSA,kabul,uygulanamaz,bicim-desteklenmiyor,B6: MAPPING.md (API incelemesi),uygulanamaz,mirror:VC09_GJ_ES256_EdDSA (accept-classical)
SDJWT-002,SYN-VC09_GJ_ES256_EdDSA,P0,kontrol-EdDSA,kabul,uygulanamaz,bicim-desteklenmiyor,B6: MAPPING.md (API incelemesi),uygulanamaz,mirror:VC09_GJ_ES256_EdDSA (accept-classical)
SDJWT-002,SYN-VC09_GJ_ES256_EdDSA,P1,kontrol-EdDSA,kabul,uygulanamaz,bicim-desteklenmiyor,B6: MAPPING.md (API incelemesi),uygulanamaz,mirror:VC09_GJ_ES256_EdDSA (accept-classical)
SDJWT-002,SYN-VC09_GJ_ES256_EdDSA-SIRA-ters,L4,kontrol-EdDSA,kabul,uygulanamaz,bicim-desteklenmiyor,B6: MAPPING.md (API incelemesi),uygulanamaz,mirror:VC09_GJ_ES256_EdDSA-SIRA-ters (accept-classical)
SDJWT-002,SYN-VC09_GJ_ES256_EdDSA-SIRA-ters,L4-S,kontrol-EdDSA,kabul,uygulanamaz,bicim-desteklenmiyor,B6: MAPPING.md (API incelemesi),uygulanamaz,mirror:VC09_GJ_ES256_EdDSA-SIRA-ters (accept-classical)
SDJWT-002,SYN-VC09_GJ_ES256_EdDSA-SIRA-ters,L4-Y,kontrol-EdDSA,kabul,uygulanamaz,bicim-desteklenmiyor,B6: MAPPING.md (API incelemesi),uygulanamaz,mirror:VC09_GJ_ES256_EdDSA-SIRA-ters (accept-classical)
SDJWT-002,SYN-VC09_GJ_ES256_EdDSA-SIRA-ters,P0,kontrol-EdDSA,kabul,uygulanamaz,bicim-desteklenmiyor,B6: MAPPING.md (API incelemesi),uygulanamaz,mirror:VC09_GJ_ES256_EdDSA-SIRA-ters (accept-classical)
SDJWT-002,SYN-VC09_GJ_ES256_EdDSA-SIRA-ters,P1,kontrol-EdDSA,kabul,uygulanamaz,bicim-desteklenmiyor,B6: MAPPING.md (API incelemesi),uygulanamaz,mirror:VC09_GJ_ES256_EdDSA-SIRA-ters (accept-classical)
SDJWT-002,SYN-VPLUS_ES256,GEC,kontrol-EdDSA,kabul,istisna,ayristirma,type 'Null' is not a subtype of type 'String',sapma,mirror:VPLUS_ES256 (accept-classical)
SDJWT-002,SYN-VPLUS_ES256,IZIN-A,kontrol-EdDSA,kabul,istisna,ayristirma,type 'Null' is not a subtype of type 'String',sapma,mirror:VPLUS_ES256 (accept-classical)
SDJWT-002,SYN-VPLUS_ES256,IZIN-AX,kontrol-EdDSA,kabul,istisna,ayristirma,type 'Null' is not a subtype of type 'String',sapma,mirror:VPLUS_ES256 (accept-classical)
SDJWT-002,SYN-VPLUS_ES256,P0,kontrol-EdDSA,kabul,istisna,ayristirma,type 'Null' is not a subtype of type 'String',sapma,mirror:VPLUS_ES256 (accept-classical)
SDJWT-002,SYN-VPLUS_EdDSA,GEC,kontrol-EdDSA,kabul,istisna,ayristirma,type 'Null' is not a subtype of type 'String',sapma,mirror:VPLUS_EdDSA (accept-classical)
SDJWT-002,SYN-VPLUS_EdDSA,IZIN-AX,kontrol-EdDSA,kabul,istisna,ayristirma,type 'Null' is not a subtype of type 'String',sapma,mirror:VPLUS_EdDSA (accept-classical)
SDJWT-002,SYN-VPLUS_EdDSA,L4,kontrol-EdDSA,kabul,istisna,ayristirma,type 'Null' is not a subtype of type 'String',sapma,mirror:VPLUS_EdDSA (accept-classical)
SDJWT-002,SYN-VPLUS_EdDSA,L4-S,kontrol-EdDSA,kabul,istisna,ayristirma,type 'Null' is not a subtype of type 'String',sapma,mirror:VPLUS_EdDSA (accept-classical)
SDJWT-002,SYN-VPLUS_EdDSA,L4-Y,kontrol-EdDSA,kabul,istisna,ayristirma,type 'Null' is not a subtype of type 'String',sapma,mirror:VPLUS_EdDSA (accept-classical)
SDJWT-002,SYN-VPLUS_EdDSA,P0,kontrol-EdDSA,kabul,istisna,ayristirma,type 'Null' is not a subtype of type 'String',sapma,mirror:VPLUS_EdDSA (accept-classical)
SDJWT-004,SYN-COSE-K1K_iki_gecerli-ES384,L4,kontrol-ES384,kabul,uygulanamaz,bicim-desteklenmiyor,,uygulanamaz,mirror:COSE-K1K_iki_gecerli-ES384 (accept-classical)
SDJWT-004,SYN-COSE-K1K_iki_gecerli-ES384,L4-S,kontrol-ES384,kabul,uygulanamaz,bicim-desteklenmiyor,,uygulanamaz,mirror:COSE-K1K_iki_gecerli-ES384 (accept-classical)
SDJWT-004,SYN-COSE-K1K_iki_gecerli-ES384,L4-Y,kontrol-ES384,kabul,uygulanamaz,bicim-desteklenmiyor,,uygulanamaz,mirror:COSE-K1K_iki_gecerli-ES384 (accept-classical)
SDJWT-004,SYN-COSE-K1K_iki_gecerli-ES384,P0,kontrol-ES384,kabul,uygulanamaz,bicim-desteklenmiyor,,uygulanamaz,mirror:COSE-K1K_iki_gecerli-ES384 (accept-classical)
SDJWT-004,SYN-COSE-K1K_iki_gecerli-ES384,P1,kontrol-ES384,kabul,uygulanamaz,bicim-desteklenmiyor,,uygulanamaz,mirror:COSE-K1K_iki_gecerli-ES384 (accept-classical)
SDJWT-004,SYN-COSE-K1K_iki_gecerli-SIRA-ters-ES384,L4,kontrol-ES384,kabul,uygulanamaz,bicim-desteklenmiyor,,uygulanamaz,mirror:COSE-K1K_iki_gecerli-SIRA-ters-ES384 (accept-classical)
SDJWT-004,SYN-COSE-K1K_iki_gecerli-SIRA-ters-ES384,L4-S,kontrol-ES384,kabul,uygulanamaz,bicim-desteklenmiyor,,uygulanamaz,mirror:COSE-K1K_iki_gecerli-SIRA-ters-ES384 (accept-classical)
SDJWT-004,SYN-COSE-K1K_iki_gecerli-SIRA-ters-ES384,L4-Y,kontrol-ES384,kabul,uygulanamaz,bicim-desteklenmiyor,,uygulanamaz,mirror:COSE-K1K_iki_gecerli-SIRA-ters-ES384 (accept-classical)
SDJWT-004,SYN-COSE-K1K_iki_gecerli-SIRA-ters-ES384,P0,kontrol-ES384,kabul,uygulanamaz,bicim-desteklenmiyor,,uygulanamaz,mirror:COSE-K1K_iki_gecerli-SIRA-ters-ES384 (accept-classical)
SDJWT-004,SYN-COSE-K1K_iki_gecerli-SIRA-ters-ES384,P1,kontrol-ES384,kabul,uygulanamaz,bicim-desteklenmiyor,,uygulanamaz,mirror:COSE-K1K_iki_gecerli-SIRA-ters-ES384 (accept-classical)
SDJWT-004,SYN-COSE-K4K_yalniz_X-ES384,GEC,kontrol-ES384,kabul,uygulanamaz,bicim-desteklenmiyor,,uygulanamaz,mirror:COSE-K4K_yalniz_X-ES384 (accept-classical)
SDJWT-004,SYN-COSE-K4K_yalniz_X-ES384,IZIN-AX,kontrol-ES384,kabul,uygulanamaz,bicim-desteklenmiyor,,uygulanamaz,mirror:COSE-K4K_yalniz_X-ES384 (accept-classical)
SDJWT-004,SYN-COSE-K4K_yalniz_X-ES384,L4,kontrol-ES384,kabul,uygulanamaz,bicim-desteklenmiyor,,uygulanamaz,mirror:COSE-K4K_yalniz_X-ES384 (accept-classical)
SDJWT-004,SYN-COSE-K4K_yalniz_X-ES384,L4-S,kontrol-ES384,kabul,uygulanamaz,bicim-desteklenmiyor,,uygulanamaz,mirror:COSE-K4K_yalniz_X-ES384 (accept-classical)
SDJWT-004,SYN-COSE-K4K_yalniz_X-ES384,L4-Y,kontrol-ES384,kabul,uygulanamaz,bicim-desteklenmiyor,,uygulanamaz,mirror:COSE-K4K_yalniz_X-ES384 (accept-classical)
SDJWT-004,SYN-COSE-K4K_yalniz_X-ES384,P0,kontrol-ES384,kabul,uygulanamaz,bicim-desteklenmiyor,,uygulanamaz,mirror:COSE-K4K_yalniz_X-ES384 (accept-classical)
SDJWT-004,SYN-COSE-K4K_yalniz_X-ES384,P1,kontrol-ES384,kabul,uygulanamaz,bicim-desteklenmiyor,,uygulanamaz,mirror:COSE-K4K_yalniz_X-ES384 (accept-classical)
SDJWT-004,SYN-COSE-VPLUS_ES256,GEC,kontrol-ES384,kabul,uygulanamaz,bicim-desteklenmiyor,,uygulanamaz,mirror:COSE-VPLUS_ES256 (accept-classical)
SDJWT-004,SYN-COSE-VPLUS_ES256,IZIN-A,kontrol-ES384,kabul,uygulanamaz,bicim-desteklenmiyor,,uygulanamaz,mirror:COSE-VPLUS_ES256 (accept-classical)
SDJWT-004,SYN-COSE-VPLUS_ES256,IZIN-AX,kontrol-ES384,kabul,uygulanamaz,bicim-desteklenmiyor,,uygulanamaz,mirror:COSE-VPLUS_ES256 (accept-classical)
SDJWT-004,SYN-COSE-VPLUS_ES256,P0,kontrol-ES384,kabul,uygulanamaz,bicim-desteklenmiyor,,uygulanamaz,mirror:COSE-VPLUS_ES256 (accept-classical)
SDJWT-004,SYN-COSE-VPLUS_EdDSA-ES384,GEC,kontrol-ES384,kabul,uygulanamaz,bicim-desteklenmiyor,,uygulanamaz,mirror:COSE-VPLUS_EdDSA-ES384 (accept-classical)
SDJWT-004,SYN-COSE-VPLUS_EdDSA-ES384,IZIN-AX,kontrol-ES384,kabul,uygulanamaz,bicim-desteklenmiyor,,uygulanamaz,mirror:COSE-VPLUS_EdDSA-ES384 (accept-classical)
SDJWT-004,SYN-COSE-VPLUS_EdDSA-ES384,L4,kontrol-ES384,kabul,uygulanamaz,bicim-desteklenmiyor,,uygulanamaz,mirror:COSE-VPLUS_EdDSA-ES384 (accept-classical)
SDJWT-004,SYN-COSE-VPLUS_EdDSA-ES384,L4-S,kontrol-ES384,kabul,uygulanamaz,bicim-desteklenmiyor,,uygulanamaz,mirror:COSE-VPLUS_EdDSA-ES384 (accept-classical)
SDJWT-004,SYN-COSE-VPLUS_EdDSA-ES384,L4-Y,kontrol-ES384,kabul,uygulanamaz,bicim-desteklenmiyor,,uygulanamaz,mirror:COSE-VPLUS_EdDSA-ES384 (accept-classical)
SDJWT-004,SYN-COSE-VPLUS_EdDSA-ES384,P0,kontrol-ES384,kabul,uygulanamaz,bicim-desteklenmiyor,,uygulanamaz,mirror:COSE-VPLUS_EdDSA-ES384 (accept-classical)
SDJWT-004,SYN-D-VCX_ES384_kid,GEC,kontrol-ES384,kabul,kabul,,,uyumlu,derived:analogue VPLUS_EdDSA-ES384 (accept-classical)
SDJWT-004,SYN-D-VCX_ES384_kid,IZIN-AX,kontrol-ES384,kabul,kabul,,,uyumlu,derived:analogue VPLUS_EdDSA-ES384 (accept-classical)
SDJWT-004,SYN-D-VCX_ES384_kid,L4,kontrol-ES384,kabul,kabul,,,uyumlu,derived:analogue VPLUS_EdDSA-ES384 (accept-classical)
SDJWT-004,SYN-D-VCX_ES384_kid,L4-S,kontrol-ES384,kabul,kabul,,,uyumlu,derived:analogue VPLUS_EdDSA-ES384 (accept-classical)
SDJWT-004,SYN-D-VCX_ES384_kid,L4-Y,kontrol-ES384,kabul,kabul,,,uyumlu,derived:analogue VPLUS_EdDSA-ES384 (accept-classical)
SDJWT-004,SYN-D-VCX_ES384_kid,P0,kontrol-ES384,kabul,kabul,,,uyumlu,derived:analogue VPLUS_EdDSA-ES384 (accept-classical)
SDJWT-004,SYN-L4C-COSE_eski_ES256,GEC,kontrol-ES384,kabul,uygulanamaz,bicim-desteklenmiyor,,uygulanamaz,mirror:L4C-COSE_eski_ES256 (accept-classical)
SDJWT-004,SYN-L4C-COSE_eski_ES256,IZIN-A,kontrol-ES384,kabul,uygulanamaz,bicim-desteklenmiyor,,uygulanamaz,mirror:L4C-COSE_eski_ES256 (accept-classical)
SDJWT-004,SYN-L4C-COSE_eski_ES256,IZIN-AX,kontrol-ES384,kabul,uygulanamaz,bicim-desteklenmiyor,,uygulanamaz,mirror:L4C-COSE_eski_ES256 (accept-classical)
SDJWT-004,SYN-L4C-COSE_eski_ES256,L4,kontrol-ES384,kabul,uygulanamaz,bicim-desteklenmiyor,,uygulanamaz,mirror:L4C-COSE_eski_ES256 (accept-classical)
SDJWT-004,SYN-L4C-COSE_eski_ES256,L4-S,kontrol-ES384,kabul,uygulanamaz,bicim-desteklenmiyor,,uygulanamaz,mirror:L4C-COSE_eski_ES256 (accept-classical)
SDJWT-004,SYN-L4C-COSE_eski_ES256,L4-Y,kontrol-ES384,kabul,uygulanamaz,bicim-desteklenmiyor,,uygulanamaz,mirror:L4C-COSE_eski_ES256 (accept-classical)
SDJWT-004,SYN-L4C-JOSE_eski_ES256,GEC,kontrol-ES384,kabul,kabul,,,uyumlu,mirror:L4C-JOSE_eski_ES256 (accept-classical)
SDJWT-004,SYN-L4C-JOSE_eski_ES256,IZIN-A,kontrol-ES384,kabul,kabul,,,uyumlu,mirror:L4C-JOSE_eski_ES256 (accept-classical)
SDJWT-004,SYN-L4C-JOSE_eski_ES256,IZIN-AX,kontrol-ES384,kabul,kabul,,,uyumlu,mirror:L4C-JOSE_eski_ES256 (accept-classical)
SDJWT-004,SYN-L4C-JOSE_eski_ES256,L4,kontrol-ES384,kabul,kabul,,,uyumlu,mirror:L4C-JOSE_eski_ES256 (accept-classical)
SDJWT-004,SYN-L4C-JOSE_eski_ES256,L4-S,kontrol-ES384,kabul,kabul,,,uyumlu,mirror:L4C-JOSE_eski_ES256 (accept-classical)
SDJWT-004,SYN-L4C-JOSE_eski_ES256,L4-Y,kontrol-ES384,kabul,kabul,,,uyumlu,mirror:L4C-JOSE_eski_ES256 (accept-classical)
SDJWT-004,SYN-T1K_both_valid-ES384,L4,kontrol-ES384,kabul,uygulanamaz,bicim-desteklenmiyor,,uygulanamaz,mirror:T1K_both_valid-ES384 (accept-classical)
SDJWT-004,SYN-T1K_both_valid-ES384,L4-S,kontrol-ES384,kabul,uygulanamaz,bicim-desteklenmiyor,,uygulanamaz,mirror:T1K_both_valid-ES384 (accept-classical)
SDJWT-004,SYN-T1K_both_valid-ES384,L4-Y,kontrol-ES384,kabul,uygulanamaz,bicim-desteklenmiyor,,uygulanamaz,mirror:T1K_both_valid-ES384 (accept-classical)
SDJWT-004,SYN-T1K_both_valid-ES384,P0,kontrol-ES384,kabul,uygulanamaz,bicim-desteklenmiyor,,uygulanamaz,mirror:T1K_both_valid-ES384 (accept-classical)
SDJWT-004,SYN-T1K_both_valid-ES384,P1,kontrol-ES384,kabul,uygulanamaz,bicim-desteklenmiyor,,uygulanamaz,mirror:T1K_both_valid-ES384 (accept-classical)
SDJWT-004,SYN-T1K_both_valid-SIRA-ters-ES384,L4,kontrol-ES384,kabul,uygulanamaz,bicim-desteklenmiyor,,uygulanamaz,mirror:T1K_both_valid-SIRA-ters-ES384 (accept-classical)
SDJWT-004,SYN-T1K_both_valid-SIRA-ters-ES384,L4-S,kontrol-ES384,kabul,uygulanamaz,bicim-desteklenmiyor,,uygulanamaz,mirror:T1K_both_valid-SIRA-ters-ES384 (accept-classical)
SDJWT-004,SYN-T1K_both_valid-SIRA-ters-ES384,L4-Y,kontrol-ES384,kabul,uygulanamaz,bicim-desteklenmiyor,,uygulanamaz,mirror:T1K_both_valid-SIRA-ters-ES384 (accept-classical)
SDJWT-004,SYN-T1K_both_valid-SIRA-ters-ES384,P0,kontrol-ES384,kabul,uygulanamaz,bicim-desteklenmiyor,,uygulanamaz,mirror:T1K_both_valid-SIRA-ters-ES384 (accept-classical)
SDJWT-004,SYN-T1K_both_valid-SIRA-ters-ES384,P1,kontrol-ES384,kabul,uygulanamaz,bicim-desteklenmiyor,,uygulanamaz,mirror:T1K_both_valid-SIRA-ters-ES384 (accept-classical)
SDJWT-004,SYN-T5K_only_EdDSA-ES384,GEC,kontrol-ES384,kabul,uygulanamaz,bicim-desteklenmiyor,,uygulanamaz,mirror:T5K_only_EdDSA-ES384 (accept-classical)
SDJWT-004,SYN-T5K_only_EdDSA-ES384,IZIN-AX,kontrol-ES384,kabul,uygulanamaz,bicim-desteklenmiyor,,uygulanamaz,mirror:T5K_only_EdDSA-ES384 (accept-classical)
SDJWT-004,SYN-T5K_only_EdDSA-ES384,L4,kontrol-ES384,kabul,uygulanamaz,bicim-desteklenmiyor,,uygulanamaz,mirror:T5K_only_EdDSA-ES384 (accept-classical)
SDJWT-004,SYN-T5K_only_EdDSA-ES384,L4-S,kontrol-ES384,kabul,uygulanamaz,bicim-desteklenmiyor,,uygulanamaz,mirror:T5K_only_EdDSA-ES384 (accept-classical)
SDJWT-004,SYN-T5K_only_EdDSA-ES384,L4-Y,kontrol-ES384,kabul,uygulanamaz,bicim-desteklenmiyor,,uygulanamaz,mirror:T5K_only_EdDSA-ES384 (accept-classical)
SDJWT-004,SYN-T5K_only_EdDSA-ES384,P0,kontrol-ES384,kabul,uygulanamaz,bicim-desteklenmiyor,,uygulanamaz,mirror:T5K_only_EdDSA-ES384 (accept-classical)
SDJWT-004,SYN-T5K_only_EdDSA-ES384,P1,kontrol-ES384,kabul,uygulanamaz,bicim-desteklenmiyor,,uygulanamaz,mirror:T5K_only_EdDSA-ES384 (accept-classical)
SDJWT-004,SYN-VC01_ES256_x5c,GEC,kontrol-ES384,kabul,kabul,,,uyumlu,mirror:VC01_ES256_x5c (accept-classical)
SDJWT-004,SYN-VC01_ES256_x5c,IZIN-A,kontrol-ES384,kabul,kabul,,,uyumlu,mirror:VC01_ES256_x5c (accept-classical)
SDJWT-004,SYN-VC01_ES256_x5c,IZIN-AX,kontrol-ES384,kabul,kabul,,,uyumlu,mirror:VC01_ES256_x5c (accept-classical)
SDJWT-004,SYN-VC01_ES256_x5c,P0,kontrol-ES384,kabul,kabul,,,uyumlu,mirror:VC01_ES256_x5c (accept-classical)
SDJWT-004,SYN-VC09_GJ_ES256_EdDSA-ES384,L4,kontrol-ES384,kabul,uygulanamaz,bicim-desteklenmiyor,,uygulanamaz,mirror:VC09_GJ_ES256_EdDSA-ES384 (accept-classical)
SDJWT-004,SYN-VC09_GJ_ES256_EdDSA-ES384,L4-S,kontrol-ES384,kabul,uygulanamaz,bicim-desteklenmiyor,,uygulanamaz,mirror:VC09_GJ_ES256_EdDSA-ES384 (accept-classical)
SDJWT-004,SYN-VC09_GJ_ES256_EdDSA-ES384,L4-Y,kontrol-ES384,kabul,uygulanamaz,bicim-desteklenmiyor,,uygulanamaz,mirror:VC09_GJ_ES256_EdDSA-ES384 (accept-classical)
SDJWT-004,SYN-VC09_GJ_ES256_EdDSA-ES384,P0,kontrol-ES384,kabul,uygulanamaz,bicim-desteklenmiyor,,uygulanamaz,mirror:VC09_GJ_ES256_EdDSA-ES384 (accept-classical)
SDJWT-004,SYN-VC09_GJ_ES256_EdDSA-ES384,P1,kontrol-ES384,kabul,uygulanamaz,bicim-desteklenmiyor,,uygulanamaz,mirror:VC09_GJ_ES256_EdDSA-ES384 (accept-classical)
SDJWT-004,SYN-VC09_GJ_ES256_EdDSA-SIRA-ters-ES384,L4,kontrol-ES384,kabul,uygulanamaz,bicim-desteklenmiyor,,uygulanamaz,mirror:VC09_GJ_ES256_EdDSA-SIRA-ters-ES384 (accept-classical)
SDJWT-004,SYN-VC09_GJ_ES256_EdDSA-SIRA-ters-ES384,L4-S,kontrol-ES384,kabul,uygulanamaz,bicim-desteklenmiyor,,uygulanamaz,mirror:VC09_GJ_ES256_EdDSA-SIRA-ters-ES384 (accept-classical)
SDJWT-004,SYN-VC09_GJ_ES256_EdDSA-SIRA-ters-ES384,L4-Y,kontrol-ES384,kabul,uygulanamaz,bicim-desteklenmiyor,,uygulanamaz,mirror:VC09_GJ_ES256_EdDSA-SIRA-ters-ES384 (accept-classical)
SDJWT-004,SYN-VC09_GJ_ES256_EdDSA-SIRA-ters-ES384,P0,kontrol-ES384,kabul,uygulanamaz,bicim-desteklenmiyor,,uygulanamaz,mirror:VC09_GJ_ES256_EdDSA-SIRA-ters-ES384 (accept-classical)
SDJWT-004,SYN-VC09_GJ_ES256_EdDSA-SIRA-ters-ES384,P1,kontrol-ES384,kabul,uygulanamaz,bicim-desteklenmiyor,,uygulanamaz,mirror:VC09_GJ_ES256_EdDSA-SIRA-ters-ES384 (accept-classical)
SDJWT-004,SYN-VPLUS_ES256,GEC,kontrol-ES384,kabul,kabul,,,uyumlu,mirror:VPLUS_ES256 (accept-classical)
SDJWT-004,SYN-VPLUS_ES256,IZIN-A,kontrol-ES384,kabul,kabul,,,uyumlu,mirror:VPLUS_ES256 (accept-classical)
SDJWT-004,SYN-VPLUS_ES256,IZIN-AX,kontrol-ES384,kabul,kabul,,,uyumlu,mirror:VPLUS_ES256 (accept-classical)
SDJWT-004,SYN-VPLUS_ES256,P0,kontrol-ES384,kabul,kabul,,,uyumlu,mirror:VPLUS_ES256 (accept-classical)
SDJWT-004,SYN-VPLUS_EdDSA-ES384,GEC,kontrol-ES384,kabul,kabul,,,uyumlu,mirror:VPLUS_EdDSA-ES384 (accept-classical)
SDJWT-004,SYN-VPLUS_EdDSA-ES384,IZIN-AX,kontrol-ES384,kabul,kabul,,,uyumlu,mirror:VPLUS_EdDSA-ES384 (accept-classical)
SDJWT-004,SYN-VPLUS_EdDSA-ES384,L4,kontrol-ES384,kabul,kabul,,,uyumlu,mirror:VPLUS_EdDSA-ES384 (accept-classical)
SDJWT-004,SYN-VPLUS_EdDSA-ES384,L4-S,kontrol-ES384,kabul,kabul,,,uyumlu,mirror:VPLUS_EdDSA-ES384 (accept-classical)
SDJWT-004,SYN-VPLUS_EdDSA-ES384,L4-Y,kontrol-ES384,kabul,kabul,,,uyumlu,mirror:VPLUS_EdDSA-ES384 (accept-classical)
SDJWT-004,SYN-VPLUS_EdDSA-ES384,P0,kontrol-ES384,kabul,kabul,,,uyumlu,mirror:VPLUS_EdDSA-ES384 (accept-classical)
SDJWT-010,SYN-COSE-K1K_iki_gecerli,L4,kontrol-EdDSA,kabul,uygulanamaz,bicim-desteklenmiyor,,uygulanamaz,mirror:COSE-K1K_iki_gecerli (accept-classical)
SDJWT-010,SYN-COSE-K1K_iki_gecerli,L4-S,kontrol-EdDSA,kabul,uygulanamaz,bicim-desteklenmiyor,,uygulanamaz,mirror:COSE-K1K_iki_gecerli (accept-classical)
SDJWT-010,SYN-COSE-K1K_iki_gecerli,L4-Y,kontrol-EdDSA,kabul,uygulanamaz,bicim-desteklenmiyor,,uygulanamaz,mirror:COSE-K1K_iki_gecerli (accept-classical)
SDJWT-010,SYN-COSE-K1K_iki_gecerli,P0,kontrol-EdDSA,kabul,uygulanamaz,bicim-desteklenmiyor,,uygulanamaz,mirror:COSE-K1K_iki_gecerli (accept-classical)
SDJWT-010,SYN-COSE-K1K_iki_gecerli,P1,kontrol-EdDSA,kabul,uygulanamaz,bicim-desteklenmiyor,,uygulanamaz,mirror:COSE-K1K_iki_gecerli (accept-classical)
SDJWT-010,SYN-COSE-K1K_iki_gecerli-SIRA-ters,L4,kontrol-EdDSA,kabul,uygulanamaz,bicim-desteklenmiyor,,uygulanamaz,mirror:COSE-K1K_iki_gecerli-SIRA-ters (accept-classical)
SDJWT-010,SYN-COSE-K1K_iki_gecerli-SIRA-ters,L4-S,kontrol-EdDSA,kabul,uygulanamaz,bicim-desteklenmiyor,,uygulanamaz,mirror:COSE-K1K_iki_gecerli-SIRA-ters (accept-classical)
SDJWT-010,SYN-COSE-K1K_iki_gecerli-SIRA-ters,L4-Y,kontrol-EdDSA,kabul,uygulanamaz,bicim-desteklenmiyor,,uygulanamaz,mirror:COSE-K1K_iki_gecerli-SIRA-ters (accept-classical)
SDJWT-010,SYN-COSE-K1K_iki_gecerli-SIRA-ters,P0,kontrol-EdDSA,kabul,uygulanamaz,bicim-desteklenmiyor,,uygulanamaz,mirror:COSE-K1K_iki_gecerli-SIRA-ters (accept-classical)
SDJWT-010,SYN-COSE-K1K_iki_gecerli-SIRA-ters,P1,kontrol-EdDSA,kabul,uygulanamaz,bicim-desteklenmiyor,,uygulanamaz,mirror:COSE-K1K_iki_gecerli-SIRA-ters (accept-classical)
SDJWT-010,SYN-COSE-K4K_yalniz_X,GEC,kontrol-EdDSA,kabul,uygulanamaz,bicim-desteklenmiyor,,uygulanamaz,mirror:COSE-K4K_yalniz_X (accept-classical)
SDJWT-010,SYN-COSE-K4K_yalniz_X,IZIN-AX,kontrol-EdDSA,kabul,uygulanamaz,bicim-desteklenmiyor,,uygulanamaz,mirror:COSE-K4K_yalniz_X (accept-classical)
SDJWT-010,SYN-COSE-K4K_yalniz_X,L4,kontrol-EdDSA,kabul,uygulanamaz,bicim-desteklenmiyor,,uygulanamaz,mirror:COSE-K4K_yalniz_X (accept-classical)
SDJWT-010,SYN-COSE-K4K_yalniz_X,L4-S,kontrol-EdDSA,kabul,uygulanamaz,bicim-desteklenmiyor,,uygulanamaz,mirror:COSE-K4K_yalniz_X (accept-classical)
SDJWT-010,SYN-COSE-K4K_yalniz_X,L4-Y,kontrol-EdDSA,kabul,uygulanamaz,bicim-desteklenmiyor,,uygulanamaz,mirror:COSE-K4K_yalniz_X (accept-classical)
SDJWT-010,SYN-COSE-K4K_yalniz_X,P0,kontrol-EdDSA,kabul,uygulanamaz,bicim-desteklenmiyor,,uygulanamaz,mirror:COSE-K4K_yalniz_X (accept-classical)
SDJWT-010,SYN-COSE-K4K_yalniz_X,P1,kontrol-EdDSA,kabul,uygulanamaz,bicim-desteklenmiyor,,uygulanamaz,mirror:COSE-K4K_yalniz_X (accept-classical)
SDJWT-010,SYN-COSE-VPLUS_ES256,GEC,kontrol-EdDSA,kabul,uygulanamaz,bicim-desteklenmiyor,,uygulanamaz,mirror:COSE-VPLUS_ES256 (accept-classical)
SDJWT-010,SYN-COSE-VPLUS_ES256,IZIN-A,kontrol-EdDSA,kabul,uygulanamaz,bicim-desteklenmiyor,,uygulanamaz,mirror:COSE-VPLUS_ES256 (accept-classical)
SDJWT-010,SYN-COSE-VPLUS_ES256,IZIN-AX,kontrol-EdDSA,kabul,uygulanamaz,bicim-desteklenmiyor,,uygulanamaz,mirror:COSE-VPLUS_ES256 (accept-classical)
SDJWT-010,SYN-COSE-VPLUS_ES256,P0,kontrol-EdDSA,kabul,uygulanamaz,bicim-desteklenmiyor,,uygulanamaz,mirror:COSE-VPLUS_ES256 (accept-classical)
SDJWT-010,SYN-COSE-VPLUS_EdDSA,GEC,kontrol-EdDSA,kabul,uygulanamaz,bicim-desteklenmiyor,,uygulanamaz,mirror:COSE-VPLUS_EdDSA (accept-classical)
SDJWT-010,SYN-COSE-VPLUS_EdDSA,IZIN-AX,kontrol-EdDSA,kabul,uygulanamaz,bicim-desteklenmiyor,,uygulanamaz,mirror:COSE-VPLUS_EdDSA (accept-classical)
SDJWT-010,SYN-COSE-VPLUS_EdDSA,L4,kontrol-EdDSA,kabul,uygulanamaz,bicim-desteklenmiyor,,uygulanamaz,mirror:COSE-VPLUS_EdDSA (accept-classical)
SDJWT-010,SYN-COSE-VPLUS_EdDSA,L4-S,kontrol-EdDSA,kabul,uygulanamaz,bicim-desteklenmiyor,,uygulanamaz,mirror:COSE-VPLUS_EdDSA (accept-classical)
SDJWT-010,SYN-COSE-VPLUS_EdDSA,L4-Y,kontrol-EdDSA,kabul,uygulanamaz,bicim-desteklenmiyor,,uygulanamaz,mirror:COSE-VPLUS_EdDSA (accept-classical)
SDJWT-010,SYN-COSE-VPLUS_EdDSA,P0,kontrol-EdDSA,kabul,uygulanamaz,bicim-desteklenmiyor,,uygulanamaz,mirror:COSE-VPLUS_EdDSA (accept-classical)
SDJWT-010,SYN-D-VCX_EdDSA_kid,GEC,kontrol-EdDSA,kabul,kabul,,,uyumlu,derived:analogue VPLUS_EdDSA (accept-classical)
SDJWT-010,SYN-D-VCX_EdDSA_kid,IZIN-AX,kontrol-EdDSA,kabul,kabul,,,uyumlu,derived:analogue VPLUS_EdDSA (accept-classical)
SDJWT-010,SYN-D-VCX_EdDSA_kid,L4,kontrol-EdDSA,kabul,kabul,,,uyumlu,derived:analogue VPLUS_EdDSA (accept-classical)
SDJWT-010,SYN-D-VCX_EdDSA_kid,L4-S,kontrol-EdDSA,kabul,kabul,,,uyumlu,derived:analogue VPLUS_EdDSA (accept-classical)
SDJWT-010,SYN-D-VCX_EdDSA_kid,L4-Y,kontrol-EdDSA,kabul,kabul,,,uyumlu,derived:analogue VPLUS_EdDSA (accept-classical)
SDJWT-010,SYN-D-VCX_EdDSA_kid,P0,kontrol-EdDSA,kabul,kabul,,,uyumlu,derived:analogue VPLUS_EdDSA (accept-classical)
SDJWT-010,SYN-L4C-COSE_eski_ES256,GEC,kontrol-EdDSA,kabul,uygulanamaz,bicim-desteklenmiyor,,uygulanamaz,mirror:L4C-COSE_eski_ES256 (accept-classical)
SDJWT-010,SYN-L4C-COSE_eski_ES256,IZIN-A,kontrol-EdDSA,kabul,uygulanamaz,bicim-desteklenmiyor,,uygulanamaz,mirror:L4C-COSE_eski_ES256 (accept-classical)
SDJWT-010,SYN-L4C-COSE_eski_ES256,IZIN-AX,kontrol-EdDSA,kabul,uygulanamaz,bicim-desteklenmiyor,,uygulanamaz,mirror:L4C-COSE_eski_ES256 (accept-classical)
SDJWT-010,SYN-L4C-COSE_eski_ES256,L4,kontrol-EdDSA,kabul,uygulanamaz,bicim-desteklenmiyor,,uygulanamaz,mirror:L4C-COSE_eski_ES256 (accept-classical)
SDJWT-010,SYN-L4C-COSE_eski_ES256,L4-S,kontrol-EdDSA,kabul,uygulanamaz,bicim-desteklenmiyor,,uygulanamaz,mirror:L4C-COSE_eski_ES256 (accept-classical)
SDJWT-010,SYN-L4C-COSE_eski_ES256,L4-Y,kontrol-EdDSA,kabul,uygulanamaz,bicim-desteklenmiyor,,uygulanamaz,mirror:L4C-COSE_eski_ES256 (accept-classical)
SDJWT-010,SYN-L4C-JOSE_eski_ES256,GEC,kontrol-EdDSA,kabul,kabul,,,uyumlu,mirror:L4C-JOSE_eski_ES256 (accept-classical)
SDJWT-010,SYN-L4C-JOSE_eski_ES256,IZIN-A,kontrol-EdDSA,kabul,kabul,,,uyumlu,mirror:L4C-JOSE_eski_ES256 (accept-classical)
SDJWT-010,SYN-L4C-JOSE_eski_ES256,IZIN-AX,kontrol-EdDSA,kabul,kabul,,,uyumlu,mirror:L4C-JOSE_eski_ES256 (accept-classical)
SDJWT-010,SYN-L4C-JOSE_eski_ES256,L4,kontrol-EdDSA,kabul,kabul,,,uyumlu,mirror:L4C-JOSE_eski_ES256 (accept-classical)
SDJWT-010,SYN-L4C-JOSE_eski_ES256,L4-S,kontrol-EdDSA,kabul,kabul,,,uyumlu,mirror:L4C-JOSE_eski_ES256 (accept-classical)
SDJWT-010,SYN-L4C-JOSE_eski_ES256,L4-Y,kontrol-EdDSA,kabul,kabul,,,uyumlu,mirror:L4C-JOSE_eski_ES256 (accept-classical)
SDJWT-010,SYN-T1K_both_valid,L4,kontrol-EdDSA,kabul,uygulanamaz,bicim-desteklenmiyor,,uygulanamaz,mirror:T1K_both_valid (accept-classical)
SDJWT-010,SYN-T1K_both_valid,L4-S,kontrol-EdDSA,kabul,uygulanamaz,bicim-desteklenmiyor,,uygulanamaz,mirror:T1K_both_valid (accept-classical)
SDJWT-010,SYN-T1K_both_valid,L4-Y,kontrol-EdDSA,kabul,uygulanamaz,bicim-desteklenmiyor,,uygulanamaz,mirror:T1K_both_valid (accept-classical)
SDJWT-010,SYN-T1K_both_valid,P0,kontrol-EdDSA,kabul,uygulanamaz,bicim-desteklenmiyor,,uygulanamaz,mirror:T1K_both_valid (accept-classical)
SDJWT-010,SYN-T1K_both_valid,P1,kontrol-EdDSA,kabul,uygulanamaz,bicim-desteklenmiyor,,uygulanamaz,mirror:T1K_both_valid (accept-classical)
SDJWT-010,SYN-T1K_both_valid-SIRA-ters,L4,kontrol-EdDSA,kabul,uygulanamaz,bicim-desteklenmiyor,,uygulanamaz,mirror:T1K_both_valid-SIRA-ters (accept-classical)
SDJWT-010,SYN-T1K_both_valid-SIRA-ters,L4-S,kontrol-EdDSA,kabul,uygulanamaz,bicim-desteklenmiyor,,uygulanamaz,mirror:T1K_both_valid-SIRA-ters (accept-classical)
SDJWT-010,SYN-T1K_both_valid-SIRA-ters,L4-Y,kontrol-EdDSA,kabul,uygulanamaz,bicim-desteklenmiyor,,uygulanamaz,mirror:T1K_both_valid-SIRA-ters (accept-classical)
SDJWT-010,SYN-T1K_both_valid-SIRA-ters,P0,kontrol-EdDSA,kabul,uygulanamaz,bicim-desteklenmiyor,,uygulanamaz,mirror:T1K_both_valid-SIRA-ters (accept-classical)
SDJWT-010,SYN-T1K_both_valid-SIRA-ters,P1,kontrol-EdDSA,kabul,uygulanamaz,bicim-desteklenmiyor,,uygulanamaz,mirror:T1K_both_valid-SIRA-ters (accept-classical)
SDJWT-010,SYN-T5K_only_EdDSA,GEC,kontrol-EdDSA,kabul,uygulanamaz,bicim-desteklenmiyor,,uygulanamaz,mirror:T5K_only_EdDSA (accept-classical)
SDJWT-010,SYN-T5K_only_EdDSA,IZIN-AX,kontrol-EdDSA,kabul,uygulanamaz,bicim-desteklenmiyor,,uygulanamaz,mirror:T5K_only_EdDSA (accept-classical)
SDJWT-010,SYN-T5K_only_EdDSA,L4,kontrol-EdDSA,kabul,uygulanamaz,bicim-desteklenmiyor,,uygulanamaz,mirror:T5K_only_EdDSA (accept-classical)
SDJWT-010,SYN-T5K_only_EdDSA,L4-S,kontrol-EdDSA,kabul,uygulanamaz,bicim-desteklenmiyor,,uygulanamaz,mirror:T5K_only_EdDSA (accept-classical)
SDJWT-010,SYN-T5K_only_EdDSA,L4-Y,kontrol-EdDSA,kabul,uygulanamaz,bicim-desteklenmiyor,,uygulanamaz,mirror:T5K_only_EdDSA (accept-classical)
SDJWT-010,SYN-T5K_only_EdDSA,P0,kontrol-EdDSA,kabul,uygulanamaz,bicim-desteklenmiyor,,uygulanamaz,mirror:T5K_only_EdDSA (accept-classical)
SDJWT-010,SYN-T5K_only_EdDSA,P1,kontrol-EdDSA,kabul,uygulanamaz,bicim-desteklenmiyor,,uygulanamaz,mirror:T5K_only_EdDSA (accept-classical)
SDJWT-010,SYN-VC01_ES256_x5c,GEC,kontrol-EdDSA,kabul,red,anahtar-bulunamadi,josekit: Invalid JWS format: The JWS kid header claim is required.,sapma,mirror:VC01_ES256_x5c (accept-classical)
SDJWT-010,SYN-VC01_ES256_x5c,IZIN-A,kontrol-EdDSA,kabul,red,anahtar-bulunamadi,josekit: Invalid JWS format: The JWS kid header claim is required.,sapma,mirror:VC01_ES256_x5c (accept-classical)
SDJWT-010,SYN-VC01_ES256_x5c,IZIN-AX,kontrol-EdDSA,kabul,red,anahtar-bulunamadi,josekit: Invalid JWS format: The JWS kid header claim is required.,sapma,mirror:VC01_ES256_x5c (accept-classical)
SDJWT-010,SYN-VC01_ES256_x5c,P0,kontrol-EdDSA,kabul,red,anahtar-bulunamadi,josekit: Invalid JWS format: The JWS kid header claim is required.,sapma,mirror:VC01_ES256_x5c (accept-classical)
SDJWT-010,SYN-VC09_GJ_ES256_EdDSA,L4,kontrol-EdDSA,kabul,uygulanamaz,bicim-desteklenmiyor,,uygulanamaz,mirror:VC09_GJ_ES256_EdDSA (accept-classical)
SDJWT-010,SYN-VC09_GJ_ES256_EdDSA,L4-S,kontrol-EdDSA,kabul,uygulanamaz,bicim-desteklenmiyor,,uygulanamaz,mirror:VC09_GJ_ES256_EdDSA (accept-classical)
SDJWT-010,SYN-VC09_GJ_ES256_EdDSA,L4-Y,kontrol-EdDSA,kabul,uygulanamaz,bicim-desteklenmiyor,,uygulanamaz,mirror:VC09_GJ_ES256_EdDSA (accept-classical)
SDJWT-010,SYN-VC09_GJ_ES256_EdDSA,P0,kontrol-EdDSA,kabul,uygulanamaz,bicim-desteklenmiyor,,uygulanamaz,mirror:VC09_GJ_ES256_EdDSA (accept-classical)
SDJWT-010,SYN-VC09_GJ_ES256_EdDSA,P1,kontrol-EdDSA,kabul,uygulanamaz,bicim-desteklenmiyor,,uygulanamaz,mirror:VC09_GJ_ES256_EdDSA (accept-classical)
SDJWT-010,SYN-VC09_GJ_ES256_EdDSA-SIRA-ters,L4,kontrol-EdDSA,kabul,uygulanamaz,bicim-desteklenmiyor,,uygulanamaz,mirror:VC09_GJ_ES256_EdDSA-SIRA-ters (accept-classical)
SDJWT-010,SYN-VC09_GJ_ES256_EdDSA-SIRA-ters,L4-S,kontrol-EdDSA,kabul,uygulanamaz,bicim-desteklenmiyor,,uygulanamaz,mirror:VC09_GJ_ES256_EdDSA-SIRA-ters (accept-classical)
SDJWT-010,SYN-VC09_GJ_ES256_EdDSA-SIRA-ters,L4-Y,kontrol-EdDSA,kabul,uygulanamaz,bicim-desteklenmiyor,,uygulanamaz,mirror:VC09_GJ_ES256_EdDSA-SIRA-ters (accept-classical)
SDJWT-010,SYN-VC09_GJ_ES256_EdDSA-SIRA-ters,P0,kontrol-EdDSA,kabul,uygulanamaz,bicim-desteklenmiyor,,uygulanamaz,mirror:VC09_GJ_ES256_EdDSA-SIRA-ters (accept-classical)
SDJWT-010,SYN-VC09_GJ_ES256_EdDSA-SIRA-ters,P1,kontrol-EdDSA,kabul,uygulanamaz,bicim-desteklenmiyor,,uygulanamaz,mirror:VC09_GJ_ES256_EdDSA-SIRA-ters (accept-classical)
SDJWT-010,SYN-VPLUS_ES256,GEC,kontrol-EdDSA,kabul,kabul,,,uyumlu,mirror:VPLUS_ES256 (accept-classical)
SDJWT-010,SYN-VPLUS_ES256,IZIN-A,kontrol-EdDSA,kabul,kabul,,,uyumlu,mirror:VPLUS_ES256 (accept-classical)
SDJWT-010,SYN-VPLUS_ES256,IZIN-AX,kontrol-EdDSA,kabul,kabul,,,uyumlu,mirror:VPLUS_ES256 (accept-classical)
SDJWT-010,SYN-VPLUS_ES256,P0,kontrol-EdDSA,kabul,kabul,,,uyumlu,mirror:VPLUS_ES256 (accept-classical)
SDJWT-010,SYN-VPLUS_EdDSA,GEC,kontrol-EdDSA,kabul,kabul,,,uyumlu,mirror:VPLUS_EdDSA (accept-classical)
SDJWT-010,SYN-VPLUS_EdDSA,IZIN-AX,kontrol-EdDSA,kabul,kabul,,,uyumlu,mirror:VPLUS_EdDSA (accept-classical)
SDJWT-010,SYN-VPLUS_EdDSA,L4,kontrol-EdDSA,kabul,kabul,,,uyumlu,mirror:VPLUS_EdDSA (accept-classical)
SDJWT-010,SYN-VPLUS_EdDSA,L4-S,kontrol-EdDSA,kabul,kabul,,,uyumlu,mirror:VPLUS_EdDSA (accept-classical)
SDJWT-010,SYN-VPLUS_EdDSA,L4-Y,kontrol-EdDSA,kabul,kabul,,,uyumlu,mirror:VPLUS_EdDSA (accept-classical)
SDJWT-010,SYN-VPLUS_EdDSA,P0,kontrol-EdDSA,kabul,kabul,,,uyumlu,mirror:VPLUS_EdDSA (accept-classical)
SDJWT-015,SYN-COSE-K1K_iki_gecerli,L4,kontrol-EdDSA,kabul,uygulanamaz,bicim-desteklenmiyor,,uygulanamaz,mirror:COSE-K1K_iki_gecerli (accept-classical)
SDJWT-015,SYN-COSE-K1K_iki_gecerli,L4-S,kontrol-EdDSA,kabul,uygulanamaz,bicim-desteklenmiyor,,uygulanamaz,mirror:COSE-K1K_iki_gecerli (accept-classical)
SDJWT-015,SYN-COSE-K1K_iki_gecerli,L4-Y,kontrol-EdDSA,kabul,uygulanamaz,bicim-desteklenmiyor,,uygulanamaz,mirror:COSE-K1K_iki_gecerli (accept-classical)
SDJWT-015,SYN-COSE-K1K_iki_gecerli,P0,kontrol-EdDSA,kabul,uygulanamaz,bicim-desteklenmiyor,,uygulanamaz,mirror:COSE-K1K_iki_gecerli (accept-classical)
SDJWT-015,SYN-COSE-K1K_iki_gecerli,P1,kontrol-EdDSA,kabul,uygulanamaz,bicim-desteklenmiyor,,uygulanamaz,mirror:COSE-K1K_iki_gecerli (accept-classical)
SDJWT-015,SYN-COSE-K1K_iki_gecerli-SIRA-ters,L4,kontrol-EdDSA,kabul,uygulanamaz,bicim-desteklenmiyor,,uygulanamaz,mirror:COSE-K1K_iki_gecerli-SIRA-ters (accept-classical)
SDJWT-015,SYN-COSE-K1K_iki_gecerli-SIRA-ters,L4-S,kontrol-EdDSA,kabul,uygulanamaz,bicim-desteklenmiyor,,uygulanamaz,mirror:COSE-K1K_iki_gecerli-SIRA-ters (accept-classical)
SDJWT-015,SYN-COSE-K1K_iki_gecerli-SIRA-ters,L4-Y,kontrol-EdDSA,kabul,uygulanamaz,bicim-desteklenmiyor,,uygulanamaz,mirror:COSE-K1K_iki_gecerli-SIRA-ters (accept-classical)
SDJWT-015,SYN-COSE-K1K_iki_gecerli-SIRA-ters,P0,kontrol-EdDSA,kabul,uygulanamaz,bicim-desteklenmiyor,,uygulanamaz,mirror:COSE-K1K_iki_gecerli-SIRA-ters (accept-classical)
SDJWT-015,SYN-COSE-K1K_iki_gecerli-SIRA-ters,P1,kontrol-EdDSA,kabul,uygulanamaz,bicim-desteklenmiyor,,uygulanamaz,mirror:COSE-K1K_iki_gecerli-SIRA-ters (accept-classical)
SDJWT-015,SYN-COSE-K1P_iki_gecerli,L4,tedavi-ML-DSA-65,kabul,uygulanamaz,bicim-desteklenmiyor,,uygulanamaz,mirror:COSE-K1P_iki_gecerli (accept-hybrid)
SDJWT-015,SYN-COSE-K1P_iki_gecerli,L4-S,tedavi-ML-DSA-65,kabul,uygulanamaz,bicim-desteklenmiyor,,uygulanamaz,mirror:COSE-K1P_iki_gecerli (accept-hybrid)
SDJWT-015,SYN-COSE-K1P_iki_gecerli,L4-Y,tedavi-ML-DSA-65,kabul,uygulanamaz,bicim-desteklenmiyor,,uygulanamaz,mirror:COSE-K1P_iki_gecerli (accept-hybrid)
SDJWT-015,SYN-COSE-K1P_iki_gecerli,P0,tedavi-ML-DSA-65,kabul,uygulanamaz,bicim-desteklenmiyor,,uygulanamaz,mirror:COSE-K1P_iki_gecerli (accept-classical)
SDJWT-015,SYN-COSE-K1P_iki_gecerli,P1,tedavi-ML-DSA-65,kabul,uygulanamaz,bicim-desteklenmiyor,,uygulanamaz,mirror:COSE-K1P_iki_gecerli (accept-hybrid)
SDJWT-015,SYN-COSE-K1P_iki_gecerli-SIRA-ters,L4,tedavi-ML-DSA-65,kabul,uygulanamaz,bicim-desteklenmiyor,,uygulanamaz,mirror:COSE-K1P_iki_gecerli-SIRA-ters (accept-hybrid)
SDJWT-015,SYN-COSE-K1P_iki_gecerli-SIRA-ters,L4-S,tedavi-ML-DSA-65,kabul,uygulanamaz,bicim-desteklenmiyor,,uygulanamaz,mirror:COSE-K1P_iki_gecerli-SIRA-ters (accept-hybrid)
SDJWT-015,SYN-COSE-K1P_iki_gecerli-SIRA-ters,L4-Y,tedavi-ML-DSA-65,kabul,uygulanamaz,bicim-desteklenmiyor,,uygulanamaz,mirror:COSE-K1P_iki_gecerli-SIRA-ters (accept-hybrid)
SDJWT-015,SYN-COSE-K1P_iki_gecerli-SIRA-ters,P0,tedavi-ML-DSA-65,kabul,uygulanamaz,bicim-desteklenmiyor,,uygulanamaz,mirror:COSE-K1P_iki_gecerli-SIRA-ters (accept-classical)
SDJWT-015,SYN-COSE-K1P_iki_gecerli-SIRA-ters,P1,tedavi-ML-DSA-65,kabul,uygulanamaz,bicim-desteklenmiyor,,uygulanamaz,mirror:COSE-K1P_iki_gecerli-SIRA-ters (accept-hybrid)
SDJWT-015,SYN-COSE-K4K_yalniz_X,GEC,kontrol-EdDSA,kabul,uygulanamaz,bicim-desteklenmiyor,,uygulanamaz,mirror:COSE-K4K_yalniz_X (accept-classical)
SDJWT-015,SYN-COSE-K4K_yalniz_X,IZIN-AX,kontrol-EdDSA,kabul,uygulanamaz,bicim-desteklenmiyor,,uygulanamaz,mirror:COSE-K4K_yalniz_X (accept-classical)
SDJWT-015,SYN-COSE-K4K_yalniz_X,L4,kontrol-EdDSA,kabul,uygulanamaz,bicim-desteklenmiyor,,uygulanamaz,mirror:COSE-K4K_yalniz_X (accept-classical)
SDJWT-015,SYN-COSE-K4K_yalniz_X,L4-S,kontrol-EdDSA,kabul,uygulanamaz,bicim-desteklenmiyor,,uygulanamaz,mirror:COSE-K4K_yalniz_X (accept-classical)
SDJWT-015,SYN-COSE-K4K_yalniz_X,L4-Y,kontrol-EdDSA,kabul,uygulanamaz,bicim-desteklenmiyor,,uygulanamaz,mirror:COSE-K4K_yalniz_X (accept-classical)
SDJWT-015,SYN-COSE-K4K_yalniz_X,P0,kontrol-EdDSA,kabul,uygulanamaz,bicim-desteklenmiyor,,uygulanamaz,mirror:COSE-K4K_yalniz_X (accept-classical)
SDJWT-015,SYN-COSE-K4K_yalniz_X,P1,kontrol-EdDSA,kabul,uygulanamaz,bicim-desteklenmiyor,,uygulanamaz,mirror:COSE-K4K_yalniz_X (accept-classical)
SDJWT-015,SYN-COSE-K4P_yalniz_X,GEC,tedavi-ML-DSA-65,kabul,uygulanamaz,bicim-desteklenmiyor,,uygulanamaz,mirror:COSE-K4P_yalniz_X (accept-hybrid)
SDJWT-015,SYN-COSE-K4P_yalniz_X,IZIN-AX,tedavi-ML-DSA-65,kabul,uygulanamaz,bicim-desteklenmiyor,,uygulanamaz,mirror:COSE-K4P_yalniz_X (accept-hybrid)
SDJWT-015,SYN-COSE-K4P_yalniz_X,L4,tedavi-ML-DSA-65,kabul,uygulanamaz,bicim-desteklenmiyor,,uygulanamaz,mirror:COSE-K4P_yalniz_X (accept-hybrid)
SDJWT-015,SYN-COSE-K4P_yalniz_X,L4-S,tedavi-ML-DSA-65,kabul,uygulanamaz,bicim-desteklenmiyor,,uygulanamaz,mirror:COSE-K4P_yalniz_X (accept-hybrid)
SDJWT-015,SYN-COSE-K4P_yalniz_X,L4-Y,tedavi-ML-DSA-65,kabul,uygulanamaz,bicim-desteklenmiyor,,uygulanamaz,mirror:COSE-K4P_yalniz_X (accept-hybrid)
SDJWT-015,SYN-COSE-K4P_yalniz_X,P0,tedavi-ML-DSA-65,kabul,uygulanamaz,bicim-desteklenmiyor,,uygulanamaz,mirror:COSE-K4P_yalniz_X (accept-hybrid)
SDJWT-015,SYN-COSE-K4P_yalniz_X,P1,tedavi-ML-DSA-65,kabul,uygulanamaz,bicim-desteklenmiyor,,uygulanamaz,mirror:COSE-K4P_yalniz_X (accept-hybrid)
SDJWT-015,SYN-COSE-VPLUS_ES256,GEC,kontrol-EdDSA,kabul,uygulanamaz,bicim-desteklenmiyor,,uygulanamaz,mirror:COSE-VPLUS_ES256 (accept-classical)
SDJWT-015,SYN-COSE-VPLUS_ES256,GEC,tedavi-ML-DSA-65,kabul,uygulanamaz,bicim-desteklenmiyor,,uygulanamaz,mirror:COSE-VPLUS_ES256 (accept-classical)
SDJWT-015,SYN-COSE-VPLUS_ES256,IZIN-A,kontrol-EdDSA,kabul,uygulanamaz,bicim-desteklenmiyor,,uygulanamaz,mirror:COSE-VPLUS_ES256 (accept-classical)
SDJWT-015,SYN-COSE-VPLUS_ES256,IZIN-A,tedavi-ML-DSA-65,kabul,uygulanamaz,bicim-desteklenmiyor,,uygulanamaz,mirror:COSE-VPLUS_ES256 (accept-classical)
SDJWT-015,SYN-COSE-VPLUS_ES256,IZIN-AX,kontrol-EdDSA,kabul,uygulanamaz,bicim-desteklenmiyor,,uygulanamaz,mirror:COSE-VPLUS_ES256 (accept-classical)
SDJWT-015,SYN-COSE-VPLUS_ES256,IZIN-AX,tedavi-ML-DSA-65,kabul,uygulanamaz,bicim-desteklenmiyor,,uygulanamaz,mirror:COSE-VPLUS_ES256 (accept-classical)
SDJWT-015,SYN-COSE-VPLUS_ES256,P0,kontrol-EdDSA,kabul,uygulanamaz,bicim-desteklenmiyor,,uygulanamaz,mirror:COSE-VPLUS_ES256 (accept-classical)
SDJWT-015,SYN-COSE-VPLUS_ES256,P0,tedavi-ML-DSA-65,kabul,uygulanamaz,bicim-desteklenmiyor,,uygulanamaz,mirror:COSE-VPLUS_ES256 (accept-classical)
SDJWT-015,SYN-COSE-VPLUS_EdDSA,GEC,kontrol-EdDSA,kabul,uygulanamaz,bicim-desteklenmiyor,,uygulanamaz,mirror:COSE-VPLUS_EdDSA (accept-classical)
SDJWT-015,SYN-COSE-VPLUS_EdDSA,IZIN-AX,kontrol-EdDSA,kabul,uygulanamaz,bicim-desteklenmiyor,,uygulanamaz,mirror:COSE-VPLUS_EdDSA (accept-classical)
SDJWT-015,SYN-COSE-VPLUS_EdDSA,L4,kontrol-EdDSA,kabul,uygulanamaz,bicim-desteklenmiyor,,uygulanamaz,mirror:COSE-VPLUS_EdDSA (accept-classical)
SDJWT-015,SYN-COSE-VPLUS_EdDSA,L4-S,kontrol-EdDSA,kabul,uygulanamaz,bicim-desteklenmiyor,,uygulanamaz,mirror:COSE-VPLUS_EdDSA (accept-classical)
SDJWT-015,SYN-COSE-VPLUS_EdDSA,L4-Y,kontrol-EdDSA,kabul,uygulanamaz,bicim-desteklenmiyor,,uygulanamaz,mirror:COSE-VPLUS_EdDSA (accept-classical)
SDJWT-015,SYN-COSE-VPLUS_EdDSA,P0,kontrol-EdDSA,kabul,uygulanamaz,bicim-desteklenmiyor,,uygulanamaz,mirror:COSE-VPLUS_EdDSA (accept-classical)
SDJWT-015,SYN-COSE-VPLUS_ML-DSA-65,GEC,tedavi-ML-DSA-65,kabul,uygulanamaz,bicim-desteklenmiyor,,uygulanamaz,mirror:COSE-VPLUS_ML-DSA-65 (accept-hybrid)
SDJWT-015,SYN-COSE-VPLUS_ML-DSA-65,IZIN-AX,tedavi-ML-DSA-65,kabul,uygulanamaz,bicim-desteklenmiyor,,uygulanamaz,mirror:COSE-VPLUS_ML-DSA-65 (accept-hybrid)
SDJWT-015,SYN-COSE-VPLUS_ML-DSA-65,L4,tedavi-ML-DSA-65,kabul,uygulanamaz,bicim-desteklenmiyor,,uygulanamaz,mirror:COSE-VPLUS_ML-DSA-65 (accept-hybrid)
SDJWT-015,SYN-COSE-VPLUS_ML-DSA-65,L4-S,tedavi-ML-DSA-65,kabul,uygulanamaz,bicim-desteklenmiyor,,uygulanamaz,mirror:COSE-VPLUS_ML-DSA-65 (accept-hybrid)
SDJWT-015,SYN-COSE-VPLUS_ML-DSA-65,L4-Y,tedavi-ML-DSA-65,kabul,uygulanamaz,bicim-desteklenmiyor,,uygulanamaz,mirror:COSE-VPLUS_ML-DSA-65 (accept-hybrid)
SDJWT-015,SYN-COSE-VPLUS_ML-DSA-65,P0,tedavi-ML-DSA-65,kabul,uygulanamaz,bicim-desteklenmiyor,,uygulanamaz,mirror:COSE-VPLUS_ML-DSA-65 (accept-hybrid)
SDJWT-015,SYN-D-VCX_EdDSA_kid,GEC,kontrol-EdDSA,kabul,kabul,,,uyumlu,derived:analogue VPLUS_EdDSA (accept-classical)
SDJWT-015,SYN-D-VCX_EdDSA_kid,IZIN-AX,kontrol-EdDSA,kabul,kabul,,,uyumlu,derived:analogue VPLUS_EdDSA (accept-classical)
SDJWT-015,SYN-D-VCX_EdDSA_kid,L4,kontrol-EdDSA,kabul,kabul,,,uyumlu,derived:analogue VPLUS_EdDSA (accept-classical)
SDJWT-015,SYN-D-VCX_EdDSA_kid,L4-S,kontrol-EdDSA,kabul,kabul,,,uyumlu,derived:analogue VPLUS_EdDSA (accept-classical)
SDJWT-015,SYN-D-VCX_EdDSA_kid,L4-Y,kontrol-EdDSA,kabul,ifade-edilemedi,,,ifade-edilemedi,derived:analogue VPLUS_EdDSA (accept-classical)
SDJWT-015,SYN-D-VCX_EdDSA_kid,P0,kontrol-EdDSA,kabul,kabul,,,uyumlu,derived:analogue VPLUS_EdDSA (accept-classical)
SDJWT-015,SYN-L4C-COSE_eski_ES256,GEC,kontrol-EdDSA,kabul,uygulanamaz,bicim-desteklenmiyor,,uygulanamaz,mirror:L4C-COSE_eski_ES256 (accept-classical)
SDJWT-015,SYN-L4C-COSE_eski_ES256,GEC,tedavi-ML-DSA-65,kabul,uygulanamaz,bicim-desteklenmiyor,,uygulanamaz,mirror:L4C-COSE_eski_ES256 (accept-classical)
SDJWT-015,SYN-L4C-COSE_eski_ES256,IZIN-A,kontrol-EdDSA,kabul,uygulanamaz,bicim-desteklenmiyor,,uygulanamaz,mirror:L4C-COSE_eski_ES256 (accept-classical)
SDJWT-015,SYN-L4C-COSE_eski_ES256,IZIN-A,tedavi-ML-DSA-65,kabul,uygulanamaz,bicim-desteklenmiyor,,uygulanamaz,mirror:L4C-COSE_eski_ES256 (accept-classical)
SDJWT-015,SYN-L4C-COSE_eski_ES256,IZIN-AX,kontrol-EdDSA,kabul,uygulanamaz,bicim-desteklenmiyor,,uygulanamaz,mirror:L4C-COSE_eski_ES256 (accept-classical)
SDJWT-015,SYN-L4C-COSE_eski_ES256,IZIN-AX,tedavi-ML-DSA-65,kabul,uygulanamaz,bicim-desteklenmiyor,,uygulanamaz,mirror:L4C-COSE_eski_ES256 (accept-classical)
SDJWT-015,SYN-L4C-COSE_eski_ES256,L4,kontrol-EdDSA,kabul,uygulanamaz,bicim-desteklenmiyor,,uygulanamaz,mirror:L4C-COSE_eski_ES256 (accept-classical)
SDJWT-015,SYN-L4C-COSE_eski_ES256,L4,tedavi-ML-DSA-65,kabul,uygulanamaz,bicim-desteklenmiyor,,uygulanamaz,mirror:L4C-COSE_eski_ES256 (accept-classical)
SDJWT-015,SYN-L4C-COSE_eski_ES256,L4-S,kontrol-EdDSA,kabul,uygulanamaz,bicim-desteklenmiyor,,uygulanamaz,mirror:L4C-COSE_eski_ES256 (accept-classical)
SDJWT-015,SYN-L4C-COSE_eski_ES256,L4-S,tedavi-ML-DSA-65,kabul,uygulanamaz,bicim-desteklenmiyor,,uygulanamaz,mirror:L4C-COSE_eski_ES256 (accept-classical)
SDJWT-015,SYN-L4C-COSE_eski_ES256,L4-Y,kontrol-EdDSA,kabul,uygulanamaz,bicim-desteklenmiyor,,uygulanamaz,mirror:L4C-COSE_eski_ES256 (accept-classical)
SDJWT-015,SYN-L4C-COSE_eski_ES256,L4-Y,tedavi-ML-DSA-65,kabul,uygulanamaz,bicim-desteklenmiyor,,uygulanamaz,mirror:L4C-COSE_eski_ES256 (accept-classical)
SDJWT-015,SYN-L4C-JOSE_eski_ES256,GEC,kontrol-EdDSA,kabul,kabul,,,uyumlu,mirror:L4C-JOSE_eski_ES256 (accept-classical)
SDJWT-015,SYN-L4C-JOSE_eski_ES256,GEC,tedavi-ML-DSA-65,kabul,kabul,,,uyumlu,mirror:L4C-JOSE_eski_ES256 (accept-classical)
SDJWT-015,SYN-L4C-JOSE_eski_ES256,IZIN-A,kontrol-EdDSA,kabul,kabul,,,uyumlu,mirror:L4C-JOSE_eski_ES256 (accept-classical)
SDJWT-015,SYN-L4C-JOSE_eski_ES256,IZIN-A,tedavi-ML-DSA-65,kabul,kabul,,,uyumlu,mirror:L4C-JOSE_eski_ES256 (accept-classical)
SDJWT-015,SYN-L4C-JOSE_eski_ES256,IZIN-AX,kontrol-EdDSA,kabul,kabul,,,uyumlu,mirror:L4C-JOSE_eski_ES256 (accept-classical)
SDJWT-015,SYN-L4C-JOSE_eski_ES256,IZIN-AX,tedavi-ML-DSA-65,kabul,kabul,,,uyumlu,mirror:L4C-JOSE_eski_ES256 (accept-classical)
SDJWT-015,SYN-L4C-JOSE_eski_ES256,L4,kontrol-EdDSA,kabul,kabul,,,uyumlu,mirror:L4C-JOSE_eski_ES256 (accept-classical)
SDJWT-015,SYN-L4C-JOSE_eski_ES256,L4,tedavi-ML-DSA-65,kabul,kabul,,,uyumlu,mirror:L4C-JOSE_eski_ES256 (accept-classical)
SDJWT-015,SYN-L4C-JOSE_eski_ES256,L4-S,kontrol-EdDSA,kabul,kabul,,,uyumlu,mirror:L4C-JOSE_eski_ES256 (accept-classical)
SDJWT-015,SYN-L4C-JOSE_eski_ES256,L4-S,tedavi-ML-DSA-65,kabul,kabul,,,uyumlu,mirror:L4C-JOSE_eski_ES256 (accept-classical)
SDJWT-015,SYN-L4C-JOSE_eski_ES256,L4-Y,kontrol-EdDSA,kabul,ifade-edilemedi,,,ifade-edilemedi,mirror:L4C-JOSE_eski_ES256 (accept-classical)
SDJWT-015,SYN-L4C-JOSE_eski_ES256,L4-Y,tedavi-ML-DSA-65,kabul,ifade-edilemedi,,,ifade-edilemedi,mirror:L4C-JOSE_eski_ES256 (accept-classical)
SDJWT-015,SYN-T1K_both_valid,L4,kontrol-EdDSA,kabul,uygulanamaz,bicim-desteklenmiyor,,uygulanamaz,mirror:T1K_both_valid (accept-classical)
SDJWT-015,SYN-T1K_both_valid,L4-S,kontrol-EdDSA,kabul,uygulanamaz,bicim-desteklenmiyor,,uygulanamaz,mirror:T1K_both_valid (accept-classical)
SDJWT-015,SYN-T1K_both_valid,L4-Y,kontrol-EdDSA,kabul,uygulanamaz,bicim-desteklenmiyor,,uygulanamaz,mirror:T1K_both_valid (accept-classical)
SDJWT-015,SYN-T1K_both_valid,P0,kontrol-EdDSA,kabul,uygulanamaz,bicim-desteklenmiyor,,uygulanamaz,mirror:T1K_both_valid (accept-classical)
SDJWT-015,SYN-T1K_both_valid,P1,kontrol-EdDSA,kabul,uygulanamaz,bicim-desteklenmiyor,,uygulanamaz,mirror:T1K_both_valid (accept-classical)
SDJWT-015,SYN-T1K_both_valid-SIRA-ters,L4,kontrol-EdDSA,kabul,uygulanamaz,bicim-desteklenmiyor,,uygulanamaz,mirror:T1K_both_valid-SIRA-ters (accept-classical)
SDJWT-015,SYN-T1K_both_valid-SIRA-ters,L4-S,kontrol-EdDSA,kabul,uygulanamaz,bicim-desteklenmiyor,,uygulanamaz,mirror:T1K_both_valid-SIRA-ters (accept-classical)
SDJWT-015,SYN-T1K_both_valid-SIRA-ters,L4-Y,kontrol-EdDSA,kabul,uygulanamaz,bicim-desteklenmiyor,,uygulanamaz,mirror:T1K_both_valid-SIRA-ters (accept-classical)
SDJWT-015,SYN-T1K_both_valid-SIRA-ters,P0,kontrol-EdDSA,kabul,uygulanamaz,bicim-desteklenmiyor,,uygulanamaz,mirror:T1K_both_valid-SIRA-ters (accept-classical)
SDJWT-015,SYN-T1K_both_valid-SIRA-ters,P1,kontrol-EdDSA,kabul,uygulanamaz,bicim-desteklenmiyor,,uygulanamaz,mirror:T1K_both_valid-SIRA-ters (accept-classical)
SDJWT-015,SYN-T1P_both_valid,L4,tedavi-ML-DSA-65,kabul,uygulanamaz,bicim-desteklenmiyor,,uygulanamaz,mirror:T1P_both_valid (accept-hybrid)
SDJWT-015,SYN-T1P_both_valid,L4-S,tedavi-ML-DSA-65,kabul,uygulanamaz,bicim-desteklenmiyor,,uygulanamaz,mirror:T1P_both_valid (accept-hybrid)
SDJWT-015,SYN-T1P_both_valid,L4-Y,tedavi-ML-DSA-65,kabul,uygulanamaz,bicim-desteklenmiyor,,uygulanamaz,mirror:T1P_both_valid (accept-hybrid)
SDJWT-015,SYN-T1P_both_valid,P0,tedavi-ML-DSA-65,kabul,uygulanamaz,bicim-desteklenmiyor,,uygulanamaz,mirror:T1P_both_valid (accept-classical)
SDJWT-015,SYN-T1P_both_valid,P1,tedavi-ML-DSA-65,kabul,uygulanamaz,bicim-desteklenmiyor,,uygulanamaz,mirror:T1P_both_valid (accept-hybrid)
SDJWT-015,SYN-T1P_both_valid-SIRA-ters,L4,tedavi-ML-DSA-65,kabul,uygulanamaz,bicim-desteklenmiyor,,uygulanamaz,mirror:T1P_both_valid-SIRA-ters (accept-hybrid)
SDJWT-015,SYN-T1P_both_valid-SIRA-ters,L4-S,tedavi-ML-DSA-65,kabul,uygulanamaz,bicim-desteklenmiyor,,uygulanamaz,mirror:T1P_both_valid-SIRA-ters (accept-hybrid)
SDJWT-015,SYN-T1P_both_valid-SIRA-ters,L4-Y,tedavi-ML-DSA-65,kabul,uygulanamaz,bicim-desteklenmiyor,,uygulanamaz,mirror:T1P_both_valid-SIRA-ters (accept-hybrid)
SDJWT-015,SYN-T1P_both_valid-SIRA-ters,P0,tedavi-ML-DSA-65,kabul,uygulanamaz,bicim-desteklenmiyor,,uygulanamaz,mirror:T1P_both_valid-SIRA-ters (accept-classical)
SDJWT-015,SYN-T1P_both_valid-SIRA-ters,P1,tedavi-ML-DSA-65,kabul,uygulanamaz,bicim-desteklenmiyor,,uygulanamaz,mirror:T1P_both_valid-SIRA-ters (accept-hybrid)
SDJWT-015,SYN-T5K_only_EdDSA,GEC,kontrol-EdDSA,kabul,uygulanamaz,bicim-desteklenmiyor,,uygulanamaz,mirror:T5K_only_EdDSA (accept-classical)
SDJWT-015,SYN-T5K_only_EdDSA,IZIN-AX,kontrol-EdDSA,kabul,uygulanamaz,bicim-desteklenmiyor,,uygulanamaz,mirror:T5K_only_EdDSA (accept-classical)
SDJWT-015,SYN-T5K_only_EdDSA,L4,kontrol-EdDSA,kabul,uygulanamaz,bicim-desteklenmiyor,,uygulanamaz,mirror:T5K_only_EdDSA (accept-classical)
SDJWT-015,SYN-T5K_only_EdDSA,L4-S,kontrol-EdDSA,kabul,uygulanamaz,bicim-desteklenmiyor,,uygulanamaz,mirror:T5K_only_EdDSA (accept-classical)
SDJWT-015,SYN-T5K_only_EdDSA,L4-Y,kontrol-EdDSA,kabul,uygulanamaz,bicim-desteklenmiyor,,uygulanamaz,mirror:T5K_only_EdDSA (accept-classical)
SDJWT-015,SYN-T5K_only_EdDSA,P0,kontrol-EdDSA,kabul,uygulanamaz,bicim-desteklenmiyor,,uygulanamaz,mirror:T5K_only_EdDSA (accept-classical)
SDJWT-015,SYN-T5K_only_EdDSA,P1,kontrol-EdDSA,kabul,uygulanamaz,bicim-desteklenmiyor,,uygulanamaz,mirror:T5K_only_EdDSA (accept-classical)
SDJWT-015,SYN-T5P_only_ML-DSA-65,GEC,tedavi-ML-DSA-65,kabul,uygulanamaz,bicim-desteklenmiyor,,uygulanamaz,mirror:T5P_only_ML-DSA-65 (accept-hybrid)
SDJWT-015,SYN-T5P_only_ML-DSA-65,IZIN-AX,tedavi-ML-DSA-65,kabul,uygulanamaz,bicim-desteklenmiyor,,uygulanamaz,mirror:T5P_only_ML-DSA-65 (accept-hybrid)
SDJWT-015,SYN-T5P_only_ML-DSA-65,L4,tedavi-ML-DSA-65,kabul,uygulanamaz,bicim-desteklenmiyor,,uygulanamaz,mirror:T5P_only_ML-DSA-65 (accept-hybrid)
SDJWT-015,SYN-T5P_only_ML-DSA-65,L4-S,tedavi-ML-DSA-65,kabul,uygulanamaz,bicim-desteklenmiyor,,uygulanamaz,mirror:T5P_only_ML-DSA-65 (accept-hybrid)
SDJWT-015,SYN-T5P_only_ML-DSA-65,L4-Y,tedavi-ML-DSA-65,kabul,uygulanamaz,bicim-desteklenmiyor,,uygulanamaz,mirror:T5P_only_ML-DSA-65 (accept-hybrid)
SDJWT-015,SYN-T5P_only_ML-DSA-65,P0,tedavi-ML-DSA-65,kabul,uygulanamaz,bicim-desteklenmiyor,,uygulanamaz,mirror:T5P_only_ML-DSA-65 (accept-hybrid)
SDJWT-015,SYN-T5P_only_ML-DSA-65,P1,tedavi-ML-DSA-65,kabul,uygulanamaz,bicim-desteklenmiyor,,uygulanamaz,mirror:T5P_only_ML-DSA-65 (accept-hybrid)
SDJWT-015,SYN-VC01_ES256_x5c,GEC,kontrol-EdDSA,kabul,kabul,,,uyumlu,mirror:VC01_ES256_x5c (accept-classical)
SDJWT-015,SYN-VC01_ES256_x5c,GEC,tedavi-ML-DSA-65,kabul,kabul,,,uyumlu,mirror:VC01_ES256_x5c (accept-classical)
SDJWT-015,SYN-VC01_ES256_x5c,IZIN-A,kontrol-EdDSA,kabul,kabul,,,uyumlu,mirror:VC01_ES256_x5c (accept-classical)
SDJWT-015,SYN-VC01_ES256_x5c,IZIN-A,tedavi-ML-DSA-65,kabul,kabul,,,uyumlu,mirror:VC01_ES256_x5c (accept-classical)
SDJWT-015,SYN-VC01_ES256_x5c,IZIN-AX,kontrol-EdDSA,kabul,kabul,,,uyumlu,mirror:VC01_ES256_x5c (accept-classical)
SDJWT-015,SYN-VC01_ES256_x5c,IZIN-AX,tedavi-ML-DSA-65,kabul,kabul,,,uyumlu,mirror:VC01_ES256_x5c (accept-classical)
SDJWT-015,SYN-VC01_ES256_x5c,P0,kontrol-EdDSA,kabul,kabul,,,uyumlu,mirror:VC01_ES256_x5c (accept-classical)
SDJWT-015,SYN-VC01_ES256_x5c,P0,tedavi-ML-DSA-65,kabul,kabul,,,uyumlu,mirror:VC01_ES256_x5c (accept-classical)
SDJWT-015,SYN-VC02_MLDSA65_x5c,GEC,tedavi-ML-DSA-65,kabul,kabul,,,uyumlu,mirror:VC02_MLDSA65_x5c (accept-hybrid)
SDJWT-015,SYN-VC02_MLDSA65_x5c,IZIN-AX,tedavi-ML-DSA-65,kabul,kabul,,,uyumlu,mirror:VC02_MLDSA65_x5c (accept-hybrid)
SDJWT-015,SYN-VC02_MLDSA65_x5c,L4,tedavi-ML-DSA-65,kabul,kabul,,,uyumlu,mirror:VC02_MLDSA65_x5c (accept-hybrid)
SDJWT-015,SYN-VC02_MLDSA65_x5c,L4-S,tedavi-ML-DSA-65,kabul,kabul,,,uyumlu,mirror:VC02_MLDSA65_x5c (accept-hybrid)
SDJWT-015,SYN-VC02_MLDSA65_x5c,L4-Y,tedavi-ML-DSA-65,kabul,ifade-edilemedi,,,ifade-edilemedi,mirror:VC02_MLDSA65_x5c (accept-hybrid)
SDJWT-015,SYN-VC02_MLDSA65_x5c,P0,tedavi-ML-DSA-65,kabul,kabul,,,uyumlu,mirror:VC02_MLDSA65_x5c (accept-hybrid)
SDJWT-015,SYN-VC07_GJ_ES256_MLDSA65,L4,tedavi-ML-DSA-65,kabul,ifade-edilemedi,,,ifade-edilemedi,mirror:VC07_GJ_ES256_MLDSA65 (accept-hybrid)
SDJWT-015,SYN-VC07_GJ_ES256_MLDSA65,L4-S,tedavi-ML-DSA-65,kabul,ifade-edilemedi,,,ifade-edilemedi,mirror:VC07_GJ_ES256_MLDSA65 (accept-hybrid)
SDJWT-015,SYN-VC07_GJ_ES256_MLDSA65,L4-Y,tedavi-ML-DSA-65,kabul,ifade-edilemedi,,,ifade-edilemedi,mirror:VC07_GJ_ES256_MLDSA65 (accept-hybrid)
SDJWT-015,SYN-VC07_GJ_ES256_MLDSA65,P0,tedavi-ML-DSA-65,kabul,kabul,,,uyumlu,mirror:VC07_GJ_ES256_MLDSA65 (accept-classical)
SDJWT-015,SYN-VC07_GJ_ES256_MLDSA65,P1,tedavi-ML-DSA-65,kabul,kabul,,,uyumlu,mirror:VC07_GJ_ES256_MLDSA65 (accept-hybrid)
SDJWT-015,SYN-VC07_GJ_ES256_MLDSA65-SIRA-ters,L4,tedavi-ML-DSA-65,kabul,ifade-edilemedi,,,ifade-edilemedi,mirror:VC07_GJ_ES256_MLDSA65-SIRA-ters (accept-hybrid)
SDJWT-015,SYN-VC07_GJ_ES256_MLDSA65-SIRA-ters,L4-S,tedavi-ML-DSA-65,kabul,ifade-edilemedi,,,ifade-edilemedi,mirror:VC07_GJ_ES256_MLDSA65-SIRA-ters (accept-hybrid)
SDJWT-015,SYN-VC07_GJ_ES256_MLDSA65-SIRA-ters,L4-Y,tedavi-ML-DSA-65,kabul,ifade-edilemedi,,,ifade-edilemedi,mirror:VC07_GJ_ES256_MLDSA65-SIRA-ters (accept-hybrid)
SDJWT-015,SYN-VC07_GJ_ES256_MLDSA65-SIRA-ters,P0,tedavi-ML-DSA-65,kabul,kabul,,,uyumlu,mirror:VC07_GJ_ES256_MLDSA65-SIRA-ters (accept-classical)
SDJWT-015,SYN-VC07_GJ_ES256_MLDSA65-SIRA-ters,P1,tedavi-ML-DSA-65,kabul,kabul,,,uyumlu,mirror:VC07_GJ_ES256_MLDSA65-SIRA-ters (accept-hybrid)
SDJWT-015,SYN-VC09_GJ_ES256_EdDSA,L4,kontrol-EdDSA,kabul,ifade-edilemedi,,,ifade-edilemedi,mirror:VC09_GJ_ES256_EdDSA (accept-classical)
SDJWT-015,SYN-VC09_GJ_ES256_EdDSA,L4-S,kontrol-EdDSA,kabul,ifade-edilemedi,,,ifade-edilemedi,mirror:VC09_GJ_ES256_EdDSA (accept-classical)
SDJWT-015,SYN-VC09_GJ_ES256_EdDSA,L4-Y,kontrol-EdDSA,kabul,ifade-edilemedi,,,ifade-edilemedi,mirror:VC09_GJ_ES256_EdDSA (accept-classical)
SDJWT-015,SYN-VC09_GJ_ES256_EdDSA,P0,kontrol-EdDSA,kabul,kabul,,,uyumlu,mirror:VC09_GJ_ES256_EdDSA (accept-classical)
SDJWT-015,SYN-VC09_GJ_ES256_EdDSA,P1,kontrol-EdDSA,kabul,kabul,,,uyumlu,mirror:VC09_GJ_ES256_EdDSA (accept-classical)
SDJWT-015,SYN-VC09_GJ_ES256_EdDSA-SIRA-ters,L4,kontrol-EdDSA,kabul,ifade-edilemedi,,,ifade-edilemedi,mirror:VC09_GJ_ES256_EdDSA-SIRA-ters (accept-classical)
SDJWT-015,SYN-VC09_GJ_ES256_EdDSA-SIRA-ters,L4-S,kontrol-EdDSA,kabul,ifade-edilemedi,,,ifade-edilemedi,mirror:VC09_GJ_ES256_EdDSA-SIRA-ters (accept-classical)
SDJWT-015,SYN-VC09_GJ_ES256_EdDSA-SIRA-ters,L4-Y,kontrol-EdDSA,kabul,ifade-edilemedi,,,ifade-edilemedi,mirror:VC09_GJ_ES256_EdDSA-SIRA-ters (accept-classical)
SDJWT-015,SYN-VC09_GJ_ES256_EdDSA-SIRA-ters,P0,kontrol-EdDSA,kabul,kabul,,,uyumlu,mirror:VC09_GJ_ES256_EdDSA-SIRA-ters (accept-classical)
SDJWT-015,SYN-VC09_GJ_ES256_EdDSA-SIRA-ters,P1,kontrol-EdDSA,kabul,kabul,,,uyumlu,mirror:VC09_GJ_ES256_EdDSA-SIRA-ters (accept-classical)
SDJWT-015,SYN-VPLUS_ES256,GEC,kontrol-EdDSA,kabul,kabul,,,uyumlu,mirror:VPLUS_ES256 (accept-classical)
SDJWT-015,SYN-VPLUS_ES256,GEC,tedavi-ML-DSA-65,kabul,kabul,,,uyumlu,mirror:VPLUS_ES256 (accept-classical)
SDJWT-015,SYN-VPLUS_ES256,IZIN-A,kontrol-EdDSA,kabul,kabul,,,uyumlu,mirror:VPLUS_ES256 (accept-classical)
SDJWT-015,SYN-VPLUS_ES256,IZIN-A,tedavi-ML-DSA-65,kabul,kabul,,,uyumlu,mirror:VPLUS_ES256 (accept-classical)
SDJWT-015,SYN-VPLUS_ES256,IZIN-AX,kontrol-EdDSA,kabul,kabul,,,uyumlu,mirror:VPLUS_ES256 (accept-classical)
SDJWT-015,SYN-VPLUS_ES256,IZIN-AX,tedavi-ML-DSA-65,kabul,kabul,,,uyumlu,mirror:VPLUS_ES256 (accept-classical)
SDJWT-015,SYN-VPLUS_ES256,P0,kontrol-EdDSA,kabul,kabul,,,uyumlu,mirror:VPLUS_ES256 (accept-classical)
SDJWT-015,SYN-VPLUS_ES256,P0,tedavi-ML-DSA-65,kabul,kabul,,,uyumlu,mirror:VPLUS_ES256 (accept-classical)
SDJWT-015,SYN-VPLUS_EdDSA,GEC,kontrol-EdDSA,kabul,kabul,,,uyumlu,mirror:VPLUS_EdDSA (accept-classical)
SDJWT-015,SYN-VPLUS_EdDSA,IZIN-AX,kontrol-EdDSA,kabul,kabul,,,uyumlu,mirror:VPLUS_EdDSA (accept-classical)
SDJWT-015,SYN-VPLUS_EdDSA,L4,kontrol-EdDSA,kabul,kabul,,,uyumlu,mirror:VPLUS_EdDSA (accept-classical)
SDJWT-015,SYN-VPLUS_EdDSA,L4-S,kontrol-EdDSA,kabul,kabul,,,uyumlu,mirror:VPLUS_EdDSA (accept-classical)
SDJWT-015,SYN-VPLUS_EdDSA,L4-Y,kontrol-EdDSA,kabul,ifade-edilemedi,,,ifade-edilemedi,mirror:VPLUS_EdDSA (accept-classical)
SDJWT-015,SYN-VPLUS_EdDSA,P0,kontrol-EdDSA,kabul,kabul,,,uyumlu,mirror:VPLUS_EdDSA (accept-classical)
SDJWT-015,SYN-VPLUS_ML-DSA-65,GEC,tedavi-ML-DSA-65,kabul,kabul,,,uyumlu,mirror:VPLUS_ML-DSA-65 (accept-hybrid)
SDJWT-015,SYN-VPLUS_ML-DSA-65,IZIN-AX,tedavi-ML-DSA-65,kabul,kabul,,,uyumlu,mirror:VPLUS_ML-DSA-65 (accept-hybrid)
SDJWT-015,SYN-VPLUS_ML-DSA-65,L4,tedavi-ML-DSA-65,kabul,kabul,,,uyumlu,mirror:VPLUS_ML-DSA-65 (accept-hybrid)
SDJWT-015,SYN-VPLUS_ML-DSA-65,L4-S,tedavi-ML-DSA-65,kabul,kabul,,,uyumlu,mirror:VPLUS_ML-DSA-65 (accept-hybrid)
SDJWT-015,SYN-VPLUS_ML-DSA-65,L4-Y,tedavi-ML-DSA-65,kabul,ifade-edilemedi,,,ifade-edilemedi,mirror:VPLUS_ML-DSA-65 (accept-hybrid)
SDJWT-015,SYN-VPLUS_ML-DSA-65,P0,tedavi-ML-DSA-65,kabul,kabul,,,uyumlu,mirror:VPLUS_ML-DSA-65 (accept-hybrid)
SDJWT-018,SYN-COSE-K1K_iki_gecerli,L4,kontrol-EdDSA,kabul,uygulanamaz,bicim-desteklenmiyor,,uygulanamaz,mirror:COSE-K1K_iki_gecerli (accept-classical)
SDJWT-018,SYN-COSE-K1K_iki_gecerli,L4-S,kontrol-EdDSA,kabul,uygulanamaz,bicim-desteklenmiyor,,uygulanamaz,mirror:COSE-K1K_iki_gecerli (accept-classical)
SDJWT-018,SYN-COSE-K1K_iki_gecerli,L4-Y,kontrol-EdDSA,kabul,uygulanamaz,bicim-desteklenmiyor,,uygulanamaz,mirror:COSE-K1K_iki_gecerli (accept-classical)
SDJWT-018,SYN-COSE-K1K_iki_gecerli,P0,kontrol-EdDSA,kabul,uygulanamaz,bicim-desteklenmiyor,,uygulanamaz,mirror:COSE-K1K_iki_gecerli (accept-classical)
SDJWT-018,SYN-COSE-K1K_iki_gecerli,P1,kontrol-EdDSA,kabul,uygulanamaz,bicim-desteklenmiyor,,uygulanamaz,mirror:COSE-K1K_iki_gecerli (accept-classical)
SDJWT-018,SYN-COSE-K1K_iki_gecerli-SIRA-ters,L4,kontrol-EdDSA,kabul,uygulanamaz,bicim-desteklenmiyor,,uygulanamaz,mirror:COSE-K1K_iki_gecerli-SIRA-ters (accept-classical)
SDJWT-018,SYN-COSE-K1K_iki_gecerli-SIRA-ters,L4-S,kontrol-EdDSA,kabul,uygulanamaz,bicim-desteklenmiyor,,uygulanamaz,mirror:COSE-K1K_iki_gecerli-SIRA-ters (accept-classical)
SDJWT-018,SYN-COSE-K1K_iki_gecerli-SIRA-ters,L4-Y,kontrol-EdDSA,kabul,uygulanamaz,bicim-desteklenmiyor,,uygulanamaz,mirror:COSE-K1K_iki_gecerli-SIRA-ters (accept-classical)
SDJWT-018,SYN-COSE-K1K_iki_gecerli-SIRA-ters,P0,kontrol-EdDSA,kabul,uygulanamaz,bicim-desteklenmiyor,,uygulanamaz,mirror:COSE-K1K_iki_gecerli-SIRA-ters (accept-classical)
SDJWT-018,SYN-COSE-K1K_iki_gecerli-SIRA-ters,P1,kontrol-EdDSA,kabul,uygulanamaz,bicim-desteklenmiyor,,uygulanamaz,mirror:COSE-K1K_iki_gecerli-SIRA-ters (accept-classical)
SDJWT-018,SYN-COSE-K1P_iki_gecerli,L4,tedavi-ML-DSA-65,kabul,uygulanamaz,bicim-desteklenmiyor,,uygulanamaz,mirror:COSE-K1P_iki_gecerli (accept-hybrid)
SDJWT-018,SYN-COSE-K1P_iki_gecerli,L4-S,tedavi-ML-DSA-65,kabul,uygulanamaz,bicim-desteklenmiyor,,uygulanamaz,mirror:COSE-K1P_iki_gecerli (accept-hybrid)
SDJWT-018,SYN-COSE-K1P_iki_gecerli,L4-Y,tedavi-ML-DSA-65,kabul,uygulanamaz,bicim-desteklenmiyor,,uygulanamaz,mirror:COSE-K1P_iki_gecerli (accept-hybrid)
SDJWT-018,SYN-COSE-K1P_iki_gecerli,P0,tedavi-ML-DSA-65,kabul,uygulanamaz,bicim-desteklenmiyor,,uygulanamaz,mirror:COSE-K1P_iki_gecerli (accept-classical)
SDJWT-018,SYN-COSE-K1P_iki_gecerli,P1,tedavi-ML-DSA-65,kabul,uygulanamaz,bicim-desteklenmiyor,,uygulanamaz,mirror:COSE-K1P_iki_gecerli (accept-hybrid)
SDJWT-018,SYN-COSE-K1P_iki_gecerli-SIRA-ters,L4,tedavi-ML-DSA-65,kabul,uygulanamaz,bicim-desteklenmiyor,,uygulanamaz,mirror:COSE-K1P_iki_gecerli-SIRA-ters (accept-hybrid)
SDJWT-018,SYN-COSE-K1P_iki_gecerli-SIRA-ters,L4-S,tedavi-ML-DSA-65,kabul,uygulanamaz,bicim-desteklenmiyor,,uygulanamaz,mirror:COSE-K1P_iki_gecerli-SIRA-ters (accept-hybrid)
SDJWT-018,SYN-COSE-K1P_iki_gecerli-SIRA-ters,L4-Y,tedavi-ML-DSA-65,kabul,uygulanamaz,bicim-desteklenmiyor,,uygulanamaz,mirror:COSE-K1P_iki_gecerli-SIRA-ters (accept-hybrid)
SDJWT-018,SYN-COSE-K1P_iki_gecerli-SIRA-ters,P0,tedavi-ML-DSA-65,kabul,uygulanamaz,bicim-desteklenmiyor,,uygulanamaz,mirror:COSE-K1P_iki_gecerli-SIRA-ters (accept-classical)
SDJWT-018,SYN-COSE-K1P_iki_gecerli-SIRA-ters,P1,tedavi-ML-DSA-65,kabul,uygulanamaz,bicim-desteklenmiyor,,uygulanamaz,mirror:COSE-K1P_iki_gecerli-SIRA-ters (accept-hybrid)
SDJWT-018,SYN-COSE-K4K_yalniz_X,GEC,kontrol-EdDSA,kabul,uygulanamaz,bicim-desteklenmiyor,,uygulanamaz,mirror:COSE-K4K_yalniz_X (accept-classical)
SDJWT-018,SYN-COSE-K4K_yalniz_X,IZIN-AX,kontrol-EdDSA,kabul,uygulanamaz,bicim-desteklenmiyor,,uygulanamaz,mirror:COSE-K4K_yalniz_X (accept-classical)
SDJWT-018,SYN-COSE-K4K_yalniz_X,L4,kontrol-EdDSA,kabul,uygulanamaz,bicim-desteklenmiyor,,uygulanamaz,mirror:COSE-K4K_yalniz_X (accept-classical)
SDJWT-018,SYN-COSE-K4K_yalniz_X,L4-S,kontrol-EdDSA,kabul,uygulanamaz,bicim-desteklenmiyor,,uygulanamaz,mirror:COSE-K4K_yalniz_X (accept-classical)
SDJWT-018,SYN-COSE-K4K_yalniz_X,L4-Y,kontrol-EdDSA,kabul,uygulanamaz,bicim-desteklenmiyor,,uygulanamaz,mirror:COSE-K4K_yalniz_X (accept-classical)
SDJWT-018,SYN-COSE-K4K_yalniz_X,P0,kontrol-EdDSA,kabul,uygulanamaz,bicim-desteklenmiyor,,uygulanamaz,mirror:COSE-K4K_yalniz_X (accept-classical)
SDJWT-018,SYN-COSE-K4K_yalniz_X,P1,kontrol-EdDSA,kabul,uygulanamaz,bicim-desteklenmiyor,,uygulanamaz,mirror:COSE-K4K_yalniz_X (accept-classical)
SDJWT-018,SYN-COSE-K4P_yalniz_X,GEC,tedavi-ML-DSA-65,kabul,uygulanamaz,bicim-desteklenmiyor,,uygulanamaz,mirror:COSE-K4P_yalniz_X (accept-hybrid)
SDJWT-018,SYN-COSE-K4P_yalniz_X,IZIN-AX,tedavi-ML-DSA-65,kabul,uygulanamaz,bicim-desteklenmiyor,,uygulanamaz,mirror:COSE-K4P_yalniz_X (accept-hybrid)
SDJWT-018,SYN-COSE-K4P_yalniz_X,L4,tedavi-ML-DSA-65,kabul,uygulanamaz,bicim-desteklenmiyor,,uygulanamaz,mirror:COSE-K4P_yalniz_X (accept-hybrid)
SDJWT-018,SYN-COSE-K4P_yalniz_X,L4-S,tedavi-ML-DSA-65,kabul,uygulanamaz,bicim-desteklenmiyor,,uygulanamaz,mirror:COSE-K4P_yalniz_X (accept-hybrid)
SDJWT-018,SYN-COSE-K4P_yalniz_X,L4-Y,tedavi-ML-DSA-65,kabul,uygulanamaz,bicim-desteklenmiyor,,uygulanamaz,mirror:COSE-K4P_yalniz_X (accept-hybrid)
SDJWT-018,SYN-COSE-K4P_yalniz_X,P0,tedavi-ML-DSA-65,kabul,uygulanamaz,bicim-desteklenmiyor,,uygulanamaz,mirror:COSE-K4P_yalniz_X (accept-hybrid)
SDJWT-018,SYN-COSE-K4P_yalniz_X,P1,tedavi-ML-DSA-65,kabul,uygulanamaz,bicim-desteklenmiyor,,uygulanamaz,mirror:COSE-K4P_yalniz_X (accept-hybrid)
SDJWT-018,SYN-COSE-VPLUS_ES256,GEC,kontrol-EdDSA,kabul,uygulanamaz,bicim-desteklenmiyor,,uygulanamaz,mirror:COSE-VPLUS_ES256 (accept-classical)
SDJWT-018,SYN-COSE-VPLUS_ES256,GEC,tedavi-ML-DSA-65,kabul,uygulanamaz,bicim-desteklenmiyor,,uygulanamaz,mirror:COSE-VPLUS_ES256 (accept-classical)
SDJWT-018,SYN-COSE-VPLUS_ES256,IZIN-A,kontrol-EdDSA,kabul,uygulanamaz,bicim-desteklenmiyor,,uygulanamaz,mirror:COSE-VPLUS_ES256 (accept-classical)
SDJWT-018,SYN-COSE-VPLUS_ES256,IZIN-A,tedavi-ML-DSA-65,kabul,uygulanamaz,bicim-desteklenmiyor,,uygulanamaz,mirror:COSE-VPLUS_ES256 (accept-classical)
SDJWT-018,SYN-COSE-VPLUS_ES256,IZIN-AX,kontrol-EdDSA,kabul,uygulanamaz,bicim-desteklenmiyor,,uygulanamaz,mirror:COSE-VPLUS_ES256 (accept-classical)
SDJWT-018,SYN-COSE-VPLUS_ES256,IZIN-AX,tedavi-ML-DSA-65,kabul,uygulanamaz,bicim-desteklenmiyor,,uygulanamaz,mirror:COSE-VPLUS_ES256 (accept-classical)
SDJWT-018,SYN-COSE-VPLUS_ES256,P0,kontrol-EdDSA,kabul,uygulanamaz,bicim-desteklenmiyor,,uygulanamaz,mirror:COSE-VPLUS_ES256 (accept-classical)
SDJWT-018,SYN-COSE-VPLUS_ES256,P0,tedavi-ML-DSA-65,kabul,uygulanamaz,bicim-desteklenmiyor,,uygulanamaz,mirror:COSE-VPLUS_ES256 (accept-classical)
SDJWT-018,SYN-COSE-VPLUS_EdDSA,GEC,kontrol-EdDSA,kabul,uygulanamaz,bicim-desteklenmiyor,,uygulanamaz,mirror:COSE-VPLUS_EdDSA (accept-classical)
SDJWT-018,SYN-COSE-VPLUS_EdDSA,IZIN-AX,kontrol-EdDSA,kabul,uygulanamaz,bicim-desteklenmiyor,,uygulanamaz,mirror:COSE-VPLUS_EdDSA (accept-classical)
SDJWT-018,SYN-COSE-VPLUS_EdDSA,L4,kontrol-EdDSA,kabul,uygulanamaz,bicim-desteklenmiyor,,uygulanamaz,mirror:COSE-VPLUS_EdDSA (accept-classical)
SDJWT-018,SYN-COSE-VPLUS_EdDSA,L4-S,kontrol-EdDSA,kabul,uygulanamaz,bicim-desteklenmiyor,,uygulanamaz,mirror:COSE-VPLUS_EdDSA (accept-classical)
SDJWT-018,SYN-COSE-VPLUS_EdDSA,L4-Y,kontrol-EdDSA,kabul,uygulanamaz,bicim-desteklenmiyor,,uygulanamaz,mirror:COSE-VPLUS_EdDSA (accept-classical)
SDJWT-018,SYN-COSE-VPLUS_EdDSA,P0,kontrol-EdDSA,kabul,uygulanamaz,bicim-desteklenmiyor,,uygulanamaz,mirror:COSE-VPLUS_EdDSA (accept-classical)
SDJWT-018,SYN-COSE-VPLUS_ML-DSA-65,GEC,tedavi-ML-DSA-65,kabul,uygulanamaz,bicim-desteklenmiyor,,uygulanamaz,mirror:COSE-VPLUS_ML-DSA-65 (accept-hybrid)
SDJWT-018,SYN-COSE-VPLUS_ML-DSA-65,IZIN-AX,tedavi-ML-DSA-65,kabul,uygulanamaz,bicim-desteklenmiyor,,uygulanamaz,mirror:COSE-VPLUS_ML-DSA-65 (accept-hybrid)
SDJWT-018,SYN-COSE-VPLUS_ML-DSA-65,L4,tedavi-ML-DSA-65,kabul,uygulanamaz,bicim-desteklenmiyor,,uygulanamaz,mirror:COSE-VPLUS_ML-DSA-65 (accept-hybrid)
SDJWT-018,SYN-COSE-VPLUS_ML-DSA-65,L4-S,tedavi-ML-DSA-65,kabul,uygulanamaz,bicim-desteklenmiyor,,uygulanamaz,mirror:COSE-VPLUS_ML-DSA-65 (accept-hybrid)
SDJWT-018,SYN-COSE-VPLUS_ML-DSA-65,L4-Y,tedavi-ML-DSA-65,kabul,uygulanamaz,bicim-desteklenmiyor,,uygulanamaz,mirror:COSE-VPLUS_ML-DSA-65 (accept-hybrid)
SDJWT-018,SYN-COSE-VPLUS_ML-DSA-65,P0,tedavi-ML-DSA-65,kabul,uygulanamaz,bicim-desteklenmiyor,,uygulanamaz,mirror:COSE-VPLUS_ML-DSA-65 (accept-hybrid)
SDJWT-018,SYN-D-VCX_EdDSA_kid,GEC,kontrol-EdDSA,kabul,kabul,,,uyumlu,derived:analogue VPLUS_EdDSA (accept-classical)
SDJWT-018,SYN-D-VCX_EdDSA_kid,IZIN-AX,kontrol-EdDSA,kabul,ifade-edilemedi,,,ifade-edilemedi,derived:analogue VPLUS_EdDSA (accept-classical)
SDJWT-018,SYN-D-VCX_EdDSA_kid,L4,kontrol-EdDSA,kabul,ifade-edilemedi,,,ifade-edilemedi,derived:analogue VPLUS_EdDSA (accept-classical)
SDJWT-018,SYN-D-VCX_EdDSA_kid,L4-S,kontrol-EdDSA,kabul,ifade-edilemedi,,,ifade-edilemedi,derived:analogue VPLUS_EdDSA (accept-classical)
SDJWT-018,SYN-D-VCX_EdDSA_kid,L4-Y,kontrol-EdDSA,kabul,ifade-edilemedi,,,ifade-edilemedi,derived:analogue VPLUS_EdDSA (accept-classical)
SDJWT-018,SYN-D-VCX_EdDSA_kid,P0,kontrol-EdDSA,kabul,kabul,,,uyumlu,derived:analogue VPLUS_EdDSA (accept-classical)
SDJWT-018,SYN-L4C-COSE_eski_ES256,GEC,kontrol-EdDSA,kabul,uygulanamaz,bicim-desteklenmiyor,,uygulanamaz,mirror:L4C-COSE_eski_ES256 (accept-classical)
SDJWT-018,SYN-L4C-COSE_eski_ES256,GEC,tedavi-ML-DSA-65,kabul,uygulanamaz,bicim-desteklenmiyor,,uygulanamaz,mirror:L4C-COSE_eski_ES256 (accept-classical)
SDJWT-018,SYN-L4C-COSE_eski_ES256,IZIN-A,kontrol-EdDSA,kabul,uygulanamaz,bicim-desteklenmiyor,,uygulanamaz,mirror:L4C-COSE_eski_ES256 (accept-classical)
SDJWT-018,SYN-L4C-COSE_eski_ES256,IZIN-A,tedavi-ML-DSA-65,kabul,uygulanamaz,bicim-desteklenmiyor,,uygulanamaz,mirror:L4C-COSE_eski_ES256 (accept-classical)
SDJWT-018,SYN-L4C-COSE_eski_ES256,IZIN-AX,kontrol-EdDSA,kabul,uygulanamaz,bicim-desteklenmiyor,,uygulanamaz,mirror:L4C-COSE_eski_ES256 (accept-classical)
SDJWT-018,SYN-L4C-COSE_eski_ES256,IZIN-AX,tedavi-ML-DSA-65,kabul,uygulanamaz,bicim-desteklenmiyor,,uygulanamaz,mirror:L4C-COSE_eski_ES256 (accept-classical)
SDJWT-018,SYN-L4C-COSE_eski_ES256,L4,kontrol-EdDSA,kabul,uygulanamaz,bicim-desteklenmiyor,,uygulanamaz,mirror:L4C-COSE_eski_ES256 (accept-classical)
SDJWT-018,SYN-L4C-COSE_eski_ES256,L4,tedavi-ML-DSA-65,kabul,uygulanamaz,bicim-desteklenmiyor,,uygulanamaz,mirror:L4C-COSE_eski_ES256 (accept-classical)
SDJWT-018,SYN-L4C-COSE_eski_ES256,L4-S,kontrol-EdDSA,kabul,uygulanamaz,bicim-desteklenmiyor,,uygulanamaz,mirror:L4C-COSE_eski_ES256 (accept-classical)
SDJWT-018,SYN-L4C-COSE_eski_ES256,L4-S,tedavi-ML-DSA-65,kabul,uygulanamaz,bicim-desteklenmiyor,,uygulanamaz,mirror:L4C-COSE_eski_ES256 (accept-classical)
SDJWT-018,SYN-L4C-COSE_eski_ES256,L4-Y,kontrol-EdDSA,kabul,uygulanamaz,bicim-desteklenmiyor,,uygulanamaz,mirror:L4C-COSE_eski_ES256 (accept-classical)
SDJWT-018,SYN-L4C-COSE_eski_ES256,L4-Y,tedavi-ML-DSA-65,kabul,uygulanamaz,bicim-desteklenmiyor,,uygulanamaz,mirror:L4C-COSE_eski_ES256 (accept-classical)
SDJWT-018,SYN-L4C-JOSE_eski_ES256,GEC,kontrol-EdDSA,kabul,kabul,,,uyumlu,mirror:L4C-JOSE_eski_ES256 (accept-classical)
SDJWT-018,SYN-L4C-JOSE_eski_ES256,GEC,tedavi-ML-DSA-65,kabul,kabul,,,uyumlu,mirror:L4C-JOSE_eski_ES256 (accept-classical)
SDJWT-018,SYN-L4C-JOSE_eski_ES256,IZIN-A,kontrol-EdDSA,kabul,ifade-edilemedi,,,ifade-edilemedi,mirror:L4C-JOSE_eski_ES256 (accept-classical)
SDJWT-018,SYN-L4C-JOSE_eski_ES256,IZIN-A,tedavi-ML-DSA-65,kabul,ifade-edilemedi,,,ifade-edilemedi,mirror:L4C-JOSE_eski_ES256 (accept-classical)
SDJWT-018,SYN-L4C-JOSE_eski_ES256,IZIN-AX,kontrol-EdDSA,kabul,ifade-edilemedi,,,ifade-edilemedi,mirror:L4C-JOSE_eski_ES256 (accept-classical)
SDJWT-018,SYN-L4C-JOSE_eski_ES256,IZIN-AX,tedavi-ML-DSA-65,kabul,ifade-edilemedi,,,ifade-edilemedi,mirror:L4C-JOSE_eski_ES256 (accept-classical)
SDJWT-018,SYN-L4C-JOSE_eski_ES256,L4,kontrol-EdDSA,kabul,ifade-edilemedi,,,ifade-edilemedi,mirror:L4C-JOSE_eski_ES256 (accept-classical)
SDJWT-018,SYN-L4C-JOSE_eski_ES256,L4,tedavi-ML-DSA-65,kabul,ifade-edilemedi,,,ifade-edilemedi,mirror:L4C-JOSE_eski_ES256 (accept-classical)
SDJWT-018,SYN-L4C-JOSE_eski_ES256,L4-S,kontrol-EdDSA,kabul,ifade-edilemedi,,,ifade-edilemedi,mirror:L4C-JOSE_eski_ES256 (accept-classical)
SDJWT-018,SYN-L4C-JOSE_eski_ES256,L4-S,tedavi-ML-DSA-65,kabul,ifade-edilemedi,,,ifade-edilemedi,mirror:L4C-JOSE_eski_ES256 (accept-classical)
SDJWT-018,SYN-L4C-JOSE_eski_ES256,L4-Y,kontrol-EdDSA,kabul,ifade-edilemedi,,,ifade-edilemedi,mirror:L4C-JOSE_eski_ES256 (accept-classical)
SDJWT-018,SYN-L4C-JOSE_eski_ES256,L4-Y,tedavi-ML-DSA-65,kabul,ifade-edilemedi,,,ifade-edilemedi,mirror:L4C-JOSE_eski_ES256 (accept-classical)
SDJWT-018,SYN-T1K_both_valid,L4,kontrol-EdDSA,kabul,uygulanamaz,bicim-desteklenmiyor,,uygulanamaz,mirror:T1K_both_valid (accept-classical)
SDJWT-018,SYN-T1K_both_valid,L4-S,kontrol-EdDSA,kabul,uygulanamaz,bicim-desteklenmiyor,,uygulanamaz,mirror:T1K_both_valid (accept-classical)
SDJWT-018,SYN-T1K_both_valid,L4-Y,kontrol-EdDSA,kabul,uygulanamaz,bicim-desteklenmiyor,,uygulanamaz,mirror:T1K_both_valid (accept-classical)
SDJWT-018,SYN-T1K_both_valid,P0,kontrol-EdDSA,kabul,uygulanamaz,bicim-desteklenmiyor,,uygulanamaz,mirror:T1K_both_valid (accept-classical)
SDJWT-018,SYN-T1K_both_valid,P1,kontrol-EdDSA,kabul,uygulanamaz,bicim-desteklenmiyor,,uygulanamaz,mirror:T1K_both_valid (accept-classical)
SDJWT-018,SYN-T1K_both_valid-SIRA-ters,L4,kontrol-EdDSA,kabul,uygulanamaz,bicim-desteklenmiyor,,uygulanamaz,mirror:T1K_both_valid-SIRA-ters (accept-classical)
SDJWT-018,SYN-T1K_both_valid-SIRA-ters,L4-S,kontrol-EdDSA,kabul,uygulanamaz,bicim-desteklenmiyor,,uygulanamaz,mirror:T1K_both_valid-SIRA-ters (accept-classical)
SDJWT-018,SYN-T1K_both_valid-SIRA-ters,L4-Y,kontrol-EdDSA,kabul,uygulanamaz,bicim-desteklenmiyor,,uygulanamaz,mirror:T1K_both_valid-SIRA-ters (accept-classical)
SDJWT-018,SYN-T1K_both_valid-SIRA-ters,P0,kontrol-EdDSA,kabul,uygulanamaz,bicim-desteklenmiyor,,uygulanamaz,mirror:T1K_both_valid-SIRA-ters (accept-classical)
SDJWT-018,SYN-T1K_both_valid-SIRA-ters,P1,kontrol-EdDSA,kabul,uygulanamaz,bicim-desteklenmiyor,,uygulanamaz,mirror:T1K_both_valid-SIRA-ters (accept-classical)
SDJWT-018,SYN-T1P_both_valid,L4,tedavi-ML-DSA-65,kabul,uygulanamaz,bicim-desteklenmiyor,,uygulanamaz,mirror:T1P_both_valid (accept-hybrid)
SDJWT-018,SYN-T1P_both_valid,L4-S,tedavi-ML-DSA-65,kabul,uygulanamaz,bicim-desteklenmiyor,,uygulanamaz,mirror:T1P_both_valid (accept-hybrid)
SDJWT-018,SYN-T1P_both_valid,L4-Y,tedavi-ML-DSA-65,kabul,uygulanamaz,bicim-desteklenmiyor,,uygulanamaz,mirror:T1P_both_valid (accept-hybrid)
SDJWT-018,SYN-T1P_both_valid,P0,tedavi-ML-DSA-65,kabul,uygulanamaz,bicim-desteklenmiyor,,uygulanamaz,mirror:T1P_both_valid (accept-classical)
SDJWT-018,SYN-T1P_both_valid,P1,tedavi-ML-DSA-65,kabul,uygulanamaz,bicim-desteklenmiyor,,uygulanamaz,mirror:T1P_both_valid (accept-hybrid)
SDJWT-018,SYN-T1P_both_valid-SIRA-ters,L4,tedavi-ML-DSA-65,kabul,uygulanamaz,bicim-desteklenmiyor,,uygulanamaz,mirror:T1P_both_valid-SIRA-ters (accept-hybrid)
SDJWT-018,SYN-T1P_both_valid-SIRA-ters,L4-S,tedavi-ML-DSA-65,kabul,uygulanamaz,bicim-desteklenmiyor,,uygulanamaz,mirror:T1P_both_valid-SIRA-ters (accept-hybrid)
SDJWT-018,SYN-T1P_both_valid-SIRA-ters,L4-Y,tedavi-ML-DSA-65,kabul,uygulanamaz,bicim-desteklenmiyor,,uygulanamaz,mirror:T1P_both_valid-SIRA-ters (accept-hybrid)
SDJWT-018,SYN-T1P_both_valid-SIRA-ters,P0,tedavi-ML-DSA-65,kabul,uygulanamaz,bicim-desteklenmiyor,,uygulanamaz,mirror:T1P_both_valid-SIRA-ters (accept-classical)
SDJWT-018,SYN-T1P_both_valid-SIRA-ters,P1,tedavi-ML-DSA-65,kabul,uygulanamaz,bicim-desteklenmiyor,,uygulanamaz,mirror:T1P_both_valid-SIRA-ters (accept-hybrid)
SDJWT-018,SYN-T5K_only_EdDSA,GEC,kontrol-EdDSA,kabul,uygulanamaz,bicim-desteklenmiyor,,uygulanamaz,mirror:T5K_only_EdDSA (accept-classical)
SDJWT-018,SYN-T5K_only_EdDSA,IZIN-AX,kontrol-EdDSA,kabul,uygulanamaz,bicim-desteklenmiyor,,uygulanamaz,mirror:T5K_only_EdDSA (accept-classical)
SDJWT-018,SYN-T5K_only_EdDSA,L4,kontrol-EdDSA,kabul,uygulanamaz,bicim-desteklenmiyor,,uygulanamaz,mirror:T5K_only_EdDSA (accept-classical)
SDJWT-018,SYN-T5K_only_EdDSA,L4-S,kontrol-EdDSA,kabul,uygulanamaz,bicim-desteklenmiyor,,uygulanamaz,mirror:T5K_only_EdDSA (accept-classical)
SDJWT-018,SYN-T5K_only_EdDSA,L4-Y,kontrol-EdDSA,kabul,uygulanamaz,bicim-desteklenmiyor,,uygulanamaz,mirror:T5K_only_EdDSA (accept-classical)
SDJWT-018,SYN-T5K_only_EdDSA,P0,kontrol-EdDSA,kabul,uygulanamaz,bicim-desteklenmiyor,,uygulanamaz,mirror:T5K_only_EdDSA (accept-classical)
SDJWT-018,SYN-T5K_only_EdDSA,P1,kontrol-EdDSA,kabul,uygulanamaz,bicim-desteklenmiyor,,uygulanamaz,mirror:T5K_only_EdDSA (accept-classical)
SDJWT-018,SYN-T5P_only_ML-DSA-65,GEC,tedavi-ML-DSA-65,kabul,uygulanamaz,bicim-desteklenmiyor,,uygulanamaz,mirror:T5P_only_ML-DSA-65 (accept-hybrid)
SDJWT-018,SYN-T5P_only_ML-DSA-65,IZIN-AX,tedavi-ML-DSA-65,kabul,uygulanamaz,bicim-desteklenmiyor,,uygulanamaz,mirror:T5P_only_ML-DSA-65 (accept-hybrid)
SDJWT-018,SYN-T5P_only_ML-DSA-65,L4,tedavi-ML-DSA-65,kabul,uygulanamaz,bicim-desteklenmiyor,,uygulanamaz,mirror:T5P_only_ML-DSA-65 (accept-hybrid)
SDJWT-018,SYN-T5P_only_ML-DSA-65,L4-S,tedavi-ML-DSA-65,kabul,uygulanamaz,bicim-desteklenmiyor,,uygulanamaz,mirror:T5P_only_ML-DSA-65 (accept-hybrid)
SDJWT-018,SYN-T5P_only_ML-DSA-65,L4-Y,tedavi-ML-DSA-65,kabul,uygulanamaz,bicim-desteklenmiyor,,uygulanamaz,mirror:T5P_only_ML-DSA-65 (accept-hybrid)
SDJWT-018,SYN-T5P_only_ML-DSA-65,P0,tedavi-ML-DSA-65,kabul,uygulanamaz,bicim-desteklenmiyor,,uygulanamaz,mirror:T5P_only_ML-DSA-65 (accept-hybrid)
SDJWT-018,SYN-T5P_only_ML-DSA-65,P1,tedavi-ML-DSA-65,kabul,uygulanamaz,bicim-desteklenmiyor,,uygulanamaz,mirror:T5P_only_ML-DSA-65 (accept-hybrid)
SDJWT-018,SYN-VC01_ES256_x5c,GEC,kontrol-EdDSA,kabul,kabul,,,uyumlu,mirror:VC01_ES256_x5c (accept-classical)
SDJWT-018,SYN-VC01_ES256_x5c,GEC,tedavi-ML-DSA-65,kabul,kabul,,,uyumlu,mirror:VC01_ES256_x5c (accept-classical)
SDJWT-018,SYN-VC01_ES256_x5c,IZIN-A,kontrol-EdDSA,kabul,ifade-edilemedi,,,ifade-edilemedi,mirror:VC01_ES256_x5c (accept-classical)
SDJWT-018,SYN-VC01_ES256_x5c,IZIN-A,tedavi-ML-DSA-65,kabul,ifade-edilemedi,,,ifade-edilemedi,mirror:VC01_ES256_x5c (accept-classical)
SDJWT-018,SYN-VC01_ES256_x5c,IZIN-AX,kontrol-EdDSA,kabul,ifade-edilemedi,,,ifade-edilemedi,mirror:VC01_ES256_x5c (accept-classical)
SDJWT-018,SYN-VC01_ES256_x5c,IZIN-AX,tedavi-ML-DSA-65,kabul,ifade-edilemedi,,,ifade-edilemedi,mirror:VC01_ES256_x5c (accept-classical)
SDJWT-018,SYN-VC01_ES256_x5c,P0,kontrol-EdDSA,kabul,kabul,,,uyumlu,mirror:VC01_ES256_x5c (accept-classical)
SDJWT-018,SYN-VC01_ES256_x5c,P0,tedavi-ML-DSA-65,kabul,kabul,,,uyumlu,mirror:VC01_ES256_x5c (accept-classical)
SDJWT-018,SYN-VC02_MLDSA65_x5c,GEC,tedavi-ML-DSA-65,kabul,kabul,,,uyumlu,mirror:VC02_MLDSA65_x5c (accept-hybrid)
SDJWT-018,SYN-VC02_MLDSA65_x5c,IZIN-AX,tedavi-ML-DSA-65,kabul,ifade-edilemedi,,,ifade-edilemedi,mirror:VC02_MLDSA65_x5c (accept-hybrid)
SDJWT-018,SYN-VC02_MLDSA65_x5c,L4,tedavi-ML-DSA-65,kabul,ifade-edilemedi,,,ifade-edilemedi,mirror:VC02_MLDSA65_x5c (accept-hybrid)
SDJWT-018,SYN-VC02_MLDSA65_x5c,L4-S,tedavi-ML-DSA-65,kabul,ifade-edilemedi,,,ifade-edilemedi,mirror:VC02_MLDSA65_x5c (accept-hybrid)
SDJWT-018,SYN-VC02_MLDSA65_x5c,L4-Y,tedavi-ML-DSA-65,kabul,ifade-edilemedi,,,ifade-edilemedi,mirror:VC02_MLDSA65_x5c (accept-hybrid)
SDJWT-018,SYN-VC02_MLDSA65_x5c,P0,tedavi-ML-DSA-65,kabul,kabul,,,uyumlu,mirror:VC02_MLDSA65_x5c (accept-hybrid)
SDJWT-018,SYN-VC07_GJ_ES256_MLDSA65,L4,tedavi-ML-DSA-65,kabul,ifade-edilemedi,,,ifade-edilemedi,mirror:VC07_GJ_ES256_MLDSA65 (accept-hybrid)
SDJWT-018,SYN-VC07_GJ_ES256_MLDSA65,L4-S,tedavi-ML-DSA-65,kabul,ifade-edilemedi,,,ifade-edilemedi,mirror:VC07_GJ_ES256_MLDSA65 (accept-hybrid)
SDJWT-018,SYN-VC07_GJ_ES256_MLDSA65,L4-Y,tedavi-ML-DSA-65,kabul,ifade-edilemedi,,,ifade-edilemedi,mirror:VC07_GJ_ES256_MLDSA65 (accept-hybrid)
SDJWT-018,SYN-VC07_GJ_ES256_MLDSA65,P0,tedavi-ML-DSA-65,kabul,red,ayristirma,KeyError: 'disclosures',sapma,mirror:VC07_GJ_ES256_MLDSA65 (accept-classical)
SDJWT-018,SYN-VC07_GJ_ES256_MLDSA65,P1,tedavi-ML-DSA-65,kabul,red,ayristirma,KeyError: 'disclosures',sapma,mirror:VC07_GJ_ES256_MLDSA65 (accept-hybrid)
SDJWT-018,SYN-VC07_GJ_ES256_MLDSA65-SIRA-ters,L4,tedavi-ML-DSA-65,kabul,ifade-edilemedi,,,ifade-edilemedi,mirror:VC07_GJ_ES256_MLDSA65-SIRA-ters (accept-hybrid)
SDJWT-018,SYN-VC07_GJ_ES256_MLDSA65-SIRA-ters,L4-S,tedavi-ML-DSA-65,kabul,ifade-edilemedi,,,ifade-edilemedi,mirror:VC07_GJ_ES256_MLDSA65-SIRA-ters (accept-hybrid)
SDJWT-018,SYN-VC07_GJ_ES256_MLDSA65-SIRA-ters,L4-Y,tedavi-ML-DSA-65,kabul,ifade-edilemedi,,,ifade-edilemedi,mirror:VC07_GJ_ES256_MLDSA65-SIRA-ters (accept-hybrid)
SDJWT-018,SYN-VC07_GJ_ES256_MLDSA65-SIRA-ters,P0,tedavi-ML-DSA-65,kabul,red,ayristirma,KeyError: 'disclosures',sapma,mirror:VC07_GJ_ES256_MLDSA65-SIRA-ters (accept-classical)
SDJWT-018,SYN-VC07_GJ_ES256_MLDSA65-SIRA-ters,P1,tedavi-ML-DSA-65,kabul,red,ayristirma,KeyError: 'disclosures',sapma,mirror:VC07_GJ_ES256_MLDSA65-SIRA-ters (accept-hybrid)
SDJWT-018,SYN-VC09_GJ_ES256_EdDSA,L4,kontrol-EdDSA,kabul,ifade-edilemedi,,,ifade-edilemedi,mirror:VC09_GJ_ES256_EdDSA (accept-classical)
SDJWT-018,SYN-VC09_GJ_ES256_EdDSA,L4-S,kontrol-EdDSA,kabul,ifade-edilemedi,,,ifade-edilemedi,mirror:VC09_GJ_ES256_EdDSA (accept-classical)
SDJWT-018,SYN-VC09_GJ_ES256_EdDSA,L4-Y,kontrol-EdDSA,kabul,ifade-edilemedi,,,ifade-edilemedi,mirror:VC09_GJ_ES256_EdDSA (accept-classical)
SDJWT-018,SYN-VC09_GJ_ES256_EdDSA,P0,kontrol-EdDSA,kabul,red,ayristirma,KeyError: 'disclosures',sapma,mirror:VC09_GJ_ES256_EdDSA (accept-classical)
SDJWT-018,SYN-VC09_GJ_ES256_EdDSA,P1,kontrol-EdDSA,kabul,red,ayristirma,KeyError: 'disclosures',sapma,mirror:VC09_GJ_ES256_EdDSA (accept-classical)
SDJWT-018,SYN-VC09_GJ_ES256_EdDSA-SIRA-ters,L4,kontrol-EdDSA,kabul,ifade-edilemedi,,,ifade-edilemedi,mirror:VC09_GJ_ES256_EdDSA-SIRA-ters (accept-classical)
SDJWT-018,SYN-VC09_GJ_ES256_EdDSA-SIRA-ters,L4-S,kontrol-EdDSA,kabul,ifade-edilemedi,,,ifade-edilemedi,mirror:VC09_GJ_ES256_EdDSA-SIRA-ters (accept-classical)
SDJWT-018,SYN-VC09_GJ_ES256_EdDSA-SIRA-ters,L4-Y,kontrol-EdDSA,kabul,ifade-edilemedi,,,ifade-edilemedi,mirror:VC09_GJ_ES256_EdDSA-SIRA-ters (accept-classical)
SDJWT-018,SYN-VC09_GJ_ES256_EdDSA-SIRA-ters,P0,kontrol-EdDSA,kabul,red,ayristirma,KeyError: 'disclosures',sapma,mirror:VC09_GJ_ES256_EdDSA-SIRA-ters (accept-classical)
SDJWT-018,SYN-VC09_GJ_ES256_EdDSA-SIRA-ters,P1,kontrol-EdDSA,kabul,red,ayristirma,KeyError: 'disclosures',sapma,mirror:VC09_GJ_ES256_EdDSA-SIRA-ters (accept-classical)
SDJWT-018,SYN-VPLUS_ES256,GEC,kontrol-EdDSA,kabul,kabul,,,uyumlu,mirror:VPLUS_ES256 (accept-classical)
SDJWT-018,SYN-VPLUS_ES256,GEC,tedavi-ML-DSA-65,kabul,kabul,,,uyumlu,mirror:VPLUS_ES256 (accept-classical)
SDJWT-018,SYN-VPLUS_ES256,IZIN-A,kontrol-EdDSA,kabul,ifade-edilemedi,,,ifade-edilemedi,mirror:VPLUS_ES256 (accept-classical)
SDJWT-018,SYN-VPLUS_ES256,IZIN-A,tedavi-ML-DSA-65,kabul,ifade-edilemedi,,,ifade-edilemedi,mirror:VPLUS_ES256 (accept-classical)
SDJWT-018,SYN-VPLUS_ES256,IZIN-AX,kontrol-EdDSA,kabul,ifade-edilemedi,,,ifade-edilemedi,mirror:VPLUS_ES256 (accept-classical)
SDJWT-018,SYN-VPLUS_ES256,IZIN-AX,tedavi-ML-DSA-65,kabul,ifade-edilemedi,,,ifade-edilemedi,mirror:VPLUS_ES256 (accept-classical)
SDJWT-018,SYN-VPLUS_ES256,P0,kontrol-EdDSA,kabul,kabul,,,uyumlu,mirror:VPLUS_ES256 (accept-classical)
SDJWT-018,SYN-VPLUS_ES256,P0,tedavi-ML-DSA-65,kabul,kabul,,,uyumlu,mirror:VPLUS_ES256 (accept-classical)
SDJWT-018,SYN-VPLUS_EdDSA,GEC,kontrol-EdDSA,kabul,kabul,,,uyumlu,mirror:VPLUS_EdDSA (accept-classical)
SDJWT-018,SYN-VPLUS_EdDSA,IZIN-AX,kontrol-EdDSA,kabul,ifade-edilemedi,,,ifade-edilemedi,mirror:VPLUS_EdDSA (accept-classical)
SDJWT-018,SYN-VPLUS_EdDSA,L4,kontrol-EdDSA,kabul,ifade-edilemedi,,,ifade-edilemedi,mirror:VPLUS_EdDSA (accept-classical)
SDJWT-018,SYN-VPLUS_EdDSA,L4-S,kontrol-EdDSA,kabul,ifade-edilemedi,,,ifade-edilemedi,mirror:VPLUS_EdDSA (accept-classical)
SDJWT-018,SYN-VPLUS_EdDSA,L4-Y,kontrol-EdDSA,kabul,ifade-edilemedi,,,ifade-edilemedi,mirror:VPLUS_EdDSA (accept-classical)
SDJWT-018,SYN-VPLUS_EdDSA,P0,kontrol-EdDSA,kabul,kabul,,,uyumlu,mirror:VPLUS_EdDSA (accept-classical)
SDJWT-018,SYN-VPLUS_ML-DSA-65,GEC,tedavi-ML-DSA-65,kabul,kabul,,,uyumlu,mirror:VPLUS_ML-DSA-65 (accept-hybrid)
SDJWT-018,SYN-VPLUS_ML-DSA-65,IZIN-AX,tedavi-ML-DSA-65,kabul,ifade-edilemedi,,,ifade-edilemedi,mirror:VPLUS_ML-DSA-65 (accept-hybrid)
SDJWT-018,SYN-VPLUS_ML-DSA-65,L4,tedavi-ML-DSA-65,kabul,ifade-edilemedi,,,ifade-edilemedi,mirror:VPLUS_ML-DSA-65 (accept-hybrid)
SDJWT-018,SYN-VPLUS_ML-DSA-65,L4-S,tedavi-ML-DSA-65,kabul,ifade-edilemedi,,,ifade-edilemedi,mirror:VPLUS_ML-DSA-65 (accept-hybrid)
SDJWT-018,SYN-VPLUS_ML-DSA-65,L4-Y,tedavi-ML-DSA-65,kabul,ifade-edilemedi,,,ifade-edilemedi,mirror:VPLUS_ML-DSA-65 (accept-hybrid)
SDJWT-018,SYN-VPLUS_ML-DSA-65,P0,tedavi-ML-DSA-65,kabul,kabul,,,uyumlu,mirror:VPLUS_ML-DSA-65 (accept-hybrid)
SDJWT-021,SYN-COSE-K1K_iki_gecerli,L4,kontrol-EdDSA,kabul,uygulanamaz,bicim-desteklenmiyor,B6: MAPPING.md (API incelemesi),uygulanamaz,mirror:COSE-K1K_iki_gecerli (accept-classical)
SDJWT-021,SYN-COSE-K1K_iki_gecerli,L4-S,kontrol-EdDSA,kabul,uygulanamaz,bicim-desteklenmiyor,B6: MAPPING.md (API incelemesi),uygulanamaz,mirror:COSE-K1K_iki_gecerli (accept-classical)
SDJWT-021,SYN-COSE-K1K_iki_gecerli,L4-Y,kontrol-EdDSA,kabul,uygulanamaz,bicim-desteklenmiyor,B6: MAPPING.md (API incelemesi),uygulanamaz,mirror:COSE-K1K_iki_gecerli (accept-classical)
SDJWT-021,SYN-COSE-K1K_iki_gecerli,P0,kontrol-EdDSA,kabul,uygulanamaz,bicim-desteklenmiyor,B6: MAPPING.md (API incelemesi),uygulanamaz,mirror:COSE-K1K_iki_gecerli (accept-classical)
SDJWT-021,SYN-COSE-K1K_iki_gecerli,P1,kontrol-EdDSA,kabul,uygulanamaz,bicim-desteklenmiyor,B6: MAPPING.md (API incelemesi),uygulanamaz,mirror:COSE-K1K_iki_gecerli (accept-classical)
SDJWT-021,SYN-COSE-K1K_iki_gecerli-SIRA-ters,L4,kontrol-EdDSA,kabul,uygulanamaz,bicim-desteklenmiyor,B6: MAPPING.md (API incelemesi),uygulanamaz,mirror:COSE-K1K_iki_gecerli-SIRA-ters (accept-classical)
SDJWT-021,SYN-COSE-K1K_iki_gecerli-SIRA-ters,L4-S,kontrol-EdDSA,kabul,uygulanamaz,bicim-desteklenmiyor,B6: MAPPING.md (API incelemesi),uygulanamaz,mirror:COSE-K1K_iki_gecerli-SIRA-ters (accept-classical)
SDJWT-021,SYN-COSE-K1K_iki_gecerli-SIRA-ters,L4-Y,kontrol-EdDSA,kabul,uygulanamaz,bicim-desteklenmiyor,B6: MAPPING.md (API incelemesi),uygulanamaz,mirror:COSE-K1K_iki_gecerli-SIRA-ters (accept-classical)
SDJWT-021,SYN-COSE-K1K_iki_gecerli-SIRA-ters,P0,kontrol-EdDSA,kabul,uygulanamaz,bicim-desteklenmiyor,B6: MAPPING.md (API incelemesi),uygulanamaz,mirror:COSE-K1K_iki_gecerli-SIRA-ters (accept-classical)
SDJWT-021,SYN-COSE-K1K_iki_gecerli-SIRA-ters,P1,kontrol-EdDSA,kabul,uygulanamaz,bicim-desteklenmiyor,B6: MAPPING.md (API incelemesi),uygulanamaz,mirror:COSE-K1K_iki_gecerli-SIRA-ters (accept-classical)
SDJWT-021,SYN-COSE-K4K_yalniz_X,GEC,kontrol-EdDSA,kabul,uygulanamaz,bicim-desteklenmiyor,B6: MAPPING.md (API incelemesi),uygulanamaz,mirror:COSE-K4K_yalniz_X (accept-classical)
SDJWT-021,SYN-COSE-K4K_yalniz_X,IZIN-AX,kontrol-EdDSA,kabul,uygulanamaz,bicim-desteklenmiyor,B6: MAPPING.md (API incelemesi),uygulanamaz,mirror:COSE-K4K_yalniz_X (accept-classical)
SDJWT-021,SYN-COSE-K4K_yalniz_X,L4,kontrol-EdDSA,kabul,uygulanamaz,bicim-desteklenmiyor,B6: MAPPING.md (API incelemesi),uygulanamaz,mirror:COSE-K4K_yalniz_X (accept-classical)
SDJWT-021,SYN-COSE-K4K_yalniz_X,L4-S,kontrol-EdDSA,kabul,uygulanamaz,bicim-desteklenmiyor,B6: MAPPING.md (API incelemesi),uygulanamaz,mirror:COSE-K4K_yalniz_X (accept-classical)
SDJWT-021,SYN-COSE-K4K_yalniz_X,L4-Y,kontrol-EdDSA,kabul,uygulanamaz,bicim-desteklenmiyor,B6: MAPPING.md (API incelemesi),uygulanamaz,mirror:COSE-K4K_yalniz_X (accept-classical)
SDJWT-021,SYN-COSE-K4K_yalniz_X,P0,kontrol-EdDSA,kabul,uygulanamaz,bicim-desteklenmiyor,B6: MAPPING.md (API incelemesi),uygulanamaz,mirror:COSE-K4K_yalniz_X (accept-classical)
SDJWT-021,SYN-COSE-K4K_yalniz_X,P1,kontrol-EdDSA,kabul,uygulanamaz,bicim-desteklenmiyor,B6: MAPPING.md (API incelemesi),uygulanamaz,mirror:COSE-K4K_yalniz_X (accept-classical)
SDJWT-021,SYN-COSE-VPLUS_ES256,GEC,kontrol-EdDSA,kabul,uygulanamaz,bicim-desteklenmiyor,B6: MAPPING.md (API incelemesi),uygulanamaz,mirror:COSE-VPLUS_ES256 (accept-classical)
SDJWT-021,SYN-COSE-VPLUS_ES256,IZIN-A,kontrol-EdDSA,kabul,uygulanamaz,bicim-desteklenmiyor,B6: MAPPING.md (API incelemesi),uygulanamaz,mirror:COSE-VPLUS_ES256 (accept-classical)
SDJWT-021,SYN-COSE-VPLUS_ES256,IZIN-AX,kontrol-EdDSA,kabul,uygulanamaz,bicim-desteklenmiyor,B6: MAPPING.md (API incelemesi),uygulanamaz,mirror:COSE-VPLUS_ES256 (accept-classical)
SDJWT-021,SYN-COSE-VPLUS_ES256,P0,kontrol-EdDSA,kabul,uygulanamaz,bicim-desteklenmiyor,B6: MAPPING.md (API incelemesi),uygulanamaz,mirror:COSE-VPLUS_ES256 (accept-classical)
SDJWT-021,SYN-COSE-VPLUS_EdDSA,GEC,kontrol-EdDSA,kabul,uygulanamaz,bicim-desteklenmiyor,B6: MAPPING.md (API incelemesi),uygulanamaz,mirror:COSE-VPLUS_EdDSA (accept-classical)
SDJWT-021,SYN-COSE-VPLUS_EdDSA,IZIN-AX,kontrol-EdDSA,kabul,uygulanamaz,bicim-desteklenmiyor,B6: MAPPING.md (API incelemesi),uygulanamaz,mirror:COSE-VPLUS_EdDSA (accept-classical)
SDJWT-021,SYN-COSE-VPLUS_EdDSA,L4,kontrol-EdDSA,kabul,uygulanamaz,bicim-desteklenmiyor,B6: MAPPING.md (API incelemesi),uygulanamaz,mirror:COSE-VPLUS_EdDSA (accept-classical)
SDJWT-021,SYN-COSE-VPLUS_EdDSA,L4-S,kontrol-EdDSA,kabul,uygulanamaz,bicim-desteklenmiyor,B6: MAPPING.md (API incelemesi),uygulanamaz,mirror:COSE-VPLUS_EdDSA (accept-classical)
SDJWT-021,SYN-COSE-VPLUS_EdDSA,L4-Y,kontrol-EdDSA,kabul,uygulanamaz,bicim-desteklenmiyor,B6: MAPPING.md (API incelemesi),uygulanamaz,mirror:COSE-VPLUS_EdDSA (accept-classical)
SDJWT-021,SYN-COSE-VPLUS_EdDSA,P0,kontrol-EdDSA,kabul,uygulanamaz,bicim-desteklenmiyor,B6: MAPPING.md (API incelemesi),uygulanamaz,mirror:COSE-VPLUS_EdDSA (accept-classical)
SDJWT-021,SYN-D-VCX_EdDSA_kid,GEC,kontrol-EdDSA,kabul,red,alg-desteklenmiyor,InvalidOperationException: Invalid SD-JWT - Issuer Signed Jwt invalid <- SecurityTokenInvalidSignatureException: IDX10511: Signature validation failed. Keys tri,sapma,derived:analogue VPLUS_EdDSA (accept-classical)
SDJWT-021,SYN-D-VCX_EdDSA_kid,IZIN-AX,kontrol-EdDSA,kabul,ifade-edilemedi,,"VerifyPresentation(presentation, issuerJwk): alg izin listesi / gerekli kume parametresi yok",ifade-edilemedi,derived:analogue VPLUS_EdDSA (accept-classical)
SDJWT-021,SYN-D-VCX_EdDSA_kid,L4,kontrol-EdDSA,kabul,ifade-edilemedi,,"VerifyPresentation(presentation, issuerJwk): alg izin listesi / gerekli kume parametresi yok",ifade-edilemedi,derived:analogue VPLUS_EdDSA (accept-classical)
SDJWT-021,SYN-D-VCX_EdDSA_kid,L4-S,kontrol-EdDSA,kabul,ifade-edilemedi,,"VerifyPresentation(presentation, issuerJwk): alg izin listesi / gerekli kume parametresi yok",ifade-edilemedi,derived:analogue VPLUS_EdDSA (accept-classical)
SDJWT-021,SYN-D-VCX_EdDSA_kid,L4-Y,kontrol-EdDSA,kabul,ifade-edilemedi,,"VerifyPresentation(presentation, issuerJwk): alg izin listesi / gerekli kume parametresi yok",ifade-edilemedi,derived:analogue VPLUS_EdDSA (accept-classical)
SDJWT-021,SYN-D-VCX_EdDSA_kid,P0,kontrol-EdDSA,kabul,red,alg-desteklenmiyor,InvalidOperationException: Invalid SD-JWT - Issuer Signed Jwt invalid <- SecurityTokenInvalidSignatureException: IDX10511: Signature validation failed. Keys tri,sapma,derived:analogue VPLUS_EdDSA (accept-classical)
SDJWT-021,SYN-L4C-COSE_eski_ES256,GEC,kontrol-EdDSA,kabul,uygulanamaz,bicim-desteklenmiyor,B6: MAPPING.md (API incelemesi),uygulanamaz,mirror:L4C-COSE_eski_ES256 (accept-classical)
SDJWT-021,SYN-L4C-COSE_eski_ES256,IZIN-A,kontrol-EdDSA,kabul,uygulanamaz,bicim-desteklenmiyor,B6: MAPPING.md (API incelemesi),uygulanamaz,mirror:L4C-COSE_eski_ES256 (accept-classical)
SDJWT-021,SYN-L4C-COSE_eski_ES256,IZIN-AX,kontrol-EdDSA,kabul,uygulanamaz,bicim-desteklenmiyor,B6: MAPPING.md (API incelemesi),uygulanamaz,mirror:L4C-COSE_eski_ES256 (accept-classical)
SDJWT-021,SYN-L4C-COSE_eski_ES256,L4,kontrol-EdDSA,kabul,uygulanamaz,bicim-desteklenmiyor,B6: MAPPING.md (API incelemesi),uygulanamaz,mirror:L4C-COSE_eski_ES256 (accept-classical)
SDJWT-021,SYN-L4C-COSE_eski_ES256,L4-S,kontrol-EdDSA,kabul,uygulanamaz,bicim-desteklenmiyor,B6: MAPPING.md (API incelemesi),uygulanamaz,mirror:L4C-COSE_eski_ES256 (accept-classical)
SDJWT-021,SYN-L4C-COSE_eski_ES256,L4-Y,kontrol-EdDSA,kabul,uygulanamaz,bicim-desteklenmiyor,B6: MAPPING.md (API incelemesi),uygulanamaz,mirror:L4C-COSE_eski_ES256 (accept-classical)
SDJWT-021,SYN-L4C-JOSE_eski_ES256,GEC,kontrol-EdDSA,kabul,red,typ,InvalidOperationException: Invalid SD-JWT - Issuer Signed Jwt invalid <- SecurityTokenInvalidTypeException: IDX10257: Token type validation failed. Type: 'JWT'.,sapma,mirror:L4C-JOSE_eski_ES256 (accept-classical)
SDJWT-021,SYN-L4C-JOSE_eski_ES256,IZIN-A,kontrol-EdDSA,kabul,ifade-edilemedi,,"VerifyPresentation(presentation, issuerJwk): alg izin listesi / gerekli kume parametresi yok",ifade-edilemedi,mirror:L4C-JOSE_eski_ES256 (accept-classical)
SDJWT-021,SYN-L4C-JOSE_eski_ES256,IZIN-AX,kontrol-EdDSA,kabul,ifade-edilemedi,,"VerifyPresentation(presentation, issuerJwk): alg izin listesi / gerekli kume parametresi yok",ifade-edilemedi,mirror:L4C-JOSE_eski_ES256 (accept-classical)
SDJWT-021,SYN-L4C-JOSE_eski_ES256,L4,kontrol-EdDSA,kabul,ifade-edilemedi,,"VerifyPresentation(presentation, issuerJwk): alg izin listesi / gerekli kume parametresi yok",ifade-edilemedi,mirror:L4C-JOSE_eski_ES256 (accept-classical)
SDJWT-021,SYN-L4C-JOSE_eski_ES256,L4-S,kontrol-EdDSA,kabul,ifade-edilemedi,,"VerifyPresentation(presentation, issuerJwk): alg izin listesi / gerekli kume parametresi yok",ifade-edilemedi,mirror:L4C-JOSE_eski_ES256 (accept-classical)
SDJWT-021,SYN-L4C-JOSE_eski_ES256,L4-Y,kontrol-EdDSA,kabul,ifade-edilemedi,,"VerifyPresentation(presentation, issuerJwk): alg izin listesi / gerekli kume parametresi yok",ifade-edilemedi,mirror:L4C-JOSE_eski_ES256 (accept-classical)
SDJWT-021,SYN-T1K_both_valid,L4,kontrol-EdDSA,kabul,uygulanamaz,bicim-desteklenmiyor,B6: MAPPING.md (API incelemesi),uygulanamaz,mirror:T1K_both_valid (accept-classical)
SDJWT-021,SYN-T1K_both_valid,L4-S,kontrol-EdDSA,kabul,uygulanamaz,bicim-desteklenmiyor,B6: MAPPING.md (API incelemesi),uygulanamaz,mirror:T1K_both_valid (accept-classical)
SDJWT-021,SYN-T1K_both_valid,L4-Y,kontrol-EdDSA,kabul,uygulanamaz,bicim-desteklenmiyor,B6: MAPPING.md (API incelemesi),uygulanamaz,mirror:T1K_both_valid (accept-classical)
SDJWT-021,SYN-T1K_both_valid,P0,kontrol-EdDSA,kabul,uygulanamaz,bicim-desteklenmiyor,B6: MAPPING.md (API incelemesi),uygulanamaz,mirror:T1K_both_valid (accept-classical)
SDJWT-021,SYN-T1K_both_valid,P1,kontrol-EdDSA,kabul,uygulanamaz,bicim-desteklenmiyor,B6: MAPPING.md (API incelemesi),uygulanamaz,mirror:T1K_both_valid (accept-classical)
SDJWT-021,SYN-T1K_both_valid-SIRA-ters,L4,kontrol-EdDSA,kabul,uygulanamaz,bicim-desteklenmiyor,B6: MAPPING.md (API incelemesi),uygulanamaz,mirror:T1K_both_valid-SIRA-ters (accept-classical)
SDJWT-021,SYN-T1K_both_valid-SIRA-ters,L4-S,kontrol-EdDSA,kabul,uygulanamaz,bicim-desteklenmiyor,B6: MAPPING.md (API incelemesi),uygulanamaz,mirror:T1K_both_valid-SIRA-ters (accept-classical)
SDJWT-021,SYN-T1K_both_valid-SIRA-ters,L4-Y,kontrol-EdDSA,kabul,uygulanamaz,bicim-desteklenmiyor,B6: MAPPING.md (API incelemesi),uygulanamaz,mirror:T1K_both_valid-SIRA-ters (accept-classical)
SDJWT-021,SYN-T1K_both_valid-SIRA-ters,P0,kontrol-EdDSA,kabul,uygulanamaz,bicim-desteklenmiyor,B6: MAPPING.md (API incelemesi),uygulanamaz,mirror:T1K_both_valid-SIRA-ters (accept-classical)
SDJWT-021,SYN-T1K_both_valid-SIRA-ters,P1,kontrol-EdDSA,kabul,uygulanamaz,bicim-desteklenmiyor,B6: MAPPING.md (API incelemesi),uygulanamaz,mirror:T1K_both_valid-SIRA-ters (accept-classical)
SDJWT-021,SYN-T5K_only_EdDSA,GEC,kontrol-EdDSA,kabul,uygulanamaz,bicim-desteklenmiyor,B6: MAPPING.md (API incelemesi),uygulanamaz,mirror:T5K_only_EdDSA (accept-classical)
SDJWT-021,SYN-T5K_only_EdDSA,IZIN-AX,kontrol-EdDSA,kabul,uygulanamaz,bicim-desteklenmiyor,B6: MAPPING.md (API incelemesi),uygulanamaz,mirror:T5K_only_EdDSA (accept-classical)
SDJWT-021,SYN-T5K_only_EdDSA,L4,kontrol-EdDSA,kabul,uygulanamaz,bicim-desteklenmiyor,B6: MAPPING.md (API incelemesi),uygulanamaz,mirror:T5K_only_EdDSA (accept-classical)
SDJWT-021,SYN-T5K_only_EdDSA,L4-S,kontrol-EdDSA,kabul,uygulanamaz,bicim-desteklenmiyor,B6: MAPPING.md (API incelemesi),uygulanamaz,mirror:T5K_only_EdDSA (accept-classical)
SDJWT-021,SYN-T5K_only_EdDSA,L4-Y,kontrol-EdDSA,kabul,uygulanamaz,bicim-desteklenmiyor,B6: MAPPING.md (API incelemesi),uygulanamaz,mirror:T5K_only_EdDSA (accept-classical)
SDJWT-021,SYN-T5K_only_EdDSA,P0,kontrol-EdDSA,kabul,uygulanamaz,bicim-desteklenmiyor,B6: MAPPING.md (API incelemesi),uygulanamaz,mirror:T5K_only_EdDSA (accept-classical)
SDJWT-021,SYN-T5K_only_EdDSA,P1,kontrol-EdDSA,kabul,uygulanamaz,bicim-desteklenmiyor,B6: MAPPING.md (API incelemesi),uygulanamaz,mirror:T5K_only_EdDSA (accept-classical)
SDJWT-021,SYN-VC01_ES256_x5c,GEC,kontrol-EdDSA,kabul,red,typ,InvalidOperationException: Invalid SD-JWT - Issuer Signed Jwt invalid <- SecurityTokenInvalidTypeException: IDX10257: Token type validation failed. Type: 'dc+sd,sapma,mirror:VC01_ES256_x5c (accept-classical)
SDJWT-021,SYN-VC01_ES256_x5c,IZIN-A,kontrol-EdDSA,kabul,ifade-edilemedi,,"VerifyPresentation(presentation, issuerJwk): alg izin listesi / gerekli kume parametresi yok",ifade-edilemedi,mirror:VC01_ES256_x5c (accept-classical)
SDJWT-021,SYN-VC01_ES256_x5c,IZIN-AX,kontrol-EdDSA,kabul,ifade-edilemedi,,"VerifyPresentation(presentation, issuerJwk): alg izin listesi / gerekli kume parametresi yok",ifade-edilemedi,mirror:VC01_ES256_x5c (accept-classical)
SDJWT-021,SYN-VC01_ES256_x5c,P0,kontrol-EdDSA,kabul,red,typ,InvalidOperationException: Invalid SD-JWT - Issuer Signed Jwt invalid <- SecurityTokenInvalidTypeException: IDX10257: Token type validation failed. Type: 'dc+sd,sapma,mirror:VC01_ES256_x5c (accept-classical)
SDJWT-021,SYN-VC09_GJ_ES256_EdDSA,L4,kontrol-EdDSA,kabul,uygulanamaz,bicim-desteklenmiyor,B6: MAPPING.md (API incelemesi),uygulanamaz,mirror:VC09_GJ_ES256_EdDSA (accept-classical)
SDJWT-021,SYN-VC09_GJ_ES256_EdDSA,L4-S,kontrol-EdDSA,kabul,uygulanamaz,bicim-desteklenmiyor,B6: MAPPING.md (API incelemesi),uygulanamaz,mirror:VC09_GJ_ES256_EdDSA (accept-classical)
SDJWT-021,SYN-VC09_GJ_ES256_EdDSA,L4-Y,kontrol-EdDSA,kabul,uygulanamaz,bicim-desteklenmiyor,B6: MAPPING.md (API incelemesi),uygulanamaz,mirror:VC09_GJ_ES256_EdDSA (accept-classical)
SDJWT-021,SYN-VC09_GJ_ES256_EdDSA,P0,kontrol-EdDSA,kabul,uygulanamaz,bicim-desteklenmiyor,B6: MAPPING.md (API incelemesi),uygulanamaz,mirror:VC09_GJ_ES256_EdDSA (accept-classical)
SDJWT-021,SYN-VC09_GJ_ES256_EdDSA,P1,kontrol-EdDSA,kabul,uygulanamaz,bicim-desteklenmiyor,B6: MAPPING.md (API incelemesi),uygulanamaz,mirror:VC09_GJ_ES256_EdDSA (accept-classical)
SDJWT-021,SYN-VC09_GJ_ES256_EdDSA-SIRA-ters,L4,kontrol-EdDSA,kabul,uygulanamaz,bicim-desteklenmiyor,B6: MAPPING.md (API incelemesi),uygulanamaz,mirror:VC09_GJ_ES256_EdDSA-SIRA-ters (accept-classical)
SDJWT-021,SYN-VC09_GJ_ES256_EdDSA-SIRA-ters,L4-S,kontrol-EdDSA,kabul,uygulanamaz,bicim-desteklenmiyor,B6: MAPPING.md (API incelemesi),uygulanamaz,mirror:VC09_GJ_ES256_EdDSA-SIRA-ters (accept-classical)
SDJWT-021,SYN-VC09_GJ_ES256_EdDSA-SIRA-ters,L4-Y,kontrol-EdDSA,kabul,uygulanamaz,bicim-desteklenmiyor,B6: MAPPING.md (API incelemesi),uygulanamaz,mirror:VC09_GJ_ES256_EdDSA-SIRA-ters (accept-classical)
SDJWT-021,SYN-VC09_GJ_ES256_EdDSA-SIRA-ters,P0,kontrol-EdDSA,kabul,uygulanamaz,bicim-desteklenmiyor,B6: MAPPING.md (API incelemesi),uygulanamaz,mirror:VC09_GJ_ES256_EdDSA-SIRA-ters (accept-classical)
SDJWT-021,SYN-VC09_GJ_ES256_EdDSA-SIRA-ters,P1,kontrol-EdDSA,kabul,uygulanamaz,bicim-desteklenmiyor,B6: MAPPING.md (API incelemesi),uygulanamaz,mirror:VC09_GJ_ES256_EdDSA-SIRA-ters (accept-classical)
SDJWT-021,SYN-VPLUS_ES256,GEC,kontrol-EdDSA,kabul,red,typ,InvalidOperationException: Invalid SD-JWT - Issuer Signed Jwt invalid <- SecurityTokenInvalidTypeException: IDX10257: Token type validation failed. Type: 'JWT'.,sapma,mirror:VPLUS_ES256 (accept-classical)
SDJWT-021,SYN-VPLUS_ES256,IZIN-A,kontrol-EdDSA,kabul,ifade-edilemedi,,"VerifyPresentation(presentation, issuerJwk): alg izin listesi / gerekli kume parametresi yok",ifade-edilemedi,mirror:VPLUS_ES256 (accept-classical)
SDJWT-021,SYN-VPLUS_ES256,IZIN-AX,kontrol-EdDSA,kabul,ifade-edilemedi,,"VerifyPresentation(presentation, issuerJwk): alg izin listesi / gerekli kume parametresi yok",ifade-edilemedi,mirror:VPLUS_ES256 (accept-classical)
SDJWT-021,SYN-VPLUS_ES256,P0,kontrol-EdDSA,kabul,red,typ,InvalidOperationException: Invalid SD-JWT - Issuer Signed Jwt invalid <- SecurityTokenInvalidTypeException: IDX10257: Token type validation failed. Type: 'JWT'.,sapma,mirror:VPLUS_ES256 (accept-classical)
SDJWT-021,SYN-VPLUS_EdDSA,GEC,kontrol-EdDSA,kabul,red,alg-desteklenmiyor,InvalidOperationException: Invalid SD-JWT - Issuer Signed Jwt invalid <- SecurityTokenInvalidSignatureException: IDX10511: Signature validation failed. Keys tri,sapma,mirror:VPLUS_EdDSA (accept-classical)
SDJWT-021,SYN-VPLUS_EdDSA,IZIN-AX,kontrol-EdDSA,kabul,ifade-edilemedi,,"VerifyPresentation(presentation, issuerJwk): alg izin listesi / gerekli kume parametresi yok",ifade-edilemedi,mirror:VPLUS_EdDSA (accept-classical)
SDJWT-021,SYN-VPLUS_EdDSA,L4,kontrol-EdDSA,kabul,ifade-edilemedi,,"VerifyPresentation(presentation, issuerJwk): alg izin listesi / gerekli kume parametresi yok",ifade-edilemedi,mirror:VPLUS_EdDSA (accept-classical)
SDJWT-021,SYN-VPLUS_EdDSA,L4-S,kontrol-EdDSA,kabul,ifade-edilemedi,,"VerifyPresentation(presentation, issuerJwk): alg izin listesi / gerekli kume parametresi yok",ifade-edilemedi,mirror:VPLUS_EdDSA (accept-classical)
SDJWT-021,SYN-VPLUS_EdDSA,L4-Y,kontrol-EdDSA,kabul,ifade-edilemedi,,"VerifyPresentation(presentation, issuerJwk): alg izin listesi / gerekli kume parametresi yok",ifade-edilemedi,mirror:VPLUS_EdDSA (accept-classical)
SDJWT-021,SYN-VPLUS_EdDSA,P0,kontrol-EdDSA,kabul,red,alg-desteklenmiyor,InvalidOperationException: Invalid SD-JWT - Issuer Signed Jwt invalid <- SecurityTokenInvalidSignatureException: IDX10511: Signature validation failed. Keys tri,sapma,mirror:VPLUS_EdDSA (accept-classical)
SDJWT-025,SYN-COSE-K1K_iki_gecerli,L4,kontrol-EdDSA,kabul,uygulanamaz,bicim-desteklenmiyor,,uygulanamaz,mirror:COSE-K1K_iki_gecerli (accept-classical)
SDJWT-025,SYN-COSE-K1K_iki_gecerli,L4-S,kontrol-EdDSA,kabul,uygulanamaz,bicim-desteklenmiyor,,uygulanamaz,mirror:COSE-K1K_iki_gecerli (accept-classical)
SDJWT-025,SYN-COSE-K1K_iki_gecerli,L4-Y,kontrol-EdDSA,kabul,uygulanamaz,bicim-desteklenmiyor,,uygulanamaz,mirror:COSE-K1K_iki_gecerli (accept-classical)
SDJWT-025,SYN-COSE-K1K_iki_gecerli,P0,kontrol-EdDSA,kabul,uygulanamaz,bicim-desteklenmiyor,,uygulanamaz,mirror:COSE-K1K_iki_gecerli (accept-classical)
SDJWT-025,SYN-COSE-K1K_iki_gecerli,P1,kontrol-EdDSA,kabul,uygulanamaz,bicim-desteklenmiyor,,uygulanamaz,mirror:COSE-K1K_iki_gecerli (accept-classical)
SDJWT-025,SYN-COSE-K1K_iki_gecerli-SIRA-ters,L4,kontrol-EdDSA,kabul,uygulanamaz,bicim-desteklenmiyor,,uygulanamaz,mirror:COSE-K1K_iki_gecerli-SIRA-ters (accept-classical)
SDJWT-025,SYN-COSE-K1K_iki_gecerli-SIRA-ters,L4-S,kontrol-EdDSA,kabul,uygulanamaz,bicim-desteklenmiyor,,uygulanamaz,mirror:COSE-K1K_iki_gecerli-SIRA-ters (accept-classical)
SDJWT-025,SYN-COSE-K1K_iki_gecerli-SIRA-ters,L4-Y,kontrol-EdDSA,kabul,uygulanamaz,bicim-desteklenmiyor,,uygulanamaz,mirror:COSE-K1K_iki_gecerli-SIRA-ters (accept-classical)
SDJWT-025,SYN-COSE-K1K_iki_gecerli-SIRA-ters,P0,kontrol-EdDSA,kabul,uygulanamaz,bicim-desteklenmiyor,,uygulanamaz,mirror:COSE-K1K_iki_gecerli-SIRA-ters (accept-classical)
SDJWT-025,SYN-COSE-K1K_iki_gecerli-SIRA-ters,P1,kontrol-EdDSA,kabul,uygulanamaz,bicim-desteklenmiyor,,uygulanamaz,mirror:COSE-K1K_iki_gecerli-SIRA-ters (accept-classical)
SDJWT-025,SYN-COSE-K4K_yalniz_X,GEC,kontrol-EdDSA,kabul,uygulanamaz,bicim-desteklenmiyor,,uygulanamaz,mirror:COSE-K4K_yalniz_X (accept-classical)
SDJWT-025,SYN-COSE-K4K_yalniz_X,IZIN-AX,kontrol-EdDSA,kabul,uygulanamaz,bicim-desteklenmiyor,,uygulanamaz,mirror:COSE-K4K_yalniz_X (accept-classical)
SDJWT-025,SYN-COSE-K4K_yalniz_X,L4,kontrol-EdDSA,kabul,uygulanamaz,bicim-desteklenmiyor,,uygulanamaz,mirror:COSE-K4K_yalniz_X (accept-classical)
SDJWT-025,SYN-COSE-K4K_yalniz_X,L4-S,kontrol-EdDSA,kabul,uygulanamaz,bicim-desteklenmiyor,,uygulanamaz,mirror:COSE-K4K_yalniz_X (accept-classical)
SDJWT-025,SYN-COSE-K4K_yalniz_X,L4-Y,kontrol-EdDSA,kabul,uygulanamaz,bicim-desteklenmiyor,,uygulanamaz,mirror:COSE-K4K_yalniz_X (accept-classical)
SDJWT-025,SYN-COSE-K4K_yalniz_X,P0,kontrol-EdDSA,kabul,uygulanamaz,bicim-desteklenmiyor,,uygulanamaz,mirror:COSE-K4K_yalniz_X (accept-classical)
SDJWT-025,SYN-COSE-K4K_yalniz_X,P1,kontrol-EdDSA,kabul,uygulanamaz,bicim-desteklenmiyor,,uygulanamaz,mirror:COSE-K4K_yalniz_X (accept-classical)
SDJWT-025,SYN-COSE-VPLUS_ES256,GEC,kontrol-EdDSA,kabul,uygulanamaz,bicim-desteklenmiyor,,uygulanamaz,mirror:COSE-VPLUS_ES256 (accept-classical)
SDJWT-025,SYN-COSE-VPLUS_ES256,IZIN-A,kontrol-EdDSA,kabul,uygulanamaz,bicim-desteklenmiyor,,uygulanamaz,mirror:COSE-VPLUS_ES256 (accept-classical)
SDJWT-025,SYN-COSE-VPLUS_ES256,IZIN-AX,kontrol-EdDSA,kabul,uygulanamaz,bicim-desteklenmiyor,,uygulanamaz,mirror:COSE-VPLUS_ES256 (accept-classical)
SDJWT-025,SYN-COSE-VPLUS_ES256,P0,kontrol-EdDSA,kabul,uygulanamaz,bicim-desteklenmiyor,,uygulanamaz,mirror:COSE-VPLUS_ES256 (accept-classical)
SDJWT-025,SYN-COSE-VPLUS_EdDSA,GEC,kontrol-EdDSA,kabul,uygulanamaz,bicim-desteklenmiyor,,uygulanamaz,mirror:COSE-VPLUS_EdDSA (accept-classical)
SDJWT-025,SYN-COSE-VPLUS_EdDSA,IZIN-AX,kontrol-EdDSA,kabul,uygulanamaz,bicim-desteklenmiyor,,uygulanamaz,mirror:COSE-VPLUS_EdDSA (accept-classical)
SDJWT-025,SYN-COSE-VPLUS_EdDSA,L4,kontrol-EdDSA,kabul,uygulanamaz,bicim-desteklenmiyor,,uygulanamaz,mirror:COSE-VPLUS_EdDSA (accept-classical)
SDJWT-025,SYN-COSE-VPLUS_EdDSA,L4-S,kontrol-EdDSA,kabul,uygulanamaz,bicim-desteklenmiyor,,uygulanamaz,mirror:COSE-VPLUS_EdDSA (accept-classical)
SDJWT-025,SYN-COSE-VPLUS_EdDSA,L4-Y,kontrol-EdDSA,kabul,uygulanamaz,bicim-desteklenmiyor,,uygulanamaz,mirror:COSE-VPLUS_EdDSA (accept-classical)
SDJWT-025,SYN-COSE-VPLUS_EdDSA,P0,kontrol-EdDSA,kabul,uygulanamaz,bicim-desteklenmiyor,,uygulanamaz,mirror:COSE-VPLUS_EdDSA (accept-classical)
SDJWT-025,SYN-D-VCX_EdDSA_kid,GEC,kontrol-EdDSA,kabul,kabul,,,uyumlu,derived:analogue VPLUS_EdDSA (accept-classical)
SDJWT-025,SYN-D-VCX_EdDSA_kid,IZIN-AX,kontrol-EdDSA,kabul,ifade-edilemedi,,,ifade-edilemedi,derived:analogue VPLUS_EdDSA (accept-classical)
SDJWT-025,SYN-D-VCX_EdDSA_kid,L4,kontrol-EdDSA,kabul,ifade-edilemedi,,,ifade-edilemedi,derived:analogue VPLUS_EdDSA (accept-classical)
SDJWT-025,SYN-D-VCX_EdDSA_kid,L4-S,kontrol-EdDSA,kabul,ifade-edilemedi,,,ifade-edilemedi,derived:analogue VPLUS_EdDSA (accept-classical)
SDJWT-025,SYN-D-VCX_EdDSA_kid,L4-Y,kontrol-EdDSA,kabul,ifade-edilemedi,,,ifade-edilemedi,derived:analogue VPLUS_EdDSA (accept-classical)
SDJWT-025,SYN-D-VCX_EdDSA_kid,P0,kontrol-EdDSA,kabul,kabul,,,uyumlu,derived:analogue VPLUS_EdDSA (accept-classical)
SDJWT-025,SYN-L4C-COSE_eski_ES256,GEC,kontrol-EdDSA,kabul,uygulanamaz,bicim-desteklenmiyor,,uygulanamaz,mirror:L4C-COSE_eski_ES256 (accept-classical)
SDJWT-025,SYN-L4C-COSE_eski_ES256,IZIN-A,kontrol-EdDSA,kabul,uygulanamaz,bicim-desteklenmiyor,,uygulanamaz,mirror:L4C-COSE_eski_ES256 (accept-classical)
SDJWT-025,SYN-L4C-COSE_eski_ES256,IZIN-AX,kontrol-EdDSA,kabul,uygulanamaz,bicim-desteklenmiyor,,uygulanamaz,mirror:L4C-COSE_eski_ES256 (accept-classical)
SDJWT-025,SYN-L4C-COSE_eski_ES256,L4,kontrol-EdDSA,kabul,uygulanamaz,bicim-desteklenmiyor,,uygulanamaz,mirror:L4C-COSE_eski_ES256 (accept-classical)
SDJWT-025,SYN-L4C-COSE_eski_ES256,L4-S,kontrol-EdDSA,kabul,uygulanamaz,bicim-desteklenmiyor,,uygulanamaz,mirror:L4C-COSE_eski_ES256 (accept-classical)
SDJWT-025,SYN-L4C-COSE_eski_ES256,L4-Y,kontrol-EdDSA,kabul,uygulanamaz,bicim-desteklenmiyor,,uygulanamaz,mirror:L4C-COSE_eski_ES256 (accept-classical)
SDJWT-025,SYN-L4C-JOSE_eski_ES256,GEC,kontrol-EdDSA,kabul,kabul,,,uyumlu,mirror:L4C-JOSE_eski_ES256 (accept-classical)
SDJWT-025,SYN-L4C-JOSE_eski_ES256,IZIN-A,kontrol-EdDSA,kabul,ifade-edilemedi,,,ifade-edilemedi,mirror:L4C-JOSE_eski_ES256 (accept-classical)
SDJWT-025,SYN-L4C-JOSE_eski_ES256,IZIN-AX,kontrol-EdDSA,kabul,ifade-edilemedi,,,ifade-edilemedi,mirror:L4C-JOSE_eski_ES256 (accept-classical)
SDJWT-025,SYN-L4C-JOSE_eski_ES256,L4,kontrol-EdDSA,kabul,ifade-edilemedi,,,ifade-edilemedi,mirror:L4C-JOSE_eski_ES256 (accept-classical)
SDJWT-025,SYN-L4C-JOSE_eski_ES256,L4-S,kontrol-EdDSA,kabul,ifade-edilemedi,,,ifade-edilemedi,mirror:L4C-JOSE_eski_ES256 (accept-classical)
SDJWT-025,SYN-L4C-JOSE_eski_ES256,L4-Y,kontrol-EdDSA,kabul,ifade-edilemedi,,,ifade-edilemedi,mirror:L4C-JOSE_eski_ES256 (accept-classical)
SDJWT-025,SYN-T1K_both_valid,L4,kontrol-EdDSA,kabul,uygulanamaz,bicim-desteklenmiyor,,uygulanamaz,mirror:T1K_both_valid (accept-classical)
SDJWT-025,SYN-T1K_both_valid,L4-S,kontrol-EdDSA,kabul,uygulanamaz,bicim-desteklenmiyor,,uygulanamaz,mirror:T1K_both_valid (accept-classical)
SDJWT-025,SYN-T1K_both_valid,L4-Y,kontrol-EdDSA,kabul,uygulanamaz,bicim-desteklenmiyor,,uygulanamaz,mirror:T1K_both_valid (accept-classical)
SDJWT-025,SYN-T1K_both_valid,P0,kontrol-EdDSA,kabul,uygulanamaz,bicim-desteklenmiyor,,uygulanamaz,mirror:T1K_both_valid (accept-classical)
SDJWT-025,SYN-T1K_both_valid,P1,kontrol-EdDSA,kabul,uygulanamaz,bicim-desteklenmiyor,,uygulanamaz,mirror:T1K_both_valid (accept-classical)
SDJWT-025,SYN-T1K_both_valid-SIRA-ters,L4,kontrol-EdDSA,kabul,uygulanamaz,bicim-desteklenmiyor,,uygulanamaz,mirror:T1K_both_valid-SIRA-ters (accept-classical)
SDJWT-025,SYN-T1K_both_valid-SIRA-ters,L4-S,kontrol-EdDSA,kabul,uygulanamaz,bicim-desteklenmiyor,,uygulanamaz,mirror:T1K_both_valid-SIRA-ters (accept-classical)
SDJWT-025,SYN-T1K_both_valid-SIRA-ters,L4-Y,kontrol-EdDSA,kabul,uygulanamaz,bicim-desteklenmiyor,,uygulanamaz,mirror:T1K_both_valid-SIRA-ters (accept-classical)
SDJWT-025,SYN-T1K_both_valid-SIRA-ters,P0,kontrol-EdDSA,kabul,uygulanamaz,bicim-desteklenmiyor,,uygulanamaz,mirror:T1K_both_valid-SIRA-ters (accept-classical)
SDJWT-025,SYN-T1K_both_valid-SIRA-ters,P1,kontrol-EdDSA,kabul,uygulanamaz,bicim-desteklenmiyor,,uygulanamaz,mirror:T1K_both_valid-SIRA-ters (accept-classical)
SDJWT-025,SYN-T5K_only_EdDSA,GEC,kontrol-EdDSA,kabul,uygulanamaz,bicim-desteklenmiyor,,uygulanamaz,mirror:T5K_only_EdDSA (accept-classical)
SDJWT-025,SYN-T5K_only_EdDSA,IZIN-AX,kontrol-EdDSA,kabul,uygulanamaz,bicim-desteklenmiyor,,uygulanamaz,mirror:T5K_only_EdDSA (accept-classical)
SDJWT-025,SYN-T5K_only_EdDSA,L4,kontrol-EdDSA,kabul,uygulanamaz,bicim-desteklenmiyor,,uygulanamaz,mirror:T5K_only_EdDSA (accept-classical)
SDJWT-025,SYN-T5K_only_EdDSA,L4-S,kontrol-EdDSA,kabul,uygulanamaz,bicim-desteklenmiyor,,uygulanamaz,mirror:T5K_only_EdDSA (accept-classical)
SDJWT-025,SYN-T5K_only_EdDSA,L4-Y,kontrol-EdDSA,kabul,uygulanamaz,bicim-desteklenmiyor,,uygulanamaz,mirror:T5K_only_EdDSA (accept-classical)
SDJWT-025,SYN-T5K_only_EdDSA,P0,kontrol-EdDSA,kabul,uygulanamaz,bicim-desteklenmiyor,,uygulanamaz,mirror:T5K_only_EdDSA (accept-classical)
SDJWT-025,SYN-T5K_only_EdDSA,P1,kontrol-EdDSA,kabul,uygulanamaz,bicim-desteklenmiyor,,uygulanamaz,mirror:T5K_only_EdDSA (accept-classical)
SDJWT-025,SYN-VC01_ES256_x5c,GEC,kontrol-EdDSA,kabul,kabul,,,uyumlu,mirror:VC01_ES256_x5c (accept-classical)
SDJWT-025,SYN-VC01_ES256_x5c,IZIN-A,kontrol-EdDSA,kabul,ifade-edilemedi,,,ifade-edilemedi,mirror:VC01_ES256_x5c (accept-classical)
SDJWT-025,SYN-VC01_ES256_x5c,IZIN-AX,kontrol-EdDSA,kabul,ifade-edilemedi,,,ifade-edilemedi,mirror:VC01_ES256_x5c (accept-classical)
SDJWT-025,SYN-VC01_ES256_x5c,P0,kontrol-EdDSA,kabul,kabul,,,uyumlu,mirror:VC01_ES256_x5c (accept-classical)
SDJWT-025,SYN-VC09_GJ_ES256_EdDSA,L4,kontrol-EdDSA,kabul,uygulanamaz,bicim-desteklenmiyor,,uygulanamaz,mirror:VC09_GJ_ES256_EdDSA (accept-classical)
SDJWT-025,SYN-VC09_GJ_ES256_EdDSA,L4-S,kontrol-EdDSA,kabul,uygulanamaz,bicim-desteklenmiyor,,uygulanamaz,mirror:VC09_GJ_ES256_EdDSA (accept-classical)
SDJWT-025,SYN-VC09_GJ_ES256_EdDSA,L4-Y,kontrol-EdDSA,kabul,uygulanamaz,bicim-desteklenmiyor,,uygulanamaz,mirror:VC09_GJ_ES256_EdDSA (accept-classical)
SDJWT-025,SYN-VC09_GJ_ES256_EdDSA,P0,kontrol-EdDSA,kabul,uygulanamaz,bicim-desteklenmiyor,,uygulanamaz,mirror:VC09_GJ_ES256_EdDSA (accept-classical)
SDJWT-025,SYN-VC09_GJ_ES256_EdDSA,P1,kontrol-EdDSA,kabul,uygulanamaz,bicim-desteklenmiyor,,uygulanamaz,mirror:VC09_GJ_ES256_EdDSA (accept-classical)
SDJWT-025,SYN-VC09_GJ_ES256_EdDSA-SIRA-ters,L4,kontrol-EdDSA,kabul,uygulanamaz,bicim-desteklenmiyor,,uygulanamaz,mirror:VC09_GJ_ES256_EdDSA-SIRA-ters (accept-classical)
SDJWT-025,SYN-VC09_GJ_ES256_EdDSA-SIRA-ters,L4-S,kontrol-EdDSA,kabul,uygulanamaz,bicim-desteklenmiyor,,uygulanamaz,mirror:VC09_GJ_ES256_EdDSA-SIRA-ters (accept-classical)
SDJWT-025,SYN-VC09_GJ_ES256_EdDSA-SIRA-ters,L4-Y,kontrol-EdDSA,kabul,uygulanamaz,bicim-desteklenmiyor,,uygulanamaz,mirror:VC09_GJ_ES256_EdDSA-SIRA-ters (accept-classical)
SDJWT-025,SYN-VC09_GJ_ES256_EdDSA-SIRA-ters,P0,kontrol-EdDSA,kabul,uygulanamaz,bicim-desteklenmiyor,,uygulanamaz,mirror:VC09_GJ_ES256_EdDSA-SIRA-ters (accept-classical)
SDJWT-025,SYN-VC09_GJ_ES256_EdDSA-SIRA-ters,P1,kontrol-EdDSA,kabul,uygulanamaz,bicim-desteklenmiyor,,uygulanamaz,mirror:VC09_GJ_ES256_EdDSA-SIRA-ters (accept-classical)
SDJWT-025,SYN-VPLUS_ES256,GEC,kontrol-EdDSA,kabul,kabul,,,uyumlu,mirror:VPLUS_ES256 (accept-classical)
SDJWT-025,SYN-VPLUS_ES256,IZIN-A,kontrol-EdDSA,kabul,ifade-edilemedi,,,ifade-edilemedi,mirror:VPLUS_ES256 (accept-classical)
SDJWT-025,SYN-VPLUS_ES256,IZIN-AX,kontrol-EdDSA,kabul,ifade-edilemedi,,,ifade-edilemedi,mirror:VPLUS_ES256 (accept-classical)
SDJWT-025,SYN-VPLUS_ES256,P0,kontrol-EdDSA,kabul,kabul,,,uyumlu,mirror:VPLUS_ES256 (accept-classical)
SDJWT-025,SYN-VPLUS_EdDSA,GEC,kontrol-EdDSA,kabul,kabul,,,uyumlu,mirror:VPLUS_EdDSA (accept-classical)
SDJWT-025,SYN-VPLUS_EdDSA,IZIN-AX,kontrol-EdDSA,kabul,ifade-edilemedi,,,ifade-edilemedi,mirror:VPLUS_EdDSA (accept-classical)
SDJWT-025,SYN-VPLUS_EdDSA,L4,kontrol-EdDSA,kabul,ifade-edilemedi,,,ifade-edilemedi,mirror:VPLUS_EdDSA (accept-classical)
SDJWT-025,SYN-VPLUS_EdDSA,L4-S,kontrol-EdDSA,kabul,ifade-edilemedi,,,ifade-edilemedi,mirror:VPLUS_EdDSA (accept-classical)
SDJWT-025,SYN-VPLUS_EdDSA,L4-Y,kontrol-EdDSA,kabul,ifade-edilemedi,,,ifade-edilemedi,mirror:VPLUS_EdDSA (accept-classical)
SDJWT-025,SYN-VPLUS_EdDSA,P0,kontrol-EdDSA,kabul,kabul,,,uyumlu,mirror:VPLUS_EdDSA (accept-classical)
