id,tabaka,ad,dil,dil_grubu,paket_ekosistemi,paket_adi,depo_url,alt_dizin,kaynak,kaynak_ayrinti,yildiz,yildiz_kaynagi,son_commit,son_commit_sha,son_commit_kaynagi,son_surum,son_surum_tarihi,lisans,lisans_kaynagi,aylik_indirme,indirme_kaynagi,toplam_indirme,bagimli_paket,bagimli_depo,openssf,arsiv,pop_puani,p_yildiz,p_aylik_indirme,p_bagimli_paket,p_toplam_indirme_yalniz,jwtio_asimetrik,jwtio_ml_dsa,general_json_coklu_imza,general_json_coklu_imza_dayanak,coklu_imza_semantigi_belgelenmis,coklu_imza_semantigi_belgelenmis_dayanak,alg_izin_listesi,alg_izin_listesi_dayanak,anahtar_alg_baglama,anahtar_alg_baglama_dayanak,ml_dsa_rfc9964,ml_dsa_rfc9964_dayanak,composite_destegi,composite_destegi_dayanak,sd_jwt,sd_jwt_dayanak,cose_sign_coklu,cose_sign_coklu_dayanak,linux_konteyner_derleme,olcut_sonucu,dislama_nedeni,not
JOSE-001,JOSE,azure-activedirectory-identitymodel-extensions-for-dotnet,.NET,.NET,nuget,System.IdentityModel.Tokens.Jwt,https://github.com/AzureAD/azure-activedirectory-identitymodel-extensions-for-dotnet,,J,jwt.io libraries-next.json@60b70f7 [dot-net],1154,deps.dev,2026-09-23,80995d99c3dd434e34dee21eb3cdad1b08f3ec5f,git HEAD (varsayılan dal),8.23.0,2026-09-18,MIT,deps.dev,,,4029408318,2110,0,6.6,False,0.95,0.8221,,0.9366,0.95,"rs256,rs384,rs512,es256,es384,es512,ps256,ps384,ps512",,hayır,https://github.com/AzureAD/azure-activedirectory-identitymodel-extensions-for-dotnet/blob/80995d99c3dd434e34dee21eb3cdad1b08f3ec5f/src/Microsoft.IdentityModel.JsonWebTokens/JwtTokenUtilities.cs#L40-L45,uygulanamaz,https://github.com/AzureAD/azure-activedirectory-identitymodel-extensions-for-dotnet/blob/80995d99c3dd434e34dee21eb3cdad1b08f3ec5f/src/Microsoft.IdentityModel.JsonWebTokens/JwtTokenUtilities.cs#L40-L45,cagri-basina,https://github.com/AzureAD/azure-activedirectory-identitymodel-extensions-for-dotnet/blob/80995d99c3dd434e34dee21eb3cdad1b08f3ec5f/src/Microsoft.IdentityModel.Tokens/TokenValidationParameters.cs#L741,belirsiz,tarama:JOSE-001@80995d99c3dd (anahtar_alg deseninde kaynakta ilgili eşleşme yok),evet,https://github.com/AzureAD/azure-activedirectory-identitymodel-extensions-for-dotnet/blob/80995d99c3dd434e34dee21eb3cdad1b08f3ec5f/src/Microsoft.IdentityModel.Tokens/SecurityAlgorithms.cs#L89-L91,hayır,tarama:JOSE-001@80995d99c3dd ('composite' deseni 0 eşleşme; 897 dosya),hayır,tarama:JOSE-001 (sd_jwt deseninin eşleşmeleri yalnız güvenlik politikası 'Disclosure' metni),uygulanamaz,tarama:JOSE-001@80995d99c3dd ('cose_sign' deseni 0 eşleşme; 897 dosya),test edilecek,SECILDI,,jwt.io paketi; güncel JWS API'si Microsoft.IdentityModel.JsonWebTokens (aynı depo)
JOSE-002,JOSE,jwt,.NET,.NET,nuget,JWT,https://github.com/jwt-dotnet/jwt,,J,jwt.io libraries-next.json@60b70f7 [dot-net],2190,deps.dev,2026-09-15,034f1fe9faef5ac6c9d59d108c82bbb367d053b2,git HEAD (varsayılan dal),11.1.0,2026-07-06,CC0-1.0,paket kaydı,,,93448361,215,0,4.1,False,0.8702,0.8702,,0.6831,0.65,"rs256,rs384,rs512,es256,es384,es512",,hayır,https://github.com/jwt-dotnet/jwt/blob/034f1fe9faef5ac6c9d59d108c82bbb367d053b2/src/JWT/JwtParts.cs#L28-L30,uygulanamaz,https://github.com/jwt-dotnet/jwt/blob/034f1fe9faef5ac6c9d59d108c82bbb367d053b2/src/JWT/JwtParts.cs#L28-L30,cagri-basina,https://github.com/jwt-dotnet/jwt/blob/034f1fe9faef5ac6c9d59d108c82bbb367d053b2/src/JWT/JwtDecoder.cs#L44-L62,evet,https://github.com/jwt-dotnet/jwt/blob/034f1fe9faef5ac6c9d59d108c82bbb367d053b2/src/JWT/Algorithms/RSAlgorithm.cs#L16-L28,hayır,tarama:JOSE-002@034f1fe9faef ('ml_dsa' deseni 0 eşleşme; 114 dosya),hayır,tarama:JOSE-002@034f1fe9faef ('composite' deseni 0 eşleşme; 114 dosya),hayır,tarama:JOSE-002@034f1fe9faef ('sd_jwt' deseni 0 eşleşme; 114 dosya),uygulanamaz,tarama:JOSE-002@034f1fe9faef ('cose_sign' deseni 0 eşleşme; 114 dosya),test edilecek,SECILDI,,
JOSE-003,JOSE,jose-jwt,.NET,.NET,nuget,jose-jwt,https://github.com/dvsekhvalnov/jose-jwt,,J,jwt.io libraries-next.json@60b70f7 [dot-net],1022,deps.dev,2026-03-26,20abc4ebf916e1e36586d67609c17d045af1d503,git HEAD (varsayılan dal),5.3.0,2026-03-27,MIT,deps.dev,,,75106231,265,460,2.4,False,0.8125,0.8125,,0.6972,0.55,"rs256,rs384,rs512,es256,es384,es512,ps256,ps384,ps512",,hayır,https://github.com/dvsekhvalnov/jose-jwt/blob/20abc4ebf916e1e36586d67609c17d045af1d503/README.md#L822-L884,uygulanamaz,https://github.com/dvsekhvalnov/jose-jwt/blob/20abc4ebf916e1e36586d67609c17d045af1d503/README.md#L822-L884,cagri-basina,https://github.com/dvsekhvalnov/jose-jwt/blob/20abc4ebf916e1e36586d67609c17d045af1d503/README.md#L1326-L1368,evet,https://github.com/dvsekhvalnov/jose-jwt/blob/20abc4ebf916e1e36586d67609c17d045af1d503/README.md#L1326-L1368,hayır,tarama:JOSE-003@20abc4ebf916 ('ml_dsa' deseni 0 eşleşme; 117 dosya),hayır,tarama:JOSE-003@20abc4ebf916 ('composite' deseni 0 eşleşme; 117 dosya),hayır,tarama:JOSE-003@20abc4ebf916 ('sd_jwt' deseni 0 eşleşme; 117 dosya),uygulanamaz,tarama:JOSE-003@20abc4ebf916 ('cose_sign' deseni 0 eşleşme; 117 dosya),test edilecek,YEDEK,,
JOSE-004,JOSE,jose-rt,.NET,.NET,nuget,jose-rt,https://github.com/dvsekhvalnov/jose-rt,,J,jwt.io libraries-next.json@60b70f7 [dot-net],22,deps.dev,2015-04-17,74c90bc85fc91beeabe25ce1755cf482db32058b,git HEAD (varsayılan dal),0.0.6,2015-04-16,MIT,deps.dev,,,174361,0,2,,False,0.1587,0.1587,,0.0493,0.05,"rs256,rs384,rs512,es256,es384,es512",,belirsiz,incelenmedi,belirsiz,incelenmedi,belirsiz,incelenmedi,belirsiz,incelenmedi,belirsiz,incelenmedi,belirsiz,incelenmedi,belirsiz,incelenmedi,belirsiz,incelenmedi,test edilecek,DISLANDI,"K2: son commit 2015-04-17 < 2024-09-23 | K5[E2]: eşik altı (★22, aylık None, bağımlı 0, toplam 174361) | K6: yalnız Windows: README L1 'WinRT component implementation of … JOSE' (https://github.com/dvsekhvalnov/jose-rt/blob/HEAD/README.md)",
JOSE-005,JOSE,trivial,.NET,.NET,nuget,Trivial,https://github.com/nuscien/trivial,,J,jwt.io libraries-next.json@60b70f7 [dot-net],39,deps.dev,2026-09-21,d04654e17f01ab57330acc0060deafbf7c2c7370,git HEAD (varsayılan dal),9.8.0,2025-11-12,MIT,deps.dev,,,291025,10,0,,False,0.3521,0.2067,,0.3521,0.25,"rs256,rs384,rs512",,belirsiz,incelenmedi,belirsiz,incelenmedi,belirsiz,incelenmedi,belirsiz,incelenmedi,belirsiz,incelenmedi,belirsiz,incelenmedi,belirsiz,incelenmedi,belirsiz,incelenmedi,test edilecek,DISLANDI,"K5[E2]: eşik altı (★39, aylık None, bağımlı 10, toplam 291025)",
JOSE-006,JOSE,jwt,.NET,.NET,nuget,JsonWebToken,https://github.com/ycrumeyrolle/jwt,,J,jwt.io libraries-next.json@60b70f7 [dot-net],90,deps.dev,2024-07-21,516d0df93bc554793f68c23b171ae0b4338ea5f9,git HEAD (varsayılan dal),1.9.4,2023-07-23,MIT,deps.dev,,,522220,4,0,,,0.3702,0.3702,,0.2042,0.35,"rs256,rs384,rs512,es256,es384,es512,ps256,ps384,ps512",,belirsiz,incelenmedi,belirsiz,incelenmedi,belirsiz,incelenmedi,belirsiz,incelenmedi,belirsiz,incelenmedi,belirsiz,incelenmedi,belirsiz,incelenmedi,belirsiz,incelenmedi,test edilecek,DISLANDI,"K2: son commit 2024-07-21 < 2024-09-23 | K5[E2]: eşik altı (★90, aylık None, bağımlı 4, toplam 522220)",
JOSE-007,JOSE,1c-jwt,1C,Diğer,kaynak,,https://github.com/pintov/1c-jwt,,J,jwt.io libraries-next.json@60b70f7 [1c],70,ecosyste.ms,2023-07-07,b7fa0739c1f573ee57023e3a53c201df62810e2a,git HEAD (varsayılan dal),,,mit,ecosyste.ms,,,,,,,False,0.3462,0.3462,,,,,,belirsiz,incelenmedi,belirsiz,incelenmedi,belirsiz,incelenmedi,belirsiz,incelenmedi,belirsiz,incelenmedi,belirsiz,incelenmedi,belirsiz,incelenmedi,belirsiz,incelenmedi,test edilecek,DISLANDI,"K1: yalnız simetrik (jwt.io destek bayrakları: asimetrik alg yok) | K2: son commit 2023-07-07 < 2024-09-23 | K5[E2]: eşik altı (★70, aylık None, bağımlı None, toplam None)",
JOSE-008,JOSE,jwt,Ada,Diğer,alire,jwt,https://github.com/reznikmm/jwt,,J,jwt.io libraries-next.json@60b70f7 [ada],14,ecosyste.ms,2020-10-04,49fcd8148b929cf48719c88c478705c2f410f458,git HEAD (varsayılan dal),,,mit,ecosyste.ms,,,,,,,False,0.0913,0.0913,,,,rs256,,belirsiz,incelenmedi,belirsiz,incelenmedi,belirsiz,incelenmedi,belirsiz,incelenmedi,belirsiz,incelenmedi,belirsiz,incelenmedi,belirsiz,incelenmedi,belirsiz,incelenmedi,test edilecek,DISLANDI,"K2: son commit 2020-10-04 < 2024-09-23 | K5[E2]: eşik altı (★14, aylık None, bağımlı None, toplam None)",
JOSE-009,JOSE,jose,Bun,JS/TS,npm,jose,https://github.com/panva/jose,,J,jwt.io libraries-next.json@60b70f7 [bun],7799,deps.dev,2026-09-14,55c959fd16852462498b0d82c52c4eca07d48f26,git HEAD (varsayılan dal),6.2.12,2026-09-05,MIT,deps.dev,471975046,npm last-month,,1109,54898,7.2,False,0.9567,0.9567,0.9464,0.9085,,"rs256,rs384,rs512,es256,es384,es512,ps256,ps384,ps512,eddsa,ed25519,ml-dsa-44,ml-dsa-65,ml-dsa-87","ml-dsa-44,ml-dsa-65,ml-dsa-87",evet,https://github.com/panva/jose/blob/55c959fd16852462498b0d82c52c4eca07d48f26/src/jws/general/verify.ts#L106-L200,any,https://github.com/panva/jose/blob/55c959fd16852462498b0d82c52c4eca07d48f26/src/jws/general/verify.ts#L76-L79,cagri-basina,https://github.com/panva/jose/blob/55c959fd16852462498b0d82c52c4eca07d48f26/src/types.d.ts#L682,evet,https://github.com/panva/jose/blob/55c959fd16852462498b0d82c52c4eca07d48f26/src/lib/key.ts#L22,evet,https://github.com/panva/jose/blob/55c959fd16852462498b0d82c52c4eca07d48f26/src/types.d.ts#L23-L25,hayır,tarama:JOSE-009@55c959fd1685 ('composite' deseni 0 eşleşme; 306 dosya),hayır,tarama:JOSE-009@55c959fd1685 ('sd_jwt' deseni 0 eşleşme; 306 dosya),uygulanamaz,tarama:JOSE-009@55c959fd1685 ('cose_sign' deseni 0 eşleşme; 306 dosya),test edilecek,SECILDI,,
JOSE-010,JOSE,libjwt,C,C/C++,kaynak,,https://github.com/benmcollins/libjwt,,J,jwt.io libraries-next.json@60b70f7 [c],415,deps.dev,2026-06-28,94e3cdf35d120c4d869851714a2cf9f582e9b61e,git HEAD (varsayılan dal),,,mpl-2.0,ecosyste.ms,,,,,,,False,0.649,0.649,,,,"rs256,rs384,rs512,es256,es384,es512,ps256,ps384,ps512",,belirsiz,incelenmedi,belirsiz,incelenmedi,belirsiz,incelenmedi,belirsiz,incelenmedi,belirsiz,incelenmedi,belirsiz,incelenmedi,belirsiz,incelenmedi,belirsiz,incelenmedi,test edilecek,uygun-disarida,,
JOSE-011,JOSE,cjose,C,C/C++,kaynak,,https://github.com/cisco/cjose,,J,jwt.io libraries-next.json@60b70f7 [c],122,deps.dev,2026-09-16,7335b7e7c2b301e0b41c754ab3b269a4049d83f8,git HEAD (varsayılan dal),,,MIT,deps.dev,,,,,,4.1,False,0.4279,0.4279,,,,"rs256,rs384,rs512,es256,es384,es512,ps256,ps384,ps512",,belirsiz,incelenmedi,belirsiz,incelenmedi,belirsiz,incelenmedi,belirsiz,incelenmedi,belirsiz,incelenmedi,belirsiz,incelenmedi,belirsiz,incelenmedi,belirsiz,incelenmedi,test edilecek,DISLANDI,"K5[E2]: eşik altı (★122, aylık None, bağımlı None, toplam None)",
JOSE-012,JOSE,l8w8jwt,C,C/C++,kaynak,,https://github.com/GlitchedPolygons/l8w8jwt,,J,jwt.io libraries-next.json@60b70f7 [c],176,deps.dev,2025-08-16,f0c95b825557086aa0cf449447b1b4daa98b20f8,git HEAD (varsayılan dal),,,Apache-2.0,deps.dev,,,,,,,False,0.4952,0.4952,,,,"rs256,rs384,rs512,es256,es384,es512,ps256,ps384,ps512,eddsa,es256k",,belirsiz,incelenmedi,belirsiz,incelenmedi,belirsiz,incelenmedi,belirsiz,incelenmedi,belirsiz,incelenmedi,belirsiz,incelenmedi,belirsiz,incelenmedi,belirsiz,incelenmedi,test edilecek,DISLANDI,"K5[E2]: eşik altı (★176, aylık None, bağımlı None, toplam None)",
JOSE-013,JOSE,jsmn-web-tokens,C,C/C++,kaynak,,https://github.com/TomzBench/jsmn-web-tokens,,J,jwt.io libraries-next.json@60b70f7 [c],11,ecosyste.ms,2021-04-12,8c0222fe464cade197c011e8429ca146813f6de2,git HEAD (varsayılan dal),,,mpl-2.0,ecosyste.ms,,,,,,,False,0.0721,0.0721,,,,,,belirsiz,incelenmedi,belirsiz,incelenmedi,belirsiz,incelenmedi,belirsiz,incelenmedi,belirsiz,incelenmedi,belirsiz,incelenmedi,belirsiz,incelenmedi,belirsiz,incelenmedi,test edilecek,DISLANDI,"K1: yalnız simetrik (jwt.io destek bayrakları: asimetrik alg yok) | K2: son commit 2021-04-12 < 2024-09-23 | K5[E2]: eşik altı (★11, aylık None, bağımlı None, toplam None)",
JOSE-014,JOSE,rhonabwy,C,C/C++,kaynak,,https://github.com/babelouest/rhonabwy,,J,jwt.io libraries-next.json@60b70f7 [c],47,deps.dev,2024-11-11,132f43c1e30a299f044f2a4f852095b59e48d158,git HEAD (varsayılan dal),,,LGPL-2.1,deps.dev,,,,,,,True,0.2404,0.2404,,,,"rs256,rs384,rs512,es256,es384,es512,ps256,ps384,ps512,eddsa",,belirsiz,incelenmedi,belirsiz,incelenmedi,belirsiz,incelenmedi,belirsiz,incelenmedi,belirsiz,incelenmedi,belirsiz,incelenmedi,belirsiz,incelenmedi,belirsiz,incelenmedi,test edilecek,DISLANDI,"K3: depo arşivlenmiş | K5[E2]: eşik altı (★47, aylık None, bağımlı None, toplam None)",
JOSE-015,JOSE,cjwt,C,C/C++,kaynak,,https://github.com/xmidt-org/cjwt,,J,jwt.io libraries-next.json@60b70f7 [c],17,deps.dev,2024-12-18,f74f9f322e300a10f9733be100c0a27e5ebb9292,git HEAD (varsayılan dal),,,,,,,,,,,False,0.125,0.125,,,,"rs256,rs384,rs512,es256,es384,es512,ps256,ps384,ps512",,belirsiz,incelenmedi,belirsiz,incelenmedi,belirsiz,incelenmedi,belirsiz,incelenmedi,belirsiz,incelenmedi,belirsiz,incelenmedi,belirsiz,incelenmedi,belirsiz,incelenmedi,test edilecek,DISLANDI,"K4: açık lisans doğrulanamadı (yok; kaynak: -) | K5[E2]: eşik altı (★17, aylık None, bağımlı None, toplam None)",
JOSE-016,JOSE,jwtpp,C++,C/C++,kaynak,,https://github.com/troian/jwtpp,,J,jwt.io libraries-next.json@60b70f7 [c-plus-plus],67,ecosyste.ms,2023-01-15,6b6eb15e8312ae53e2ff0172e435fc0932411aa6,git HEAD (varsayılan dal),,,mit,ecosyste.ms,,,,,,,False,0.3221,0.3221,,,,"rs256,rs384,rs512,es256,es384,es512,ps256,ps384,ps512,eddsa",,belirsiz,incelenmedi,belirsiz,incelenmedi,belirsiz,incelenmedi,belirsiz,incelenmedi,belirsiz,incelenmedi,belirsiz,incelenmedi,belirsiz,incelenmedi,belirsiz,incelenmedi,test edilecek,DISLANDI,"K2: son commit 2023-01-15 < 2024-09-23 | K5[E2]: eşik altı (★67, aylık None, bağımlı None, toplam None)",
JOSE-017,JOSE,jwt-cpp,C++,C/C++,kaynak,,https://github.com/Thalhammer/jwt-cpp,,J,jwt.io libraries-next.json@60b70f7 [c-plus-plus],1164,deps.dev,2026-04-02,0a503e75084cfdb48cc2186e6b961444eb819007,git HEAD (varsayılan dal),,,MIT,deps.dev,,,,,,4.6,False,0.8317,0.8317,,,,"rs256,rs384,rs512,es256,es384,es512,ps256,ps384,ps512,eddsa,es256k",,belirsiz,incelenmedi,belirsiz,incelenmedi,belirsiz,incelenmedi,belirsiz,incelenmedi,hayır,tarama:JOSE-017@0a503e75084c ('ml_dsa' deseni 0 eşleşme; 70 dosya),hayır,tarama:JOSE-017@0a503e75084c ('composite' deseni 0 eşleşme; 70 dosya),hayır,tarama:JOSE-017 (sd_jwt deseninin eşleşmeleri yalnız güvenlik politikası 'Disclosure' metni),uygulanamaz,tarama:JOSE-017@0a503e75084c ('cose_sign' deseni 0 eşleşme; 70 dosya),test edilecek,YEDEK,,
JOSE-018,JOSE,cpp-jwt,C++,C/C++,kaynak,,https://github.com/arun11299/cpp-jwt,,J,jwt.io libraries-next.json@60b70f7 [c-plus-plus],441,deps.dev,2026-03-06,365dcc9b843ef04ffd398ef5adc62742dc4c6d27,git HEAD (varsayılan dal),,,MIT,deps.dev,,,,,,2.8,False,0.6587,0.6587,,,,"rs256,rs384,rs512,es256,es384,es512",,belirsiz,incelenmedi,belirsiz,incelenmedi,belirsiz,incelenmedi,belirsiz,incelenmedi,belirsiz,incelenmedi,belirsiz,incelenmedi,belirsiz,incelenmedi,belirsiz,incelenmedi,test edilecek,uygun-disarida,,
JOSE-019,JOSE,jwt-cpp,C++,C/C++,kaynak,,https://github.com/pokowaka/jwt-cpp,,J,jwt.io libraries-next.json@60b70f7 [c-plus-plus],109,deps.dev,2023-05-18,3ce24c1fcf58a2044c1d041922ac6712b1f5ee0d,git HEAD (varsayılan dal),,,MIT,deps.dev,,,,,,,False,0.4183,0.4183,,,,"rs256,rs384,rs512",,belirsiz,incelenmedi,belirsiz,incelenmedi,belirsiz,incelenmedi,belirsiz,incelenmedi,belirsiz,incelenmedi,belirsiz,incelenmedi,belirsiz,incelenmedi,belirsiz,incelenmedi,test edilecek,DISLANDI,"K2: son commit 2023-05-18 < 2024-09-23 | K5[E2]: eşik altı (★109, aylık None, bağımlı None, toplam None)",
JOSE-020,JOSE,poco,C++,C/C++,kaynak,,https://github.com/pocoproject/poco,JWT,J,jwt.io libraries-next.json@60b70f7 [c-plus-plus],,kullanılmadı (tek-depo; depo ★9483),2026-09-24,9280fcd81f3a6e14fc4a50cbb8ec63ebe2fbcbbc,git HEAD (varsayılan dal),,,non-standard,deps.dev (geçersiz),,,,,,6.4,False,0.0,,,,,"rs256,rs384,rs512,es256,es384,es512",,belirsiz,incelenmedi,belirsiz,incelenmedi,belirsiz,incelenmedi,belirsiz,incelenmedi,belirsiz,incelenmedi,belirsiz,incelenmedi,belirsiz,incelenmedi,belirsiz,incelenmedi,test edilecek,DISLANDI,"K4: açık lisans doğrulanamadı (non-standard; kaynak: deps.dev (geçersiz)) | K5[E2]: eşik altı (★None, aylık None, bağımlı None, toplam None)",çok modüllü depo (Poco::JWT); birim Poco::JWT; depo genel C++ çerçevesi
JOSE-021,JOSE,jwt-cfml,CFML,Diğer,kaynak,,https://github.com/jcberquist/jwt-cfml,,J,jwt.io libraries-next.json@60b70f7 [cfml],38,ecosyste.ms,2025-03-05,243b2bacfbc94cb836ba1ff6d9e406b7f080b795,git HEAD (varsayılan dal),,,mit,ecosyste.ms,,,,,,,False,0.1971,0.1971,,,,"rs256,rs384,rs512,es256,es384,es512",,belirsiz,incelenmedi,belirsiz,incelenmedi,belirsiz,incelenmedi,belirsiz,incelenmedi,belirsiz,incelenmedi,belirsiz,incelenmedi,belirsiz,incelenmedi,belirsiz,incelenmedi,test edilecek,DISLANDI,"K5[E2]: eşik altı (★38, aylık None, bağımlı None, toplam None)",
JOSE-022,JOSE,buddy,Clojure,JVM,clojars,funcool/buddy,https://github.com/funcool/buddy,,J,jwt.io libraries-next.json@60b70f7 [clojure],844,deps.dev,2021-05-02,d29cf954106b2b8daee1c24036a6d05c423afd4c,git HEAD (varsayılan dal),,,Apache-2.0,deps.dev,,,,,,,False,0.7837,0.7837,,,,"rs256,rs384,rs512,es256,es384,es512,ps256,ps384,ps512",,belirsiz,incelenmedi,belirsiz,incelenmedi,belirsiz,incelenmedi,belirsiz,incelenmedi,belirsiz,incelenmedi,belirsiz,incelenmedi,belirsiz,incelenmedi,belirsiz,incelenmedi,test edilecek,DISLANDI,K2: son commit 2021-05-02 < 2024-09-23,
JOSE-023,JOSE,jwt,Crystal,Diğer,kaynak,,https://github.com/crystal-community/jwt,,J,jwt.io libraries-next.json@60b70f7 [crystal],213,deps.dev,2026-06-27,e4dfc4c493f5a6c2b72ff5cff14b70e91e54a877,git HEAD (varsayılan dal),,,MIT,deps.dev,,,,,,,False,0.5529,0.5529,,,,"rs256,rs384,rs512,es256,es384,es512,ps256,ps384,ps512,eddsa,es256k",,belirsiz,incelenmedi,belirsiz,incelenmedi,belirsiz,incelenmedi,belirsiz,incelenmedi,belirsiz,incelenmedi,belirsiz,incelenmedi,belirsiz,incelenmedi,belirsiz,incelenmedi,test edilecek,uygun-disarida,,
JOSE-024,JOSE,jwtd,D,Diğer,dub,jwtd,https://github.com/olehlong/jwtd,,J,jwt.io libraries-next.json@60b70f7 [d],29,ecosyste.ms,2020-09-03,69425b7089f56ab5c6e0229d0bdc0d3ae40d5426,git HEAD (varsayılan dal),,,mit,ecosyste.ms,,,,,,,True,0.1779,0.1779,,,,"rs256,rs384,rs512,es256,es384,es512",,belirsiz,incelenmedi,belirsiz,incelenmedi,belirsiz,incelenmedi,belirsiz,incelenmedi,belirsiz,incelenmedi,belirsiz,incelenmedi,belirsiz,incelenmedi,belirsiz,incelenmedi,test edilecek,DISLANDI,"K2: son commit 2020-09-03 < 2024-09-23 | K3: depo arşivlenmiş | K5[E2]: eşik altı (★29, aylık None, bağımlı None, toplam None)",
JOSE-025,JOSE,jwt,D,Diğer,dub,jwt,https://github.com/zolamk/jwt,,J,jwt.io libraries-next.json@60b70f7 [d],5,deps.dev,2017-02-10,eea60b1f6871eaa1d19cb6a6813ef0944be4e65a,git HEAD (varsayılan dal),,,MIT,deps.dev,,,,,,,True,0.024,0.024,,,,,,belirsiz,incelenmedi,belirsiz,incelenmedi,belirsiz,incelenmedi,belirsiz,incelenmedi,belirsiz,incelenmedi,belirsiz,incelenmedi,belirsiz,incelenmedi,belirsiz,incelenmedi,test edilecek,DISLANDI,"K1: yalnız simetrik (jwt.io destek bayrakları: asimetrik alg yok) | K2: son commit 2017-02-10 < 2024-09-23 | K3: depo arşivlenmiş | K5[E2]: eşik altı (★5, aylık None, bağımlı None, toplam None)",
JOSE-026,JOSE,dart_jsonwebtoken,Dart,Diğer,pub,dart_jsonwebtoken,https://github.com/jonasroussel/dart_jsonwebtoken,,J,jwt.io libraries-next.json@60b70f7 [dart],107,ecosyste.ms,2026-09-02,a63bb00227916ceb0018e562294873607183b88e,git HEAD (varsayılan dal),3.4.1,2026-04-19,mit,ecosyste.ms,1744156,pub.dev downloadCount30Days,,61,189,,False,0.5563,0.4087,0.5179,0.5563,,"rs256,rs384,rs512,es256,es384,es512,ps256,ps384,ps512,eddsa,es256k",,belirsiz,incelenmedi,belirsiz,incelenmedi,belirsiz,incelenmedi,belirsiz,incelenmedi,belirsiz,incelenmedi,belirsiz,incelenmedi,belirsiz,incelenmedi,belirsiz,incelenmedi,test edilecek,uygun-disarida,,
JOSE-027,JOSE,delphi-jose-jwt,Delphi,Diğer,kaynak,,https://github.com/paolo-rossi/delphi-jose-jwt,,J,jwt.io libraries-next.json@60b70f7 [delphi],520,deps.dev,2026-08-20,0c538d028532414db36ec2be6f6f832ee77adb55,git HEAD (varsayılan dal),,,MIT,deps.dev,,,,,,3.5,False,0.6971,0.6971,,,,"rs256,rs384,rs512,es256,es384,es512,es256k",,belirsiz,incelenmedi,belirsiz,incelenmedi,belirsiz,incelenmedi,belirsiz,incelenmedi,belirsiz,incelenmedi,belirsiz,incelenmedi,belirsiz,incelenmedi,belirsiz,incelenmedi,test edilecek,uygun-disarida,,
JOSE-028,JOSE,mORMot,Delphi,Diğer,kaynak,,https://github.com/synopse/mORMot,,J,jwt.io libraries-next.json@60b70f7 [delphi],,kullanılmadı (tek-depo; depo ★825),2026-06-05,22e12fc67fac9b19aca23b041d2a88a4e981bb3d,git HEAD (varsayılan dal),,,,,,,,,,0.5,False,0.0,,,,,es256,,belirsiz,incelenmedi,belirsiz,incelenmedi,belirsiz,incelenmedi,belirsiz,incelenmedi,belirsiz,incelenmedi,belirsiz,incelenmedi,belirsiz,incelenmedi,belirsiz,incelenmedi,test edilecek,DISLANDI,"K4: açık lisans doğrulanamadı (yok; kaynak: -) | K5[E2]: eşik altı (★None, aylık None, bağımlı None, toplam None)",çok modüllü çerçeve; birim JWT bileşeni; depo genel Delphi/FPC çerçevesi
JOSE-029,JOSE,json_web_token_ex,Elixir,Diğer,hex,json_web_token,https://github.com/garyf/json_web_token_ex,,J,jwt.io libraries-next.json@60b70f7 [elixir],145,deps.dev,2017-07-09,17f19d246e578b977d57c4385d07a74106970bdd,git HEAD (varsayılan dal),0.2.10,2017-07-10,MIT,deps.dev,2974,hex.pm recent(90g)/3,,9,40,,False,0.476,0.476,0.0893,0.2958,,"rs256,rs384,rs512,es256,es384,es512",,belirsiz,incelenmedi,belirsiz,incelenmedi,belirsiz,incelenmedi,belirsiz,incelenmedi,belirsiz,incelenmedi,belirsiz,incelenmedi,belirsiz,incelenmedi,belirsiz,incelenmedi,test edilecek,DISLANDI,"K2: son commit 2017-07-09 < 2024-09-23 | K5[E2]: eşik altı (★145, aylık 2974, bağımlı 9, toplam None)",
JOSE-030,JOSE,joken,Elixir,Diğer,hex,joken,https://github.com/bryanjos/joken,,J,jwt.io libraries-next.json@60b70f7 [elixir],815,deps.dev,2026-08-28,b0654ecfef94b22e6d39c74c110b4ad240885c24,git HEAD (varsayılan dal),2.7.0,2026-08-28,Apache-2.0,deps.dev,648457,hex.pm recent(90g)/3,,87,578,,,0.774,0.774,0.4464,0.6408,,"rs256,rs384,rs512,es256,es384,es512,ps256,ps384,ps512,eddsa",,belirsiz,incelenmedi,belirsiz,incelenmedi,belirsiz,incelenmedi,belirsiz,incelenmedi,belirsiz,incelenmedi,belirsiz,incelenmedi,belirsiz,incelenmedi,belirsiz,incelenmedi,test edilecek,uygun-disarida,,
JOSE-031,JOSE,guardian,Elixir,Diğer,hex,guardian,https://github.com/ueberauth/guardian,,J,jwt.io libraries-next.json@60b70f7 [elixir],3514,deps.dev,2026-08-18,6e86224f9c0aaebfb7062da2aa2b0f39001cb68a,git HEAD (varsayılan dal),2.5.0,2026-08-17,MIT,deps.dev,210582,hex.pm recent(90g)/3,,31,1685,5.5,False,0.899,0.899,0.4107,0.5282,,"rs256,rs384,rs512,es256,es384,es512",,belirsiz,incelenmedi,belirsiz,incelenmedi,belirsiz,incelenmedi,belirsiz,incelenmedi,hayır,tarama:JOSE-031@6e86224f9c0a ('ml_dsa' deseni 0 eşleşme; 65 dosya),hayır,tarama:JOSE-031@6e86224f9c0a ('composite' deseni 0 eşleşme; 65 dosya),hayır,tarama:JOSE-031@6e86224f9c0a ('sd_jwt' deseni 0 eşleşme; 65 dosya),uygulanamaz,tarama:JOSE-031@6e86224f9c0a ('cose_sign' deseni 0 eşleşme; 65 dosya),test edilecek,YEDEK,,
JOSE-032,JOSE,jwerl,Erlang,Diğer,kaynak,,https://github.com/G-Corp/jwerl,,J,jwt.io libraries-next.json@60b70f7 [erlang],47,deps.dev,2022-10-22,6e778543ef7470e9e8ae32700f5e5a8cc25e00a4,git HEAD (varsayılan dal),,,,,,,,,,,False,0.2404,0.2404,,,,"rs256,rs384,rs512,es256,es384,es512",,belirsiz,incelenmedi,belirsiz,incelenmedi,belirsiz,incelenmedi,belirsiz,incelenmedi,belirsiz,incelenmedi,belirsiz,incelenmedi,belirsiz,incelenmedi,belirsiz,incelenmedi,test edilecek,DISLANDI,"K2: son commit 2022-10-22 < 2024-09-23 | K4: açık lisans doğrulanamadı (yok; kaynak: -) | K5[E2]: eşik altı (★47, aylık None, bağımlı None, toplam None)",
JOSE-033,JOSE,jwt,Go,Go,go,github.com/golang-jwt/jwt/v5,https://github.com/golang-jwt/jwt,,J,jwt.io libraries-next.json@60b70f7 [go],9225,deps.dev,2026-09-14,73c870b18e68b6e654b2b03f485aa3c9fab32cea,git HEAD (varsayılan dal),v5.3.1,2026-01-28,MIT,deps.dev,,,,4040,387,7.5,False,0.9663,0.9663,,0.9507,,"rs256,rs384,rs512,es256,es384,es512,ps256,ps384,ps512,eddsa",,hayır,https://github.com/golang-jwt/jwt/blob/73c870b18e68b6e654b2b03f485aa3c9fab32cea/parser.go#L204-L212,uygulanamaz,https://github.com/golang-jwt/jwt/blob/73c870b18e68b6e654b2b03f485aa3c9fab32cea/parser.go#L204-L212,cagri-basina,https://github.com/golang-jwt/jwt/blob/73c870b18e68b6e654b2b03f485aa3c9fab32cea/parser_option.go#L9-L16,hayır,https://github.com/golang-jwt/jwt/blob/73c870b18e68b6e654b2b03f485aa3c9fab32cea/token.go#L9-L16,hayır,tarama:JOSE-033@73c870b18e68 ('ml_dsa' deseni 0 eşleşme; 51 dosya),hayır,tarama:JOSE-033@73c870b18e68 ('composite' deseni 0 eşleşme; 51 dosya),hayır,tarama:JOSE-033@73c870b18e68 ('sd_jwt' deseni 0 eşleşme; 51 dosya),uygulanamaz,tarama:JOSE-033@73c870b18e68 ('cose_sign' deseni 0 eşleşme; 51 dosya),test edilecek,SECILDI,,
JOSE-034,JOSE,jose2go,Go,Go,go,github.com/dvsekhvalnov/jose2go,https://github.com/dvsekhvalnov/jose2go,,J,jwt.io libraries-next.json@60b70f7 [go],186,deps.dev,2026-09-08,84aab69306da1e050ff6c53499ee883ef1d61f21,git HEAD (varsayılan dal),v1.11.0,2026-09-08,MIT,deps.dev,,,,4857,3430,4.1,False,0.9648,0.5144,,0.9648,,"rs256,rs384,rs512,es256,es384,es512,ps256,ps384,ps512",,hayır,https://github.com/dvsekhvalnov/jose2go/blob/84aab69306da1e050ff6c53499ee883ef1d61f21/jose.go#L307-L322,uygulanamaz,https://github.com/dvsekhvalnov/jose2go/blob/84aab69306da1e050ff6c53499ee883ef1d61f21/jose.go#L307-L322,cagri-basina,https://github.com/dvsekhvalnov/jose2go/blob/84aab69306da1e050ff6c53499ee883ef1d61f21/README.md#L955-L968,evet,https://github.com/dvsekhvalnov/jose2go/blob/84aab69306da1e050ff6c53499ee883ef1d61f21/jose.go#L466,hayır,tarama:JOSE-034@84aab69306da ('ml_dsa' deseni 0 eşleşme; 45 dosya),hayır,tarama:JOSE-034@84aab69306da ('composite' deseni 0 eşleşme; 45 dosya),hayır,tarama:JOSE-034 (sd_jwt deseninin eşleşmeleri yalnız güvenlik politikası 'Disclosure' metni),uygulanamaz,tarama:JOSE-034@84aab69306da ('cose_sign' deseni 0 eşleşme; 45 dosya),test edilecek,SECILDI,,
JOSE-035,JOSE,jose,Go,Go,go,github.com/SermoDigital/jose,https://github.com/SermoDigital/jose,,J,jwt.io libraries-next.json@60b70f7 [go],908,deps.dev,2018-01-04,803625baeddc3526d01d321b5066029f53eafc81,git HEAD (varsayılan dal),v0.9.1,2015-10-01,MIT,deps.dev,,,,563,730,2.6,False,0.7958,0.7933,,0.7958,,"rs256,rs384,rs512,es256,es384,es512,ps256,ps384,ps512",,belirsiz,incelenmedi,belirsiz,incelenmedi,belirsiz,incelenmedi,belirsiz,incelenmedi,belirsiz,incelenmedi,belirsiz,incelenmedi,belirsiz,incelenmedi,belirsiz,incelenmedi,test edilecek,DISLANDI,K2: son commit 2018-01-04 < 2024-09-23,
JOSE-036,JOSE,jwt,Go,Go,go,github.com/robbert229/jwt,https://github.com/robbert229/jwt,,J,jwt.io libraries-next.json@60b70f7 [go],104,deps.dev,2018-11-08,5d9a261c51a5c5cb4b8821808cd26abe340f74e0,git HEAD (varsayılan dal),v2.0.0+incompatible,2018-03-07,MIT,deps.dev,,,,11,20,2.3,True,0.4014,0.399,,0.4014,,,,belirsiz,incelenmedi,belirsiz,incelenmedi,belirsiz,incelenmedi,belirsiz,incelenmedi,belirsiz,incelenmedi,belirsiz,incelenmedi,belirsiz,incelenmedi,belirsiz,incelenmedi,test edilecek,DISLANDI,"K1: yalnız simetrik (jwt.io destek bayrakları: asimetrik alg yok) | K2: son commit 2018-11-08 < 2024-09-23 | K3: depo arşivlenmiş | K5[E2]: eşik altı (★104, aylık None, bağımlı 11, toplam None)",
JOSE-037,JOSE,go-jose,Go,Go,go,gopkg.in/square/go-jose.v2,https://github.com/square/go-jose,,J,jwt.io libraries-next.json@60b70f7 [go],1955,deps.dev,2023-01-10,1e6643185afd422151c31d805734a083cf66af0b,git HEAD (varsayılan dal),v2.6.0,2021-06-05,Apache-2.0,paket kaydı,,,,8608,40168,3.4,True,0.9789,0.851,,0.9789,,"rs256,rs384,rs512,es256,es384,es512,ps256,ps384,ps512",,belirsiz,incelenmedi,belirsiz,incelenmedi,belirsiz,incelenmedi,belirsiz,incelenmedi,belirsiz,incelenmedi,belirsiz,incelenmedi,belirsiz,incelenmedi,belirsiz,incelenmedi,test edilecek,DISLANDI,K2: son commit 2023-01-10 < 2024-09-23 | K3: depo arşivlenmiş,arşivlenmiş; halefi go-jose/go-jose (H kaynağı)
JOSE-038,JOSE,jwx,Go,Go,go,github.com/lestrrat-go/jwx/v4,https://github.com/lestrrat-go/jwx,,J,jwt.io libraries-next.json@60b70f7 [go],2426,deps.dev,2026-09-21,f8e9c3f4b6214d0f921f9a86eebb84c12e4c2e28,git HEAD (varsayılan dal),v4.5.0,2026-09-08,MIT,deps.dev,,,,0,0,5.6,False,0.8798,0.8798,,0.0493,,"rs256,rs384,rs512,es256,es384,es512,ps256,ps384,ps512,eddsa,es256k",,evet,https://github.com/lestrrat-go/jwx/blob/f8e9c3f4b6214d0f921f9a86eebb84c12e4c2e28/jws/jws.go#L98-L115,belirsiz,https://github.com/lestrrat-go/jwx/blob/f8e9c3f4b6214d0f921f9a86eebb84c12e4c2e28/jws/jws.go#L222-L273,cagri-basina,https://github.com/lestrrat-go/jwx/blob/f8e9c3f4b6214d0f921f9a86eebb84c12e4c2e28/jws/jws.go#L239-L252,evet,https://github.com/lestrrat-go/jwx/blob/f8e9c3f4b6214d0f921f9a86eebb84c12e4c2e28/jws/jws.go#L703-L707,evet,https://github.com/lestrrat-go/jwx/blob/f8e9c3f4b6214d0f921f9a86eebb84c12e4c2e28/docs/10-extensions.md#L62-L68,evet,https://github.com/lestrrat-go/jwx/blob/f8e9c3f4b6214d0f921f9a86eebb84c12e4c2e28/docs/10-extensions.md#L916-L937,hayır,tarama:JOSE-038@f8e9c3f4b621 ('sd_jwt' deseni 0 eşleşme; 369 dosya),uygulanamaz,"tarama:JOSE-038 (cose_sign 1 eşleşme, JOSE kütüphanesi)",test edilecek,YEDEK,,güncel ana sürüm v4 (go.mod: module github.com/lestrrat-go/jwx/v4)
JOSE-039,JOSE,jwt-auth,Go,Go,go,github.com/adam-hanna/jwt-auth,https://github.com/adam-hanna/jwt-auth,,J,jwt.io libraries-next.json@60b70f7 [go],237,deps.dev,2021-08-01,648d06fb00920e4ff5ef5ed450436e3374944098,git HEAD (varsayılan dal),v1.2.0,2020-04-15,MIT,deps.dev,,,,0,1,2.1,False,0.5817,0.5817,,0.0493,,"rs256,rs384,rs512,es256,es384,es512",,belirsiz,incelenmedi,belirsiz,incelenmedi,belirsiz,incelenmedi,belirsiz,incelenmedi,belirsiz,incelenmedi,belirsiz,incelenmedi,belirsiz,incelenmedi,belirsiz,incelenmedi,test edilecek,DISLANDI,K2: son commit 2021-08-01 < 2024-09-23,
JOSE-040,JOSE,gojwt,Go,Go,go,github.com/nickvellios/gojwt,https://github.com/nickvellios/gojwt,,J,jwt.io libraries-next.json@60b70f7 [go],14,deps.dev,2017-01-05,8d290ff0931c0aa5c0be29e072f499723e82cf7f,git HEAD (varsayılan dal),v0.0.0-20170106001653-8d290ff0931c,2017-01-06,,,,,,0,0,,False,0.0913,0.0913,,0.0493,,,,belirsiz,incelenmedi,belirsiz,incelenmedi,belirsiz,incelenmedi,belirsiz,incelenmedi,belirsiz,incelenmedi,belirsiz,incelenmedi,belirsiz,incelenmedi,belirsiz,incelenmedi,test edilecek,DISLANDI,"K1: yalnız simetrik (jwt.io destek bayrakları: asimetrik alg yok) | K2: son commit 2017-01-05 < 2024-09-23 | K4: açık lisans doğrulanamadı (yok; kaynak: -) | K5[E2]: eşik altı (★14, aylık None, bağımlı 0, toplam None)",
JOSE-041,JOSE,jwt,Go,Go,go,github.com/gbrlsnchs/jwt/v3,https://github.com/gbrlsnchs/jwt,,J,jwt.io libraries-next.json@60b70f7 [go],448,deps.dev,2026-02-20,e2829d800f46916c1d2159f29cf3c3ed9b55f560,git HEAD (varsayılan dal),v3.0.1,2021-07-25,MIT,deps.dev,,,,362,356,2.8,True,0.7676,0.6779,,0.7676,,"rs256,rs384,rs512,es256,es384,es512,ps256,ps384,ps512",,belirsiz,incelenmedi,belirsiz,incelenmedi,belirsiz,incelenmedi,belirsiz,incelenmedi,belirsiz,incelenmedi,belirsiz,incelenmedi,belirsiz,incelenmedi,belirsiz,incelenmedi,test edilecek,DISLANDI,K3: depo arşivlenmiş,
JOSE-042,JOSE,jwt,Go,Go,go,github.com/pascaldekloe/jwt,https://github.com/pascaldekloe/jwt,,J,jwt.io libraries-next.json@60b70f7 [go],361,deps.dev,2023-04-29,70ed14cd9a27d6c833ebea013061940a3a0aa629,git HEAD (varsayılan dal),v1.12.0,2022-06-19,non-standard,deps.dev (geçersiz),,,,81,113,3.5,False,0.6394,0.6394,,0.6127,,"rs256,rs384,rs512,es256,es384,es512,ps256,ps384,ps512,eddsa",,belirsiz,incelenmedi,belirsiz,incelenmedi,belirsiz,incelenmedi,belirsiz,incelenmedi,belirsiz,incelenmedi,belirsiz,incelenmedi,belirsiz,incelenmedi,belirsiz,incelenmedi,test edilecek,DISLANDI,K2: son commit 2023-04-29 < 2024-09-23 | K4: açık lisans doğrulanamadı (non-standard; kaynak: deps.dev (geçersiz)),
JOSE-043,JOSE,sjwt,Go,Go,go,github.com/brianvoe/sjwt,https://github.com/brianvoe/sjwt,,J,jwt.io libraries-next.json@60b70f7 [go],123,deps.dev,2025-11-09,1064b861f17450404756dca179cd13cfb5ba0374,git HEAD (varsayılan dal),v1.0.0,2025-11-09,MIT,deps.dev,,,,6,15,2.8,False,0.4375,0.4375,,0.2324,,,,belirsiz,incelenmedi,belirsiz,incelenmedi,belirsiz,incelenmedi,belirsiz,incelenmedi,belirsiz,incelenmedi,belirsiz,incelenmedi,belirsiz,incelenmedi,belirsiz,incelenmedi,test edilecek,DISLANDI,"K1: yalnız simetrik (jwt.io destek bayrakları: asimetrik alg yok) | K5[E2]: eşik altı (★123, aylık None, bağımlı 6, toplam None)",
JOSE-044,JOSE,jwt,Go,Go,go,github.com/cristalhq/jwt/v5,https://github.com/cristalhq/jwt,,J,jwt.io libraries-next.json@60b70f7 [go],689,deps.dev,2024-07-10,2b29b4eef4e4fbad296c3c96b974396b133ddc32,git HEAD (varsayılan dal),v5.4.0,2023-11-08,MIT,deps.dev,,,,15,2,4.9,False,0.7356,0.7356,,0.4789,,"rs256,rs384,rs512,es256,es384,es512,ps256,ps384,ps512,eddsa",,belirsiz,incelenmedi,belirsiz,incelenmedi,belirsiz,incelenmedi,belirsiz,incelenmedi,belirsiz,incelenmedi,belirsiz,incelenmedi,belirsiz,incelenmedi,belirsiz,incelenmedi,test edilecek,DISLANDI,K2: son commit 2024-07-10 < 2024-09-23,
JOSE-045,JOSE,jwit,Go,Go,go,github.com/gilbsgilbs/jwit,https://github.com/gilbsgilbs/jwit,,J,jwt.io libraries-next.json@60b70f7 [go],5,deps.dev,2024-04-25,f1733f97afb44ff198281a836dd00779b38a497f,git HEAD (varsayılan dal),v0.1.0-beta,2020-10-02,Apache-2.0,deps.dev,,,,0,0,2.8,False,0.0493,0.024,,0.0493,,"rs256,rs384,rs512,es256,es384,es512,ps256,ps384,ps512,eddsa",,belirsiz,incelenmedi,belirsiz,incelenmedi,belirsiz,incelenmedi,belirsiz,incelenmedi,belirsiz,incelenmedi,belirsiz,incelenmedi,belirsiz,incelenmedi,belirsiz,incelenmedi,test edilecek,DISLANDI,"K2: son commit 2024-04-25 < 2024-09-23 | K5[E2]: eşik altı (★5, aylık None, bağımlı 0, toplam None)",
JOSE-046,JOSE,jwt,Go,Go,go,github.com/kataras/jwt,https://github.com/kataras/jwt,,J,jwt.io libraries-next.json@60b70f7 [go],212,deps.dev,2026-09-13,87a77ffc01bc564a5a31b8b6181399b8cb2adf05,git HEAD (varsayılan dal),v0.3.0,2026-08-21,MIT,deps.dev,,,,162,374,4.2,False,0.669,0.5433,,0.669,,"rs256,rs384,rs512,es256,es384,es512,ps256,ps384,ps512,eddsa",,belirsiz,incelenmedi,belirsiz,incelenmedi,belirsiz,incelenmedi,belirsiz,incelenmedi,belirsiz,incelenmedi,belirsiz,incelenmedi,belirsiz,incelenmedi,belirsiz,incelenmedi,test edilecek,uygun-disarida,,
JOSE-047,JOSE,grails-security-stateless,Groovy,JVM,maven,org.grails.plugins:security-stateless,https://github.com/kaleidos/grails-security-stateless,,J,jwt.io libraries-next.json@60b70f7 [groovy],17,deps.dev,2016-03-28,a35fe41b78c805fae841146973e4b4d9ae563388,git HEAD (varsayılan dal),,,Apache-2.0,deps.dev,,,,,,,False,0.125,0.125,,,,,,belirsiz,incelenmedi,belirsiz,incelenmedi,belirsiz,incelenmedi,belirsiz,incelenmedi,belirsiz,incelenmedi,belirsiz,incelenmedi,belirsiz,incelenmedi,belirsiz,incelenmedi,test edilecek,DISLANDI,"K1: yalnız simetrik (jwt.io destek bayrakları: asimetrik alg yok) | K2: son commit 2016-03-28 < 2024-09-23 | K5[E2]: eşik altı (★17, aylık None, bağımlı None, toplam None)",
JOSE-048,JOSE,HarbourJwt,Harbour,Diğer,kaynak,,https://github.com/matteobaccan/HarbourJwt,,J,jwt.io libraries-next.json@60b70f7 [harbour],10,ecosyste.ms,2026-06-19,e2fa59753ec2a6f7328d50db66722ae726f2349e,git HEAD (varsayılan dal),,,gpl-3.0,ecosyste.ms,,,,,,,False,0.0625,0.0625,,,,,,belirsiz,incelenmedi,belirsiz,incelenmedi,belirsiz,incelenmedi,belirsiz,incelenmedi,belirsiz,incelenmedi,belirsiz,incelenmedi,belirsiz,incelenmedi,belirsiz,incelenmedi,test edilecek,DISLANDI,"K1: yalnız simetrik (jwt.io destek bayrakları: asimetrik alg yok) | K5[E2]: eşik altı (★10, aylık None, bağımlı None, toplam None)",
JOSE-049,JOSE,haskell-jwt,Haskell,Diğer,hackage,jwt,https://bitbucket.org/puffnfresh/haskell-jwt,,J,jwt.io libraries-next.json@60b70f7 [haskell],,bitbucket (yıldız yok),,,,0.11.0,2021-12-10,MIT,paket kaydı,,,,9,240,,,0.2958,,,0.2958,,,,belirsiz,incelenmedi,belirsiz,incelenmedi,belirsiz,incelenmedi,belirsiz,incelenmedi,belirsiz,incelenmedi,belirsiz,incelenmedi,belirsiz,incelenmedi,belirsiz,incelenmedi,test edilecek,DISLANDI,"K1: yalnız simetrik (jwt.io destek bayrakları: asimetrik alg yok) | K2: son commit tarihi alınamadı | K5[E2]: eşik altı (★None, aylık None, bağımlı 9, toplam None)",
JOSE-050,JOSE,hs-jose,Haskell,Diğer,hackage,jose,https://github.com/frasertweedale/hs-jose,,J,jwt.io libraries-next.json@60b70f7 [haskell],136,deps.dev,2026-06-06,ffd6a66c2e2844ec5e506806963f4e46accf1ae9,git HEAD (varsayılan dal),0.8.5,2021-09-21,Apache-2.0,deps.dev,,,,11,80,,False,0.4567,0.4567,,0.4014,,"rs256,rs384,rs512,es256,es384,es512,ps256,ps384,ps512",,belirsiz,incelenmedi,belirsiz,incelenmedi,belirsiz,incelenmedi,belirsiz,incelenmedi,belirsiz,incelenmedi,belirsiz,incelenmedi,belirsiz,incelenmedi,belirsiz,incelenmedi,test edilecek,DISLANDI,"K5[E2]: eşik altı (★136, aylık None, bağımlı 11, toplam None)",
JOSE-051,JOSE,jsonwebtoken,Haxe,Diğer,haxelib,jsonwebtoken,https://github.com/kevinresol/jsonwebtoken,,J,jwt.io libraries-next.json@60b70f7 [haxe],27,ecosyste.ms,2021-12-14,e8be53111badb19f3914d8d8f6179330ed56526f,git HEAD (varsayılan dal),,,mit,ecosyste.ms,,,,,,,False,0.1683,0.1683,,,,,,belirsiz,incelenmedi,belirsiz,incelenmedi,belirsiz,incelenmedi,belirsiz,incelenmedi,belirsiz,incelenmedi,belirsiz,incelenmedi,belirsiz,incelenmedi,belirsiz,incelenmedi,test edilecek,DISLANDI,"K1: yalnız simetrik (jwt.io destek bayrakları: asimetrik alg yok) | K2: son commit 2021-12-14 < 2024-09-23 | K5[E2]: eşik altı (★27, aylık None, bağımlı None, toplam None)",
JOSE-052,JOSE,java-jwt,Java,JVM,maven,com.auth0:java-jwt,https://github.com/auth0/java-jwt,,J,jwt.io libraries-next.json@60b70f7 [java],6236,deps.dev,2026-09-08,29f252b2d6fea74df6576803d5fce5f6d6799cf3,git HEAD (varsayılan dal),4.6.1,2026-09-09,MIT,deps.dev,,,,731,16004,7.3,False,0.9375,0.9375,,0.8451,,"rs256,rs384,rs512,es256,es384,es512",,hayır,https://github.com/auth0/java-jwt/blob/29f252b2d6fea74df6576803d5fce5f6d6799cf3/lib/src/main/java/com/auth0/jwt/TokenUtils.java#L8-L45,uygulanamaz,https://github.com/auth0/java-jwt/blob/29f252b2d6fea74df6576803d5fce5f6d6799cf3/lib/src/main/java/com/auth0/jwt/TokenUtils.java#L8-L45,cagri-basina,https://github.com/auth0/java-jwt/blob/29f252b2d6fea74df6576803d5fce5f6d6799cf3/lib/src/main/java/com/auth0/jwt/JWTVerifier.java#L475-L479,evet,https://github.com/auth0/java-jwt/blob/29f252b2d6fea74df6576803d5fce5f6d6799cf3/lib/src/main/java/com/auth0/jwt/JWTVerifier.java#L475-L479,hayır,tarama:JOSE-052@29f252b2d6fe ('ml_dsa' deseni 0 eşleşme; 82 dosya),hayır,tarama:JOSE-052@29f252b2d6fe ('composite' deseni 0 eşleşme; 82 dosya),hayır,tarama:JOSE-052 (sd_jwt deseninin eşleşmeleri yalnız güvenlik politikası 'Disclosure' metni),uygulanamaz,tarama:JOSE-052@29f252b2d6fe ('cose_sign' deseni 0 eşleşme; 82 dosya),test edilecek,SECILDI,,
JOSE-053,JOSE,jose4j,Java,JVM,maven,org.bitbucket.b_c:jose4j,https://bitbucket.org/b_c/jose4j,,J,jwt.io libraries-next.json@60b70f7 [java],,bitbucket (yıldız yok),2026-09-09,c01ded30a1f9e01d27a3b2717394c9876c8b1698,git HEAD (varsayılan dal),0.9.7,2026-09-09,Apache-2.0,paket kaydı,,,,326,1815,,False,0.7535,,,0.7535,,"rs256,rs384,rs512,es256,es384,es512,ps256,ps384,ps512,eddsa,es256k",,belirsiz,incelenmedi,belirsiz,incelenmedi,belirsiz,incelenmedi,belirsiz,incelenmedi,belirsiz,incelenmedi,belirsiz,incelenmedi,belirsiz,incelenmedi,belirsiz,incelenmedi,test edilecek,uygun-disarida,,
JOSE-054,JOSE,nimbus-jose-jwt,Java,JVM,maven,com.nimbusds:nimbus-jose-jwt,https://bitbucket.org/connect2id/nimbus-jose-jwt,,J,jwt.io libraries-next.json@60b70f7 [java],,bitbucket (yıldız yok),2026-09-17,ef3ddf236c93a2dfea3bd137f678bfec07acaf1c,git HEAD (varsayılan dal),10.10,2026-09-17,Apache-2.0,paket kaydı,,,,806,6282,,False,0.8662,,,0.8662,,"rs256,rs384,rs512,es256,es384,es512,ps256,ps384,ps512",,evet,https://bitbucket.org/connect2id/nimbus-jose-jwt/src/ef3ddf236c93a2dfea3bd137f678bfec07acaf1c/src/main/java/com/nimbusds/jose/JWSObjectJSON.java#lines-380:396,uygulamaya-birakilmis,https://bitbucket.org/connect2id/nimbus-jose-jwt/src/ef3ddf236c93a2dfea3bd137f678bfec07acaf1c/src/main/java/com/nimbusds/jose/JWSObjectJSON.java#lines-198:249,cagri-basina,https://bitbucket.org/connect2id/nimbus-jose-jwt/src/ef3ddf236c93a2dfea3bd137f678bfec07acaf1c/src/main/java/com/nimbusds/jose/proc/JWSVerificationKeySelector.java#lines-76:98,evet,https://bitbucket.org/connect2id/nimbus-jose-jwt/src/ef3ddf236c93a2dfea3bd137f678bfec07acaf1c/src/main/java/com/nimbusds/jose/jwk/JWKMatcher.java#lines-1312:1338,hayır,https://bitbucket.org/connect2id/nimbus-jose-jwt/src/ef3ddf236c93a2dfea3bd137f678bfec07acaf1c/src/main/java/com/nimbusds/jose/JWSAlgorithm.java#lines-67:162,hayır,tarama:JOSE-054@ef3ddf236c93 ('composite' deseni 0 eşleşme; 517 dosya),hayır,tarama:JOSE-054@ef3ddf236c93 ('sd_jwt' deseni 0 eşleşme; 517 dosya),uygulanamaz,tarama:JOSE-054@ef3ddf236c93 ('cose_sign' deseni 0 eşleşme; 517 dosya),test edilecek,YEDEK,,
JOSE-055,JOSE,jjwt,Java,JVM,maven,io.jsonwebtoken:jjwt-api,https://github.com/jwtk/jjwt,,J,jwt.io libraries-next.json@60b70f7 [java],11137,deps.dev,2026-09-03,fb71496164c71442d08adec4571d9616ed5e1b8d,git HEAD (varsayılan dal),0.13.0,2025-08-20,Apache-2.0,deps.dev,,,,683,21817,5.1,False,0.9856,0.9856,,0.8099,,"rs256,rs384,rs512,es256,es384,es512,ps256,ps384,ps512",,hayır,https://github.com/jwtk/jjwt/blob/fb71496164c71442d08adec4571d9616ed5e1b8d/README.adoc#L254-L258,uygulanamaz,https://github.com/jwtk/jjwt/blob/fb71496164c71442d08adec4571d9616ed5e1b8d/README.adoc#L254-L258,cagri-basina,https://github.com/jwtk/jjwt/blob/fb71496164c71442d08adec4571d9616ed5e1b8d/api/src/main/java/io/jsonwebtoken/JwtParserBuilder.java#L645-L685,evet,https://github.com/jwtk/jjwt/blob/fb71496164c71442d08adec4571d9616ed5e1b8d/impl/src/main/java/io/jsonwebtoken/impl/security/AbstractSignatureAlgorithm.java#L42-L48,hayır,tarama:JOSE-055@fb71496164c7 ('ml_dsa' deseni 0 eşleşme; 416 dosya),hayır,tarama:JOSE-055@fb71496164c7 ('composite' deseni 0 eşleşme; 416 dosya),hayır,tarama:JOSE-055@fb71496164c7 ('sd_jwt' deseni 0 eşleşme; 416 dosya),uygulanamaz,tarama:JOSE-055@fb71496164c7 ('cose_sign' deseni 0 eşleşme; 416 dosya),test edilecek,SECILDI,,jwt.io jjwt-root (POM) veriyor; API yapıtı jjwt-api
JOSE-056,JOSE,fusionauth-jwt,Java,JVM,maven,io.fusionauth:fusionauth-jwt,https://github.com/fusionauth/fusionauth-jwt,,J,jwt.io libraries-next.json@60b70f7 [java],201,deps.dev,2026-07-15,1c82711220c20e7d73197f881d5915edb94fec0d,git HEAD (varsayılan dal),7.0.0,2026-07-15,Apache-2.0,deps.dev,,,,12,62,4.1,False,0.5337,0.5337,,0.4366,,"rs256,rs384,rs512,es256,es384,es512,ps256,ps384,ps512",,belirsiz,incelenmedi,belirsiz,incelenmedi,belirsiz,incelenmedi,belirsiz,incelenmedi,belirsiz,incelenmedi,belirsiz,incelenmedi,belirsiz,incelenmedi,belirsiz,incelenmedi,test edilecek,uygun-disarida,,
JOSE-057,JOSE,vertx-auth,Java,JVM,maven,io.vertx:vertx-auth-jwt,https://github.com/vert-x3/vertx-auth,vertx-auth-jwt,J,jwt.io libraries-next.json@60b70f7 [java],19,deps.dev,2026-09-18,485d011db0fbd505fdec959ee403b3b9424c1ed2,git HEAD (varsayılan dal),5.2.0,2026-09-19,Apache-2.0,deps.dev,,,,62,357,,False,0.5704,0.149,,0.5704,,"rs256,rs384,rs512,es256,es384,es512",,belirsiz,incelenmedi,belirsiz,incelenmedi,belirsiz,incelenmedi,belirsiz,incelenmedi,belirsiz,incelenmedi,belirsiz,incelenmedi,belirsiz,incelenmedi,belirsiz,incelenmedi,test edilecek,DISLANDI,"K5[E2]: eşik altı (★19, aylık None, bağımlı 62, toplam None)",çok modüllü depo
JOSE-058,JOSE,inverno-security-jose,Java,JVM,maven,io.inverno.mod:inverno-security-jose,https://github.com/inverno-io/inverno-mods,inverno-security-jose,J,jwt.io libraries-next.json@60b70f7 [java],14,deps.dev,2025-02-27,99a05f1ef5e1d9ff09916fc9a662ad56acd9542a,git HEAD (varsayılan dal),1.13.0,2025-02-27,Apache-2.0,deps.dev,,,,1,3,2.8,False,0.1127,0.0913,,0.1127,,"rs256,rs384,rs512,es256,es384,es512,ps256,ps384,ps512,eddsa,es256k",,belirsiz,incelenmedi,belirsiz,incelenmedi,belirsiz,incelenmedi,belirsiz,incelenmedi,belirsiz,incelenmedi,belirsiz,incelenmedi,belirsiz,incelenmedi,belirsiz,incelenmedi,test edilecek,DISLANDI,"K5[E2]: eşik altı (★14, aylık None, bağımlı 1, toplam None)",çok modüllü depo
JOSE-059,JOSE,jsrsasign,JavaScript,JS/TS,npm,jsrsasign,https://github.com/kjur/jsrsasign,,J,jwt.io libraries-next.json@60b70f7 [javascript],3369,deps.dev,2026-08-19,c1b8432c913f19c75e6a48f2722e9c3647bfed04,git HEAD (varsayılan dal),11.1.5,2026-08-14,MIT,paket kaydı,4800921,npm last-month,,731,8042,4.2,False,0.8894,0.8894,0.5893,0.8451,,"rs256,rs384,rs512,es256,es384",,belirsiz,incelenmedi,belirsiz,incelenmedi,belirsiz,incelenmedi,belirsiz,incelenmedi,hayır,tarama:JOSE-059@c1b8432c913f ('ml_dsa' deseni 0 eşleşme; 141 dosya),hayır,tarama:JOSE-059@c1b8432c913f ('composite' deseni 0 eşleşme; 141 dosya),hayır,tarama:JOSE-059 (sd_jwt deseninin eşleşmeleri yalnız güvenlik politikası 'Disclosure' metni),uygulanamaz,tarama:JOSE-059@c1b8432c913f ('cose_sign' deseni 0 eşleşme; 141 dosya),test edilecek,YEDEK,,paket durumu: deprecated
JOSE-060,JOSE,node-jose,JavaScript,JS/TS,npm,node-jose,https://github.com/cisco/node-jose,,J,jwt.io libraries-next.json@60b70f7 [javascript],719,deps.dev,2023-02-16,37db9e5371dc9a0557767a6a0190e2b0ab5cf3b6,git HEAD (varsayılan dal),2.2.0,2023-02-16,Apache-2.0,deps.dev,3932633,npm last-month,,319,2692,4.6,False,0.7452,0.7452,0.5536,0.7394,,"rs256,rs384,rs512,es256,es384,es512,ps256,ps384,ps512",,belirsiz,incelenmedi,belirsiz,incelenmedi,belirsiz,incelenmedi,belirsiz,incelenmedi,belirsiz,incelenmedi,belirsiz,incelenmedi,belirsiz,incelenmedi,belirsiz,incelenmedi,test edilecek,DISLANDI,K2: son commit 2023-02-16 < 2024-09-23,
JOSE-061,JOSE,jwt.q,kdb+/Q,Diğer,kaynak,,https://github.com/tjcelaya/jwt.q,,J,jwt.io libraries-next.json@60b70f7 [kdb-q],7,ecosyste.ms,2015-07-24,611cae555712dbd7abc3e5b6805f9b475de3bcc1,git HEAD (varsayılan dal),,,,,,,,,,,False,0.0433,0.0433,,,,,,belirsiz,incelenmedi,belirsiz,incelenmedi,belirsiz,incelenmedi,belirsiz,incelenmedi,belirsiz,incelenmedi,belirsiz,incelenmedi,belirsiz,incelenmedi,belirsiz,incelenmedi,test edilecek,DISLANDI,"K1: yalnız simetrik (jwt.io destek bayrakları: asimetrik alg yok) | K2: son commit 2015-07-24 < 2024-09-23 | K4: açık lisans doğrulanamadı (yok; kaynak: -) | K5[E2]: eşik altı (★7, aylık None, bağımlı None, toplam None)",
JOSE-062,JOSE,JWT,Kotlin,JVM,maven,com.github.PhilJay:JWT,https://github.com/PhilJay/JWT,,J,jwt.io libraries-next.json@60b70f7 [kotlin],61,ecosyste.ms,2022-03-03,76b4a74a2f53242505f5a596e012ed026fe39897,git HEAD (varsayılan dal),,,apache-2.0,ecosyste.ms,,,,,,,False,0.3125,0.3125,,,,es256,,belirsiz,incelenmedi,belirsiz,incelenmedi,belirsiz,incelenmedi,belirsiz,incelenmedi,belirsiz,incelenmedi,belirsiz,incelenmedi,belirsiz,incelenmedi,belirsiz,incelenmedi,test edilecek,DISLANDI,"K2: son commit 2022-03-03 < 2024-09-23 | K5[E2]: eşik altı (★61, aylık None, bağımlı None, toplam None)",
JOSE-063,JOSE,kJWT,Kotlin,JVM,maven,io.github.nefilim.kjwt:kjwt-core,https://github.com/nefilim/kJWT,,J,jwt.io libraries-next.json@60b70f7 [kotlin],94,deps.dev,2025-02-08,4fca24e47bcf8255416fb3132a84af9ead6bc3f2,git HEAD (varsayılan dal),1.0.0,2025-02-08,GPL-3.0,deps.dev,,,,3,4,,False,0.3894,0.3894,,0.169,,"rs256,rs384,rs512,es256,es384,es512,es256k",,belirsiz,incelenmedi,belirsiz,incelenmedi,belirsiz,incelenmedi,belirsiz,incelenmedi,belirsiz,incelenmedi,belirsiz,incelenmedi,belirsiz,incelenmedi,belirsiz,incelenmedi,test edilecek,DISLANDI,"K5[E2]: eşik altı (★94, aylık None, bağımlı 3, toplam None)",
JOSE-064,JOSE,lua-resty-jwt,Lua,Diğer,luarocks,lua-resty-jwt,https://github.com/cdbattags/lua-resty-jwt,,J,jwt.io libraries-next.json@60b70f7 [lua],159,deps.dev,2026-03-03,3973e402d835631de292c6e4cca52e728f02c24a,git HEAD (varsayılan dal),,,Apache-2.0,deps.dev,,,,,,,False,0.4856,0.4856,,,,"rs256,rs384,rs512,es256,es384,es512,ps256,ps384,ps512,eddsa",,belirsiz,incelenmedi,belirsiz,incelenmedi,belirsiz,incelenmedi,belirsiz,incelenmedi,belirsiz,incelenmedi,belirsiz,incelenmedi,belirsiz,incelenmedi,belirsiz,incelenmedi,test edilecek,DISLANDI,"K5[E2]: eşik altı (★159, aylık None, bağımlı None, toplam None)",fork
JOSE-065,JOSE,node-jsonwebtoken,Node.js,JS/TS,npm,jsonwebtoken,https://github.com/auth0/node-jsonwebtoken,,J,jwt.io libraries-next.json@60b70f7 [node-js],18193,deps.dev,2026-06-25,b924272f29192e12926b5414546f7c5bfcc9579d,git HEAD (varsayılan dal),9.0.3,2025-12-04,MIT,deps.dev,204629730,npm last-month,,21931,718942,5.4,False,0.9952,0.9952,0.9107,0.993,,"rs256,rs384,rs512,es256,es384,es512,ps256,ps384,ps512",,hayır,https://github.com/auth0/node-jsonwebtoken/blob/b924272f29192e12926b5414546f7c5bfcc9579d/verify.js#L67-L70,uygulanamaz,https://github.com/auth0/node-jsonwebtoken/blob/b924272f29192e12926b5414546f7c5bfcc9579d/verify.js#L67-L70,cagri-basina,https://github.com/auth0/node-jsonwebtoken/blob/b924272f29192e12926b5414546f7c5bfcc9579d/verify.js#L132-L145,evet,https://github.com/auth0/node-jsonwebtoken/blob/b924272f29192e12926b5414546f7c5bfcc9579d/lib/validateAsymmetricKey.js#L4-L30,hayır,tarama:JOSE-065@b924272f2919 ('ml_dsa' deseni 0 eşleşme; 48 dosya),hayır,tarama:JOSE-065@b924272f2919 ('composite' deseni 0 eşleşme; 48 dosya),hayır,tarama:JOSE-065 (sd_jwt deseninin eşleşmeleri yalnız güvenlik politikası 'Disclosure' metni),uygulanamaz,tarama:JOSE-065@b924272f2919 ('cose_sign' deseni 0 eşleşme; 48 dosya),test edilecek,SECILDI,,
JOSE-066,JOSE,aws-jwt-verify,Node.js,JS/TS,npm,aws-jwt-verify,https://github.com/awslabs/aws-jwt-verify,,J,jwt.io libraries-next.json@60b70f7 [node-js],746,deps.dev,2026-08-27,8f8352630a3ba5d07a4e364b1425b032597f66d8,git HEAD (varsayılan dal),5.2.1,2026-06-05,Apache-2.0,deps.dev,4854450,npm last-month,,74,171,,False,0.7548,0.7548,0.625,0.5986,,"rs256,rs384,rs512",,belirsiz,incelenmedi,belirsiz,incelenmedi,belirsiz,incelenmedi,belirsiz,incelenmedi,belirsiz,incelenmedi,belirsiz,incelenmedi,belirsiz,incelenmedi,belirsiz,incelenmedi,test edilecek,uygun-disarida,,
JOSE-067,JOSE,JWT,Objective-C,Swift/ObjC,cocoapods,JWT,https://github.com/yourkarma/JWT,,J,jwt.io libraries-next.json@60b70f7 [objective-c],356,deps.dev,2022-02-06,8414cafd06843addf1ce9a63417386f25b2a6e20,git HEAD (varsayılan dal),2.2.0,2016-11-05,MIT,deps.dev,,,,17,536,3,False,0.6298,0.6298,,0.5141,,"rs256,rs384,rs512,es256,es384,es512",,belirsiz,incelenmedi,belirsiz,incelenmedi,belirsiz,incelenmedi,belirsiz,incelenmedi,belirsiz,incelenmedi,belirsiz,incelenmedi,belirsiz,incelenmedi,belirsiz,incelenmedi,test edilecek,DISLANDI,"K2: son commit 2022-02-06 < 2024-09-23 | K6: yalnız iOS/macOS: JWT.podspec L22-23 (ios/osx deployment_target), L30 s.framework = 'Security' (https://github.com/yourkarma/JWT/blob/HEAD/JWT.podspec)",
JOSE-068,JOSE,reason-jose,OCaml,Diğer,opam,jose,https://github.com/ulrikstrid/reason-jose,,J,jwt.io libraries-next.json@60b70f7 [ocaml],55,deps.dev,2026-09-23,8c9c0d87e7ec6b0237714689bde955dcc361bc2f,git HEAD (varsayılan dal),,,MIT,deps.dev,,,,,,,,0.2933,0.2933,,,,rs256,,belirsiz,incelenmedi,belirsiz,incelenmedi,belirsiz,incelenmedi,belirsiz,incelenmedi,belirsiz,incelenmedi,belirsiz,incelenmedi,belirsiz,incelenmedi,belirsiz,incelenmedi,test edilecek,DISLANDI,"K5[E2]: eşik altı (★55, aylık None, bağımlı None, toplam None)",
JOSE-069,JOSE,perl-Crypt-JWT,Perl,Diğer,cpan,Crypt::JWT,https://github.com/DCIT/perl-Crypt-JWT,,J,jwt.io libraries-next.json@60b70f7 [perl],54,deps.dev,2026-05-16,5e5d53957be5bba90b38184041674261365b53b9,git HEAD (varsayılan dal),,,non-standard,deps.dev (geçersiz),,,,,,,False,0.2837,0.2837,,,,"rs256,rs384,rs512,es256,es384,es512,ps256,ps384,ps512,eddsa,es256k",,belirsiz,incelenmedi,belirsiz,incelenmedi,belirsiz,incelenmedi,belirsiz,incelenmedi,belirsiz,incelenmedi,belirsiz,incelenmedi,belirsiz,incelenmedi,belirsiz,incelenmedi,test edilecek,DISLANDI,"K4: açık lisans doğrulanamadı (non-standard; kaynak: deps.dev (geçersiz)) | K5[E2]: eşik altı (★54, aylık None, bağımlı None, toplam None)",
JOSE-070,JOSE,php-jwt,PHP,PHP,packagist,firebase/php-jwt,https://github.com/firebase/php-jwt,,J,jwt.io libraries-next.json@60b70f7 [php],9809,deps.dev,2026-09-21,f502cdbf279cd7532060b041f7c22a05208c0b93,git HEAD (varsayılan dal),v7.2.0,2026-09-21,BSD-3-Clause,deps.dev,14199510,packagist monthly,515926346,1772,44890,6.2,,0.976,0.976,0.6964,0.9225,,"rs256,rs384,rs512,es256,es384,eddsa",,hayır,https://github.com/firebase/php-jwt/blob/f502cdbf279cd7532060b041f7c22a05208c0b93/src/JWT.php#L111-L113,uygulanamaz,https://github.com/firebase/php-jwt/blob/f502cdbf279cd7532060b041f7c22a05208c0b93/src/JWT.php#L111-L113,cagri-basina,https://github.com/firebase/php-jwt/blob/f502cdbf279cd7532060b041f7c22a05208c0b93/src/JWT.php#L152-L157,evet,https://github.com/firebase/php-jwt/blob/f502cdbf279cd7532060b041f7c22a05208c0b93/src/JWT.php#L155-L157,hayır,tarama:JOSE-070@f502cdbf279c ('ml_dsa' deseni 0 eşleşme; 16 dosya),hayır,tarama:JOSE-070@f502cdbf279c ('composite' deseni 0 eşleşme; 16 dosya),hayır,tarama:JOSE-070@f502cdbf279c ('sd_jwt' deseni 0 eşleşme; 16 dosya),uygulanamaz,tarama:JOSE-070@f502cdbf279c ('cose_sign' deseni 0 eşleşme; 16 dosya),test edilecek,SECILDI,,
JOSE-071,JOSE,jwt,PHP,PHP,packagist,lcobucci/jwt,https://github.com/lcobucci/jwt,,J,jwt.io libraries-next.json@60b70f7 [php],7478,deps.dev,2026-09-23,2bead08a8cc2708d20169f5e77965b0a06e9a225,git HEAD (varsayılan dal),5.6.0,2025-10-17,BSD-3-Clause,deps.dev,9808353,packagist monthly,364186881,873,61233,4.1,False,0.9471,0.9471,0.6607,0.8803,,"rs256,rs384,rs512,es256,es384,es512,eddsa",,hayır,https://github.com/lcobucci/jwt/blob/2bead08a8cc2708d20169f5e77965b0a06e9a225/src/Token/Parser.php#L60-L64,uygulanamaz,https://github.com/lcobucci/jwt/blob/2bead08a8cc2708d20169f5e77965b0a06e9a225/src/Token/Parser.php#L60-L64,cagri-basina,https://github.com/lcobucci/jwt/blob/2bead08a8cc2708d20169f5e77965b0a06e9a225/src/Validation/Constraint/SignedWith.php#L14-L25,evet,https://github.com/lcobucci/jwt/blob/2bead08a8cc2708d20169f5e77965b0a06e9a225/src/Validation/Constraint/SignedWith.php#L14-L25,hayır,tarama:JOSE-071@2bead08a8cc2 ('ml_dsa' deseni 0 eşleşme; 155 dosya),hayır,tarama:JOSE-071@2bead08a8cc2 ('composite' deseni 0 eşleşme; 155 dosya),hayır,tarama:JOSE-071@2bead08a8cc2 ('sd_jwt' deseni 0 eşleşme; 155 dosya),uygulanamaz,tarama:JOSE-071@2bead08a8cc2 ('cose_sign' deseni 0 eşleşme; 155 dosya),test edilecek,SECILDI,,
JOSE-072,JOSE,jwt,PHP,PHP,packagist,emarref/jwt,https://github.com/emarref/jwt,,J,jwt.io libraries-next.json@60b70f7 [php],92,deps.dev,2017-09-13,f2dbfd9ec7138fe4083d51b250b09ef826b42b32,git HEAD (varsayılan dal),1.0.3,2016-09-05,MIT,deps.dev,5083,packagist monthly,771353,7,34,,True,0.3798,0.3798,0.125,0.2535,,"rs256,rs384,rs512",,belirsiz,incelenmedi,belirsiz,incelenmedi,belirsiz,incelenmedi,belirsiz,incelenmedi,belirsiz,incelenmedi,belirsiz,incelenmedi,belirsiz,incelenmedi,belirsiz,incelenmedi,test edilecek,DISLANDI,"K2: son commit 2017-09-13 < 2024-09-23 | K3: depo arşivlenmiş | K5[E2]: eşik altı (★92, aylık 5083, bağımlı 7, toplam 771353)",paket durumu: abandoned
JOSE-073,JOSE,jose-php,PHP,PHP,packagist,gree/jose,https://github.com/nov/jose-php,,J,jwt.io libraries-next.json@60b70f7 [php],139,deps.dev,2022-06-25,f515222563c08024a4d74cb090cde1b09723c24d,git HEAD (varsayılan dal),2.2.1,2016-09-14,MIT,paket kaydı,35851,packagist monthly,2769521,10,45,,True,0.4663,0.4663,0.3036,0.3521,,"rs256,rs384,rs512,ps256,ps384,ps512",,belirsiz,incelenmedi,belirsiz,incelenmedi,belirsiz,incelenmedi,belirsiz,incelenmedi,belirsiz,incelenmedi,belirsiz,incelenmedi,belirsiz,incelenmedi,belirsiz,incelenmedi,test edilecek,DISLANDI,"K2: son commit 2022-06-25 < 2024-09-23 | K3: depo arşivlenmiş | K5[E2]: eşik altı (★139, aylık 35851, bağımlı 10, toplam 2769521)",paket durumu: abandoned
JOSE-074,JOSE,jwt-framework,PHP,PHP,packagist,web-token/jwt-framework,https://github.com/web-token/jwt-framework,,J,jwt.io libraries-next.json@60b70f7 [php],954,deps.dev,2026-09-13,e989bb936e7764f0b295b81d0be6d5ad023e9a61,git HEAD (varsayılan dal),4.2.3,2026-09-12,MIT,deps.dev,679891,packagist monthly,22439150,50,377,4.7,False,0.8029,0.8029,0.4821,0.5423,,"rs256,rs384,rs512,es256,es384,es512,ps256,ps384,ps512,eddsa,es256k",,belirsiz,incelenmedi,belirsiz,incelenmedi,belirsiz,incelenmedi,belirsiz,incelenmedi,evet,https://github.com/web-token/jwt-framework/blob/e989bb936e7764f0b295b81d0be6d5ad023e9a61/src/Bundle/DependencyInjection/Source/Signature/SignatureSource.php#L119-L120,hayır,tarama:JOSE-074@e989bb936e77 ('composite' deseni 0 eşleşme; 714 dosya),hayır,tarama:JOSE-074@e989bb936e77 ('sd_jwt' deseni 0 eşleşme; 714 dosya),uygulanamaz,tarama:JOSE-074@e989bb936e77 ('cose_sign' deseni 0 eşleşme; 714 dosya),test edilecek,YEDEK,,
JOSE-075,JOSE,jweety,PHP,PHP,packagist,vaibhavpandeyvpz/jweety,https://github.com/vaibhavpandeyvpz/jweety,,J,jwt.io libraries-next.json@60b70f7 [php],9,deps.dev,2025-12-28,4d0e5eda94082d39143ff292c521983b1be94a76,git HEAD (varsayılan dal),2.0.0,2025-12-28,MIT,deps.dev,670,packagist monthly,24075,0,0,,False,0.0536,0.0529,0.0536,0.0493,,,,belirsiz,incelenmedi,belirsiz,incelenmedi,belirsiz,incelenmedi,belirsiz,incelenmedi,belirsiz,incelenmedi,belirsiz,incelenmedi,belirsiz,incelenmedi,belirsiz,incelenmedi,test edilecek,DISLANDI,"K1: yalnız simetrik (jwt.io destek bayrakları: asimetrik alg yok) | K5[E2]: eşik altı (★9, aylık 670, bağımlı 0, toplam 24075)",
JOSE-076,JOSE,php-jwt,PHP,PHP,kaynak,,https://github.com/cdoco/php-jwt,,J,jwt.io libraries-next.json@60b70f7 [php],227,deps.dev,2021-02-17,25bcb7685d2ded604ddf20633d35fd6939439011,git HEAD (varsayılan dal),,,non-standard,deps.dev (geçersiz),,,,,,,False,0.5721,0.5721,,,,"rs256,rs384,rs512,es256,es384,es512",,belirsiz,incelenmedi,belirsiz,incelenmedi,belirsiz,incelenmedi,belirsiz,incelenmedi,belirsiz,incelenmedi,belirsiz,incelenmedi,belirsiz,incelenmedi,belirsiz,incelenmedi,test edilecek,DISLANDI,K2: son commit 2021-02-17 < 2024-09-23 | K4: açık lisans doğrulanamadı (non-standard; kaynak: deps.dev (geçersiz)),
JOSE-077,JOSE,jwt,PHP,PHP,packagist,adhocore/jwt,https://github.com/adhocore/jwt,,J,jwt.io libraries-next.json@60b70f7 [php],300,ecosyste.ms,2026-08-26,2bc2209607b81fcea769f16022d8b18a084b66fa,git HEAD (varsayılan dal),v1.1.4,2026-05-30,mit,ecosyste.ms,171563,packagist monthly,2194722,16,129,,False,0.6202,0.6202,0.375,0.5,,"rs256,rs384,rs512",,belirsiz,incelenmedi,belirsiz,incelenmedi,belirsiz,incelenmedi,belirsiz,incelenmedi,belirsiz,incelenmedi,belirsiz,incelenmedi,belirsiz,incelenmedi,belirsiz,incelenmedi,test edilecek,uygun-disarida,,
JOSE-078,JOSE,php-jwt,PHP,PHP,packagist,miladrahimi/php-jwt,https://github.com/miladrahimi/php-jwt,,J,jwt.io libraries-next.json@60b70f7 [php],73,deps.dev,2026-08-01,fb06348f61ff727079ec6a2dfb646487d0d17910,git HEAD (varsayılan dal),v3.4.0,2026-08-01,MIT,deps.dev,5656,packagist monthly,291101,2,14,,False,0.3606,0.3606,0.1607,0.1338,,"rs256,rs384,rs512,es256,es384,es512,ps256,ps384,ps512,eddsa,es256k",,belirsiz,incelenmedi,belirsiz,incelenmedi,belirsiz,incelenmedi,belirsiz,incelenmedi,belirsiz,incelenmedi,belirsiz,incelenmedi,belirsiz,incelenmedi,belirsiz,incelenmedi,test edilecek,DISLANDI,"K5[E2]: eşik altı (★73, aylık 5656, bağımlı 2, toplam 291101)",
JOSE-079,JOSE,php-jwt,PHP,PHP,packagist,nowakowskir/php-jwt,https://github.com/nowakowskir/php-jwt,,J,jwt.io libraries-next.json@60b70f7 [php],41,deps.dev,2024-11-19,f6089eb7871cf648ed64a03dbb9e92bb78cdf330,git HEAD (varsayılan dal),2.1.1,2022-11-14,BSD-3-Clause,deps.dev,10629,packagist monthly,306828,9,20,,False,0.2958,0.2163,0.2321,0.2958,,"rs256,rs384,rs512",,belirsiz,incelenmedi,belirsiz,incelenmedi,belirsiz,incelenmedi,belirsiz,incelenmedi,belirsiz,incelenmedi,belirsiz,incelenmedi,belirsiz,incelenmedi,belirsiz,incelenmedi,test edilecek,DISLANDI,"K5[E2]: eşik altı (★41, aylık 10629, bağımlı 9, toplam 306828)",
JOSE-080,JOSE,pgjwt,PostgreSQL,Diğer,pgxn,pgjwt,https://github.com/michelp/pgjwt,,J,jwt.io libraries-next.json@60b70f7 [postgresql],443,ecosyste.ms,2023-03-02,f3d82fd30151e754e19ce5d6a06c71c20689ce3d,git HEAD (varsayılan dal),,,mit,ecosyste.ms,,,,,,,False,0.6683,0.6683,,,,,,belirsiz,incelenmedi,belirsiz,incelenmedi,belirsiz,incelenmedi,belirsiz,incelenmedi,belirsiz,incelenmedi,belirsiz,incelenmedi,belirsiz,incelenmedi,belirsiz,incelenmedi,test edilecek,DISLANDI,K1: yalnız simetrik (jwt.io destek bayrakları: asimetrik alg yok) | K2: son commit 2023-03-02 < 2024-09-23,
JOSE-081,JOSE,posh-jwt,PowerShell,Diğer,powershellgallery,JWT,https://github.com/SP3269/posh-jwt,,J,jwt.io libraries-next.json@60b70f7 [powershell],48,ecosyste.ms,2021-03-08,d706fd0fb36bfb9dcdc1c30b0b18c570ee0591fd,git HEAD (varsayılan dal),,,mit,ecosyste.ms,,,,,,,False,0.2596,0.2596,,,,rs256,,belirsiz,incelenmedi,belirsiz,incelenmedi,belirsiz,incelenmedi,belirsiz,incelenmedi,belirsiz,incelenmedi,belirsiz,incelenmedi,belirsiz,incelenmedi,belirsiz,incelenmedi,test edilecek,DISLANDI,"K2: son commit 2021-03-08 < 2024-09-23 | K5[E2]: eşik altı (★48, aylık None, bağımlı None, toplam None)",
JOSE-082,JOSE,jwtPS,PowerShell,Diğer,powershellgallery,jwtPS,https://github.com/DigitalAXPP/jwtPS,,J,jwt.io libraries-next.json@60b70f7 [powershell],18,ecosyste.ms,2023-11-10,095b59e78e51f43bd1e907670b7fc8a42fc5575d,git HEAD (varsayılan dal),,,mit,ecosyste.ms,,,,,,,False,0.1394,0.1394,,,,"rs256,rs384,rs512,es256,es384,es512",,belirsiz,incelenmedi,belirsiz,incelenmedi,belirsiz,incelenmedi,belirsiz,incelenmedi,belirsiz,incelenmedi,belirsiz,incelenmedi,belirsiz,incelenmedi,belirsiz,incelenmedi,test edilecek,DISLANDI,"K2: son commit 2023-11-10 < 2024-09-23 | K5[E2]: eşik altı (★18, aylık None, bağımlı None, toplam None)",
JOSE-083,JOSE,pyjwt,Python,Python,pypi,pyjwt,https://github.com/jpadilla/pyjwt,,J,jwt.io libraries-next.json@60b70f7 [python],5703,deps.dev,2026-09-23,1d41a6478e1562e68ff667fcd703356acf085f68,git HEAD (varsayılan dal),2.15.0,2026-09-23,MIT,deps.dev,523000144,pypistats last_month,,1012,34706,6.9,False,0.9821,0.9279,0.9821,0.8944,,"rs256,rs384,rs512,es256,es384,es512,ps256,ps384,ps512,eddsa,es256k",,hayır,https://github.com/jpadilla/pyjwt/blob/1d41a6478e1562e68ff667fcd703356acf085f68/jwt/api_jws.py#L343-L354,uygulanamaz,https://github.com/jpadilla/pyjwt/blob/1d41a6478e1562e68ff667fcd703356acf085f68/jwt/api_jws.py#L343-L354,cagri-basina,https://github.com/jpadilla/pyjwt/blob/1d41a6478e1562e68ff667fcd703356acf085f68/jwt/api_jws.py#L247-L249,evet,https://github.com/jpadilla/pyjwt/blob/1d41a6478e1562e68ff667fcd703356acf085f68/jwt/api_jws.py#L405-L414,hayır,tarama:JOSE-083@1d41a6478e15 ('ml_dsa' deseni 0 eşleşme; 43 dosya),hayır,tarama:JOSE-083@1d41a6478e15 ('composite' deseni 0 eşleşme; 43 dosya),hayır,tarama:JOSE-083@1d41a6478e15 ('sd_jwt' deseni 0 eşleşme; 43 dosya),uygulanamaz,tarama:JOSE-083@1d41a6478e15 ('cose_sign' deseni 0 eşleşme; 43 dosya),test edilecek,SECILDI,,
JOSE-084,JOSE,python-jose,Python,Python,pypi,python-jose,https://github.com/mpdavis/python-jose,,J,jwt.io libraries-next.json@60b70f7 [python],1759,deps.dev,2025-05-28,018b310ddb8b50dcfd09a0c152117835a21dd656,git HEAD (varsayılan dal),3.5.0,2025-05-28,MIT,deps.dev,30678892,pypistats last_month,,271,8519,4.5,False,0.8413,0.8413,0.8036,0.7254,,"rs256,rs384,rs512,es256,es384,es512",,hayır,https://github.com/mpdavis/python-jose/blob/018b310ddb8b50dcfd09a0c152117835a21dd656/jose/jws.py#L176-L184,uygulanamaz,https://github.com/mpdavis/python-jose/blob/018b310ddb8b50dcfd09a0c152117835a21dd656/jose/jws.py#L176-L184,cagri-basina,https://github.com/mpdavis/python-jose/blob/018b310ddb8b50dcfd09a0c152117835a21dd656/jose/jws.py#L253-L258,belirsiz,https://github.com/mpdavis/python-jose/blob/018b310ddb8b50dcfd09a0c152117835a21dd656/jose/jws.py#L212,hayır,tarama:JOSE-084@018b310ddb8b ('ml_dsa' deseni 0 eşleşme; 54 dosya),hayır,tarama:JOSE-084@018b310ddb8b ('composite' deseni 0 eşleşme; 54 dosya),hayır,tarama:JOSE-084@018b310ddb8b ('sd_jwt' deseni 0 eşleşme; 54 dosya),uygulanamaz,tarama:JOSE-084@018b310ddb8b ('cose_sign' deseni 0 eşleşme; 54 dosya),test edilecek,SECILDI,,
JOSE-085,JOSE,jwcrypto,Python,Python,pypi,jwcrypto,https://github.com/latchset/jwcrypto,,J,jwt.io libraries-next.json@60b70f7 [python],479,deps.dev,2026-09-18,14b32e7cbea50d32551a9490009bf946cec61d38,git HEAD (varsayılan dal),1.6.1,2026-09-15,LGPL-3.0,deps.dev,15813547,pypistats last_month,,86,1962,5.5,False,0.7321,0.6875,0.7321,0.6268,,"rs256,rs384,rs512,es256,es384,es512,ps256,ps384,ps512,eddsa,ed25519,ed448,es256k",,evet,https://github.com/latchset/jwcrypto/blob/14b32e7cbea50d32551a9490009bf946cec61d38/jwcrypto/jws.py#L382-L396,belirsiz,https://github.com/latchset/jwcrypto/blob/14b32e7cbea50d32551a9490009bf946cec61d38/jwcrypto/jws.py#L347-L362,cagri-basina,https://github.com/latchset/jwcrypto/blob/14b32e7cbea50d32551a9490009bf946cec61d38/jwcrypto/jws.py#L206-L223,evet,https://github.com/latchset/jwcrypto/blob/14b32e7cbea50d32551a9490009bf946cec61d38/jwcrypto/jws.py#L293-L296,evet,https://github.com/latchset/jwcrypto/blob/14b32e7cbea50d32551a9490009bf946cec61d38/jwcrypto/jwa.py#L1004-L1031,belirsiz,incelenmedi,belirsiz,incelenmedi,belirsiz,incelenmedi,test edilecek,uygun-disarida,,
JOSE-086,JOSE,authlib,Python,Python,pypi,authlib,https://github.com/lepture/authlib,,J,jwt.io libraries-next.json@60b70f7 [python],5425,deps.dev,2026-08-31,c529a61af40e3efe05286140e00fbdced07d7987,git HEAD (varsayılan dal),1.8.0,2026-08-30,BSD-3-Clause,deps.dev,102713650,pypistats last_month,,157,2180,6.4,,0.9183,0.9183,0.875,0.6549,,"rs256,rs384,rs512,es256,es384,es512,ps256,ps384,ps512,eddsa,es256k",,belirsiz,incelenmedi,belirsiz,incelenmedi,belirsiz,incelenmedi,belirsiz,incelenmedi,belirsiz,incelenmedi,belirsiz,incelenmedi,belirsiz,incelenmedi,belirsiz,incelenmedi,test edilecek,DISLANDI,"K3: authlib.jose kullanımdan kaldırıldı; çalışma zamanı uyarısı 'authlib.jose module is deprecated, please use joserfc instead' (referans/pilot/p3/p3_py_output.txt satır 1-2); halefi authlib/joserfc (H) çerçevede",authlib.jose modülü kullanımdan kaldırıldı; halefi joserfc (H kaynağı); pilot kütüphanesi (Authlib 1.8.0)
JOSE-087,JOSE,ruby-jwt,Ruby,Ruby,rubygems,jwt,https://github.com/jwt/ruby-jwt,,J,jwt.io libraries-next.json@60b70f7 [ruby],3687,deps.dev,2026-09-11,9df1393e19728cf9975cee85039e5cb7fe5fe32f,git HEAD (varsayılan dal),3.3.0,2026-09-11,MIT,deps.dev,,,815824684,695,104336,6.7,False,0.9087,0.9087,,0.8239,0.85,"rs256,rs384,rs512,es256,es384,es512,ps256,ps384,ps512",,hayır,https://github.com/jwt/ruby-jwt/blob/9df1393e19728cf9975cee85039e5cb7fe5fe32f/lib/jwt/encoded_token.rb#L36,uygulanamaz,https://github.com/jwt/ruby-jwt/blob/9df1393e19728cf9975cee85039e5cb7fe5fe32f/lib/jwt/encoded_token.rb#L36,cagri-basina,https://github.com/jwt/ruby-jwt/blob/9df1393e19728cf9975cee85039e5cb7fe5fe32f/lib/jwt/decode.rb#L56-L63,evet,https://github.com/jwt/ruby-jwt/blob/9df1393e19728cf9975cee85039e5cb7fe5fe32f/lib/jwt/jwa/ecdsa.rb#L30-L31,hayır,tarama:JOSE-087@9df1393e1972 ('ml_dsa' deseni 0 eşleşme; 94 dosya),hayır,tarama:JOSE-087@9df1393e1972 ('composite' deseni 0 eşleşme; 94 dosya),hayır,tarama:JOSE-087@9df1393e1972 ('sd_jwt' deseni 0 eşleşme; 94 dosya),uygulanamaz,tarama:JOSE-087@9df1393e1972 ('cose_sign' deseni 0 eşleşme; 94 dosya),test edilecek,SECILDI,,jwt.io eski ad; depo jwt/ruby-jwt'ye taşınmış (yeniden adlandırma)
JOSE-088,JOSE,json_web_token,Ruby,Ruby,rubygems,json_web_token,https://github.com/garyf/json_web_token,,J,jwt.io libraries-next.json@60b70f7 [ruby],60,deps.dev,2017-06-17,1ad8a182722790876aa5f85bfdd218d65e23e3fe,git HEAD (varsayılan dal),0.3.5,2017-06-17,MIT,deps.dev,,,181120,3,30,,False,0.3029,0.3029,,0.169,0.15,"rs256,rs384,rs512,es256,es384,es512",,belirsiz,incelenmedi,belirsiz,incelenmedi,belirsiz,incelenmedi,belirsiz,incelenmedi,belirsiz,incelenmedi,belirsiz,incelenmedi,belirsiz,incelenmedi,belirsiz,incelenmedi,test edilecek,DISLANDI,"K2: son commit 2017-06-17 < 2024-09-23 | K5[E2]: eşik altı (★60, aylık None, bağımlı 3, toplam 181120)",
JOSE-089,JOSE,json-jwt,Ruby,Ruby,rubygems,json-jwt,https://github.com/nov/json-jwt,,J,jwt.io libraries-next.json@60b70f7 [ruby],297,deps.dev,2026-09-15,fa5ef904013bb96da5f6fa78c0fe02dfaee862e2,git HEAD (varsayılan dal),1.17.2,2026-08-04,MIT,deps.dev,,,109972687,68,1829,4.6,False,0.75,0.6106,,0.5845,0.75,"rs256,rs384,rs512,es256,es384,es512,ps256,ps384,ps512,es256k",,evet,https://github.com/nov/json-jwt/blob/fa5ef904013bb96da5f6fa78c0fe02dfaee862e2/lib/json/jws.rb#L199-L215,belirsiz,https://github.com/nov/json-jwt/blob/fa5ef904013bb96da5f6fa78c0fe02dfaee862e2/lib/json/jws.rb#L199-L205,cagri-basina,https://github.com/nov/json-jwt/blob/fa5ef904013bb96da5f6fa78c0fe02dfaee862e2/lib/json/jws.rb#L21-L30,belirsiz,https://github.com/nov/json-jwt/blob/fa5ef904013bb96da5f6fa78c0fe02dfaee862e2/lib/json/jws.rb#L84-L87,hayır,tarama:JOSE-089@fa5ef904013b ('ml_dsa' deseni 0 eşleşme; 24 dosya),hayır,tarama:JOSE-089@fa5ef904013b ('composite' deseni 0 eşleşme; 24 dosya),hayır,tarama:JOSE-089@fa5ef904013b ('sd_jwt' deseni 0 eşleşme; 24 dosya),uygulanamaz,tarama:JOSE-089@fa5ef904013b ('cose_sign' deseni 0 eşleşme; 24 dosya),test edilecek,SECILDI,,
JOSE-090,JOSE,ruby-jose,Ruby,Ruby,rubygems,jose,https://github.com/potatosalad/ruby-jose,,J,jwt.io libraries-next.json@60b70f7 [ruby],70,deps.dev,2024-01-08,c3943f4d5237d156898a56bafef62a5e579c7a43,git HEAD (varsayılan dal),1.2.0,2024-01-08,MIT,deps.dev,,,9840898,11,24,,False,0.45,0.3462,,0.4014,0.45,"rs256,rs384,rs512,es256,es384,es512",,belirsiz,incelenmedi,belirsiz,incelenmedi,belirsiz,incelenmedi,belirsiz,incelenmedi,belirsiz,incelenmedi,belirsiz,incelenmedi,belirsiz,incelenmedi,belirsiz,incelenmedi,test edilecek,DISLANDI,K2: son commit 2024-01-08 < 2024-09-23,
JOSE-091,JOSE,rust-jwt,Rust,Rust,cargo,frank_jwt,https://github.com/GildedHonour/rust-jwt,,J,jwt.io libraries-next.json@60b70f7 [rust],251,ecosyste.ms,2025-07-12,556a9046563e8fd131aa6174da8c059acde77190,git HEAD (varsayılan dal),3.1.4,2025-07-12,apache-2.0,ecosyste.ms,8890,crates.io recent_downloads(90g)/3,,7,36,,False,0.5913,0.5913,0.1964,0.2535,,"rs256,rs384,rs512,es256,es384,es512",,hayır,https://github.com/GildedHonour/rust-jwt/blob/556a9046563e8fd131aa6174da8c059acde77190/src/lib.rs#L267-L270,uygulanamaz,https://github.com/GildedHonour/rust-jwt/blob/556a9046563e8fd131aa6174da8c059acde77190/src/lib.rs#L267-L270,cagri-basina,https://github.com/GildedHonour/rust-jwt/blob/556a9046563e8fd131aa6174da8c059acde77190/src/lib.rs#L167-L181,evet,https://github.com/GildedHonour/rust-jwt/blob/556a9046563e8fd131aa6174da8c059acde77190/src/lib.rs#L167-L181,hayır,tarama:JOSE-091@556a9046563e ('ml_dsa' deseni 0 eşleşme; 3 dosya),hayır,tarama:JOSE-091@556a9046563e ('composite' deseni 0 eşleşme; 3 dosya),hayır,tarama:JOSE-091@556a9046563e ('sd_jwt' deseni 0 eşleşme; 3 dosya),uygulanamaz,tarama:JOSE-091@556a9046563e ('cose_sign' deseni 0 eşleşme; 3 dosya),test edilecek,SECILDI,,
JOSE-092,JOSE,jsonwebtoken,Rust,Rust,cargo,jsonwebtoken,https://github.com/Keats/jsonwebtoken,,J,jwt.io libraries-next.json@60b70f7 [rust],2093,deps.dev,2026-09-16,4c0ae752e9acc108c8e2c4c8ed8128dc66014210,git HEAD (varsayılan dal),11.1.0,2026-09-16,MIT,deps.dev,16869478,crates.io recent_downloads(90g)/3,,422,1863,4.3,False,0.8606,0.8606,0.7679,0.7817,,"rs256,rs384,rs512,es256,es384,ps256,ps384,ps512",,hayır,https://github.com/Keats/jsonwebtoken/blob/4c0ae752e9acc108c8e2c4c8ed8128dc66014210/src/decoding.rs#L370-L378,uygulanamaz,https://github.com/Keats/jsonwebtoken/blob/4c0ae752e9acc108c8e2c4c8ed8128dc66014210/src/decoding.rs#L370-L378,cagri-basina,https://github.com/Keats/jsonwebtoken/blob/4c0ae752e9acc108c8e2c4c8ed8128dc66014210/src/validation.rs#L105,evet,https://github.com/Keats/jsonwebtoken/blob/4c0ae752e9acc108c8e2c4c8ed8128dc66014210/src/decoding.rs#L339-L351,hayır,https://github.com/Keats/jsonwebtoken/blob/4c0ae752e9acc108c8e2c4c8ed8128dc66014210/src/jwk.rs#L740-L760,hayır,tarama:JOSE-092@4c0ae752e9ac ('composite' deseni 0 eşleşme; 39 dosya),hayır,tarama:JOSE-092@4c0ae752e9ac ('sd_jwt' deseni 0 eşleşme; 39 dosya),uygulanamaz,tarama:JOSE-092@4c0ae752e9ac ('cose_sign' deseni 0 eşleşme; 39 dosya),test edilecek,SECILDI,,
JOSE-093,JOSE,jsonwebtoken,Rust,Rust,cargo,jsonwebtoken-rustcrypto,https://github.com/JadedBlueEyes/jsonwebtoken,,J,jwt.io libraries-next.json@60b70f7 [rust],5,deps.dev,2023-04-17,a7758b08c3b63d7308539a8e50e3dd61369644e1,git HEAD (varsayılan dal),1.2.0,2023-04-13,MIT,deps.dev,233,crates.io recent_downloads(90g)/3,,1,0,,False,0.1127,0.024,0.0179,0.1127,,"rs256,rs384,rs512,ps256,ps384,ps512",,belirsiz,incelenmedi,belirsiz,incelenmedi,belirsiz,incelenmedi,belirsiz,incelenmedi,belirsiz,incelenmedi,belirsiz,incelenmedi,belirsiz,incelenmedi,belirsiz,incelenmedi,test edilecek,DISLANDI,"K2: son commit 2023-04-17 < 2024-09-23 | K5[E2]: eşik altı (★5, aylık 233, bağımlı 1, toplam None)",
JOSE-094,JOSE,biscuit,Rust,Rust,cargo,biscuit,https://github.com/lawliet89/biscuit,,J,jwt.io libraries-next.json@60b70f7 [rust],187,deps.dev,2026-04-05,a6443895a894d89641710a68d82e870e190b57f4,git HEAD (varsayılan dal),0.8.0,2026-04-05,MIT,paket kaydı,164100,crates.io recent_downloads(90g)/3,,12,73,5.4,False,0.524,0.524,0.3393,0.4366,,"rs256,rs384,rs512,ps256,ps384,ps512",,belirsiz,incelenmedi,belirsiz,incelenmedi,belirsiz,incelenmedi,belirsiz,incelenmedi,hayır,tarama:JOSE-094@a6443895a894 ('ml_dsa' deseni 0 eşleşme; 28 dosya),hayır,tarama:JOSE-094@a6443895a894 ('composite' deseni 0 eşleşme; 28 dosya),hayır,tarama:JOSE-094@a6443895a894 ('sd_jwt' deseni 0 eşleşme; 28 dosya),uygulanamaz,tarama:JOSE-094@a6443895a894 ('cose_sign' deseni 0 eşleşme; 28 dosya),test edilecek,YEDEK,,
JOSE-095,JOSE,jsonwebtokens,Rust,Rust,cargo,jsonwebtokens,https://github.com/rib/jsonwebtokens,,J,jwt.io libraries-next.json@60b70f7 [rust],46,deps.dev,2023-01-10,50047d0245d0a7cbb17727640205afba6a5aca07,git HEAD (varsayılan dal),1.2.0,2022-12-20,MIT,deps.dev,25552,crates.io recent_downloads(90g)/3,,5,13,3.3,False,0.2679,0.226,0.2679,0.2183,,"rs256,rs384,rs512,es256,es384,ps256,ps384,ps512",,belirsiz,incelenmedi,belirsiz,incelenmedi,belirsiz,incelenmedi,belirsiz,incelenmedi,belirsiz,incelenmedi,belirsiz,incelenmedi,belirsiz,incelenmedi,belirsiz,incelenmedi,test edilecek,DISLANDI,"K2: son commit 2023-01-10 < 2024-09-23 | K5[E2]: eşik altı (★46, aylık 25552, bağımlı 5, toplam None)",
JOSE-096,JOSE,authentikat-jwt,Scala,JVM,maven,com.jason-goodwin:authentikat-jwt_2.13,https://github.com/jasongoodwin/authentikat-jwt,,J,jwt.io libraries-next.json@60b70f7 [scala],134,deps.dev,2019-05-02,37920f65580ebd93f9c6e6d032e642195854916f,git HEAD (varsayılan dal),,,Apache-2.0,deps.dev,,,,,,,False,0.4471,0.4471,,,,,,belirsiz,incelenmedi,belirsiz,incelenmedi,belirsiz,incelenmedi,belirsiz,incelenmedi,belirsiz,incelenmedi,belirsiz,incelenmedi,belirsiz,incelenmedi,belirsiz,incelenmedi,test edilecek,DISLANDI,"K1: yalnız simetrik (jwt.io destek bayrakları: asimetrik alg yok) | K2: son commit 2019-05-02 < 2024-09-23 | K5[E2]: eşik altı (★134, aylık None, bağımlı None, toplam None)",
JOSE-097,JOSE,jwt-scala,Scala,JVM,maven,com.github.jwt-scala:jwt-core_2.13,https://github.com/jwt-scala/jwt-scala,,J,jwt.io libraries-next.json@60b70f7 [scala],676,deps.dev,2026-08-09,49b268f476754288f69bc99e3c425a5e5b96bcfc,git HEAD (varsayılan dal),11.0.4,2026-04-07,Apache-2.0,deps.dev,,,,10,0,5.2,False,0.726,0.726,,0.3521,,"rs256,rs384,rs512,es256,es384,es512",,belirsiz,incelenmedi,belirsiz,incelenmedi,belirsiz,incelenmedi,belirsiz,incelenmedi,belirsiz,incelenmedi,belirsiz,incelenmedi,belirsiz,incelenmedi,belirsiz,incelenmedi,test edilecek,uygun-disarida,,jwt.io eski ad; depo jwt-scala/jwt-scala'ya taşınmış
JOSE-098,JOSE,jwt,Scala,JVM,maven,io.igl:jwt_2.13,https://github.com/iain-logan/jwt,,J,jwt.io libraries-next.json@60b70f7 [scala],48,deps.dev,2018-06-16,a0d308b668e8c580fe29b7e363f075f9275a2813,git HEAD (varsayılan dal),,,MIT,deps.dev,,,,,,,True,0.2596,0.2596,,,,rs256,,belirsiz,incelenmedi,belirsiz,incelenmedi,belirsiz,incelenmedi,belirsiz,incelenmedi,belirsiz,incelenmedi,belirsiz,incelenmedi,belirsiz,incelenmedi,belirsiz,incelenmedi,test edilecek,DISLANDI,"K2: son commit 2018-06-16 < 2024-09-23 | K3: depo arşivlenmiş | K5[E2]: eşik altı (★48, aylık None, bağımlı None, toplam None)",
JOSE-099,JOSE,spray-jwt,Scala,JVM,maven,com.github.janjaali:spray-jwt_2.13,https://github.com/janjaali/spray-jwt,,J,jwt.io libraries-next.json@60b70f7 [scala],3,deps.dev,2017-11-12,95fbad67fa8ef64781119776384acdff7049303d,git HEAD (varsayılan dal),,,MIT,deps.dev,,,,,,2,False,0.0048,0.0048,,,,"rs256,rs384,rs512",,belirsiz,incelenmedi,belirsiz,incelenmedi,belirsiz,incelenmedi,belirsiz,incelenmedi,belirsiz,incelenmedi,belirsiz,incelenmedi,belirsiz,incelenmedi,belirsiz,incelenmedi,test edilecek,DISLANDI,"K2: son commit 2017-11-12 < 2024-09-23 | K5[E2]: eşik altı (★3, aylık None, bağımlı None, toplam None)",
JOSE-100,JOSE,jose,Scala,JVM,maven,black.door:jose_2.13,https://github.com/blackdoor/jose,,J,jwt.io libraries-next.json@60b70f7 [scala],16,deps.dev,2026-04-06,5b4b83d126c9f2bb75ef8e8ae883013302dda26e,git HEAD (varsayılan dal),0.4.10,2026-04-06,unlicense,ecosyste.ms,,,,3,0,3.5,False,0.169,0.1106,,0.169,,es256,,belirsiz,incelenmedi,belirsiz,incelenmedi,belirsiz,incelenmedi,belirsiz,incelenmedi,belirsiz,incelenmedi,belirsiz,incelenmedi,belirsiz,incelenmedi,belirsiz,incelenmedi,test edilecek,DISLANDI,"K5[E2]: eşik altı (★16, aylık None, bağımlı 3, toplam None)",
JOSE-101,JOSE,JSONWebToken.swift,Swift,Swift/ObjC,cocoapods,JSONWebToken,https://github.com/kylef/JSONWebToken.swift,,J,jwt.io libraries-next.json@60b70f7 [swift],760,deps.dev,2019-09-23,45e5d4a0ff5a538d50b1cc3cb04a9b81f08eb95b,git HEAD (varsayılan dal),2.2.0,2017-09-20,bsd-2-clause,ecosyste.ms,,,,10,19,,False,0.7644,0.7644,,0.3521,,,,belirsiz,incelenmedi,belirsiz,incelenmedi,belirsiz,incelenmedi,belirsiz,incelenmedi,belirsiz,incelenmedi,belirsiz,incelenmedi,belirsiz,incelenmedi,belirsiz,incelenmedi,test edilecek,DISLANDI,K1: yalnız simetrik (jwt.io destek bayrakları: asimetrik alg yok) | K2: son commit 2019-09-23 < 2024-09-23,
JOSE-102,JOSE,jwt-kit,Swift,Swift/ObjC,swiftpm,https://github.com/vapor/jwt-kit.git,https://github.com/vapor/jwt-kit,,J,jwt.io libraries-next.json@60b70f7 [swift],282,deps.dev,2026-09-18,0c74d3201bff57aa5c7b62f72c6399dcdfa8ebcc,git HEAD (varsayılan dal),5.3.0,2025-10-30,MIT,deps.dev,,,,15,56,,False,0.601,0.601,,0.4789,,"rs256,rs384,rs512,es256,es384,es512",,hayır,https://github.com/vapor/jwt-kit/blob/0c74d3201bff57aa5c7b62f72c6399dcdfa8ebcc/Sources/JWTKit/JWTParser.swift#L14-L20,uygulanamaz,https://github.com/vapor/jwt-kit/blob/0c74d3201bff57aa5c7b62f72c6399dcdfa8ebcc/Sources/JWTKit/JWTParser.swift#L14-L20,cagri-basina,https://github.com/vapor/jwt-kit/blob/0c74d3201bff57aa5c7b62f72c6399dcdfa8ebcc/Sources/JWTKit/JWTKeyCollection.swift#L272-L289,evet,https://github.com/vapor/jwt-kit/blob/0c74d3201bff57aa5c7b62f72c6399dcdfa8ebcc/Sources/JWTKit/JWTKeyCollection.swift#L60-L67,kısmi,https://github.com/vapor/jwt-kit/blob/0c74d3201bff57aa5c7b62f72c6399dcdfa8ebcc/Sources/JWTKit/MLDSA/MLDSA.swift#L9-L20,hayır,tarama:JOSE-102@0c74d3201bff ('composite' deseni 0 eşleşme; 108 dosya),hayır,tarama:JOSE-102@0c74d3201bff ('sd_jwt' deseni 0 eşleşme; 108 dosya),uygulanamaz,tarama:JOSE-102@0c74d3201bff ('cose_sign' deseni 0 eşleşme; 108 dosya),test edilecek,SECILDI,,README L23 'supports all platforms supported by Swift 6.2'; README L281 '> MLDSA requires macOS 26+' (ML-DSA Linux'ta olmayabilir)
JOSE-103,JOSE,SwiftyJWT,Swift,Swift/ObjC,cocoapods,SwiftyJWT,https://github.com/Wstunes/SwiftyJWT,,J,jwt.io libraries-next.json@60b70f7 [swift],51,ecosyste.ms,2020-06-19,798c32fd9f3b3d617ad556ae943ded21f2573e95,git HEAD (varsayılan dal),0.0.3,2018-09-07,mit,ecosyste.ms,,,,3,8,,False,0.274,0.274,,0.169,,"rs256,rs384,rs512",,belirsiz,incelenmedi,belirsiz,incelenmedi,belirsiz,incelenmedi,belirsiz,incelenmedi,belirsiz,incelenmedi,belirsiz,incelenmedi,belirsiz,incelenmedi,belirsiz,incelenmedi,test edilecek,DISLANDI,"K2: son commit 2020-06-19 < 2024-09-23 | K5[E2]: eşik altı (★51, aylık None, bağımlı 3, toplam None) | K6: yalnız iOS: SwiftyJWT.podspec L8 s.platform = :ios (https://github.com/Wstunes/SwiftyJWT/blob/HEAD/SwiftyJWT.podspec)",
JOSE-104,JOSE,Swift-JWT,Swift,Swift/ObjC,swiftpm,https://github.com/Kitura/Swift-JWT,https://github.com/Kitura/Swift-JWT,,J,jwt.io libraries-next.json@60b70f7 [swift],602,ecosyste.ms,2024-11-18,29fe084d874045d22546612d85fae1e9408c9091,git HEAD (varsayılan dal),,,apache-2.0,ecosyste.ms,,,,,,,False,0.7163,0.7163,,,,"rs256,rs384,rs512,es256,es384,es512,ps256,ps384,ps512",,hayır,https://github.com/Kitura/Swift-JWT/blob/29fe084d874045d22546612d85fae1e9408c9091/Sources/SwiftJWT/JWT.swift#L65-L69,uygulanamaz,https://github.com/Kitura/Swift-JWT/blob/29fe084d874045d22546612d85fae1e9408c9091/Sources/SwiftJWT/JWT.swift#L65-L69,cagri-basina,https://github.com/Kitura/Swift-JWT/blob/29fe084d874045d22546612d85fae1e9408c9091/Sources/SwiftJWT/JWTVerifier.swift#L45-L146,evet,https://github.com/Kitura/Swift-JWT/blob/29fe084d874045d22546612d85fae1e9408c9091/Sources/SwiftJWT/JWTVerifier.swift#L58-L146,hayır,tarama:JOSE-104@29fe084d8740 ('ml_dsa' deseni 0 eşleşme; 35 dosya),hayır,tarama:JOSE-104@29fe084d8740 ('composite' deseni 0 eşleşme; 35 dosya),hayır,tarama:JOSE-104@29fe084d8740 ('sd_jwt' deseni 0 eşleşme; 35 dosya),uygulanamaz,tarama:JOSE-104@29fe084d8740 ('cose_sign' deseni 0 eşleşme; 35 dosya),test edilecek,SECILDI,,jwt.io eski ad; depo Kitura/Swift-JWT'ye taşınmış
JOSE-105,JOSE,JOSESwift,Swift,Swift/ObjC,cocoapods,JOSESwift,https://github.com/airsidemobile/JOSESwift,,J,jwt.io libraries-next.json@60b70f7 [swift],226,deps.dev,2026-02-16,ee94ae79c5a5e5d53a206d4f9b7bdb93b3b77d60,git HEAD (varsayılan dal),3.0.0,2024-08-27,Apache-2.0,deps.dev,,,,13,18,,False,0.5625,0.5625,,0.4577,,"rs256,rs384,rs512,es256,es384,es512,ps256,ps384,ps512",,belirsiz,incelenmedi,belirsiz,incelenmedi,belirsiz,incelenmedi,belirsiz,incelenmedi,belirsiz,incelenmedi,belirsiz,incelenmedi,belirsiz,incelenmedi,belirsiz,incelenmedi,test edilecek,DISLANDI,"K6: yalnız Apple kriptosu: README L370 'JOSESwift uses Apple's Security framework, Apple's CommonCrypto, and Apples's CryptoKit' (https://github.com/airsidemobile/JOSESwift/blob/HEAD/README.md)",
JOSE-106,JOSE,jose-swift,Swift,Swift/ObjC,swiftpm,https://github.com/beatt83/jose-swift.git,https://github.com/beatt83/jose-swift,,J,jwt.io libraries-next.json@60b70f7 [swift],37,ecosyste.ms,2026-08-27,9b5fde623a083ef86291e9b1a1b8a4fe3084b29f,git HEAD (varsayılan dal),6.0.2,2026-01-10,apache-2.0,ecosyste.ms,,,,0,0,,False,0.1875,0.1875,,0.0493,,"rs256,rs384,rs512,es256,es384,es512,ps256,ps384,ps512,eddsa,es256k",,belirsiz,incelenmedi,belirsiz,incelenmedi,belirsiz,incelenmedi,belirsiz,incelenmedi,belirsiz,incelenmedi,belirsiz,incelenmedi,belirsiz,incelenmedi,belirsiz,incelenmedi,test edilecek,DISLANDI,"K5[E2]: eşik altı (★37, aylık None, bağımlı 0, toplam None)",README L191-193: Linux (swift-crypto)
JOSE-107,JOSE,JWSETKit,Swift,Swift/ObjC,swiftpm,https://github.com/amosavian/JWSETKit,https://github.com/amosavian/JWSETKit,,J,jwt.io libraries-next.json@60b70f7 [swift],68,deps.dev,2026-09-03,4becdb14a9e7cde7fedbab18068e293d0b22aee1,git HEAD (varsayılan dal),,,MIT,deps.dev,,,,,,,False,0.3317,0.3317,,,,"rs256,rs384,rs512,es256,es384,es512,ps256,ps384,ps512,eddsa,es256k",,belirsiz,incelenmedi,belirsiz,incelenmedi,belirsiz,incelenmedi,belirsiz,incelenmedi,belirsiz,incelenmedi,belirsiz,incelenmedi,belirsiz,incelenmedi,belirsiz,incelenmedi,test edilecek,DISLANDI,"K5[E2]: eşik altı (★68, aylık None, bağımlı None, toplam None)",Package.swift L8-9 Linux/Windows/Android hedefleri + swift-crypto (L37); Linux derlemesi test edilecek
COSE-001,COSE,Signum (indispensable-cosef),Kotlin,JVM,maven,at.asitplus.signum:indispensable-cosef,https://github.com/a-sit-plus/signum,,T,topic:cose,197,deps.dev,2026-08-28,7d758fe14f809650d3380b0fb6716d6596ce6906,git HEAD (varsayılan dal),3.26.0,2026-08-18,Apache-2.0,deps.dev,,,,0,0,,False,0.9857,0.9857,,0.2258,,,,belirsiz,tarama:COSE-001@7d758fe14f80 (general_json 23 eşleşme; incelenmedi),belirsiz,incelenmedi,belirsiz,incelenmedi,belirsiz,incelenmedi,hayır,tarama:COSE-001@7d758fe14f80 ('ml_dsa' deseni 0 eşleşme; 329 dosya),hayır,tarama:COSE-001@7d758fe14f80 ('composite' deseni 0 eşleşme; 329 dosya),hayır,tarama:COSE-001 (yalnız JwsHeader.kt L235 'vctm' SD-JWT VC başlık alanı),hayır,tarama:COSE-001@7d758fe14f80 (cose_sign deseni: tek eşleşme CoseHeader.kt L22 açıklaması),test edilecek,SECILDI,,KMP kripto/PKI; COSE ve JWS veri türleri
SDJWT-001,SDJWT,vck,Kotlin,JVM,maven,at.asitplus.wallet:vck,https://github.com/a-sit-plus/vck,,T,topic:openid4vp; topic:sd-jwt,73,deps.dev,2026-08-12,a3e66b1a4e80b3053b6921bb4dae3d704dc022bf,git HEAD (varsayılan dal),7.0.1,2026-08-13,Apache-2.0,deps.dev,,,,0,0,,False,0.8448,0.8448,,0.3958,,,,belirsiz,tarama:SDJWT-001@a3e66b1a4e80 (general_json eşleşmeleri CSC/OAuth bağlamında),belirsiz,incelenmedi,belirsiz,incelenmedi,belirsiz,incelenmedi,hayır,tarama:SDJWT-001@a3e66b1a4e80 ('ml_dsa' deseni 0 eşleşme; 907 dosya),hayır,tarama:SDJWT-001@a3e66b1a4e80 ('composite' deseni 0 eşleşme; 907 dosya),evet,https://github.com/a-sit-plus/vck,belirsiz,https://github.com/a-sit-plus/vck/blob/a3e66b1a4e80b3053b6921bb4dae3d704dc022bf/vck/src/commonMain/kotlin/at/asitplus/wallet/lib/agent/ValidatorMdoc.kt#L34-L82,test edilecek,SECILDI,,"KMP VC kütüphanesi (SD-JWT, ISO mdoc, OID4VP)"
REF-001,REF,A-SIT Plus wallet-relying-party,Kotlin,JVM,kaynak,,https://github.com/a-sit-plus/wallet-relying-party,,T,topic:openid4vp,5,ecosyste.ms,2026-09-21,15d279ec80ffe68c002755f7748724c0685cdf5b,git HEAD (varsayılan dal),,,apache-2.0,ecosyste.ms,,,,,,,False,0.1591,0.1591,,,,,,belirsiz,incelenmedi,belirsiz,incelenmedi,belirsiz,incelenmedi,belirsiz,incelenmedi,belirsiz,incelenmedi,belirsiz,incelenmedi,belirsiz,incelenmedi,belirsiz,incelenmedi,test edilecek,DISLANDI,"K5[E2]: eşik altı (★5, aylık None, bağımlı None, toplam None)",OpenID4VP 1.0 RP
SDJWT-002,SDJWT,affinidi-sdjwt-dart (selective_disclosure_jwt),Dart,Diğer,pub,selective_disclosure_jwt,https://github.com/affinidi/affinidi-sdjwt-dart,,K,pub:q=sd-jwt,5,ecosyste.ms,2025-10-13,54a187b64095788a77da329c28e79ec30c606108,git HEAD (varsayılan dal),1.1.1,2025-10-13,apache-2.0,ecosyste.ms,5041,pub.dev downloadCount30Days,,0,0,,False,0.5417,0.2414,0.5417,0.3958,,,,belirsiz,incelenmedi,belirsiz,incelenmedi,cagri-basina,https://github.com/affinidi/affinidi-sdjwt-dart/blob/54a187b64095788a77da329c28e79ec30c606108/lib/src/verify/jwt_verifier_base.dart#L42,evet,https://github.com/affinidi/affinidi-sdjwt-dart/blob/54a187b64095788a77da329c28e79ec30c606108/lib/src/models/sdkey.dart#L290,hayır,tarama:SDJWT-002@54a187b64095 ('ml_dsa' deseni 0 eşleşme; 70 dosya),hayır,tarama:SDJWT-002@54a187b64095 ('composite' deseni 0 eşleşme; 70 dosya),evet,https://github.com/affinidi/affinidi-sdjwt-dart/blob/54a187b64095788a77da329c28e79ec30c606108/README.md#L41-L48,uygulanamaz,tarama:SDJWT-002@54a187b64095 ('cose_sign' deseni 0 eşleşme; 70 dosya),test edilecek,SECILDI,,pub.dev
SDJWT-003,SDJWT,affinidi-tdk-rs (affinidi-sd-jwt),Rust,Rust,cargo,affinidi-sd-jwt,https://github.com/affinidi/affinidi-tdk-rs,,K,crates:q=sd-jwt,15,deps.dev,2026-09-23,ea5af50250c59f52086630f891c4a8a1569de4b5,git HEAD (varsayılan dal),0.1.5,2026-08-23,Apache-2.0,deps.dev,8462,crates.io recent_downloads(90g)/3,,0,0,,False,0.625,0.5345,0.625,0.3958,,,,belirsiz,incelenmedi,belirsiz,incelenmedi,belirsiz,incelenmedi,belirsiz,incelenmedi,belirsiz,https://github.com/affinidi/affinidi-tdk-rs/blob/ea5af50250c59f52086630f891c4a8a1569de4b5/crates/core/affinidi-crypto/src/key_type.rs#L33-L63,hayır,tarama:SDJWT-003@ea5af50250c5 ('composite' deseni 0 eşleşme; 1002 dosya),belirsiz,incelenmedi,uygulanamaz,tarama:SDJWT-003@ea5af50250c5 ('cose_sign' deseni 0 eşleşme; 1002 dosya),test edilecek,YEDEK,,birim affinidi-sd-jwt (affinidi-sd-jwt-vc: 'DEPRECATED — merged into affinidi-vc')
COSE-002,COSE,@auth0/cose,TypeScript,JS/TS,npm,@auth0/cose,https://github.com/auth0-lab/cose,,K,npm:keywords:cose; npm:text=cose,3,ecosyste.ms,2024-04-24,40d2854489fc9b17f83add35bd35a75473255b90,git HEAD (varsayılan dal),1.0.2,2024-04-24,apache-2.0,ecosyste.ms,1545,npm last-month,,0,0,,False,0.5,0.2286,0.5,0.2258,,,,belirsiz,incelenmedi,belirsiz,incelenmedi,belirsiz,incelenmedi,belirsiz,incelenmedi,belirsiz,incelenmedi,belirsiz,incelenmedi,belirsiz,incelenmedi,belirsiz,incelenmedi,test edilecek,DISLANDI,K2: son commit 2024-04-24 < 2024-09-23,cose-kit'in halefi (cose-kit: 'DEPRECATED: Use @auth0/cose')
SDJWT-004,SDJWT,authlete/sd-jwt,Java,JVM,maven,com.authlete:sd-jwt,https://github.com/authlete/sd-jwt,,T,topic:sd-jwt,37,deps.dev,2026-05-02,0a3727039d64d22989b4754c82d6c3e8f96364d5,git HEAD (varsayılan dal),1.9,2026-05-02,Apache-2.0,deps.dev,,,,0,0,,False,0.8103,0.8103,,0.3958,,,,belirsiz,incelenmedi,belirsiz,incelenmedi,belirsiz,incelenmedi,belirsiz,incelenmedi,hayır,tarama:SDJWT-004@0a3727039d64 ('ml_dsa' deseni 0 eşleşme; 18 dosya),hayır,tarama:SDJWT-004@0a3727039d64 ('composite' deseni 0 eşleşme; 18 dosya),evet,https://github.com/authlete/sd-jwt/blob/0a3727039d64d22989b4754c82d6c3e8f96364d5/README.md#L154-L168,uygulanamaz,tarama:SDJWT-004@0a3727039d64 ('cose_sign' deseni 0 eşleşme; 18 dosya),test edilecek,SECILDI,,Java SD-JWT kütüphanesi
JOSE-108,JOSE,joserfc,python,Python,pypi,joserfc,https://github.com/authlib/joserfc,,H+K+P,pypi:ad=joserfc,178,deps.dev,2026-09-13,27d7c8a97d9452cde422aaa1bbcf0311cb8c223e,git HEAD (varsayılan dal),1.7.5,2026-08-29,BSD-3-Clause,deps.dev,92871153,pypistats last_month,,9,1,,False,0.8393,0.5048,0.8393,0.2958,,,,evet,https://github.com/authlib/joserfc/blob/27d7c8a97d9452cde422aaa1bbcf0311cb8c223e/src/joserfc/jws.py#L278-L307,belirsiz,https://github.com/authlib/joserfc/blob/27d7c8a97d9452cde422aaa1bbcf0311cb8c223e/src/joserfc/_rfc7515/json.py#L116-L125,cagri-basina,https://github.com/authlib/joserfc/blob/27d7c8a97d9452cde422aaa1bbcf0311cb8c223e/src/joserfc/jws.py#L278-L294,belirsiz,incelenmedi,hayır,tarama:JOSE-108@27d7c8a97d94 ('ml_dsa' deseni 0 eşleşme; 143 dosya),hayır,tarama:JOSE-108@27d7c8a97d94 ('composite' deseni 0 eşleşme; 143 dosya),hayır,tarama:JOSE-108@27d7c8a97d94 ('sd_jwt' deseni 0 eşleşme; 143 dosya),uygulanamaz,tarama:JOSE-108@27d7c8a97d94 ('cose_sign' deseni 0 eşleşme; 143 dosya),test edilecek,YEDEK,,"authlib.jose uyarısı: 'authlib.jose module is deprecated, please use joserfc instead' (pilot p3_py_output.txt); pilot kütüphanesi"
COSE-003,COSE,aws-nitro-enclaves-cose,Rust,Rust,cargo,aws-nitro-enclaves-cose,https://github.com/awslabs/aws-nitro-enclaves-cose,,K+T,crates:q=cose; topic:cose,29,deps.dev,2025-02-10,6064f826d551a9db0bd42e9cf928feaf272e8d17,git HEAD (varsayılan dal),0.5.2,2024-04-18,Apache-2.0,deps.dev,107603,crates.io recent_downloads(90g)/3,,4,14,5.2,False,0.8684,0.6571,0.8684,0.6935,,,,belirsiz,incelenmedi,belirsiz,incelenmedi,belirsiz,incelenmedi,belirsiz,incelenmedi,belirsiz,incelenmedi,belirsiz,incelenmedi,belirsiz,incelenmedi,belirsiz,incelenmedi,test edilecek,uygun-disarida,,
SDJWT-005,SDJWT,sd-jwt-ts,TypeScript,JS/TS,,,https://github.com/berendsliedrecht/sd-jwt-ts,,T,topic:sd-jwt; topic:sd-jwt-vc,16,ecosyste.ms,2024-07-30,b46c452b53c667f0a145e293b78cb89eea028433,git HEAD (varsayılan dal),,,apache-2.0,ecosyste.ms,,,,,,,False,0.5862,0.5862,,,,,,belirsiz,incelenmedi,belirsiz,incelenmedi,belirsiz,incelenmedi,belirsiz,incelenmedi,belirsiz,incelenmedi,belirsiz,incelenmedi,belirsiz,incelenmedi,belirsiz,incelenmedi,test edilecek,DISLANDI,"K2: son commit 2024-07-30 < 2024-09-23 | K5[E2]: eşik altı (★16, aylık None, bağımlı None, toplam None)",GitHub konu sd-jwt; paket adı belirlenmedi
COSE-004,COSE,libcose,C,C/C++,kaynak,,https://github.com/bergzand/libcose,,T,topic:cose,23,ecosyste.ms,2022-04-26,ea1fed87d6ca9b478f8bed323af97e6b192c0a6d,git HEAD (varsayılan dal),,,other,ecosyste.ms (geçersiz),,,,,,,False,0.5571,0.5571,,,,,,belirsiz,incelenmedi,belirsiz,incelenmedi,belirsiz,incelenmedi,belirsiz,incelenmedi,belirsiz,incelenmedi,belirsiz,incelenmedi,belirsiz,incelenmedi,belirsiz,incelenmedi,test edilecek,DISLANDI,K2: son commit 2022-04-26 < 2024-09-23 | K4: açık lisans doğrulanamadı (other; kaynak: ecosyste.ms (geçersiz)),
COSE-005,COSE,cose-ruby,Ruby,Ruby,rubygems,cose,https://github.com/cedarcode/cose-ruby,,K+T,gem:q=cose; topic:cose,17,deps.dev,2026-09-21,9d0af14f012285603c3608e05cdfe0cf35b778e1,git HEAD (varsayılan dal),1.3.1,2024-08-12,MIT,deps.dev,,,40926447,4,1153,,False,0.875,0.5,,0.6935,0.875,,,belirsiz,incelenmedi,belirsiz,incelenmedi,belirsiz,incelenmedi,belirsiz,incelenmedi,belirsiz,incelenmedi,belirsiz,incelenmedi,belirsiz,incelenmedi,evet,https://github.com/cedarcode/cose-ruby/blob/9d0af14f012285603c3608e05cdfe0cf35b778e1/README.md#L141-L152,test edilecek,uygun-disarida,,
REF-002,REF,openid4vp (Ruby),Ruby,Ruby,rubygems,openid4vp,https://github.com/cedarcode/openid4vp,,K,gem:q=sd-jwt,,,,,,0.1.0,2026-09-18,MIT,paket kaydı,,,2120,0,0,,,0.4286,,,0.4286,0.25,,,belirsiz,incelenmedi,belirsiz,incelenmedi,belirsiz,incelenmedi,belirsiz,incelenmedi,belirsiz,incelenmedi,belirsiz,incelenmedi,belirsiz,incelenmedi,belirsiz,incelenmedi,test edilecek,DISLANDI,"K2: son commit tarihi alınamadı | K5[E2]: eşik altı (★None, aylık None, bağımlı 0, toplam 2120)",RubyGems ('Verifier and Wallet implementation of OpenID4VP 1.0')
COSE-006,COSE,COSE-C,C/C++,C/C++,kaynak,,https://github.com/cose-wg/cose-c,,O,org:cose-wg,32,deps.dev,2020-06-03,97d1805e71b7a6770093c5e6790d46611680d563,git HEAD (varsayılan dal),,,BSD-3-Clause,deps.dev,,,,,,,False,0.7,0.7,,,,,,belirsiz,incelenmedi,belirsiz,incelenmedi,belirsiz,incelenmedi,belirsiz,incelenmedi,belirsiz,incelenmedi,belirsiz,incelenmedi,belirsiz,incelenmedi,belirsiz,incelenmedi,test edilecek,DISLANDI,K2: son commit 2020-06-03 < 2024-09-23,IETF COSE WG referans uygulaması
COSE-007,COSE,COSE-csharp,.NET,.NET,nuget,Com.AugustCellars.COSE,https://github.com/cose-wg/cose-csharp,,O,org:cose-wg,4,ecosyste.ms,2020-06-28,f7561d10b034f70b9a87197054da9677aac60c27,git HEAD (varsayılan dal),1.7.0,2020-06-01,epl-2.0,ecosyste.ms,,,492747,6,6,,False,0.8065,0.3,,0.8065,0.375,,,belirsiz,incelenmedi,belirsiz,incelenmedi,belirsiz,incelenmedi,belirsiz,incelenmedi,belirsiz,incelenmedi,belirsiz,incelenmedi,belirsiz,incelenmedi,belirsiz,incelenmedi,test edilecek,DISLANDI,K2: son commit 2020-06-28 < 2024-09-23,IETF COSE WG referans uygulaması
COSE-008,COSE,COSE-JAVA,Java,JVM,maven,com.augustcellars.cose:cose-java,https://github.com/cose-wg/cose-java,,O,org:cose-wg,35,deps.dev,2021-04-28,e461e5e9f87e18f88ff33d5344c7512b4c3b4bdd,git HEAD (varsayılan dal),1.1.0,2020-01-27,BSD-3-Clause,deps.dev,,,,6,41,2.9,False,0.8065,0.7571,,0.8065,,,,belirsiz,incelenmedi,belirsiz,incelenmedi,belirsiz,incelenmedi,belirsiz,incelenmedi,belirsiz,incelenmedi,belirsiz,incelenmedi,belirsiz,incelenmedi,belirsiz,incelenmedi,test edilecek,DISLANDI,K2: son commit 2021-04-28 < 2024-09-23,IETF COSE WG referans uygulaması
COSE-009,COSE,python-cwt,Python,Python,pypi,cwt,https://github.com/dajiaji/python-cwt,,K+T,pypi:ad=cwt; topic:cose,29,deps.dev,2026-08-17,9932ad0fadb359a6a1aa0901a950cfd21388415c,git HEAD (varsayılan dal),3.3.0,2026-07-16,MIT,deps.dev,16386,pypistats last_month,,0,2,5.9,False,0.7105,0.6571,0.7105,0.2258,,,,belirsiz,incelenmedi,belirsiz,incelenmedi,belirsiz,incelenmedi,belirsiz,incelenmedi,belirsiz,incelenmedi,belirsiz,incelenmedi,belirsiz,incelenmedi,belirsiz,incelenmedi,test edilecek,uygun-disarida,,CWT/COSE
COSE-010,COSE,dark-bio crypto-go,Go,Go,go,github.com/dark-bio/crypto-go,https://github.com/dark-bio/crypto-go,,K+T,pkg.go.dev:q=cose; topic:cose,16,deps.dev,2026-09-24,2a03b525effed554d26ba22489ff1e578c3fb6ee,git HEAD (varsayılan dal),v0.18.0,2026-09-04,BSD-3-Clause,paket kaydı,,,,0,0,,False,0.4714,0.4714,,0.2258,,,,belirsiz,incelenmedi,belirsiz,incelenmedi,belirsiz,incelenmedi,belirsiz,incelenmedi,belirsiz,incelenmedi,belirsiz,incelenmedi,belirsiz,incelenmedi,belirsiz,incelenmedi,test edilecek,DISLANDI,"K5[E2]: eşik altı (★16, aylık None, bağımlı 0, toplam None)",PQ kripto sarmalayıcıları + COSE
COSE-011,COSE,dark-bio crypto-rs,Rust,Rust,cargo,darkbio-crypto,https://github.com/dark-bio/crypto-rs,,T,topic:cose,66,deps.dev,2026-09-24,be6193ec3a0d8ee0f558f61fa7862fa20bf696b0,git HEAD (varsayılan dal),0.18.2,2026-09-11,BSD-3-Clause,paket kaydı,798,crates.io recent_downloads(90g)/3,,0,0,,False,0.9143,0.9143,0.3947,0.2258,,,,belirsiz,incelenmedi,belirsiz,incelenmedi,belirsiz,incelenmedi,belirsiz,incelenmedi,kısmi,https://github.com/dark-bio/crypto-rs/blob/be6193ec3a0d8ee0f558f61fa7862fa20bf696b0/src/mldsa/mod.rs#L7-L57,kısmi,https://github.com/dark-bio/crypto-rs/blob/be6193ec3a0d8ee0f558f61fa7862fa20bf696b0/src/cose/mod.rs#L156,hayır,tarama:COSE-011 (sd_jwt deseninin eşleşmeleri yalnız güvenlik politikası 'Disclosure' metni),hayır,tarama:COSE-011@be6193ec3a0d ('cose_sign' deseni 0 eşleşme; 24 dosya),test edilecek,YEDEK,,PQ kripto sarmalayıcıları + COSE
COSE-012,COSE,dark-bio crypto-ts,TypeScript,JS/TS,npm,@darkbio/crypto,https://github.com/dark-bio/crypto-ts,,T,topic:cose,10,ecosyste.ms,2026-09-06,cf963ec2cc339f690039c1a6bdac7a0be980651a,git HEAD (varsayılan dal),0.18.0,2026-09-06,BSD-3-Clause,paket kaydı,804,npm last-month,,0,0,,False,0.4474,0.4143,0.4474,0.2258,,,,belirsiz,incelenmedi,belirsiz,incelenmedi,belirsiz,incelenmedi,belirsiz,incelenmedi,belirsiz,incelenmedi,belirsiz,incelenmedi,belirsiz,incelenmedi,belirsiz,incelenmedi,test edilecek,DISLANDI,"K5[E2]: eşik altı (★10, aylık 804, bağımlı 0, toplam None)",PQ kripto sarmalayıcıları + COSE
COSE-013,COSE,vc-jose-cose-go (decentralgabe),Go,Go,go,github.com/decentralgabe/vc-jose-cose-go,https://github.com/decentralgabe/vc-jose-cose-go,,K,pkg.go.dev:q=cose,0,deps.dev,2024-12-15,de4bb62c1074780f39af91fd2ce68163c635195f,git HEAD (varsayılan dal),v0.0.0-20241216013518-de4bb62c1074,2024-12-16,Apache-2.0,deps.dev,,,,0,0,,,0.2258,0.0429,,0.2258,,,,belirsiz,incelenmedi,belirsiz,incelenmedi,belirsiz,incelenmedi,belirsiz,incelenmedi,belirsiz,incelenmedi,belirsiz,incelenmedi,belirsiz,incelenmedi,belirsiz,incelenmedi,test edilecek,DISLANDI,"K5[E2]: eşik altı (★0, aylık None, bağımlı 0, toplam None)",TBD deposuyla aynı README; ilişki belirsiz (çatal/halef)
COSE-014,COSE,cose-js,JavaScript,JS/TS,npm,cose-js,https://github.com/erdtman/cose-js,,K,npm:text=cose,28,deps.dev,2026-04-10,b1d3eac995fc2b56180dc9e956095676c642a11c,git HEAD (varsayılan dal),0.9.0,2023-09-22,Apache-2.0,deps.dev,15285,npm last-month,,16,44,3,False,0.9516,0.6143,0.6579,0.9516,,,,uygulanamaz,https://github.com/erdtman/cose-js,belirsiz,https://github.com/erdtman/cose-js/blob/b1d3eac995fc2b56180dc9e956095676c642a11c/lib/sign.js#L188-L192,yok,https://github.com/erdtman/cose-js/blob/b1d3eac995fc2b56180dc9e956095676c642a11c/lib/sign.js#L16-L36,hayır,https://github.com/erdtman/cose-js/blob/b1d3eac995fc2b56180dc9e956095676c642a11c/lib/sign.js#L145-L160,hayır,tarama:COSE-014@b1d3eac995fc ('ml_dsa' deseni 0 eşleşme; 28 dosya),hayır,tarama:COSE-014@b1d3eac995fc ('composite' deseni 0 eşleşme; 28 dosya),hayır,tarama:COSE-014@b1d3eac995fc ('sd_jwt' deseni 0 eşleşme; 28 dosya),evet,https://github.com/erdtman/cose-js/blob/b1d3eac995fc2b56180dc9e956095676c642a11c/lib/sign.js#L239-L268,test edilecek,SECILDI,,
SDJWT-006,SDJWT,eudi-lib-jvm-sdjwt-kt,Kotlin,JVM,maven,eu.europa.ec.eudi:eudi-lib-jvm-sdjwt-kt,https://github.com/eu-digital-identity-wallet/eudi-lib-jvm-sdjwt-kt,,O+T,org:eu-digital-identity-wallet; topic:sd-jwt; topic:sd-jwt-vc,25,deps.dev,2026-09-21,825639358b1704fae00cea0991d3e9c7699e6017,git HEAD (varsayılan dal),0.20.1,2026-05-11,Apache-2.0,deps.dev,,,,0,0,,False,0.7241,0.7241,,0.3958,,,,evet,https://github.com/eu-digital-identity-wallet/eudi-lib-jvm-sdjwt-kt/blob/825639358b1704fae00cea0991d3e9c7699e6017/src/main/kotlin/eu/europa/ec/eudi/sdjwt/SdJwtSerialization.kt#L300-L335,belirsiz,https://github.com/eu-digital-identity-wallet/eudi-lib-jvm-sdjwt-kt/blob/825639358b1704fae00cea0991d3e9c7699e6017/src/main/kotlin/eu/europa/ec/eudi/sdjwt/SdJwtSerialization.kt#L311-L319,belirsiz,incelenmedi,belirsiz,incelenmedi,hayır,tarama:SDJWT-006@825639358b17 ('ml_dsa' deseni 0 eşleşme; 131 dosya),hayır,tarama:SDJWT-006@825639358b17 ('composite' deseni 0 eşleşme; 131 dosya),evet,https://github.com/eu-digital-identity-wallet/eudi-lib-jvm-sdjwt-kt/blob/825639358b1704fae00cea0991d3e9c7699e6017/src/main/kotlin/eu/europa/ec/eudi/sdjwt/SdJwtVerifier.kt#L412,uygulanamaz,tarama:SDJWT-006@825639358b17 ('cose_sign' deseni 0 eşleşme; 131 dosya),test edilecek,YEDEK,,EUDI referans kütüphanesi (issue+verify)
SDJWT-007,SDJWT,eudi-lib-sdjwt-swift,Swift,Swift/ObjC,swiftpm,https://github.com/eu-digital-identity-wallet/eudi-lib-sdjwt-swift,https://github.com/eu-digital-identity-wallet/eudi-lib-sdjwt-swift,,O,org:eu-digital-identity-wallet,8,ecosyste.ms,2026-09-02,f3937ad2cd9efde5703fad1a3418811f2eaae316,git HEAD (varsayılan dal),v0.14.2,2026-04-07,apache-2.0,ecosyste.ms,,,,0,0,,False,0.3966,0.3966,,0.3958,,,,evet,https://github.com/eu-digital-identity-wallet/eudi-lib-sdjwt-swift/blob/f3937ad2cd9efde5703fad1a3418811f2eaae316/Sources/Utilities/JwsJsonSupportOption.swift#L25,belirsiz,https://github.com/eu-digital-identity-wallet/eudi-lib-sdjwt-swift/blob/f3937ad2cd9efde5703fad1a3418811f2eaae316/Sources/Utilities/JwsJsonSupportOption.swift#L25,belirsiz,incelenmedi,belirsiz,incelenmedi,hayır,tarama:SDJWT-007@f3937ad2cd9e ('ml_dsa' deseni 0 eşleşme; 126 dosya),hayır,tarama:SDJWT-007@f3937ad2cd9e ('composite' deseni 0 eşleşme; 126 dosya),belirsiz,incelenmedi,uygulanamaz,tarama:SDJWT-007@f3937ad2cd9e ('cose_sign' deseni 0 eşleşme; 126 dosya),test edilecek,YEDEK,,"EUDI referans kütüphanesi (Swift); Package.swift yalnız Apple platform alt sürümlerini listeler; bağımlılıkları (jose-swift, swift-certificates, CryptoSwift, SwiftyJSON) Linux'u destekler; Linux derlemesi test edilecek"
REF-003,REF,EUDI verifier endpoint,Kotlin,JVM,kaynak,,https://github.com/eu-digital-identity-wallet/eudi-srv-verifier-endpoint,,G+O+T,org:eu-digital-identity-wallet; topic:openid4vp,63,ecosyste.ms,2026-09-24,b1f17e8fe247504e7541a0121c1b6c9f1c7d4908,git HEAD (varsayılan dal),,,apache-2.0,ecosyste.ms,,,,,,,False,0.6591,0.6591,,,,,,belirsiz,incelenmedi,belirsiz,incelenmedi,belirsiz,incelenmedi,belirsiz,incelenmedi,hayır,tarama:REF-003@b1f17e8fe247 ('ml_dsa' deseni 0 eşleşme; 123 dosya),hayır,tarama:REF-003@b1f17e8fe247 ('composite' deseni 0 eşleşme; 123 dosya),belirsiz,incelenmedi,hayır,tarama:REF-003@b1f17e8fe247 ('cose_sign' deseni 0 eşleşme; 123 dosya),test edilecek,SECILDI,,EUDI referans doğrulayıcı (plan §9.2)
COSE-015,COSE,"cose (Rust, franziskuskiefer)",Rust,Rust,cargo,cose,https://github.com/franziskuskiefer/cose-rust,,K,crates:q=cose,4,deps.dev,2024-08-14,97480c113c82c5b770517bcbc307b2fbee475eb0,git HEAD (varsayılan dal),0.1.4,2018-01-05,mpl-2.0,ecosyste.ms,215,crates.io recent_downloads(90g)/3,,1,55,2.6,False,0.5,0.3,0.1316,0.5,,,,belirsiz,incelenmedi,belirsiz,incelenmedi,belirsiz,incelenmedi,belirsiz,incelenmedi,belirsiz,incelenmedi,belirsiz,incelenmedi,belirsiz,incelenmedi,belirsiz,incelenmedi,test edilecek,DISLANDI,"K2: son commit 2024-08-14 < 2024-09-23 | K5[E2]: eşik altı (★4, aylık 215, bağımlı 1, toplam None)",
SDJWT-008,SDJWT,georgepadayatti/sdjwt,Go,Go,go,github.com/georgepadayatti/sdjwt,https://github.com/georgepadayatti/sdjwt,,K,pkg.go.dev:q=sd-jwt,0,deps.dev,2025-12-30,4bef4b2454cbce548232daef21b44b2ffa4a6050,git HEAD (varsayılan dal),v0.1.0,2025-12-30,Apache-2.0,deps.dev,,,,0,0,,,0.3958,0.069,,0.3958,,,,belirsiz,incelenmedi,belirsiz,incelenmedi,belirsiz,incelenmedi,belirsiz,incelenmedi,belirsiz,incelenmedi,belirsiz,incelenmedi,belirsiz,incelenmedi,belirsiz,incelenmedi,test edilecek,DISLANDI,"K5[E2]: eşik altı (★0, aylık None, bağımlı 0, toplam None)",pkg.go.dev (RFC 9901)
JOSE-109,JOSE,go-jose (go-jose org),go,Go,go,github.com/go-jose/go-jose/v4,https://github.com/go-jose/go-jose,,H,square/go-jose README,535,deps.dev,2026-09-03,25b55feb059b8b08e16a73c601c8b80571fa5208,git HEAD (varsayılan dal),v4.1.5,2026-09-03,Apache-2.0,deps.dev,,,,270,0,6.8,False,0.7113,0.7067,,0.7113,,,,evet,https://github.com/go-jose/go-jose/blob/25b55feb059b8b08e16a73c601c8b80571fa5208/jws.go#L186-L200,any,https://github.com/go-jose/go-jose/blob/25b55feb059b8b08e16a73c601c8b80571fa5208/signing.go#L466-L469,cagri-basina,https://github.com/go-jose/go-jose/blob/25b55feb059b8b08e16a73c601c8b80571fa5208/jws.go#L89-L98,belirsiz,incelenmedi,hayır,https://github.com/go-jose/go-jose/blob/25b55feb059b8b08e16a73c601c8b80571fa5208/shared.go#L113-L128,belirsiz,incelenmedi,belirsiz,incelenmedi,belirsiz,incelenmedi,test edilecek,uygun-disarida,,square/go-jose README: 'DEPRECATED … Development of Go JOSE has continued in a new organization: https://github.com/go-jose/go-jose'
COSE-016,COSE,coset,Rust,Rust,cargo,coset,https://github.com/google/coset,,K,crates:q=cose,48,deps.dev,2026-03-02,dd458359623a459086aa296e34a3d8902e034223,git HEAD (varsayılan dal),0.4.2,2026-03-02,Apache-2.0,deps.dev,1271623,crates.io recent_downloads(90g)/3,,8,14,7.5,False,0.9211,0.8429,0.9211,0.8871,,,,uygulanamaz,https://github.com/google/coset,uygulamaya-birakilmis,https://github.com/google/coset/blob/dd458359623a459086aa296e34a3d8902e034223/src/sign/mod.rs#L17-L35,belirsiz,incelenmedi,belirsiz,incelenmedi,kısmi,https://github.com/google/coset/blob/dd458359623a459086aa296e34a3d8902e034223/src/iana/mod.rs#L271-L276,hayır,tarama:COSE-016@dd458359623a ('composite' deseni 0 eşleşme; 31 dosya),hayır,tarama:COSE-016@dd458359623a ('sd_jwt' deseni 0 eşleşme; 31 dosya),evet,https://github.com/google/coset/blob/dd458359623a459086aa296e34a3d8902e034223/src/sign/mod.rs#L87-L87,test edilecek,YEDEK,,
REF-004,REF,Heka identity platform,TypeScript,JS/TS,,,https://github.com/hiero-ledger/heka-identity-platform,,T,topic:sd-jwt-vc,15,deps.dev,2026-09-20,350bcc63b1846898342d2cda5cad9e6af84fb872,git HEAD (varsayılan dal),,,Apache-2.0,deps.dev,,,,,,6.6,False,0.3409,0.3409,,,,,,belirsiz,incelenmedi,belirsiz,incelenmedi,belirsiz,incelenmedi,belirsiz,incelenmedi,belirsiz,incelenmedi,belirsiz,incelenmedi,belirsiz,incelenmedi,belirsiz,incelenmedi,test edilecek,DISLANDI,"K5[E2]: eşik altı (★15, aylık None, bağımlı None, toplam None)",
SDJWT-009,SDJWT,aries-framework-go (sdjwt),Go,Go,go,github.com/hyperledger/aries-framework-go,https://github.com/hyperledger/aries-framework-go,,K,pkg.go.dev:q=sd-jwt,238,deps.dev,2024-03-27,64dd8acc07506884f480719f7d9d960447d9a5ac,git HEAD (varsayılan dal),v0.3.2,2023-05-09,Apache-2.0,deps.dev,,,,164,87,4.9,,0.9792,0.9483,,0.9792,,,,belirsiz,incelenmedi,belirsiz,incelenmedi,belirsiz,incelenmedi,belirsiz,incelenmedi,belirsiz,incelenmedi,belirsiz,incelenmedi,belirsiz,incelenmedi,belirsiz,incelenmedi,test edilecek,DISLANDI,K2: son commit 2024-03-27 < 2024-09-23,pkg.go.dev; Hyperledger Aries Go
REF-005,REF,impierce/openid4vc,Rust,Rust,,,https://github.com/impierce/openid4vc,,T,topic:openid4vp,42,deps.dev,2026-08-21,e9d99d211036f61d46f2c5c56e26197f74290929,git HEAD (varsayılan dal),,,Apache-2.0,deps.dev,,,,,,,False,0.4773,0.4773,,,,,,belirsiz,incelenmedi,belirsiz,incelenmedi,belirsiz,incelenmedi,belirsiz,incelenmedi,belirsiz,incelenmedi,belirsiz,incelenmedi,belirsiz,incelenmedi,belirsiz,incelenmedi,test edilecek,uygun-disarida,,
COSE-017,COSE,catalyst_cose,Dart,Diğer,pub,catalyst_cose,https://github.com/input-output-hk/catalyst-voices,catalyst_voices/packages/libs/catalyst_cose,K,pub:q=cose,,kullanılmadı (tek-depo; depo ★40),2026-02-04,b976d8aabdbad7aa4f6274294a7bc744316d04d7,git HEAD (varsayılan dal),1.0.0,2025-02-05,Apache-2.0,deps.dev,3040,pub.dev downloadCount30Days,,0,0,,,0.5526,,0.5526,0.2258,,,,belirsiz,incelenmedi,belirsiz,incelenmedi,belirsiz,incelenmedi,belirsiz,incelenmedi,belirsiz,incelenmedi,belirsiz,incelenmedi,belirsiz,incelenmedi,belirsiz,incelenmedi,test edilecek,uygun-disarida,,tek-depo içinde paket; birim catalyst_cose; depo uygulama tek-deposu
SDJWT-010,SDJWT,sd-jwt-payload,Rust,Rust,cargo,sd-jwt-payload,https://github.com/iotaledger/sd-jwt-payload,,K+T,crates:q=sd-jwt; topic:sd-jwt,9,deps.dev,2026-01-14,c47e52c31545f7ede55ad1259f275f31595e2322,git HEAD (varsayılan dal),0.5.1,2026-01-14,Apache-2.0,deps.dev,1299,crates.io recent_downloads(90g)/3,,1,0,,False,0.8333,0.4483,0.375,0.8333,,,,belirsiz,incelenmedi,belirsiz,incelenmedi,belirsiz,incelenmedi,belirsiz,incelenmedi,belirsiz,https://github.com/iotaledger/sd-jwt-payload/blob/c47e52c31545f7ede55ad1259f275f31595e2322/README.md#L77,hayır,tarama:SDJWT-010@c47e52c31545 ('composite' deseni 0 eşleşme; 17 dosya),evet,https://github.com/iotaledger/sd-jwt-payload/blob/c47e52c31545f7ede55ad1259f275f31595e2322/README.md#L45-L52,uygulanamaz,tarama:SDJWT-010@c47e52c31545 ('cose_sign' deseni 0 eşleşme; 17 dosya),test edilecek,SECILDI,,IOTA
REF-006,REF,IAM Proxy Italia (IT-Wallet RP),Python,Python,kaynak,,https://github.com/italia/iam-proxy-italia,,T,topic:openid4vp,59,ecosyste.ms,2026-06-17,41e375ad1f62f8970f41b1d6f4f7fd8a67f2d8a7,git HEAD (varsayılan dal),,,apache-2.0,ecosyste.ms,,,,,,,False,0.6136,0.6136,,,,,,belirsiz,incelenmedi,belirsiz,incelenmedi,belirsiz,incelenmedi,belirsiz,incelenmedi,belirsiz,incelenmedi,belirsiz,incelenmedi,belirsiz,incelenmedi,belirsiz,incelenmedi,test edilecek,uygun-disarida,,doğrulama mantığı pyeudiw'de (italia/eudi-wallet-it-python)
COSE-018,COSE,gose,Gleam,Diğer,,,https://github.com/jtdowney/gose,,T,topic:cose,9,ecosyste.ms,2026-08-29,67e33d452640473893e07df79724361261962b7d,git HEAD (varsayılan dal),,,apache-2.0,ecosyste.ms,,,,,,,False,0.3857,0.3857,,,,,,belirsiz,incelenmedi,belirsiz,incelenmedi,belirsiz,incelenmedi,belirsiz,incelenmedi,belirsiz,incelenmedi,belirsiz,incelenmedi,belirsiz,incelenmedi,belirsiz,incelenmedi,test edilecek,DISLANDI,"K5[E2]: eşik altı (★9, aylık None, bağımlı None, toplam None)",JOSE+COSE (Gleam)
SDJWT-011,SDJWT,k2gl/sd-jwt,PHP,PHP,packagist,k2gl/sd-jwt,https://github.com/k2gl/sd-jwt,,K,packagist:q=sd-jwt,0,ecosyste.ms,2026-09-17,c0dc032c47a8c0022b47abebd0f4d9b5d3adffb5,git HEAD (varsayılan dal),1.1.0,2026-09-11,mit,ecosyste.ms,223,packagist monthly,342,0,0,,False,0.3958,0.069,0.2083,0.3958,,,,belirsiz,incelenmedi,belirsiz,incelenmedi,belirsiz,incelenmedi,belirsiz,incelenmedi,belirsiz,incelenmedi,belirsiz,incelenmedi,belirsiz,incelenmedi,belirsiz,incelenmedi,test edilecek,DISLANDI,"K5[E2]: eşik altı (★0, aylık 223, bağımlı 0, toplam 342)",Packagist (PHP'deki tek SD-JWT isabeti)
SDJWT-012,SDJWT,HeroSD-JWT,.NET,.NET,nuget,HeroSD-JWT,https://github.com/koalafacts/herosd-jwt,,K,nuget:q=sd-jwt,0,deps.dev,2026-06-01,93274ef33faefa8135c31adf88037d6a3c959d51,git HEAD (varsayılan dal),1.1.7,2025-11-20,MIT,deps.dev,,,22107,0,0,,False,0.5,0.069,,0.3958,0.5,,,belirsiz,incelenmedi,belirsiz,incelenmedi,belirsiz,incelenmedi,belirsiz,incelenmedi,kısmi,https://github.com/koalafacts/herosd-jwt/blob/93274ef33faefa8135c31adf88037d6a3c959d51/src/HeroSdJwt/Cryptography/JwtSigner.cs#L56-L57,hayır,tarama:SDJWT-012@93274ef33fae ('composite' deseni 0 eşleşme; 217 dosya),belirsiz,incelenmedi,uygulanamaz,tarama:SDJWT-012@93274ef33fae ('cose_sign' deseni 0 eşleşme; 217 dosya),test edilecek,YEDEK,,NuGet
COSE-019,COSE,t_cose,C,C/C++,kaynak,,https://github.com/laurencelundblade/t_cose,,T,topic:cose,33,deps.dev,2026-05-05,98e34ed6403f01e1779fcfe84debc7c4dd6ed75f,git HEAD (varsayılan dal),,,BSD-3-Clause,deps.dev,,,,,,3.7,False,0.7286,0.7286,,,,,,uygulanamaz,https://github.com/laurencelundblade/t_cose,belirsiz,incelenmedi,belirsiz,incelenmedi,belirsiz,incelenmedi,hayır,tarama:COSE-019@98e34ed6403f ('ml_dsa' deseni 0 eşleşme; 39 dosya),hayır,tarama:COSE-019@98e34ed6403f ('composite' deseni 0 eşleşme; 39 dosya),hayır,tarama:COSE-019@98e34ed6403f ('sd_jwt' deseni 0 eşleşme; 39 dosya),evet,https://github.com/laurencelundblade/t_cose/blob/98e34ed6403f01e1779fcfe84debc7c4dd6ed75f/README.md#L45-L58,test edilecek,YEDEK,,
COSE-020,COSE,ldclabs/cose (Go),Go,Go,go,github.com/ldclabs/cose,https://github.com/ldclabs/cose,,K+T,pkg.go.dev:q=cose; topic:cose,24,deps.dev,2026-06-15,2519a8538c924eba25e8e3cd1b7ce1a27ead84e1,git HEAD (varsayılan dal),v1.4.0,2026-06-15,MIT,deps.dev,,,,1,0,4.7,False,0.5857,0.5857,,0.5,,,,uygulanamaz,https://github.com/ldclabs/cose,belirsiz,incelenmedi,belirsiz,incelenmedi,belirsiz,incelenmedi,hayır,tarama:COSE-020@2519a8538c92 ('ml_dsa' deseni 0 eşleşme; 110 dosya),hayır,tarama:COSE-020@2519a8538c92 ('composite' deseni 0 eşleşme; 110 dosya),hayır,tarama:COSE-020@2519a8538c92 ('sd_jwt' deseni 0 eşleşme; 110 dosya),evet,https://github.com/ldclabs/cose/blob/2519a8538c924eba25e8e3cd1b7ce1a27ead84e1/cose/detached.go#L85-L97,test edilecek,YEDEK,,
COSE-021,COSE,@ldclabs/cose-ts,TypeScript,JS/TS,npm,@ldclabs/cose-ts,https://github.com/ldclabs/cose-ts,,K,npm:keywords:cose; npm:text=cose,4,ecosyste.ms,2026-09-24,797d33853d5b72a7a3e282fefa782777e2307cd3,git HEAD (varsayılan dal),1.7.1,2026-09-24,mit,ecosyste.ms,509,npm last-month,,0,0,,False,0.3,0.3,0.2895,0.2258,,,,belirsiz,incelenmedi,belirsiz,incelenmedi,belirsiz,incelenmedi,belirsiz,incelenmedi,belirsiz,incelenmedi,belirsiz,incelenmedi,belirsiz,incelenmedi,belirsiz,incelenmedi,test edilecek,DISLANDI,"K5[E2]: eşik altı (★4, aylık 509, bağımlı 0, toplam None)",
COSE-022,COSE,cose2,Rust,Rust,cargo,cose2,https://github.com/ldclabs/cose2,,K,crates:q=cose,1,deps.dev,2026-09-24,7f4824fcb5770ae48e1185209cdccd78da31b680,git HEAD (varsayılan dal),0.5.1,2026-09-23,MIT,deps.dev,768,crates.io recent_downloads(90g)/3,,0,0,,False,0.3421,0.1286,0.3421,0.2258,,,,belirsiz,incelenmedi,belirsiz,incelenmedi,belirsiz,incelenmedi,belirsiz,incelenmedi,belirsiz,incelenmedi,belirsiz,incelenmedi,belirsiz,incelenmedi,belirsiz,incelenmedi,test edilecek,DISLANDI,"K5[E2]: eşik altı (★1, aylık 768, bağımlı 0, toplam None)",
COSE-023,COSE,@levischuck/tiny-cose,TypeScript,JS/TS,npm,@levischuck/tiny-cose,https://github.com/levischuck/tiny-cose,,K,npm:text=cose,0,ecosyste.ms,2026-09-11,818c735800c4bf1eda16822c55ab2bfa2866dc4a,git HEAD (varsayılan dal),0.1.0,2026-09-11,mit,ecosyste.ms,408,npm last-month,,1,1,,False,0.5,0.0429,0.1842,0.5,,,,belirsiz,incelenmedi,belirsiz,incelenmedi,belirsiz,incelenmedi,belirsiz,incelenmedi,belirsiz,incelenmedi,belirsiz,incelenmedi,belirsiz,incelenmedi,belirsiz,incelenmedi,test edilecek,DISLANDI,"K5[E2]: eşik altı (★0, aylık 408, bağımlı 1, toplam None)",
REF-007,REF,Lumoin Verifiable,.NET,.NET,,,https://github.com/lumoin/verifiable,,T,topic:openid4vp,39,deps.dev,2026-08-23,27549a46c2f52264c2018925bc8283f3432979cb,git HEAD (varsayılan dal),,,Apache-2.0,deps.dev,,,,,,,False,0.4318,0.4318,,,,,,belirsiz,incelenmedi,belirsiz,incelenmedi,belirsiz,incelenmedi,belirsiz,incelenmedi,belirsiz,incelenmedi,belirsiz,incelenmedi,belirsiz,incelenmedi,belirsiz,incelenmedi,test edilecek,uygun-disarida,,
REF-008,REF,twdiw-vp-verifier-lite,TypeScript,JS/TS,,,https://github.com/mashbean/twdiw-vp-verifier-lite,,T,topic:sd-jwt-vc,8,ecosyste.ms,2026-09-07,5742a5f8045e8b43668c4e3754727364768b9d9f,git HEAD (varsayılan dal),,,gpl-3.0,ecosyste.ms,,,,,,,False,0.2045,0.2045,,,,,,belirsiz,incelenmedi,belirsiz,incelenmedi,belirsiz,incelenmedi,belirsiz,incelenmedi,belirsiz,incelenmedi,belirsiz,incelenmedi,belirsiz,incelenmedi,belirsiz,incelenmedi,test edilecek,DISLANDI,"K5[E2]: eşik altı (★8, aylık None, bağımlı None, toplam None)",
COSE-024,COSE,@mattrglobal/cose,TypeScript,JS/TS,npm,@mattrglobal/cose,https://github.com/mattrglobal/cose,,K,npm:text=cose,1,ecosyste.ms,2022-08-23,2253036ac471d2121cdc36609ca8b49325a36cd2,git HEAD (varsayılan dal),6.0.0,2026-07-27,"MirOS,Unicode-TOU",paket kaydı,8432,npm last-month,,2,1,,True,0.6053,0.1286,0.6053,0.5806,,,,belirsiz,incelenmedi,belirsiz,incelenmedi,belirsiz,incelenmedi,belirsiz,incelenmedi,belirsiz,incelenmedi,belirsiz,incelenmedi,belirsiz,incelenmedi,belirsiz,incelenmedi,test edilecek,DISLANDI,K2: son commit 2022-08-23 < 2024-09-23 | K3: depo arşivlenmiş,README: 'incomplete implementation of RFC 8152'
SDJWT-013,SDJWT,@meeco/sd-jwt,TypeScript,JS/TS,npm,@meeco/sd-jwt,https://github.com/meeco/sd-jwt,,K,npm:text=sd-jwt,7,deps.dev,2026-09-18,c730b6c1a572674ef5e2772e5493825fdd551b35,git HEAD (varsayılan dal),1.2.4,2026-08-24,Apache-2.0,deps.dev,909,npm last-month,,2,1,,False,0.8958,0.3448,0.2917,0.8958,,,,belirsiz,incelenmedi,belirsiz,incelenmedi,belirsiz,incelenmedi,belirsiz,incelenmedi,belirsiz,incelenmedi,belirsiz,incelenmedi,belirsiz,incelenmedi,belirsiz,incelenmedi,test edilecek,DISLANDI,"K5[E2]: eşik altı (★7, aylık 909, bağımlı 2, toplam None)",npm
SDJWT-014,SDJWT,go-sd-jwt,Go,Go,go,github.com/MichaelFraser99/go-sd-jwt/v2,https://github.com/michaelfraser99/go-sd-jwt,,K,pkg.go.dev:q=sd-jwt,9,deps.dev,2026-08-06,aa60a0213f8048e7edbeca92a97a78b3e4d09845,git HEAD (varsayılan dal),v2.0.2,2026-06-24,MIT,deps.dev,,,,0,0,,False,0.4483,0.4483,,0.3958,,,,belirsiz,incelenmedi,belirsiz,incelenmedi,belirsiz,incelenmedi,belirsiz,incelenmedi,belirsiz,incelenmedi,belirsiz,incelenmedi,belirsiz,incelenmedi,belirsiz,incelenmedi,test edilecek,DISLANDI,"K5[E2]: eşik altı (★9, aylık None, bağımlı 0, toplam None)",pkg.go.dev
COSE-025,COSE,cosesign1go,Go,Go,go,github.com/Microsoft/cosesign1go,https://github.com/microsoft/cosesign1go,,K,pkg.go.dev:q=cose,15,deps.dev,2026-09-10,147e3dc1c585614b6013f045eaad4b92636d9ac7,git HEAD (varsayılan dal),v1.7.0,2026-09-10,MIT,deps.dev,,,,4,1,,False,0.6935,0.4429,,0.6935,,,,belirsiz,incelenmedi,belirsiz,incelenmedi,belirsiz,incelenmedi,belirsiz,incelenmedi,belirsiz,incelenmedi,belirsiz,incelenmedi,belirsiz,incelenmedi,belirsiz,incelenmedi,test edilecek,DISLANDI,"K5[E2]: eşik altı (★15, aylık None, bağımlı 4, toplam None)",COSE_Sign1 Go kütüphanesi
COSE-026,COSE,CoseSignTool (CoseSign1),.NET,.NET,nuget,CoseSign1,https://github.com/microsoft/cosesigntool,,T,topic:cose,52,ecosyste.ms,2026-09-22,a965dee8bb826cfdcd8baa52e5ee5d887a4fd049,git HEAD (varsayılan dal),,,mit,ecosyste.ms,,,,,,,False,0.8714,0.8714,,,,,,belirsiz,incelenmedi,belirsiz,incelenmedi,belirsiz,incelenmedi,belirsiz,incelenmedi,belirsiz,incelenmedi,belirsiz,incelenmedi,belirsiz,incelenmedi,belirsiz,incelenmedi,test edilecek,uygun-disarida,,COSE_Sign1 kütüphanesi + CLI
COSE-027,COSE,DataProofsDotnet.Cose,.NET,.NET,nuget,DataProofsDotnet.Cose,https://github.com/moisesja/dataproofs-dotnet,,K,nuget:q=cose; nuget:q=sd-jwt,0,deps.dev,2026-08-05,377cb8e8efd61cd8c6ea4e41bd924205c38e28e2,git HEAD (varsayılan dal),1.3.0,2026-08-05,Apache-2.0,deps.dev,,,3155,0,0,,False,0.2258,0.0429,,0.2258,0.125,,,belirsiz,incelenmedi,belirsiz,incelenmedi,belirsiz,incelenmedi,belirsiz,incelenmedi,belirsiz,incelenmedi,belirsiz,incelenmedi,belirsiz,incelenmedi,belirsiz,incelenmedi,test edilecek,DISLANDI,"K5[E2]: eşik altı (★0, aylık None, bağımlı 0, toplam 3155)",JOSE/COSE zarflama kanıtları
COSE-028,COSE,go-cose (mozilla),Go,Go,go,go.mozilla.org/cose,https://github.com/mozilla-services/go-cose,,K+T,pkg.go.dev:q=cose; topic:cose,40,deps.dev,2022-08-18,18d34e90336ddbe7bb992f6b434b0343092ecaba,git HEAD (varsayılan dal),v0.0.0-20220818192640-18d34e90336d,2022-08-18,mpl-2.0,ecosyste.ms,,,,7,9,3.9,True,0.8548,0.7857,,0.8548,,,,belirsiz,incelenmedi,belirsiz,incelenmedi,belirsiz,incelenmedi,belirsiz,incelenmedi,belirsiz,incelenmedi,belirsiz,incelenmedi,belirsiz,incelenmedi,belirsiz,incelenmedi,test edilecek,DISLANDI,K2: son commit 2022-08-18 < 2024-09-23 | K3: depo arşivlenmiş,
COSE-029,COSE,basil-cose,Rust,Rust,cargo,basil-cose,https://github.com/openbasil/basil,,K,crates:q=cose,2,deps.dev,2026-09-04,29d5a68887f88e3927bafb3848f23c4ddfdac22d,git HEAD (varsayılan dal),0.7.1,2026-07-09,Apache-2.0,deps.dev,146,crates.io recent_downloads(90g)/3,,0,0,,False,0.2258,0.1857,0.0263,0.2258,,,,belirsiz,incelenmedi,belirsiz,incelenmedi,belirsiz,incelenmedi,belirsiz,incelenmedi,belirsiz,incelenmedi,belirsiz,incelenmedi,belirsiz,incelenmedi,belirsiz,incelenmedi,test edilecek,DISLANDI,"K5[E2]: eşik altı (★2, aylık 146, bağımlı 0, toplam None)",
REF-009,REF,@openeudi/openid4vp,TypeScript,JS/TS,npm,@openeudi/openid4vp,https://github.com/openeudi/openid4vp,,K,npm:text=sd-jwt,3,deps.dev,2026-09-24,d83d81c905d60da95272174023b7a04e3f5c3f76,git HEAD (varsayılan dal),0.11.1,2026-09-06,Apache-2.0,deps.dev,1440,npm last-month,,0,0,,False,0.5,0.0909,0.5,0.4286,,,,belirsiz,incelenmedi,belirsiz,incelenmedi,belirsiz,incelenmedi,belirsiz,incelenmedi,belirsiz,incelenmedi,belirsiz,incelenmedi,belirsiz,incelenmedi,belirsiz,incelenmedi,test edilecek,DISLANDI,"K5[E2]: eşik altı (★3, aylık 1440, bağımlı 0, toplam None)",
SDJWT-015,SDJWT,identity-common-ts (@sd-jwt/core),TypeScript,JS/TS,npm,@sd-jwt/core,https://github.com/openwallet-foundation-labs/identity-common-ts,packages/sd-jwt-core,H+K+P,npm:text=cose; npm:text=sd-jwt,7,ecosyste.ms,2026-09-22,e182c6444f6d185c3d4ec038386418bdcbbfcd20,git HEAD (varsayılan dal),0.21.0,2026-09-16,apache-2.0,ecosyste.ms,100439,npm last-month,,0,0,,False,0.9583,0.3448,0.9583,0.3958,,,,evet,https://github.com/openwallet-foundation-labs/identity-common-ts/blob/e182c6444f6d185c3d4ec038386418bdcbbfcd20/packages/sd-jwt-core/src/index.ts#L554-L661,belirsiz,https://github.com/openwallet-foundation-labs/identity-common-ts/blob/e182c6444f6d185c3d4ec038386418bdcbbfcd20/packages/sd-jwt-core/src/index.ts#L812-L819,cagri-basina,https://github.com/openwallet-foundation-labs/identity-common-ts/blob/e182c6444f6d185c3d4ec038386418bdcbbfcd20/packages/sd-jwt-core/src/index.ts#L812-L813,belirsiz,https://github.com/openwallet-foundation-labs/identity-common-ts/blob/e182c6444f6d185c3d4ec038386418bdcbbfcd20/packages/sd-jwt-core/src/index.ts#L812-L813,belirsiz,https://github.com/openwallet-foundation-labs/identity-common-ts/blob/e182c6444f6d185c3d4ec038386418bdcbbfcd20/packages/sd-jwt-core/src/index.ts#L812-L813,hayır,tarama:SDJWT-015@e182c6444f6d ('composite' deseni 0 eşleşme; 39 dosya),evet,https://github.com/openwallet-foundation-labs/identity-common-ts/blob/e182c6444f6d185c3d4ec038386418bdcbbfcd20/packages/sd-jwt-core/README.md#L8,uygulanamaz,tarama:SDJWT-015@e182c6444f6d ('cose_sign' deseni 0 eşleşme; 39 dosya),test edilecek,SECILDI,,"sd-jwt-js'nin halefi: sd-jwt-js README 'PROJECT ARCHIVED … visit the Identity Common-TS Repository'; npm @sd-jwt/core repository.directory=packages/sd-jwt-core. Pilot kütüphanesi (0.21.0). Aynı depoda @owf/cose, @owf/mdoc, @openid4vc/* var; birim @sd-jwt/core"
SDJWT-016,SDJWT,sd-jwt-dotnet (SdJwt.Net),.NET,.NET,nuget,SdJwt.Net,https://github.com/openwallet-foundation-labs/sd-jwt-dotnet,,K+O+T,nuget:q=cose; nuget:q=sd-jwt; org:openwallet-foundation-labs; topic:sd-jwt,5,deps.dev,2026-06-26,b3a0f1e300ccd5029f5ed4323c810b360a7666a7,git HEAD (varsayılan dal),1.0.9,2026-06-26,Apache-2.0,deps.dev,,,7120,0,0,,False,0.3958,0.2414,,0.3958,0.1667,,,belirsiz,incelenmedi,belirsiz,incelenmedi,belirsiz,incelenmedi,belirsiz,incelenmedi,belirsiz,incelenmedi,belirsiz,incelenmedi,belirsiz,incelenmedi,belirsiz,incelenmedi,test edilecek,uygun-disarida,,OWF-Labs; birim SdJwt.Net (SdJwt.Net.* alt paketleri aynı depo)
SDJWT-017,SDJWT,sd-jwt-kotlin,Kotlin,JVM,maven,org.sd-jwt:sd-jwt-kotlin,https://github.com/openwallet-foundation-labs/sd-jwt-kotlin,,O,org:openwallet-foundation-labs,25,deps.dev,2024-05-09,ba4abdcd447a5f0458ca4862eef179cc4666b716,git HEAD (varsayılan dal),0.0.0,2022-09-07,Apache-2.0,deps.dev,,,,,,,False,0.7241,0.7241,,,,,,belirsiz,incelenmedi,belirsiz,incelenmedi,belirsiz,incelenmedi,belirsiz,incelenmedi,belirsiz,incelenmedi,belirsiz,incelenmedi,belirsiz,incelenmedi,belirsiz,incelenmedi,test edilecek,DISLANDI,K2: son commit 2024-05-09 < 2024-09-23,OWF-Labs
SDJWT-018,SDJWT,sd-jwt-python,Python,Python,pypi,sd-jwt,https://github.com/openwallet-foundation-labs/sd-jwt-python,,O,org:openwallet-foundation-labs,20,deps.dev,2026-08-17,c5fda017d15e65a6c61a31e696bcdbdab2966b1e,git HEAD (varsayılan dal),0.10.4,2024-02-16,Apache-2.0,deps.dev,22461,pypistats last_month,,1,4,,False,0.875,0.6552,0.875,0.8333,,,,evet,https://github.com/openwallet-foundation-labs/sd-jwt-python/blob/c5fda017d15e65a6c61a31e696bcdbdab2966b1e/src/sd_jwt/common.py#L152-L194,belirsiz,https://github.com/openwallet-foundation-labs/sd-jwt-python/blob/c5fda017d15e65a6c61a31e696bcdbdab2966b1e/src/sd_jwt/verifier.py#L52-L65,cagri-basina,https://github.com/openwallet-foundation-labs/sd-jwt-python/blob/c5fda017d15e65a6c61a31e696bcdbdab2966b1e/src/sd_jwt/verifier.py#L52-L65,evet,https://github.com/openwallet-foundation-labs/sd-jwt-python/blob/c5fda017d15e65a6c61a31e696bcdbdab2966b1e/src/sd_jwt/verifier.py#L62-L65,belirsiz,tarama:SDJWT-018@c5fda017d15e (ml_dsa 0 eşleşme),hayır,tarama:SDJWT-018@c5fda017d15e ('composite' deseni 0 eşleşme; 19 dosya),evet,https://github.com/openwallet-foundation-labs/sd-jwt-python/blob/c5fda017d15e65a6c61a31e696bcdbdab2966b1e/src/sd_jwt/verifier.py#L52-L65,uygulanamaz,tarama:SDJWT-018@c5fda017d15e ('cose_sign' deseni 0 eşleşme; 19 dosya),test edilecek,SECILDI,,OWF-Labs referans uygulaması
SDJWT-019,SDJWT,sd-jwt-rust,Rust,Rust,cargo,sd-jwt-rs,https://github.com/openwallet-foundation-labs/sd-jwt-rust,,K+O,crates:q=sd-jwt; org:openwallet-foundation-labs,20,deps.dev,2026-09-10,60d68c3c662360ab3670c59a3cc50344ca60c794,git HEAD (varsayılan dal),0.7.1,2024-10-18,Apache-2.0,deps.dev,9629,crates.io recent_downloads(90g)/3,,0,0,,False,0.7083,0.6552,0.7083,0.3958,,,,hayır,https://github.com/openwallet-foundation-labs/sd-jwt-rust/blob/60d68c3c662360ab3670c59a3cc50344ca60c794/src/lib.rs#L425-L430,uygulanamaz,https://github.com/openwallet-foundation-labs/sd-jwt-rust/blob/60d68c3c662360ab3670c59a3cc50344ca60c794/src/lib.rs#L425-L430,belirsiz,incelenmedi,belirsiz,incelenmedi,hayır,tarama:SDJWT-019@60d68c3c6623 ('ml_dsa' deseni 0 eşleşme; 24 dosya),hayır,tarama:SDJWT-019@60d68c3c6623 ('composite' deseni 0 eşleşme; 24 dosya),evet,https://github.com/openwallet-foundation-labs/sd-jwt-rust/blob/60d68c3c662360ab3670c59a3cc50344ca60c794/src/lib.rs#L153-L159,uygulanamaz,tarama:SDJWT-019@60d68c3c6623 ('cose_sign' deseni 0 eşleşme; 24 dosya),test edilecek,YEDEK,,OWF-Labs referans uygulaması
SDJWT-020,SDJWT,sd-jwt-vc-dm,TypeScript,JS/TS,npm,sd-jwt-vcdm,https://github.com/openwallet-foundation-labs/sd-jwt-vc-dm,,O+T,org:openwallet-foundation-labs; topic:sd-jwt,12,ecosyste.ms,2025-04-23,93ea03337039a6a9d80014468cb1a5f7ce0d1819,git HEAD (varsayılan dal),0.1.1,2025-02-09,apache-2.0,ecosyste.ms,20,npm last-month,,0,0,,False,0.5,0.5,0.0417,0.3958,,,,evet,https://github.com/openwallet-foundation-labs/sd-jwt-vc-dm/blob/93ea03337039a6a9d80014468cb1a5f7ce0d1819/packages/jades/src/present.ts#L4-L46,belirsiz,incelenmedi,belirsiz,incelenmedi,belirsiz,incelenmedi,hayır,tarama:SDJWT-020@93ea03337039 ('ml_dsa' deseni 0 eşleşme; 49 dosya),hayır,tarama:SDJWT-020@93ea03337039 ('composite' deseni 0 eşleşme; 49 dosya),belirsiz,incelenmedi,uygulanamaz,tarama:SDJWT-020@93ea03337039 ('cose_sign' deseni 0 eşleşme; 49 dosya),test edilecek,YEDEK,,OWF-Labs; SD-JWT VCDM
SDJWT-021,SDJWT,wallet-framework-dotnet (WalletFramework.SdJwtVc),.NET,.NET,nuget,WalletFramework.SdJwtVc,https://github.com/openwallet-foundation-labs/wallet-framework-dotnet,,K,nuget:q=sd-jwt,32,deps.dev,2026-09-24,091bea2207b97846776e0a4bad8855dc8908a8a3,git HEAD (varsayılan dal),3.1.0,2026-08-12,Apache-2.0,deps.dev,,,83367,0,0,,False,0.8333,0.7759,,0.3958,0.8333,,,hayır,https://github.com/openwallet-foundation-labs/wallet-framework-dotnet/blob/091bea2207b97846776e0a4bad8855dc8908a8a3/src/WalletFramework.SdJwtLib/Models/SdJwtDoc.cs#L50-L67,uygulanamaz,https://github.com/openwallet-foundation-labs/wallet-framework-dotnet/blob/091bea2207b97846776e0a4bad8855dc8908a8a3/src/WalletFramework.SdJwtLib/Models/SdJwtDoc.cs#L50-L67,genel,https://github.com/openwallet-foundation-labs/wallet-framework-dotnet/blob/091bea2207b97846776e0a4bad8855dc8908a8a3/src/WalletFramework.SdJwtLib/Models/SdJwtDoc.cs#L61,belirsiz,incelenmedi,hayır,tarama:SDJWT-021@091bea2207b9 ('ml_dsa' deseni 0 eşleşme; 884 dosya),hayır,tarama:SDJWT-021@091bea2207b9 ('composite' deseni 0 eşleşme; 884 dosya),evet,https://github.com/openwallet-foundation-labs/wallet-framework-dotnet/blob/091bea2207b97846776e0a4bad8855dc8908a8a3/src/WalletFramework.SdJwtLib/Models/SdJwtDoc.cs#L50-L67,belirsiz,incelenmedi,test edilecek,SECILDI,,OWF-Labs; .NET çerçevesinin SD-JWT VC paketi
REF-010,REF,ACA-Py oid4vc eklentisi,Python,Python,,,https://github.com/openwallet-foundation/acapy-plugins,oid4vc,G,Sürüm 3 §9.2; görev tanımı,10,ecosyste.ms,2026-09-23,18c7d1f3c8497e0bc35797d26f3417ce96afeee9,git HEAD (varsayılan dal),,,apache-2.0,ecosyste.ms,,,,,,,False,0.25,0.25,,,,,,belirsiz,incelenmedi,belirsiz,incelenmedi,belirsiz,incelenmedi,belirsiz,incelenmedi,hayır,tarama:REF-010@18c7d1f3c849 ('ml_dsa' deseni 0 eşleşme; 212 dosya),hayır,tarama:REF-010@18c7d1f3c849 ('composite' deseni 0 eşleşme; 212 dosya),belirsiz,incelenmedi,hayır,tarama:REF-010@18c7d1f3c849 ('cose_sign' deseni 0 eşleşme; 212 dosya),test edilecek,SECILDI,,plan §9.2 (ACA-Py oid4vc); depo yıldızı eklenti koleksiyonunundur
REF-011,REF,Credo openid4vc,TypeScript,JS/TS,npm,@credo-ts/openid4vc,https://github.com/openwallet-foundation/credo-ts,packages/openid4vc,G+T,topic:sd-jwt-vc,352,deps.dev,2026-09-23,7d825d122e5564960ac8e3ecc14f12bab1b955d9,git HEAD (varsayılan dal),0.7.1,2026-09-17,Apache-2.0,deps.dev,16818,npm last-month,,0,0,,False,0.9773,0.9773,0.8333,0.4286,,,,belirsiz,incelenmedi,belirsiz,incelenmedi,belirsiz,incelenmedi,belirsiz,incelenmedi,hayır,tarama:REF-011@7d825d122e55 ('ml_dsa' deseni 0 eşleşme; 113 dosya),hayır,tarama:REF-011@7d825d122e55 ('composite' deseni 0 eşleşme; 113 dosya),belirsiz,incelenmedi,hayır,tarama:REF-011@7d825d122e55 ('cose_sign' deseni 0 eşleşme; 113 dosya),test edilecek,SECILDI,,plan §9.2 (Credo openid4vc)
REF-012,REF,EUDIPLO,TypeScript,JS/TS,,,https://github.com/openwallet-foundation/eudiplo,,Gt,görev tanımı (Adım 9a) + OWF kuruluş listesi,52,ecosyste.ms,2026-09-24,4c3e7352d279675730b798cbe49096ee016addb3,git HEAD (varsayılan dal),,,apache-2.0,ecosyste.ms,,,,,,,False,0.5682,0.5682,,,,,,belirsiz,incelenmedi,belirsiz,incelenmedi,belirsiz,incelenmedi,belirsiz,incelenmedi,belirsiz,incelenmedi,belirsiz,incelenmedi,belirsiz,incelenmedi,belirsiz,incelenmedi,test edilecek,uygun-disarida,,OWF kuruluş listesinde (ad/açıklama süzgecine takılmadı: 'EUDI Wallet integration'); görev tanımındaki 'diğer açık kaynak OID4VP doğrulayıcıları' kapsamında elle eklendi
REF-013,REF,Multipaz,Kotlin,JVM,,,https://github.com/openwallet-foundation/multipaz,,T,topic:openid4vp,295,deps.dev,2026-09-16,e4b1d4381be562064a284dc0278899f5313eba58,git HEAD (varsayılan dal),,,Apache-2.0,deps.dev,,,,,,,False,0.8864,0.8864,,,,,,belirsiz,incelenmedi,belirsiz,incelenmedi,belirsiz,incelenmedi,belirsiz,incelenmedi,belirsiz,incelenmedi,belirsiz,incelenmedi,belirsiz,incelenmedi,belirsiz,incelenmedi,test edilecek,uygun-disarida,,mdoc ağırlıklı SDK; SD-JWT VC doğrulayıcı rolü incelenecek
REF-014,REF,eudi-rp-ts,TypeScript,JS/TS,npm,@sauseschritt/eudi-rp-ts,https://github.com/polyrainbow/eudi-rp-ts,,K,npm:text=sd-jwt,1,ecosyste.ms,2026-09-03,0ae96d7a1ff6e7b558906a317cfc45d50621ffef,git HEAD (varsayılan dal),0.3.0,2026-08-13,apache-2.0,ecosyste.ms,43,npm last-month,,0,0,,False,0.4286,0.0227,0.1667,0.4286,,,,belirsiz,incelenmedi,belirsiz,incelenmedi,belirsiz,incelenmedi,belirsiz,incelenmedi,belirsiz,incelenmedi,belirsiz,incelenmedi,belirsiz,incelenmedi,belirsiz,incelenmedi,test edilecek,DISLANDI,"K5[E2]: eşik altı (★1, aylık 43, bağımlı 0, toplam None)",
REF-015,REF,irmago (Yivi),Go,Go,go,github.com/privacybydesign/irmago,https://github.com/privacybydesign/irmago,,K,pkg.go.dev:q=sd-jwt,86,deps.dev,2026-09-21,223bcad33d3f2e54504836bf9bcf8ea776181245,git HEAD (varsayılan dal),v1.4.0,2026-09-21,Apache-2.0,deps.dev,,,,9,15,6,False,0.9286,0.75,,0.9286,,,,belirsiz,incelenmedi,belirsiz,incelenmedi,belirsiz,incelenmedi,belirsiz,incelenmedi,evet,https://github.com/privacybydesign/irmago/blob/223bcad33d3f2e54504836bf9bcf8ea776181245/eudi/jwt/signature_algorithms.go#L19-L22,hayır,tarama:REF-015@223bcad33d3f ('composite' deseni 0 eşleşme; 484 dosya),evet,https://pkg.go.dev/github.com/privacybydesign/irmago/eudi/credentials/sdjwtvc,belirsiz,incelenmedi,test edilecek,YEDEK,,pkg.go.dev: eudi/credentials/sdjwtvc
REF-016,REF,Procivis One Core,Rust,Rust,kaynak,,https://github.com/procivis/one-core,,T,topic:oid4vp; topic:openid4vp; topic:sd-jwt; topic:sd-jwt-vc,162,deps.dev,2026-09-11,ed62dab3c62de1fbc24db97a8022fcb780057a51,git HEAD (varsayılan dal),,,Apache-2.0,deps.dev,,,,,,,False,0.8409,0.8409,,,,,,belirsiz,incelenmedi,belirsiz,incelenmedi,belirsiz,incelenmedi,belirsiz,incelenmedi,belirsiz,incelenmedi,belirsiz,incelenmedi,belirsiz,incelenmedi,belirsiz,incelenmedi,test edilecek,uygun-disarida,,
SDJWT-022,SDJWT,sdjwt (Rust),Rust,Rust,cargo,sdjwt,https://github.com/robjsliwa/sd-jwt,,K,crates:q=sd-jwt,0,deps.dev,2024-10-30,c671b9eaaef00a67ebbae8ec4fe3c9daff9e4517,git HEAD (varsayılan dal),0.8.1,2024-10-30,MIT,deps.dev,124,crates.io recent_downloads(90g)/3,,0,0,,False,0.3958,0.069,0.125,0.3958,,,,belirsiz,incelenmedi,belirsiz,incelenmedi,belirsiz,incelenmedi,belirsiz,incelenmedi,belirsiz,incelenmedi,belirsiz,incelenmedi,belirsiz,incelenmedi,belirsiz,incelenmedi,test edilecek,DISLANDI,"K5[E2]: eşik altı (★0, aylık 124, bağımlı 0, toplam None)",crates.io
SDJWT-023,SDJWT,Sphereon IDK,Kotlin,JVM,,,https://github.com/sphereon-opensource/identity-development-kit,,H,Sphereon SSI-SDK README: 'moving forward development will be focussed on our multiplatform IDK',4,ecosyste.ms,2026-09-24,3958d62ce394ba66a26cf59f0eac367518b8d366,git HEAD (varsayılan dal),,,apache-2.0,ecosyste.ms,,,,,,,False,0.1897,0.1897,,,,,,belirsiz,incelenmedi,belirsiz,incelenmedi,belirsiz,incelenmedi,belirsiz,incelenmedi,belirsiz,incelenmedi,belirsiz,incelenmedi,belirsiz,incelenmedi,belirsiz,incelenmedi,test edilecek,DISLANDI,"K5[E2]: eşik altı (★4, aylık None, bağımlı None, toplam None)",SSI-SDK README'sinin gösterdiği halef
REF-017,REF,Sphereon OID4VC (RP modülleri),TypeScript,JS/TS,,,https://github.com/sphereon-opensource/oid4vc,,Gt+T,topic:oid4vp,92,deps.dev,2026-07-03,a6137fb4acf991b70a1979f0527743f5eb68cf4c,git HEAD (varsayılan dal),,,Apache-2.0,deps.dev,,,,,,,False,0.7955,0.7955,,,,,,belirsiz,incelenmedi,belirsiz,incelenmedi,belirsiz,incelenmedi,belirsiz,incelenmedi,belirsiz,incelenmedi,belirsiz,incelenmedi,belirsiz,incelenmedi,belirsiz,incelenmedi,test edilecek,uygun-disarida,,görev tanımı (Sphereon); SIOP-OID4VP bu depoya taşındı
SDJWT-024,SDJWT,Sphereon SSI-SDK (@sphereon/ssi-sdk.sd-jwt),TypeScript,JS/TS,npm,@sphereon/ssi-sdk.sd-jwt,https://github.com/sphereon-opensource/ssi-sdk,packages/sd-jwt,K+T,npm:text=sd-jwt; topic:oid4vp,75,deps.dev,2026-07-03,4f8b21c24659259843b4b802e4a68a635989a590,git HEAD (varsayılan dal),0.40.1,2026-07-03,Apache-2.0,deps.dev,2016,npm last-month,,0,0,,False,0.8793,0.8793,0.4583,0.3958,,,,belirsiz,incelenmedi,belirsiz,incelenmedi,belirsiz,incelenmedi,belirsiz,incelenmedi,belirsiz,incelenmedi,belirsiz,incelenmedi,belirsiz,incelenmedi,belirsiz,incelenmedi,test edilecek,DISLANDI,"K3: README: 'The Typescript SDK is a legacy SDK, moving forward development will be focussed on our multiplatform IDK' (https://github.com/Sphereon-Opensource/SSI-SDK/blob/HEAD/README.md); halefi Sphereon IDK (H) çerçevede",README: 'legacy SDK … development will be focussed on our multiplatform IDK'
REF-018,REF,Spruce openid4vp,Rust,Rust,,,https://github.com/spruceid/openid4vp,,Gt,görev tanımı (Adım 9a),16,ecosyste.ms,2026-07-27,e5f29b85f14ca0b3c6eb6852e4d2d158f601fd63,git HEAD (varsayılan dal),,,,,,,,,,,False,0.3864,0.3864,,,,,,belirsiz,incelenmedi,belirsiz,incelenmedi,belirsiz,incelenmedi,belirsiz,incelenmedi,belirsiz,incelenmedi,belirsiz,incelenmedi,belirsiz,incelenmedi,belirsiz,incelenmedi,test edilecek,DISLANDI,"K4: açık lisans doğrulanamadı (yok; kaynak: -) | K5[E2]: eşik altı (★16, aylık None, bağımlı None, toplam None)",görev tanımı (Spruce)
SDJWT-025,SDJWT,spruceid/ssi (ssi-sd-jwt),Rust,Rust,cargo,ssi-sd-jwt,https://github.com/spruceid/ssi,,K,crates:q=cose; crates:q=sd-jwt,264,deps.dev,2026-09-14,d7593b911ee4b15365adb5b352d3631bef2aaa3b,git HEAD (varsayılan dal),0.6.0,2026-02-13,Apache-2.0,deps.dev,17273,crates.io recent_downloads(90g)/3,,0,0,4.1,False,0.9828,0.9828,0.7917,0.3958,,,,belirsiz,tarama:SDJWT-025@d7593b911ee4 (general_json eşleşmeleri Data Integrity bağlamında),belirsiz,incelenmedi,belirsiz,incelenmedi,evet,https://github.com/spruceid/ssi/blob/d7593b911ee4b15365adb5b352d3631bef2aaa3b/crates/claims/crates/jws/src/lib.rs#L680-L682,hayır,tarama:SDJWT-025@d7593b911ee4 ('ml_dsa' deseni 0 eşleşme; 409 dosya),hayır,tarama:SDJWT-025@d7593b911ee4 ('composite' deseni 0 eşleşme; 409 dosya),evet,https://crates.io/crates/ssi-sd-jwt,uygulanamaz,tarama:SDJWT-025@d7593b911ee4 ('cose_sign' deseni 0 eşleşme; 409 dosya),test edilecek,SECILDI,,Spruce ssi; birim ssi-sd-jwt (aynı depoda ssi-cose ve ssi-vc-jose-cose)
REF-019,REF,SUNET vc,Go,Go,go,github.com/SUNET/vc,https://github.com/sunet/vc,,K,pkg.go.dev:q=sd-jwt,14,deps.dev,2026-09-23,f3d0858bb78f9c990ae95f58eb7c4366bd851269,git HEAD (varsayılan dal),v0.7.20,2026-09-18,bsd-2-clause,ecosyste.ms,,,,0,0,,False,0.4286,0.2955,,0.4286,,,,belirsiz,incelenmedi,belirsiz,incelenmedi,belirsiz,incelenmedi,belirsiz,incelenmedi,belirsiz,incelenmedi,belirsiz,incelenmedi,belirsiz,incelenmedi,belirsiz,incelenmedi,test edilecek,DISLANDI,"K5[E2]: eşik altı (★14, aylık None, bağımlı 0, toplam None)",pkg.go.dev
SDJWT-026,SDJWT,TBD ssi-sdk (sd-jwt),Go,Go,go,github.com/TBD54566975/ssi-sdk,https://github.com/tbd54566975/ssi-sdk,sd-jwt,K,pkg.go.dev:q=sd-jwt,211,deps.dev,2024-10-03,5ff932dc6d35564a2be8d05d23657895c6c0c5f4,git HEAD (varsayılan dal),v0.0.4-alpha.0.20241003180933-5ff932dc6d35,2024-10-03,Apache-2.0,deps.dev,,,,8,5,4.7,True,0.9375,0.9138,,0.9375,,,,belirsiz,incelenmedi,belirsiz,incelenmedi,belirsiz,incelenmedi,belirsiz,incelenmedi,belirsiz,incelenmedi,belirsiz,incelenmedi,belirsiz,incelenmedi,belirsiz,incelenmedi,test edilecek,DISLANDI,K3: depo arşivlenmiş | K3: README: 'This repository is not actively being maintained' (https://github.com/TBD54566975/ssi-sdk/blob/HEAD/README.md),README: 'not actively being maintained'
COSE-030,COSE,pycose,Python,Python,pypi,pycose,https://github.com/timothyclaeys/pycose,,K+T,pypi:ad=pycose; topic:cose,45,deps.dev,2025-10-09,1458ddf14efffbd00bc4052d9026b63da725098e,git HEAD (varsayılan dal),1.1.0,2023-12-15,BSD-1-Clause,paket kaydı,46896,pypistats last_month,,5,20,,False,0.8158,0.8143,0.8158,0.7581,,,,belirsiz,incelenmedi,belirsiz,incelenmedi,belirsiz,incelenmedi,belirsiz,incelenmedi,belirsiz,incelenmedi,belirsiz,incelenmedi,belirsiz,incelenmedi,belirsiz,incelenmedi,test edilecek,uygun-disarida,,
COSE-031,COSE,cose-rust (tramires),Rust,Rust,cargo,cose-rust,https://github.com/tramires/cose-rust,,K+T,crates:q=cose; topic:cose,7,deps.dev,2025-12-12,4b6a36afc78130c4fb4a0cace21d9b31cda4b6a8,git HEAD (varsayılan dal),0.1.8,2025-12-12,MIT,deps.dev,23534,crates.io recent_downloads(90g)/3,,2,1,2,False,0.7632,0.3571,0.7632,0.5806,,,,belirsiz,incelenmedi,belirsiz,incelenmedi,belirsiz,incelenmedi,belirsiz,incelenmedi,belirsiz,incelenmedi,belirsiz,incelenmedi,belirsiz,incelenmedi,belirsiz,incelenmedi,test edilecek,uygun-disarida,,
COSE-032,COSE,@transmute/cose,TypeScript,JS/TS,npm,@transmute/cose,https://github.com/transmute-industries/cose,,K,npm:text=cose,3,ecosyste.ms,2025-07-21,b935f900f598048064727de6deae47bcadc841b0,git HEAD (varsayılan dal),0.3.0,2024-10-03,apache-2.0,ecosyste.ms,149,npm last-month,,3,1,,False,0.629,0.2286,0.0789,0.629,,,,belirsiz,incelenmedi,belirsiz,incelenmedi,belirsiz,incelenmedi,belirsiz,incelenmedi,belirsiz,incelenmedi,belirsiz,incelenmedi,belirsiz,incelenmedi,belirsiz,incelenmedi,test edilecek,DISLANDI,"K5[E2]: eşik altı (★3, aylık 149, bağımlı 3, toplam None)",
SDJWT-027,SDJWT,vc-jwt-sd,TypeScript,JS/TS,,,https://github.com/transmute-industries/vc-jwt-sd,,T,topic:sd-jwt,6,ecosyste.ms,2024-08-10,25bb6d3ce391cece39de777edfaa78671d063bd8,git HEAD (varsayılan dal),,,apache-2.0,ecosyste.ms,,,,,,,False,0.2931,0.2931,,,,,,belirsiz,incelenmedi,belirsiz,incelenmedi,belirsiz,incelenmedi,belirsiz,incelenmedi,belirsiz,incelenmedi,belirsiz,incelenmedi,belirsiz,incelenmedi,belirsiz,incelenmedi,test edilecek,DISLANDI,"K2: son commit 2024-08-10 < 2024-09-23 | K5[E2]: eşik altı (★6, aylık None, bağımlı None, toplam None)",deneysel (açıklama)
REF-020,REF,Tessio verifier,.NET,.NET,nuget,Tessio.Verifier.Core,https://github.com/tripledownab/tessio-verifier,,K,nuget:q=cose; nuget:q=sd-jwt,3,deps.dev,2026-09-20,32b2a34e9381ff2f374dacd69659e743a27f5963,git HEAD (varsayılan dal),0.10.0,2026-09-20,Apache-2.0,deps.dev,,,4335,0,0,,False,0.75,0.0909,,0.4286,0.75,,,belirsiz,incelenmedi,belirsiz,incelenmedi,belirsiz,incelenmedi,belirsiz,incelenmedi,belirsiz,incelenmedi,belirsiz,incelenmedi,belirsiz,incelenmedi,belirsiz,incelenmedi,test edilecek,DISLANDI,"K5[E2]: eşik altı (★3, aylık None, bağımlı 0, toplam 4335)",
SDJWT-028,SDJWT,trustbloc/vc-go (sdjwt),Go,Go,go,github.com/trustbloc/vc-go,https://github.com/trustbloc/vc-go,sdjwt,K+T,pkg.go.dev:q=sd-jwt; topic:sd-jwt,16,deps.dev,2026-01-29,c99b4c46239ed48e808b22f443591ce87489cb20,git HEAD (varsayılan dal),v1.3.6,2026-01-29,Apache-2.0,deps.dev,,,,0,0,,False,0.5862,0.5862,,0.3958,,,,belirsiz,incelenmedi,belirsiz,incelenmedi,belirsiz,incelenmedi,belirsiz,incelenmedi,belirsiz,incelenmedi,belirsiz,incelenmedi,belirsiz,incelenmedi,belirsiz,incelenmedi,test edilecek,DISLANDI,"K5[E2]: eşik altı (★16, aylık None, bağımlı 0, toplam None)",TrustBloc VC kütüphanesi; sdjwt paketi
REF-021,REF,TrustBloc VCS,Go,Go,kaynak,,https://github.com/trustbloc/vcs,,T,topic:oid4vp,48,deps.dev,2026-02-19,8d7de0ab2288773485e3e5b4be1a116ca2c0981b,git HEAD (varsayılan dal),,,Apache-2.0,deps.dev,,,,,,,False,0.5227,0.5227,,,,,,belirsiz,incelenmedi,belirsiz,incelenmedi,belirsiz,incelenmedi,belirsiz,incelenmedi,belirsiz,incelenmedi,belirsiz,incelenmedi,belirsiz,incelenmedi,belirsiz,incelenmedi,test edilecek,uygun-disarida,,
REF-022,REF,vcknots,TypeScript,JS/TS,,,https://github.com/trustknots/vcknots,,T,topic:oid4vp,70,deps.dev,2026-09-15,cb2bb21b12ee37391ecb4ae22da3fe7a71a78f7d,git HEAD (varsayılan dal),,,Apache-2.0,deps.dev,,,,,,,False,0.7045,0.7045,,,,,,belirsiz,incelenmedi,belirsiz,incelenmedi,belirsiz,incelenmedi,belirsiz,incelenmedi,belirsiz,incelenmedi,belirsiz,incelenmedi,belirsiz,incelenmedi,belirsiz,incelenmedi,test edilecek,uygun-disarida,,
COSE-033,COSE,@vanaheimr/cose,TypeScript,JS/TS,npm,@vanaheimr/cose,https://github.com/vanaheimr/cose.ts,,K,npm:keywords:cose; npm:text=cose,1,ecosyste.ms,2026-09-10,2acbe5563b3bbfe2a9158d1ea43524858e763402,git HEAD (varsayılan dal),0.9.0,2026-08-22,apache-2.0,ecosyste.ms,435,npm last-month,,0,0,,False,0.2368,0.1286,0.2368,0.2258,,,,belirsiz,incelenmedi,belirsiz,incelenmedi,belirsiz,incelenmedi,belirsiz,incelenmedi,belirsiz,incelenmedi,belirsiz,incelenmedi,belirsiz,incelenmedi,belirsiz,incelenmedi,test edilecek,DISLANDI,"K5[E2]: eşik altı (★1, aylık 435, bağımlı 0, toplam None)",
COSE-034,COSE,go-cose (veraison),Go,Go,go,github.com/veraison/go-cose,https://github.com/veraison/go-cose,,K+T,pkg.go.dev:q=cose; topic:cose,66,deps.dev,2026-08-26,dea543bf9b89b0cef461c0d194747c9ed5e6666c,git HEAD (varsayılan dal),v1.3.0,2024-07-19,mpl-2.0,ecosyste.ms,,,,79,270,5.8,False,0.9839,0.9143,,0.9839,,,,uygulanamaz,https://github.com/veraison/go-cose,all,https://github.com/veraison/go-cose/blob/dea543bf9b89b0cef461c0d194747c9ed5e6666c/sign.go#L433-L437,cagri-basina,https://github.com/veraison/go-cose/blob/dea543bf9b89b0cef461c0d194747c9ed5e6666c/sign.go#L445-L470,evet,https://github.com/veraison/go-cose/blob/dea543bf9b89b0cef461c0d194747c9ed5e6666c/README.md#L293-L300,kısmi,https://github.com/veraison/go-cose/blob/dea543bf9b89b0cef461c0d194747c9ed5e6666c/README.md#L270-L322,hayır,tarama:COSE-034@dea543bf9b89 ('composite' deseni 0 eşleşme; 41 dosya),hayır,tarama:COSE-034 (sd_jwt deseninin eşleşmeleri yalnız güvenlik politikası 'Disclosure' metni),evet,https://github.com/veraison/go-cose/blob/dea543bf9b89b0cef461c0d194747c9ed5e6666c/sign.go#L433-L475,test edilecek,SECILDI,,
REF-023,REF,walt.id identity (verifier-api),Kotlin,JVM,,,https://github.com/walt-id/waltid-identity,waltid-services/waltid-verifier-api,Gt+T,topic:cose; topic:sd-jwt; topic:sd-jwt-vc,309,deps.dev,2026-09-24,bb5c4eb61e1f788483f46530d4d87818846e96e0,git HEAD (varsayılan dal),,,Apache-2.0,deps.dev,,,,,,,False,0.9318,0.9318,,,,,,belirsiz,incelenmedi,belirsiz,incelenmedi,belirsiz,incelenmedi,belirsiz,incelenmedi,hayır,tarama:REF-023@bb5c4eb61e1f ('ml_dsa' deseni 0 eşleşme; 34 dosya),hayır,tarama:REF-023@bb5c4eb61e1f ('composite' deseni 0 eşleşme; 34 dosya),belirsiz,incelenmedi,hayır,tarama:REF-023@bb5c4eb61e1f ('cose_sign' deseni 0 eşleşme; 34 dosya),test edilecek,YEDEK,,görev tanımı (walt.id)
COSE-035,COSE,web-auth/cose-lib,PHP,PHP,packagist,web-auth/cose-lib,https://github.com/web-auth/cose-lib,,T,topic:cose,19,deps.dev,2026-09-15,1c854bf63c5cd8d872d1e57ec7b891030f4ed314,git HEAD (varsayılan dal),4.8.2,2026-09-15,MIT,deps.dev,5002641,packagist monthly,22850129,15,221,,False,0.9737,0.5286,0.9737,0.9194,,,,uygulanamaz,https://github.com/web-auth/cose-lib,uygulamaya-birakilmis,https://github.com/web-auth/cose-lib/blob/1c854bf63c5cd8d872d1e57ec7b891030f4ed314/README.md#L114-L118,cagri-basina,https://github.com/web-auth/cose-lib/blob/1c854bf63c5cd8d872d1e57ec7b891030f4ed314/doc/Signing.md#L303-L306,hayır,https://github.com/web-auth/cose-lib/blob/1c854bf63c5cd8d872d1e57ec7b891030f4ed314/README.md#L115-L117,evet,https://github.com/web-auth/cose-lib/blob/1c854bf63c5cd8d872d1e57ec7b891030f4ed314/README.md#L30-L31,hayır,tarama:COSE-035@1c854bf63c5c ('composite' deseni 0 eşleşme; 342 dosya),hayır,tarama:COSE-035@1c854bf63c5c ('sd_jwt' deseni 0 eşleşme; 342 dosya),evet,https://github.com/web-auth/cose-lib/blob/1c854bf63c5cd8d872d1e57ec7b891030f4ed314/doc/Signing.md#L172-L236,test edilecek,SECILDI,,açıklama: 'Cose Key and Algorithms support'
COSE-036,COSE,wolfCOSE,C,C/C++,kaynak,,https://github.com/wolfssl/wolfcose,,T,topic:cose,76,ecosyste.ms,2026-09-17,f907071b10127f3ae2dd7719749a91b039ff04a1,git HEAD (varsayılan dal),,,gpl-3.0,ecosyste.ms,,,,,,,False,0.9571,0.9571,,,,,,uygulanamaz,https://github.com/wolfSSL/wolfCOSE,uygulamaya-birakilmis,https://github.com/wolfssl/wolfcose/blob/f907071b10127f3ae2dd7719749a91b039ff04a1/include/wolfcose/wolfcose.h#L1587-L1608,belirsiz,incelenmedi,belirsiz,incelenmedi,evet,https://github.com/wolfssl/wolfcose/blob/f907071b10127f3ae2dd7719749a91b039ff04a1/include/wolfcose/settings.h#L80-L88,hayır,tarama:COSE-036@f907071b1012 ('composite' deseni 0 eşleşme; 109 dosya),hayır,tarama:COSE-036@f907071b1012 ('sd_jwt' deseni 0 eşleşme; 109 dosya),evet,https://github.com/wolfssl/wolfcose/blob/f907071b10127f3ae2dd7719749a91b039ff04a1/include/wolfcose/wolfcose.h#L1538-L1545,test edilecek,SECILDI,,GPL-3.0
SDJWT-029,SDJWT,adorsys/sd-jwt,Java,JVM,maven,de.adorsys:sd-jwt,https://github.com/adorsys/sd-jwt,,K,maven:q=sd-jwt,1,ecosyste.ms,2024-09-12,09b47f1bc0b04c5348dd5a75815f03a3c15b2be8,git HEAD (varsayılan dal),1.2,2025-01-21,,,,,,,,,False,0.1552,0.1552,,,,,,belirsiz,incelenmedi,belirsiz,incelenmedi,belirsiz,incelenmedi,belirsiz,incelenmedi,belirsiz,incelenmedi,belirsiz,incelenmedi,belirsiz,incelenmedi,belirsiz,incelenmedi,test edilecek,DISLANDI,"K2: son commit 2024-09-12 < 2024-09-23 | K4: açık lisans doğrulanamadı (yok; kaynak: -) | K5[E2]: eşik altı (★1, aylık None, bağımlı None, toplam None)",Maven araması
COSE-037,COSE,System.Security.Cryptography.Cose,.NET,.NET,nuget,System.Security.Cryptography.Cose,https://github.com/dotnet/runtime,src/libraries/System.Security.Cryptography.Cose,K,nuget:q=cose,,kullanılmadı (tek-depo; depo ★18291),2026-09-24,6a48f796d5110849e860bfb3cc67af254c242557,git HEAD (varsayılan dal),10.0.12,2026-09-08,MIT,deps.dev,,,681131,0,0,6.5,False,0.625,,,0.2258,0.625,,,belirsiz,incelenmedi,belirsiz,incelenmedi,belirsiz,incelenmedi,belirsiz,incelenmedi,belirsiz,incelenmedi,belirsiz,incelenmedi,belirsiz,incelenmedi,belirsiz,incelenmedi,test edilecek,uygun-disarida,,.NET çalışma zamanının COSE kütüphanesi (dotnet/runtime; depo yıldızı bu bileşeni temsil etmez); birim System.Security.Cryptography.Cose; depo .NET çalışma zamanının tamamı
