vektor_id	politika	kol	birincil_mi	karar	dayanak	not
T1K_both_valid	L4	kontrol-EdDSA	evet	accept-classical	ÖK §6.5 “İhraççı başına gerekli küme R = {X}, izinli küme {A, X}.” (ON-KAYIT-TASLAK v0.8; ON-KAYIT-TASLAK.md:1054) ; JWTBCP §3.1 [T328] “MUST determine which algorithms are permitted for itself and that issuer and ensure that the received JWT complies with those requirements” (draft-ietf-oauth-rfc8725bis-10; JWTBCP.txt:482-485) ; ACM2 Note 51 [T135] “the veriﬁcation function accepting if and only if all signatures are correct” (ECCG ACM v2.0; ACM2.txt:946) ; ÖK §6.5 K1 “Çift imza (A + X), ikisi geçerli | KABUL” (ON-KAYIT-TASLAK v0.8; ON-KAYIT-TASLAK.md:1058)	vaka: K1 birincil | L4: tüm imzalar geçerli ve R={EdDSA} karşılandı [ES256=geçerli, EdDSA=geçerli]
T1K_both_valid	P2	kontrol-EdDSA	evet	accept-classical	ÖK §4.8 P1 “Mevcut imzaların tümü geçerliyse kabul. İmza silinmesi (soyma) fark edilmez” (ON-KAYIT-TASLAK v0.8; ON-KAYIT-TASLAK.md:776) ; ÖK §4.8 P2 “P1 + her imza, anahtarının bağlı olduğu algoritmayla doğrulanır” (ON-KAYIT-TASLAK v0.8; ON-KAYIT-TASLAK.md:777) ; RFC7515 §5.2 [T314] “it is an application decision which of the JWS Signature values must successfully validate” (RFC 7515; RFC7515.txt:810-812)	vaka: K1 birincil | P2: mevcut tüm imzalar geçerli (R=∅) [ES256=geçerli, EdDSA=geçerli]
T1K_both_valid	P0	kontrol-EdDSA	evet	accept-classical	RFC7515 §5.2 [T315] “at least one JWS Signature value MUST successfully validate, or the JWS MUST be considered invalid” (RFC 7515; RFC7515.txt:814-816) ; RFC7515 §5.2 [T314] “it is an application decision which of the JWS Signature values must successfully validate” (RFC 7515; RFC7515.txt:810-812) ; ÖK §4.8 P0 “En az bir imza geçerliyse kabul” (ON-KAYIT-TASLAK v0.8; ON-KAYIT-TASLAK.md:775)	vaka: K1 birincil | P0: en az bir izinli imza geçerli [ES256=geçerli, EdDSA=geçerli]
T2K_second_tampered	L4	kontrol-EdDSA	evet	reject	RFC7515 §5.2 (8) “Validate the JWS Signature against the JWS Signing Input” (RFC 7515; RFC7515.txt:873) ; ÖK §4.8 P1 “Mevcut imzaların tümü geçerliyse kabul. İmza silinmesi (soyma) fark edilmez” (ON-KAYIT-TASLAK v0.8; ON-KAYIT-TASLAK.md:776) ; ACM2 Note 51 [T135] “the veriﬁcation function accepting if and only if all signatures are correct” (ECCG ACM v2.0; ACM2.txt:946) ; ÖK §6.5 “İhraççı başına gerekli küme R = {X}, izinli küme {A, X}.” (ON-KAYIT-TASLAK v0.8; ON-KAYIT-TASLAK.md:1054) ; ÖK §6.5 K2 “X imzası bozuk | RED” (ON-KAYIT-TASLAK v0.8; ON-KAYIT-TASLAK.md:1059)	vaka: K2 birincil | L4: mevcut imzalardan en az biri geçersiz/izinsiz → tüm-mevcut-geçerli koşulu sağlanmıyor [ES256=geçerli, EdDSA=geçersiz (ikinci imzada bayt 5 bit 0 çevrildi)]
T2K_second_tampered	P2	kontrol-EdDSA	evet	reject	RFC7515 §5.2 (8) “Validate the JWS Signature against the JWS Signing Input” (RFC 7515; RFC7515.txt:873) ; ÖK §4.8 P1 “Mevcut imzaların tümü geçerliyse kabul. İmza silinmesi (soyma) fark edilmez” (ON-KAYIT-TASLAK v0.8; ON-KAYIT-TASLAK.md:776) ; ACM2 Note 51 [T135] “the veriﬁcation function accepting if and only if all signatures are correct” (ECCG ACM v2.0; ACM2.txt:946)	vaka: K2 birincil | P2: mevcut imzalardan en az biri geçersiz/izinsiz → tüm-mevcut-geçerli koşulu sağlanmıyor [ES256=geçerli, EdDSA=geçersiz (ikinci imzada bayt 5 bit 0 çevrildi)]
T2K_second_tampered	P0	kontrol-EdDSA	evet	accept-classical	RFC7515 §5.2 [T315] “at least one JWS Signature value MUST successfully validate, or the JWS MUST be considered invalid” (RFC 7515; RFC7515.txt:814-816) ; RFC7515 §5.2 [T314] “it is an application decision which of the JWS Signature values must successfully validate” (RFC 7515; RFC7515.txt:810-812) ; ÖK §4.8 P0 “En az bir imza geçerliyse kabul” (ON-KAYIT-TASLAK v0.8; ON-KAYIT-TASLAK.md:775)	vaka: K2 birincil | P0: en az bir izinli imza geçerli [ES256=geçerli, EdDSA=geçersiz (ikinci imzada bayt 5 bit 0 çevrildi)]
T3_stripped_to_ES256	L4	kontrol-EdDSA	evet	reject	ÖK §6.5 “İhraççı başına gerekli küme R = {X}, izinli küme {A, X}.” (ON-KAYIT-TASLAK v0.8; ON-KAYIT-TASLAK.md:1054) ; JWTBCP §3.1 [T328] “MUST determine which algorithms are permitted for itself and that issuer and ensure that the received JWT complies with those requirements” (draft-ietf-oauth-rfc8725bis-10; JWTBCP.txt:482-485) ; ÖK §4.7 G5 “Göç etmiş bir varlık, ilan ettiği eski-sürüm penceresi dışında yalnız klasik kanıtla kabul edilemez.” (ON-KAYIT-TASLAK v0.8; ON-KAYIT-TASLAK.md:767) ; ÖK §2B m.6 (L4c) “Göç etmiş ihraççının yalnız klasik imzalı belgesi reddedilir, eski ihraççının klasik imzalı belgesi kabul edilir.” (ON-KAYIT-TASLAK v0.8; ON-KAYIT-TASLAK.md:256) ; ÖK §6.5 K3 “X soyulmuş (yalnız A) | RED” (ON-KAYIT-TASLAK v0.8; ON-KAYIT-TASLAK.md:1060)	vaka: K3 birincil (üç kolda ortak dosya; R={X} kola göre) | L4: R={EdDSA} için geçerli imza yok (yalnız klasik kanıt; G5) [ES256=geçerli]
T3_stripped_to_ES256	P2	kontrol-EdDSA	evet	accept-classical	ÖK §4.8 P1 “Mevcut imzaların tümü geçerliyse kabul. İmza silinmesi (soyma) fark edilmez” (ON-KAYIT-TASLAK v0.8; ON-KAYIT-TASLAK.md:776) ; ÖK §4.8 P2 “P1 + her imza, anahtarının bağlı olduğu algoritmayla doğrulanır” (ON-KAYIT-TASLAK v0.8; ON-KAYIT-TASLAK.md:777) ; RFC7515 §5.2 [T314] “it is an application decision which of the JWS Signature values must successfully validate” (RFC 7515; RFC7515.txt:810-812)	vaka: K3 birincil (üç kolda ortak dosya; R={X} kola göre) | P2: mevcut tüm imzalar geçerli (R=∅) [ES256=geçerli]
T3_stripped_to_ES256	P0	kontrol-EdDSA	evet	accept-classical	RFC7515 §5.2 [T315] “at least one JWS Signature value MUST successfully validate, or the JWS MUST be considered invalid” (RFC 7515; RFC7515.txt:814-816) ; RFC7515 §5.2 [T314] “it is an application decision which of the JWS Signature values must successfully validate” (RFC 7515; RFC7515.txt:810-812) ; ÖK §4.8 P0 “En az bir imza geçerliyse kabul” (ON-KAYIT-TASLAK v0.8; ON-KAYIT-TASLAK.md:775)	vaka: K3 birincil (üç kolda ortak dosya; R={X} kola göre) | P0: en az bir izinli imza geçerli [ES256=geçerli]
T4K_plus_ML-DSA-65	L4	kontrol-EdDSA	hayır	reject	JWTBCP §3.1 [T327] “MUST NOT employ any algorithms outside this configured set” (draft-ietf-oauth-rfc8725bis-10; JWTBCP.txt:463-466) ; RFC7515 §4.1.1 [T319] “The JWS Signature value is not valid if the "alg" value does not represent a supported algorithm or if there is not a key for use with that algorithm” (RFC 7515; RFC7515.txt:508-510) ; ÖK §4.8 P1 “Mevcut imzaların tümü geçerliyse kabul. İmza silinmesi (soyma) fark edilmez” (ON-KAYIT-TASLAK v0.8; ON-KAYIT-TASLAK.md:776) ; ACM2 Note 51 [T135] “the veriﬁcation function accepting if and only if all signatures are correct” (ECCG ACM v2.0; ACM2.txt:946) ; ÖK §6.5 “İhraççı başına gerekli küme R = {X}, izinli küme {A, X}.” (ON-KAYIT-TASLAK v0.8; ON-KAYIT-TASLAK.md:1054)	vaka: K5 ikincil (ek imza gerçek alg); MR2 ikincil | L4: mevcut imzalardan en az biri geçersiz/izinsiz → tüm-mevcut-geçerli koşulu sağlanmıyor [ES256=geçerli, EdDSA=geçerli, ML-DSA-65=izinsiz]
T4K_plus_ML-DSA-65	P2	kontrol-EdDSA	hayır	reject	JWTBCP §3.1 [T327] “MUST NOT employ any algorithms outside this configured set” (draft-ietf-oauth-rfc8725bis-10; JWTBCP.txt:463-466) ; RFC7515 §4.1.1 [T319] “The JWS Signature value is not valid if the "alg" value does not represent a supported algorithm or if there is not a key for use with that algorithm” (RFC 7515; RFC7515.txt:508-510) ; ÖK §4.8 P1 “Mevcut imzaların tümü geçerliyse kabul. İmza silinmesi (soyma) fark edilmez” (ON-KAYIT-TASLAK v0.8; ON-KAYIT-TASLAK.md:776) ; ACM2 Note 51 [T135] “the veriﬁcation function accepting if and only if all signatures are correct” (ECCG ACM v2.0; ACM2.txt:946)	vaka: K5 ikincil (ek imza gerçek alg); MR2 ikincil | P2: mevcut imzalardan en az biri geçersiz/izinsiz → tüm-mevcut-geçerli koşulu sağlanmıyor [ES256=geçerli, EdDSA=geçerli, ML-DSA-65=izinsiz]
T4K_plus_ML-DSA-65	P0	kontrol-EdDSA	hayır	accept-classical	RFC7515 §5.2 [T315] “at least one JWS Signature value MUST successfully validate, or the JWS MUST be considered invalid” (RFC 7515; RFC7515.txt:814-816) ; RFC7515 §5.2 [T314] “it is an application decision which of the JWS Signature values must successfully validate” (RFC 7515; RFC7515.txt:810-812) ; ÖK §4.8 P0 “En az bir imza geçerliyse kabul” (ON-KAYIT-TASLAK v0.8; ON-KAYIT-TASLAK.md:775)	vaka: K5 ikincil (ek imza gerçek alg); MR2 ikincil | P0: en az bir izinli imza geçerli [ES256=geçerli, EdDSA=geçerli, ML-DSA-65=izinsiz]
T5K_only_EdDSA	L4	kontrol-EdDSA	evet	accept-classical	ÖK §6.5 “İhraççı başına gerekli küme R = {X}, izinli küme {A, X}.” (ON-KAYIT-TASLAK v0.8; ON-KAYIT-TASLAK.md:1054) ; JWTBCP §3.1 [T328] “MUST determine which algorithms are permitted for itself and that issuer and ensure that the received JWT complies with those requirements” (draft-ietf-oauth-rfc8725bis-10; JWTBCP.txt:482-485) ; ACM2 Note 51 [T135] “the veriﬁcation function accepting if and only if all signatures are correct” (ECCG ACM v2.0; ACM2.txt:946) ; ÖK §6.5 K4 “Yalnız X | KABUL” (ON-KAYIT-TASLAK v0.8; ON-KAYIT-TASLAK.md:1061)	vaka: K4 birincil | L4: tüm imzalar geçerli ve R={EdDSA} karşılandı [EdDSA=geçerli]
T5K_only_EdDSA	P2	kontrol-EdDSA	evet	accept-classical	ÖK §4.8 P1 “Mevcut imzaların tümü geçerliyse kabul. İmza silinmesi (soyma) fark edilmez” (ON-KAYIT-TASLAK v0.8; ON-KAYIT-TASLAK.md:776) ; ÖK §4.8 P2 “P1 + her imza, anahtarının bağlı olduğu algoritmayla doğrulanır” (ON-KAYIT-TASLAK v0.8; ON-KAYIT-TASLAK.md:777) ; RFC7515 §5.2 [T314] “it is an application decision which of the JWS Signature values must successfully validate” (RFC 7515; RFC7515.txt:810-812)	vaka: K4 birincil | P2: mevcut tüm imzalar geçerli (R=∅) [EdDSA=geçerli]
T5K_only_EdDSA	P0	kontrol-EdDSA	evet	accept-classical	RFC7515 §5.2 [T315] “at least one JWS Signature value MUST successfully validate, or the JWS MUST be considered invalid” (RFC 7515; RFC7515.txt:814-816) ; RFC7515 §5.2 [T314] “it is an application decision which of the JWS Signature values must successfully validate” (RFC 7515; RFC7515.txt:810-812) ; ÖK §4.8 P0 “En az bir imza geçerliyse kabul” (ON-KAYIT-TASLAK v0.8; ON-KAYIT-TASLAK.md:775)	vaka: K4 birincil | P0: en az bir izinli imza geçerli [EdDSA=geçerli]
T6_plus_composite	L4	kontrol-EdDSA	hayır	reject	JWTBCP §3.1 [T327] “MUST NOT employ any algorithms outside this configured set” (draft-ietf-oauth-rfc8725bis-10; JWTBCP.txt:463-466) ; RFC7515 §4.1.1 [T319] “The JWS Signature value is not valid if the "alg" value does not represent a supported algorithm or if there is not a key for use with that algorithm” (RFC 7515; RFC7515.txt:508-510) ; ÖK §4.8 P1 “Mevcut imzaların tümü geçerliyse kabul. İmza silinmesi (soyma) fark edilmez” (ON-KAYIT-TASLAK v0.8; ON-KAYIT-TASLAK.md:776) ; ACM2 Note 51 [T135] “the veriﬁcation function accepting if and only if all signatures are correct” (ECCG ACM v2.0; ACM2.txt:946) ; ÖK §6.5 “İhraççı başına gerekli küme R = {X}, izinli küme {A, X}.” (ON-KAYIT-TASLAK v0.8; ON-KAYIT-TASLAK.md:1054)	vaka: K5 ikincil (ek composite imza); MR2 ikincil | L4: mevcut imzalardan en az biri geçersiz/izinsiz → tüm-mevcut-geçerli koşulu sağlanmıyor [ES256=geçerli, EdDSA=geçerli, ML-DSA-65-ES256=izinsiz]
T6_plus_composite	P2	kontrol-EdDSA	hayır	reject	JWTBCP §3.1 [T327] “MUST NOT employ any algorithms outside this configured set” (draft-ietf-oauth-rfc8725bis-10; JWTBCP.txt:463-466) ; RFC7515 §4.1.1 [T319] “The JWS Signature value is not valid if the "alg" value does not represent a supported algorithm or if there is not a key for use with that algorithm” (RFC 7515; RFC7515.txt:508-510) ; ÖK §4.8 P1 “Mevcut imzaların tümü geçerliyse kabul. İmza silinmesi (soyma) fark edilmez” (ON-KAYIT-TASLAK v0.8; ON-KAYIT-TASLAK.md:776) ; ACM2 Note 51 [T135] “the veriﬁcation function accepting if and only if all signatures are correct” (ECCG ACM v2.0; ACM2.txt:946)	vaka: K5 ikincil (ek composite imza); MR2 ikincil | P2: mevcut imzalardan en az biri geçersiz/izinsiz → tüm-mevcut-geçerli koşulu sağlanmıyor [ES256=geçerli, EdDSA=geçerli, ML-DSA-65-ES256=izinsiz]
T6_plus_composite	P0	kontrol-EdDSA	hayır	accept-classical	RFC7515 §5.2 [T315] “at least one JWS Signature value MUST successfully validate, or the JWS MUST be considered invalid” (RFC 7515; RFC7515.txt:814-816) ; RFC7515 §5.2 [T314] “it is an application decision which of the JWS Signature values must successfully validate” (RFC 7515; RFC7515.txt:810-812) ; ÖK §4.8 P0 “En az bir imza geçerliyse kabul” (ON-KAYIT-TASLAK v0.8; ON-KAYIT-TASLAK.md:775)	vaka: K5 ikincil (ek composite imza); MR2 ikincil | P0: en az bir izinli imza geçerli [ES256=geçerli, EdDSA=geçerli, ML-DSA-65-ES256=izinsiz]
CMP14_ed25519_ml_bileseni_bozuk	L4	kontrol-EdDSA	hayır	reject	JOSECOMP §4.3 [T345] “MUST validate a signature only if all component signatures were successfully validated” (draft-ietf-jose-pq-composite-sigs-04; JOSECOMP.txt:452-453) ; JWTBCP §3.1 [T327] “MUST NOT employ any algorithms outside this configured set” (draft-ietf-oauth-rfc8725bis-10; JWTBCP.txt:463-466) ; RFC7515 §4.1.1 [T319] “The JWS Signature value is not valid if the "alg" value does not represent a supported algorithm or if there is not a key for use with that algorithm” (RFC 7515; RFC7515.txt:508-510) ; ÖK §4.8 P1 “Mevcut imzaların tümü geçerliyse kabul. İmza silinmesi (soyma) fark edilmez” (ON-KAYIT-TASLAK v0.8; ON-KAYIT-TASLAK.md:776) ; ACM2 Note 51 [T135] “the veriﬁcation function accepting if and only if all signatures are correct” (ECCG ACM v2.0; ACM2.txt:946) ; ÖK §6.5 “İhraççı başına gerekli küme R = {X}, izinli küme {A, X}.” (ON-KAYIT-TASLAK v0.8; ON-KAYIT-TASLAK.md:1054)	vaka: eşleme dışı (aile CMP, kol kapsam-hibrit) | L4: mevcut imzalardan en az biri geçersiz/izinsiz → tüm-mevcut-geçerli koşulu sağlanmıyor [ML-DSA-65-Ed25519=izinsiz (ML-DSA bileşeni bozuk)]
CMP14_ed25519_ml_bileseni_bozuk	P2	kontrol-EdDSA	hayır	reject	JOSECOMP §4.3 [T345] “MUST validate a signature only if all component signatures were successfully validated” (draft-ietf-jose-pq-composite-sigs-04; JOSECOMP.txt:452-453) ; JWTBCP §3.1 [T327] “MUST NOT employ any algorithms outside this configured set” (draft-ietf-oauth-rfc8725bis-10; JWTBCP.txt:463-466) ; RFC7515 §4.1.1 [T319] “The JWS Signature value is not valid if the "alg" value does not represent a supported algorithm or if there is not a key for use with that algorithm” (RFC 7515; RFC7515.txt:508-510) ; ÖK §4.8 P1 “Mevcut imzaların tümü geçerliyse kabul. İmza silinmesi (soyma) fark edilmez” (ON-KAYIT-TASLAK v0.8; ON-KAYIT-TASLAK.md:776) ; ACM2 Note 51 [T135] “the veriﬁcation function accepting if and only if all signatures are correct” (ECCG ACM v2.0; ACM2.txt:946)	vaka: eşleme dışı (aile CMP, kol kapsam-hibrit) | P2: mevcut imzalardan en az biri geçersiz/izinsiz → tüm-mevcut-geçerli koşulu sağlanmıyor [ML-DSA-65-Ed25519=izinsiz (ML-DSA bileşeni bozuk)]
CMP14_ed25519_ml_bileseni_bozuk	P0	kontrol-EdDSA	hayır	reject	JOSECOMP §4.3 [T345] “MUST validate a signature only if all component signatures were successfully validated” (draft-ietf-jose-pq-composite-sigs-04; JOSECOMP.txt:452-453) ; RFC7515 §5.2 [T315] “at least one JWS Signature value MUST successfully validate, or the JWS MUST be considered invalid” (RFC 7515; RFC7515.txt:814-816) ; JWTBCP §3.1 [T327] “MUST NOT employ any algorithms outside this configured set” (draft-ietf-oauth-rfc8725bis-10; JWTBCP.txt:463-466) ; RFC7515 §4.1.1 [T319] “The JWS Signature value is not valid if the "alg" value does not represent a supported algorithm or if there is not a key for use with that algorithm” (RFC 7515; RFC7515.txt:508-510)	vaka: eşleme dışı (aile CMP, kol kapsam-hibrit) | P0: geçerli izinli imza yok [ML-DSA-65-Ed25519=izinsiz (ML-DSA bileşeni bozuk)]
CMP15_ed25519_eddsa_bileseni_bozuk	L4	kontrol-EdDSA	hayır	reject	JOSECOMP §4.3 [T345] “MUST validate a signature only if all component signatures were successfully validated” (draft-ietf-jose-pq-composite-sigs-04; JOSECOMP.txt:452-453) ; JWTBCP §3.1 [T327] “MUST NOT employ any algorithms outside this configured set” (draft-ietf-oauth-rfc8725bis-10; JWTBCP.txt:463-466) ; RFC7515 §4.1.1 [T319] “The JWS Signature value is not valid if the "alg" value does not represent a supported algorithm or if there is not a key for use with that algorithm” (RFC 7515; RFC7515.txt:508-510) ; ÖK §4.8 P1 “Mevcut imzaların tümü geçerliyse kabul. İmza silinmesi (soyma) fark edilmez” (ON-KAYIT-TASLAK v0.8; ON-KAYIT-TASLAK.md:776) ; ACM2 Note 51 [T135] “the veriﬁcation function accepting if and only if all signatures are correct” (ECCG ACM v2.0; ACM2.txt:946) ; ÖK §6.5 “İhraççı başına gerekli küme R = {X}, izinli küme {A, X}.” (ON-KAYIT-TASLAK v0.8; ON-KAYIT-TASLAK.md:1054)	vaka: eşleme dışı (aile CMP, kol kapsam-hibrit) | L4: mevcut imzalardan en az biri geçersiz/izinsiz → tüm-mevcut-geçerli koşulu sağlanmıyor [ML-DSA-65-Ed25519=izinsiz (Ed25519 bileşeni bozuk)]
CMP15_ed25519_eddsa_bileseni_bozuk	P2	kontrol-EdDSA	hayır	reject	JOSECOMP §4.3 [T345] “MUST validate a signature only if all component signatures were successfully validated” (draft-ietf-jose-pq-composite-sigs-04; JOSECOMP.txt:452-453) ; JWTBCP §3.1 [T327] “MUST NOT employ any algorithms outside this configured set” (draft-ietf-oauth-rfc8725bis-10; JWTBCP.txt:463-466) ; RFC7515 §4.1.1 [T319] “The JWS Signature value is not valid if the "alg" value does not represent a supported algorithm or if there is not a key for use with that algorithm” (RFC 7515; RFC7515.txt:508-510) ; ÖK §4.8 P1 “Mevcut imzaların tümü geçerliyse kabul. İmza silinmesi (soyma) fark edilmez” (ON-KAYIT-TASLAK v0.8; ON-KAYIT-TASLAK.md:776) ; ACM2 Note 51 [T135] “the veriﬁcation function accepting if and only if all signatures are correct” (ECCG ACM v2.0; ACM2.txt:946)	vaka: eşleme dışı (aile CMP, kol kapsam-hibrit) | P2: mevcut imzalardan en az biri geçersiz/izinsiz → tüm-mevcut-geçerli koşulu sağlanmıyor [ML-DSA-65-Ed25519=izinsiz (Ed25519 bileşeni bozuk)]
CMP15_ed25519_eddsa_bileseni_bozuk	P0	kontrol-EdDSA	hayır	reject	JOSECOMP §4.3 [T345] “MUST validate a signature only if all component signatures were successfully validated” (draft-ietf-jose-pq-composite-sigs-04; JOSECOMP.txt:452-453) ; RFC7515 §5.2 [T315] “at least one JWS Signature value MUST successfully validate, or the JWS MUST be considered invalid” (RFC 7515; RFC7515.txt:814-816) ; JWTBCP §3.1 [T327] “MUST NOT employ any algorithms outside this configured set” (draft-ietf-oauth-rfc8725bis-10; JWTBCP.txt:463-466) ; RFC7515 §4.1.1 [T319] “The JWS Signature value is not valid if the "alg" value does not represent a supported algorithm or if there is not a key for use with that algorithm” (RFC 7515; RFC7515.txt:508-510)	vaka: eşleme dışı (aile CMP, kol kapsam-hibrit) | P0: geçerli izinli imza yok [ML-DSA-65-Ed25519=izinsiz (Ed25519 bileşeni bozuk)]
X5C01_klasik_zincir	L4	kontrol-EdDSA	hayır	reject	ÖK §6.5 “İhraççı başına gerekli küme R = {X}, izinli küme {A, X}.” (ON-KAYIT-TASLAK v0.8; ON-KAYIT-TASLAK.md:1054) ; JWTBCP §3.1 [T328] “MUST determine which algorithms are permitted for itself and that issuer and ensure that the received JWT complies with those requirements” (draft-ietf-oauth-rfc8725bis-10; JWTBCP.txt:482-485) ; ÖK §4.7 G5 “Göç etmiş bir varlık, ilan ettiği eski-sürüm penceresi dışında yalnız klasik kanıtla kabul edilemez.” (ON-KAYIT-TASLAK v0.8; ON-KAYIT-TASLAK.md:767) ; ÖK §2B m.6 (L4c) “Göç etmiş ihraççının yalnız klasik imzalı belgesi reddedilir, eski ihraççının klasik imzalı belgesi kabul edilir.” (ON-KAYIT-TASLAK v0.8; ON-KAYIT-TASLAK.md:256)	vaka: eşleme dışı (aile X5C, kol klasik-taban) | L4: R={EdDSA} için geçerli imza yok (yalnız klasik kanıt; G5) [ES256=geçerli] | sdjwtvc: -13/-19 aynı
X5C01_klasik_zincir	P2	kontrol-EdDSA	hayır	accept-classical	ÖK §4.8 P1 “Mevcut imzaların tümü geçerliyse kabul. İmza silinmesi (soyma) fark edilmez” (ON-KAYIT-TASLAK v0.8; ON-KAYIT-TASLAK.md:776) ; ÖK §4.8 P2 “P1 + her imza, anahtarının bağlı olduğu algoritmayla doğrulanır” (ON-KAYIT-TASLAK v0.8; ON-KAYIT-TASLAK.md:777) ; RFC7515 §5.2 [T314] “it is an application decision which of the JWS Signature values must successfully validate” (RFC 7515; RFC7515.txt:810-812) ; RFC9901 §7.1 (2b) “Validate the signature over the Issuer-signed JWT per Section 5.2 of [RFC7515].” (RFC 9901; RFC9901.txt:1667-1668) ; RFC7515 §4.1.6 [T038] “The recipient MUST validate the certificate chain according to RFC 5280” (RFC 7515; RFC7515.txt:596-597)	vaka: eşleme dışı (aile X5C, kol klasik-taban) | P2: mevcut tüm imzalar geçerli (R=∅) [ES256=geçerli] | sdjwtvc: -13/-19 aynı
X5C01_klasik_zincir	P0	kontrol-EdDSA	hayır	accept-classical	RFC7515 §5.2 [T315] “at least one JWS Signature value MUST successfully validate, or the JWS MUST be considered invalid” (RFC 7515; RFC7515.txt:814-816) ; RFC7515 §5.2 [T314] “it is an application decision which of the JWS Signature values must successfully validate” (RFC 7515; RFC7515.txt:810-812) ; ÖK §4.8 P0 “En az bir imza geçerliyse kabul” (ON-KAYIT-TASLAK v0.8; ON-KAYIT-TASLAK.md:775) ; RFC9901 §7.1 (2b) “Validate the signature over the Issuer-signed JWT per Section 5.2 of [RFC7515].” (RFC 9901; RFC9901.txt:1667-1668) ; RFC7515 §4.1.6 [T038] “The recipient MUST validate the certificate chain according to RFC 5280” (RFC 7515; RFC7515.txt:596-597)	vaka: eşleme dışı (aile X5C, kol klasik-taban) | P0: en az bir izinli imza geçerli [ES256=geçerli] | sdjwtvc: -13/-19 aynı
X5C03_karisik_klasik_yaprak_pq_ara	L4	kontrol-EdDSA	hayır	reject	ÖK §6.5 “İhraççı başına gerekli küme R = {X}, izinli küme {A, X}.” (ON-KAYIT-TASLAK v0.8; ON-KAYIT-TASLAK.md:1054) ; JWTBCP §3.1 [T328] “MUST determine which algorithms are permitted for itself and that issuer and ensure that the received JWT complies with those requirements” (draft-ietf-oauth-rfc8725bis-10; JWTBCP.txt:482-485) ; ÖK §4.7 G5 “Göç etmiş bir varlık, ilan ettiği eski-sürüm penceresi dışında yalnız klasik kanıtla kabul edilemez.” (ON-KAYIT-TASLAK v0.8; ON-KAYIT-TASLAK.md:767) ; ÖK §2B m.6 (L4c) “Göç etmiş ihraççının yalnız klasik imzalı belgesi reddedilir, eski ihraççının klasik imzalı belgesi kabul edilir.” (ON-KAYIT-TASLAK v0.8; ON-KAYIT-TASLAK.md:256)	vaka: eşleme dışı (aile X5C, kol klasik-taban) | L4: R={EdDSA} için geçerli imza yok (yalnız klasik kanıt; G5) [ES256=geçerli] | sdjwtvc: -13/-19 aynı
X5C03_karisik_klasik_yaprak_pq_ara	P2	kontrol-EdDSA	hayır	accept-classical	ÖK §4.8 P1 “Mevcut imzaların tümü geçerliyse kabul. İmza silinmesi (soyma) fark edilmez” (ON-KAYIT-TASLAK v0.8; ON-KAYIT-TASLAK.md:776) ; ÖK §4.8 P2 “P1 + her imza, anahtarının bağlı olduğu algoritmayla doğrulanır” (ON-KAYIT-TASLAK v0.8; ON-KAYIT-TASLAK.md:777) ; RFC7515 §5.2 [T314] “it is an application decision which of the JWS Signature values must successfully validate” (RFC 7515; RFC7515.txt:810-812) ; RFC9901 §7.1 (2b) “Validate the signature over the Issuer-signed JWT per Section 5.2 of [RFC7515].” (RFC 9901; RFC9901.txt:1667-1668) ; RFC7515 §4.1.6 [T038] “The recipient MUST validate the certificate chain according to RFC 5280” (RFC 7515; RFC7515.txt:596-597)	vaka: eşleme dışı (aile X5C, kol klasik-taban) | P2: mevcut tüm imzalar geçerli (R=∅) [ES256=geçerli] | sdjwtvc: -13/-19 aynı
X5C03_karisik_klasik_yaprak_pq_ara	P0	kontrol-EdDSA	hayır	accept-classical	RFC7515 §5.2 [T315] “at least one JWS Signature value MUST successfully validate, or the JWS MUST be considered invalid” (RFC 7515; RFC7515.txt:814-816) ; RFC7515 §5.2 [T314] “it is an application decision which of the JWS Signature values must successfully validate” (RFC 7515; RFC7515.txt:810-812) ; ÖK §4.8 P0 “En az bir imza geçerliyse kabul” (ON-KAYIT-TASLAK v0.8; ON-KAYIT-TASLAK.md:775) ; RFC9901 §7.1 (2b) “Validate the signature over the Issuer-signed JWT per Section 5.2 of [RFC7515].” (RFC 9901; RFC9901.txt:1667-1668) ; RFC7515 §4.1.6 [T038] “The recipient MUST validate the certificate chain according to RFC 5280” (RFC 7515; RFC7515.txt:596-597)	vaka: eşleme dışı (aile X5C, kol klasik-taban) | P0: en az bir izinli imza geçerli [ES256=geçerli] | sdjwtvc: -13/-19 aynı
REQ01_imzali_ES256_x509_hash	L4	kontrol-EdDSA	hayır	reject	ÖK §6.5 “İhraççı başına gerekli küme R = {X}, izinli küme {A, X}.” (ON-KAYIT-TASLAK v0.8; ON-KAYIT-TASLAK.md:1054) ; JWTBCP §3.1 [T328] “MUST determine which algorithms are permitted for itself and that issuer and ensure that the received JWT complies with those requirements” (draft-ietf-oauth-rfc8725bis-10; JWTBCP.txt:482-485) ; ÖK §4.7 G5 “Göç etmiş bir varlık, ilan ettiği eski-sürüm penceresi dışında yalnız klasik kanıtla kabul edilemez.” (ON-KAYIT-TASLAK v0.8; ON-KAYIT-TASLAK.md:767) ; ÖK §2B m.6 (L4c) “Göç etmiş ihraççının yalnız klasik imzalı belgesi reddedilir, eski ihraççının klasik imzalı belgesi kabul edilir.” (ON-KAYIT-TASLAK v0.8; ON-KAYIT-TASLAK.md:256)	vaka: eşleme dışı (aile REQ, kol klasik-taban) | L4: R={EdDSA} için geçerli imza yok (yalnız klasik kanıt; G5) [ES256=geçerli] | cüzdan tarafı (IS-PLANI Adım 11 wallet-path); R_I imzalayan RP'ye benzetmeyle uygulandı
REQ01_imzali_ES256_x509_hash	P2	kontrol-EdDSA	hayır	accept-classical	ÖK §4.8 P1 “Mevcut imzaların tümü geçerliyse kabul. İmza silinmesi (soyma) fark edilmez” (ON-KAYIT-TASLAK v0.8; ON-KAYIT-TASLAK.md:776) ; ÖK §4.8 P2 “P1 + her imza, anahtarının bağlı olduğu algoritmayla doğrulanır” (ON-KAYIT-TASLAK v0.8; ON-KAYIT-TASLAK.md:777) ; RFC7515 §5.2 [T314] “it is an application decision which of the JWS Signature values must successfully validate” (RFC 7515; RFC7515.txt:810-812) ; OID4VP §5.9.3 (x509_hash) [T240] “The Wallet MUST validate the signature and the trust chain of the X.509 leaf certificate.” (OpenID4VP 1.0 Final; OID4VP.txt:947)	vaka: eşleme dışı (aile REQ, kol klasik-taban) | P2: mevcut tüm imzalar geçerli (R=∅) [ES256=geçerli] | cüzdan tarafı (IS-PLANI Adım 11 wallet-path); R_I imzalayan RP'ye benzetmeyle uygulandı
REQ01_imzali_ES256_x509_hash	P0	kontrol-EdDSA	hayır	accept-classical	RFC7515 §5.2 [T315] “at least one JWS Signature value MUST successfully validate, or the JWS MUST be considered invalid” (RFC 7515; RFC7515.txt:814-816) ; RFC7515 §5.2 [T314] “it is an application decision which of the JWS Signature values must successfully validate” (RFC 7515; RFC7515.txt:810-812) ; ÖK §4.8 P0 “En az bir imza geçerliyse kabul” (ON-KAYIT-TASLAK v0.8; ON-KAYIT-TASLAK.md:775) ; OID4VP §5.9.3 (x509_hash) [T240] “The Wallet MUST validate the signature and the trust chain of the X.509 leaf certificate.” (OpenID4VP 1.0 Final; OID4VP.txt:947)	vaka: eşleme dışı (aile REQ, kol klasik-taban) | P0: en az bir izinli imza geçerli [ES256=geçerli] | cüzdan tarafı (IS-PLANI Adım 11 wallet-path); R_I imzalayan RP'ye benzetmeyle uygulandı
REQ08_imzasiz_M-b0	L4	kontrol-EdDSA	hayır	indeterminate	HAIP §5.2 [T281] “The Wallet MUST support unsigned, signed, and multi-signed requests” (OpenID4VC HAIP 1.0 Final; HAIP.txt:426) ; OID4VP §5.9.3 [T268] “it is at the discretion of the Wallet whether it validates the signature on the Request Object” (OpenID4VP 1.0 Final; OID4VP.txt:894) ; ÖK §4.7 G5 “Göç etmiş bir varlık, ilan ettiği eski-sürüm penceresi dışında yalnız klasik kanıtla kabul edilemez.” (ON-KAYIT-TASLAK v0.8; ON-KAYIT-TASLAK.md:767)	vaka: eşleme dışı (aile REQ, kol None) | imzasız istek (M-b0): HAIP cüzdanın imzasız isteği desteklemesini ZORUNLU kılar; G5 göç etmiş RP için yalnız klasik (Web PKI kökeni) kanıtla kabulü yasaklar; imzasız istekte RP kimliği yok → maddeler çelişir/belirlemez
REQ08_imzasiz_M-b0	P2	kontrol-EdDSA	hayır	accept-classical	HAIP §5.2 [T281] “The Wallet MUST support unsigned, signed, and multi-signed requests” (OpenID4VC HAIP 1.0 Final; HAIP.txt:426) ; HAIP §5.2 [T282] “unsigned requests depend on the origin information provided by the platform and the web PKI” (OpenID4VC HAIP 1.0 Final; HAIP.txt:428) ; OID4VP §5.9.2 “the Wallet MUST treat the Client Identifier as referencing a pre-registered client” (OpenID4VP 1.0 Final; OID4VP.txt:882)	vaka: eşleme dışı (aile REQ, kol None) | imzasız istek desteklenmek zorunda; doğrulayıcı kimliği yalnız platform kökeni + Web PKI (klasik)
REQ08_imzasiz_M-b0	P0	kontrol-EdDSA	hayır	accept-classical	HAIP §5.2 [T281] “The Wallet MUST support unsigned, signed, and multi-signed requests” (OpenID4VC HAIP 1.0 Final; HAIP.txt:426) ; HAIP §5.2 [T282] “unsigned requests depend on the origin information provided by the platform and the web PKI” (OpenID4VC HAIP 1.0 Final; HAIP.txt:428) ; OID4VP §5.9.2 “the Wallet MUST treat the Client Identifier as referencing a pre-registered client” (OpenID4VP 1.0 Final; OID4VP.txt:882)	vaka: eşleme dışı (aile REQ, kol None) | imzasız istek desteklenmek zorunda; doğrulayıcı kimliği yalnız platform kökeni + Web PKI (klasik)
REQ09_imzasiz_M-b0_client_id_korundu	L4	kontrol-EdDSA	hayır	indeterminate	HAIP §5.2 [T281] “The Wallet MUST support unsigned, signed, and multi-signed requests” (OpenID4VC HAIP 1.0 Final; HAIP.txt:426) ; OID4VP §5.9.3 [T268] “it is at the discretion of the Wallet whether it validates the signature on the Request Object” (OpenID4VP 1.0 Final; OID4VP.txt:894) ; ÖK §4.7 G5 “Göç etmiş bir varlık, ilan ettiği eski-sürüm penceresi dışında yalnız klasik kanıtla kabul edilemez.” (ON-KAYIT-TASLAK v0.8; ON-KAYIT-TASLAK.md:767)	vaka: eşleme dışı (aile REQ, kol None) | imzasız istek (M-b0): HAIP cüzdanın imzasız isteği desteklemesini ZORUNLU kılar; G5 göç etmiş RP için yalnız klasik (Web PKI kökeni) kanıtla kabulü yasaklar; imzasız istekte RP kimliği yok → maddeler çelişir/belirlemez
REQ09_imzasiz_M-b0_client_id_korundu	P2	kontrol-EdDSA	hayır	accept-classical	HAIP §5.2 [T281] “The Wallet MUST support unsigned, signed, and multi-signed requests” (OpenID4VC HAIP 1.0 Final; HAIP.txt:426) ; HAIP §5.2 [T282] “unsigned requests depend on the origin information provided by the platform and the web PKI” (OpenID4VC HAIP 1.0 Final; HAIP.txt:428) ; OID4VP A.2 [T279] “The Wallet MUST ignore any client_id parameter that is present in an unsigned request.” (OpenID4VP 1.0 Final; OID4VP.txt:2500) ; OID4VP §5.9.3 (x509_hash) [T240] “The Wallet MUST validate the signature and the trust chain of the X.509 leaf certificate.” (OpenID4VP 1.0 Final; OID4VP.txt:947)	vaka: eşleme dışı (aile REQ, kol None) | imzasız istek desteklenmek zorunda; doğrulayıcı kimliği yalnız platform kökeni + Web PKI (klasik); client_id yok sayılmalı
REQ09_imzasiz_M-b0_client_id_korundu	P0	kontrol-EdDSA	hayır	accept-classical	HAIP §5.2 [T281] “The Wallet MUST support unsigned, signed, and multi-signed requests” (OpenID4VC HAIP 1.0 Final; HAIP.txt:426) ; HAIP §5.2 [T282] “unsigned requests depend on the origin information provided by the platform and the web PKI” (OpenID4VC HAIP 1.0 Final; HAIP.txt:428) ; OID4VP A.2 [T279] “The Wallet MUST ignore any client_id parameter that is present in an unsigned request.” (OpenID4VP 1.0 Final; OID4VP.txt:2500) ; OID4VP §5.9.3 (x509_hash) [T240] “The Wallet MUST validate the signature and the trust chain of the X.509 leaf certificate.” (OpenID4VP 1.0 Final; OID4VP.txt:947)	vaka: eşleme dışı (aile REQ, kol None) | imzasız istek desteklenmek zorunda; doğrulayıcı kimliği yalnız platform kökeni + Web PKI (klasik); client_id yok sayılmalı
REQ10_istek_alg_none	L4	kontrol-EdDSA	hayır	reject	OID4VP A.1 [T278] “signed requests, as defined in Appendix A.3.2.1, MUST use signed” (OpenID4VP 1.0 Final; OID4VP.txt:2456) ; OID4VP §5.9.3 (x509_hash) [T240] “The Wallet MUST validate the signature and the trust chain of the X.509 leaf certificate.” (OpenID4VP 1.0 Final; OID4VP.txt:947) ; JWTBCP §3.2 “JWT libraries MUST NOT consume JWTs using "none" unless explicitly allowed by the caller” (draft-ietf-oauth-rfc8725bis-10; JWTBCP.txt:524-525)	vaka: eşleme dışı (aile REQ, kol None) | imzalı istek protokolü (openid4vp-v1-signed) + x509_hash, ama alg=none: imza ve zincir doğrulanamaz; none yapılandırmada izinli değil | ÖK §2A Ö4 M-b0 sınıfı; OID4VP §5.9.3 DC API takdiri (T268) imzasız işleme yolunu açık bırakır — bu yol REQ08/09 satırlarında
REQ10_istek_alg_none	P2	kontrol-EdDSA	hayır	reject	OID4VP A.1 [T278] “signed requests, as defined in Appendix A.3.2.1, MUST use signed” (OpenID4VP 1.0 Final; OID4VP.txt:2456) ; OID4VP §5.9.3 (x509_hash) [T240] “The Wallet MUST validate the signature and the trust chain of the X.509 leaf certificate.” (OpenID4VP 1.0 Final; OID4VP.txt:947) ; JWTBCP §3.2 “JWT libraries MUST NOT consume JWTs using "none" unless explicitly allowed by the caller” (draft-ietf-oauth-rfc8725bis-10; JWTBCP.txt:524-525)	vaka: eşleme dışı (aile REQ, kol None) | imzalı istek protokolü (openid4vp-v1-signed) + x509_hash, ama alg=none: imza ve zincir doğrulanamaz; none yapılandırmada izinli değil | ÖK §2A Ö4 M-b0 sınıfı; OID4VP §5.9.3 DC API takdiri (T268) imzasız işleme yolunu açık bırakır — bu yol REQ08/09 satırlarında
REQ10_istek_alg_none	P0	kontrol-EdDSA	hayır	reject	OID4VP A.1 [T278] “signed requests, as defined in Appendix A.3.2.1, MUST use signed” (OpenID4VP 1.0 Final; OID4VP.txt:2456) ; OID4VP §5.9.3 (x509_hash) [T240] “The Wallet MUST validate the signature and the trust chain of the X.509 leaf certificate.” (OpenID4VP 1.0 Final; OID4VP.txt:947) ; JWTBCP §3.2 “JWT libraries MUST NOT consume JWTs using "none" unless explicitly allowed by the caller” (draft-ietf-oauth-rfc8725bis-10; JWTBCP.txt:524-525)	vaka: eşleme dışı (aile REQ, kol None) | imzalı istek protokolü (openid4vp-v1-signed) + x509_hash, ama alg=none: imza ve zincir doğrulanamaz; none yapılandırmada izinli değil | ÖK §2A Ö4 M-b0 sınıfı; OID4VP §5.9.3 DC API takdiri (T268) imzasız işleme yolunu açık bırakır — bu yol REQ08/09 satırlarında
VC01_ES256_x5c	L4	kontrol-EdDSA	hayır	reject	ÖK §6.5 “İhraççı başına gerekli küme R = {X}, izinli küme {A, X}.” (ON-KAYIT-TASLAK v0.8; ON-KAYIT-TASLAK.md:1054) ; JWTBCP §3.1 [T328] “MUST determine which algorithms are permitted for itself and that issuer and ensure that the received JWT complies with those requirements” (draft-ietf-oauth-rfc8725bis-10; JWTBCP.txt:482-485) ; ÖK §4.7 G5 “Göç etmiş bir varlık, ilan ettiği eski-sürüm penceresi dışında yalnız klasik kanıtla kabul edilemez.” (ON-KAYIT-TASLAK v0.8; ON-KAYIT-TASLAK.md:767) ; ÖK §2B m.6 (L4c) “Göç etmiş ihraççının yalnız klasik imzalı belgesi reddedilir, eski ihraççının klasik imzalı belgesi kabul edilir.” (ON-KAYIT-TASLAK v0.8; ON-KAYIT-TASLAK.md:256)	vaka: K11 ikincil; MR3 (VC01↔VC11) | L4: R={EdDSA} için geçerli imza yok (yalnız klasik kanıt; G5) [ES256=geçerli] | sdjwtvc: -13/-19 aynı
VC01_ES256_x5c	P2	kontrol-EdDSA	hayır	accept-classical	ÖK §4.8 P1 “Mevcut imzaların tümü geçerliyse kabul. İmza silinmesi (soyma) fark edilmez” (ON-KAYIT-TASLAK v0.8; ON-KAYIT-TASLAK.md:776) ; ÖK §4.8 P2 “P1 + her imza, anahtarının bağlı olduğu algoritmayla doğrulanır” (ON-KAYIT-TASLAK v0.8; ON-KAYIT-TASLAK.md:777) ; RFC7515 §5.2 [T314] “it is an application decision which of the JWS Signature values must successfully validate” (RFC 7515; RFC7515.txt:810-812) ; RFC9901 §7.1 (2b) “Validate the signature over the Issuer-signed JWT per Section 5.2 of [RFC7515].” (RFC 9901; RFC9901.txt:1667-1668)	vaka: K11 ikincil; MR3 (VC01↔VC11) | P2: mevcut tüm imzalar geçerli (R=∅) [ES256=geçerli] | sdjwtvc: -13/-19 aynı
VC01_ES256_x5c	P0	kontrol-EdDSA	hayır	accept-classical	RFC7515 §5.2 [T315] “at least one JWS Signature value MUST successfully validate, or the JWS MUST be considered invalid” (RFC 7515; RFC7515.txt:814-816) ; RFC7515 §5.2 [T314] “it is an application decision which of the JWS Signature values must successfully validate” (RFC 7515; RFC7515.txt:810-812) ; ÖK §4.8 P0 “En az bir imza geçerliyse kabul” (ON-KAYIT-TASLAK v0.8; ON-KAYIT-TASLAK.md:775) ; RFC9901 §7.1 (2b) “Validate the signature over the Issuer-signed JWT per Section 5.2 of [RFC7515].” (RFC 9901; RFC9901.txt:1667-1668)	vaka: K11 ikincil; MR3 (VC01↔VC11) | P0: en az bir izinli imza geçerli [ES256=geçerli] | sdjwtvc: -13/-19 aynı
VC04_MLDSA44_kid	L4	kontrol-EdDSA	hayır	reject	JWTBCP §3.1 [T327] “MUST NOT employ any algorithms outside this configured set” (draft-ietf-oauth-rfc8725bis-10; JWTBCP.txt:463-466) ; RFC7515 §4.1.1 [T319] “The JWS Signature value is not valid if the "alg" value does not represent a supported algorithm or if there is not a key for use with that algorithm” (RFC 7515; RFC7515.txt:508-510) ; ÖK §4.8 P1 “Mevcut imzaların tümü geçerliyse kabul. İmza silinmesi (soyma) fark edilmez” (ON-KAYIT-TASLAK v0.8; ON-KAYIT-TASLAK.md:776) ; ACM2 Note 51 [T135] “the veriﬁcation function accepting if and only if all signatures are correct” (ECCG ACM v2.0; ACM2.txt:946) ; ÖK §6.5 “İhraççı başına gerekli küme R = {X}, izinli küme {A, X}.” (ON-KAYIT-TASLAK v0.8; ON-KAYIT-TASLAK.md:1054)	vaka: eşleme dışı (aile VC, kol kapsam-pq) | L4: mevcut imzalardan en az biri geçersiz/izinsiz → tüm-mevcut-geçerli koşulu sağlanmıyor [ML-DSA-44=izinsiz] | x5c yok (kid): HAIP §6.1.1 sapması etiketi (ÖK §2D m.1); anahtar dogrulama_girdileri JWKS'ten | sdjwtvc: -13/-19 aynı
VC04_MLDSA44_kid	P2	kontrol-EdDSA	hayır	reject	JWTBCP §3.1 [T327] “MUST NOT employ any algorithms outside this configured set” (draft-ietf-oauth-rfc8725bis-10; JWTBCP.txt:463-466) ; RFC7515 §4.1.1 [T319] “The JWS Signature value is not valid if the "alg" value does not represent a supported algorithm or if there is not a key for use with that algorithm” (RFC 7515; RFC7515.txt:508-510) ; ÖK §4.8 P1 “Mevcut imzaların tümü geçerliyse kabul. İmza silinmesi (soyma) fark edilmez” (ON-KAYIT-TASLAK v0.8; ON-KAYIT-TASLAK.md:776) ; ACM2 Note 51 [T135] “the veriﬁcation function accepting if and only if all signatures are correct” (ECCG ACM v2.0; ACM2.txt:946)	vaka: eşleme dışı (aile VC, kol kapsam-pq) | P2: mevcut imzalardan en az biri geçersiz/izinsiz → tüm-mevcut-geçerli koşulu sağlanmıyor [ML-DSA-44=izinsiz] | x5c yok (kid): HAIP §6.1.1 sapması etiketi (ÖK §2D m.1); anahtar dogrulama_girdileri JWKS'ten | sdjwtvc: -13/-19 aynı
VC04_MLDSA44_kid	P0	kontrol-EdDSA	hayır	reject	RFC7515 §5.2 [T315] “at least one JWS Signature value MUST successfully validate, or the JWS MUST be considered invalid” (RFC 7515; RFC7515.txt:814-816) ; JWTBCP §3.1 [T327] “MUST NOT employ any algorithms outside this configured set” (draft-ietf-oauth-rfc8725bis-10; JWTBCP.txt:463-466) ; RFC7515 §4.1.1 [T319] “The JWS Signature value is not valid if the "alg" value does not represent a supported algorithm or if there is not a key for use with that algorithm” (RFC 7515; RFC7515.txt:508-510)	vaka: eşleme dışı (aile VC, kol kapsam-pq) | P0: geçerli izinli imza yok [ML-DSA-44=izinsiz] | x5c yok (kid): HAIP §6.1.1 sapması etiketi (ÖK §2D m.1); anahtar dogrulama_girdileri JWKS'ten | sdjwtvc: -13/-19 aynı
VC05_MLDSA87_kid	L4	kontrol-EdDSA	hayır	reject	JWTBCP §3.1 [T327] “MUST NOT employ any algorithms outside this configured set” (draft-ietf-oauth-rfc8725bis-10; JWTBCP.txt:463-466) ; RFC7515 §4.1.1 [T319] “The JWS Signature value is not valid if the "alg" value does not represent a supported algorithm or if there is not a key for use with that algorithm” (RFC 7515; RFC7515.txt:508-510) ; ÖK §4.8 P1 “Mevcut imzaların tümü geçerliyse kabul. İmza silinmesi (soyma) fark edilmez” (ON-KAYIT-TASLAK v0.8; ON-KAYIT-TASLAK.md:776) ; ACM2 Note 51 [T135] “the veriﬁcation function accepting if and only if all signatures are correct” (ECCG ACM v2.0; ACM2.txt:946) ; ÖK §6.5 “İhraççı başına gerekli küme R = {X}, izinli küme {A, X}.” (ON-KAYIT-TASLAK v0.8; ON-KAYIT-TASLAK.md:1054)	vaka: eşleme dışı (aile VC, kol kapsam-pq) | L4: mevcut imzalardan en az biri geçersiz/izinsiz → tüm-mevcut-geçerli koşulu sağlanmıyor [ML-DSA-87=izinsiz] | x5c yok (kid): HAIP §6.1.1 sapması etiketi (ÖK §2D m.1); anahtar dogrulama_girdileri JWKS'ten | sdjwtvc: -13/-19 aynı
VC05_MLDSA87_kid	P2	kontrol-EdDSA	hayır	reject	JWTBCP §3.1 [T327] “MUST NOT employ any algorithms outside this configured set” (draft-ietf-oauth-rfc8725bis-10; JWTBCP.txt:463-466) ; RFC7515 §4.1.1 [T319] “The JWS Signature value is not valid if the "alg" value does not represent a supported algorithm or if there is not a key for use with that algorithm” (RFC 7515; RFC7515.txt:508-510) ; ÖK §4.8 P1 “Mevcut imzaların tümü geçerliyse kabul. İmza silinmesi (soyma) fark edilmez” (ON-KAYIT-TASLAK v0.8; ON-KAYIT-TASLAK.md:776) ; ACM2 Note 51 [T135] “the veriﬁcation function accepting if and only if all signatures are correct” (ECCG ACM v2.0; ACM2.txt:946)	vaka: eşleme dışı (aile VC, kol kapsam-pq) | P2: mevcut imzalardan en az biri geçersiz/izinsiz → tüm-mevcut-geçerli koşulu sağlanmıyor [ML-DSA-87=izinsiz] | x5c yok (kid): HAIP §6.1.1 sapması etiketi (ÖK §2D m.1); anahtar dogrulama_girdileri JWKS'ten | sdjwtvc: -13/-19 aynı
VC05_MLDSA87_kid	P0	kontrol-EdDSA	hayır	reject	RFC7515 §5.2 [T315] “at least one JWS Signature value MUST successfully validate, or the JWS MUST be considered invalid” (RFC 7515; RFC7515.txt:814-816) ; JWTBCP §3.1 [T327] “MUST NOT employ any algorithms outside this configured set” (draft-ietf-oauth-rfc8725bis-10; JWTBCP.txt:463-466) ; RFC7515 §4.1.1 [T319] “The JWS Signature value is not valid if the "alg" value does not represent a supported algorithm or if there is not a key for use with that algorithm” (RFC 7515; RFC7515.txt:508-510)	vaka: eşleme dışı (aile VC, kol kapsam-pq) | P0: geçerli izinli imza yok [ML-DSA-87=izinsiz] | x5c yok (kid): HAIP §6.1.1 sapması etiketi (ÖK §2D m.1); anahtar dogrulama_girdileri JWKS'ten | sdjwtvc: -13/-19 aynı
VC06_composite_Ed25519_kid	L4	kontrol-EdDSA	hayır	reject	JWTBCP §3.1 [T327] “MUST NOT employ any algorithms outside this configured set” (draft-ietf-oauth-rfc8725bis-10; JWTBCP.txt:463-466) ; RFC7515 §4.1.1 [T319] “The JWS Signature value is not valid if the "alg" value does not represent a supported algorithm or if there is not a key for use with that algorithm” (RFC 7515; RFC7515.txt:508-510) ; ÖK §4.8 P1 “Mevcut imzaların tümü geçerliyse kabul. İmza silinmesi (soyma) fark edilmez” (ON-KAYIT-TASLAK v0.8; ON-KAYIT-TASLAK.md:776) ; ACM2 Note 51 [T135] “the veriﬁcation function accepting if and only if all signatures are correct” (ECCG ACM v2.0; ACM2.txt:946) ; ÖK §6.5 “İhraççı başına gerekli küme R = {X}, izinli küme {A, X}.” (ON-KAYIT-TASLAK v0.8; ON-KAYIT-TASLAK.md:1054)	vaka: eşleme dışı (aile VC, kol kapsam-hibrit) | L4: mevcut imzalardan en az biri geçersiz/izinsiz → tüm-mevcut-geçerli koşulu sağlanmıyor [ML-DSA-65-Ed25519=izinsiz] | x5c yok (kid): HAIP §6.1.1 sapması etiketi (ÖK §2D m.1); anahtar dogrulama_girdileri JWKS'ten | sdjwtvc: -13/-19 aynı
VC06_composite_Ed25519_kid	P2	kontrol-EdDSA	hayır	reject	JWTBCP §3.1 [T327] “MUST NOT employ any algorithms outside this configured set” (draft-ietf-oauth-rfc8725bis-10; JWTBCP.txt:463-466) ; RFC7515 §4.1.1 [T319] “The JWS Signature value is not valid if the "alg" value does not represent a supported algorithm or if there is not a key for use with that algorithm” (RFC 7515; RFC7515.txt:508-510) ; ÖK §4.8 P1 “Mevcut imzaların tümü geçerliyse kabul. İmza silinmesi (soyma) fark edilmez” (ON-KAYIT-TASLAK v0.8; ON-KAYIT-TASLAK.md:776) ; ACM2 Note 51 [T135] “the veriﬁcation function accepting if and only if all signatures are correct” (ECCG ACM v2.0; ACM2.txt:946)	vaka: eşleme dışı (aile VC, kol kapsam-hibrit) | P2: mevcut imzalardan en az biri geçersiz/izinsiz → tüm-mevcut-geçerli koşulu sağlanmıyor [ML-DSA-65-Ed25519=izinsiz] | x5c yok (kid): HAIP §6.1.1 sapması etiketi (ÖK §2D m.1); anahtar dogrulama_girdileri JWKS'ten | sdjwtvc: -13/-19 aynı
VC06_composite_Ed25519_kid	P0	kontrol-EdDSA	hayır	reject	RFC7515 §5.2 [T315] “at least one JWS Signature value MUST successfully validate, or the JWS MUST be considered invalid” (RFC 7515; RFC7515.txt:814-816) ; JWTBCP §3.1 [T327] “MUST NOT employ any algorithms outside this configured set” (draft-ietf-oauth-rfc8725bis-10; JWTBCP.txt:463-466) ; RFC7515 §4.1.1 [T319] “The JWS Signature value is not valid if the "alg" value does not represent a supported algorithm or if there is not a key for use with that algorithm” (RFC 7515; RFC7515.txt:508-510)	vaka: eşleme dışı (aile VC, kol kapsam-hibrit) | P0: geçerli izinli imza yok [ML-DSA-65-Ed25519=izinsiz] | x5c yok (kid): HAIP §6.1.1 sapması etiketi (ÖK §2D m.1); anahtar dogrulama_girdileri JWKS'ten | sdjwtvc: -13/-19 aynı
VC09_GJ_ES256_EdDSA	L4|sdjwtvc=-13	kontrol-EdDSA	hayır	accept-classical	ÖK §6.5 “İhraççı başına gerekli küme R = {X}, izinli küme {A, X}.” (ON-KAYIT-TASLAK v0.8; ON-KAYIT-TASLAK.md:1054) ; JWTBCP §3.1 [T328] “MUST determine which algorithms are permitted for itself and that issuer and ensure that the received JWT complies with those requirements” (draft-ietf-oauth-rfc8725bis-10; JWTBCP.txt:482-485) ; ACM2 Note 51 [T135] “the veriﬁcation function accepting if and only if all signatures are correct” (ECCG ACM v2.0; ACM2.txt:946) ; SDJWTVC13 §3.2 [T114] “where support for the JWS JSON Serialization is OPTIONAL” (draft-ietf-oauth-sd-jwt-vc-13; SDJWTVC13.txt:303-304) ; RFC9901 §8.3 [T108] “disclosures and kb_jwt MUST be included in the first unprotected header” (RFC 9901; RFC9901.txt:1987-1988) ; RFC9901 §7.1 (2b) “Validate the signature over the Issuer-signed JWT per Section 5.2 of [RFC7515].” (RFC 9901; RFC9901.txt:1667-1668)	vaka: K1 ikincil (SD-JWT VC, senaryo d); MR3 (-13↔-19) | L4: tüm imzalar geçerli ve R={EdDSA} karşılandı [ES256=geçerli, EdDSA=geçerli]
VC09_GJ_ES256_EdDSA	L4|sdjwtvc=-19	kontrol-EdDSA	hayır	indeterminate	SDJWTVC §2.2 [T113] “not precluded but the specific details are beyond the scope of this specification” (draft-ietf-oauth-sd-jwt-vc-19; SDJWTVC.txt:307-309) ; HAIP §6.1 [T115] “Compact serialization MUST be supported as defined in [RFC9901]. JSON serialization MAY be supported.” (OpenID4VC HAIP 1.0 Final; HAIP.txt:468) ; ÖK §2D m.7 “senaryo (d) vektörleri (JSON serileştirmenin statüsü)” (ON-KAYIT-TASLAK v0.8; ON-KAYIT-TASLAK.md:423)	vaka: K1 ikincil (SD-JWT VC, senaryo d); MR3 (-13↔-19) | -19: JSON serileştirilmiş SD-JWT VC ayrıntıları kapsam dışı; destekleyen doğrulayıcı -13 okumasıyla kabul eder, desteklemeyen reddeder → belirlenmemiş (MR3 sürüm farkı). -13 kararı: L4: tüm imzalar geçerli ve R={EdDSA} karşılandı [ES256=geçerli, EdDSA=geçerli]
VC09_GJ_ES256_EdDSA	P2|sdjwtvc=-13	kontrol-EdDSA	hayır	accept-classical	ÖK §4.8 P1 “Mevcut imzaların tümü geçerliyse kabul. İmza silinmesi (soyma) fark edilmez” (ON-KAYIT-TASLAK v0.8; ON-KAYIT-TASLAK.md:776) ; ÖK §4.8 P2 “P1 + her imza, anahtarının bağlı olduğu algoritmayla doğrulanır” (ON-KAYIT-TASLAK v0.8; ON-KAYIT-TASLAK.md:777) ; RFC7515 §5.2 [T314] “it is an application decision which of the JWS Signature values must successfully validate” (RFC 7515; RFC7515.txt:810-812) ; SDJWTVC13 §3.2 [T114] “where support for the JWS JSON Serialization is OPTIONAL” (draft-ietf-oauth-sd-jwt-vc-13; SDJWTVC13.txt:303-304) ; RFC9901 §8.3 [T108] “disclosures and kb_jwt MUST be included in the first unprotected header” (RFC 9901; RFC9901.txt:1987-1988) ; RFC9901 §7.1 (2b) “Validate the signature over the Issuer-signed JWT per Section 5.2 of [RFC7515].” (RFC 9901; RFC9901.txt:1667-1668)	vaka: K1 ikincil (SD-JWT VC, senaryo d); MR3 (-13↔-19) | P2: mevcut tüm imzalar geçerli (R=∅) [ES256=geçerli, EdDSA=geçerli]
VC09_GJ_ES256_EdDSA	P2|sdjwtvc=-19	kontrol-EdDSA	hayır	indeterminate	SDJWTVC §2.2 [T113] “not precluded but the specific details are beyond the scope of this specification” (draft-ietf-oauth-sd-jwt-vc-19; SDJWTVC.txt:307-309) ; HAIP §6.1 [T115] “Compact serialization MUST be supported as defined in [RFC9901]. JSON serialization MAY be supported.” (OpenID4VC HAIP 1.0 Final; HAIP.txt:468) ; ÖK §2D m.7 “senaryo (d) vektörleri (JSON serileştirmenin statüsü)” (ON-KAYIT-TASLAK v0.8; ON-KAYIT-TASLAK.md:423)	vaka: K1 ikincil (SD-JWT VC, senaryo d); MR3 (-13↔-19) | -19: JSON serileştirilmiş SD-JWT VC ayrıntıları kapsam dışı; destekleyen doğrulayıcı -13 okumasıyla kabul eder, desteklemeyen reddeder → belirlenmemiş (MR3 sürüm farkı). -13 kararı: P2: mevcut tüm imzalar geçerli (R=∅) [ES256=geçerli, EdDSA=geçerli]
VC09_GJ_ES256_EdDSA	P0|sdjwtvc=-13	kontrol-EdDSA	hayır	accept-classical	RFC7515 §5.2 [T315] “at least one JWS Signature value MUST successfully validate, or the JWS MUST be considered invalid” (RFC 7515; RFC7515.txt:814-816) ; RFC7515 §5.2 [T314] “it is an application decision which of the JWS Signature values must successfully validate” (RFC 7515; RFC7515.txt:810-812) ; ÖK §4.8 P0 “En az bir imza geçerliyse kabul” (ON-KAYIT-TASLAK v0.8; ON-KAYIT-TASLAK.md:775) ; SDJWTVC13 §3.2 [T114] “where support for the JWS JSON Serialization is OPTIONAL” (draft-ietf-oauth-sd-jwt-vc-13; SDJWTVC13.txt:303-304) ; RFC9901 §8.3 [T108] “disclosures and kb_jwt MUST be included in the first unprotected header” (RFC 9901; RFC9901.txt:1987-1988) ; RFC9901 §7.1 (2b) “Validate the signature over the Issuer-signed JWT per Section 5.2 of [RFC7515].” (RFC 9901; RFC9901.txt:1667-1668)	vaka: K1 ikincil (SD-JWT VC, senaryo d); MR3 (-13↔-19) | P0: en az bir izinli imza geçerli [ES256=geçerli, EdDSA=geçerli]
VC09_GJ_ES256_EdDSA	P0|sdjwtvc=-19	kontrol-EdDSA	hayır	indeterminate	SDJWTVC §2.2 [T113] “not precluded but the specific details are beyond the scope of this specification” (draft-ietf-oauth-sd-jwt-vc-19; SDJWTVC.txt:307-309) ; HAIP §6.1 [T115] “Compact serialization MUST be supported as defined in [RFC9901]. JSON serialization MAY be supported.” (OpenID4VC HAIP 1.0 Final; HAIP.txt:468) ; ÖK §2D m.7 “senaryo (d) vektörleri (JSON serileştirmenin statüsü)” (ON-KAYIT-TASLAK v0.8; ON-KAYIT-TASLAK.md:423)	vaka: K1 ikincil (SD-JWT VC, senaryo d); MR3 (-13↔-19) | -19: JSON serileştirilmiş SD-JWT VC ayrıntıları kapsam dışı; destekleyen doğrulayıcı -13 okumasıyla kabul eder, desteklemeyen reddeder → belirlenmemiş (MR3 sürüm farkı). -13 kararı: P0: en az bir izinli imza geçerli [ES256=geçerli, EdDSA=geçerli]
VC10_ikili_ihrac	L4	kontrol-EdDSA	evet	reject	ÖK §6.5 “İhraççı başına gerekli küme R = {X}, izinli küme {A, X}.” (ON-KAYIT-TASLAK v0.8; ON-KAYIT-TASLAK.md:1054) ; JWTBCP §3.1 [T328] “MUST determine which algorithms are permitted for itself and that issuer and ensure that the received JWT complies with those requirements” (draft-ietf-oauth-rfc8725bis-10; JWTBCP.txt:482-485) ; ÖK §4.7 G5 “Göç etmiş bir varlık, ilan ettiği eski-sürüm penceresi dışında yalnız klasik kanıtla kabul edilemez.” (ON-KAYIT-TASLAK v0.8; ON-KAYIT-TASLAK.md:767) ; ÖK §2B m.6 (L4c) “Göç etmiş ihraççının yalnız klasik imzalı belgesi reddedilir, eski ihraççının klasik imzalı belgesi kabul edilir.” (ON-KAYIT-TASLAK v0.8; ON-KAYIT-TASLAK.md:256) ; ÖK §6.5 K11 “göç etmiş ihraççıdan yalnız klasik kimlik bilgisi | RED (G5)” (ON-KAYIT-TASLAK v0.8; ON-KAYIT-TASLAK.md:1068)	vaka: K11 birincil (credentials[0] = ES256 kopya değerlendirilir) | L4: R={EdDSA} için geçerli imza yok (yalnız klasik kanıt; G5) [ES256=geçerli] | credentials[0] (ES256, klasik zincir) değerlendirildi; aynı yanıttaki ML-DSA-65 kopya K11 kararına girmez | sdjwtvc: -13/-19 aynı
VC10_ikili_ihrac	P2	kontrol-EdDSA	evet	accept-classical	ÖK §4.8 P1 “Mevcut imzaların tümü geçerliyse kabul. İmza silinmesi (soyma) fark edilmez” (ON-KAYIT-TASLAK v0.8; ON-KAYIT-TASLAK.md:776) ; ÖK §4.8 P2 “P1 + her imza, anahtarının bağlı olduğu algoritmayla doğrulanır” (ON-KAYIT-TASLAK v0.8; ON-KAYIT-TASLAK.md:777) ; RFC7515 §5.2 [T314] “it is an application decision which of the JWS Signature values must successfully validate” (RFC 7515; RFC7515.txt:810-812) ; RFC9901 §7.1 (2b) “Validate the signature over the Issuer-signed JWT per Section 5.2 of [RFC7515].” (RFC 9901; RFC9901.txt:1667-1668)	vaka: K11 birincil (credentials[0] = ES256 kopya değerlendirilir) | P2: mevcut tüm imzalar geçerli (R=∅) [ES256=geçerli] | credentials[0] (ES256, klasik zincir) değerlendirildi; aynı yanıttaki ML-DSA-65 kopya K11 kararına girmez | sdjwtvc: -13/-19 aynı
VC10_ikili_ihrac	P0	kontrol-EdDSA	evet	accept-classical	RFC7515 §5.2 [T315] “at least one JWS Signature value MUST successfully validate, or the JWS MUST be considered invalid” (RFC 7515; RFC7515.txt:814-816) ; RFC7515 §5.2 [T314] “it is an application decision which of the JWS Signature values must successfully validate” (RFC 7515; RFC7515.txt:810-812) ; ÖK §4.8 P0 “En az bir imza geçerliyse kabul” (ON-KAYIT-TASLAK v0.8; ON-KAYIT-TASLAK.md:775) ; RFC9901 §7.1 (2b) “Validate the signature over the Issuer-signed JWT per Section 5.2 of [RFC7515].” (RFC 9901; RFC9901.txt:1667-1668)	vaka: K11 birincil (credentials[0] = ES256 kopya değerlendirilir) | P0: en az bir izinli imza geçerli [ES256=geçerli] | credentials[0] (ES256, klasik zincir) değerlendirildi; aynı yanıttaki ML-DSA-65 kopya K11 kararına girmez | sdjwtvc: -13/-19 aynı
VC11_typ_vc+sd-jwt	L4|sdjwtvc=-13	kontrol-EdDSA	hayır	reject	ÖK §6.5 “İhraççı başına gerekli küme R = {X}, izinli küme {A, X}.” (ON-KAYIT-TASLAK v0.8; ON-KAYIT-TASLAK.md:1054) ; JWTBCP §3.1 [T328] “MUST determine which algorithms are permitted for itself and that issuer and ensure that the received JWT complies with those requirements” (draft-ietf-oauth-rfc8725bis-10; JWTBCP.txt:482-485) ; ÖK §4.7 G5 “Göç etmiş bir varlık, ilan ettiği eski-sürüm penceresi dışında yalnız klasik kanıtla kabul edilemez.” (ON-KAYIT-TASLAK v0.8; ON-KAYIT-TASLAK.md:767) ; ÖK §2B m.6 (L4c) “Göç etmiş ihraççının yalnız klasik imzalı belgesi reddedilir, eski ihraççının klasik imzalı belgesi kabul edilir.” (ON-KAYIT-TASLAK v0.8; ON-KAYIT-TASLAK.md:256)	vaka: MR3 eşi (VC01↔VC11; -13 geçişi) | L4: R={EdDSA} için geçerli imza yok (yalnız klasik kanıt; G5) [ES256=geçerli]
VC11_typ_vc+sd-jwt	L4|sdjwtvc=-19	kontrol-EdDSA	hayır	reject	ÖK §6.5 “İhraççı başına gerekli küme R = {X}, izinli küme {A, X}.” (ON-KAYIT-TASLAK v0.8; ON-KAYIT-TASLAK.md:1054) ; JWTBCP §3.1 [T328] “MUST determine which algorithms are permitted for itself and that issuer and ensure that the received JWT complies with those requirements” (draft-ietf-oauth-rfc8725bis-10; JWTBCP.txt:482-485) ; ÖK §4.7 G5 “Göç etmiş bir varlık, ilan ettiği eski-sürüm penceresi dışında yalnız klasik kanıtla kabul edilemez.” (ON-KAYIT-TASLAK v0.8; ON-KAYIT-TASLAK.md:767) ; ÖK §2B m.6 (L4c) “Göç etmiş ihraççının yalnız klasik imzalı belgesi reddedilir, eski ihraççının klasik imzalı belgesi kabul edilir.” (ON-KAYIT-TASLAK v0.8; ON-KAYIT-TASLAK.md:256)	vaka: MR3 eşi (VC01↔VC11; -13 geçişi) | L4: R={EdDSA} için geçerli imza yok (yalnız klasik kanıt; G5) [ES256=geçerli]
VC11_typ_vc+sd-jwt	P2|sdjwtvc=-13	kontrol-EdDSA	hayır	indeterminate	SDJWTVC13 §3.2.1 “The typ value MUST use dc+sd-jwt.” (draft-ietf-oauth-sd-jwt-vc-13; SDJWTVC13.txt:323-324) ; SDJWTVC13 §3.2.1 “it is RECOMMENDED that Verifiers and Holders accept both vc+sd-jwt and dc+sd-jwt as the value of the typ header” (draft-ietf-oauth-sd-jwt-vc-13; SDJWTVC13.txt:340-342)	vaka: MR3 eşi (VC01↔VC11; -13 geçişi) | typ=vc+sd-jwt: -13 üreticiye dc+sd-jwt der; doğrulayıcıya her ikisini kabul ÖNERİR (RECOMMENDED) → yön: kabul; zorunlu değil
VC11_typ_vc+sd-jwt	P2|sdjwtvc=-19	kontrol-EdDSA	hayır	indeterminate	SDJWTVC §2.2.1 [T119] “The typ value MUST use dc+sd-jwt.” (draft-ietf-oauth-sd-jwt-vc-19; SDJWTVC.txt:328-329) ; SDJWTVC Doc. History (-19) “Remove: "Note that this draft used vc+sd-jwt as the value of” (draft-ietf-oauth-sd-jwt-vc-19; SDJWTVC.txt:3614-3615) ; RFC9901 §9.11 “and that Verifiers check this value” (RFC 9901; RFC9901.txt:2318-2319)	vaka: MR3 eşi (VC01↔VC11; -13 geçişi) | typ=vc+sd-jwt: -19 yalnız dc+sd-jwt tanımlar, geçiş notu kaldırıldı; doğrulayıcı typ denetimi RECOMMENDED → yön: ret; zorunlu değil
VC11_typ_vc+sd-jwt	P0|sdjwtvc=-13	kontrol-EdDSA	hayır	indeterminate	SDJWTVC13 §3.2.1 “The typ value MUST use dc+sd-jwt.” (draft-ietf-oauth-sd-jwt-vc-13; SDJWTVC13.txt:323-324) ; SDJWTVC13 §3.2.1 “it is RECOMMENDED that Verifiers and Holders accept both vc+sd-jwt and dc+sd-jwt as the value of the typ header” (draft-ietf-oauth-sd-jwt-vc-13; SDJWTVC13.txt:340-342)	vaka: MR3 eşi (VC01↔VC11; -13 geçişi) | typ=vc+sd-jwt: -13 üreticiye dc+sd-jwt der; doğrulayıcıya her ikisini kabul ÖNERİR (RECOMMENDED) → yön: kabul; zorunlu değil
VC11_typ_vc+sd-jwt	P0|sdjwtvc=-19	kontrol-EdDSA	hayır	indeterminate	SDJWTVC §2.2.1 [T119] “The typ value MUST use dc+sd-jwt.” (draft-ietf-oauth-sd-jwt-vc-19; SDJWTVC.txt:328-329) ; SDJWTVC Doc. History (-19) “Remove: "Note that this draft used vc+sd-jwt as the value of” (draft-ietf-oauth-sd-jwt-vc-19; SDJWTVC.txt:3614-3615) ; RFC9901 §9.11 “and that Verifiers check this value” (RFC 9901; RFC9901.txt:2318-2319)	vaka: MR3 eşi (VC01↔VC11; -13 geçişi) | typ=vc+sd-jwt: -19 yalnız dc+sd-jwt tanımlar, geçiş notu kaldırıldı; doğrulayıcı typ denetimi RECOMMENDED → yön: ret; zorunlu değil
VC12_alg_none	L4	kontrol-EdDSA	hayır	reject	RFC9901 §4.1 [T102] “It MUST NOT use the none algorithm.” (RFC 9901; RFC9901.txt:486-487) ; RFC9901 §7.1 (2a) [T103] “The "none" algorithm MUST NOT be accepted.” (RFC 9901; RFC9901.txt:1665)	vaka: eşleme dışı (aile VC, kol None) | ihraççı JWT alg=none | sdjwtvc: -13/-19 aynı
VC12_alg_none	P2	kontrol-EdDSA	hayır	reject	RFC9901 §4.1 [T102] “It MUST NOT use the none algorithm.” (RFC 9901; RFC9901.txt:486-487) ; RFC9901 §7.1 (2a) [T103] “The "none" algorithm MUST NOT be accepted.” (RFC 9901; RFC9901.txt:1665)	vaka: eşleme dışı (aile VC, kol None) | ihraççı JWT alg=none | sdjwtvc: -13/-19 aynı
VC12_alg_none	P0	kontrol-EdDSA	hayır	reject	RFC9901 §4.1 [T102] “It MUST NOT use the none algorithm.” (RFC 9901; RFC9901.txt:486-487) ; RFC9901 §7.1 (2a) [T103] “The "none" algorithm MUST NOT be accepted.” (RFC 9901; RFC9901.txt:1665)	vaka: eşleme dışı (aile VC, kol None) | ihraççı JWT alg=none | sdjwtvc: -13/-19 aynı
VP01_ihracci_ES256_kb_ES256	L4	kontrol-EdDSA	hayır	reject	ÖK §6.5 “İhraççı başına gerekli küme R = {X}, izinli küme {A, X}.” (ON-KAYIT-TASLAK v0.8; ON-KAYIT-TASLAK.md:1054) ; JWTBCP §3.1 [T328] “MUST determine which algorithms are permitted for itself and that issuer and ensure that the received JWT complies with those requirements” (draft-ietf-oauth-rfc8725bis-10; JWTBCP.txt:482-485) ; ÖK §4.7 G5 “Göç etmiş bir varlık, ilan ettiği eski-sürüm penceresi dışında yalnız klasik kanıtla kabul edilemez.” (ON-KAYIT-TASLAK v0.8; ON-KAYIT-TASLAK.md:767) ; ÖK §2B m.6 (L4c) “Göç etmiş ihraççının yalnız klasik imzalı belgesi reddedilir, eski ihraççının klasik imzalı belgesi kabul edilir.” (ON-KAYIT-TASLAK v0.8; ON-KAYIT-TASLAK.md:256)	vaka: eşleme dışı (aile VP, kol klasik-taban) | L4: R={EdDSA} için geçerli imza yok (yalnız klasik kanıt; G5) [ES256=geçerli] | KB-JWT alg=ES256 (izinli kümeye tabi; R_I yalnız ihraççı imzasına uygulanır) | sdjwtvc: -13/-19 aynı
VP01_ihracci_ES256_kb_ES256	P2	kontrol-EdDSA	hayır	accept-classical	ÖK §4.8 P1 “Mevcut imzaların tümü geçerliyse kabul. İmza silinmesi (soyma) fark edilmez” (ON-KAYIT-TASLAK v0.8; ON-KAYIT-TASLAK.md:776) ; ÖK §4.8 P2 “P1 + her imza, anahtarının bağlı olduğu algoritmayla doğrulanır” (ON-KAYIT-TASLAK v0.8; ON-KAYIT-TASLAK.md:777) ; RFC7515 §5.2 [T314] “it is an application decision which of the JWS Signature values must successfully validate” (RFC 7515; RFC7515.txt:810-812) ; RFC9901 §7.1 (2b) “Validate the signature over the Issuer-signed JWT per Section 5.2 of [RFC7515].” (RFC 9901; RFC9901.txt:1667-1668) ; RFC9901 §7.3 (5b) [T213] “Ensure that a signing algorithm was used that was deemed secure for the application.” (RFC 9901; RFC9901.txt:1849-1850)	vaka: eşleme dışı (aile VP, kol klasik-taban) | P2: mevcut tüm imzalar geçerli (R=∅) [ES256=geçerli] | KB-JWT alg=ES256 (izinli kümeye tabi; R_I yalnız ihraççı imzasına uygulanır) | sdjwtvc: -13/-19 aynı
VP01_ihracci_ES256_kb_ES256	P0	kontrol-EdDSA	hayır	accept-classical	RFC7515 §5.2 [T315] “at least one JWS Signature value MUST successfully validate, or the JWS MUST be considered invalid” (RFC 7515; RFC7515.txt:814-816) ; RFC7515 §5.2 [T314] “it is an application decision which of the JWS Signature values must successfully validate” (RFC 7515; RFC7515.txt:810-812) ; ÖK §4.8 P0 “En az bir imza geçerliyse kabul” (ON-KAYIT-TASLAK v0.8; ON-KAYIT-TASLAK.md:775) ; RFC9901 §7.1 (2b) “Validate the signature over the Issuer-signed JWT per Section 5.2 of [RFC7515].” (RFC 9901; RFC9901.txt:1667-1668) ; RFC9901 §7.3 (5b) [T213] “Ensure that a signing algorithm was used that was deemed secure for the application.” (RFC 9901; RFC9901.txt:1849-1850)	vaka: eşleme dışı (aile VP, kol klasik-taban) | P0: en az bir izinli imza geçerli [ES256=geçerli] | KB-JWT alg=ES256 (izinli kümeye tabi; R_I yalnız ihraççı imzasına uygulanır) | sdjwtvc: -13/-19 aynı
TSL01_ES256_x5c	L4	kontrol-EdDSA	hayır	reject	ÖK §6.5 “İhraççı başına gerekli küme R = {X}, izinli küme {A, X}.” (ON-KAYIT-TASLAK v0.8; ON-KAYIT-TASLAK.md:1054) ; JWTBCP §3.1 [T328] “MUST determine which algorithms are permitted for itself and that issuer and ensure that the received JWT complies with those requirements” (draft-ietf-oauth-rfc8725bis-10; JWTBCP.txt:482-485) ; ÖK §4.7 G5 “Göç etmiş bir varlık, ilan ettiği eski-sürüm penceresi dışında yalnız klasik kanıtla kabul edilemez.” (ON-KAYIT-TASLAK v0.8; ON-KAYIT-TASLAK.md:767) ; ÖK §2B m.6 (L4c) “Göç etmiş ihraççının yalnız klasik imzalı belgesi reddedilir, eski ihraççının klasik imzalı belgesi kabul edilir.” (ON-KAYIT-TASLAK v0.8; ON-KAYIT-TASLAK.md:256)	vaka: eşleme dışı (aile TSL, kol klasik-taban) | L4: R={EdDSA} için geçerli imza yok (yalnız klasik kanıt; G5) [ES256=geçerli] | R_I durum ihraççısına benzetmeyle uygulandı
TSL01_ES256_x5c	P2	kontrol-EdDSA	hayır	accept-classical	ÖK §4.8 P1 “Mevcut imzaların tümü geçerliyse kabul. İmza silinmesi (soyma) fark edilmez” (ON-KAYIT-TASLAK v0.8; ON-KAYIT-TASLAK.md:776) ; ÖK §4.8 P2 “P1 + her imza, anahtarının bağlı olduğu algoritmayla doğrulanır” (ON-KAYIT-TASLAK v0.8; ON-KAYIT-TASLAK.md:777) ; RFC7515 §5.2 [T314] “it is an application decision which of the JWS Signature values must successfully validate” (RFC 7515; RFC7515.txt:810-812) ; TSL §5.1 [T145] “Relying Parties MUST reject JWTs with an invalid signature.” (draft-ietf-oauth-status-list-21; TSL.txt:788-789)	vaka: eşleme dışı (aile TSL, kol klasik-taban) | P2: mevcut tüm imzalar geçerli (R=∅) [ES256=geçerli] | R_I durum ihraççısına benzetmeyle uygulandı
TSL01_ES256_x5c	P0	kontrol-EdDSA	hayır	accept-classical	RFC7515 §5.2 [T315] “at least one JWS Signature value MUST successfully validate, or the JWS MUST be considered invalid” (RFC 7515; RFC7515.txt:814-816) ; RFC7515 §5.2 [T314] “it is an application decision which of the JWS Signature values must successfully validate” (RFC 7515; RFC7515.txt:810-812) ; ÖK §4.8 P0 “En az bir imza geçerliyse kabul” (ON-KAYIT-TASLAK v0.8; ON-KAYIT-TASLAK.md:775) ; TSL §5.1 [T145] “Relying Parties MUST reject JWTs with an invalid signature.” (draft-ietf-oauth-status-list-21; TSL.txt:788-789)	vaka: eşleme dışı (aile TSL, kol klasik-taban) | P0: en az bir izinli imza geçerli [ES256=geçerli] | R_I durum ihraççısına benzetmeyle uygulandı
DPOP01_ES256	L4	kontrol-EdDSA	hayır	reject	ÖK §6.5 “İhraççı başına gerekli küme R = {X}, izinli küme {A, X}.” (ON-KAYIT-TASLAK v0.8; ON-KAYIT-TASLAK.md:1054) ; JWTBCP §3.1 [T328] “MUST determine which algorithms are permitted for itself and that issuer and ensure that the received JWT complies with those requirements” (draft-ietf-oauth-rfc8725bis-10; JWTBCP.txt:482-485) ; ÖK §4.7 G5 “Göç etmiş bir varlık, ilan ettiği eski-sürüm penceresi dışında yalnız klasik kanıtla kabul edilemez.” (ON-KAYIT-TASLAK v0.8; ON-KAYIT-TASLAK.md:767) ; ÖK §2B m.6 (L4c) “Göç etmiş ihraççının yalnız klasik imzalı belgesi reddedilir, eski ihraççının klasik imzalı belgesi kabul edilir.” (ON-KAYIT-TASLAK v0.8; ON-KAYIT-TASLAK.md:256)	vaka: eşleme dışı (aile DPOP, kol klasik-taban) | L4: R={EdDSA} için geçerli imza yok (yalnız klasik kanıt; G5) [ES256=geçerli] | R_I = yerel politika (RFC 9449 §4.3(5)) benzetmesi; boyut eşiği kararı etkilemez
DPOP01_ES256	P2	kontrol-EdDSA	hayır	accept-classical	ÖK §4.8 P1 “Mevcut imzaların tümü geçerliyse kabul. İmza silinmesi (soyma) fark edilmez” (ON-KAYIT-TASLAK v0.8; ON-KAYIT-TASLAK.md:776) ; ÖK §4.8 P2 “P1 + her imza, anahtarının bağlı olduğu algoritmayla doğrulanır” (ON-KAYIT-TASLAK v0.8; ON-KAYIT-TASLAK.md:777) ; RFC7515 §5.2 [T314] “it is an application decision which of the JWS Signature values must successfully validate” (RFC 7515; RFC7515.txt:810-812) ; RFC9449 §4.3 (5) [T378] “is supported by the application, and is acceptable per local policy” (RFC 9449; RFC9449.txt:496-498)	vaka: eşleme dışı (aile DPOP, kol klasik-taban) | P2: mevcut tüm imzalar geçerli (R=∅) [ES256=geçerli] | R_I = yerel politika (RFC 9449 §4.3(5)) benzetmesi; boyut eşiği kararı etkilemez
DPOP01_ES256	P0	kontrol-EdDSA	hayır	accept-classical	RFC7515 §5.2 [T315] “at least one JWS Signature value MUST successfully validate, or the JWS MUST be considered invalid” (RFC 7515; RFC7515.txt:814-816) ; RFC7515 §5.2 [T314] “it is an application decision which of the JWS Signature values must successfully validate” (RFC 7515; RFC7515.txt:810-812) ; ÖK §4.8 P0 “En az bir imza geçerliyse kabul” (ON-KAYIT-TASLAK v0.8; ON-KAYIT-TASLAK.md:775) ; RFC9449 §4.3 (5) [T378] “is supported by the application, and is acceptable per local policy” (RFC 9449; RFC9449.txt:496-498)	vaka: eşleme dışı (aile DPOP, kol klasik-taban) | P0: en az bir izinli imza geçerli [ES256=geçerli] | R_I = yerel politika (RFC 9449 §4.3(5)) benzetmesi; boyut eşiği kararı etkilemez
DPOP02_EdDSA	L4	kontrol-EdDSA	hayır	accept-classical	ÖK §6.5 “İhraççı başına gerekli küme R = {X}, izinli küme {A, X}.” (ON-KAYIT-TASLAK v0.8; ON-KAYIT-TASLAK.md:1054) ; JWTBCP §3.1 [T328] “MUST determine which algorithms are permitted for itself and that issuer and ensure that the received JWT complies with those requirements” (draft-ietf-oauth-rfc8725bis-10; JWTBCP.txt:482-485) ; ACM2 Note 51 [T135] “the veriﬁcation function accepting if and only if all signatures are correct” (ECCG ACM v2.0; ACM2.txt:946) ; RFC9449 §4.3 (5) [T378] “is supported by the application, and is acceptable per local policy” (RFC 9449; RFC9449.txt:496-498)	vaka: eşleme dışı (aile DPOP, kol kontrol-EdDSA) | L4: tüm imzalar geçerli ve R={EdDSA} karşılandı [EdDSA=geçerli] | R_I = yerel politika (RFC 9449 §4.3(5)) benzetmesi; boyut eşiği kararı etkilemez
DPOP02_EdDSA	P2	kontrol-EdDSA	hayır	accept-classical	ÖK §4.8 P1 “Mevcut imzaların tümü geçerliyse kabul. İmza silinmesi (soyma) fark edilmez” (ON-KAYIT-TASLAK v0.8; ON-KAYIT-TASLAK.md:776) ; ÖK §4.8 P2 “P1 + her imza, anahtarının bağlı olduğu algoritmayla doğrulanır” (ON-KAYIT-TASLAK v0.8; ON-KAYIT-TASLAK.md:777) ; RFC7515 §5.2 [T314] “it is an application decision which of the JWS Signature values must successfully validate” (RFC 7515; RFC7515.txt:810-812) ; RFC9449 §4.3 (5) [T378] “is supported by the application, and is acceptable per local policy” (RFC 9449; RFC9449.txt:496-498)	vaka: eşleme dışı (aile DPOP, kol kontrol-EdDSA) | P2: mevcut tüm imzalar geçerli (R=∅) [EdDSA=geçerli] | R_I = yerel politika (RFC 9449 §4.3(5)) benzetmesi; boyut eşiği kararı etkilemez
DPOP02_EdDSA	P0	kontrol-EdDSA	hayır	accept-classical	RFC7515 §5.2 [T315] “at least one JWS Signature value MUST successfully validate, or the JWS MUST be considered invalid” (RFC 7515; RFC7515.txt:814-816) ; RFC7515 §5.2 [T314] “it is an application decision which of the JWS Signature values must successfully validate” (RFC 7515; RFC7515.txt:810-812) ; ÖK §4.8 P0 “En az bir imza geçerliyse kabul” (ON-KAYIT-TASLAK v0.8; ON-KAYIT-TASLAK.md:775) ; RFC9449 §4.3 (5) [T378] “is supported by the application, and is acceptable per local policy” (RFC 9449; RFC9449.txt:496-498)	vaka: eşleme dışı (aile DPOP, kol kontrol-EdDSA) | P0: en az bir izinli imza geçerli [EdDSA=geçerli] | R_I = yerel politika (RFC 9449 §4.3(5)) benzetmesi; boyut eşiği kararı etkilemez
DPOP03_ML-DSA-44	L4	kontrol-EdDSA	hayır	reject	JWTBCP §3.1 [T327] “MUST NOT employ any algorithms outside this configured set” (draft-ietf-oauth-rfc8725bis-10; JWTBCP.txt:463-466) ; RFC7515 §4.1.1 [T319] “The JWS Signature value is not valid if the "alg" value does not represent a supported algorithm or if there is not a key for use with that algorithm” (RFC 7515; RFC7515.txt:508-510) ; ÖK §4.8 P1 “Mevcut imzaların tümü geçerliyse kabul. İmza silinmesi (soyma) fark edilmez” (ON-KAYIT-TASLAK v0.8; ON-KAYIT-TASLAK.md:776) ; ACM2 Note 51 [T135] “the veriﬁcation function accepting if and only if all signatures are correct” (ECCG ACM v2.0; ACM2.txt:946) ; ÖK §6.5 “İhraççı başına gerekli küme R = {X}, izinli küme {A, X}.” (ON-KAYIT-TASLAK v0.8; ON-KAYIT-TASLAK.md:1054)	vaka: eşleme dışı (aile DPOP, kol kapsam-pq) | L4: mevcut imzalardan en az biri geçersiz/izinsiz → tüm-mevcut-geçerli koşulu sağlanmıyor [ML-DSA-44=izinsiz] | R_I = yerel politika (RFC 9449 §4.3(5)) benzetmesi; boyut eşiği kararı etkilemez
DPOP03_ML-DSA-44	P2	kontrol-EdDSA	hayır	reject	JWTBCP §3.1 [T327] “MUST NOT employ any algorithms outside this configured set” (draft-ietf-oauth-rfc8725bis-10; JWTBCP.txt:463-466) ; RFC7515 §4.1.1 [T319] “The JWS Signature value is not valid if the "alg" value does not represent a supported algorithm or if there is not a key for use with that algorithm” (RFC 7515; RFC7515.txt:508-510) ; ÖK §4.8 P1 “Mevcut imzaların tümü geçerliyse kabul. İmza silinmesi (soyma) fark edilmez” (ON-KAYIT-TASLAK v0.8; ON-KAYIT-TASLAK.md:776) ; ACM2 Note 51 [T135] “the veriﬁcation function accepting if and only if all signatures are correct” (ECCG ACM v2.0; ACM2.txt:946)	vaka: eşleme dışı (aile DPOP, kol kapsam-pq) | P2: mevcut imzalardan en az biri geçersiz/izinsiz → tüm-mevcut-geçerli koşulu sağlanmıyor [ML-DSA-44=izinsiz] | R_I = yerel politika (RFC 9449 §4.3(5)) benzetmesi; boyut eşiği kararı etkilemez
DPOP03_ML-DSA-44	P0	kontrol-EdDSA	hayır	reject	RFC7515 §5.2 [T315] “at least one JWS Signature value MUST successfully validate, or the JWS MUST be considered invalid” (RFC 7515; RFC7515.txt:814-816) ; JWTBCP §3.1 [T327] “MUST NOT employ any algorithms outside this configured set” (draft-ietf-oauth-rfc8725bis-10; JWTBCP.txt:463-466) ; RFC7515 §4.1.1 [T319] “The JWS Signature value is not valid if the "alg" value does not represent a supported algorithm or if there is not a key for use with that algorithm” (RFC 7515; RFC7515.txt:508-510)	vaka: eşleme dışı (aile DPOP, kol kapsam-pq) | P0: geçerli izinli imza yok [ML-DSA-44=izinsiz] | R_I = yerel politika (RFC 9449 §4.3(5)) benzetmesi; boyut eşiği kararı etkilemez
DPOP05_ML-DSA-87	L4	kontrol-EdDSA	hayır	reject	JWTBCP §3.1 [T327] “MUST NOT employ any algorithms outside this configured set” (draft-ietf-oauth-rfc8725bis-10; JWTBCP.txt:463-466) ; RFC7515 §4.1.1 [T319] “The JWS Signature value is not valid if the "alg" value does not represent a supported algorithm or if there is not a key for use with that algorithm” (RFC 7515; RFC7515.txt:508-510) ; ÖK §4.8 P1 “Mevcut imzaların tümü geçerliyse kabul. İmza silinmesi (soyma) fark edilmez” (ON-KAYIT-TASLAK v0.8; ON-KAYIT-TASLAK.md:776) ; ACM2 Note 51 [T135] “the veriﬁcation function accepting if and only if all signatures are correct” (ECCG ACM v2.0; ACM2.txt:946) ; ÖK §6.5 “İhraççı başına gerekli küme R = {X}, izinli küme {A, X}.” (ON-KAYIT-TASLAK v0.8; ON-KAYIT-TASLAK.md:1054)	vaka: eşleme dışı (aile DPOP, kol kapsam-pq) | L4: mevcut imzalardan en az biri geçersiz/izinsiz → tüm-mevcut-geçerli koşulu sağlanmıyor [ML-DSA-87=izinsiz] | R_I = yerel politika (RFC 9449 §4.3(5)) benzetmesi; boyut eşiği kararı etkilemez
DPOP05_ML-DSA-87	P2	kontrol-EdDSA	hayır	reject	JWTBCP §3.1 [T327] “MUST NOT employ any algorithms outside this configured set” (draft-ietf-oauth-rfc8725bis-10; JWTBCP.txt:463-466) ; RFC7515 §4.1.1 [T319] “The JWS Signature value is not valid if the "alg" value does not represent a supported algorithm or if there is not a key for use with that algorithm” (RFC 7515; RFC7515.txt:508-510) ; ÖK §4.8 P1 “Mevcut imzaların tümü geçerliyse kabul. İmza silinmesi (soyma) fark edilmez” (ON-KAYIT-TASLAK v0.8; ON-KAYIT-TASLAK.md:776) ; ACM2 Note 51 [T135] “the veriﬁcation function accepting if and only if all signatures are correct” (ECCG ACM v2.0; ACM2.txt:946)	vaka: eşleme dışı (aile DPOP, kol kapsam-pq) | P2: mevcut imzalardan en az biri geçersiz/izinsiz → tüm-mevcut-geçerli koşulu sağlanmıyor [ML-DSA-87=izinsiz] | R_I = yerel politika (RFC 9449 §4.3(5)) benzetmesi; boyut eşiği kararı etkilemez
DPOP05_ML-DSA-87	P0	kontrol-EdDSA	hayır	reject	RFC7515 §5.2 [T315] “at least one JWS Signature value MUST successfully validate, or the JWS MUST be considered invalid” (RFC 7515; RFC7515.txt:814-816) ; JWTBCP §3.1 [T327] “MUST NOT employ any algorithms outside this configured set” (draft-ietf-oauth-rfc8725bis-10; JWTBCP.txt:463-466) ; RFC7515 §4.1.1 [T319] “The JWS Signature value is not valid if the "alg" value does not represent a supported algorithm or if there is not a key for use with that algorithm” (RFC 7515; RFC7515.txt:508-510)	vaka: eşleme dışı (aile DPOP, kol kapsam-pq) | P0: geçerli izinli imza yok [ML-DSA-87=izinsiz] | R_I = yerel politika (RFC 9449 §4.3(5)) benzetmesi; boyut eşiği kararı etkilemez
DPOP07_ML-DSA-65-Ed25519	L4	kontrol-EdDSA	hayır	reject	JWTBCP §3.1 [T327] “MUST NOT employ any algorithms outside this configured set” (draft-ietf-oauth-rfc8725bis-10; JWTBCP.txt:463-466) ; RFC7515 §4.1.1 [T319] “The JWS Signature value is not valid if the "alg" value does not represent a supported algorithm or if there is not a key for use with that algorithm” (RFC 7515; RFC7515.txt:508-510) ; ÖK §4.8 P1 “Mevcut imzaların tümü geçerliyse kabul. İmza silinmesi (soyma) fark edilmez” (ON-KAYIT-TASLAK v0.8; ON-KAYIT-TASLAK.md:776) ; ACM2 Note 51 [T135] “the veriﬁcation function accepting if and only if all signatures are correct” (ECCG ACM v2.0; ACM2.txt:946) ; ÖK §6.5 “İhraççı başına gerekli küme R = {X}, izinli küme {A, X}.” (ON-KAYIT-TASLAK v0.8; ON-KAYIT-TASLAK.md:1054)	vaka: eşleme dışı (aile DPOP, kol kapsam-hibrit) | L4: mevcut imzalardan en az biri geçersiz/izinsiz → tüm-mevcut-geçerli koşulu sağlanmıyor [ML-DSA-65-Ed25519=izinsiz] | R_I = yerel politika (RFC 9449 §4.3(5)) benzetmesi; boyut eşiği kararı etkilemez
DPOP07_ML-DSA-65-Ed25519	P2	kontrol-EdDSA	hayır	reject	JWTBCP §3.1 [T327] “MUST NOT employ any algorithms outside this configured set” (draft-ietf-oauth-rfc8725bis-10; JWTBCP.txt:463-466) ; RFC7515 §4.1.1 [T319] “The JWS Signature value is not valid if the "alg" value does not represent a supported algorithm or if there is not a key for use with that algorithm” (RFC 7515; RFC7515.txt:508-510) ; ÖK §4.8 P1 “Mevcut imzaların tümü geçerliyse kabul. İmza silinmesi (soyma) fark edilmez” (ON-KAYIT-TASLAK v0.8; ON-KAYIT-TASLAK.md:776) ; ACM2 Note 51 [T135] “the veriﬁcation function accepting if and only if all signatures are correct” (ECCG ACM v2.0; ACM2.txt:946)	vaka: eşleme dışı (aile DPOP, kol kapsam-hibrit) | P2: mevcut imzalardan en az biri geçersiz/izinsiz → tüm-mevcut-geçerli koşulu sağlanmıyor [ML-DSA-65-Ed25519=izinsiz] | R_I = yerel politika (RFC 9449 §4.3(5)) benzetmesi; boyut eşiği kararı etkilemez
DPOP07_ML-DSA-65-Ed25519	P0	kontrol-EdDSA	hayır	reject	RFC7515 §5.2 [T315] “at least one JWS Signature value MUST successfully validate, or the JWS MUST be considered invalid” (RFC 7515; RFC7515.txt:814-816) ; JWTBCP §3.1 [T327] “MUST NOT employ any algorithms outside this configured set” (draft-ietf-oauth-rfc8725bis-10; JWTBCP.txt:463-466) ; RFC7515 §4.1.1 [T319] “The JWS Signature value is not valid if the "alg" value does not represent a supported algorithm or if there is not a key for use with that algorithm” (RFC 7515; RFC7515.txt:508-510)	vaka: eşleme dışı (aile DPOP, kol kapsam-hibrit) | P0: geçerli izinli imza yok [ML-DSA-65-Ed25519=izinsiz] | R_I = yerel politika (RFC 9449 §4.3(5)) benzetmesi; boyut eşiği kararı etkilemez
T1K_both_valid-SIRA-ters	L4	kontrol-EdDSA	hayır	accept-classical	ÖK §6.5 “İhraççı başına gerekli küme R = {X}, izinli küme {A, X}.” (ON-KAYIT-TASLAK v0.8; ON-KAYIT-TASLAK.md:1054) ; JWTBCP §3.1 [T328] “MUST determine which algorithms are permitted for itself and that issuer and ensure that the received JWT complies with those requirements” (draft-ietf-oauth-rfc8725bis-10; JWTBCP.txt:482-485) ; ACM2 Note 51 [T135] “the veriﬁcation function accepting if and only if all signatures are correct” (ECCG ACM v2.0; ACM2.txt:946)	vaka: MR4 eşi (eşleme §2) | L4: tüm imzalar geçerli ve R={EdDSA} karşılandı [EdDSA=geçerli, ES256=geçerli] | MR4 eşi: kaynak T1K_both_valid (ters); imzalar bağımsız doğrulandığından karar kaynakla aynı (RFC 7515 §5.2 adım 9)
T1K_both_valid-SIRA-ters	P2	kontrol-EdDSA	hayır	accept-classical	ÖK §4.8 P1 “Mevcut imzaların tümü geçerliyse kabul. İmza silinmesi (soyma) fark edilmez” (ON-KAYIT-TASLAK v0.8; ON-KAYIT-TASLAK.md:776) ; ÖK §4.8 P2 “P1 + her imza, anahtarının bağlı olduğu algoritmayla doğrulanır” (ON-KAYIT-TASLAK v0.8; ON-KAYIT-TASLAK.md:777) ; RFC7515 §5.2 [T314] “it is an application decision which of the JWS Signature values must successfully validate” (RFC 7515; RFC7515.txt:810-812)	vaka: MR4 eşi (eşleme §2) | P2: mevcut tüm imzalar geçerli (R=∅) [EdDSA=geçerli, ES256=geçerli] | MR4 eşi: kaynak T1K_both_valid (ters); imzalar bağımsız doğrulandığından karar kaynakla aynı (RFC 7515 §5.2 adım 9)
T1K_both_valid-SIRA-ters	P0	kontrol-EdDSA	hayır	accept-classical	RFC7515 §5.2 [T315] “at least one JWS Signature value MUST successfully validate, or the JWS MUST be considered invalid” (RFC 7515; RFC7515.txt:814-816) ; RFC7515 §5.2 [T314] “it is an application decision which of the JWS Signature values must successfully validate” (RFC 7515; RFC7515.txt:810-812) ; ÖK §4.8 P0 “En az bir imza geçerliyse kabul” (ON-KAYIT-TASLAK v0.8; ON-KAYIT-TASLAK.md:775)	vaka: MR4 eşi (eşleme §2) | P0: en az bir izinli imza geçerli [EdDSA=geçerli, ES256=geçerli] | MR4 eşi: kaynak T1K_both_valid (ters); imzalar bağımsız doğrulandığından karar kaynakla aynı (RFC 7515 §5.2 adım 9)
T2K_second_tampered-SIRA-ters	L4	kontrol-EdDSA	hayır	reject	RFC7515 §5.2 (8) “Validate the JWS Signature against the JWS Signing Input” (RFC 7515; RFC7515.txt:873) ; ÖK §4.8 P1 “Mevcut imzaların tümü geçerliyse kabul. İmza silinmesi (soyma) fark edilmez” (ON-KAYIT-TASLAK v0.8; ON-KAYIT-TASLAK.md:776) ; ACM2 Note 51 [T135] “the veriﬁcation function accepting if and only if all signatures are correct” (ECCG ACM v2.0; ACM2.txt:946) ; ÖK §6.5 “İhraççı başına gerekli küme R = {X}, izinli küme {A, X}.” (ON-KAYIT-TASLAK v0.8; ON-KAYIT-TASLAK.md:1054)	vaka: MR4 eşi (eşleme §2) | L4: mevcut imzalardan en az biri geçersiz/izinsiz → tüm-mevcut-geçerli koşulu sağlanmıyor [EdDSA=geçersiz (bozuk imza (permütasyonla 0. sırada)), ES256=geçerli] | MR4 eşi: kaynak T2K_second_tampered (ters); imzalar bağımsız doğrulandığından karar kaynakla aynı (RFC 7515 §5.2 adım 9)
T2K_second_tampered-SIRA-ters	P2	kontrol-EdDSA	hayır	reject	RFC7515 §5.2 (8) “Validate the JWS Signature against the JWS Signing Input” (RFC 7515; RFC7515.txt:873) ; ÖK §4.8 P1 “Mevcut imzaların tümü geçerliyse kabul. İmza silinmesi (soyma) fark edilmez” (ON-KAYIT-TASLAK v0.8; ON-KAYIT-TASLAK.md:776) ; ACM2 Note 51 [T135] “the veriﬁcation function accepting if and only if all signatures are correct” (ECCG ACM v2.0; ACM2.txt:946)	vaka: MR4 eşi (eşleme §2) | P2: mevcut imzalardan en az biri geçersiz/izinsiz → tüm-mevcut-geçerli koşulu sağlanmıyor [EdDSA=geçersiz (bozuk imza (permütasyonla 0. sırada)), ES256=geçerli] | MR4 eşi: kaynak T2K_second_tampered (ters); imzalar bağımsız doğrulandığından karar kaynakla aynı (RFC 7515 §5.2 adım 9)
T2K_second_tampered-SIRA-ters	P0	kontrol-EdDSA	hayır	accept-classical	RFC7515 §5.2 [T315] “at least one JWS Signature value MUST successfully validate, or the JWS MUST be considered invalid” (RFC 7515; RFC7515.txt:814-816) ; RFC7515 §5.2 [T314] “it is an application decision which of the JWS Signature values must successfully validate” (RFC 7515; RFC7515.txt:810-812) ; ÖK §4.8 P0 “En az bir imza geçerliyse kabul” (ON-KAYIT-TASLAK v0.8; ON-KAYIT-TASLAK.md:775)	vaka: MR4 eşi (eşleme §2) | P0: en az bir izinli imza geçerli [EdDSA=geçersiz (bozuk imza (permütasyonla 0. sırada)), ES256=geçerli] | MR4 eşi: kaynak T2K_second_tampered (ters); imzalar bağımsız doğrulandığından karar kaynakla aynı (RFC 7515 §5.2 adım 9)
T4K_plus_ML-DSA-65-SIRA-ek-once	L4	kontrol-EdDSA	hayır	reject	JWTBCP §3.1 [T327] “MUST NOT employ any algorithms outside this configured set” (draft-ietf-oauth-rfc8725bis-10; JWTBCP.txt:463-466) ; RFC7515 §4.1.1 [T319] “The JWS Signature value is not valid if the "alg" value does not represent a supported algorithm or if there is not a key for use with that algorithm” (RFC 7515; RFC7515.txt:508-510) ; ÖK §4.8 P1 “Mevcut imzaların tümü geçerliyse kabul. İmza silinmesi (soyma) fark edilmez” (ON-KAYIT-TASLAK v0.8; ON-KAYIT-TASLAK.md:776) ; ACM2 Note 51 [T135] “the veriﬁcation function accepting if and only if all signatures are correct” (ECCG ACM v2.0; ACM2.txt:946) ; ÖK §6.5 “İhraççı başına gerekli küme R = {X}, izinli küme {A, X}.” (ON-KAYIT-TASLAK v0.8; ON-KAYIT-TASLAK.md:1054)	vaka: MR4 eşi (eşleme §2) | L4: mevcut imzalardan en az biri geçersiz/izinsiz → tüm-mevcut-geçerli koşulu sağlanmıyor [ML-DSA-65=izinsiz, ES256=geçerli, EdDSA=geçerli] | MR4 eşi: kaynak T4K_plus_ML-DSA-65 (ek-once); imzalar bağımsız doğrulandığından karar kaynakla aynı (RFC 7515 §5.2 adım 9)
T4K_plus_ML-DSA-65-SIRA-ek-once	P2	kontrol-EdDSA	hayır	reject	JWTBCP §3.1 [T327] “MUST NOT employ any algorithms outside this configured set” (draft-ietf-oauth-rfc8725bis-10; JWTBCP.txt:463-466) ; RFC7515 §4.1.1 [T319] “The JWS Signature value is not valid if the "alg" value does not represent a supported algorithm or if there is not a key for use with that algorithm” (RFC 7515; RFC7515.txt:508-510) ; ÖK §4.8 P1 “Mevcut imzaların tümü geçerliyse kabul. İmza silinmesi (soyma) fark edilmez” (ON-KAYIT-TASLAK v0.8; ON-KAYIT-TASLAK.md:776) ; ACM2 Note 51 [T135] “the veriﬁcation function accepting if and only if all signatures are correct” (ECCG ACM v2.0; ACM2.txt:946)	vaka: MR4 eşi (eşleme §2) | P2: mevcut imzalardan en az biri geçersiz/izinsiz → tüm-mevcut-geçerli koşulu sağlanmıyor [ML-DSA-65=izinsiz, ES256=geçerli, EdDSA=geçerli] | MR4 eşi: kaynak T4K_plus_ML-DSA-65 (ek-once); imzalar bağımsız doğrulandığından karar kaynakla aynı (RFC 7515 §5.2 adım 9)
T4K_plus_ML-DSA-65-SIRA-ek-once	P0	kontrol-EdDSA	hayır	accept-classical	RFC7515 §5.2 [T315] “at least one JWS Signature value MUST successfully validate, or the JWS MUST be considered invalid” (RFC 7515; RFC7515.txt:814-816) ; RFC7515 §5.2 [T314] “it is an application decision which of the JWS Signature values must successfully validate” (RFC 7515; RFC7515.txt:810-812) ; ÖK §4.8 P0 “En az bir imza geçerliyse kabul” (ON-KAYIT-TASLAK v0.8; ON-KAYIT-TASLAK.md:775)	vaka: MR4 eşi (eşleme §2) | P0: en az bir izinli imza geçerli [ML-DSA-65=izinsiz, ES256=geçerli, EdDSA=geçerli] | MR4 eşi: kaynak T4K_plus_ML-DSA-65 (ek-once); imzalar bağımsız doğrulandığından karar kaynakla aynı (RFC 7515 §5.2 adım 9)
T4K_plus_ML-DSA-65-SIRA-ters	L4	kontrol-EdDSA	hayır	reject	JWTBCP §3.1 [T327] “MUST NOT employ any algorithms outside this configured set” (draft-ietf-oauth-rfc8725bis-10; JWTBCP.txt:463-466) ; RFC7515 §4.1.1 [T319] “The JWS Signature value is not valid if the "alg" value does not represent a supported algorithm or if there is not a key for use with that algorithm” (RFC 7515; RFC7515.txt:508-510) ; ÖK §4.8 P1 “Mevcut imzaların tümü geçerliyse kabul. İmza silinmesi (soyma) fark edilmez” (ON-KAYIT-TASLAK v0.8; ON-KAYIT-TASLAK.md:776) ; ACM2 Note 51 [T135] “the veriﬁcation function accepting if and only if all signatures are correct” (ECCG ACM v2.0; ACM2.txt:946) ; ÖK §6.5 “İhraççı başına gerekli küme R = {X}, izinli küme {A, X}.” (ON-KAYIT-TASLAK v0.8; ON-KAYIT-TASLAK.md:1054)	vaka: MR4 eşi (eşleme §2) | L4: mevcut imzalardan en az biri geçersiz/izinsiz → tüm-mevcut-geçerli koşulu sağlanmıyor [ML-DSA-65=izinsiz, EdDSA=geçerli, ES256=geçerli] | MR4 eşi: kaynak T4K_plus_ML-DSA-65 (ters); imzalar bağımsız doğrulandığından karar kaynakla aynı (RFC 7515 §5.2 adım 9)
T4K_plus_ML-DSA-65-SIRA-ters	P2	kontrol-EdDSA	hayır	reject	JWTBCP §3.1 [T327] “MUST NOT employ any algorithms outside this configured set” (draft-ietf-oauth-rfc8725bis-10; JWTBCP.txt:463-466) ; RFC7515 §4.1.1 [T319] “The JWS Signature value is not valid if the "alg" value does not represent a supported algorithm or if there is not a key for use with that algorithm” (RFC 7515; RFC7515.txt:508-510) ; ÖK §4.8 P1 “Mevcut imzaların tümü geçerliyse kabul. İmza silinmesi (soyma) fark edilmez” (ON-KAYIT-TASLAK v0.8; ON-KAYIT-TASLAK.md:776) ; ACM2 Note 51 [T135] “the veriﬁcation function accepting if and only if all signatures are correct” (ECCG ACM v2.0; ACM2.txt:946)	vaka: MR4 eşi (eşleme §2) | P2: mevcut imzalardan en az biri geçersiz/izinsiz → tüm-mevcut-geçerli koşulu sağlanmıyor [ML-DSA-65=izinsiz, EdDSA=geçerli, ES256=geçerli] | MR4 eşi: kaynak T4K_plus_ML-DSA-65 (ters); imzalar bağımsız doğrulandığından karar kaynakla aynı (RFC 7515 §5.2 adım 9)
T4K_plus_ML-DSA-65-SIRA-ters	P0	kontrol-EdDSA	hayır	accept-classical	RFC7515 §5.2 [T315] “at least one JWS Signature value MUST successfully validate, or the JWS MUST be considered invalid” (RFC 7515; RFC7515.txt:814-816) ; RFC7515 §5.2 [T314] “it is an application decision which of the JWS Signature values must successfully validate” (RFC 7515; RFC7515.txt:810-812) ; ÖK §4.8 P0 “En az bir imza geçerliyse kabul” (ON-KAYIT-TASLAK v0.8; ON-KAYIT-TASLAK.md:775)	vaka: MR4 eşi (eşleme §2) | P0: en az bir izinli imza geçerli [ML-DSA-65=izinsiz, EdDSA=geçerli, ES256=geçerli] | MR4 eşi: kaynak T4K_plus_ML-DSA-65 (ters); imzalar bağımsız doğrulandığından karar kaynakla aynı (RFC 7515 §5.2 adım 9)
T6_plus_composite-SIRA-ek-once	L4	kontrol-EdDSA	hayır	reject	JWTBCP §3.1 [T327] “MUST NOT employ any algorithms outside this configured set” (draft-ietf-oauth-rfc8725bis-10; JWTBCP.txt:463-466) ; RFC7515 §4.1.1 [T319] “The JWS Signature value is not valid if the "alg" value does not represent a supported algorithm or if there is not a key for use with that algorithm” (RFC 7515; RFC7515.txt:508-510) ; ÖK §4.8 P1 “Mevcut imzaların tümü geçerliyse kabul. İmza silinmesi (soyma) fark edilmez” (ON-KAYIT-TASLAK v0.8; ON-KAYIT-TASLAK.md:776) ; ACM2 Note 51 [T135] “the veriﬁcation function accepting if and only if all signatures are correct” (ECCG ACM v2.0; ACM2.txt:946) ; ÖK §6.5 “İhraççı başına gerekli küme R = {X}, izinli küme {A, X}.” (ON-KAYIT-TASLAK v0.8; ON-KAYIT-TASLAK.md:1054)	vaka: MR4 eşi (eşleme §2) | L4: mevcut imzalardan en az biri geçersiz/izinsiz → tüm-mevcut-geçerli koşulu sağlanmıyor [ML-DSA-65-ES256=izinsiz, ES256=geçerli, EdDSA=geçerli] | MR4 eşi: kaynak T6_plus_composite (ek-once); imzalar bağımsız doğrulandığından karar kaynakla aynı (RFC 7515 §5.2 adım 9)
T6_plus_composite-SIRA-ek-once	P2	kontrol-EdDSA	hayır	reject	JWTBCP §3.1 [T327] “MUST NOT employ any algorithms outside this configured set” (draft-ietf-oauth-rfc8725bis-10; JWTBCP.txt:463-466) ; RFC7515 §4.1.1 [T319] “The JWS Signature value is not valid if the "alg" value does not represent a supported algorithm or if there is not a key for use with that algorithm” (RFC 7515; RFC7515.txt:508-510) ; ÖK §4.8 P1 “Mevcut imzaların tümü geçerliyse kabul. İmza silinmesi (soyma) fark edilmez” (ON-KAYIT-TASLAK v0.8; ON-KAYIT-TASLAK.md:776) ; ACM2 Note 51 [T135] “the veriﬁcation function accepting if and only if all signatures are correct” (ECCG ACM v2.0; ACM2.txt:946)	vaka: MR4 eşi (eşleme §2) | P2: mevcut imzalardan en az biri geçersiz/izinsiz → tüm-mevcut-geçerli koşulu sağlanmıyor [ML-DSA-65-ES256=izinsiz, ES256=geçerli, EdDSA=geçerli] | MR4 eşi: kaynak T6_plus_composite (ek-once); imzalar bağımsız doğrulandığından karar kaynakla aynı (RFC 7515 §5.2 adım 9)
T6_plus_composite-SIRA-ek-once	P0	kontrol-EdDSA	hayır	accept-classical	RFC7515 §5.2 [T315] “at least one JWS Signature value MUST successfully validate, or the JWS MUST be considered invalid” (RFC 7515; RFC7515.txt:814-816) ; RFC7515 §5.2 [T314] “it is an application decision which of the JWS Signature values must successfully validate” (RFC 7515; RFC7515.txt:810-812) ; ÖK §4.8 P0 “En az bir imza geçerliyse kabul” (ON-KAYIT-TASLAK v0.8; ON-KAYIT-TASLAK.md:775)	vaka: MR4 eşi (eşleme §2) | P0: en az bir izinli imza geçerli [ML-DSA-65-ES256=izinsiz, ES256=geçerli, EdDSA=geçerli] | MR4 eşi: kaynak T6_plus_composite (ek-once); imzalar bağımsız doğrulandığından karar kaynakla aynı (RFC 7515 §5.2 adım 9)
T6_plus_composite-SIRA-ters	L4	kontrol-EdDSA	hayır	reject	JWTBCP §3.1 [T327] “MUST NOT employ any algorithms outside this configured set” (draft-ietf-oauth-rfc8725bis-10; JWTBCP.txt:463-466) ; RFC7515 §4.1.1 [T319] “The JWS Signature value is not valid if the "alg" value does not represent a supported algorithm or if there is not a key for use with that algorithm” (RFC 7515; RFC7515.txt:508-510) ; ÖK §4.8 P1 “Mevcut imzaların tümü geçerliyse kabul. İmza silinmesi (soyma) fark edilmez” (ON-KAYIT-TASLAK v0.8; ON-KAYIT-TASLAK.md:776) ; ACM2 Note 51 [T135] “the veriﬁcation function accepting if and only if all signatures are correct” (ECCG ACM v2.0; ACM2.txt:946) ; ÖK §6.5 “İhraççı başına gerekli küme R = {X}, izinli küme {A, X}.” (ON-KAYIT-TASLAK v0.8; ON-KAYIT-TASLAK.md:1054)	vaka: MR4 eşi (eşleme §2) | L4: mevcut imzalardan en az biri geçersiz/izinsiz → tüm-mevcut-geçerli koşulu sağlanmıyor [ML-DSA-65-ES256=izinsiz, EdDSA=geçerli, ES256=geçerli] | MR4 eşi: kaynak T6_plus_composite (ters); imzalar bağımsız doğrulandığından karar kaynakla aynı (RFC 7515 §5.2 adım 9)
T6_plus_composite-SIRA-ters	P2	kontrol-EdDSA	hayır	reject	JWTBCP §3.1 [T327] “MUST NOT employ any algorithms outside this configured set” (draft-ietf-oauth-rfc8725bis-10; JWTBCP.txt:463-466) ; RFC7515 §4.1.1 [T319] “The JWS Signature value is not valid if the "alg" value does not represent a supported algorithm or if there is not a key for use with that algorithm” (RFC 7515; RFC7515.txt:508-510) ; ÖK §4.8 P1 “Mevcut imzaların tümü geçerliyse kabul. İmza silinmesi (soyma) fark edilmez” (ON-KAYIT-TASLAK v0.8; ON-KAYIT-TASLAK.md:776) ; ACM2 Note 51 [T135] “the veriﬁcation function accepting if and only if all signatures are correct” (ECCG ACM v2.0; ACM2.txt:946)	vaka: MR4 eşi (eşleme §2) | P2: mevcut imzalardan en az biri geçersiz/izinsiz → tüm-mevcut-geçerli koşulu sağlanmıyor [ML-DSA-65-ES256=izinsiz, EdDSA=geçerli, ES256=geçerli] | MR4 eşi: kaynak T6_plus_composite (ters); imzalar bağımsız doğrulandığından karar kaynakla aynı (RFC 7515 §5.2 adım 9)
T6_plus_composite-SIRA-ters	P0	kontrol-EdDSA	hayır	accept-classical	RFC7515 §5.2 [T315] “at least one JWS Signature value MUST successfully validate, or the JWS MUST be considered invalid” (RFC 7515; RFC7515.txt:814-816) ; RFC7515 §5.2 [T314] “it is an application decision which of the JWS Signature values must successfully validate” (RFC 7515; RFC7515.txt:810-812) ; ÖK §4.8 P0 “En az bir imza geçerliyse kabul” (ON-KAYIT-TASLAK v0.8; ON-KAYIT-TASLAK.md:775)	vaka: MR4 eşi (eşleme §2) | P0: en az bir izinli imza geçerli [ML-DSA-65-ES256=izinsiz, EdDSA=geçerli, ES256=geçerli] | MR4 eşi: kaynak T6_plus_composite (ters); imzalar bağımsız doğrulandığından karar kaynakla aynı (RFC 7515 §5.2 adım 9)
VC09_GJ_ES256_EdDSA-SIRA-ters	L4|sdjwtvc=-13	kontrol-EdDSA	hayır	accept-classical	ÖK §6.5 “İhraççı başına gerekli küme R = {X}, izinli küme {A, X}.” (ON-KAYIT-TASLAK v0.8; ON-KAYIT-TASLAK.md:1054) ; JWTBCP §3.1 [T328] “MUST determine which algorithms are permitted for itself and that issuer and ensure that the received JWT complies with those requirements” (draft-ietf-oauth-rfc8725bis-10; JWTBCP.txt:482-485) ; ACM2 Note 51 [T135] “the veriﬁcation function accepting if and only if all signatures are correct” (ECCG ACM v2.0; ACM2.txt:946) ; SDJWTVC13 §3.2 [T114] “where support for the JWS JSON Serialization is OPTIONAL” (draft-ietf-oauth-sd-jwt-vc-13; SDJWTVC13.txt:303-304) ; RFC9901 §8.3 [T108] “disclosures and kb_jwt MUST be included in the first unprotected header” (RFC 9901; RFC9901.txt:1987-1988) ; RFC9901 §7.1 (2b) “Validate the signature over the Issuer-signed JWT per Section 5.2 of [RFC7515].” (RFC 9901; RFC9901.txt:1667-1668)	vaka: MR4 eşi (eşleme §2) | L4: tüm imzalar geçerli ve R={EdDSA} karşılandı [EdDSA=geçerli, ES256=geçerli] | MR4 eşi: kaynak VC09_GJ_ES256_EdDSA (ters); imzalar bağımsız doğrulandığından karar kaynakla aynı (RFC 7515 §5.2 adım 9)
VC09_GJ_ES256_EdDSA-SIRA-ters	L4|sdjwtvc=-19	kontrol-EdDSA	hayır	indeterminate	SDJWTVC §2.2 [T113] “not precluded but the specific details are beyond the scope of this specification” (draft-ietf-oauth-sd-jwt-vc-19; SDJWTVC.txt:307-309) ; HAIP §6.1 [T115] “Compact serialization MUST be supported as defined in [RFC9901]. JSON serialization MAY be supported.” (OpenID4VC HAIP 1.0 Final; HAIP.txt:468) ; ÖK §2D m.7 “senaryo (d) vektörleri (JSON serileştirmenin statüsü)” (ON-KAYIT-TASLAK v0.8; ON-KAYIT-TASLAK.md:423)	vaka: MR4 eşi (eşleme §2) | -19: JSON serileştirilmiş SD-JWT VC ayrıntıları kapsam dışı; destekleyen doğrulayıcı -13 okumasıyla kabul eder, desteklemeyen reddeder → belirlenmemiş (MR3 sürüm farkı). -13 kararı: L4: tüm imzalar geçerli ve R={EdDSA} karşılandı [EdDSA=geçerli, ES256=geçerli] | MR4 eşi: kaynak VC09_GJ_ES256_EdDSA (ters); imzalar bağımsız doğrulandığından karar kaynakla aynı (RFC 7515 §5.2 adım 9)
VC09_GJ_ES256_EdDSA-SIRA-ters	P2|sdjwtvc=-13	kontrol-EdDSA	hayır	accept-classical	ÖK §4.8 P1 “Mevcut imzaların tümü geçerliyse kabul. İmza silinmesi (soyma) fark edilmez” (ON-KAYIT-TASLAK v0.8; ON-KAYIT-TASLAK.md:776) ; ÖK §4.8 P2 “P1 + her imza, anahtarının bağlı olduğu algoritmayla doğrulanır” (ON-KAYIT-TASLAK v0.8; ON-KAYIT-TASLAK.md:777) ; RFC7515 §5.2 [T314] “it is an application decision which of the JWS Signature values must successfully validate” (RFC 7515; RFC7515.txt:810-812) ; SDJWTVC13 §3.2 [T114] “where support for the JWS JSON Serialization is OPTIONAL” (draft-ietf-oauth-sd-jwt-vc-13; SDJWTVC13.txt:303-304) ; RFC9901 §8.3 [T108] “disclosures and kb_jwt MUST be included in the first unprotected header” (RFC 9901; RFC9901.txt:1987-1988) ; RFC9901 §7.1 (2b) “Validate the signature over the Issuer-signed JWT per Section 5.2 of [RFC7515].” (RFC 9901; RFC9901.txt:1667-1668)	vaka: MR4 eşi (eşleme §2) | P2: mevcut tüm imzalar geçerli (R=∅) [EdDSA=geçerli, ES256=geçerli] | MR4 eşi: kaynak VC09_GJ_ES256_EdDSA (ters); imzalar bağımsız doğrulandığından karar kaynakla aynı (RFC 7515 §5.2 adım 9)
VC09_GJ_ES256_EdDSA-SIRA-ters	P2|sdjwtvc=-19	kontrol-EdDSA	hayır	indeterminate	SDJWTVC §2.2 [T113] “not precluded but the specific details are beyond the scope of this specification” (draft-ietf-oauth-sd-jwt-vc-19; SDJWTVC.txt:307-309) ; HAIP §6.1 [T115] “Compact serialization MUST be supported as defined in [RFC9901]. JSON serialization MAY be supported.” (OpenID4VC HAIP 1.0 Final; HAIP.txt:468) ; ÖK §2D m.7 “senaryo (d) vektörleri (JSON serileştirmenin statüsü)” (ON-KAYIT-TASLAK v0.8; ON-KAYIT-TASLAK.md:423)	vaka: MR4 eşi (eşleme §2) | -19: JSON serileştirilmiş SD-JWT VC ayrıntıları kapsam dışı; destekleyen doğrulayıcı -13 okumasıyla kabul eder, desteklemeyen reddeder → belirlenmemiş (MR3 sürüm farkı). -13 kararı: P2: mevcut tüm imzalar geçerli (R=∅) [EdDSA=geçerli, ES256=geçerli] | MR4 eşi: kaynak VC09_GJ_ES256_EdDSA (ters); imzalar bağımsız doğrulandığından karar kaynakla aynı (RFC 7515 §5.2 adım 9)
VC09_GJ_ES256_EdDSA-SIRA-ters	P0|sdjwtvc=-13	kontrol-EdDSA	hayır	accept-classical	RFC7515 §5.2 [T315] “at least one JWS Signature value MUST successfully validate, or the JWS MUST be considered invalid” (RFC 7515; RFC7515.txt:814-816) ; RFC7515 §5.2 [T314] “it is an application decision which of the JWS Signature values must successfully validate” (RFC 7515; RFC7515.txt:810-812) ; ÖK §4.8 P0 “En az bir imza geçerliyse kabul” (ON-KAYIT-TASLAK v0.8; ON-KAYIT-TASLAK.md:775) ; SDJWTVC13 §3.2 [T114] “where support for the JWS JSON Serialization is OPTIONAL” (draft-ietf-oauth-sd-jwt-vc-13; SDJWTVC13.txt:303-304) ; RFC9901 §8.3 [T108] “disclosures and kb_jwt MUST be included in the first unprotected header” (RFC 9901; RFC9901.txt:1987-1988) ; RFC9901 §7.1 (2b) “Validate the signature over the Issuer-signed JWT per Section 5.2 of [RFC7515].” (RFC 9901; RFC9901.txt:1667-1668)	vaka: MR4 eşi (eşleme §2) | P0: en az bir izinli imza geçerli [EdDSA=geçerli, ES256=geçerli] | MR4 eşi: kaynak VC09_GJ_ES256_EdDSA (ters); imzalar bağımsız doğrulandığından karar kaynakla aynı (RFC 7515 §5.2 adım 9)
VC09_GJ_ES256_EdDSA-SIRA-ters	P0|sdjwtvc=-19	kontrol-EdDSA	hayır	indeterminate	SDJWTVC §2.2 [T113] “not precluded but the specific details are beyond the scope of this specification” (draft-ietf-oauth-sd-jwt-vc-19; SDJWTVC.txt:307-309) ; HAIP §6.1 [T115] “Compact serialization MUST be supported as defined in [RFC9901]. JSON serialization MAY be supported.” (OpenID4VC HAIP 1.0 Final; HAIP.txt:468) ; ÖK §2D m.7 “senaryo (d) vektörleri (JSON serileştirmenin statüsü)” (ON-KAYIT-TASLAK v0.8; ON-KAYIT-TASLAK.md:423)	vaka: MR4 eşi (eşleme §2) | -19: JSON serileştirilmiş SD-JWT VC ayrıntıları kapsam dışı; destekleyen doğrulayıcı -13 okumasıyla kabul eder, desteklemeyen reddeder → belirlenmemiş (MR3 sürüm farkı). -13 kararı: P0: en az bir izinli imza geçerli [EdDSA=geçerli, ES256=geçerli] | MR4 eşi: kaynak VC09_GJ_ES256_EdDSA (ters); imzalar bağımsız doğrulandığından karar kaynakla aynı (RFC 7515 §5.2 adım 9)
T7K_plus_kayitsiz	L4	kontrol-EdDSA	evet	reject	JWTBCP §3.1 [T327] “MUST NOT employ any algorithms outside this configured set” (draft-ietf-oauth-rfc8725bis-10; JWTBCP.txt:463-466) ; RFC7515 §4.1.1 [T319] “The JWS Signature value is not valid if the "alg" value does not represent a supported algorithm or if there is not a key for use with that algorithm” (RFC 7515; RFC7515.txt:508-510) ; ÖK §4.8 P1 “Mevcut imzaların tümü geçerliyse kabul. İmza silinmesi (soyma) fark edilmez” (ON-KAYIT-TASLAK v0.8; ON-KAYIT-TASLAK.md:776) ; ACM2 Note 51 [T135] “the veriﬁcation function accepting if and only if all signatures are correct” (ECCG ACM v2.0; ACM2.txt:946) ; ÖK §6.5 “İhraççı başına gerekli küme R = {X}, izinli küme {A, X}.” (ON-KAYIT-TASLAK v0.8; ON-KAYIT-TASLAK.md:1054) ; ÖK §6.5 K5 “Politikaya göre (MR2); bayrak B1” (ON-KAYIT-TASLAK v0.8; ON-KAYIT-TASLAK.md:1062)	vaka: K5 birincil (X-KAYITSIZ-1); MR2 (T1↔T7) | L4: mevcut imzalardan en az biri geçersiz/izinsiz → tüm-mevcut-geçerli koşulu sağlanmıyor [ES256=geçerli, EdDSA=geçerli, X-KAYITSIZ-1=izinsiz (X-KAYITSIZ-1: rastgele 128 B, anahtar yok)]
T7K_plus_kayitsiz	P2	kontrol-EdDSA	evet	reject	JWTBCP §3.1 [T327] “MUST NOT employ any algorithms outside this configured set” (draft-ietf-oauth-rfc8725bis-10; JWTBCP.txt:463-466) ; RFC7515 §4.1.1 [T319] “The JWS Signature value is not valid if the "alg" value does not represent a supported algorithm or if there is not a key for use with that algorithm” (RFC 7515; RFC7515.txt:508-510) ; ÖK §4.8 P1 “Mevcut imzaların tümü geçerliyse kabul. İmza silinmesi (soyma) fark edilmez” (ON-KAYIT-TASLAK v0.8; ON-KAYIT-TASLAK.md:776) ; ACM2 Note 51 [T135] “the veriﬁcation function accepting if and only if all signatures are correct” (ECCG ACM v2.0; ACM2.txt:946)	vaka: K5 birincil (X-KAYITSIZ-1); MR2 (T1↔T7) | P2: mevcut imzalardan en az biri geçersiz/izinsiz → tüm-mevcut-geçerli koşulu sağlanmıyor [ES256=geçerli, EdDSA=geçerli, X-KAYITSIZ-1=izinsiz (X-KAYITSIZ-1: rastgele 128 B, anahtar yok)]
T7K_plus_kayitsiz	P0	kontrol-EdDSA	evet	accept-classical	RFC7515 §5.2 [T315] “at least one JWS Signature value MUST successfully validate, or the JWS MUST be considered invalid” (RFC 7515; RFC7515.txt:814-816) ; RFC7515 §5.2 [T314] “it is an application decision which of the JWS Signature values must successfully validate” (RFC 7515; RFC7515.txt:810-812) ; ÖK §4.8 P0 “En az bir imza geçerliyse kabul” (ON-KAYIT-TASLAK v0.8; ON-KAYIT-TASLAK.md:775)	vaka: K5 birincil (X-KAYITSIZ-1); MR2 (T1↔T7) | P0: en az bir izinli imza geçerli [ES256=geçerli, EdDSA=geçerli, X-KAYITSIZ-1=izinsiz (X-KAYITSIZ-1: rastgele 128 B, anahtar yok)]
T7K_plus_kayitsiz-SIRA-kayitsiz-once	L4	kontrol-EdDSA	hayır	reject	JWTBCP §3.1 [T327] “MUST NOT employ any algorithms outside this configured set” (draft-ietf-oauth-rfc8725bis-10; JWTBCP.txt:463-466) ; RFC7515 §4.1.1 [T319] “The JWS Signature value is not valid if the "alg" value does not represent a supported algorithm or if there is not a key for use with that algorithm” (RFC 7515; RFC7515.txt:508-510) ; ÖK §4.8 P1 “Mevcut imzaların tümü geçerliyse kabul. İmza silinmesi (soyma) fark edilmez” (ON-KAYIT-TASLAK v0.8; ON-KAYIT-TASLAK.md:776) ; ACM2 Note 51 [T135] “the veriﬁcation function accepting if and only if all signatures are correct” (ECCG ACM v2.0; ACM2.txt:946) ; ÖK §6.5 “İhraççı başına gerekli küme R = {X}, izinli küme {A, X}.” (ON-KAYIT-TASLAK v0.8; ON-KAYIT-TASLAK.md:1054)	vaka: MR4 eşi (eşleme §2) | L4: mevcut imzalardan en az biri geçersiz/izinsiz → tüm-mevcut-geçerli koşulu sağlanmıyor [X-KAYITSIZ-1=izinsiz (X-KAYITSIZ-1: rastgele 128 B, anahtar yok), ES256=geçerli, EdDSA=geçerli] | MR4 eşi: kaynak T7K_plus_kayitsiz (kayitsiz-once); imzalar bağımsız doğrulandığından karar kaynakla aynı (RFC 7515 §5.2 adım 9)
T7K_plus_kayitsiz-SIRA-kayitsiz-once	P2	kontrol-EdDSA	hayır	reject	JWTBCP §3.1 [T327] “MUST NOT employ any algorithms outside this configured set” (draft-ietf-oauth-rfc8725bis-10; JWTBCP.txt:463-466) ; RFC7515 §4.1.1 [T319] “The JWS Signature value is not valid if the "alg" value does not represent a supported algorithm or if there is not a key for use with that algorithm” (RFC 7515; RFC7515.txt:508-510) ; ÖK §4.8 P1 “Mevcut imzaların tümü geçerliyse kabul. İmza silinmesi (soyma) fark edilmez” (ON-KAYIT-TASLAK v0.8; ON-KAYIT-TASLAK.md:776) ; ACM2 Note 51 [T135] “the veriﬁcation function accepting if and only if all signatures are correct” (ECCG ACM v2.0; ACM2.txt:946)	vaka: MR4 eşi (eşleme §2) | P2: mevcut imzalardan en az biri geçersiz/izinsiz → tüm-mevcut-geçerli koşulu sağlanmıyor [X-KAYITSIZ-1=izinsiz (X-KAYITSIZ-1: rastgele 128 B, anahtar yok), ES256=geçerli, EdDSA=geçerli] | MR4 eşi: kaynak T7K_plus_kayitsiz (kayitsiz-once); imzalar bağımsız doğrulandığından karar kaynakla aynı (RFC 7515 §5.2 adım 9)
T7K_plus_kayitsiz-SIRA-kayitsiz-once	P0	kontrol-EdDSA	hayır	accept-classical	RFC7515 §5.2 [T315] “at least one JWS Signature value MUST successfully validate, or the JWS MUST be considered invalid” (RFC 7515; RFC7515.txt:814-816) ; RFC7515 §5.2 [T314] “it is an application decision which of the JWS Signature values must successfully validate” (RFC 7515; RFC7515.txt:810-812) ; ÖK §4.8 P0 “En az bir imza geçerliyse kabul” (ON-KAYIT-TASLAK v0.8; ON-KAYIT-TASLAK.md:775)	vaka: MR4 eşi (eşleme §2) | P0: en az bir izinli imza geçerli [X-KAYITSIZ-1=izinsiz (X-KAYITSIZ-1: rastgele 128 B, anahtar yok), ES256=geçerli, EdDSA=geçerli] | MR4 eşi: kaynak T7K_plus_kayitsiz (kayitsiz-once); imzalar bağımsız doğrulandığından karar kaynakla aynı (RFC 7515 §5.2 adım 9)
T7K_plus_kayitsiz-SIRA-ters	L4	kontrol-EdDSA	hayır	reject	JWTBCP §3.1 [T327] “MUST NOT employ any algorithms outside this configured set” (draft-ietf-oauth-rfc8725bis-10; JWTBCP.txt:463-466) ; RFC7515 §4.1.1 [T319] “The JWS Signature value is not valid if the "alg" value does not represent a supported algorithm or if there is not a key for use with that algorithm” (RFC 7515; RFC7515.txt:508-510) ; ÖK §4.8 P1 “Mevcut imzaların tümü geçerliyse kabul. İmza silinmesi (soyma) fark edilmez” (ON-KAYIT-TASLAK v0.8; ON-KAYIT-TASLAK.md:776) ; ACM2 Note 51 [T135] “the veriﬁcation function accepting if and only if all signatures are correct” (ECCG ACM v2.0; ACM2.txt:946) ; ÖK §6.5 “İhraççı başına gerekli küme R = {X}, izinli küme {A, X}.” (ON-KAYIT-TASLAK v0.8; ON-KAYIT-TASLAK.md:1054)	vaka: MR4 eşi (eşleme §2) | L4: mevcut imzalardan en az biri geçersiz/izinsiz → tüm-mevcut-geçerli koşulu sağlanmıyor [X-KAYITSIZ-1=izinsiz (X-KAYITSIZ-1: rastgele 128 B, anahtar yok), EdDSA=geçerli, ES256=geçerli] | MR4 eşi: kaynak T7K_plus_kayitsiz (ters); imzalar bağımsız doğrulandığından karar kaynakla aynı (RFC 7515 §5.2 adım 9)
T7K_plus_kayitsiz-SIRA-ters	P2	kontrol-EdDSA	hayır	reject	JWTBCP §3.1 [T327] “MUST NOT employ any algorithms outside this configured set” (draft-ietf-oauth-rfc8725bis-10; JWTBCP.txt:463-466) ; RFC7515 §4.1.1 [T319] “The JWS Signature value is not valid if the "alg" value does not represent a supported algorithm or if there is not a key for use with that algorithm” (RFC 7515; RFC7515.txt:508-510) ; ÖK §4.8 P1 “Mevcut imzaların tümü geçerliyse kabul. İmza silinmesi (soyma) fark edilmez” (ON-KAYIT-TASLAK v0.8; ON-KAYIT-TASLAK.md:776) ; ACM2 Note 51 [T135] “the veriﬁcation function accepting if and only if all signatures are correct” (ECCG ACM v2.0; ACM2.txt:946)	vaka: MR4 eşi (eşleme §2) | P2: mevcut imzalardan en az biri geçersiz/izinsiz → tüm-mevcut-geçerli koşulu sağlanmıyor [X-KAYITSIZ-1=izinsiz (X-KAYITSIZ-1: rastgele 128 B, anahtar yok), EdDSA=geçerli, ES256=geçerli] | MR4 eşi: kaynak T7K_plus_kayitsiz (ters); imzalar bağımsız doğrulandığından karar kaynakla aynı (RFC 7515 §5.2 adım 9)
T7K_plus_kayitsiz-SIRA-ters	P0	kontrol-EdDSA	hayır	accept-classical	RFC7515 §5.2 [T315] “at least one JWS Signature value MUST successfully validate, or the JWS MUST be considered invalid” (RFC 7515; RFC7515.txt:814-816) ; RFC7515 §5.2 [T314] “it is an application decision which of the JWS Signature values must successfully validate” (RFC 7515; RFC7515.txt:810-812) ; ÖK §4.8 P0 “En az bir imza geçerliyse kabul” (ON-KAYIT-TASLAK v0.8; ON-KAYIT-TASLAK.md:775)	vaka: MR4 eşi (eşleme §2) | P0: en az bir izinli imza geçerli [X-KAYITSIZ-1=izinsiz (X-KAYITSIZ-1: rastgele 128 B, anahtar yok), EdDSA=geçerli, ES256=geçerli] | MR4 eşi: kaynak T7K_plus_kayitsiz (ters); imzalar bağımsız doğrulandığından karar kaynakla aynı (RFC 7515 §5.2 adım 9)
K10K_alg-EdDSA_anahtar-ES256	L4	kontrol-EdDSA	evet	reject	JWTBCP §3.1 [T329] “consistent with the algorithm associated with the key identified by the corresponding identifier” (draft-ietf-oauth-rfc8725bis-10; JWTBCP.txt:468-471) ; RFC7515 §4.1.1 [T319] “The JWS Signature value is not valid if the "alg" value does not represent a supported algorithm or if there is not a key for use with that algorithm” (RFC 7515; RFC7515.txt:508-510) ; RFC9864 §7 [T335] “A cryptographic key MUST be used with only a single algorithm” (RFC 9864; RFC9864.txt:650) ; ÖK §4.8 P1 “Mevcut imzaların tümü geçerliyse kabul. İmza silinmesi (soyma) fark edilmez” (ON-KAYIT-TASLAK v0.8; ON-KAYIT-TASLAK.md:776) ; ACM2 Note 51 [T135] “the veriﬁcation function accepting if and only if all signatures are correct” (ECCG ACM v2.0; ACM2.txt:946) ; ÖK §6.5 “İhraççı başına gerekli küme R = {X}, izinli küme {A, X}.” (ON-KAYIT-TASLAK v0.8; ON-KAYIT-TASLAK.md:1054) ; ÖK §6.5 K10 “RED (L2/L3)” (ON-KAYIT-TASLAK v0.8; ON-KAYIT-TASLAK.md:1067)	vaka: K10 birincil | başlık alg ile doğrulama anahtarının bağlı olduğu algoritma uyuşmuyor (imza gerçek anahtarın kendi algoritmasıyla geçerli): kütüphane alg–anahtar tutarlılığını denetlemek ZORUNDA → her yapılandırmada ret. L4: mevcut imzalardan en az biri geçersiz/izinsiz → tüm-mevcut-geçerli koşulu sağlanmıyor [EdDSA=alg–anahtar uyuşmaz (başlık alg ≠ anahtarın algoritması (imza gerçek anahtar alg ile))]
K10K_alg-EdDSA_anahtar-ES256	P2	kontrol-EdDSA	evet	reject	JWTBCP §3.1 [T329] “consistent with the algorithm associated with the key identified by the corresponding identifier” (draft-ietf-oauth-rfc8725bis-10; JWTBCP.txt:468-471) ; RFC7515 §4.1.1 [T319] “The JWS Signature value is not valid if the "alg" value does not represent a supported algorithm or if there is not a key for use with that algorithm” (RFC 7515; RFC7515.txt:508-510) ; RFC9864 §7 [T335] “A cryptographic key MUST be used with only a single algorithm” (RFC 9864; RFC9864.txt:650) ; ÖK §4.8 P1 “Mevcut imzaların tümü geçerliyse kabul. İmza silinmesi (soyma) fark edilmez” (ON-KAYIT-TASLAK v0.8; ON-KAYIT-TASLAK.md:776) ; ACM2 Note 51 [T135] “the veriﬁcation function accepting if and only if all signatures are correct” (ECCG ACM v2.0; ACM2.txt:946)	vaka: K10 birincil | başlık alg ile doğrulama anahtarının bağlı olduğu algoritma uyuşmuyor (imza gerçek anahtarın kendi algoritmasıyla geçerli): kütüphane alg–anahtar tutarlılığını denetlemek ZORUNDA → her yapılandırmada ret. P2: mevcut imzalardan en az biri geçersiz/izinsiz → tüm-mevcut-geçerli koşulu sağlanmıyor [EdDSA=alg–anahtar uyuşmaz (başlık alg ≠ anahtarın algoritması (imza gerçek anahtar alg ile))]
K10K_alg-EdDSA_anahtar-ES256	P0	kontrol-EdDSA	evet	reject	JWTBCP §3.1 [T329] “consistent with the algorithm associated with the key identified by the corresponding identifier” (draft-ietf-oauth-rfc8725bis-10; JWTBCP.txt:468-471) ; RFC7515 §4.1.1 [T319] “The JWS Signature value is not valid if the "alg" value does not represent a supported algorithm or if there is not a key for use with that algorithm” (RFC 7515; RFC7515.txt:508-510) ; RFC9864 §7 [T335] “A cryptographic key MUST be used with only a single algorithm” (RFC 9864; RFC9864.txt:650) ; RFC7515 §5.2 [T315] “at least one JWS Signature value MUST successfully validate, or the JWS MUST be considered invalid” (RFC 7515; RFC7515.txt:814-816)	vaka: K10 birincil | başlık alg ile doğrulama anahtarının bağlı olduğu algoritma uyuşmuyor (imza gerçek anahtarın kendi algoritmasıyla geçerli): kütüphane alg–anahtar tutarlılığını denetlemek ZORUNDA → her yapılandırmada ret. P0: geçerli izinli imza yok [EdDSA=alg–anahtar uyuşmaz (başlık alg ≠ anahtarın algoritması (imza gerçek anahtar alg ile))]
K10K_alg-ES256_anahtar-Ed25519	L4	kontrol-EdDSA	evet	reject	JWTBCP §3.1 [T329] “consistent with the algorithm associated with the key identified by the corresponding identifier” (draft-ietf-oauth-rfc8725bis-10; JWTBCP.txt:468-471) ; RFC7515 §4.1.1 [T319] “The JWS Signature value is not valid if the "alg" value does not represent a supported algorithm or if there is not a key for use with that algorithm” (RFC 7515; RFC7515.txt:508-510) ; RFC9864 §7 [T335] “A cryptographic key MUST be used with only a single algorithm” (RFC 9864; RFC9864.txt:650) ; ÖK §4.8 P1 “Mevcut imzaların tümü geçerliyse kabul. İmza silinmesi (soyma) fark edilmez” (ON-KAYIT-TASLAK v0.8; ON-KAYIT-TASLAK.md:776) ; ACM2 Note 51 [T135] “the veriﬁcation function accepting if and only if all signatures are correct” (ECCG ACM v2.0; ACM2.txt:946) ; ÖK §6.5 “İhraççı başına gerekli küme R = {X}, izinli küme {A, X}.” (ON-KAYIT-TASLAK v0.8; ON-KAYIT-TASLAK.md:1054) ; ÖK §6.5 K10 “RED (L2/L3)” (ON-KAYIT-TASLAK v0.8; ON-KAYIT-TASLAK.md:1067)	vaka: K10 birincil (ikinci yön; yedek kolda da aynı dosya) | başlık alg ile doğrulama anahtarının bağlı olduğu algoritma uyuşmuyor (imza gerçek anahtarın kendi algoritmasıyla geçerli): kütüphane alg–anahtar tutarlılığını denetlemek ZORUNDA → her yapılandırmada ret. L4: mevcut imzalardan en az biri geçersiz/izinsiz → tüm-mevcut-geçerli koşulu sağlanmıyor [ES256=alg–anahtar uyuşmaz (başlık alg ≠ anahtarın algoritması (imza gerçek anahtar alg ile))]
K10K_alg-ES256_anahtar-Ed25519	P2	kontrol-EdDSA	evet	reject	JWTBCP §3.1 [T329] “consistent with the algorithm associated with the key identified by the corresponding identifier” (draft-ietf-oauth-rfc8725bis-10; JWTBCP.txt:468-471) ; RFC7515 §4.1.1 [T319] “The JWS Signature value is not valid if the "alg" value does not represent a supported algorithm or if there is not a key for use with that algorithm” (RFC 7515; RFC7515.txt:508-510) ; RFC9864 §7 [T335] “A cryptographic key MUST be used with only a single algorithm” (RFC 9864; RFC9864.txt:650) ; ÖK §4.8 P1 “Mevcut imzaların tümü geçerliyse kabul. İmza silinmesi (soyma) fark edilmez” (ON-KAYIT-TASLAK v0.8; ON-KAYIT-TASLAK.md:776) ; ACM2 Note 51 [T135] “the veriﬁcation function accepting if and only if all signatures are correct” (ECCG ACM v2.0; ACM2.txt:946)	vaka: K10 birincil (ikinci yön; yedek kolda da aynı dosya) | başlık alg ile doğrulama anahtarının bağlı olduğu algoritma uyuşmuyor (imza gerçek anahtarın kendi algoritmasıyla geçerli): kütüphane alg–anahtar tutarlılığını denetlemek ZORUNDA → her yapılandırmada ret. P2: mevcut imzalardan en az biri geçersiz/izinsiz → tüm-mevcut-geçerli koşulu sağlanmıyor [ES256=alg–anahtar uyuşmaz (başlık alg ≠ anahtarın algoritması (imza gerçek anahtar alg ile))]
K10K_alg-ES256_anahtar-Ed25519	P0	kontrol-EdDSA	evet	reject	JWTBCP §3.1 [T329] “consistent with the algorithm associated with the key identified by the corresponding identifier” (draft-ietf-oauth-rfc8725bis-10; JWTBCP.txt:468-471) ; RFC7515 §4.1.1 [T319] “The JWS Signature value is not valid if the "alg" value does not represent a supported algorithm or if there is not a key for use with that algorithm” (RFC 7515; RFC7515.txt:508-510) ; RFC9864 §7 [T335] “A cryptographic key MUST be used with only a single algorithm” (RFC 9864; RFC9864.txt:650) ; RFC7515 §5.2 [T315] “at least one JWS Signature value MUST successfully validate, or the JWS MUST be considered invalid” (RFC 7515; RFC7515.txt:814-816)	vaka: K10 birincil (ikinci yön; yedek kolda da aynı dosya) | başlık alg ile doğrulama anahtarının bağlı olduğu algoritma uyuşmuyor (imza gerçek anahtarın kendi algoritmasıyla geçerli): kütüphane alg–anahtar tutarlılığını denetlemek ZORUNDA → her yapılandırmada ret. P0: geçerli izinli imza yok [ES256=alg–anahtar uyuşmaz (başlık alg ≠ anahtarın algoritması (imza gerçek anahtar alg ile))]
VPLUS_ES256	L4	kontrol-EdDSA	evet	reject	ÖK §6.5 “İhraççı başına gerekli küme R = {X}, izinli küme {A, X}.” (ON-KAYIT-TASLAK v0.8; ON-KAYIT-TASLAK.md:1054) ; JWTBCP §3.1 [T328] “MUST determine which algorithms are permitted for itself and that issuer and ensure that the received JWT complies with those requirements” (draft-ietf-oauth-rfc8725bis-10; JWTBCP.txt:482-485) ; ÖK §4.7 G5 “Göç etmiş bir varlık, ilan ettiği eski-sürüm penceresi dışında yalnız klasik kanıtla kabul edilemez.” (ON-KAYIT-TASLAK v0.8; ON-KAYIT-TASLAK.md:767) ; ÖK §2B m.6 (L4c) “Göç etmiş ihraççının yalnız klasik imzalı belgesi reddedilir, eski ihraççının klasik imzalı belgesi kabul edilir.” (ON-KAYIT-TASLAK v0.8; ON-KAYIT-TASLAK.md:256) ; ÖK §6.5 V+/V− “Adaptör geçerlilik kontrolleri | KABUL / RED” (ON-KAYIT-TASLAK v0.8; ON-KAYIT-TASLAK.md:1069)	vaka: V+ birincil (üç kolda ortak) | L4: R={EdDSA} için geçerli imza yok (yalnız klasik kanıt; G5) [ES256=geçerli] | DİKKAT: ÖK §4.15/§6.5 V+ → KABUL der; L4 (göç etmiş ihraççı) altında yalnız klasik belge G5 gereği reddedilir. V+ denetimi P2/P0 (eski ihraççı) yapılandırmasında ya da X imzalı V+ ile koşulmalı (NOTLAR N2)
VPLUS_ES256	P2	kontrol-EdDSA	evet	accept-classical	ÖK §4.8 P1 “Mevcut imzaların tümü geçerliyse kabul. İmza silinmesi (soyma) fark edilmez” (ON-KAYIT-TASLAK v0.8; ON-KAYIT-TASLAK.md:776) ; ÖK §4.8 P2 “P1 + her imza, anahtarının bağlı olduğu algoritmayla doğrulanır” (ON-KAYIT-TASLAK v0.8; ON-KAYIT-TASLAK.md:777) ; RFC7515 §5.2 [T314] “it is an application decision which of the JWS Signature values must successfully validate” (RFC 7515; RFC7515.txt:810-812)	vaka: V+ birincil (üç kolda ortak) | P2: mevcut tüm imzalar geçerli (R=∅) [ES256=geçerli]
VPLUS_ES256	P0	kontrol-EdDSA	evet	accept-classical	RFC7515 §5.2 [T315] “at least one JWS Signature value MUST successfully validate, or the JWS MUST be considered invalid” (RFC 7515; RFC7515.txt:814-816) ; RFC7515 §5.2 [T314] “it is an application decision which of the JWS Signature values must successfully validate” (RFC 7515; RFC7515.txt:810-812) ; ÖK §4.8 P0 “En az bir imza geçerliyse kabul” (ON-KAYIT-TASLAK v0.8; ON-KAYIT-TASLAK.md:775)	vaka: V+ birincil (üç kolda ortak) | P0: en az bir izinli imza geçerli [ES256=geçerli]
VMINUS_ES256	L4	kontrol-EdDSA	evet	reject	RFC7515 §5.2 (8) “Validate the JWS Signature against the JWS Signing Input” (RFC 7515; RFC7515.txt:873) ; ÖK §4.8 P1 “Mevcut imzaların tümü geçerliyse kabul. İmza silinmesi (soyma) fark edilmez” (ON-KAYIT-TASLAK v0.8; ON-KAYIT-TASLAK.md:776) ; ACM2 Note 51 [T135] “the veriﬁcation function accepting if and only if all signatures are correct” (ECCG ACM v2.0; ACM2.txt:946) ; ÖK §6.5 “İhraççı başına gerekli küme R = {X}, izinli küme {A, X}.” (ON-KAYIT-TASLAK v0.8; ON-KAYIT-TASLAK.md:1054) ; ÖK §6.5 V+/V− “Adaptör geçerlilik kontrolleri | KABUL / RED” (ON-KAYIT-TASLAK v0.8; ON-KAYIT-TASLAK.md:1069)	vaka: V− birincil (üç kolda ortak) | L4: mevcut imzalardan en az biri geçersiz/izinsiz → tüm-mevcut-geçerli koşulu sağlanmıyor [ES256=geçersiz (bayt 32 bit 0 çevrildi)]
VMINUS_ES256	P2	kontrol-EdDSA	evet	reject	RFC7515 §5.2 (8) “Validate the JWS Signature against the JWS Signing Input” (RFC 7515; RFC7515.txt:873) ; ÖK §4.8 P1 “Mevcut imzaların tümü geçerliyse kabul. İmza silinmesi (soyma) fark edilmez” (ON-KAYIT-TASLAK v0.8; ON-KAYIT-TASLAK.md:776) ; ACM2 Note 51 [T135] “the veriﬁcation function accepting if and only if all signatures are correct” (ECCG ACM v2.0; ACM2.txt:946)	vaka: V− birincil (üç kolda ortak) | P2: mevcut imzalardan en az biri geçersiz/izinsiz → tüm-mevcut-geçerli koşulu sağlanmıyor [ES256=geçersiz (bayt 32 bit 0 çevrildi)]
VMINUS_ES256	P0	kontrol-EdDSA	evet	reject	RFC7515 §5.2 [T315] “at least one JWS Signature value MUST successfully validate, or the JWS MUST be considered invalid” (RFC 7515; RFC7515.txt:814-816) ; RFC7515 §5.2 (8) “Validate the JWS Signature against the JWS Signing Input” (RFC 7515; RFC7515.txt:873)	vaka: V− birincil (üç kolda ortak) | P0: geçerli izinli imza yok [ES256=geçersiz (bayt 32 bit 0 çevrildi)]
VPLUS_EdDSA	L4	kontrol-EdDSA	evet	accept-classical	ÖK §6.5 “İhraççı başına gerekli küme R = {X}, izinli küme {A, X}.” (ON-KAYIT-TASLAK v0.8; ON-KAYIT-TASLAK.md:1054) ; JWTBCP §3.1 [T328] “MUST determine which algorithms are permitted for itself and that issuer and ensure that the received JWT complies with those requirements” (draft-ietf-oauth-rfc8725bis-10; JWTBCP.txt:482-485) ; ACM2 Note 51 [T135] “the veriﬁcation function accepting if and only if all signatures are correct” (ECCG ACM v2.0; ACM2.txt:946) ; ÖK §6.5 V+/V− “Adaptör geçerlilik kontrolleri | KABUL / RED” (ON-KAYIT-TASLAK v0.8; ON-KAYIT-TASLAK.md:1069)	vaka: V+ birincil | L4: tüm imzalar geçerli ve R={EdDSA} karşılandı [EdDSA=geçerli]
VPLUS_EdDSA	P2	kontrol-EdDSA	evet	accept-classical	ÖK §4.8 P1 “Mevcut imzaların tümü geçerliyse kabul. İmza silinmesi (soyma) fark edilmez” (ON-KAYIT-TASLAK v0.8; ON-KAYIT-TASLAK.md:776) ; ÖK §4.8 P2 “P1 + her imza, anahtarının bağlı olduğu algoritmayla doğrulanır” (ON-KAYIT-TASLAK v0.8; ON-KAYIT-TASLAK.md:777) ; RFC7515 §5.2 [T314] “it is an application decision which of the JWS Signature values must successfully validate” (RFC 7515; RFC7515.txt:810-812)	vaka: V+ birincil | P2: mevcut tüm imzalar geçerli (R=∅) [EdDSA=geçerli]
VPLUS_EdDSA	P0	kontrol-EdDSA	evet	accept-classical	RFC7515 §5.2 [T315] “at least one JWS Signature value MUST successfully validate, or the JWS MUST be considered invalid” (RFC 7515; RFC7515.txt:814-816) ; RFC7515 §5.2 [T314] “it is an application decision which of the JWS Signature values must successfully validate” (RFC 7515; RFC7515.txt:810-812) ; ÖK §4.8 P0 “En az bir imza geçerliyse kabul” (ON-KAYIT-TASLAK v0.8; ON-KAYIT-TASLAK.md:775)	vaka: V+ birincil | P0: en az bir izinli imza geçerli [EdDSA=geçerli]
VMINUS_EdDSA	L4	kontrol-EdDSA	evet	reject	RFC7515 §5.2 (8) “Validate the JWS Signature against the JWS Signing Input” (RFC 7515; RFC7515.txt:873) ; ÖK §4.8 P1 “Mevcut imzaların tümü geçerliyse kabul. İmza silinmesi (soyma) fark edilmez” (ON-KAYIT-TASLAK v0.8; ON-KAYIT-TASLAK.md:776) ; ACM2 Note 51 [T135] “the veriﬁcation function accepting if and only if all signatures are correct” (ECCG ACM v2.0; ACM2.txt:946) ; ÖK §6.5 “İhraççı başına gerekli küme R = {X}, izinli küme {A, X}.” (ON-KAYIT-TASLAK v0.8; ON-KAYIT-TASLAK.md:1054) ; ÖK §6.5 V+/V− “Adaptör geçerlilik kontrolleri | KABUL / RED” (ON-KAYIT-TASLAK v0.8; ON-KAYIT-TASLAK.md:1069)	vaka: V− birincil | L4: mevcut imzalardan en az biri geçersiz/izinsiz → tüm-mevcut-geçerli koşulu sağlanmıyor [EdDSA=geçersiz (bayt 32 bit 0 çevrildi)]
VMINUS_EdDSA	P2	kontrol-EdDSA	evet	reject	RFC7515 §5.2 (8) “Validate the JWS Signature against the JWS Signing Input” (RFC 7515; RFC7515.txt:873) ; ÖK §4.8 P1 “Mevcut imzaların tümü geçerliyse kabul. İmza silinmesi (soyma) fark edilmez” (ON-KAYIT-TASLAK v0.8; ON-KAYIT-TASLAK.md:776) ; ACM2 Note 51 [T135] “the veriﬁcation function accepting if and only if all signatures are correct” (ECCG ACM v2.0; ACM2.txt:946)	vaka: V− birincil | P2: mevcut imzalardan en az biri geçersiz/izinsiz → tüm-mevcut-geçerli koşulu sağlanmıyor [EdDSA=geçersiz (bayt 32 bit 0 çevrildi)]
VMINUS_EdDSA	P0	kontrol-EdDSA	evet	reject	RFC7515 §5.2 [T315] “at least one JWS Signature value MUST successfully validate, or the JWS MUST be considered invalid” (RFC 7515; RFC7515.txt:814-816) ; RFC7515 §5.2 (8) “Validate the JWS Signature against the JWS Signing Input” (RFC 7515; RFC7515.txt:873)	vaka: V− birincil | P0: geçerli izinli imza yok [EdDSA=geçersiz (bayt 32 bit 0 çevrildi)]
T3_stripped_to_ES256	L4	kontrol-Ed25519	evet	reject	ÖK §6.5 “İhraççı başına gerekli küme R = {X}, izinli küme {A, X}.” (ON-KAYIT-TASLAK v0.8; ON-KAYIT-TASLAK.md:1054) ; JWTBCP §3.1 [T328] “MUST determine which algorithms are permitted for itself and that issuer and ensure that the received JWT complies with those requirements” (draft-ietf-oauth-rfc8725bis-10; JWTBCP.txt:482-485) ; ÖK §4.7 G5 “Göç etmiş bir varlık, ilan ettiği eski-sürüm penceresi dışında yalnız klasik kanıtla kabul edilemez.” (ON-KAYIT-TASLAK v0.8; ON-KAYIT-TASLAK.md:767) ; ÖK §2B m.6 (L4c) “Göç etmiş ihraççının yalnız klasik imzalı belgesi reddedilir, eski ihraççının klasik imzalı belgesi kabul edilir.” (ON-KAYIT-TASLAK v0.8; ON-KAYIT-TASLAK.md:256) ; ÖK §6.5 K3 “X soyulmuş (yalnız A) | RED” (ON-KAYIT-TASLAK v0.8; ON-KAYIT-TASLAK.md:1060)	vaka: K3 birincil (üç kolda ortak dosya; R={X} kola göre) | L4: R={Ed25519} için geçerli imza yok (yalnız klasik kanıt; G5) [ES256=geçerli] | yedek kol: X=Ed25519 (RFC 9864 §2.2; EdDSA "Deprecated" §4.1.2); ÖK §2D m.2
T3_stripped_to_ES256	P2	kontrol-Ed25519	evet	accept-classical	ÖK §4.8 P1 “Mevcut imzaların tümü geçerliyse kabul. İmza silinmesi (soyma) fark edilmez” (ON-KAYIT-TASLAK v0.8; ON-KAYIT-TASLAK.md:776) ; ÖK §4.8 P2 “P1 + her imza, anahtarının bağlı olduğu algoritmayla doğrulanır” (ON-KAYIT-TASLAK v0.8; ON-KAYIT-TASLAK.md:777) ; RFC7515 §5.2 [T314] “it is an application decision which of the JWS Signature values must successfully validate” (RFC 7515; RFC7515.txt:810-812)	vaka: K3 birincil (üç kolda ortak dosya; R={X} kola göre) | P2: mevcut tüm imzalar geçerli (R=∅) [ES256=geçerli] | yedek kol: X=Ed25519 (RFC 9864 §2.2; EdDSA "Deprecated" §4.1.2); ÖK §2D m.2
T3_stripped_to_ES256	P0	kontrol-Ed25519	evet	accept-classical	RFC7515 §5.2 [T315] “at least one JWS Signature value MUST successfully validate, or the JWS MUST be considered invalid” (RFC 7515; RFC7515.txt:814-816) ; RFC7515 §5.2 [T314] “it is an application decision which of the JWS Signature values must successfully validate” (RFC 7515; RFC7515.txt:810-812) ; ÖK §4.8 P0 “En az bir imza geçerliyse kabul” (ON-KAYIT-TASLAK v0.8; ON-KAYIT-TASLAK.md:775)	vaka: K3 birincil (üç kolda ortak dosya; R={X} kola göre) | P0: en az bir izinli imza geçerli [ES256=geçerli] | yedek kol: X=Ed25519 (RFC 9864 §2.2; EdDSA "Deprecated" §4.1.2); ÖK §2D m.2
CMP14_ed25519_ml_bileseni_bozuk	L4	kontrol-Ed25519	hayır	reject	JOSECOMP §4.3 [T345] “MUST validate a signature only if all component signatures were successfully validated” (draft-ietf-jose-pq-composite-sigs-04; JOSECOMP.txt:452-453) ; JWTBCP §3.1 [T327] “MUST NOT employ any algorithms outside this configured set” (draft-ietf-oauth-rfc8725bis-10; JWTBCP.txt:463-466) ; RFC7515 §4.1.1 [T319] “The JWS Signature value is not valid if the "alg" value does not represent a supported algorithm or if there is not a key for use with that algorithm” (RFC 7515; RFC7515.txt:508-510) ; ÖK §4.8 P1 “Mevcut imzaların tümü geçerliyse kabul. İmza silinmesi (soyma) fark edilmez” (ON-KAYIT-TASLAK v0.8; ON-KAYIT-TASLAK.md:776) ; ACM2 Note 51 [T135] “the veriﬁcation function accepting if and only if all signatures are correct” (ECCG ACM v2.0; ACM2.txt:946) ; ÖK §6.5 “İhraççı başına gerekli küme R = {X}, izinli küme {A, X}.” (ON-KAYIT-TASLAK v0.8; ON-KAYIT-TASLAK.md:1054)	vaka: eşleme dışı (aile CMP, kol kapsam-hibrit) | L4: mevcut imzalardan en az biri geçersiz/izinsiz → tüm-mevcut-geçerli koşulu sağlanmıyor [ML-DSA-65-Ed25519=izinsiz (ML-DSA bileşeni bozuk)] | yedek kol: X=Ed25519 (RFC 9864 §2.2; EdDSA "Deprecated" §4.1.2); ÖK §2D m.2
CMP14_ed25519_ml_bileseni_bozuk	P2	kontrol-Ed25519	hayır	reject	JOSECOMP §4.3 [T345] “MUST validate a signature only if all component signatures were successfully validated” (draft-ietf-jose-pq-composite-sigs-04; JOSECOMP.txt:452-453) ; JWTBCP §3.1 [T327] “MUST NOT employ any algorithms outside this configured set” (draft-ietf-oauth-rfc8725bis-10; JWTBCP.txt:463-466) ; RFC7515 §4.1.1 [T319] “The JWS Signature value is not valid if the "alg" value does not represent a supported algorithm or if there is not a key for use with that algorithm” (RFC 7515; RFC7515.txt:508-510) ; ÖK §4.8 P1 “Mevcut imzaların tümü geçerliyse kabul. İmza silinmesi (soyma) fark edilmez” (ON-KAYIT-TASLAK v0.8; ON-KAYIT-TASLAK.md:776) ; ACM2 Note 51 [T135] “the veriﬁcation function accepting if and only if all signatures are correct” (ECCG ACM v2.0; ACM2.txt:946)	vaka: eşleme dışı (aile CMP, kol kapsam-hibrit) | P2: mevcut imzalardan en az biri geçersiz/izinsiz → tüm-mevcut-geçerli koşulu sağlanmıyor [ML-DSA-65-Ed25519=izinsiz (ML-DSA bileşeni bozuk)] | yedek kol: X=Ed25519 (RFC 9864 §2.2; EdDSA "Deprecated" §4.1.2); ÖK §2D m.2
CMP14_ed25519_ml_bileseni_bozuk	P0	kontrol-Ed25519	hayır	reject	JOSECOMP §4.3 [T345] “MUST validate a signature only if all component signatures were successfully validated” (draft-ietf-jose-pq-composite-sigs-04; JOSECOMP.txt:452-453) ; RFC7515 §5.2 [T315] “at least one JWS Signature value MUST successfully validate, or the JWS MUST be considered invalid” (RFC 7515; RFC7515.txt:814-816) ; JWTBCP §3.1 [T327] “MUST NOT employ any algorithms outside this configured set” (draft-ietf-oauth-rfc8725bis-10; JWTBCP.txt:463-466) ; RFC7515 §4.1.1 [T319] “The JWS Signature value is not valid if the "alg" value does not represent a supported algorithm or if there is not a key for use with that algorithm” (RFC 7515; RFC7515.txt:508-510)	vaka: eşleme dışı (aile CMP, kol kapsam-hibrit) | P0: geçerli izinli imza yok [ML-DSA-65-Ed25519=izinsiz (ML-DSA bileşeni bozuk)] | yedek kol: X=Ed25519 (RFC 9864 §2.2; EdDSA "Deprecated" §4.1.2); ÖK §2D m.2
CMP15_ed25519_eddsa_bileseni_bozuk	L4	kontrol-Ed25519	hayır	reject	JOSECOMP §4.3 [T345] “MUST validate a signature only if all component signatures were successfully validated” (draft-ietf-jose-pq-composite-sigs-04; JOSECOMP.txt:452-453) ; JWTBCP §3.1 [T327] “MUST NOT employ any algorithms outside this configured set” (draft-ietf-oauth-rfc8725bis-10; JWTBCP.txt:463-466) ; RFC7515 §4.1.1 [T319] “The JWS Signature value is not valid if the "alg" value does not represent a supported algorithm or if there is not a key for use with that algorithm” (RFC 7515; RFC7515.txt:508-510) ; ÖK §4.8 P1 “Mevcut imzaların tümü geçerliyse kabul. İmza silinmesi (soyma) fark edilmez” (ON-KAYIT-TASLAK v0.8; ON-KAYIT-TASLAK.md:776) ; ACM2 Note 51 [T135] “the veriﬁcation function accepting if and only if all signatures are correct” (ECCG ACM v2.0; ACM2.txt:946) ; ÖK §6.5 “İhraççı başına gerekli küme R = {X}, izinli küme {A, X}.” (ON-KAYIT-TASLAK v0.8; ON-KAYIT-TASLAK.md:1054)	vaka: eşleme dışı (aile CMP, kol kapsam-hibrit) | L4: mevcut imzalardan en az biri geçersiz/izinsiz → tüm-mevcut-geçerli koşulu sağlanmıyor [ML-DSA-65-Ed25519=izinsiz (Ed25519 bileşeni bozuk)] | yedek kol: X=Ed25519 (RFC 9864 §2.2; EdDSA "Deprecated" §4.1.2); ÖK §2D m.2
CMP15_ed25519_eddsa_bileseni_bozuk	P2	kontrol-Ed25519	hayır	reject	JOSECOMP §4.3 [T345] “MUST validate a signature only if all component signatures were successfully validated” (draft-ietf-jose-pq-composite-sigs-04; JOSECOMP.txt:452-453) ; JWTBCP §3.1 [T327] “MUST NOT employ any algorithms outside this configured set” (draft-ietf-oauth-rfc8725bis-10; JWTBCP.txt:463-466) ; RFC7515 §4.1.1 [T319] “The JWS Signature value is not valid if the "alg" value does not represent a supported algorithm or if there is not a key for use with that algorithm” (RFC 7515; RFC7515.txt:508-510) ; ÖK §4.8 P1 “Mevcut imzaların tümü geçerliyse kabul. İmza silinmesi (soyma) fark edilmez” (ON-KAYIT-TASLAK v0.8; ON-KAYIT-TASLAK.md:776) ; ACM2 Note 51 [T135] “the veriﬁcation function accepting if and only if all signatures are correct” (ECCG ACM v2.0; ACM2.txt:946)	vaka: eşleme dışı (aile CMP, kol kapsam-hibrit) | P2: mevcut imzalardan en az biri geçersiz/izinsiz → tüm-mevcut-geçerli koşulu sağlanmıyor [ML-DSA-65-Ed25519=izinsiz (Ed25519 bileşeni bozuk)] | yedek kol: X=Ed25519 (RFC 9864 §2.2; EdDSA "Deprecated" §4.1.2); ÖK §2D m.2
CMP15_ed25519_eddsa_bileseni_bozuk	P0	kontrol-Ed25519	hayır	reject	JOSECOMP §4.3 [T345] “MUST validate a signature only if all component signatures were successfully validated” (draft-ietf-jose-pq-composite-sigs-04; JOSECOMP.txt:452-453) ; RFC7515 §5.2 [T315] “at least one JWS Signature value MUST successfully validate, or the JWS MUST be considered invalid” (RFC 7515; RFC7515.txt:814-816) ; JWTBCP §3.1 [T327] “MUST NOT employ any algorithms outside this configured set” (draft-ietf-oauth-rfc8725bis-10; JWTBCP.txt:463-466) ; RFC7515 §4.1.1 [T319] “The JWS Signature value is not valid if the "alg" value does not represent a supported algorithm or if there is not a key for use with that algorithm” (RFC 7515; RFC7515.txt:508-510)	vaka: eşleme dışı (aile CMP, kol kapsam-hibrit) | P0: geçerli izinli imza yok [ML-DSA-65-Ed25519=izinsiz (Ed25519 bileşeni bozuk)] | yedek kol: X=Ed25519 (RFC 9864 §2.2; EdDSA "Deprecated" §4.1.2); ÖK §2D m.2
X5C01_klasik_zincir	L4	kontrol-Ed25519	hayır	reject	ÖK §6.5 “İhraççı başına gerekli küme R = {X}, izinli küme {A, X}.” (ON-KAYIT-TASLAK v0.8; ON-KAYIT-TASLAK.md:1054) ; JWTBCP §3.1 [T328] “MUST determine which algorithms are permitted for itself and that issuer and ensure that the received JWT complies with those requirements” (draft-ietf-oauth-rfc8725bis-10; JWTBCP.txt:482-485) ; ÖK §4.7 G5 “Göç etmiş bir varlık, ilan ettiği eski-sürüm penceresi dışında yalnız klasik kanıtla kabul edilemez.” (ON-KAYIT-TASLAK v0.8; ON-KAYIT-TASLAK.md:767) ; ÖK §2B m.6 (L4c) “Göç etmiş ihraççının yalnız klasik imzalı belgesi reddedilir, eski ihraççının klasik imzalı belgesi kabul edilir.” (ON-KAYIT-TASLAK v0.8; ON-KAYIT-TASLAK.md:256)	vaka: eşleme dışı (aile X5C, kol klasik-taban) | L4: R={Ed25519} için geçerli imza yok (yalnız klasik kanıt; G5) [ES256=geçerli] | yedek kol: X=Ed25519 (RFC 9864 §2.2; EdDSA "Deprecated" §4.1.2); ÖK §2D m.2 | sdjwtvc: -13/-19 aynı
X5C01_klasik_zincir	P2	kontrol-Ed25519	hayır	accept-classical	ÖK §4.8 P1 “Mevcut imzaların tümü geçerliyse kabul. İmza silinmesi (soyma) fark edilmez” (ON-KAYIT-TASLAK v0.8; ON-KAYIT-TASLAK.md:776) ; ÖK §4.8 P2 “P1 + her imza, anahtarının bağlı olduğu algoritmayla doğrulanır” (ON-KAYIT-TASLAK v0.8; ON-KAYIT-TASLAK.md:777) ; RFC7515 §5.2 [T314] “it is an application decision which of the JWS Signature values must successfully validate” (RFC 7515; RFC7515.txt:810-812) ; RFC9901 §7.1 (2b) “Validate the signature over the Issuer-signed JWT per Section 5.2 of [RFC7515].” (RFC 9901; RFC9901.txt:1667-1668) ; RFC7515 §4.1.6 [T038] “The recipient MUST validate the certificate chain according to RFC 5280” (RFC 7515; RFC7515.txt:596-597)	vaka: eşleme dışı (aile X5C, kol klasik-taban) | P2: mevcut tüm imzalar geçerli (R=∅) [ES256=geçerli] | yedek kol: X=Ed25519 (RFC 9864 §2.2; EdDSA "Deprecated" §4.1.2); ÖK §2D m.2 | sdjwtvc: -13/-19 aynı
X5C01_klasik_zincir	P0	kontrol-Ed25519	hayır	accept-classical	RFC7515 §5.2 [T315] “at least one JWS Signature value MUST successfully validate, or the JWS MUST be considered invalid” (RFC 7515; RFC7515.txt:814-816) ; RFC7515 §5.2 [T314] “it is an application decision which of the JWS Signature values must successfully validate” (RFC 7515; RFC7515.txt:810-812) ; ÖK §4.8 P0 “En az bir imza geçerliyse kabul” (ON-KAYIT-TASLAK v0.8; ON-KAYIT-TASLAK.md:775) ; RFC9901 §7.1 (2b) “Validate the signature over the Issuer-signed JWT per Section 5.2 of [RFC7515].” (RFC 9901; RFC9901.txt:1667-1668) ; RFC7515 §4.1.6 [T038] “The recipient MUST validate the certificate chain according to RFC 5280” (RFC 7515; RFC7515.txt:596-597)	vaka: eşleme dışı (aile X5C, kol klasik-taban) | P0: en az bir izinli imza geçerli [ES256=geçerli] | yedek kol: X=Ed25519 (RFC 9864 §2.2; EdDSA "Deprecated" §4.1.2); ÖK §2D m.2 | sdjwtvc: -13/-19 aynı
X5C03_karisik_klasik_yaprak_pq_ara	L4	kontrol-Ed25519	hayır	reject	ÖK §6.5 “İhraççı başına gerekli küme R = {X}, izinli küme {A, X}.” (ON-KAYIT-TASLAK v0.8; ON-KAYIT-TASLAK.md:1054) ; JWTBCP §3.1 [T328] “MUST determine which algorithms are permitted for itself and that issuer and ensure that the received JWT complies with those requirements” (draft-ietf-oauth-rfc8725bis-10; JWTBCP.txt:482-485) ; ÖK §4.7 G5 “Göç etmiş bir varlık, ilan ettiği eski-sürüm penceresi dışında yalnız klasik kanıtla kabul edilemez.” (ON-KAYIT-TASLAK v0.8; ON-KAYIT-TASLAK.md:767) ; ÖK §2B m.6 (L4c) “Göç etmiş ihraççının yalnız klasik imzalı belgesi reddedilir, eski ihraççının klasik imzalı belgesi kabul edilir.” (ON-KAYIT-TASLAK v0.8; ON-KAYIT-TASLAK.md:256)	vaka: eşleme dışı (aile X5C, kol klasik-taban) | L4: R={Ed25519} için geçerli imza yok (yalnız klasik kanıt; G5) [ES256=geçerli] | yedek kol: X=Ed25519 (RFC 9864 §2.2; EdDSA "Deprecated" §4.1.2); ÖK §2D m.2 | sdjwtvc: -13/-19 aynı
X5C03_karisik_klasik_yaprak_pq_ara	P2	kontrol-Ed25519	hayır	accept-classical	ÖK §4.8 P1 “Mevcut imzaların tümü geçerliyse kabul. İmza silinmesi (soyma) fark edilmez” (ON-KAYIT-TASLAK v0.8; ON-KAYIT-TASLAK.md:776) ; ÖK §4.8 P2 “P1 + her imza, anahtarının bağlı olduğu algoritmayla doğrulanır” (ON-KAYIT-TASLAK v0.8; ON-KAYIT-TASLAK.md:777) ; RFC7515 §5.2 [T314] “it is an application decision which of the JWS Signature values must successfully validate” (RFC 7515; RFC7515.txt:810-812) ; RFC9901 §7.1 (2b) “Validate the signature over the Issuer-signed JWT per Section 5.2 of [RFC7515].” (RFC 9901; RFC9901.txt:1667-1668) ; RFC7515 §4.1.6 [T038] “The recipient MUST validate the certificate chain according to RFC 5280” (RFC 7515; RFC7515.txt:596-597)	vaka: eşleme dışı (aile X5C, kol klasik-taban) | P2: mevcut tüm imzalar geçerli (R=∅) [ES256=geçerli] | yedek kol: X=Ed25519 (RFC 9864 §2.2; EdDSA "Deprecated" §4.1.2); ÖK §2D m.2 | sdjwtvc: -13/-19 aynı
X5C03_karisik_klasik_yaprak_pq_ara	P0	kontrol-Ed25519	hayır	accept-classical	RFC7515 §5.2 [T315] “at least one JWS Signature value MUST successfully validate, or the JWS MUST be considered invalid” (RFC 7515; RFC7515.txt:814-816) ; RFC7515 §5.2 [T314] “it is an application decision which of the JWS Signature values must successfully validate” (RFC 7515; RFC7515.txt:810-812) ; ÖK §4.8 P0 “En az bir imza geçerliyse kabul” (ON-KAYIT-TASLAK v0.8; ON-KAYIT-TASLAK.md:775) ; RFC9901 §7.1 (2b) “Validate the signature over the Issuer-signed JWT per Section 5.2 of [RFC7515].” (RFC 9901; RFC9901.txt:1667-1668) ; RFC7515 §4.1.6 [T038] “The recipient MUST validate the certificate chain according to RFC 5280” (RFC 7515; RFC7515.txt:596-597)	vaka: eşleme dışı (aile X5C, kol klasik-taban) | P0: en az bir izinli imza geçerli [ES256=geçerli] | yedek kol: X=Ed25519 (RFC 9864 §2.2; EdDSA "Deprecated" §4.1.2); ÖK §2D m.2 | sdjwtvc: -13/-19 aynı
REQ01_imzali_ES256_x509_hash	L4	kontrol-Ed25519	hayır	reject	ÖK §6.5 “İhraççı başına gerekli küme R = {X}, izinli küme {A, X}.” (ON-KAYIT-TASLAK v0.8; ON-KAYIT-TASLAK.md:1054) ; JWTBCP §3.1 [T328] “MUST determine which algorithms are permitted for itself and that issuer and ensure that the received JWT complies with those requirements” (draft-ietf-oauth-rfc8725bis-10; JWTBCP.txt:482-485) ; ÖK §4.7 G5 “Göç etmiş bir varlık, ilan ettiği eski-sürüm penceresi dışında yalnız klasik kanıtla kabul edilemez.” (ON-KAYIT-TASLAK v0.8; ON-KAYIT-TASLAK.md:767) ; ÖK §2B m.6 (L4c) “Göç etmiş ihraççının yalnız klasik imzalı belgesi reddedilir, eski ihraççının klasik imzalı belgesi kabul edilir.” (ON-KAYIT-TASLAK v0.8; ON-KAYIT-TASLAK.md:256)	vaka: eşleme dışı (aile REQ, kol klasik-taban) | L4: R={Ed25519} için geçerli imza yok (yalnız klasik kanıt; G5) [ES256=geçerli] | cüzdan tarafı (IS-PLANI Adım 11 wallet-path); R_I imzalayan RP'ye benzetmeyle uygulandı | yedek kol: X=Ed25519 (RFC 9864 §2.2; EdDSA "Deprecated" §4.1.2); ÖK §2D m.2
REQ01_imzali_ES256_x509_hash	P2	kontrol-Ed25519	hayır	accept-classical	ÖK §4.8 P1 “Mevcut imzaların tümü geçerliyse kabul. İmza silinmesi (soyma) fark edilmez” (ON-KAYIT-TASLAK v0.8; ON-KAYIT-TASLAK.md:776) ; ÖK §4.8 P2 “P1 + her imza, anahtarının bağlı olduğu algoritmayla doğrulanır” (ON-KAYIT-TASLAK v0.8; ON-KAYIT-TASLAK.md:777) ; RFC7515 §5.2 [T314] “it is an application decision which of the JWS Signature values must successfully validate” (RFC 7515; RFC7515.txt:810-812) ; OID4VP §5.9.3 (x509_hash) [T240] “The Wallet MUST validate the signature and the trust chain of the X.509 leaf certificate.” (OpenID4VP 1.0 Final; OID4VP.txt:947)	vaka: eşleme dışı (aile REQ, kol klasik-taban) | P2: mevcut tüm imzalar geçerli (R=∅) [ES256=geçerli] | cüzdan tarafı (IS-PLANI Adım 11 wallet-path); R_I imzalayan RP'ye benzetmeyle uygulandı | yedek kol: X=Ed25519 (RFC 9864 §2.2; EdDSA "Deprecated" §4.1.2); ÖK §2D m.2
REQ01_imzali_ES256_x509_hash	P0	kontrol-Ed25519	hayır	accept-classical	RFC7515 §5.2 [T315] “at least one JWS Signature value MUST successfully validate, or the JWS MUST be considered invalid” (RFC 7515; RFC7515.txt:814-816) ; RFC7515 §5.2 [T314] “it is an application decision which of the JWS Signature values must successfully validate” (RFC 7515; RFC7515.txt:810-812) ; ÖK §4.8 P0 “En az bir imza geçerliyse kabul” (ON-KAYIT-TASLAK v0.8; ON-KAYIT-TASLAK.md:775) ; OID4VP §5.9.3 (x509_hash) [T240] “The Wallet MUST validate the signature and the trust chain of the X.509 leaf certificate.” (OpenID4VP 1.0 Final; OID4VP.txt:947)	vaka: eşleme dışı (aile REQ, kol klasik-taban) | P0: en az bir izinli imza geçerli [ES256=geçerli] | cüzdan tarafı (IS-PLANI Adım 11 wallet-path); R_I imzalayan RP'ye benzetmeyle uygulandı | yedek kol: X=Ed25519 (RFC 9864 §2.2; EdDSA "Deprecated" §4.1.2); ÖK §2D m.2
REQ08_imzasiz_M-b0	L4	kontrol-Ed25519	hayır	indeterminate	HAIP §5.2 [T281] “The Wallet MUST support unsigned, signed, and multi-signed requests” (OpenID4VC HAIP 1.0 Final; HAIP.txt:426) ; OID4VP §5.9.3 [T268] “it is at the discretion of the Wallet whether it validates the signature on the Request Object” (OpenID4VP 1.0 Final; OID4VP.txt:894) ; ÖK §4.7 G5 “Göç etmiş bir varlık, ilan ettiği eski-sürüm penceresi dışında yalnız klasik kanıtla kabul edilemez.” (ON-KAYIT-TASLAK v0.8; ON-KAYIT-TASLAK.md:767)	vaka: eşleme dışı (aile REQ, kol None) | imzasız istek (M-b0): HAIP cüzdanın imzasız isteği desteklemesini ZORUNLU kılar; G5 göç etmiş RP için yalnız klasik (Web PKI kökeni) kanıtla kabulü yasaklar; imzasız istekte RP kimliği yok → maddeler çelişir/belirlemez | yedek kol: X=Ed25519 (RFC 9864 §2.2; EdDSA "Deprecated" §4.1.2); ÖK §2D m.2
REQ08_imzasiz_M-b0	P2	kontrol-Ed25519	hayır	accept-classical	HAIP §5.2 [T281] “The Wallet MUST support unsigned, signed, and multi-signed requests” (OpenID4VC HAIP 1.0 Final; HAIP.txt:426) ; HAIP §5.2 [T282] “unsigned requests depend on the origin information provided by the platform and the web PKI” (OpenID4VC HAIP 1.0 Final; HAIP.txt:428) ; OID4VP §5.9.2 “the Wallet MUST treat the Client Identifier as referencing a pre-registered client” (OpenID4VP 1.0 Final; OID4VP.txt:882)	vaka: eşleme dışı (aile REQ, kol None) | imzasız istek desteklenmek zorunda; doğrulayıcı kimliği yalnız platform kökeni + Web PKI (klasik) | yedek kol: X=Ed25519 (RFC 9864 §2.2; EdDSA "Deprecated" §4.1.2); ÖK §2D m.2
REQ08_imzasiz_M-b0	P0	kontrol-Ed25519	hayır	accept-classical	HAIP §5.2 [T281] “The Wallet MUST support unsigned, signed, and multi-signed requests” (OpenID4VC HAIP 1.0 Final; HAIP.txt:426) ; HAIP §5.2 [T282] “unsigned requests depend on the origin information provided by the platform and the web PKI” (OpenID4VC HAIP 1.0 Final; HAIP.txt:428) ; OID4VP §5.9.2 “the Wallet MUST treat the Client Identifier as referencing a pre-registered client” (OpenID4VP 1.0 Final; OID4VP.txt:882)	vaka: eşleme dışı (aile REQ, kol None) | imzasız istek desteklenmek zorunda; doğrulayıcı kimliği yalnız platform kökeni + Web PKI (klasik) | yedek kol: X=Ed25519 (RFC 9864 §2.2; EdDSA "Deprecated" §4.1.2); ÖK §2D m.2
REQ09_imzasiz_M-b0_client_id_korundu	L4	kontrol-Ed25519	hayır	indeterminate	HAIP §5.2 [T281] “The Wallet MUST support unsigned, signed, and multi-signed requests” (OpenID4VC HAIP 1.0 Final; HAIP.txt:426) ; OID4VP §5.9.3 [T268] “it is at the discretion of the Wallet whether it validates the signature on the Request Object” (OpenID4VP 1.0 Final; OID4VP.txt:894) ; ÖK §4.7 G5 “Göç etmiş bir varlık, ilan ettiği eski-sürüm penceresi dışında yalnız klasik kanıtla kabul edilemez.” (ON-KAYIT-TASLAK v0.8; ON-KAYIT-TASLAK.md:767)	vaka: eşleme dışı (aile REQ, kol None) | imzasız istek (M-b0): HAIP cüzdanın imzasız isteği desteklemesini ZORUNLU kılar; G5 göç etmiş RP için yalnız klasik (Web PKI kökeni) kanıtla kabulü yasaklar; imzasız istekte RP kimliği yok → maddeler çelişir/belirlemez | yedek kol: X=Ed25519 (RFC 9864 §2.2; EdDSA "Deprecated" §4.1.2); ÖK §2D m.2
REQ09_imzasiz_M-b0_client_id_korundu	P2	kontrol-Ed25519	hayır	accept-classical	HAIP §5.2 [T281] “The Wallet MUST support unsigned, signed, and multi-signed requests” (OpenID4VC HAIP 1.0 Final; HAIP.txt:426) ; HAIP §5.2 [T282] “unsigned requests depend on the origin information provided by the platform and the web PKI” (OpenID4VC HAIP 1.0 Final; HAIP.txt:428) ; OID4VP A.2 [T279] “The Wallet MUST ignore any client_id parameter that is present in an unsigned request.” (OpenID4VP 1.0 Final; OID4VP.txt:2500) ; OID4VP §5.9.3 (x509_hash) [T240] “The Wallet MUST validate the signature and the trust chain of the X.509 leaf certificate.” (OpenID4VP 1.0 Final; OID4VP.txt:947)	vaka: eşleme dışı (aile REQ, kol None) | imzasız istek desteklenmek zorunda; doğrulayıcı kimliği yalnız platform kökeni + Web PKI (klasik); client_id yok sayılmalı | yedek kol: X=Ed25519 (RFC 9864 §2.2; EdDSA "Deprecated" §4.1.2); ÖK §2D m.2
REQ09_imzasiz_M-b0_client_id_korundu	P0	kontrol-Ed25519	hayır	accept-classical	HAIP §5.2 [T281] “The Wallet MUST support unsigned, signed, and multi-signed requests” (OpenID4VC HAIP 1.0 Final; HAIP.txt:426) ; HAIP §5.2 [T282] “unsigned requests depend on the origin information provided by the platform and the web PKI” (OpenID4VC HAIP 1.0 Final; HAIP.txt:428) ; OID4VP A.2 [T279] “The Wallet MUST ignore any client_id parameter that is present in an unsigned request.” (OpenID4VP 1.0 Final; OID4VP.txt:2500) ; OID4VP §5.9.3 (x509_hash) [T240] “The Wallet MUST validate the signature and the trust chain of the X.509 leaf certificate.” (OpenID4VP 1.0 Final; OID4VP.txt:947)	vaka: eşleme dışı (aile REQ, kol None) | imzasız istek desteklenmek zorunda; doğrulayıcı kimliği yalnız platform kökeni + Web PKI (klasik); client_id yok sayılmalı | yedek kol: X=Ed25519 (RFC 9864 §2.2; EdDSA "Deprecated" §4.1.2); ÖK §2D m.2
REQ10_istek_alg_none	L4	kontrol-Ed25519	hayır	reject	OID4VP A.1 [T278] “signed requests, as defined in Appendix A.3.2.1, MUST use signed” (OpenID4VP 1.0 Final; OID4VP.txt:2456) ; OID4VP §5.9.3 (x509_hash) [T240] “The Wallet MUST validate the signature and the trust chain of the X.509 leaf certificate.” (OpenID4VP 1.0 Final; OID4VP.txt:947) ; JWTBCP §3.2 “JWT libraries MUST NOT consume JWTs using "none" unless explicitly allowed by the caller” (draft-ietf-oauth-rfc8725bis-10; JWTBCP.txt:524-525)	vaka: eşleme dışı (aile REQ, kol None) | imzalı istek protokolü (openid4vp-v1-signed) + x509_hash, ama alg=none: imza ve zincir doğrulanamaz; none yapılandırmada izinli değil | ÖK §2A Ö4 M-b0 sınıfı; OID4VP §5.9.3 DC API takdiri (T268) imzasız işleme yolunu açık bırakır — bu yol REQ08/09 satırlarında | yedek kol: X=Ed25519 (RFC 9864 §2.2; EdDSA "Deprecated" §4.1.2); ÖK §2D m.2
REQ10_istek_alg_none	P2	kontrol-Ed25519	hayır	reject	OID4VP A.1 [T278] “signed requests, as defined in Appendix A.3.2.1, MUST use signed” (OpenID4VP 1.0 Final; OID4VP.txt:2456) ; OID4VP §5.9.3 (x509_hash) [T240] “The Wallet MUST validate the signature and the trust chain of the X.509 leaf certificate.” (OpenID4VP 1.0 Final; OID4VP.txt:947) ; JWTBCP §3.2 “JWT libraries MUST NOT consume JWTs using "none" unless explicitly allowed by the caller” (draft-ietf-oauth-rfc8725bis-10; JWTBCP.txt:524-525)	vaka: eşleme dışı (aile REQ, kol None) | imzalı istek protokolü (openid4vp-v1-signed) + x509_hash, ama alg=none: imza ve zincir doğrulanamaz; none yapılandırmada izinli değil | ÖK §2A Ö4 M-b0 sınıfı; OID4VP §5.9.3 DC API takdiri (T268) imzasız işleme yolunu açık bırakır — bu yol REQ08/09 satırlarında | yedek kol: X=Ed25519 (RFC 9864 §2.2; EdDSA "Deprecated" §4.1.2); ÖK §2D m.2
REQ10_istek_alg_none	P0	kontrol-Ed25519	hayır	reject	OID4VP A.1 [T278] “signed requests, as defined in Appendix A.3.2.1, MUST use signed” (OpenID4VP 1.0 Final; OID4VP.txt:2456) ; OID4VP §5.9.3 (x509_hash) [T240] “The Wallet MUST validate the signature and the trust chain of the X.509 leaf certificate.” (OpenID4VP 1.0 Final; OID4VP.txt:947) ; JWTBCP §3.2 “JWT libraries MUST NOT consume JWTs using "none" unless explicitly allowed by the caller” (draft-ietf-oauth-rfc8725bis-10; JWTBCP.txt:524-525)	vaka: eşleme dışı (aile REQ, kol None) | imzalı istek protokolü (openid4vp-v1-signed) + x509_hash, ama alg=none: imza ve zincir doğrulanamaz; none yapılandırmada izinli değil | ÖK §2A Ö4 M-b0 sınıfı; OID4VP §5.9.3 DC API takdiri (T268) imzasız işleme yolunu açık bırakır — bu yol REQ08/09 satırlarında | yedek kol: X=Ed25519 (RFC 9864 §2.2; EdDSA "Deprecated" §4.1.2); ÖK §2D m.2
VC01_ES256_x5c	L4	kontrol-Ed25519	hayır	reject	ÖK §6.5 “İhraççı başına gerekli küme R = {X}, izinli küme {A, X}.” (ON-KAYIT-TASLAK v0.8; ON-KAYIT-TASLAK.md:1054) ; JWTBCP §3.1 [T328] “MUST determine which algorithms are permitted for itself and that issuer and ensure that the received JWT complies with those requirements” (draft-ietf-oauth-rfc8725bis-10; JWTBCP.txt:482-485) ; ÖK §4.7 G5 “Göç etmiş bir varlık, ilan ettiği eski-sürüm penceresi dışında yalnız klasik kanıtla kabul edilemez.” (ON-KAYIT-TASLAK v0.8; ON-KAYIT-TASLAK.md:767) ; ÖK §2B m.6 (L4c) “Göç etmiş ihraççının yalnız klasik imzalı belgesi reddedilir, eski ihraççının klasik imzalı belgesi kabul edilir.” (ON-KAYIT-TASLAK v0.8; ON-KAYIT-TASLAK.md:256)	vaka: K11 ikincil; MR3 (VC01↔VC11) | L4: R={Ed25519} için geçerli imza yok (yalnız klasik kanıt; G5) [ES256=geçerli] | yedek kol: X=Ed25519 (RFC 9864 §2.2; EdDSA "Deprecated" §4.1.2); ÖK §2D m.2 | sdjwtvc: -13/-19 aynı
VC01_ES256_x5c	P2	kontrol-Ed25519	hayır	accept-classical	ÖK §4.8 P1 “Mevcut imzaların tümü geçerliyse kabul. İmza silinmesi (soyma) fark edilmez” (ON-KAYIT-TASLAK v0.8; ON-KAYIT-TASLAK.md:776) ; ÖK §4.8 P2 “P1 + her imza, anahtarının bağlı olduğu algoritmayla doğrulanır” (ON-KAYIT-TASLAK v0.8; ON-KAYIT-TASLAK.md:777) ; RFC7515 §5.2 [T314] “it is an application decision which of the JWS Signature values must successfully validate” (RFC 7515; RFC7515.txt:810-812) ; RFC9901 §7.1 (2b) “Validate the signature over the Issuer-signed JWT per Section 5.2 of [RFC7515].” (RFC 9901; RFC9901.txt:1667-1668)	vaka: K11 ikincil; MR3 (VC01↔VC11) | P2: mevcut tüm imzalar geçerli (R=∅) [ES256=geçerli] | yedek kol: X=Ed25519 (RFC 9864 §2.2; EdDSA "Deprecated" §4.1.2); ÖK §2D m.2 | sdjwtvc: -13/-19 aynı
VC01_ES256_x5c	P0	kontrol-Ed25519	hayır	accept-classical	RFC7515 §5.2 [T315] “at least one JWS Signature value MUST successfully validate, or the JWS MUST be considered invalid” (RFC 7515; RFC7515.txt:814-816) ; RFC7515 §5.2 [T314] “it is an application decision which of the JWS Signature values must successfully validate” (RFC 7515; RFC7515.txt:810-812) ; ÖK §4.8 P0 “En az bir imza geçerliyse kabul” (ON-KAYIT-TASLAK v0.8; ON-KAYIT-TASLAK.md:775) ; RFC9901 §7.1 (2b) “Validate the signature over the Issuer-signed JWT per Section 5.2 of [RFC7515].” (RFC 9901; RFC9901.txt:1667-1668)	vaka: K11 ikincil; MR3 (VC01↔VC11) | P0: en az bir izinli imza geçerli [ES256=geçerli] | yedek kol: X=Ed25519 (RFC 9864 §2.2; EdDSA "Deprecated" §4.1.2); ÖK §2D m.2 | sdjwtvc: -13/-19 aynı
VC04_MLDSA44_kid	L4	kontrol-Ed25519	hayır	reject	JWTBCP §3.1 [T327] “MUST NOT employ any algorithms outside this configured set” (draft-ietf-oauth-rfc8725bis-10; JWTBCP.txt:463-466) ; RFC7515 §4.1.1 [T319] “The JWS Signature value is not valid if the "alg" value does not represent a supported algorithm or if there is not a key for use with that algorithm” (RFC 7515; RFC7515.txt:508-510) ; ÖK §4.8 P1 “Mevcut imzaların tümü geçerliyse kabul. İmza silinmesi (soyma) fark edilmez” (ON-KAYIT-TASLAK v0.8; ON-KAYIT-TASLAK.md:776) ; ACM2 Note 51 [T135] “the veriﬁcation function accepting if and only if all signatures are correct” (ECCG ACM v2.0; ACM2.txt:946) ; ÖK §6.5 “İhraççı başına gerekli küme R = {X}, izinli küme {A, X}.” (ON-KAYIT-TASLAK v0.8; ON-KAYIT-TASLAK.md:1054)	vaka: eşleme dışı (aile VC, kol kapsam-pq) | L4: mevcut imzalardan en az biri geçersiz/izinsiz → tüm-mevcut-geçerli koşulu sağlanmıyor [ML-DSA-44=izinsiz] | x5c yok (kid): HAIP §6.1.1 sapması etiketi (ÖK §2D m.1); anahtar dogrulama_girdileri JWKS'ten | yedek kol: X=Ed25519 (RFC 9864 §2.2; EdDSA "Deprecated" §4.1.2); ÖK §2D m.2 | sdjwtvc: -13/-19 aynı
VC04_MLDSA44_kid	P2	kontrol-Ed25519	hayır	reject	JWTBCP §3.1 [T327] “MUST NOT employ any algorithms outside this configured set” (draft-ietf-oauth-rfc8725bis-10; JWTBCP.txt:463-466) ; RFC7515 §4.1.1 [T319] “The JWS Signature value is not valid if the "alg" value does not represent a supported algorithm or if there is not a key for use with that algorithm” (RFC 7515; RFC7515.txt:508-510) ; ÖK §4.8 P1 “Mevcut imzaların tümü geçerliyse kabul. İmza silinmesi (soyma) fark edilmez” (ON-KAYIT-TASLAK v0.8; ON-KAYIT-TASLAK.md:776) ; ACM2 Note 51 [T135] “the veriﬁcation function accepting if and only if all signatures are correct” (ECCG ACM v2.0; ACM2.txt:946)	vaka: eşleme dışı (aile VC, kol kapsam-pq) | P2: mevcut imzalardan en az biri geçersiz/izinsiz → tüm-mevcut-geçerli koşulu sağlanmıyor [ML-DSA-44=izinsiz] | x5c yok (kid): HAIP §6.1.1 sapması etiketi (ÖK §2D m.1); anahtar dogrulama_girdileri JWKS'ten | yedek kol: X=Ed25519 (RFC 9864 §2.2; EdDSA "Deprecated" §4.1.2); ÖK §2D m.2 | sdjwtvc: -13/-19 aynı
VC04_MLDSA44_kid	P0	kontrol-Ed25519	hayır	reject	RFC7515 §5.2 [T315] “at least one JWS Signature value MUST successfully validate, or the JWS MUST be considered invalid” (RFC 7515; RFC7515.txt:814-816) ; JWTBCP §3.1 [T327] “MUST NOT employ any algorithms outside this configured set” (draft-ietf-oauth-rfc8725bis-10; JWTBCP.txt:463-466) ; RFC7515 §4.1.1 [T319] “The JWS Signature value is not valid if the "alg" value does not represent a supported algorithm or if there is not a key for use with that algorithm” (RFC 7515; RFC7515.txt:508-510)	vaka: eşleme dışı (aile VC, kol kapsam-pq) | P0: geçerli izinli imza yok [ML-DSA-44=izinsiz] | x5c yok (kid): HAIP §6.1.1 sapması etiketi (ÖK §2D m.1); anahtar dogrulama_girdileri JWKS'ten | yedek kol: X=Ed25519 (RFC 9864 §2.2; EdDSA "Deprecated" §4.1.2); ÖK §2D m.2 | sdjwtvc: -13/-19 aynı
VC05_MLDSA87_kid	L4	kontrol-Ed25519	hayır	reject	JWTBCP §3.1 [T327] “MUST NOT employ any algorithms outside this configured set” (draft-ietf-oauth-rfc8725bis-10; JWTBCP.txt:463-466) ; RFC7515 §4.1.1 [T319] “The JWS Signature value is not valid if the "alg" value does not represent a supported algorithm or if there is not a key for use with that algorithm” (RFC 7515; RFC7515.txt:508-510) ; ÖK §4.8 P1 “Mevcut imzaların tümü geçerliyse kabul. İmza silinmesi (soyma) fark edilmez” (ON-KAYIT-TASLAK v0.8; ON-KAYIT-TASLAK.md:776) ; ACM2 Note 51 [T135] “the veriﬁcation function accepting if and only if all signatures are correct” (ECCG ACM v2.0; ACM2.txt:946) ; ÖK §6.5 “İhraççı başına gerekli küme R = {X}, izinli küme {A, X}.” (ON-KAYIT-TASLAK v0.8; ON-KAYIT-TASLAK.md:1054)	vaka: eşleme dışı (aile VC, kol kapsam-pq) | L4: mevcut imzalardan en az biri geçersiz/izinsiz → tüm-mevcut-geçerli koşulu sağlanmıyor [ML-DSA-87=izinsiz] | x5c yok (kid): HAIP §6.1.1 sapması etiketi (ÖK §2D m.1); anahtar dogrulama_girdileri JWKS'ten | yedek kol: X=Ed25519 (RFC 9864 §2.2; EdDSA "Deprecated" §4.1.2); ÖK §2D m.2 | sdjwtvc: -13/-19 aynı
VC05_MLDSA87_kid	P2	kontrol-Ed25519	hayır	reject	JWTBCP §3.1 [T327] “MUST NOT employ any algorithms outside this configured set” (draft-ietf-oauth-rfc8725bis-10; JWTBCP.txt:463-466) ; RFC7515 §4.1.1 [T319] “The JWS Signature value is not valid if the "alg" value does not represent a supported algorithm or if there is not a key for use with that algorithm” (RFC 7515; RFC7515.txt:508-510) ; ÖK §4.8 P1 “Mevcut imzaların tümü geçerliyse kabul. İmza silinmesi (soyma) fark edilmez” (ON-KAYIT-TASLAK v0.8; ON-KAYIT-TASLAK.md:776) ; ACM2 Note 51 [T135] “the veriﬁcation function accepting if and only if all signatures are correct” (ECCG ACM v2.0; ACM2.txt:946)	vaka: eşleme dışı (aile VC, kol kapsam-pq) | P2: mevcut imzalardan en az biri geçersiz/izinsiz → tüm-mevcut-geçerli koşulu sağlanmıyor [ML-DSA-87=izinsiz] | x5c yok (kid): HAIP §6.1.1 sapması etiketi (ÖK §2D m.1); anahtar dogrulama_girdileri JWKS'ten | yedek kol: X=Ed25519 (RFC 9864 §2.2; EdDSA "Deprecated" §4.1.2); ÖK §2D m.2 | sdjwtvc: -13/-19 aynı
VC05_MLDSA87_kid	P0	kontrol-Ed25519	hayır	reject	RFC7515 §5.2 [T315] “at least one JWS Signature value MUST successfully validate, or the JWS MUST be considered invalid” (RFC 7515; RFC7515.txt:814-816) ; JWTBCP §3.1 [T327] “MUST NOT employ any algorithms outside this configured set” (draft-ietf-oauth-rfc8725bis-10; JWTBCP.txt:463-466) ; RFC7515 §4.1.1 [T319] “The JWS Signature value is not valid if the "alg" value does not represent a supported algorithm or if there is not a key for use with that algorithm” (RFC 7515; RFC7515.txt:508-510)	vaka: eşleme dışı (aile VC, kol kapsam-pq) | P0: geçerli izinli imza yok [ML-DSA-87=izinsiz] | x5c yok (kid): HAIP §6.1.1 sapması etiketi (ÖK §2D m.1); anahtar dogrulama_girdileri JWKS'ten | yedek kol: X=Ed25519 (RFC 9864 §2.2; EdDSA "Deprecated" §4.1.2); ÖK §2D m.2 | sdjwtvc: -13/-19 aynı
VC06_composite_Ed25519_kid	L4	kontrol-Ed25519	hayır	reject	JWTBCP §3.1 [T327] “MUST NOT employ any algorithms outside this configured set” (draft-ietf-oauth-rfc8725bis-10; JWTBCP.txt:463-466) ; RFC7515 §4.1.1 [T319] “The JWS Signature value is not valid if the "alg" value does not represent a supported algorithm or if there is not a key for use with that algorithm” (RFC 7515; RFC7515.txt:508-510) ; ÖK §4.8 P1 “Mevcut imzaların tümü geçerliyse kabul. İmza silinmesi (soyma) fark edilmez” (ON-KAYIT-TASLAK v0.8; ON-KAYIT-TASLAK.md:776) ; ACM2 Note 51 [T135] “the veriﬁcation function accepting if and only if all signatures are correct” (ECCG ACM v2.0; ACM2.txt:946) ; ÖK §6.5 “İhraççı başına gerekli küme R = {X}, izinli küme {A, X}.” (ON-KAYIT-TASLAK v0.8; ON-KAYIT-TASLAK.md:1054)	vaka: eşleme dışı (aile VC, kol kapsam-hibrit) | L4: mevcut imzalardan en az biri geçersiz/izinsiz → tüm-mevcut-geçerli koşulu sağlanmıyor [ML-DSA-65-Ed25519=izinsiz] | x5c yok (kid): HAIP §6.1.1 sapması etiketi (ÖK §2D m.1); anahtar dogrulama_girdileri JWKS'ten | yedek kol: X=Ed25519 (RFC 9864 §2.2; EdDSA "Deprecated" §4.1.2); ÖK §2D m.2 | sdjwtvc: -13/-19 aynı
VC06_composite_Ed25519_kid	P2	kontrol-Ed25519	hayır	reject	JWTBCP §3.1 [T327] “MUST NOT employ any algorithms outside this configured set” (draft-ietf-oauth-rfc8725bis-10; JWTBCP.txt:463-466) ; RFC7515 §4.1.1 [T319] “The JWS Signature value is not valid if the "alg" value does not represent a supported algorithm or if there is not a key for use with that algorithm” (RFC 7515; RFC7515.txt:508-510) ; ÖK §4.8 P1 “Mevcut imzaların tümü geçerliyse kabul. İmza silinmesi (soyma) fark edilmez” (ON-KAYIT-TASLAK v0.8; ON-KAYIT-TASLAK.md:776) ; ACM2 Note 51 [T135] “the veriﬁcation function accepting if and only if all signatures are correct” (ECCG ACM v2.0; ACM2.txt:946)	vaka: eşleme dışı (aile VC, kol kapsam-hibrit) | P2: mevcut imzalardan en az biri geçersiz/izinsiz → tüm-mevcut-geçerli koşulu sağlanmıyor [ML-DSA-65-Ed25519=izinsiz] | x5c yok (kid): HAIP §6.1.1 sapması etiketi (ÖK §2D m.1); anahtar dogrulama_girdileri JWKS'ten | yedek kol: X=Ed25519 (RFC 9864 §2.2; EdDSA "Deprecated" §4.1.2); ÖK §2D m.2 | sdjwtvc: -13/-19 aynı
VC06_composite_Ed25519_kid	P0	kontrol-Ed25519	hayır	reject	RFC7515 §5.2 [T315] “at least one JWS Signature value MUST successfully validate, or the JWS MUST be considered invalid” (RFC 7515; RFC7515.txt:814-816) ; JWTBCP §3.1 [T327] “MUST NOT employ any algorithms outside this configured set” (draft-ietf-oauth-rfc8725bis-10; JWTBCP.txt:463-466) ; RFC7515 §4.1.1 [T319] “The JWS Signature value is not valid if the "alg" value does not represent a supported algorithm or if there is not a key for use with that algorithm” (RFC 7515; RFC7515.txt:508-510)	vaka: eşleme dışı (aile VC, kol kapsam-hibrit) | P0: geçerli izinli imza yok [ML-DSA-65-Ed25519=izinsiz] | x5c yok (kid): HAIP §6.1.1 sapması etiketi (ÖK §2D m.1); anahtar dogrulama_girdileri JWKS'ten | yedek kol: X=Ed25519 (RFC 9864 §2.2; EdDSA "Deprecated" §4.1.2); ÖK §2D m.2 | sdjwtvc: -13/-19 aynı
VC10_ikili_ihrac	L4	kontrol-Ed25519	evet	reject	ÖK §6.5 “İhraççı başına gerekli küme R = {X}, izinli küme {A, X}.” (ON-KAYIT-TASLAK v0.8; ON-KAYIT-TASLAK.md:1054) ; JWTBCP §3.1 [T328] “MUST determine which algorithms are permitted for itself and that issuer and ensure that the received JWT complies with those requirements” (draft-ietf-oauth-rfc8725bis-10; JWTBCP.txt:482-485) ; ÖK §4.7 G5 “Göç etmiş bir varlık, ilan ettiği eski-sürüm penceresi dışında yalnız klasik kanıtla kabul edilemez.” (ON-KAYIT-TASLAK v0.8; ON-KAYIT-TASLAK.md:767) ; ÖK §2B m.6 (L4c) “Göç etmiş ihraççının yalnız klasik imzalı belgesi reddedilir, eski ihraççının klasik imzalı belgesi kabul edilir.” (ON-KAYIT-TASLAK v0.8; ON-KAYIT-TASLAK.md:256) ; ÖK §6.5 K11 “göç etmiş ihraççıdan yalnız klasik kimlik bilgisi | RED (G5)” (ON-KAYIT-TASLAK v0.8; ON-KAYIT-TASLAK.md:1068)	vaka: K11 birincil (credentials[0] = ES256 kopya değerlendirilir) | L4: R={Ed25519} için geçerli imza yok (yalnız klasik kanıt; G5) [ES256=geçerli] | credentials[0] (ES256, klasik zincir) değerlendirildi; aynı yanıttaki ML-DSA-65 kopya K11 kararına girmez | yedek kol: X=Ed25519 (RFC 9864 §2.2; EdDSA "Deprecated" §4.1.2); ÖK §2D m.2 | sdjwtvc: -13/-19 aynı
VC10_ikili_ihrac	P2	kontrol-Ed25519	evet	accept-classical	ÖK §4.8 P1 “Mevcut imzaların tümü geçerliyse kabul. İmza silinmesi (soyma) fark edilmez” (ON-KAYIT-TASLAK v0.8; ON-KAYIT-TASLAK.md:776) ; ÖK §4.8 P2 “P1 + her imza, anahtarının bağlı olduğu algoritmayla doğrulanır” (ON-KAYIT-TASLAK v0.8; ON-KAYIT-TASLAK.md:777) ; RFC7515 §5.2 [T314] “it is an application decision which of the JWS Signature values must successfully validate” (RFC 7515; RFC7515.txt:810-812) ; RFC9901 §7.1 (2b) “Validate the signature over the Issuer-signed JWT per Section 5.2 of [RFC7515].” (RFC 9901; RFC9901.txt:1667-1668)	vaka: K11 birincil (credentials[0] = ES256 kopya değerlendirilir) | P2: mevcut tüm imzalar geçerli (R=∅) [ES256=geçerli] | credentials[0] (ES256, klasik zincir) değerlendirildi; aynı yanıttaki ML-DSA-65 kopya K11 kararına girmez | yedek kol: X=Ed25519 (RFC 9864 §2.2; EdDSA "Deprecated" §4.1.2); ÖK §2D m.2 | sdjwtvc: -13/-19 aynı
VC10_ikili_ihrac	P0	kontrol-Ed25519	evet	accept-classical	RFC7515 §5.2 [T315] “at least one JWS Signature value MUST successfully validate, or the JWS MUST be considered invalid” (RFC 7515; RFC7515.txt:814-816) ; RFC7515 §5.2 [T314] “it is an application decision which of the JWS Signature values must successfully validate” (RFC 7515; RFC7515.txt:810-812) ; ÖK §4.8 P0 “En az bir imza geçerliyse kabul” (ON-KAYIT-TASLAK v0.8; ON-KAYIT-TASLAK.md:775) ; RFC9901 §7.1 (2b) “Validate the signature over the Issuer-signed JWT per Section 5.2 of [RFC7515].” (RFC 9901; RFC9901.txt:1667-1668)	vaka: K11 birincil (credentials[0] = ES256 kopya değerlendirilir) | P0: en az bir izinli imza geçerli [ES256=geçerli] | credentials[0] (ES256, klasik zincir) değerlendirildi; aynı yanıttaki ML-DSA-65 kopya K11 kararına girmez | yedek kol: X=Ed25519 (RFC 9864 §2.2; EdDSA "Deprecated" §4.1.2); ÖK §2D m.2 | sdjwtvc: -13/-19 aynı
VC11_typ_vc+sd-jwt	L4|sdjwtvc=-13	kontrol-Ed25519	hayır	reject	ÖK §6.5 “İhraççı başına gerekli küme R = {X}, izinli küme {A, X}.” (ON-KAYIT-TASLAK v0.8; ON-KAYIT-TASLAK.md:1054) ; JWTBCP §3.1 [T328] “MUST determine which algorithms are permitted for itself and that issuer and ensure that the received JWT complies with those requirements” (draft-ietf-oauth-rfc8725bis-10; JWTBCP.txt:482-485) ; ÖK §4.7 G5 “Göç etmiş bir varlık, ilan ettiği eski-sürüm penceresi dışında yalnız klasik kanıtla kabul edilemez.” (ON-KAYIT-TASLAK v0.8; ON-KAYIT-TASLAK.md:767) ; ÖK §2B m.6 (L4c) “Göç etmiş ihraççının yalnız klasik imzalı belgesi reddedilir, eski ihraççının klasik imzalı belgesi kabul edilir.” (ON-KAYIT-TASLAK v0.8; ON-KAYIT-TASLAK.md:256)	vaka: MR3 eşi (VC01↔VC11; -13 geçişi) | L4: R={Ed25519} için geçerli imza yok (yalnız klasik kanıt; G5) [ES256=geçerli] | yedek kol: X=Ed25519 (RFC 9864 §2.2; EdDSA "Deprecated" §4.1.2); ÖK §2D m.2
VC11_typ_vc+sd-jwt	L4|sdjwtvc=-19	kontrol-Ed25519	hayır	reject	ÖK §6.5 “İhraççı başına gerekli küme R = {X}, izinli küme {A, X}.” (ON-KAYIT-TASLAK v0.8; ON-KAYIT-TASLAK.md:1054) ; JWTBCP §3.1 [T328] “MUST determine which algorithms are permitted for itself and that issuer and ensure that the received JWT complies with those requirements” (draft-ietf-oauth-rfc8725bis-10; JWTBCP.txt:482-485) ; ÖK §4.7 G5 “Göç etmiş bir varlık, ilan ettiği eski-sürüm penceresi dışında yalnız klasik kanıtla kabul edilemez.” (ON-KAYIT-TASLAK v0.8; ON-KAYIT-TASLAK.md:767) ; ÖK §2B m.6 (L4c) “Göç etmiş ihraççının yalnız klasik imzalı belgesi reddedilir, eski ihraççının klasik imzalı belgesi kabul edilir.” (ON-KAYIT-TASLAK v0.8; ON-KAYIT-TASLAK.md:256)	vaka: MR3 eşi (VC01↔VC11; -13 geçişi) | L4: R={Ed25519} için geçerli imza yok (yalnız klasik kanıt; G5) [ES256=geçerli] | yedek kol: X=Ed25519 (RFC 9864 §2.2; EdDSA "Deprecated" §4.1.2); ÖK §2D m.2
VC11_typ_vc+sd-jwt	P2|sdjwtvc=-13	kontrol-Ed25519	hayır	indeterminate	SDJWTVC13 §3.2.1 “The typ value MUST use dc+sd-jwt.” (draft-ietf-oauth-sd-jwt-vc-13; SDJWTVC13.txt:323-324) ; SDJWTVC13 §3.2.1 “it is RECOMMENDED that Verifiers and Holders accept both vc+sd-jwt and dc+sd-jwt as the value of the typ header” (draft-ietf-oauth-sd-jwt-vc-13; SDJWTVC13.txt:340-342)	vaka: MR3 eşi (VC01↔VC11; -13 geçişi) | typ=vc+sd-jwt: -13 üreticiye dc+sd-jwt der; doğrulayıcıya her ikisini kabul ÖNERİR (RECOMMENDED) → yön: kabul; zorunlu değil | yedek kol: X=Ed25519 (RFC 9864 §2.2; EdDSA "Deprecated" §4.1.2); ÖK §2D m.2
VC11_typ_vc+sd-jwt	P2|sdjwtvc=-19	kontrol-Ed25519	hayır	indeterminate	SDJWTVC §2.2.1 [T119] “The typ value MUST use dc+sd-jwt.” (draft-ietf-oauth-sd-jwt-vc-19; SDJWTVC.txt:328-329) ; SDJWTVC Doc. History (-19) “Remove: "Note that this draft used vc+sd-jwt as the value of” (draft-ietf-oauth-sd-jwt-vc-19; SDJWTVC.txt:3614-3615) ; RFC9901 §9.11 “and that Verifiers check this value” (RFC 9901; RFC9901.txt:2318-2319)	vaka: MR3 eşi (VC01↔VC11; -13 geçişi) | typ=vc+sd-jwt: -19 yalnız dc+sd-jwt tanımlar, geçiş notu kaldırıldı; doğrulayıcı typ denetimi RECOMMENDED → yön: ret; zorunlu değil | yedek kol: X=Ed25519 (RFC 9864 §2.2; EdDSA "Deprecated" §4.1.2); ÖK §2D m.2
VC11_typ_vc+sd-jwt	P0|sdjwtvc=-13	kontrol-Ed25519	hayır	indeterminate	SDJWTVC13 §3.2.1 “The typ value MUST use dc+sd-jwt.” (draft-ietf-oauth-sd-jwt-vc-13; SDJWTVC13.txt:323-324) ; SDJWTVC13 §3.2.1 “it is RECOMMENDED that Verifiers and Holders accept both vc+sd-jwt and dc+sd-jwt as the value of the typ header” (draft-ietf-oauth-sd-jwt-vc-13; SDJWTVC13.txt:340-342)	vaka: MR3 eşi (VC01↔VC11; -13 geçişi) | typ=vc+sd-jwt: -13 üreticiye dc+sd-jwt der; doğrulayıcıya her ikisini kabul ÖNERİR (RECOMMENDED) → yön: kabul; zorunlu değil | yedek kol: X=Ed25519 (RFC 9864 §2.2; EdDSA "Deprecated" §4.1.2); ÖK §2D m.2
VC11_typ_vc+sd-jwt	P0|sdjwtvc=-19	kontrol-Ed25519	hayır	indeterminate	SDJWTVC §2.2.1 [T119] “The typ value MUST use dc+sd-jwt.” (draft-ietf-oauth-sd-jwt-vc-19; SDJWTVC.txt:328-329) ; SDJWTVC Doc. History (-19) “Remove: "Note that this draft used vc+sd-jwt as the value of” (draft-ietf-oauth-sd-jwt-vc-19; SDJWTVC.txt:3614-3615) ; RFC9901 §9.11 “and that Verifiers check this value” (RFC 9901; RFC9901.txt:2318-2319)	vaka: MR3 eşi (VC01↔VC11; -13 geçişi) | typ=vc+sd-jwt: -19 yalnız dc+sd-jwt tanımlar, geçiş notu kaldırıldı; doğrulayıcı typ denetimi RECOMMENDED → yön: ret; zorunlu değil | yedek kol: X=Ed25519 (RFC 9864 §2.2; EdDSA "Deprecated" §4.1.2); ÖK §2D m.2
VC12_alg_none	L4	kontrol-Ed25519	hayır	reject	RFC9901 §4.1 [T102] “It MUST NOT use the none algorithm.” (RFC 9901; RFC9901.txt:486-487) ; RFC9901 §7.1 (2a) [T103] “The "none" algorithm MUST NOT be accepted.” (RFC 9901; RFC9901.txt:1665)	vaka: eşleme dışı (aile VC, kol None) | ihraççı JWT alg=none | yedek kol: X=Ed25519 (RFC 9864 §2.2; EdDSA "Deprecated" §4.1.2); ÖK §2D m.2 | sdjwtvc: -13/-19 aynı
VC12_alg_none	P2	kontrol-Ed25519	hayır	reject	RFC9901 §4.1 [T102] “It MUST NOT use the none algorithm.” (RFC 9901; RFC9901.txt:486-487) ; RFC9901 §7.1 (2a) [T103] “The "none" algorithm MUST NOT be accepted.” (RFC 9901; RFC9901.txt:1665)	vaka: eşleme dışı (aile VC, kol None) | ihraççı JWT alg=none | yedek kol: X=Ed25519 (RFC 9864 §2.2; EdDSA "Deprecated" §4.1.2); ÖK §2D m.2 | sdjwtvc: -13/-19 aynı
VC12_alg_none	P0	kontrol-Ed25519	hayır	reject	RFC9901 §4.1 [T102] “It MUST NOT use the none algorithm.” (RFC 9901; RFC9901.txt:486-487) ; RFC9901 §7.1 (2a) [T103] “The "none" algorithm MUST NOT be accepted.” (RFC 9901; RFC9901.txt:1665)	vaka: eşleme dışı (aile VC, kol None) | ihraççı JWT alg=none | yedek kol: X=Ed25519 (RFC 9864 §2.2; EdDSA "Deprecated" §4.1.2); ÖK §2D m.2 | sdjwtvc: -13/-19 aynı
VP01_ihracci_ES256_kb_ES256	L4	kontrol-Ed25519	hayır	reject	ÖK §6.5 “İhraççı başına gerekli küme R = {X}, izinli küme {A, X}.” (ON-KAYIT-TASLAK v0.8; ON-KAYIT-TASLAK.md:1054) ; JWTBCP §3.1 [T328] “MUST determine which algorithms are permitted for itself and that issuer and ensure that the received JWT complies with those requirements” (draft-ietf-oauth-rfc8725bis-10; JWTBCP.txt:482-485) ; ÖK §4.7 G5 “Göç etmiş bir varlık, ilan ettiği eski-sürüm penceresi dışında yalnız klasik kanıtla kabul edilemez.” (ON-KAYIT-TASLAK v0.8; ON-KAYIT-TASLAK.md:767) ; ÖK §2B m.6 (L4c) “Göç etmiş ihraççının yalnız klasik imzalı belgesi reddedilir, eski ihraççının klasik imzalı belgesi kabul edilir.” (ON-KAYIT-TASLAK v0.8; ON-KAYIT-TASLAK.md:256)	vaka: eşleme dışı (aile VP, kol klasik-taban) | L4: R={Ed25519} için geçerli imza yok (yalnız klasik kanıt; G5) [ES256=geçerli] | KB-JWT alg=ES256 (izinli kümeye tabi; R_I yalnız ihraççı imzasına uygulanır) | yedek kol: X=Ed25519 (RFC 9864 §2.2; EdDSA "Deprecated" §4.1.2); ÖK §2D m.2 | sdjwtvc: -13/-19 aynı
VP01_ihracci_ES256_kb_ES256	P2	kontrol-Ed25519	hayır	accept-classical	ÖK §4.8 P1 “Mevcut imzaların tümü geçerliyse kabul. İmza silinmesi (soyma) fark edilmez” (ON-KAYIT-TASLAK v0.8; ON-KAYIT-TASLAK.md:776) ; ÖK §4.8 P2 “P1 + her imza, anahtarının bağlı olduğu algoritmayla doğrulanır” (ON-KAYIT-TASLAK v0.8; ON-KAYIT-TASLAK.md:777) ; RFC7515 §5.2 [T314] “it is an application decision which of the JWS Signature values must successfully validate” (RFC 7515; RFC7515.txt:810-812) ; RFC9901 §7.1 (2b) “Validate the signature over the Issuer-signed JWT per Section 5.2 of [RFC7515].” (RFC 9901; RFC9901.txt:1667-1668) ; RFC9901 §7.3 (5b) [T213] “Ensure that a signing algorithm was used that was deemed secure for the application.” (RFC 9901; RFC9901.txt:1849-1850)	vaka: eşleme dışı (aile VP, kol klasik-taban) | P2: mevcut tüm imzalar geçerli (R=∅) [ES256=geçerli] | KB-JWT alg=ES256 (izinli kümeye tabi; R_I yalnız ihraççı imzasına uygulanır) | yedek kol: X=Ed25519 (RFC 9864 §2.2; EdDSA "Deprecated" §4.1.2); ÖK §2D m.2 | sdjwtvc: -13/-19 aynı
VP01_ihracci_ES256_kb_ES256	P0	kontrol-Ed25519	hayır	accept-classical	RFC7515 §5.2 [T315] “at least one JWS Signature value MUST successfully validate, or the JWS MUST be considered invalid” (RFC 7515; RFC7515.txt:814-816) ; RFC7515 §5.2 [T314] “it is an application decision which of the JWS Signature values must successfully validate” (RFC 7515; RFC7515.txt:810-812) ; ÖK §4.8 P0 “En az bir imza geçerliyse kabul” (ON-KAYIT-TASLAK v0.8; ON-KAYIT-TASLAK.md:775) ; RFC9901 §7.1 (2b) “Validate the signature over the Issuer-signed JWT per Section 5.2 of [RFC7515].” (RFC 9901; RFC9901.txt:1667-1668) ; RFC9901 §7.3 (5b) [T213] “Ensure that a signing algorithm was used that was deemed secure for the application.” (RFC 9901; RFC9901.txt:1849-1850)	vaka: eşleme dışı (aile VP, kol klasik-taban) | P0: en az bir izinli imza geçerli [ES256=geçerli] | KB-JWT alg=ES256 (izinli kümeye tabi; R_I yalnız ihraççı imzasına uygulanır) | yedek kol: X=Ed25519 (RFC 9864 §2.2; EdDSA "Deprecated" §4.1.2); ÖK §2D m.2 | sdjwtvc: -13/-19 aynı
TSL01_ES256_x5c	L4	kontrol-Ed25519	hayır	reject	ÖK §6.5 “İhraççı başına gerekli küme R = {X}, izinli küme {A, X}.” (ON-KAYIT-TASLAK v0.8; ON-KAYIT-TASLAK.md:1054) ; JWTBCP §3.1 [T328] “MUST determine which algorithms are permitted for itself and that issuer and ensure that the received JWT complies with those requirements” (draft-ietf-oauth-rfc8725bis-10; JWTBCP.txt:482-485) ; ÖK §4.7 G5 “Göç etmiş bir varlık, ilan ettiği eski-sürüm penceresi dışında yalnız klasik kanıtla kabul edilemez.” (ON-KAYIT-TASLAK v0.8; ON-KAYIT-TASLAK.md:767) ; ÖK §2B m.6 (L4c) “Göç etmiş ihraççının yalnız klasik imzalı belgesi reddedilir, eski ihraççının klasik imzalı belgesi kabul edilir.” (ON-KAYIT-TASLAK v0.8; ON-KAYIT-TASLAK.md:256)	vaka: eşleme dışı (aile TSL, kol klasik-taban) | L4: R={Ed25519} için geçerli imza yok (yalnız klasik kanıt; G5) [ES256=geçerli] | R_I durum ihraççısına benzetmeyle uygulandı | yedek kol: X=Ed25519 (RFC 9864 §2.2; EdDSA "Deprecated" §4.1.2); ÖK §2D m.2
TSL01_ES256_x5c	P2	kontrol-Ed25519	hayır	accept-classical	ÖK §4.8 P1 “Mevcut imzaların tümü geçerliyse kabul. İmza silinmesi (soyma) fark edilmez” (ON-KAYIT-TASLAK v0.8; ON-KAYIT-TASLAK.md:776) ; ÖK §4.8 P2 “P1 + her imza, anahtarının bağlı olduğu algoritmayla doğrulanır” (ON-KAYIT-TASLAK v0.8; ON-KAYIT-TASLAK.md:777) ; RFC7515 §5.2 [T314] “it is an application decision which of the JWS Signature values must successfully validate” (RFC 7515; RFC7515.txt:810-812) ; TSL §5.1 [T145] “Relying Parties MUST reject JWTs with an invalid signature.” (draft-ietf-oauth-status-list-21; TSL.txt:788-789)	vaka: eşleme dışı (aile TSL, kol klasik-taban) | P2: mevcut tüm imzalar geçerli (R=∅) [ES256=geçerli] | R_I durum ihraççısına benzetmeyle uygulandı | yedek kol: X=Ed25519 (RFC 9864 §2.2; EdDSA "Deprecated" §4.1.2); ÖK §2D m.2
TSL01_ES256_x5c	P0	kontrol-Ed25519	hayır	accept-classical	RFC7515 §5.2 [T315] “at least one JWS Signature value MUST successfully validate, or the JWS MUST be considered invalid” (RFC 7515; RFC7515.txt:814-816) ; RFC7515 §5.2 [T314] “it is an application decision which of the JWS Signature values must successfully validate” (RFC 7515; RFC7515.txt:810-812) ; ÖK §4.8 P0 “En az bir imza geçerliyse kabul” (ON-KAYIT-TASLAK v0.8; ON-KAYIT-TASLAK.md:775) ; TSL §5.1 [T145] “Relying Parties MUST reject JWTs with an invalid signature.” (draft-ietf-oauth-status-list-21; TSL.txt:788-789)	vaka: eşleme dışı (aile TSL, kol klasik-taban) | P0: en az bir izinli imza geçerli [ES256=geçerli] | R_I durum ihraççısına benzetmeyle uygulandı | yedek kol: X=Ed25519 (RFC 9864 §2.2; EdDSA "Deprecated" §4.1.2); ÖK §2D m.2
DPOP01_ES256	L4	kontrol-Ed25519	hayır	reject	ÖK §6.5 “İhraççı başına gerekli küme R = {X}, izinli küme {A, X}.” (ON-KAYIT-TASLAK v0.8; ON-KAYIT-TASLAK.md:1054) ; JWTBCP §3.1 [T328] “MUST determine which algorithms are permitted for itself and that issuer and ensure that the received JWT complies with those requirements” (draft-ietf-oauth-rfc8725bis-10; JWTBCP.txt:482-485) ; ÖK §4.7 G5 “Göç etmiş bir varlık, ilan ettiği eski-sürüm penceresi dışında yalnız klasik kanıtla kabul edilemez.” (ON-KAYIT-TASLAK v0.8; ON-KAYIT-TASLAK.md:767) ; ÖK §2B m.6 (L4c) “Göç etmiş ihraççının yalnız klasik imzalı belgesi reddedilir, eski ihraççının klasik imzalı belgesi kabul edilir.” (ON-KAYIT-TASLAK v0.8; ON-KAYIT-TASLAK.md:256)	vaka: eşleme dışı (aile DPOP, kol klasik-taban) | L4: R={Ed25519} için geçerli imza yok (yalnız klasik kanıt; G5) [ES256=geçerli] | R_I = yerel politika (RFC 9449 §4.3(5)) benzetmesi; boyut eşiği kararı etkilemez | yedek kol: X=Ed25519 (RFC 9864 §2.2; EdDSA "Deprecated" §4.1.2); ÖK §2D m.2
DPOP01_ES256	P2	kontrol-Ed25519	hayır	accept-classical	ÖK §4.8 P1 “Mevcut imzaların tümü geçerliyse kabul. İmza silinmesi (soyma) fark edilmez” (ON-KAYIT-TASLAK v0.8; ON-KAYIT-TASLAK.md:776) ; ÖK §4.8 P2 “P1 + her imza, anahtarının bağlı olduğu algoritmayla doğrulanır” (ON-KAYIT-TASLAK v0.8; ON-KAYIT-TASLAK.md:777) ; RFC7515 §5.2 [T314] “it is an application decision which of the JWS Signature values must successfully validate” (RFC 7515; RFC7515.txt:810-812) ; RFC9449 §4.3 (5) [T378] “is supported by the application, and is acceptable per local policy” (RFC 9449; RFC9449.txt:496-498)	vaka: eşleme dışı (aile DPOP, kol klasik-taban) | P2: mevcut tüm imzalar geçerli (R=∅) [ES256=geçerli] | R_I = yerel politika (RFC 9449 §4.3(5)) benzetmesi; boyut eşiği kararı etkilemez | yedek kol: X=Ed25519 (RFC 9864 §2.2; EdDSA "Deprecated" §4.1.2); ÖK §2D m.2
DPOP01_ES256	P0	kontrol-Ed25519	hayır	accept-classical	RFC7515 §5.2 [T315] “at least one JWS Signature value MUST successfully validate, or the JWS MUST be considered invalid” (RFC 7515; RFC7515.txt:814-816) ; RFC7515 §5.2 [T314] “it is an application decision which of the JWS Signature values must successfully validate” (RFC 7515; RFC7515.txt:810-812) ; ÖK §4.8 P0 “En az bir imza geçerliyse kabul” (ON-KAYIT-TASLAK v0.8; ON-KAYIT-TASLAK.md:775) ; RFC9449 §4.3 (5) [T378] “is supported by the application, and is acceptable per local policy” (RFC 9449; RFC9449.txt:496-498)	vaka: eşleme dışı (aile DPOP, kol klasik-taban) | P0: en az bir izinli imza geçerli [ES256=geçerli] | R_I = yerel politika (RFC 9449 §4.3(5)) benzetmesi; boyut eşiği kararı etkilemez | yedek kol: X=Ed25519 (RFC 9864 §2.2; EdDSA "Deprecated" §4.1.2); ÖK §2D m.2
DPOP03_ML-DSA-44	L4	kontrol-Ed25519	hayır	reject	JWTBCP §3.1 [T327] “MUST NOT employ any algorithms outside this configured set” (draft-ietf-oauth-rfc8725bis-10; JWTBCP.txt:463-466) ; RFC7515 §4.1.1 [T319] “The JWS Signature value is not valid if the "alg" value does not represent a supported algorithm or if there is not a key for use with that algorithm” (RFC 7515; RFC7515.txt:508-510) ; ÖK §4.8 P1 “Mevcut imzaların tümü geçerliyse kabul. İmza silinmesi (soyma) fark edilmez” (ON-KAYIT-TASLAK v0.8; ON-KAYIT-TASLAK.md:776) ; ACM2 Note 51 [T135] “the veriﬁcation function accepting if and only if all signatures are correct” (ECCG ACM v2.0; ACM2.txt:946) ; ÖK §6.5 “İhraççı başına gerekli küme R = {X}, izinli küme {A, X}.” (ON-KAYIT-TASLAK v0.8; ON-KAYIT-TASLAK.md:1054)	vaka: eşleme dışı (aile DPOP, kol kapsam-pq) | L4: mevcut imzalardan en az biri geçersiz/izinsiz → tüm-mevcut-geçerli koşulu sağlanmıyor [ML-DSA-44=izinsiz] | R_I = yerel politika (RFC 9449 §4.3(5)) benzetmesi; boyut eşiği kararı etkilemez | yedek kol: X=Ed25519 (RFC 9864 §2.2; EdDSA "Deprecated" §4.1.2); ÖK §2D m.2
DPOP03_ML-DSA-44	P2	kontrol-Ed25519	hayır	reject	JWTBCP §3.1 [T327] “MUST NOT employ any algorithms outside this configured set” (draft-ietf-oauth-rfc8725bis-10; JWTBCP.txt:463-466) ; RFC7515 §4.1.1 [T319] “The JWS Signature value is not valid if the "alg" value does not represent a supported algorithm or if there is not a key for use with that algorithm” (RFC 7515; RFC7515.txt:508-510) ; ÖK §4.8 P1 “Mevcut imzaların tümü geçerliyse kabul. İmza silinmesi (soyma) fark edilmez” (ON-KAYIT-TASLAK v0.8; ON-KAYIT-TASLAK.md:776) ; ACM2 Note 51 [T135] “the veriﬁcation function accepting if and only if all signatures are correct” (ECCG ACM v2.0; ACM2.txt:946)	vaka: eşleme dışı (aile DPOP, kol kapsam-pq) | P2: mevcut imzalardan en az biri geçersiz/izinsiz → tüm-mevcut-geçerli koşulu sağlanmıyor [ML-DSA-44=izinsiz] | R_I = yerel politika (RFC 9449 §4.3(5)) benzetmesi; boyut eşiği kararı etkilemez | yedek kol: X=Ed25519 (RFC 9864 §2.2; EdDSA "Deprecated" §4.1.2); ÖK §2D m.2
DPOP03_ML-DSA-44	P0	kontrol-Ed25519	hayır	reject	RFC7515 §5.2 [T315] “at least one JWS Signature value MUST successfully validate, or the JWS MUST be considered invalid” (RFC 7515; RFC7515.txt:814-816) ; JWTBCP §3.1 [T327] “MUST NOT employ any algorithms outside this configured set” (draft-ietf-oauth-rfc8725bis-10; JWTBCP.txt:463-466) ; RFC7515 §4.1.1 [T319] “The JWS Signature value is not valid if the "alg" value does not represent a supported algorithm or if there is not a key for use with that algorithm” (RFC 7515; RFC7515.txt:508-510)	vaka: eşleme dışı (aile DPOP, kol kapsam-pq) | P0: geçerli izinli imza yok [ML-DSA-44=izinsiz] | R_I = yerel politika (RFC 9449 §4.3(5)) benzetmesi; boyut eşiği kararı etkilemez | yedek kol: X=Ed25519 (RFC 9864 §2.2; EdDSA "Deprecated" §4.1.2); ÖK §2D m.2
DPOP05_ML-DSA-87	L4	kontrol-Ed25519	hayır	reject	JWTBCP §3.1 [T327] “MUST NOT employ any algorithms outside this configured set” (draft-ietf-oauth-rfc8725bis-10; JWTBCP.txt:463-466) ; RFC7515 §4.1.1 [T319] “The JWS Signature value is not valid if the "alg" value does not represent a supported algorithm or if there is not a key for use with that algorithm” (RFC 7515; RFC7515.txt:508-510) ; ÖK §4.8 P1 “Mevcut imzaların tümü geçerliyse kabul. İmza silinmesi (soyma) fark edilmez” (ON-KAYIT-TASLAK v0.8; ON-KAYIT-TASLAK.md:776) ; ACM2 Note 51 [T135] “the veriﬁcation function accepting if and only if all signatures are correct” (ECCG ACM v2.0; ACM2.txt:946) ; ÖK §6.5 “İhraççı başına gerekli küme R = {X}, izinli küme {A, X}.” (ON-KAYIT-TASLAK v0.8; ON-KAYIT-TASLAK.md:1054)	vaka: eşleme dışı (aile DPOP, kol kapsam-pq) | L4: mevcut imzalardan en az biri geçersiz/izinsiz → tüm-mevcut-geçerli koşulu sağlanmıyor [ML-DSA-87=izinsiz] | R_I = yerel politika (RFC 9449 §4.3(5)) benzetmesi; boyut eşiği kararı etkilemez | yedek kol: X=Ed25519 (RFC 9864 §2.2; EdDSA "Deprecated" §4.1.2); ÖK §2D m.2
DPOP05_ML-DSA-87	P2	kontrol-Ed25519	hayır	reject	JWTBCP §3.1 [T327] “MUST NOT employ any algorithms outside this configured set” (draft-ietf-oauth-rfc8725bis-10; JWTBCP.txt:463-466) ; RFC7515 §4.1.1 [T319] “The JWS Signature value is not valid if the "alg" value does not represent a supported algorithm or if there is not a key for use with that algorithm” (RFC 7515; RFC7515.txt:508-510) ; ÖK §4.8 P1 “Mevcut imzaların tümü geçerliyse kabul. İmza silinmesi (soyma) fark edilmez” (ON-KAYIT-TASLAK v0.8; ON-KAYIT-TASLAK.md:776) ; ACM2 Note 51 [T135] “the veriﬁcation function accepting if and only if all signatures are correct” (ECCG ACM v2.0; ACM2.txt:946)	vaka: eşleme dışı (aile DPOP, kol kapsam-pq) | P2: mevcut imzalardan en az biri geçersiz/izinsiz → tüm-mevcut-geçerli koşulu sağlanmıyor [ML-DSA-87=izinsiz] | R_I = yerel politika (RFC 9449 §4.3(5)) benzetmesi; boyut eşiği kararı etkilemez | yedek kol: X=Ed25519 (RFC 9864 §2.2; EdDSA "Deprecated" §4.1.2); ÖK §2D m.2
DPOP05_ML-DSA-87	P0	kontrol-Ed25519	hayır	reject	RFC7515 §5.2 [T315] “at least one JWS Signature value MUST successfully validate, or the JWS MUST be considered invalid” (RFC 7515; RFC7515.txt:814-816) ; JWTBCP §3.1 [T327] “MUST NOT employ any algorithms outside this configured set” (draft-ietf-oauth-rfc8725bis-10; JWTBCP.txt:463-466) ; RFC7515 §4.1.1 [T319] “The JWS Signature value is not valid if the "alg" value does not represent a supported algorithm or if there is not a key for use with that algorithm” (RFC 7515; RFC7515.txt:508-510)	vaka: eşleme dışı (aile DPOP, kol kapsam-pq) | P0: geçerli izinli imza yok [ML-DSA-87=izinsiz] | R_I = yerel politika (RFC 9449 §4.3(5)) benzetmesi; boyut eşiği kararı etkilemez | yedek kol: X=Ed25519 (RFC 9864 §2.2; EdDSA "Deprecated" §4.1.2); ÖK §2D m.2
DPOP07_ML-DSA-65-Ed25519	L4	kontrol-Ed25519	hayır	reject	JWTBCP §3.1 [T327] “MUST NOT employ any algorithms outside this configured set” (draft-ietf-oauth-rfc8725bis-10; JWTBCP.txt:463-466) ; RFC7515 §4.1.1 [T319] “The JWS Signature value is not valid if the "alg" value does not represent a supported algorithm or if there is not a key for use with that algorithm” (RFC 7515; RFC7515.txt:508-510) ; ÖK §4.8 P1 “Mevcut imzaların tümü geçerliyse kabul. İmza silinmesi (soyma) fark edilmez” (ON-KAYIT-TASLAK v0.8; ON-KAYIT-TASLAK.md:776) ; ACM2 Note 51 [T135] “the veriﬁcation function accepting if and only if all signatures are correct” (ECCG ACM v2.0; ACM2.txt:946) ; ÖK §6.5 “İhraççı başına gerekli küme R = {X}, izinli küme {A, X}.” (ON-KAYIT-TASLAK v0.8; ON-KAYIT-TASLAK.md:1054)	vaka: eşleme dışı (aile DPOP, kol kapsam-hibrit) | L4: mevcut imzalardan en az biri geçersiz/izinsiz → tüm-mevcut-geçerli koşulu sağlanmıyor [ML-DSA-65-Ed25519=izinsiz] | R_I = yerel politika (RFC 9449 §4.3(5)) benzetmesi; boyut eşiği kararı etkilemez | yedek kol: X=Ed25519 (RFC 9864 §2.2; EdDSA "Deprecated" §4.1.2); ÖK §2D m.2
DPOP07_ML-DSA-65-Ed25519	P2	kontrol-Ed25519	hayır	reject	JWTBCP §3.1 [T327] “MUST NOT employ any algorithms outside this configured set” (draft-ietf-oauth-rfc8725bis-10; JWTBCP.txt:463-466) ; RFC7515 §4.1.1 [T319] “The JWS Signature value is not valid if the "alg" value does not represent a supported algorithm or if there is not a key for use with that algorithm” (RFC 7515; RFC7515.txt:508-510) ; ÖK §4.8 P1 “Mevcut imzaların tümü geçerliyse kabul. İmza silinmesi (soyma) fark edilmez” (ON-KAYIT-TASLAK v0.8; ON-KAYIT-TASLAK.md:776) ; ACM2 Note 51 [T135] “the veriﬁcation function accepting if and only if all signatures are correct” (ECCG ACM v2.0; ACM2.txt:946)	vaka: eşleme dışı (aile DPOP, kol kapsam-hibrit) | P2: mevcut imzalardan en az biri geçersiz/izinsiz → tüm-mevcut-geçerli koşulu sağlanmıyor [ML-DSA-65-Ed25519=izinsiz] | R_I = yerel politika (RFC 9449 §4.3(5)) benzetmesi; boyut eşiği kararı etkilemez | yedek kol: X=Ed25519 (RFC 9864 §2.2; EdDSA "Deprecated" §4.1.2); ÖK §2D m.2
DPOP07_ML-DSA-65-Ed25519	P0	kontrol-Ed25519	hayır	reject	RFC7515 §5.2 [T315] “at least one JWS Signature value MUST successfully validate, or the JWS MUST be considered invalid” (RFC 7515; RFC7515.txt:814-816) ; JWTBCP §3.1 [T327] “MUST NOT employ any algorithms outside this configured set” (draft-ietf-oauth-rfc8725bis-10; JWTBCP.txt:463-466) ; RFC7515 §4.1.1 [T319] “The JWS Signature value is not valid if the "alg" value does not represent a supported algorithm or if there is not a key for use with that algorithm” (RFC 7515; RFC7515.txt:508-510)	vaka: eşleme dışı (aile DPOP, kol kapsam-hibrit) | P0: geçerli izinli imza yok [ML-DSA-65-Ed25519=izinsiz] | R_I = yerel politika (RFC 9449 §4.3(5)) benzetmesi; boyut eşiği kararı etkilemez | yedek kol: X=Ed25519 (RFC 9864 §2.2; EdDSA "Deprecated" §4.1.2); ÖK §2D m.2
T1K_both_valid-ED25519	L4	kontrol-Ed25519	evet	accept-classical	ÖK §6.5 “İhraççı başına gerekli küme R = {X}, izinli küme {A, X}.” (ON-KAYIT-TASLAK v0.8; ON-KAYIT-TASLAK.md:1054) ; JWTBCP §3.1 [T328] “MUST determine which algorithms are permitted for itself and that issuer and ensure that the received JWT complies with those requirements” (draft-ietf-oauth-rfc8725bis-10; JWTBCP.txt:482-485) ; ACM2 Note 51 [T135] “the veriﬁcation function accepting if and only if all signatures are correct” (ECCG ACM v2.0; ACM2.txt:946) ; ÖK §6.5 K1 “Çift imza (A + X), ikisi geçerli | KABUL” (ON-KAYIT-TASLAK v0.8; ON-KAYIT-TASLAK.md:1058)	vaka: K1 birincil (yedek etiket) | L4: tüm imzalar geçerli ve R={Ed25519} karşılandı [ES256=geçerli, Ed25519=geçerli] | yedek kol: X=Ed25519 (RFC 9864 §2.2; EdDSA "Deprecated" §4.1.2); ÖK §2D m.2
T1K_both_valid-ED25519	P2	kontrol-Ed25519	evet	accept-classical	ÖK §4.8 P1 “Mevcut imzaların tümü geçerliyse kabul. İmza silinmesi (soyma) fark edilmez” (ON-KAYIT-TASLAK v0.8; ON-KAYIT-TASLAK.md:776) ; ÖK §4.8 P2 “P1 + her imza, anahtarının bağlı olduğu algoritmayla doğrulanır” (ON-KAYIT-TASLAK v0.8; ON-KAYIT-TASLAK.md:777) ; RFC7515 §5.2 [T314] “it is an application decision which of the JWS Signature values must successfully validate” (RFC 7515; RFC7515.txt:810-812)	vaka: K1 birincil (yedek etiket) | P2: mevcut tüm imzalar geçerli (R=∅) [ES256=geçerli, Ed25519=geçerli] | yedek kol: X=Ed25519 (RFC 9864 §2.2; EdDSA "Deprecated" §4.1.2); ÖK §2D m.2
T1K_both_valid-ED25519	P0	kontrol-Ed25519	evet	accept-classical	RFC7515 §5.2 [T315] “at least one JWS Signature value MUST successfully validate, or the JWS MUST be considered invalid” (RFC 7515; RFC7515.txt:814-816) ; RFC7515 §5.2 [T314] “it is an application decision which of the JWS Signature values must successfully validate” (RFC 7515; RFC7515.txt:810-812) ; ÖK §4.8 P0 “En az bir imza geçerliyse kabul” (ON-KAYIT-TASLAK v0.8; ON-KAYIT-TASLAK.md:775)	vaka: K1 birincil (yedek etiket) | P0: en az bir izinli imza geçerli [ES256=geçerli, Ed25519=geçerli] | yedek kol: X=Ed25519 (RFC 9864 §2.2; EdDSA "Deprecated" §4.1.2); ÖK §2D m.2
T2K_second_tampered-ED25519	L4	kontrol-Ed25519	evet	reject	RFC7515 §5.2 (8) “Validate the JWS Signature against the JWS Signing Input” (RFC 7515; RFC7515.txt:873) ; ÖK §4.8 P1 “Mevcut imzaların tümü geçerliyse kabul. İmza silinmesi (soyma) fark edilmez” (ON-KAYIT-TASLAK v0.8; ON-KAYIT-TASLAK.md:776) ; ACM2 Note 51 [T135] “the veriﬁcation function accepting if and only if all signatures are correct” (ECCG ACM v2.0; ACM2.txt:946) ; ÖK §6.5 “İhraççı başına gerekli küme R = {X}, izinli küme {A, X}.” (ON-KAYIT-TASLAK v0.8; ON-KAYIT-TASLAK.md:1054) ; ÖK §6.5 K2 “X imzası bozuk | RED” (ON-KAYIT-TASLAK v0.8; ON-KAYIT-TASLAK.md:1059)	vaka: K2 birincil (yedek etiket) | L4: mevcut imzalardan en az biri geçersiz/izinsiz → tüm-mevcut-geçerli koşulu sağlanmıyor [ES256=geçerli, Ed25519=geçersiz (ikinci imzada bayt 5 bit 0 çevrildi)] | yedek kol: X=Ed25519 (RFC 9864 §2.2; EdDSA "Deprecated" §4.1.2); ÖK §2D m.2
T2K_second_tampered-ED25519	P2	kontrol-Ed25519	evet	reject	RFC7515 §5.2 (8) “Validate the JWS Signature against the JWS Signing Input” (RFC 7515; RFC7515.txt:873) ; ÖK §4.8 P1 “Mevcut imzaların tümü geçerliyse kabul. İmza silinmesi (soyma) fark edilmez” (ON-KAYIT-TASLAK v0.8; ON-KAYIT-TASLAK.md:776) ; ACM2 Note 51 [T135] “the veriﬁcation function accepting if and only if all signatures are correct” (ECCG ACM v2.0; ACM2.txt:946)	vaka: K2 birincil (yedek etiket) | P2: mevcut imzalardan en az biri geçersiz/izinsiz → tüm-mevcut-geçerli koşulu sağlanmıyor [ES256=geçerli, Ed25519=geçersiz (ikinci imzada bayt 5 bit 0 çevrildi)] | yedek kol: X=Ed25519 (RFC 9864 §2.2; EdDSA "Deprecated" §4.1.2); ÖK §2D m.2
T2K_second_tampered-ED25519	P0	kontrol-Ed25519	evet	accept-classical	RFC7515 §5.2 [T315] “at least one JWS Signature value MUST successfully validate, or the JWS MUST be considered invalid” (RFC 7515; RFC7515.txt:814-816) ; RFC7515 §5.2 [T314] “it is an application decision which of the JWS Signature values must successfully validate” (RFC 7515; RFC7515.txt:810-812) ; ÖK §4.8 P0 “En az bir imza geçerliyse kabul” (ON-KAYIT-TASLAK v0.8; ON-KAYIT-TASLAK.md:775)	vaka: K2 birincil (yedek etiket) | P0: en az bir izinli imza geçerli [ES256=geçerli, Ed25519=geçersiz (ikinci imzada bayt 5 bit 0 çevrildi)] | yedek kol: X=Ed25519 (RFC 9864 §2.2; EdDSA "Deprecated" §4.1.2); ÖK §2D m.2
T4K_plus_ML-DSA-65-ED25519	L4	kontrol-Ed25519	hayır	reject	JWTBCP §3.1 [T327] “MUST NOT employ any algorithms outside this configured set” (draft-ietf-oauth-rfc8725bis-10; JWTBCP.txt:463-466) ; RFC7515 §4.1.1 [T319] “The JWS Signature value is not valid if the "alg" value does not represent a supported algorithm or if there is not a key for use with that algorithm” (RFC 7515; RFC7515.txt:508-510) ; ÖK §4.8 P1 “Mevcut imzaların tümü geçerliyse kabul. İmza silinmesi (soyma) fark edilmez” (ON-KAYIT-TASLAK v0.8; ON-KAYIT-TASLAK.md:776) ; ACM2 Note 51 [T135] “the veriﬁcation function accepting if and only if all signatures are correct” (ECCG ACM v2.0; ACM2.txt:946) ; ÖK §6.5 “İhraççı başına gerekli küme R = {X}, izinli küme {A, X}.” (ON-KAYIT-TASLAK v0.8; ON-KAYIT-TASLAK.md:1054)	vaka: K5 ikincil (yedek etiket) | L4: mevcut imzalardan en az biri geçersiz/izinsiz → tüm-mevcut-geçerli koşulu sağlanmıyor [ES256=geçerli, Ed25519=geçerli, ML-DSA-65=izinsiz] | yedek kol: X=Ed25519 (RFC 9864 §2.2; EdDSA "Deprecated" §4.1.2); ÖK §2D m.2
T4K_plus_ML-DSA-65-ED25519	P2	kontrol-Ed25519	hayır	reject	JWTBCP §3.1 [T327] “MUST NOT employ any algorithms outside this configured set” (draft-ietf-oauth-rfc8725bis-10; JWTBCP.txt:463-466) ; RFC7515 §4.1.1 [T319] “The JWS Signature value is not valid if the "alg" value does not represent a supported algorithm or if there is not a key for use with that algorithm” (RFC 7515; RFC7515.txt:508-510) ; ÖK §4.8 P1 “Mevcut imzaların tümü geçerliyse kabul. İmza silinmesi (soyma) fark edilmez” (ON-KAYIT-TASLAK v0.8; ON-KAYIT-TASLAK.md:776) ; ACM2 Note 51 [T135] “the veriﬁcation function accepting if and only if all signatures are correct” (ECCG ACM v2.0; ACM2.txt:946)	vaka: K5 ikincil (yedek etiket) | P2: mevcut imzalardan en az biri geçersiz/izinsiz → tüm-mevcut-geçerli koşulu sağlanmıyor [ES256=geçerli, Ed25519=geçerli, ML-DSA-65=izinsiz] | yedek kol: X=Ed25519 (RFC 9864 §2.2; EdDSA "Deprecated" §4.1.2); ÖK §2D m.2
T4K_plus_ML-DSA-65-ED25519	P0	kontrol-Ed25519	hayır	accept-classical	RFC7515 §5.2 [T315] “at least one JWS Signature value MUST successfully validate, or the JWS MUST be considered invalid” (RFC 7515; RFC7515.txt:814-816) ; RFC7515 §5.2 [T314] “it is an application decision which of the JWS Signature values must successfully validate” (RFC 7515; RFC7515.txt:810-812) ; ÖK §4.8 P0 “En az bir imza geçerliyse kabul” (ON-KAYIT-TASLAK v0.8; ON-KAYIT-TASLAK.md:775)	vaka: K5 ikincil (yedek etiket) | P0: en az bir izinli imza geçerli [ES256=geçerli, Ed25519=geçerli, ML-DSA-65=izinsiz] | yedek kol: X=Ed25519 (RFC 9864 §2.2; EdDSA "Deprecated" §4.1.2); ÖK §2D m.2
T5K_only_EdDSA-ED25519	L4	kontrol-Ed25519	evet	accept-classical	ÖK §6.5 “İhraççı başına gerekli küme R = {X}, izinli küme {A, X}.” (ON-KAYIT-TASLAK v0.8; ON-KAYIT-TASLAK.md:1054) ; JWTBCP §3.1 [T328] “MUST determine which algorithms are permitted for itself and that issuer and ensure that the received JWT complies with those requirements” (draft-ietf-oauth-rfc8725bis-10; JWTBCP.txt:482-485) ; ACM2 Note 51 [T135] “the veriﬁcation function accepting if and only if all signatures are correct” (ECCG ACM v2.0; ACM2.txt:946) ; ÖK §6.5 K4 “Yalnız X | KABUL” (ON-KAYIT-TASLAK v0.8; ON-KAYIT-TASLAK.md:1061)	vaka: K4 birincil (yedek etiket) | L4: tüm imzalar geçerli ve R={Ed25519} karşılandı [Ed25519=geçerli] | yedek kol: X=Ed25519 (RFC 9864 §2.2; EdDSA "Deprecated" §4.1.2); ÖK §2D m.2
T5K_only_EdDSA-ED25519	P2	kontrol-Ed25519	evet	accept-classical	ÖK §4.8 P1 “Mevcut imzaların tümü geçerliyse kabul. İmza silinmesi (soyma) fark edilmez” (ON-KAYIT-TASLAK v0.8; ON-KAYIT-TASLAK.md:776) ; ÖK §4.8 P2 “P1 + her imza, anahtarının bağlı olduğu algoritmayla doğrulanır” (ON-KAYIT-TASLAK v0.8; ON-KAYIT-TASLAK.md:777) ; RFC7515 §5.2 [T314] “it is an application decision which of the JWS Signature values must successfully validate” (RFC 7515; RFC7515.txt:810-812)	vaka: K4 birincil (yedek etiket) | P2: mevcut tüm imzalar geçerli (R=∅) [Ed25519=geçerli] | yedek kol: X=Ed25519 (RFC 9864 §2.2; EdDSA "Deprecated" §4.1.2); ÖK §2D m.2
T5K_only_EdDSA-ED25519	P0	kontrol-Ed25519	evet	accept-classical	RFC7515 §5.2 [T315] “at least one JWS Signature value MUST successfully validate, or the JWS MUST be considered invalid” (RFC 7515; RFC7515.txt:814-816) ; RFC7515 §5.2 [T314] “it is an application decision which of the JWS Signature values must successfully validate” (RFC 7515; RFC7515.txt:810-812) ; ÖK §4.8 P0 “En az bir imza geçerliyse kabul” (ON-KAYIT-TASLAK v0.8; ON-KAYIT-TASLAK.md:775)	vaka: K4 birincil (yedek etiket) | P0: en az bir izinli imza geçerli [Ed25519=geçerli] | yedek kol: X=Ed25519 (RFC 9864 §2.2; EdDSA "Deprecated" §4.1.2); ÖK §2D m.2
T6_plus_composite-ED25519	L4	kontrol-Ed25519	hayır	reject	JWTBCP §3.1 [T327] “MUST NOT employ any algorithms outside this configured set” (draft-ietf-oauth-rfc8725bis-10; JWTBCP.txt:463-466) ; RFC7515 §4.1.1 [T319] “The JWS Signature value is not valid if the "alg" value does not represent a supported algorithm or if there is not a key for use with that algorithm” (RFC 7515; RFC7515.txt:508-510) ; ÖK §4.8 P1 “Mevcut imzaların tümü geçerliyse kabul. İmza silinmesi (soyma) fark edilmez” (ON-KAYIT-TASLAK v0.8; ON-KAYIT-TASLAK.md:776) ; ACM2 Note 51 [T135] “the veriﬁcation function accepting if and only if all signatures are correct” (ECCG ACM v2.0; ACM2.txt:946) ; ÖK §6.5 “İhraççı başına gerekli küme R = {X}, izinli küme {A, X}.” (ON-KAYIT-TASLAK v0.8; ON-KAYIT-TASLAK.md:1054)	vaka: K5 ikincil (yedek etiket) | L4: mevcut imzalardan en az biri geçersiz/izinsiz → tüm-mevcut-geçerli koşulu sağlanmıyor [ES256=geçerli, Ed25519=geçerli, ML-DSA-65-ES256=izinsiz] | yedek kol: X=Ed25519 (RFC 9864 §2.2; EdDSA "Deprecated" §4.1.2); ÖK §2D m.2
T6_plus_composite-ED25519	P2	kontrol-Ed25519	hayır	reject	JWTBCP §3.1 [T327] “MUST NOT employ any algorithms outside this configured set” (draft-ietf-oauth-rfc8725bis-10; JWTBCP.txt:463-466) ; RFC7515 §4.1.1 [T319] “The JWS Signature value is not valid if the "alg" value does not represent a supported algorithm or if there is not a key for use with that algorithm” (RFC 7515; RFC7515.txt:508-510) ; ÖK §4.8 P1 “Mevcut imzaların tümü geçerliyse kabul. İmza silinmesi (soyma) fark edilmez” (ON-KAYIT-TASLAK v0.8; ON-KAYIT-TASLAK.md:776) ; ACM2 Note 51 [T135] “the veriﬁcation function accepting if and only if all signatures are correct” (ECCG ACM v2.0; ACM2.txt:946)	vaka: K5 ikincil (yedek etiket) | P2: mevcut imzalardan en az biri geçersiz/izinsiz → tüm-mevcut-geçerli koşulu sağlanmıyor [ES256=geçerli, Ed25519=geçerli, ML-DSA-65-ES256=izinsiz] | yedek kol: X=Ed25519 (RFC 9864 §2.2; EdDSA "Deprecated" §4.1.2); ÖK §2D m.2
T6_plus_composite-ED25519	P0	kontrol-Ed25519	hayır	accept-classical	RFC7515 §5.2 [T315] “at least one JWS Signature value MUST successfully validate, or the JWS MUST be considered invalid” (RFC 7515; RFC7515.txt:814-816) ; RFC7515 §5.2 [T314] “it is an application decision which of the JWS Signature values must successfully validate” (RFC 7515; RFC7515.txt:810-812) ; ÖK §4.8 P0 “En az bir imza geçerliyse kabul” (ON-KAYIT-TASLAK v0.8; ON-KAYIT-TASLAK.md:775)	vaka: K5 ikincil (yedek etiket) | P0: en az bir izinli imza geçerli [ES256=geçerli, Ed25519=geçerli, ML-DSA-65-ES256=izinsiz] | yedek kol: X=Ed25519 (RFC 9864 §2.2; EdDSA "Deprecated" §4.1.2); ÖK §2D m.2
VC09_GJ_ES256_EdDSA-ED25519	L4|sdjwtvc=-13	kontrol-Ed25519	hayır	accept-classical	ÖK §6.5 “İhraççı başına gerekli küme R = {X}, izinli küme {A, X}.” (ON-KAYIT-TASLAK v0.8; ON-KAYIT-TASLAK.md:1054) ; JWTBCP §3.1 [T328] “MUST determine which algorithms are permitted for itself and that issuer and ensure that the received JWT complies with those requirements” (draft-ietf-oauth-rfc8725bis-10; JWTBCP.txt:482-485) ; ACM2 Note 51 [T135] “the veriﬁcation function accepting if and only if all signatures are correct” (ECCG ACM v2.0; ACM2.txt:946) ; SDJWTVC13 §3.2 [T114] “where support for the JWS JSON Serialization is OPTIONAL” (draft-ietf-oauth-sd-jwt-vc-13; SDJWTVC13.txt:303-304) ; RFC9901 §8.3 [T108] “disclosures and kb_jwt MUST be included in the first unprotected header” (RFC 9901; RFC9901.txt:1987-1988) ; RFC9901 §7.1 (2b) “Validate the signature over the Issuer-signed JWT per Section 5.2 of [RFC7515].” (RFC 9901; RFC9901.txt:1667-1668)	vaka: K1 ikincil (yedek etiket); MR3 | L4: tüm imzalar geçerli ve R={Ed25519} karşılandı [ES256=geçerli, Ed25519=geçerli] | yedek kol: X=Ed25519 (RFC 9864 §2.2; EdDSA "Deprecated" §4.1.2); ÖK §2D m.2
VC09_GJ_ES256_EdDSA-ED25519	L4|sdjwtvc=-19	kontrol-Ed25519	hayır	indeterminate	SDJWTVC §2.2 [T113] “not precluded but the specific details are beyond the scope of this specification” (draft-ietf-oauth-sd-jwt-vc-19; SDJWTVC.txt:307-309) ; HAIP §6.1 [T115] “Compact serialization MUST be supported as defined in [RFC9901]. JSON serialization MAY be supported.” (OpenID4VC HAIP 1.0 Final; HAIP.txt:468) ; ÖK §2D m.7 “senaryo (d) vektörleri (JSON serileştirmenin statüsü)” (ON-KAYIT-TASLAK v0.8; ON-KAYIT-TASLAK.md:423)	vaka: K1 ikincil (yedek etiket); MR3 | -19: JSON serileştirilmiş SD-JWT VC ayrıntıları kapsam dışı; destekleyen doğrulayıcı -13 okumasıyla kabul eder, desteklemeyen reddeder → belirlenmemiş (MR3 sürüm farkı). -13 kararı: L4: tüm imzalar geçerli ve R={Ed25519} karşılandı [ES256=geçerli, Ed25519=geçerli] | yedek kol: X=Ed25519 (RFC 9864 §2.2; EdDSA "Deprecated" §4.1.2); ÖK §2D m.2
VC09_GJ_ES256_EdDSA-ED25519	P2|sdjwtvc=-13	kontrol-Ed25519	hayır	accept-classical	ÖK §4.8 P1 “Mevcut imzaların tümü geçerliyse kabul. İmza silinmesi (soyma) fark edilmez” (ON-KAYIT-TASLAK v0.8; ON-KAYIT-TASLAK.md:776) ; ÖK §4.8 P2 “P1 + her imza, anahtarının bağlı olduğu algoritmayla doğrulanır” (ON-KAYIT-TASLAK v0.8; ON-KAYIT-TASLAK.md:777) ; RFC7515 §5.2 [T314] “it is an application decision which of the JWS Signature values must successfully validate” (RFC 7515; RFC7515.txt:810-812) ; SDJWTVC13 §3.2 [T114] “where support for the JWS JSON Serialization is OPTIONAL” (draft-ietf-oauth-sd-jwt-vc-13; SDJWTVC13.txt:303-304) ; RFC9901 §8.3 [T108] “disclosures and kb_jwt MUST be included in the first unprotected header” (RFC 9901; RFC9901.txt:1987-1988) ; RFC9901 §7.1 (2b) “Validate the signature over the Issuer-signed JWT per Section 5.2 of [RFC7515].” (RFC 9901; RFC9901.txt:1667-1668)	vaka: K1 ikincil (yedek etiket); MR3 | P2: mevcut tüm imzalar geçerli (R=∅) [ES256=geçerli, Ed25519=geçerli] | yedek kol: X=Ed25519 (RFC 9864 §2.2; EdDSA "Deprecated" §4.1.2); ÖK §2D m.2
VC09_GJ_ES256_EdDSA-ED25519	P2|sdjwtvc=-19	kontrol-Ed25519	hayır	indeterminate	SDJWTVC §2.2 [T113] “not precluded but the specific details are beyond the scope of this specification” (draft-ietf-oauth-sd-jwt-vc-19; SDJWTVC.txt:307-309) ; HAIP §6.1 [T115] “Compact serialization MUST be supported as defined in [RFC9901]. JSON serialization MAY be supported.” (OpenID4VC HAIP 1.0 Final; HAIP.txt:468) ; ÖK §2D m.7 “senaryo (d) vektörleri (JSON serileştirmenin statüsü)” (ON-KAYIT-TASLAK v0.8; ON-KAYIT-TASLAK.md:423)	vaka: K1 ikincil (yedek etiket); MR3 | -19: JSON serileştirilmiş SD-JWT VC ayrıntıları kapsam dışı; destekleyen doğrulayıcı -13 okumasıyla kabul eder, desteklemeyen reddeder → belirlenmemiş (MR3 sürüm farkı). -13 kararı: P2: mevcut tüm imzalar geçerli (R=∅) [ES256=geçerli, Ed25519=geçerli] | yedek kol: X=Ed25519 (RFC 9864 §2.2; EdDSA "Deprecated" §4.1.2); ÖK §2D m.2
VC09_GJ_ES256_EdDSA-ED25519	P0|sdjwtvc=-13	kontrol-Ed25519	hayır	accept-classical	RFC7515 §5.2 [T315] “at least one JWS Signature value MUST successfully validate, or the JWS MUST be considered invalid” (RFC 7515; RFC7515.txt:814-816) ; RFC7515 §5.2 [T314] “it is an application decision which of the JWS Signature values must successfully validate” (RFC 7515; RFC7515.txt:810-812) ; ÖK §4.8 P0 “En az bir imza geçerliyse kabul” (ON-KAYIT-TASLAK v0.8; ON-KAYIT-TASLAK.md:775) ; SDJWTVC13 §3.2 [T114] “where support for the JWS JSON Serialization is OPTIONAL” (draft-ietf-oauth-sd-jwt-vc-13; SDJWTVC13.txt:303-304) ; RFC9901 §8.3 [T108] “disclosures and kb_jwt MUST be included in the first unprotected header” (RFC 9901; RFC9901.txt:1987-1988) ; RFC9901 §7.1 (2b) “Validate the signature over the Issuer-signed JWT per Section 5.2 of [RFC7515].” (RFC 9901; RFC9901.txt:1667-1668)	vaka: K1 ikincil (yedek etiket); MR3 | P0: en az bir izinli imza geçerli [ES256=geçerli, Ed25519=geçerli] | yedek kol: X=Ed25519 (RFC 9864 §2.2; EdDSA "Deprecated" §4.1.2); ÖK §2D m.2
VC09_GJ_ES256_EdDSA-ED25519	P0|sdjwtvc=-19	kontrol-Ed25519	hayır	indeterminate	SDJWTVC §2.2 [T113] “not precluded but the specific details are beyond the scope of this specification” (draft-ietf-oauth-sd-jwt-vc-19; SDJWTVC.txt:307-309) ; HAIP §6.1 [T115] “Compact serialization MUST be supported as defined in [RFC9901]. JSON serialization MAY be supported.” (OpenID4VC HAIP 1.0 Final; HAIP.txt:468) ; ÖK §2D m.7 “senaryo (d) vektörleri (JSON serileştirmenin statüsü)” (ON-KAYIT-TASLAK v0.8; ON-KAYIT-TASLAK.md:423)	vaka: K1 ikincil (yedek etiket); MR3 | -19: JSON serileştirilmiş SD-JWT VC ayrıntıları kapsam dışı; destekleyen doğrulayıcı -13 okumasıyla kabul eder, desteklemeyen reddeder → belirlenmemiş (MR3 sürüm farkı). -13 kararı: P0: en az bir izinli imza geçerli [ES256=geçerli, Ed25519=geçerli] | yedek kol: X=Ed25519 (RFC 9864 §2.2; EdDSA "Deprecated" §4.1.2); ÖK §2D m.2
DPOP02_EdDSA-ED25519	L4	kontrol-Ed25519	hayır	accept-classical	ÖK §6.5 “İhraççı başına gerekli küme R = {X}, izinli küme {A, X}.” (ON-KAYIT-TASLAK v0.8; ON-KAYIT-TASLAK.md:1054) ; JWTBCP §3.1 [T328] “MUST determine which algorithms are permitted for itself and that issuer and ensure that the received JWT complies with those requirements” (draft-ietf-oauth-rfc8725bis-10; JWTBCP.txt:482-485) ; ACM2 Note 51 [T135] “the veriﬁcation function accepting if and only if all signatures are correct” (ECCG ACM v2.0; ACM2.txt:946) ; RFC9449 §4.3 (5) [T378] “is supported by the application, and is acceptable per local policy” (RFC 9449; RFC9449.txt:496-498)	vaka: eşleme dışı (aile DPOP, kol kontrol-Ed25519) | L4: tüm imzalar geçerli ve R={Ed25519} karşılandı [Ed25519=geçerli] | R_I = yerel politika (RFC 9449 §4.3(5)) benzetmesi; boyut eşiği kararı etkilemez | yedek kol: X=Ed25519 (RFC 9864 §2.2; EdDSA "Deprecated" §4.1.2); ÖK §2D m.2
DPOP02_EdDSA-ED25519	P2	kontrol-Ed25519	hayır	accept-classical	ÖK §4.8 P1 “Mevcut imzaların tümü geçerliyse kabul. İmza silinmesi (soyma) fark edilmez” (ON-KAYIT-TASLAK v0.8; ON-KAYIT-TASLAK.md:776) ; ÖK §4.8 P2 “P1 + her imza, anahtarının bağlı olduğu algoritmayla doğrulanır” (ON-KAYIT-TASLAK v0.8; ON-KAYIT-TASLAK.md:777) ; RFC7515 §5.2 [T314] “it is an application decision which of the JWS Signature values must successfully validate” (RFC 7515; RFC7515.txt:810-812) ; RFC9449 §4.3 (5) [T378] “is supported by the application, and is acceptable per local policy” (RFC 9449; RFC9449.txt:496-498)	vaka: eşleme dışı (aile DPOP, kol kontrol-Ed25519) | P2: mevcut tüm imzalar geçerli (R=∅) [Ed25519=geçerli] | R_I = yerel politika (RFC 9449 §4.3(5)) benzetmesi; boyut eşiği kararı etkilemez | yedek kol: X=Ed25519 (RFC 9864 §2.2; EdDSA "Deprecated" §4.1.2); ÖK §2D m.2
DPOP02_EdDSA-ED25519	P0	kontrol-Ed25519	hayır	accept-classical	RFC7515 §5.2 [T315] “at least one JWS Signature value MUST successfully validate, or the JWS MUST be considered invalid” (RFC 7515; RFC7515.txt:814-816) ; RFC7515 §5.2 [T314] “it is an application decision which of the JWS Signature values must successfully validate” (RFC 7515; RFC7515.txt:810-812) ; ÖK §4.8 P0 “En az bir imza geçerliyse kabul” (ON-KAYIT-TASLAK v0.8; ON-KAYIT-TASLAK.md:775) ; RFC9449 §4.3 (5) [T378] “is supported by the application, and is acceptable per local policy” (RFC 9449; RFC9449.txt:496-498)	vaka: eşleme dışı (aile DPOP, kol kontrol-Ed25519) | P0: en az bir izinli imza geçerli [Ed25519=geçerli] | R_I = yerel politika (RFC 9449 §4.3(5)) benzetmesi; boyut eşiği kararı etkilemez | yedek kol: X=Ed25519 (RFC 9864 §2.2; EdDSA "Deprecated" §4.1.2); ÖK §2D m.2
T1K_both_valid-SIRA-ters-ED25519	L4	kontrol-Ed25519	hayır	accept-classical	ÖK §6.5 “İhraççı başına gerekli küme R = {X}, izinli küme {A, X}.” (ON-KAYIT-TASLAK v0.8; ON-KAYIT-TASLAK.md:1054) ; JWTBCP §3.1 [T328] “MUST determine which algorithms are permitted for itself and that issuer and ensure that the received JWT complies with those requirements” (draft-ietf-oauth-rfc8725bis-10; JWTBCP.txt:482-485) ; ACM2 Note 51 [T135] “the veriﬁcation function accepting if and only if all signatures are correct” (ECCG ACM v2.0; ACM2.txt:946)	vaka: MR4 eşi (eşleme §2), yedek etiket | L4: tüm imzalar geçerli ve R={Ed25519} karşılandı [Ed25519=geçerli, ES256=geçerli] | yedek kol: X=Ed25519 (RFC 9864 §2.2; EdDSA "Deprecated" §4.1.2); ÖK §2D m.2 | MR4 eşi: kaynak T1K_both_valid-ED25519 (ters); imzalar bağımsız doğrulandığından karar kaynakla aynı (RFC 7515 §5.2 adım 9)
T1K_both_valid-SIRA-ters-ED25519	P2	kontrol-Ed25519	hayır	accept-classical	ÖK §4.8 P1 “Mevcut imzaların tümü geçerliyse kabul. İmza silinmesi (soyma) fark edilmez” (ON-KAYIT-TASLAK v0.8; ON-KAYIT-TASLAK.md:776) ; ÖK §4.8 P2 “P1 + her imza, anahtarının bağlı olduğu algoritmayla doğrulanır” (ON-KAYIT-TASLAK v0.8; ON-KAYIT-TASLAK.md:777) ; RFC7515 §5.2 [T314] “it is an application decision which of the JWS Signature values must successfully validate” (RFC 7515; RFC7515.txt:810-812)	vaka: MR4 eşi (eşleme §2), yedek etiket | P2: mevcut tüm imzalar geçerli (R=∅) [Ed25519=geçerli, ES256=geçerli] | yedek kol: X=Ed25519 (RFC 9864 §2.2; EdDSA "Deprecated" §4.1.2); ÖK §2D m.2 | MR4 eşi: kaynak T1K_both_valid-ED25519 (ters); imzalar bağımsız doğrulandığından karar kaynakla aynı (RFC 7515 §5.2 adım 9)
T1K_both_valid-SIRA-ters-ED25519	P0	kontrol-Ed25519	hayır	accept-classical	RFC7515 §5.2 [T315] “at least one JWS Signature value MUST successfully validate, or the JWS MUST be considered invalid” (RFC 7515; RFC7515.txt:814-816) ; RFC7515 §5.2 [T314] “it is an application decision which of the JWS Signature values must successfully validate” (RFC 7515; RFC7515.txt:810-812) ; ÖK §4.8 P0 “En az bir imza geçerliyse kabul” (ON-KAYIT-TASLAK v0.8; ON-KAYIT-TASLAK.md:775)	vaka: MR4 eşi (eşleme §2), yedek etiket | P0: en az bir izinli imza geçerli [Ed25519=geçerli, ES256=geçerli] | yedek kol: X=Ed25519 (RFC 9864 §2.2; EdDSA "Deprecated" §4.1.2); ÖK §2D m.2 | MR4 eşi: kaynak T1K_both_valid-ED25519 (ters); imzalar bağımsız doğrulandığından karar kaynakla aynı (RFC 7515 §5.2 adım 9)
T2K_second_tampered-SIRA-ters-ED25519	L4	kontrol-Ed25519	hayır	reject	RFC7515 §5.2 (8) “Validate the JWS Signature against the JWS Signing Input” (RFC 7515; RFC7515.txt:873) ; ÖK §4.8 P1 “Mevcut imzaların tümü geçerliyse kabul. İmza silinmesi (soyma) fark edilmez” (ON-KAYIT-TASLAK v0.8; ON-KAYIT-TASLAK.md:776) ; ACM2 Note 51 [T135] “the veriﬁcation function accepting if and only if all signatures are correct” (ECCG ACM v2.0; ACM2.txt:946) ; ÖK §6.5 “İhraççı başına gerekli küme R = {X}, izinli küme {A, X}.” (ON-KAYIT-TASLAK v0.8; ON-KAYIT-TASLAK.md:1054)	vaka: MR4 eşi (eşleme §2), yedek etiket | L4: mevcut imzalardan en az biri geçersiz/izinsiz → tüm-mevcut-geçerli koşulu sağlanmıyor [Ed25519=geçersiz (bozuk imza (permütasyonla 0. sırada)), ES256=geçerli] | yedek kol: X=Ed25519 (RFC 9864 §2.2; EdDSA "Deprecated" §4.1.2); ÖK §2D m.2 | MR4 eşi: kaynak T2K_second_tampered-ED25519 (ters); imzalar bağımsız doğrulandığından karar kaynakla aynı (RFC 7515 §5.2 adım 9)
T2K_second_tampered-SIRA-ters-ED25519	P2	kontrol-Ed25519	hayır	reject	RFC7515 §5.2 (8) “Validate the JWS Signature against the JWS Signing Input” (RFC 7515; RFC7515.txt:873) ; ÖK §4.8 P1 “Mevcut imzaların tümü geçerliyse kabul. İmza silinmesi (soyma) fark edilmez” (ON-KAYIT-TASLAK v0.8; ON-KAYIT-TASLAK.md:776) ; ACM2 Note 51 [T135] “the veriﬁcation function accepting if and only if all signatures are correct” (ECCG ACM v2.0; ACM2.txt:946)	vaka: MR4 eşi (eşleme §2), yedek etiket | P2: mevcut imzalardan en az biri geçersiz/izinsiz → tüm-mevcut-geçerli koşulu sağlanmıyor [Ed25519=geçersiz (bozuk imza (permütasyonla 0. sırada)), ES256=geçerli] | yedek kol: X=Ed25519 (RFC 9864 §2.2; EdDSA "Deprecated" §4.1.2); ÖK §2D m.2 | MR4 eşi: kaynak T2K_second_tampered-ED25519 (ters); imzalar bağımsız doğrulandığından karar kaynakla aynı (RFC 7515 §5.2 adım 9)
T2K_second_tampered-SIRA-ters-ED25519	P0	kontrol-Ed25519	hayır	accept-classical	RFC7515 §5.2 [T315] “at least one JWS Signature value MUST successfully validate, or the JWS MUST be considered invalid” (RFC 7515; RFC7515.txt:814-816) ; RFC7515 §5.2 [T314] “it is an application decision which of the JWS Signature values must successfully validate” (RFC 7515; RFC7515.txt:810-812) ; ÖK §4.8 P0 “En az bir imza geçerliyse kabul” (ON-KAYIT-TASLAK v0.8; ON-KAYIT-TASLAK.md:775)	vaka: MR4 eşi (eşleme §2), yedek etiket | P0: en az bir izinli imza geçerli [Ed25519=geçersiz (bozuk imza (permütasyonla 0. sırada)), ES256=geçerli] | yedek kol: X=Ed25519 (RFC 9864 §2.2; EdDSA "Deprecated" §4.1.2); ÖK §2D m.2 | MR4 eşi: kaynak T2K_second_tampered-ED25519 (ters); imzalar bağımsız doğrulandığından karar kaynakla aynı (RFC 7515 §5.2 adım 9)
T4K_plus_ML-DSA-65-SIRA-ek-once-ED25519	L4	kontrol-Ed25519	hayır	reject	JWTBCP §3.1 [T327] “MUST NOT employ any algorithms outside this configured set” (draft-ietf-oauth-rfc8725bis-10; JWTBCP.txt:463-466) ; RFC7515 §4.1.1 [T319] “The JWS Signature value is not valid if the "alg" value does not represent a supported algorithm or if there is not a key for use with that algorithm” (RFC 7515; RFC7515.txt:508-510) ; ÖK §4.8 P1 “Mevcut imzaların tümü geçerliyse kabul. İmza silinmesi (soyma) fark edilmez” (ON-KAYIT-TASLAK v0.8; ON-KAYIT-TASLAK.md:776) ; ACM2 Note 51 [T135] “the veriﬁcation function accepting if and only if all signatures are correct” (ECCG ACM v2.0; ACM2.txt:946) ; ÖK §6.5 “İhraççı başına gerekli küme R = {X}, izinli küme {A, X}.” (ON-KAYIT-TASLAK v0.8; ON-KAYIT-TASLAK.md:1054)	vaka: MR4 eşi (eşleme §2), yedek etiket | L4: mevcut imzalardan en az biri geçersiz/izinsiz → tüm-mevcut-geçerli koşulu sağlanmıyor [ML-DSA-65=izinsiz, ES256=geçerli, Ed25519=geçerli] | yedek kol: X=Ed25519 (RFC 9864 §2.2; EdDSA "Deprecated" §4.1.2); ÖK §2D m.2 | MR4 eşi: kaynak T4K_plus_ML-DSA-65-ED25519 (ek-once); imzalar bağımsız doğrulandığından karar kaynakla aynı (RFC 7515 §5.2 adım 9)
T4K_plus_ML-DSA-65-SIRA-ek-once-ED25519	P2	kontrol-Ed25519	hayır	reject	JWTBCP §3.1 [T327] “MUST NOT employ any algorithms outside this configured set” (draft-ietf-oauth-rfc8725bis-10; JWTBCP.txt:463-466) ; RFC7515 §4.1.1 [T319] “The JWS Signature value is not valid if the "alg" value does not represent a supported algorithm or if there is not a key for use with that algorithm” (RFC 7515; RFC7515.txt:508-510) ; ÖK §4.8 P1 “Mevcut imzaların tümü geçerliyse kabul. İmza silinmesi (soyma) fark edilmez” (ON-KAYIT-TASLAK v0.8; ON-KAYIT-TASLAK.md:776) ; ACM2 Note 51 [T135] “the veriﬁcation function accepting if and only if all signatures are correct” (ECCG ACM v2.0; ACM2.txt:946)	vaka: MR4 eşi (eşleme §2), yedek etiket | P2: mevcut imzalardan en az biri geçersiz/izinsiz → tüm-mevcut-geçerli koşulu sağlanmıyor [ML-DSA-65=izinsiz, ES256=geçerli, Ed25519=geçerli] | yedek kol: X=Ed25519 (RFC 9864 §2.2; EdDSA "Deprecated" §4.1.2); ÖK §2D m.2 | MR4 eşi: kaynak T4K_plus_ML-DSA-65-ED25519 (ek-once); imzalar bağımsız doğrulandığından karar kaynakla aynı (RFC 7515 §5.2 adım 9)
T4K_plus_ML-DSA-65-SIRA-ek-once-ED25519	P0	kontrol-Ed25519	hayır	accept-classical	RFC7515 §5.2 [T315] “at least one JWS Signature value MUST successfully validate, or the JWS MUST be considered invalid” (RFC 7515; RFC7515.txt:814-816) ; RFC7515 §5.2 [T314] “it is an application decision which of the JWS Signature values must successfully validate” (RFC 7515; RFC7515.txt:810-812) ; ÖK §4.8 P0 “En az bir imza geçerliyse kabul” (ON-KAYIT-TASLAK v0.8; ON-KAYIT-TASLAK.md:775)	vaka: MR4 eşi (eşleme §2), yedek etiket | P0: en az bir izinli imza geçerli [ML-DSA-65=izinsiz, ES256=geçerli, Ed25519=geçerli] | yedek kol: X=Ed25519 (RFC 9864 §2.2; EdDSA "Deprecated" §4.1.2); ÖK §2D m.2 | MR4 eşi: kaynak T4K_plus_ML-DSA-65-ED25519 (ek-once); imzalar bağımsız doğrulandığından karar kaynakla aynı (RFC 7515 §5.2 adım 9)
T4K_plus_ML-DSA-65-SIRA-ters-ED25519	L4	kontrol-Ed25519	hayır	reject	JWTBCP §3.1 [T327] “MUST NOT employ any algorithms outside this configured set” (draft-ietf-oauth-rfc8725bis-10; JWTBCP.txt:463-466) ; RFC7515 §4.1.1 [T319] “The JWS Signature value is not valid if the "alg" value does not represent a supported algorithm or if there is not a key for use with that algorithm” (RFC 7515; RFC7515.txt:508-510) ; ÖK §4.8 P1 “Mevcut imzaların tümü geçerliyse kabul. İmza silinmesi (soyma) fark edilmez” (ON-KAYIT-TASLAK v0.8; ON-KAYIT-TASLAK.md:776) ; ACM2 Note 51 [T135] “the veriﬁcation function accepting if and only if all signatures are correct” (ECCG ACM v2.0; ACM2.txt:946) ; ÖK §6.5 “İhraççı başına gerekli küme R = {X}, izinli küme {A, X}.” (ON-KAYIT-TASLAK v0.8; ON-KAYIT-TASLAK.md:1054)	vaka: MR4 eşi (eşleme §2), yedek etiket | L4: mevcut imzalardan en az biri geçersiz/izinsiz → tüm-mevcut-geçerli koşulu sağlanmıyor [ML-DSA-65=izinsiz, Ed25519=geçerli, ES256=geçerli] | yedek kol: X=Ed25519 (RFC 9864 §2.2; EdDSA "Deprecated" §4.1.2); ÖK §2D m.2 | MR4 eşi: kaynak T4K_plus_ML-DSA-65-ED25519 (ters); imzalar bağımsız doğrulandığından karar kaynakla aynı (RFC 7515 §5.2 adım 9)
T4K_plus_ML-DSA-65-SIRA-ters-ED25519	P2	kontrol-Ed25519	hayır	reject	JWTBCP §3.1 [T327] “MUST NOT employ any algorithms outside this configured set” (draft-ietf-oauth-rfc8725bis-10; JWTBCP.txt:463-466) ; RFC7515 §4.1.1 [T319] “The JWS Signature value is not valid if the "alg" value does not represent a supported algorithm or if there is not a key for use with that algorithm” (RFC 7515; RFC7515.txt:508-510) ; ÖK §4.8 P1 “Mevcut imzaların tümü geçerliyse kabul. İmza silinmesi (soyma) fark edilmez” (ON-KAYIT-TASLAK v0.8; ON-KAYIT-TASLAK.md:776) ; ACM2 Note 51 [T135] “the veriﬁcation function accepting if and only if all signatures are correct” (ECCG ACM v2.0; ACM2.txt:946)	vaka: MR4 eşi (eşleme §2), yedek etiket | P2: mevcut imzalardan en az biri geçersiz/izinsiz → tüm-mevcut-geçerli koşulu sağlanmıyor [ML-DSA-65=izinsiz, Ed25519=geçerli, ES256=geçerli] | yedek kol: X=Ed25519 (RFC 9864 §2.2; EdDSA "Deprecated" §4.1.2); ÖK §2D m.2 | MR4 eşi: kaynak T4K_plus_ML-DSA-65-ED25519 (ters); imzalar bağımsız doğrulandığından karar kaynakla aynı (RFC 7515 §5.2 adım 9)
T4K_plus_ML-DSA-65-SIRA-ters-ED25519	P0	kontrol-Ed25519	hayır	accept-classical	RFC7515 §5.2 [T315] “at least one JWS Signature value MUST successfully validate, or the JWS MUST be considered invalid” (RFC 7515; RFC7515.txt:814-816) ; RFC7515 §5.2 [T314] “it is an application decision which of the JWS Signature values must successfully validate” (RFC 7515; RFC7515.txt:810-812) ; ÖK §4.8 P0 “En az bir imza geçerliyse kabul” (ON-KAYIT-TASLAK v0.8; ON-KAYIT-TASLAK.md:775)	vaka: MR4 eşi (eşleme §2), yedek etiket | P0: en az bir izinli imza geçerli [ML-DSA-65=izinsiz, Ed25519=geçerli, ES256=geçerli] | yedek kol: X=Ed25519 (RFC 9864 §2.2; EdDSA "Deprecated" §4.1.2); ÖK §2D m.2 | MR4 eşi: kaynak T4K_plus_ML-DSA-65-ED25519 (ters); imzalar bağımsız doğrulandığından karar kaynakla aynı (RFC 7515 §5.2 adım 9)
T6_plus_composite-SIRA-ek-once-ED25519	L4	kontrol-Ed25519	hayır	reject	JWTBCP §3.1 [T327] “MUST NOT employ any algorithms outside this configured set” (draft-ietf-oauth-rfc8725bis-10; JWTBCP.txt:463-466) ; RFC7515 §4.1.1 [T319] “The JWS Signature value is not valid if the "alg" value does not represent a supported algorithm or if there is not a key for use with that algorithm” (RFC 7515; RFC7515.txt:508-510) ; ÖK §4.8 P1 “Mevcut imzaların tümü geçerliyse kabul. İmza silinmesi (soyma) fark edilmez” (ON-KAYIT-TASLAK v0.8; ON-KAYIT-TASLAK.md:776) ; ACM2 Note 51 [T135] “the veriﬁcation function accepting if and only if all signatures are correct” (ECCG ACM v2.0; ACM2.txt:946) ; ÖK §6.5 “İhraççı başına gerekli küme R = {X}, izinli küme {A, X}.” (ON-KAYIT-TASLAK v0.8; ON-KAYIT-TASLAK.md:1054)	vaka: MR4 eşi (eşleme §2), yedek etiket | L4: mevcut imzalardan en az biri geçersiz/izinsiz → tüm-mevcut-geçerli koşulu sağlanmıyor [ML-DSA-65-ES256=izinsiz, ES256=geçerli, Ed25519=geçerli] | yedek kol: X=Ed25519 (RFC 9864 §2.2; EdDSA "Deprecated" §4.1.2); ÖK §2D m.2 | MR4 eşi: kaynak T6_plus_composite-ED25519 (ek-once); imzalar bağımsız doğrulandığından karar kaynakla aynı (RFC 7515 §5.2 adım 9)
T6_plus_composite-SIRA-ek-once-ED25519	P2	kontrol-Ed25519	hayır	reject	JWTBCP §3.1 [T327] “MUST NOT employ any algorithms outside this configured set” (draft-ietf-oauth-rfc8725bis-10; JWTBCP.txt:463-466) ; RFC7515 §4.1.1 [T319] “The JWS Signature value is not valid if the "alg" value does not represent a supported algorithm or if there is not a key for use with that algorithm” (RFC 7515; RFC7515.txt:508-510) ; ÖK §4.8 P1 “Mevcut imzaların tümü geçerliyse kabul. İmza silinmesi (soyma) fark edilmez” (ON-KAYIT-TASLAK v0.8; ON-KAYIT-TASLAK.md:776) ; ACM2 Note 51 [T135] “the veriﬁcation function accepting if and only if all signatures are correct” (ECCG ACM v2.0; ACM2.txt:946)	vaka: MR4 eşi (eşleme §2), yedek etiket | P2: mevcut imzalardan en az biri geçersiz/izinsiz → tüm-mevcut-geçerli koşulu sağlanmıyor [ML-DSA-65-ES256=izinsiz, ES256=geçerli, Ed25519=geçerli] | yedek kol: X=Ed25519 (RFC 9864 §2.2; EdDSA "Deprecated" §4.1.2); ÖK §2D m.2 | MR4 eşi: kaynak T6_plus_composite-ED25519 (ek-once); imzalar bağımsız doğrulandığından karar kaynakla aynı (RFC 7515 §5.2 adım 9)
T6_plus_composite-SIRA-ek-once-ED25519	P0	kontrol-Ed25519	hayır	accept-classical	RFC7515 §5.2 [T315] “at least one JWS Signature value MUST successfully validate, or the JWS MUST be considered invalid” (RFC 7515; RFC7515.txt:814-816) ; RFC7515 §5.2 [T314] “it is an application decision which of the JWS Signature values must successfully validate” (RFC 7515; RFC7515.txt:810-812) ; ÖK §4.8 P0 “En az bir imza geçerliyse kabul” (ON-KAYIT-TASLAK v0.8; ON-KAYIT-TASLAK.md:775)	vaka: MR4 eşi (eşleme §2), yedek etiket | P0: en az bir izinli imza geçerli [ML-DSA-65-ES256=izinsiz, ES256=geçerli, Ed25519=geçerli] | yedek kol: X=Ed25519 (RFC 9864 §2.2; EdDSA "Deprecated" §4.1.2); ÖK §2D m.2 | MR4 eşi: kaynak T6_plus_composite-ED25519 (ek-once); imzalar bağımsız doğrulandığından karar kaynakla aynı (RFC 7515 §5.2 adım 9)
T6_plus_composite-SIRA-ters-ED25519	L4	kontrol-Ed25519	hayır	reject	JWTBCP §3.1 [T327] “MUST NOT employ any algorithms outside this configured set” (draft-ietf-oauth-rfc8725bis-10; JWTBCP.txt:463-466) ; RFC7515 §4.1.1 [T319] “The JWS Signature value is not valid if the "alg" value does not represent a supported algorithm or if there is not a key for use with that algorithm” (RFC 7515; RFC7515.txt:508-510) ; ÖK §4.8 P1 “Mevcut imzaların tümü geçerliyse kabul. İmza silinmesi (soyma) fark edilmez” (ON-KAYIT-TASLAK v0.8; ON-KAYIT-TASLAK.md:776) ; ACM2 Note 51 [T135] “the veriﬁcation function accepting if and only if all signatures are correct” (ECCG ACM v2.0; ACM2.txt:946) ; ÖK §6.5 “İhraççı başına gerekli küme R = {X}, izinli küme {A, X}.” (ON-KAYIT-TASLAK v0.8; ON-KAYIT-TASLAK.md:1054)	vaka: MR4 eşi (eşleme §2), yedek etiket | L4: mevcut imzalardan en az biri geçersiz/izinsiz → tüm-mevcut-geçerli koşulu sağlanmıyor [ML-DSA-65-ES256=izinsiz, Ed25519=geçerli, ES256=geçerli] | yedek kol: X=Ed25519 (RFC 9864 §2.2; EdDSA "Deprecated" §4.1.2); ÖK §2D m.2 | MR4 eşi: kaynak T6_plus_composite-ED25519 (ters); imzalar bağımsız doğrulandığından karar kaynakla aynı (RFC 7515 §5.2 adım 9)
T6_plus_composite-SIRA-ters-ED25519	P2	kontrol-Ed25519	hayır	reject	JWTBCP §3.1 [T327] “MUST NOT employ any algorithms outside this configured set” (draft-ietf-oauth-rfc8725bis-10; JWTBCP.txt:463-466) ; RFC7515 §4.1.1 [T319] “The JWS Signature value is not valid if the "alg" value does not represent a supported algorithm or if there is not a key for use with that algorithm” (RFC 7515; RFC7515.txt:508-510) ; ÖK §4.8 P1 “Mevcut imzaların tümü geçerliyse kabul. İmza silinmesi (soyma) fark edilmez” (ON-KAYIT-TASLAK v0.8; ON-KAYIT-TASLAK.md:776) ; ACM2 Note 51 [T135] “the veriﬁcation function accepting if and only if all signatures are correct” (ECCG ACM v2.0; ACM2.txt:946)	vaka: MR4 eşi (eşleme §2), yedek etiket | P2: mevcut imzalardan en az biri geçersiz/izinsiz → tüm-mevcut-geçerli koşulu sağlanmıyor [ML-DSA-65-ES256=izinsiz, Ed25519=geçerli, ES256=geçerli] | yedek kol: X=Ed25519 (RFC 9864 §2.2; EdDSA "Deprecated" §4.1.2); ÖK §2D m.2 | MR4 eşi: kaynak T6_plus_composite-ED25519 (ters); imzalar bağımsız doğrulandığından karar kaynakla aynı (RFC 7515 §5.2 adım 9)
T6_plus_composite-SIRA-ters-ED25519	P0	kontrol-Ed25519	hayır	accept-classical	RFC7515 §5.2 [T315] “at least one JWS Signature value MUST successfully validate, or the JWS MUST be considered invalid” (RFC 7515; RFC7515.txt:814-816) ; RFC7515 §5.2 [T314] “it is an application decision which of the JWS Signature values must successfully validate” (RFC 7515; RFC7515.txt:810-812) ; ÖK §4.8 P0 “En az bir imza geçerliyse kabul” (ON-KAYIT-TASLAK v0.8; ON-KAYIT-TASLAK.md:775)	vaka: MR4 eşi (eşleme §2), yedek etiket | P0: en az bir izinli imza geçerli [ML-DSA-65-ES256=izinsiz, Ed25519=geçerli, ES256=geçerli] | yedek kol: X=Ed25519 (RFC 9864 §2.2; EdDSA "Deprecated" §4.1.2); ÖK §2D m.2 | MR4 eşi: kaynak T6_plus_composite-ED25519 (ters); imzalar bağımsız doğrulandığından karar kaynakla aynı (RFC 7515 §5.2 adım 9)
VC09_GJ_ES256_EdDSA-SIRA-ters-ED25519	L4|sdjwtvc=-13	kontrol-Ed25519	hayır	accept-classical	ÖK §6.5 “İhraççı başına gerekli küme R = {X}, izinli küme {A, X}.” (ON-KAYIT-TASLAK v0.8; ON-KAYIT-TASLAK.md:1054) ; JWTBCP §3.1 [T328] “MUST determine which algorithms are permitted for itself and that issuer and ensure that the received JWT complies with those requirements” (draft-ietf-oauth-rfc8725bis-10; JWTBCP.txt:482-485) ; ACM2 Note 51 [T135] “the veriﬁcation function accepting if and only if all signatures are correct” (ECCG ACM v2.0; ACM2.txt:946) ; SDJWTVC13 §3.2 [T114] “where support for the JWS JSON Serialization is OPTIONAL” (draft-ietf-oauth-sd-jwt-vc-13; SDJWTVC13.txt:303-304) ; RFC9901 §8.3 [T108] “disclosures and kb_jwt MUST be included in the first unprotected header” (RFC 9901; RFC9901.txt:1987-1988) ; RFC9901 §7.1 (2b) “Validate the signature over the Issuer-signed JWT per Section 5.2 of [RFC7515].” (RFC 9901; RFC9901.txt:1667-1668)	vaka: MR4 eşi (eşleme §2), yedek etiket | L4: tüm imzalar geçerli ve R={Ed25519} karşılandı [Ed25519=geçerli, ES256=geçerli] | yedek kol: X=Ed25519 (RFC 9864 §2.2; EdDSA "Deprecated" §4.1.2); ÖK §2D m.2 | MR4 eşi: kaynak VC09_GJ_ES256_EdDSA-ED25519 (ters); imzalar bağımsız doğrulandığından karar kaynakla aynı (RFC 7515 §5.2 adım 9)
VC09_GJ_ES256_EdDSA-SIRA-ters-ED25519	L4|sdjwtvc=-19	kontrol-Ed25519	hayır	indeterminate	SDJWTVC §2.2 [T113] “not precluded but the specific details are beyond the scope of this specification” (draft-ietf-oauth-sd-jwt-vc-19; SDJWTVC.txt:307-309) ; HAIP §6.1 [T115] “Compact serialization MUST be supported as defined in [RFC9901]. JSON serialization MAY be supported.” (OpenID4VC HAIP 1.0 Final; HAIP.txt:468) ; ÖK §2D m.7 “senaryo (d) vektörleri (JSON serileştirmenin statüsü)” (ON-KAYIT-TASLAK v0.8; ON-KAYIT-TASLAK.md:423)	vaka: MR4 eşi (eşleme §2), yedek etiket | -19: JSON serileştirilmiş SD-JWT VC ayrıntıları kapsam dışı; destekleyen doğrulayıcı -13 okumasıyla kabul eder, desteklemeyen reddeder → belirlenmemiş (MR3 sürüm farkı). -13 kararı: L4: tüm imzalar geçerli ve R={Ed25519} karşılandı [Ed25519=geçerli, ES256=geçerli] | yedek kol: X=Ed25519 (RFC 9864 §2.2; EdDSA "Deprecated" §4.1.2); ÖK §2D m.2 | MR4 eşi: kaynak VC09_GJ_ES256_EdDSA-ED25519 (ters); imzalar bağımsız doğrulandığından karar kaynakla aynı (RFC 7515 §5.2 adım 9)
VC09_GJ_ES256_EdDSA-SIRA-ters-ED25519	P2|sdjwtvc=-13	kontrol-Ed25519	hayır	accept-classical	ÖK §4.8 P1 “Mevcut imzaların tümü geçerliyse kabul. İmza silinmesi (soyma) fark edilmez” (ON-KAYIT-TASLAK v0.8; ON-KAYIT-TASLAK.md:776) ; ÖK §4.8 P2 “P1 + her imza, anahtarının bağlı olduğu algoritmayla doğrulanır” (ON-KAYIT-TASLAK v0.8; ON-KAYIT-TASLAK.md:777) ; RFC7515 §5.2 [T314] “it is an application decision which of the JWS Signature values must successfully validate” (RFC 7515; RFC7515.txt:810-812) ; SDJWTVC13 §3.2 [T114] “where support for the JWS JSON Serialization is OPTIONAL” (draft-ietf-oauth-sd-jwt-vc-13; SDJWTVC13.txt:303-304) ; RFC9901 §8.3 [T108] “disclosures and kb_jwt MUST be included in the first unprotected header” (RFC 9901; RFC9901.txt:1987-1988) ; RFC9901 §7.1 (2b) “Validate the signature over the Issuer-signed JWT per Section 5.2 of [RFC7515].” (RFC 9901; RFC9901.txt:1667-1668)	vaka: MR4 eşi (eşleme §2), yedek etiket | P2: mevcut tüm imzalar geçerli (R=∅) [Ed25519=geçerli, ES256=geçerli] | yedek kol: X=Ed25519 (RFC 9864 §2.2; EdDSA "Deprecated" §4.1.2); ÖK §2D m.2 | MR4 eşi: kaynak VC09_GJ_ES256_EdDSA-ED25519 (ters); imzalar bağımsız doğrulandığından karar kaynakla aynı (RFC 7515 §5.2 adım 9)
VC09_GJ_ES256_EdDSA-SIRA-ters-ED25519	P2|sdjwtvc=-19	kontrol-Ed25519	hayır	indeterminate	SDJWTVC §2.2 [T113] “not precluded but the specific details are beyond the scope of this specification” (draft-ietf-oauth-sd-jwt-vc-19; SDJWTVC.txt:307-309) ; HAIP §6.1 [T115] “Compact serialization MUST be supported as defined in [RFC9901]. JSON serialization MAY be supported.” (OpenID4VC HAIP 1.0 Final; HAIP.txt:468) ; ÖK §2D m.7 “senaryo (d) vektörleri (JSON serileştirmenin statüsü)” (ON-KAYIT-TASLAK v0.8; ON-KAYIT-TASLAK.md:423)	vaka: MR4 eşi (eşleme §2), yedek etiket | -19: JSON serileştirilmiş SD-JWT VC ayrıntıları kapsam dışı; destekleyen doğrulayıcı -13 okumasıyla kabul eder, desteklemeyen reddeder → belirlenmemiş (MR3 sürüm farkı). -13 kararı: P2: mevcut tüm imzalar geçerli (R=∅) [Ed25519=geçerli, ES256=geçerli] | yedek kol: X=Ed25519 (RFC 9864 §2.2; EdDSA "Deprecated" §4.1.2); ÖK §2D m.2 | MR4 eşi: kaynak VC09_GJ_ES256_EdDSA-ED25519 (ters); imzalar bağımsız doğrulandığından karar kaynakla aynı (RFC 7515 §5.2 adım 9)
VC09_GJ_ES256_EdDSA-SIRA-ters-ED25519	P0|sdjwtvc=-13	kontrol-Ed25519	hayır	accept-classical	RFC7515 §5.2 [T315] “at least one JWS Signature value MUST successfully validate, or the JWS MUST be considered invalid” (RFC 7515; RFC7515.txt:814-816) ; RFC7515 §5.2 [T314] “it is an application decision which of the JWS Signature values must successfully validate” (RFC 7515; RFC7515.txt:810-812) ; ÖK §4.8 P0 “En az bir imza geçerliyse kabul” (ON-KAYIT-TASLAK v0.8; ON-KAYIT-TASLAK.md:775) ; SDJWTVC13 §3.2 [T114] “where support for the JWS JSON Serialization is OPTIONAL” (draft-ietf-oauth-sd-jwt-vc-13; SDJWTVC13.txt:303-304) ; RFC9901 §8.3 [T108] “disclosures and kb_jwt MUST be included in the first unprotected header” (RFC 9901; RFC9901.txt:1987-1988) ; RFC9901 §7.1 (2b) “Validate the signature over the Issuer-signed JWT per Section 5.2 of [RFC7515].” (RFC 9901; RFC9901.txt:1667-1668)	vaka: MR4 eşi (eşleme §2), yedek etiket | P0: en az bir izinli imza geçerli [Ed25519=geçerli, ES256=geçerli] | yedek kol: X=Ed25519 (RFC 9864 §2.2; EdDSA "Deprecated" §4.1.2); ÖK §2D m.2 | MR4 eşi: kaynak VC09_GJ_ES256_EdDSA-ED25519 (ters); imzalar bağımsız doğrulandığından karar kaynakla aynı (RFC 7515 §5.2 adım 9)
VC09_GJ_ES256_EdDSA-SIRA-ters-ED25519	P0|sdjwtvc=-19	kontrol-Ed25519	hayır	indeterminate	SDJWTVC §2.2 [T113] “not precluded but the specific details are beyond the scope of this specification” (draft-ietf-oauth-sd-jwt-vc-19; SDJWTVC.txt:307-309) ; HAIP §6.1 [T115] “Compact serialization MUST be supported as defined in [RFC9901]. JSON serialization MAY be supported.” (OpenID4VC HAIP 1.0 Final; HAIP.txt:468) ; ÖK §2D m.7 “senaryo (d) vektörleri (JSON serileştirmenin statüsü)” (ON-KAYIT-TASLAK v0.8; ON-KAYIT-TASLAK.md:423)	vaka: MR4 eşi (eşleme §2), yedek etiket | -19: JSON serileştirilmiş SD-JWT VC ayrıntıları kapsam dışı; destekleyen doğrulayıcı -13 okumasıyla kabul eder, desteklemeyen reddeder → belirlenmemiş (MR3 sürüm farkı). -13 kararı: P0: en az bir izinli imza geçerli [Ed25519=geçerli, ES256=geçerli] | yedek kol: X=Ed25519 (RFC 9864 §2.2; EdDSA "Deprecated" §4.1.2); ÖK §2D m.2 | MR4 eşi: kaynak VC09_GJ_ES256_EdDSA-ED25519 (ters); imzalar bağımsız doğrulandığından karar kaynakla aynı (RFC 7515 §5.2 adım 9)
T7K_plus_kayitsiz-ED25519	L4	kontrol-Ed25519	evet	reject	JWTBCP §3.1 [T327] “MUST NOT employ any algorithms outside this configured set” (draft-ietf-oauth-rfc8725bis-10; JWTBCP.txt:463-466) ; RFC7515 §4.1.1 [T319] “The JWS Signature value is not valid if the "alg" value does not represent a supported algorithm or if there is not a key for use with that algorithm” (RFC 7515; RFC7515.txt:508-510) ; ÖK §4.8 P1 “Mevcut imzaların tümü geçerliyse kabul. İmza silinmesi (soyma) fark edilmez” (ON-KAYIT-TASLAK v0.8; ON-KAYIT-TASLAK.md:776) ; ACM2 Note 51 [T135] “the veriﬁcation function accepting if and only if all signatures are correct” (ECCG ACM v2.0; ACM2.txt:946) ; ÖK §6.5 “İhraççı başına gerekli küme R = {X}, izinli küme {A, X}.” (ON-KAYIT-TASLAK v0.8; ON-KAYIT-TASLAK.md:1054) ; ÖK §6.5 K5 “Politikaya göre (MR2); bayrak B1” (ON-KAYIT-TASLAK v0.8; ON-KAYIT-TASLAK.md:1062)	vaka: K5 birincil (yedek etiket); MR2 | L4: mevcut imzalardan en az biri geçersiz/izinsiz → tüm-mevcut-geçerli koşulu sağlanmıyor [ES256=geçerli, Ed25519=geçerli, X-KAYITSIZ-1=izinsiz (X-KAYITSIZ-1: rastgele 128 B, anahtar yok)] | yedek kol: X=Ed25519 (RFC 9864 §2.2; EdDSA "Deprecated" §4.1.2); ÖK §2D m.2
T7K_plus_kayitsiz-ED25519	P2	kontrol-Ed25519	evet	reject	JWTBCP §3.1 [T327] “MUST NOT employ any algorithms outside this configured set” (draft-ietf-oauth-rfc8725bis-10; JWTBCP.txt:463-466) ; RFC7515 §4.1.1 [T319] “The JWS Signature value is not valid if the "alg" value does not represent a supported algorithm or if there is not a key for use with that algorithm” (RFC 7515; RFC7515.txt:508-510) ; ÖK §4.8 P1 “Mevcut imzaların tümü geçerliyse kabul. İmza silinmesi (soyma) fark edilmez” (ON-KAYIT-TASLAK v0.8; ON-KAYIT-TASLAK.md:776) ; ACM2 Note 51 [T135] “the veriﬁcation function accepting if and only if all signatures are correct” (ECCG ACM v2.0; ACM2.txt:946)	vaka: K5 birincil (yedek etiket); MR2 | P2: mevcut imzalardan en az biri geçersiz/izinsiz → tüm-mevcut-geçerli koşulu sağlanmıyor [ES256=geçerli, Ed25519=geçerli, X-KAYITSIZ-1=izinsiz (X-KAYITSIZ-1: rastgele 128 B, anahtar yok)] | yedek kol: X=Ed25519 (RFC 9864 §2.2; EdDSA "Deprecated" §4.1.2); ÖK §2D m.2
T7K_plus_kayitsiz-ED25519	P0	kontrol-Ed25519	evet	accept-classical	RFC7515 §5.2 [T315] “at least one JWS Signature value MUST successfully validate, or the JWS MUST be considered invalid” (RFC 7515; RFC7515.txt:814-816) ; RFC7515 §5.2 [T314] “it is an application decision which of the JWS Signature values must successfully validate” (RFC 7515; RFC7515.txt:810-812) ; ÖK §4.8 P0 “En az bir imza geçerliyse kabul” (ON-KAYIT-TASLAK v0.8; ON-KAYIT-TASLAK.md:775)	vaka: K5 birincil (yedek etiket); MR2 | P0: en az bir izinli imza geçerli [ES256=geçerli, Ed25519=geçerli, X-KAYITSIZ-1=izinsiz (X-KAYITSIZ-1: rastgele 128 B, anahtar yok)] | yedek kol: X=Ed25519 (RFC 9864 §2.2; EdDSA "Deprecated" §4.1.2); ÖK §2D m.2
T7K_plus_kayitsiz-SIRA-kayitsiz-once-ED25519	L4	kontrol-Ed25519	hayır	reject	JWTBCP §3.1 [T327] “MUST NOT employ any algorithms outside this configured set” (draft-ietf-oauth-rfc8725bis-10; JWTBCP.txt:463-466) ; RFC7515 §4.1.1 [T319] “The JWS Signature value is not valid if the "alg" value does not represent a supported algorithm or if there is not a key for use with that algorithm” (RFC 7515; RFC7515.txt:508-510) ; ÖK §4.8 P1 “Mevcut imzaların tümü geçerliyse kabul. İmza silinmesi (soyma) fark edilmez” (ON-KAYIT-TASLAK v0.8; ON-KAYIT-TASLAK.md:776) ; ACM2 Note 51 [T135] “the veriﬁcation function accepting if and only if all signatures are correct” (ECCG ACM v2.0; ACM2.txt:946) ; ÖK §6.5 “İhraççı başına gerekli küme R = {X}, izinli küme {A, X}.” (ON-KAYIT-TASLAK v0.8; ON-KAYIT-TASLAK.md:1054)	vaka: MR4 eşi (eşleme §2), yedek etiket | L4: mevcut imzalardan en az biri geçersiz/izinsiz → tüm-mevcut-geçerli koşulu sağlanmıyor [X-KAYITSIZ-1=izinsiz (X-KAYITSIZ-1: rastgele 128 B, anahtar yok), ES256=geçerli, Ed25519=geçerli] | yedek kol: X=Ed25519 (RFC 9864 §2.2; EdDSA "Deprecated" §4.1.2); ÖK §2D m.2 | MR4 eşi: kaynak T7K_plus_kayitsiz-ED25519 (kayitsiz-once); imzalar bağımsız doğrulandığından karar kaynakla aynı (RFC 7515 §5.2 adım 9)
T7K_plus_kayitsiz-SIRA-kayitsiz-once-ED25519	P2	kontrol-Ed25519	hayır	reject	JWTBCP §3.1 [T327] “MUST NOT employ any algorithms outside this configured set” (draft-ietf-oauth-rfc8725bis-10; JWTBCP.txt:463-466) ; RFC7515 §4.1.1 [T319] “The JWS Signature value is not valid if the "alg" value does not represent a supported algorithm or if there is not a key for use with that algorithm” (RFC 7515; RFC7515.txt:508-510) ; ÖK §4.8 P1 “Mevcut imzaların tümü geçerliyse kabul. İmza silinmesi (soyma) fark edilmez” (ON-KAYIT-TASLAK v0.8; ON-KAYIT-TASLAK.md:776) ; ACM2 Note 51 [T135] “the veriﬁcation function accepting if and only if all signatures are correct” (ECCG ACM v2.0; ACM2.txt:946)	vaka: MR4 eşi (eşleme §2), yedek etiket | P2: mevcut imzalardan en az biri geçersiz/izinsiz → tüm-mevcut-geçerli koşulu sağlanmıyor [X-KAYITSIZ-1=izinsiz (X-KAYITSIZ-1: rastgele 128 B, anahtar yok), ES256=geçerli, Ed25519=geçerli] | yedek kol: X=Ed25519 (RFC 9864 §2.2; EdDSA "Deprecated" §4.1.2); ÖK §2D m.2 | MR4 eşi: kaynak T7K_plus_kayitsiz-ED25519 (kayitsiz-once); imzalar bağımsız doğrulandığından karar kaynakla aynı (RFC 7515 §5.2 adım 9)
T7K_plus_kayitsiz-SIRA-kayitsiz-once-ED25519	P0	kontrol-Ed25519	hayır	accept-classical	RFC7515 §5.2 [T315] “at least one JWS Signature value MUST successfully validate, or the JWS MUST be considered invalid” (RFC 7515; RFC7515.txt:814-816) ; RFC7515 §5.2 [T314] “it is an application decision which of the JWS Signature values must successfully validate” (RFC 7515; RFC7515.txt:810-812) ; ÖK §4.8 P0 “En az bir imza geçerliyse kabul” (ON-KAYIT-TASLAK v0.8; ON-KAYIT-TASLAK.md:775)	vaka: MR4 eşi (eşleme §2), yedek etiket | P0: en az bir izinli imza geçerli [X-KAYITSIZ-1=izinsiz (X-KAYITSIZ-1: rastgele 128 B, anahtar yok), ES256=geçerli, Ed25519=geçerli] | yedek kol: X=Ed25519 (RFC 9864 §2.2; EdDSA "Deprecated" §4.1.2); ÖK §2D m.2 | MR4 eşi: kaynak T7K_plus_kayitsiz-ED25519 (kayitsiz-once); imzalar bağımsız doğrulandığından karar kaynakla aynı (RFC 7515 §5.2 adım 9)
T7K_plus_kayitsiz-SIRA-ters-ED25519	L4	kontrol-Ed25519	hayır	reject	JWTBCP §3.1 [T327] “MUST NOT employ any algorithms outside this configured set” (draft-ietf-oauth-rfc8725bis-10; JWTBCP.txt:463-466) ; RFC7515 §4.1.1 [T319] “The JWS Signature value is not valid if the "alg" value does not represent a supported algorithm or if there is not a key for use with that algorithm” (RFC 7515; RFC7515.txt:508-510) ; ÖK §4.8 P1 “Mevcut imzaların tümü geçerliyse kabul. İmza silinmesi (soyma) fark edilmez” (ON-KAYIT-TASLAK v0.8; ON-KAYIT-TASLAK.md:776) ; ACM2 Note 51 [T135] “the veriﬁcation function accepting if and only if all signatures are correct” (ECCG ACM v2.0; ACM2.txt:946) ; ÖK §6.5 “İhraççı başına gerekli küme R = {X}, izinli küme {A, X}.” (ON-KAYIT-TASLAK v0.8; ON-KAYIT-TASLAK.md:1054)	vaka: MR4 eşi (eşleme §2), yedek etiket | L4: mevcut imzalardan en az biri geçersiz/izinsiz → tüm-mevcut-geçerli koşulu sağlanmıyor [X-KAYITSIZ-1=izinsiz (X-KAYITSIZ-1: rastgele 128 B, anahtar yok), Ed25519=geçerli, ES256=geçerli] | yedek kol: X=Ed25519 (RFC 9864 §2.2; EdDSA "Deprecated" §4.1.2); ÖK §2D m.2 | MR4 eşi: kaynak T7K_plus_kayitsiz-ED25519 (ters); imzalar bağımsız doğrulandığından karar kaynakla aynı (RFC 7515 §5.2 adım 9)
T7K_plus_kayitsiz-SIRA-ters-ED25519	P2	kontrol-Ed25519	hayır	reject	JWTBCP §3.1 [T327] “MUST NOT employ any algorithms outside this configured set” (draft-ietf-oauth-rfc8725bis-10; JWTBCP.txt:463-466) ; RFC7515 §4.1.1 [T319] “The JWS Signature value is not valid if the "alg" value does not represent a supported algorithm or if there is not a key for use with that algorithm” (RFC 7515; RFC7515.txt:508-510) ; ÖK §4.8 P1 “Mevcut imzaların tümü geçerliyse kabul. İmza silinmesi (soyma) fark edilmez” (ON-KAYIT-TASLAK v0.8; ON-KAYIT-TASLAK.md:776) ; ACM2 Note 51 [T135] “the veriﬁcation function accepting if and only if all signatures are correct” (ECCG ACM v2.0; ACM2.txt:946)	vaka: MR4 eşi (eşleme §2), yedek etiket | P2: mevcut imzalardan en az biri geçersiz/izinsiz → tüm-mevcut-geçerli koşulu sağlanmıyor [X-KAYITSIZ-1=izinsiz (X-KAYITSIZ-1: rastgele 128 B, anahtar yok), Ed25519=geçerli, ES256=geçerli] | yedek kol: X=Ed25519 (RFC 9864 §2.2; EdDSA "Deprecated" §4.1.2); ÖK §2D m.2 | MR4 eşi: kaynak T7K_plus_kayitsiz-ED25519 (ters); imzalar bağımsız doğrulandığından karar kaynakla aynı (RFC 7515 §5.2 adım 9)
T7K_plus_kayitsiz-SIRA-ters-ED25519	P0	kontrol-Ed25519	hayır	accept-classical	RFC7515 §5.2 [T315] “at least one JWS Signature value MUST successfully validate, or the JWS MUST be considered invalid” (RFC 7515; RFC7515.txt:814-816) ; RFC7515 §5.2 [T314] “it is an application decision which of the JWS Signature values must successfully validate” (RFC 7515; RFC7515.txt:810-812) ; ÖK §4.8 P0 “En az bir imza geçerliyse kabul” (ON-KAYIT-TASLAK v0.8; ON-KAYIT-TASLAK.md:775)	vaka: MR4 eşi (eşleme §2), yedek etiket | P0: en az bir izinli imza geçerli [X-KAYITSIZ-1=izinsiz (X-KAYITSIZ-1: rastgele 128 B, anahtar yok), Ed25519=geçerli, ES256=geçerli] | yedek kol: X=Ed25519 (RFC 9864 §2.2; EdDSA "Deprecated" §4.1.2); ÖK §2D m.2 | MR4 eşi: kaynak T7K_plus_kayitsiz-ED25519 (ters); imzalar bağımsız doğrulandığından karar kaynakla aynı (RFC 7515 §5.2 adım 9)
K10K_alg-EdDSA_anahtar-ES256-ED25519	L4	kontrol-Ed25519	evet	reject	JWTBCP §3.1 [T329] “consistent with the algorithm associated with the key identified by the corresponding identifier” (draft-ietf-oauth-rfc8725bis-10; JWTBCP.txt:468-471) ; RFC7515 §4.1.1 [T319] “The JWS Signature value is not valid if the "alg" value does not represent a supported algorithm or if there is not a key for use with that algorithm” (RFC 7515; RFC7515.txt:508-510) ; RFC9864 §7 [T335] “A cryptographic key MUST be used with only a single algorithm” (RFC 9864; RFC9864.txt:650) ; ÖK §4.8 P1 “Mevcut imzaların tümü geçerliyse kabul. İmza silinmesi (soyma) fark edilmez” (ON-KAYIT-TASLAK v0.8; ON-KAYIT-TASLAK.md:776) ; ACM2 Note 51 [T135] “the veriﬁcation function accepting if and only if all signatures are correct” (ECCG ACM v2.0; ACM2.txt:946) ; ÖK §6.5 “İhraççı başına gerekli küme R = {X}, izinli küme {A, X}.” (ON-KAYIT-TASLAK v0.8; ON-KAYIT-TASLAK.md:1054) ; ÖK §6.5 K10 “RED (L2/L3)” (ON-KAYIT-TASLAK v0.8; ON-KAYIT-TASLAK.md:1067)	vaka: K10 birincil (yedek etiket) | başlık alg ile doğrulama anahtarının bağlı olduğu algoritma uyuşmuyor (imza gerçek anahtarın kendi algoritmasıyla geçerli): kütüphane alg–anahtar tutarlılığını denetlemek ZORUNDA → her yapılandırmada ret. L4: mevcut imzalardan en az biri geçersiz/izinsiz → tüm-mevcut-geçerli koşulu sağlanmıyor [Ed25519=alg–anahtar uyuşmaz (başlık alg ≠ anahtarın algoritması (imza gerçek anahtar alg ile))] | yedek kol: X=Ed25519 (RFC 9864 §2.2; EdDSA "Deprecated" §4.1.2); ÖK §2D m.2
K10K_alg-EdDSA_anahtar-ES256-ED25519	P2	kontrol-Ed25519	evet	reject	JWTBCP §3.1 [T329] “consistent with the algorithm associated with the key identified by the corresponding identifier” (draft-ietf-oauth-rfc8725bis-10; JWTBCP.txt:468-471) ; RFC7515 §4.1.1 [T319] “The JWS Signature value is not valid if the "alg" value does not represent a supported algorithm or if there is not a key for use with that algorithm” (RFC 7515; RFC7515.txt:508-510) ; RFC9864 §7 [T335] “A cryptographic key MUST be used with only a single algorithm” (RFC 9864; RFC9864.txt:650) ; ÖK §4.8 P1 “Mevcut imzaların tümü geçerliyse kabul. İmza silinmesi (soyma) fark edilmez” (ON-KAYIT-TASLAK v0.8; ON-KAYIT-TASLAK.md:776) ; ACM2 Note 51 [T135] “the veriﬁcation function accepting if and only if all signatures are correct” (ECCG ACM v2.0; ACM2.txt:946)	vaka: K10 birincil (yedek etiket) | başlık alg ile doğrulama anahtarının bağlı olduğu algoritma uyuşmuyor (imza gerçek anahtarın kendi algoritmasıyla geçerli): kütüphane alg–anahtar tutarlılığını denetlemek ZORUNDA → her yapılandırmada ret. P2: mevcut imzalardan en az biri geçersiz/izinsiz → tüm-mevcut-geçerli koşulu sağlanmıyor [Ed25519=alg–anahtar uyuşmaz (başlık alg ≠ anahtarın algoritması (imza gerçek anahtar alg ile))] | yedek kol: X=Ed25519 (RFC 9864 §2.2; EdDSA "Deprecated" §4.1.2); ÖK §2D m.2
K10K_alg-EdDSA_anahtar-ES256-ED25519	P0	kontrol-Ed25519	evet	reject	JWTBCP §3.1 [T329] “consistent with the algorithm associated with the key identified by the corresponding identifier” (draft-ietf-oauth-rfc8725bis-10; JWTBCP.txt:468-471) ; RFC7515 §4.1.1 [T319] “The JWS Signature value is not valid if the "alg" value does not represent a supported algorithm or if there is not a key for use with that algorithm” (RFC 7515; RFC7515.txt:508-510) ; RFC9864 §7 [T335] “A cryptographic key MUST be used with only a single algorithm” (RFC 9864; RFC9864.txt:650) ; RFC7515 §5.2 [T315] “at least one JWS Signature value MUST successfully validate, or the JWS MUST be considered invalid” (RFC 7515; RFC7515.txt:814-816)	vaka: K10 birincil (yedek etiket) | başlık alg ile doğrulama anahtarının bağlı olduğu algoritma uyuşmuyor (imza gerçek anahtarın kendi algoritmasıyla geçerli): kütüphane alg–anahtar tutarlılığını denetlemek ZORUNDA → her yapılandırmada ret. P0: geçerli izinli imza yok [Ed25519=alg–anahtar uyuşmaz (başlık alg ≠ anahtarın algoritması (imza gerçek anahtar alg ile))] | yedek kol: X=Ed25519 (RFC 9864 §2.2; EdDSA "Deprecated" §4.1.2); ÖK §2D m.2
K10K_alg-ES256_anahtar-Ed25519	L4	kontrol-Ed25519	evet	reject	JWTBCP §3.1 [T329] “consistent with the algorithm associated with the key identified by the corresponding identifier” (draft-ietf-oauth-rfc8725bis-10; JWTBCP.txt:468-471) ; RFC7515 §4.1.1 [T319] “The JWS Signature value is not valid if the "alg" value does not represent a supported algorithm or if there is not a key for use with that algorithm” (RFC 7515; RFC7515.txt:508-510) ; RFC9864 §7 [T335] “A cryptographic key MUST be used with only a single algorithm” (RFC 9864; RFC9864.txt:650) ; ÖK §4.8 P1 “Mevcut imzaların tümü geçerliyse kabul. İmza silinmesi (soyma) fark edilmez” (ON-KAYIT-TASLAK v0.8; ON-KAYIT-TASLAK.md:776) ; ACM2 Note 51 [T135] “the veriﬁcation function accepting if and only if all signatures are correct” (ECCG ACM v2.0; ACM2.txt:946) ; ÖK §6.5 “İhraççı başına gerekli küme R = {X}, izinli küme {A, X}.” (ON-KAYIT-TASLAK v0.8; ON-KAYIT-TASLAK.md:1054) ; ÖK §6.5 K10 “RED (L2/L3)” (ON-KAYIT-TASLAK v0.8; ON-KAYIT-TASLAK.md:1067)	vaka: K10 birincil (ikinci yön; yedek kolda da aynı dosya) | başlık alg ile doğrulama anahtarının bağlı olduğu algoritma uyuşmuyor (imza gerçek anahtarın kendi algoritmasıyla geçerli): kütüphane alg–anahtar tutarlılığını denetlemek ZORUNDA → her yapılandırmada ret. L4: mevcut imzalardan en az biri geçersiz/izinsiz → tüm-mevcut-geçerli koşulu sağlanmıyor [ES256=alg–anahtar uyuşmaz (başlık alg ≠ anahtarın algoritması (imza gerçek anahtar alg ile))] | yedek kol: X=Ed25519 (RFC 9864 §2.2; EdDSA "Deprecated" §4.1.2); ÖK §2D m.2
K10K_alg-ES256_anahtar-Ed25519	P2	kontrol-Ed25519	evet	reject	JWTBCP §3.1 [T329] “consistent with the algorithm associated with the key identified by the corresponding identifier” (draft-ietf-oauth-rfc8725bis-10; JWTBCP.txt:468-471) ; RFC7515 §4.1.1 [T319] “The JWS Signature value is not valid if the "alg" value does not represent a supported algorithm or if there is not a key for use with that algorithm” (RFC 7515; RFC7515.txt:508-510) ; RFC9864 §7 [T335] “A cryptographic key MUST be used with only a single algorithm” (RFC 9864; RFC9864.txt:650) ; ÖK §4.8 P1 “Mevcut imzaların tümü geçerliyse kabul. İmza silinmesi (soyma) fark edilmez” (ON-KAYIT-TASLAK v0.8; ON-KAYIT-TASLAK.md:776) ; ACM2 Note 51 [T135] “the veriﬁcation function accepting if and only if all signatures are correct” (ECCG ACM v2.0; ACM2.txt:946)	vaka: K10 birincil (ikinci yön; yedek kolda da aynı dosya) | başlık alg ile doğrulama anahtarının bağlı olduğu algoritma uyuşmuyor (imza gerçek anahtarın kendi algoritmasıyla geçerli): kütüphane alg–anahtar tutarlılığını denetlemek ZORUNDA → her yapılandırmada ret. P2: mevcut imzalardan en az biri geçersiz/izinsiz → tüm-mevcut-geçerli koşulu sağlanmıyor [ES256=alg–anahtar uyuşmaz (başlık alg ≠ anahtarın algoritması (imza gerçek anahtar alg ile))] | yedek kol: X=Ed25519 (RFC 9864 §2.2; EdDSA "Deprecated" §4.1.2); ÖK §2D m.2
K10K_alg-ES256_anahtar-Ed25519	P0	kontrol-Ed25519	evet	reject	JWTBCP §3.1 [T329] “consistent with the algorithm associated with the key identified by the corresponding identifier” (draft-ietf-oauth-rfc8725bis-10; JWTBCP.txt:468-471) ; RFC7515 §4.1.1 [T319] “The JWS Signature value is not valid if the "alg" value does not represent a supported algorithm or if there is not a key for use with that algorithm” (RFC 7515; RFC7515.txt:508-510) ; RFC9864 §7 [T335] “A cryptographic key MUST be used with only a single algorithm” (RFC 9864; RFC9864.txt:650) ; RFC7515 §5.2 [T315] “at least one JWS Signature value MUST successfully validate, or the JWS MUST be considered invalid” (RFC 7515; RFC7515.txt:814-816)	vaka: K10 birincil (ikinci yön; yedek kolda da aynı dosya) | başlık alg ile doğrulama anahtarının bağlı olduğu algoritma uyuşmuyor (imza gerçek anahtarın kendi algoritmasıyla geçerli): kütüphane alg–anahtar tutarlılığını denetlemek ZORUNDA → her yapılandırmada ret. P0: geçerli izinli imza yok [ES256=alg–anahtar uyuşmaz (başlık alg ≠ anahtarın algoritması (imza gerçek anahtar alg ile))] | yedek kol: X=Ed25519 (RFC 9864 §2.2; EdDSA "Deprecated" §4.1.2); ÖK §2D m.2
VPLUS_ES256	L4	kontrol-Ed25519	evet	reject	ÖK §6.5 “İhraççı başına gerekli küme R = {X}, izinli küme {A, X}.” (ON-KAYIT-TASLAK v0.8; ON-KAYIT-TASLAK.md:1054) ; JWTBCP §3.1 [T328] “MUST determine which algorithms are permitted for itself and that issuer and ensure that the received JWT complies with those requirements” (draft-ietf-oauth-rfc8725bis-10; JWTBCP.txt:482-485) ; ÖK §4.7 G5 “Göç etmiş bir varlık, ilan ettiği eski-sürüm penceresi dışında yalnız klasik kanıtla kabul edilemez.” (ON-KAYIT-TASLAK v0.8; ON-KAYIT-TASLAK.md:767) ; ÖK §2B m.6 (L4c) “Göç etmiş ihraççının yalnız klasik imzalı belgesi reddedilir, eski ihraççının klasik imzalı belgesi kabul edilir.” (ON-KAYIT-TASLAK v0.8; ON-KAYIT-TASLAK.md:256) ; ÖK §6.5 V+/V− “Adaptör geçerlilik kontrolleri | KABUL / RED” (ON-KAYIT-TASLAK v0.8; ON-KAYIT-TASLAK.md:1069)	vaka: V+ birincil (üç kolda ortak) | L4: R={Ed25519} için geçerli imza yok (yalnız klasik kanıt; G5) [ES256=geçerli] | DİKKAT: ÖK §4.15/§6.5 V+ → KABUL der; L4 (göç etmiş ihraççı) altında yalnız klasik belge G5 gereği reddedilir. V+ denetimi P2/P0 (eski ihraççı) yapılandırmasında ya da X imzalı V+ ile koşulmalı (NOTLAR N2) | yedek kol: X=Ed25519 (RFC 9864 §2.2; EdDSA "Deprecated" §4.1.2); ÖK §2D m.2
VPLUS_ES256	P2	kontrol-Ed25519	evet	accept-classical	ÖK §4.8 P1 “Mevcut imzaların tümü geçerliyse kabul. İmza silinmesi (soyma) fark edilmez” (ON-KAYIT-TASLAK v0.8; ON-KAYIT-TASLAK.md:776) ; ÖK §4.8 P2 “P1 + her imza, anahtarının bağlı olduğu algoritmayla doğrulanır” (ON-KAYIT-TASLAK v0.8; ON-KAYIT-TASLAK.md:777) ; RFC7515 §5.2 [T314] “it is an application decision which of the JWS Signature values must successfully validate” (RFC 7515; RFC7515.txt:810-812)	vaka: V+ birincil (üç kolda ortak) | P2: mevcut tüm imzalar geçerli (R=∅) [ES256=geçerli] | yedek kol: X=Ed25519 (RFC 9864 §2.2; EdDSA "Deprecated" §4.1.2); ÖK §2D m.2
VPLUS_ES256	P0	kontrol-Ed25519	evet	accept-classical	RFC7515 §5.2 [T315] “at least one JWS Signature value MUST successfully validate, or the JWS MUST be considered invalid” (RFC 7515; RFC7515.txt:814-816) ; RFC7515 §5.2 [T314] “it is an application decision which of the JWS Signature values must successfully validate” (RFC 7515; RFC7515.txt:810-812) ; ÖK §4.8 P0 “En az bir imza geçerliyse kabul” (ON-KAYIT-TASLAK v0.8; ON-KAYIT-TASLAK.md:775)	vaka: V+ birincil (üç kolda ortak) | P0: en az bir izinli imza geçerli [ES256=geçerli] | yedek kol: X=Ed25519 (RFC 9864 §2.2; EdDSA "Deprecated" §4.1.2); ÖK §2D m.2
VMINUS_ES256	L4	kontrol-Ed25519	evet	reject	RFC7515 §5.2 (8) “Validate the JWS Signature against the JWS Signing Input” (RFC 7515; RFC7515.txt:873) ; ÖK §4.8 P1 “Mevcut imzaların tümü geçerliyse kabul. İmza silinmesi (soyma) fark edilmez” (ON-KAYIT-TASLAK v0.8; ON-KAYIT-TASLAK.md:776) ; ACM2 Note 51 [T135] “the veriﬁcation function accepting if and only if all signatures are correct” (ECCG ACM v2.0; ACM2.txt:946) ; ÖK §6.5 “İhraççı başına gerekli küme R = {X}, izinli küme {A, X}.” (ON-KAYIT-TASLAK v0.8; ON-KAYIT-TASLAK.md:1054) ; ÖK §6.5 V+/V− “Adaptör geçerlilik kontrolleri | KABUL / RED” (ON-KAYIT-TASLAK v0.8; ON-KAYIT-TASLAK.md:1069)	vaka: V− birincil (üç kolda ortak) | L4: mevcut imzalardan en az biri geçersiz/izinsiz → tüm-mevcut-geçerli koşulu sağlanmıyor [ES256=geçersiz (bayt 32 bit 0 çevrildi)] | yedek kol: X=Ed25519 (RFC 9864 §2.2; EdDSA "Deprecated" §4.1.2); ÖK §2D m.2
VMINUS_ES256	P2	kontrol-Ed25519	evet	reject	RFC7515 §5.2 (8) “Validate the JWS Signature against the JWS Signing Input” (RFC 7515; RFC7515.txt:873) ; ÖK §4.8 P1 “Mevcut imzaların tümü geçerliyse kabul. İmza silinmesi (soyma) fark edilmez” (ON-KAYIT-TASLAK v0.8; ON-KAYIT-TASLAK.md:776) ; ACM2 Note 51 [T135] “the veriﬁcation function accepting if and only if all signatures are correct” (ECCG ACM v2.0; ACM2.txt:946)	vaka: V− birincil (üç kolda ortak) | P2: mevcut imzalardan en az biri geçersiz/izinsiz → tüm-mevcut-geçerli koşulu sağlanmıyor [ES256=geçersiz (bayt 32 bit 0 çevrildi)] | yedek kol: X=Ed25519 (RFC 9864 §2.2; EdDSA "Deprecated" §4.1.2); ÖK §2D m.2
VMINUS_ES256	P0	kontrol-Ed25519	evet	reject	RFC7515 §5.2 [T315] “at least one JWS Signature value MUST successfully validate, or the JWS MUST be considered invalid” (RFC 7515; RFC7515.txt:814-816) ; RFC7515 §5.2 (8) “Validate the JWS Signature against the JWS Signing Input” (RFC 7515; RFC7515.txt:873)	vaka: V− birincil (üç kolda ortak) | P0: geçerli izinli imza yok [ES256=geçersiz (bayt 32 bit 0 çevrildi)] | yedek kol: X=Ed25519 (RFC 9864 §2.2; EdDSA "Deprecated" §4.1.2); ÖK §2D m.2
VPLUS_EdDSA-ED25519	L4	kontrol-Ed25519	evet	accept-classical	ÖK §6.5 “İhraççı başına gerekli küme R = {X}, izinli küme {A, X}.” (ON-KAYIT-TASLAK v0.8; ON-KAYIT-TASLAK.md:1054) ; JWTBCP §3.1 [T328] “MUST determine which algorithms are permitted for itself and that issuer and ensure that the received JWT complies with those requirements” (draft-ietf-oauth-rfc8725bis-10; JWTBCP.txt:482-485) ; ACM2 Note 51 [T135] “the veriﬁcation function accepting if and only if all signatures are correct” (ECCG ACM v2.0; ACM2.txt:946) ; ÖK §6.5 V+/V− “Adaptör geçerlilik kontrolleri | KABUL / RED” (ON-KAYIT-TASLAK v0.8; ON-KAYIT-TASLAK.md:1069)	vaka: V+ birincil (yedek etiket) | L4: tüm imzalar geçerli ve R={Ed25519} karşılandı [Ed25519=geçerli] | yedek kol: X=Ed25519 (RFC 9864 §2.2; EdDSA "Deprecated" §4.1.2); ÖK §2D m.2
VPLUS_EdDSA-ED25519	P2	kontrol-Ed25519	evet	accept-classical	ÖK §4.8 P1 “Mevcut imzaların tümü geçerliyse kabul. İmza silinmesi (soyma) fark edilmez” (ON-KAYIT-TASLAK v0.8; ON-KAYIT-TASLAK.md:776) ; ÖK §4.8 P2 “P1 + her imza, anahtarının bağlı olduğu algoritmayla doğrulanır” (ON-KAYIT-TASLAK v0.8; ON-KAYIT-TASLAK.md:777) ; RFC7515 §5.2 [T314] “it is an application decision which of the JWS Signature values must successfully validate” (RFC 7515; RFC7515.txt:810-812)	vaka: V+ birincil (yedek etiket) | P2: mevcut tüm imzalar geçerli (R=∅) [Ed25519=geçerli] | yedek kol: X=Ed25519 (RFC 9864 §2.2; EdDSA "Deprecated" §4.1.2); ÖK §2D m.2
VPLUS_EdDSA-ED25519	P0	kontrol-Ed25519	evet	accept-classical	RFC7515 §5.2 [T315] “at least one JWS Signature value MUST successfully validate, or the JWS MUST be considered invalid” (RFC 7515; RFC7515.txt:814-816) ; RFC7515 §5.2 [T314] “it is an application decision which of the JWS Signature values must successfully validate” (RFC 7515; RFC7515.txt:810-812) ; ÖK §4.8 P0 “En az bir imza geçerliyse kabul” (ON-KAYIT-TASLAK v0.8; ON-KAYIT-TASLAK.md:775)	vaka: V+ birincil (yedek etiket) | P0: en az bir izinli imza geçerli [Ed25519=geçerli] | yedek kol: X=Ed25519 (RFC 9864 §2.2; EdDSA "Deprecated" §4.1.2); ÖK §2D m.2
VMINUS_EdDSA-ED25519	L4	kontrol-Ed25519	evet	reject	RFC7515 §5.2 (8) “Validate the JWS Signature against the JWS Signing Input” (RFC 7515; RFC7515.txt:873) ; ÖK §4.8 P1 “Mevcut imzaların tümü geçerliyse kabul. İmza silinmesi (soyma) fark edilmez” (ON-KAYIT-TASLAK v0.8; ON-KAYIT-TASLAK.md:776) ; ACM2 Note 51 [T135] “the veriﬁcation function accepting if and only if all signatures are correct” (ECCG ACM v2.0; ACM2.txt:946) ; ÖK §6.5 “İhraççı başına gerekli küme R = {X}, izinli küme {A, X}.” (ON-KAYIT-TASLAK v0.8; ON-KAYIT-TASLAK.md:1054) ; ÖK §6.5 V+/V− “Adaptör geçerlilik kontrolleri | KABUL / RED” (ON-KAYIT-TASLAK v0.8; ON-KAYIT-TASLAK.md:1069)	vaka: V− birincil (yedek etiket) | L4: mevcut imzalardan en az biri geçersiz/izinsiz → tüm-mevcut-geçerli koşulu sağlanmıyor [Ed25519=geçersiz (bayt 32 bit 0 çevrildi)] | yedek kol: X=Ed25519 (RFC 9864 §2.2; EdDSA "Deprecated" §4.1.2); ÖK §2D m.2
VMINUS_EdDSA-ED25519	P2	kontrol-Ed25519	evet	reject	RFC7515 §5.2 (8) “Validate the JWS Signature against the JWS Signing Input” (RFC 7515; RFC7515.txt:873) ; ÖK §4.8 P1 “Mevcut imzaların tümü geçerliyse kabul. İmza silinmesi (soyma) fark edilmez” (ON-KAYIT-TASLAK v0.8; ON-KAYIT-TASLAK.md:776) ; ACM2 Note 51 [T135] “the veriﬁcation function accepting if and only if all signatures are correct” (ECCG ACM v2.0; ACM2.txt:946)	vaka: V− birincil (yedek etiket) | P2: mevcut imzalardan en az biri geçersiz/izinsiz → tüm-mevcut-geçerli koşulu sağlanmıyor [Ed25519=geçersiz (bayt 32 bit 0 çevrildi)] | yedek kol: X=Ed25519 (RFC 9864 §2.2; EdDSA "Deprecated" §4.1.2); ÖK §2D m.2
VMINUS_EdDSA-ED25519	P0	kontrol-Ed25519	evet	reject	RFC7515 §5.2 [T315] “at least one JWS Signature value MUST successfully validate, or the JWS MUST be considered invalid” (RFC 7515; RFC7515.txt:814-816) ; RFC7515 §5.2 (8) “Validate the JWS Signature against the JWS Signing Input” (RFC 7515; RFC7515.txt:873)	vaka: V− birincil (yedek etiket) | P0: geçerli izinli imza yok [Ed25519=geçersiz (bayt 32 bit 0 çevrildi)] | yedek kol: X=Ed25519 (RFC 9864 §2.2; EdDSA "Deprecated" §4.1.2); ÖK §2D m.2
T3_stripped_to_ES256	L4	tedavi-ML-DSA-65	evet	reject	ÖK §6.5 “İhraççı başına gerekli küme R = {X}, izinli küme {A, X}.” (ON-KAYIT-TASLAK v0.8; ON-KAYIT-TASLAK.md:1054) ; JWTBCP §3.1 [T328] “MUST determine which algorithms are permitted for itself and that issuer and ensure that the received JWT complies with those requirements” (draft-ietf-oauth-rfc8725bis-10; JWTBCP.txt:482-485) ; ÖK §4.7 G5 “Göç etmiş bir varlık, ilan ettiği eski-sürüm penceresi dışında yalnız klasik kanıtla kabul edilemez.” (ON-KAYIT-TASLAK v0.8; ON-KAYIT-TASLAK.md:767) ; ÖK §2B m.6 (L4c) “Göç etmiş ihraççının yalnız klasik imzalı belgesi reddedilir, eski ihraççının klasik imzalı belgesi kabul edilir.” (ON-KAYIT-TASLAK v0.8; ON-KAYIT-TASLAK.md:256) ; ÖK §6.5 K3 “X soyulmuş (yalnız A) | RED” (ON-KAYIT-TASLAK v0.8; ON-KAYIT-TASLAK.md:1060)	vaka: K3 birincil (üç kolda ortak dosya; R={X} kola göre) | L4: R={ML-DSA-65} için geçerli imza yok (yalnız klasik kanıt; G5) [ES256=geçerli]
T3_stripped_to_ES256	P2	tedavi-ML-DSA-65	evet	accept-classical	ÖK §4.8 P1 “Mevcut imzaların tümü geçerliyse kabul. İmza silinmesi (soyma) fark edilmez” (ON-KAYIT-TASLAK v0.8; ON-KAYIT-TASLAK.md:776) ; ÖK §4.8 P2 “P1 + her imza, anahtarının bağlı olduğu algoritmayla doğrulanır” (ON-KAYIT-TASLAK v0.8; ON-KAYIT-TASLAK.md:777) ; RFC7515 §5.2 [T314] “it is an application decision which of the JWS Signature values must successfully validate” (RFC 7515; RFC7515.txt:810-812)	vaka: K3 birincil (üç kolda ortak dosya; R={X} kola göre) | P2: mevcut tüm imzalar geçerli (R=∅) [ES256=geçerli]
T3_stripped_to_ES256	P0	tedavi-ML-DSA-65	evet	accept-classical	RFC7515 §5.2 [T315] “at least one JWS Signature value MUST successfully validate, or the JWS MUST be considered invalid” (RFC 7515; RFC7515.txt:814-816) ; RFC7515 §5.2 [T314] “it is an application decision which of the JWS Signature values must successfully validate” (RFC 7515; RFC7515.txt:810-812) ; ÖK §4.8 P0 “En az bir imza geçerliyse kabul” (ON-KAYIT-TASLAK v0.8; ON-KAYIT-TASLAK.md:775)	vaka: K3 birincil (üç kolda ortak dosya; R={X} kola göre) | P0: en az bir izinli imza geçerli [ES256=geçerli]
T1P_both_valid	L4	tedavi-ML-DSA-65	evet	accept-hybrid	ÖK §6.5 “İhraççı başına gerekli küme R = {X}, izinli küme {A, X}.” (ON-KAYIT-TASLAK v0.8; ON-KAYIT-TASLAK.md:1054) ; JWTBCP §3.1 [T328] “MUST determine which algorithms are permitted for itself and that issuer and ensure that the received JWT complies with those requirements” (draft-ietf-oauth-rfc8725bis-10; JWTBCP.txt:482-485) ; ACM2 Note 51 [T135] “the veriﬁcation function accepting if and only if all signatures are correct” (ECCG ACM v2.0; ACM2.txt:946) ; ÖK §6.5 K1 “Çift imza (A + X), ikisi geçerli | KABUL” (ON-KAYIT-TASLAK v0.8; ON-KAYIT-TASLAK.md:1058)	vaka: K1 birincil | L4: tüm imzalar geçerli ve R={ML-DSA-65} karşılandı [ES256=geçerli, ML-DSA-65=geçerli]
T1P_both_valid	P2	tedavi-ML-DSA-65	evet	accept-hybrid	ÖK §4.8 P1 “Mevcut imzaların tümü geçerliyse kabul. İmza silinmesi (soyma) fark edilmez” (ON-KAYIT-TASLAK v0.8; ON-KAYIT-TASLAK.md:776) ; ÖK §4.8 P2 “P1 + her imza, anahtarının bağlı olduğu algoritmayla doğrulanır” (ON-KAYIT-TASLAK v0.8; ON-KAYIT-TASLAK.md:777) ; RFC7515 §5.2 [T314] “it is an application decision which of the JWS Signature values must successfully validate” (RFC 7515; RFC7515.txt:810-812)	vaka: K1 birincil | P2: mevcut tüm imzalar geçerli (R=∅) [ES256=geçerli, ML-DSA-65=geçerli]
T1P_both_valid	P0	tedavi-ML-DSA-65	evet	accept-hybrid	RFC7515 §5.2 [T315] “at least one JWS Signature value MUST successfully validate, or the JWS MUST be considered invalid” (RFC 7515; RFC7515.txt:814-816) ; RFC7515 §5.2 [T314] “it is an application decision which of the JWS Signature values must successfully validate” (RFC 7515; RFC7515.txt:810-812) ; ÖK §4.8 P0 “En az bir imza geçerliyse kabul” (ON-KAYIT-TASLAK v0.8; ON-KAYIT-TASLAK.md:775)	vaka: K1 birincil | P0: en az bir izinli imza geçerli [ES256=geçerli, ML-DSA-65=geçerli]
T2P_second_tampered	L4	tedavi-ML-DSA-65	evet	reject	RFC7515 §5.2 (8) “Validate the JWS Signature against the JWS Signing Input” (RFC 7515; RFC7515.txt:873) ; ÖK §4.8 P1 “Mevcut imzaların tümü geçerliyse kabul. İmza silinmesi (soyma) fark edilmez” (ON-KAYIT-TASLAK v0.8; ON-KAYIT-TASLAK.md:776) ; ACM2 Note 51 [T135] “the veriﬁcation function accepting if and only if all signatures are correct” (ECCG ACM v2.0; ACM2.txt:946) ; ÖK §6.5 “İhraççı başına gerekli küme R = {X}, izinli küme {A, X}.” (ON-KAYIT-TASLAK v0.8; ON-KAYIT-TASLAK.md:1054) ; ÖK §6.5 K2 “X imzası bozuk | RED” (ON-KAYIT-TASLAK v0.8; ON-KAYIT-TASLAK.md:1059)	vaka: K2 birincil | L4: mevcut imzalardan en az biri geçersiz/izinsiz → tüm-mevcut-geçerli koşulu sağlanmıyor [ES256=geçerli, ML-DSA-65=geçersiz (ikinci imzada bayt 5 bit 0 çevrildi)]
T2P_second_tampered	P2	tedavi-ML-DSA-65	evet	reject	RFC7515 §5.2 (8) “Validate the JWS Signature against the JWS Signing Input” (RFC 7515; RFC7515.txt:873) ; ÖK §4.8 P1 “Mevcut imzaların tümü geçerliyse kabul. İmza silinmesi (soyma) fark edilmez” (ON-KAYIT-TASLAK v0.8; ON-KAYIT-TASLAK.md:776) ; ACM2 Note 51 [T135] “the veriﬁcation function accepting if and only if all signatures are correct” (ECCG ACM v2.0; ACM2.txt:946)	vaka: K2 birincil | P2: mevcut imzalardan en az biri geçersiz/izinsiz → tüm-mevcut-geçerli koşulu sağlanmıyor [ES256=geçerli, ML-DSA-65=geçersiz (ikinci imzada bayt 5 bit 0 çevrildi)]
T2P_second_tampered	P0	tedavi-ML-DSA-65	evet	accept-classical	RFC7515 §5.2 [T315] “at least one JWS Signature value MUST successfully validate, or the JWS MUST be considered invalid” (RFC 7515; RFC7515.txt:814-816) ; RFC7515 §5.2 [T314] “it is an application decision which of the JWS Signature values must successfully validate” (RFC 7515; RFC7515.txt:810-812) ; ÖK §4.8 P0 “En az bir imza geçerliyse kabul” (ON-KAYIT-TASLAK v0.8; ON-KAYIT-TASLAK.md:775)	vaka: K2 birincil | P0: en az bir izinli imza geçerli [ES256=geçerli, ML-DSA-65=geçersiz (ikinci imzada bayt 5 bit 0 çevrildi)]
T4P_plus_ML-DSA-65-ES256	L4	tedavi-ML-DSA-65	hayır	reject	JWTBCP §3.1 [T327] “MUST NOT employ any algorithms outside this configured set” (draft-ietf-oauth-rfc8725bis-10; JWTBCP.txt:463-466) ; RFC7515 §4.1.1 [T319] “The JWS Signature value is not valid if the "alg" value does not represent a supported algorithm or if there is not a key for use with that algorithm” (RFC 7515; RFC7515.txt:508-510) ; ÖK §4.8 P1 “Mevcut imzaların tümü geçerliyse kabul. İmza silinmesi (soyma) fark edilmez” (ON-KAYIT-TASLAK v0.8; ON-KAYIT-TASLAK.md:776) ; ACM2 Note 51 [T135] “the veriﬁcation function accepting if and only if all signatures are correct” (ECCG ACM v2.0; ACM2.txt:946) ; ÖK §6.5 “İhraççı başına gerekli küme R = {X}, izinli küme {A, X}.” (ON-KAYIT-TASLAK v0.8; ON-KAYIT-TASLAK.md:1054)	vaka: K5 ikincil; MR2 ikincil | L4: mevcut imzalardan en az biri geçersiz/izinsiz → tüm-mevcut-geçerli koşulu sağlanmıyor [ES256=geçerli, ML-DSA-65=geçerli, ML-DSA-65-ES256=izinsiz]
T4P_plus_ML-DSA-65-ES256	P2	tedavi-ML-DSA-65	hayır	reject	JWTBCP §3.1 [T327] “MUST NOT employ any algorithms outside this configured set” (draft-ietf-oauth-rfc8725bis-10; JWTBCP.txt:463-466) ; RFC7515 §4.1.1 [T319] “The JWS Signature value is not valid if the "alg" value does not represent a supported algorithm or if there is not a key for use with that algorithm” (RFC 7515; RFC7515.txt:508-510) ; ÖK §4.8 P1 “Mevcut imzaların tümü geçerliyse kabul. İmza silinmesi (soyma) fark edilmez” (ON-KAYIT-TASLAK v0.8; ON-KAYIT-TASLAK.md:776) ; ACM2 Note 51 [T135] “the veriﬁcation function accepting if and only if all signatures are correct” (ECCG ACM v2.0; ACM2.txt:946)	vaka: K5 ikincil; MR2 ikincil | P2: mevcut imzalardan en az biri geçersiz/izinsiz → tüm-mevcut-geçerli koşulu sağlanmıyor [ES256=geçerli, ML-DSA-65=geçerli, ML-DSA-65-ES256=izinsiz]
T4P_plus_ML-DSA-65-ES256	P0	tedavi-ML-DSA-65	hayır	accept-hybrid	RFC7515 §5.2 [T315] “at least one JWS Signature value MUST successfully validate, or the JWS MUST be considered invalid” (RFC 7515; RFC7515.txt:814-816) ; RFC7515 §5.2 [T314] “it is an application decision which of the JWS Signature values must successfully validate” (RFC 7515; RFC7515.txt:810-812) ; ÖK §4.8 P0 “En az bir imza geçerliyse kabul” (ON-KAYIT-TASLAK v0.8; ON-KAYIT-TASLAK.md:775)	vaka: K5 ikincil; MR2 ikincil | P0: en az bir izinli imza geçerli [ES256=geçerli, ML-DSA-65=geçerli, ML-DSA-65-ES256=izinsiz]
T5P_only_ML-DSA-65	L4	tedavi-ML-DSA-65	evet	accept-hybrid	ÖK §6.5 “İhraççı başına gerekli küme R = {X}, izinli küme {A, X}.” (ON-KAYIT-TASLAK v0.8; ON-KAYIT-TASLAK.md:1054) ; JWTBCP §3.1 [T328] “MUST determine which algorithms are permitted for itself and that issuer and ensure that the received JWT complies with those requirements” (draft-ietf-oauth-rfc8725bis-10; JWTBCP.txt:482-485) ; ACM2 Note 51 [T135] “the veriﬁcation function accepting if and only if all signatures are correct” (ECCG ACM v2.0; ACM2.txt:946) ; ÖK §6.5 K4 “Yalnız X | KABUL” (ON-KAYIT-TASLAK v0.8; ON-KAYIT-TASLAK.md:1061)	vaka: K4 birincil | L4: tüm imzalar geçerli ve R={ML-DSA-65} karşılandı [ML-DSA-65=geçerli]
T5P_only_ML-DSA-65	P2	tedavi-ML-DSA-65	evet	accept-hybrid	ÖK §4.8 P1 “Mevcut imzaların tümü geçerliyse kabul. İmza silinmesi (soyma) fark edilmez” (ON-KAYIT-TASLAK v0.8; ON-KAYIT-TASLAK.md:776) ; ÖK §4.8 P2 “P1 + her imza, anahtarının bağlı olduğu algoritmayla doğrulanır” (ON-KAYIT-TASLAK v0.8; ON-KAYIT-TASLAK.md:777) ; RFC7515 §5.2 [T314] “it is an application decision which of the JWS Signature values must successfully validate” (RFC 7515; RFC7515.txt:810-812)	vaka: K4 birincil | P2: mevcut tüm imzalar geçerli (R=∅) [ML-DSA-65=geçerli]
T5P_only_ML-DSA-65	P0	tedavi-ML-DSA-65	evet	accept-hybrid	RFC7515 §5.2 [T315] “at least one JWS Signature value MUST successfully validate, or the JWS MUST be considered invalid” (RFC 7515; RFC7515.txt:814-816) ; RFC7515 §5.2 [T314] “it is an application decision which of the JWS Signature values must successfully validate” (RFC 7515; RFC7515.txt:810-812) ; ÖK §4.8 P0 “En az bir imza geçerliyse kabul” (ON-KAYIT-TASLAK v0.8; ON-KAYIT-TASLAK.md:775)	vaka: K4 birincil | P0: en az bir izinli imza geçerli [ML-DSA-65=geçerli]
UNK01_alg_ML-DSA-66	L4	tedavi-ML-DSA-65	hayır	reject	JWTBCP §3.1 [T327] “MUST NOT employ any algorithms outside this configured set” (draft-ietf-oauth-rfc8725bis-10; JWTBCP.txt:463-466) ; RFC7515 §4.1.1 [T319] “The JWS Signature value is not valid if the "alg" value does not represent a supported algorithm or if there is not a key for use with that algorithm” (RFC 7515; RFC7515.txt:508-510) ; ÖK §4.8 P1 “Mevcut imzaların tümü geçerliyse kabul. İmza silinmesi (soyma) fark edilmez” (ON-KAYIT-TASLAK v0.8; ON-KAYIT-TASLAK.md:776) ; ACM2 Note 51 [T135] “the veriﬁcation function accepting if and only if all signatures are correct” (ECCG ACM v2.0; ACM2.txt:946) ; ÖK §6.5 “İhraççı başına gerekli küme R = {X}, izinli küme {A, X}.” (ON-KAYIT-TASLAK v0.8; ON-KAYIT-TASLAK.md:1054)	vaka: eşleme dışı (aile UNK, kol tedavi-ML-DSA-65) | L4: mevcut imzalardan en az biri geçersiz/izinsiz → tüm-mevcut-geçerli koşulu sağlanmıyor [ML-DSA-66=izinsiz (bayt geçerli ML-DSA-65; etiket ML-DSA-66 kayıtsız)]
UNK01_alg_ML-DSA-66	P2	tedavi-ML-DSA-65	hayır	reject	JWTBCP §3.1 [T327] “MUST NOT employ any algorithms outside this configured set” (draft-ietf-oauth-rfc8725bis-10; JWTBCP.txt:463-466) ; RFC7515 §4.1.1 [T319] “The JWS Signature value is not valid if the "alg" value does not represent a supported algorithm or if there is not a key for use with that algorithm” (RFC 7515; RFC7515.txt:508-510) ; ÖK §4.8 P1 “Mevcut imzaların tümü geçerliyse kabul. İmza silinmesi (soyma) fark edilmez” (ON-KAYIT-TASLAK v0.8; ON-KAYIT-TASLAK.md:776) ; ACM2 Note 51 [T135] “the veriﬁcation function accepting if and only if all signatures are correct” (ECCG ACM v2.0; ACM2.txt:946)	vaka: eşleme dışı (aile UNK, kol tedavi-ML-DSA-65) | P2: mevcut imzalardan en az biri geçersiz/izinsiz → tüm-mevcut-geçerli koşulu sağlanmıyor [ML-DSA-66=izinsiz (bayt geçerli ML-DSA-65; etiket ML-DSA-66 kayıtsız)]
UNK01_alg_ML-DSA-66	P0	tedavi-ML-DSA-65	hayır	reject	RFC7515 §5.2 [T315] “at least one JWS Signature value MUST successfully validate, or the JWS MUST be considered invalid” (RFC 7515; RFC7515.txt:814-816) ; JWTBCP §3.1 [T327] “MUST NOT employ any algorithms outside this configured set” (draft-ietf-oauth-rfc8725bis-10; JWTBCP.txt:463-466) ; RFC7515 §4.1.1 [T319] “The JWS Signature value is not valid if the "alg" value does not represent a supported algorithm or if there is not a key for use with that algorithm” (RFC 7515; RFC7515.txt:508-510)	vaka: eşleme dışı (aile UNK, kol tedavi-ML-DSA-65) | P0: geçerli izinli imza yok [ML-DSA-66=izinsiz (bayt geçerli ML-DSA-65; etiket ML-DSA-66 kayıtsız)]
UNK03_alg_kucuk_harf	L4	tedavi-ML-DSA-65	hayır	reject	JWTBCP §3.1 [T327] “MUST NOT employ any algorithms outside this configured set” (draft-ietf-oauth-rfc8725bis-10; JWTBCP.txt:463-466) ; RFC7515 §4.1.1 [T319] “The JWS Signature value is not valid if the "alg" value does not represent a supported algorithm or if there is not a key for use with that algorithm” (RFC 7515; RFC7515.txt:508-510) ; ÖK §4.8 P1 “Mevcut imzaların tümü geçerliyse kabul. İmza silinmesi (soyma) fark edilmez” (ON-KAYIT-TASLAK v0.8; ON-KAYIT-TASLAK.md:776) ; ACM2 Note 51 [T135] “the veriﬁcation function accepting if and only if all signatures are correct” (ECCG ACM v2.0; ACM2.txt:946) ; ÖK §6.5 “İhraççı başına gerekli küme R = {X}, izinli küme {A, X}.” (ON-KAYIT-TASLAK v0.8; ON-KAYIT-TASLAK.md:1054) ; RFC7515 §4.1.1 “The "alg" value is a case-sensitive ASCII string” (RFC 7515; RFC7515.txt:514-515) ; JWTBCP §2.11 “reading algorithm values as if they were case-insensitive” (draft-ietf-oauth-rfc8725bis-10; JWTBCP.txt:412-413)	vaka: eşleme dışı (aile UNK, kol tedavi-ML-DSA-65) | L4: mevcut imzalardan en az biri geçersiz/izinsiz → tüm-mevcut-geçerli koşulu sağlanmıyor [ml-dsa-65=izinsiz (bayt geçerli; etiket küçük harf ml-dsa-65)]
UNK03_alg_kucuk_harf	P2	tedavi-ML-DSA-65	hayır	reject	JWTBCP §3.1 [T327] “MUST NOT employ any algorithms outside this configured set” (draft-ietf-oauth-rfc8725bis-10; JWTBCP.txt:463-466) ; RFC7515 §4.1.1 [T319] “The JWS Signature value is not valid if the "alg" value does not represent a supported algorithm or if there is not a key for use with that algorithm” (RFC 7515; RFC7515.txt:508-510) ; ÖK §4.8 P1 “Mevcut imzaların tümü geçerliyse kabul. İmza silinmesi (soyma) fark edilmez” (ON-KAYIT-TASLAK v0.8; ON-KAYIT-TASLAK.md:776) ; ACM2 Note 51 [T135] “the veriﬁcation function accepting if and only if all signatures are correct” (ECCG ACM v2.0; ACM2.txt:946) ; RFC7515 §4.1.1 “The "alg" value is a case-sensitive ASCII string” (RFC 7515; RFC7515.txt:514-515) ; JWTBCP §2.11 “reading algorithm values as if they were case-insensitive” (draft-ietf-oauth-rfc8725bis-10; JWTBCP.txt:412-413)	vaka: eşleme dışı (aile UNK, kol tedavi-ML-DSA-65) | P2: mevcut imzalardan en az biri geçersiz/izinsiz → tüm-mevcut-geçerli koşulu sağlanmıyor [ml-dsa-65=izinsiz (bayt geçerli; etiket küçük harf ml-dsa-65)]
UNK03_alg_kucuk_harf	P0	tedavi-ML-DSA-65	hayır	reject	RFC7515 §5.2 [T315] “at least one JWS Signature value MUST successfully validate, or the JWS MUST be considered invalid” (RFC 7515; RFC7515.txt:814-816) ; JWTBCP §3.1 [T327] “MUST NOT employ any algorithms outside this configured set” (draft-ietf-oauth-rfc8725bis-10; JWTBCP.txt:463-466) ; RFC7515 §4.1.1 [T319] “The JWS Signature value is not valid if the "alg" value does not represent a supported algorithm or if there is not a key for use with that algorithm” (RFC 7515; RFC7515.txt:508-510) ; RFC7515 §4.1.1 “The "alg" value is a case-sensitive ASCII string” (RFC 7515; RFC7515.txt:514-515) ; JWTBCP §2.11 “reading algorithm values as if they were case-insensitive” (draft-ietf-oauth-rfc8725bis-10; JWTBCP.txt:412-413)	vaka: eşleme dışı (aile UNK, kol tedavi-ML-DSA-65) | P0: geçerli izinli imza yok [ml-dsa-65=izinsiz (bayt geçerli; etiket küçük harf ml-dsa-65)]
UNK04_general_arti_kayitsiz_composite	L4	tedavi-ML-DSA-65	hayır	reject	JWTBCP §3.1 [T327] “MUST NOT employ any algorithms outside this configured set” (draft-ietf-oauth-rfc8725bis-10; JWTBCP.txt:463-466) ; RFC7515 §4.1.1 [T319] “The JWS Signature value is not valid if the "alg" value does not represent a supported algorithm or if there is not a key for use with that algorithm” (RFC 7515; RFC7515.txt:508-510) ; ÖK §4.8 P1 “Mevcut imzaların tümü geçerliyse kabul. İmza silinmesi (soyma) fark edilmez” (ON-KAYIT-TASLAK v0.8; ON-KAYIT-TASLAK.md:776) ; ACM2 Note 51 [T135] “the veriﬁcation function accepting if and only if all signatures are correct” (ECCG ACM v2.0; ACM2.txt:946) ; ÖK §6.5 “İhraççı başına gerekli küme R = {X}, izinli küme {A, X}.” (ON-KAYIT-TASLAK v0.8; ON-KAYIT-TASLAK.md:1054)	vaka: K5 ikincil (kayıtsız composite adı, geçerli bayt) | L4: mevcut imzalardan en az biri geçersiz/izinsiz → tüm-mevcut-geçerli koşulu sağlanmıyor [ES256=geçerli, ML-DSA-65=geçerli, ML-DSA-65-P256=izinsiz (bayt geçerli composite; etiket kayıtsız)]
UNK04_general_arti_kayitsiz_composite	P2	tedavi-ML-DSA-65	hayır	reject	JWTBCP §3.1 [T327] “MUST NOT employ any algorithms outside this configured set” (draft-ietf-oauth-rfc8725bis-10; JWTBCP.txt:463-466) ; RFC7515 §4.1.1 [T319] “The JWS Signature value is not valid if the "alg" value does not represent a supported algorithm or if there is not a key for use with that algorithm” (RFC 7515; RFC7515.txt:508-510) ; ÖK §4.8 P1 “Mevcut imzaların tümü geçerliyse kabul. İmza silinmesi (soyma) fark edilmez” (ON-KAYIT-TASLAK v0.8; ON-KAYIT-TASLAK.md:776) ; ACM2 Note 51 [T135] “the veriﬁcation function accepting if and only if all signatures are correct” (ECCG ACM v2.0; ACM2.txt:946)	vaka: K5 ikincil (kayıtsız composite adı, geçerli bayt) | P2: mevcut imzalardan en az biri geçersiz/izinsiz → tüm-mevcut-geçerli koşulu sağlanmıyor [ES256=geçerli, ML-DSA-65=geçerli, ML-DSA-65-P256=izinsiz (bayt geçerli composite; etiket kayıtsız)]
UNK04_general_arti_kayitsiz_composite	P0	tedavi-ML-DSA-65	hayır	accept-hybrid	RFC7515 §5.2 [T315] “at least one JWS Signature value MUST successfully validate, or the JWS MUST be considered invalid” (RFC 7515; RFC7515.txt:814-816) ; RFC7515 §5.2 [T314] “it is an application decision which of the JWS Signature values must successfully validate” (RFC 7515; RFC7515.txt:810-812) ; ÖK §4.8 P0 “En az bir imza geçerliyse kabul” (ON-KAYIT-TASLAK v0.8; ON-KAYIT-TASLAK.md:775)	vaka: K5 ikincil (kayıtsız composite adı, geçerli bayt) | P0: en az bir izinli imza geçerli [ES256=geçerli, ML-DSA-65=geçerli, ML-DSA-65-P256=izinsiz (bayt geçerli composite; etiket kayıtsız)]
UNK05_general_arti_alg_none	L4	tedavi-ML-DSA-65	hayır	reject	JWTBCP §3.1 [T327] “MUST NOT employ any algorithms outside this configured set” (draft-ietf-oauth-rfc8725bis-10; JWTBCP.txt:463-466) ; RFC7515 §4.1.1 [T319] “The JWS Signature value is not valid if the "alg" value does not represent a supported algorithm or if there is not a key for use with that algorithm” (RFC 7515; RFC7515.txt:508-510) ; ÖK §4.8 P1 “Mevcut imzaların tümü geçerliyse kabul. İmza silinmesi (soyma) fark edilmez” (ON-KAYIT-TASLAK v0.8; ON-KAYIT-TASLAK.md:776) ; ACM2 Note 51 [T135] “the veriﬁcation function accepting if and only if all signatures are correct” (ECCG ACM v2.0; ACM2.txt:946) ; ÖK §6.5 “İhraççı başına gerekli küme R = {X}, izinli küme {A, X}.” (ON-KAYIT-TASLAK v0.8; ON-KAYIT-TASLAK.md:1054)	vaka: K5 ikincil (alg=none ek imza) | L4: mevcut imzalardan en az biri geçersiz/izinsiz → tüm-mevcut-geçerli koşulu sağlanmıyor [ES256=geçerli, ML-DSA-65=geçerli, none=izinsiz (alg=none, boş imza)] | none imzası izinli değil (8725bis §3.2); General JSON bir JWT değildir (8725bis §2.13), P0 kararı diğer imzalardan
UNK05_general_arti_alg_none	P2	tedavi-ML-DSA-65	hayır	reject	JWTBCP §3.1 [T327] “MUST NOT employ any algorithms outside this configured set” (draft-ietf-oauth-rfc8725bis-10; JWTBCP.txt:463-466) ; RFC7515 §4.1.1 [T319] “The JWS Signature value is not valid if the "alg" value does not represent a supported algorithm or if there is not a key for use with that algorithm” (RFC 7515; RFC7515.txt:508-510) ; ÖK §4.8 P1 “Mevcut imzaların tümü geçerliyse kabul. İmza silinmesi (soyma) fark edilmez” (ON-KAYIT-TASLAK v0.8; ON-KAYIT-TASLAK.md:776) ; ACM2 Note 51 [T135] “the veriﬁcation function accepting if and only if all signatures are correct” (ECCG ACM v2.0; ACM2.txt:946)	vaka: K5 ikincil (alg=none ek imza) | P2: mevcut imzalardan en az biri geçersiz/izinsiz → tüm-mevcut-geçerli koşulu sağlanmıyor [ES256=geçerli, ML-DSA-65=geçerli, none=izinsiz (alg=none, boş imza)] | none imzası izinli değil (8725bis §3.2); General JSON bir JWT değildir (8725bis §2.13), P0 kararı diğer imzalardan
UNK05_general_arti_alg_none	P0	tedavi-ML-DSA-65	hayır	accept-hybrid	RFC7515 §5.2 [T315] “at least one JWS Signature value MUST successfully validate, or the JWS MUST be considered invalid” (RFC 7515; RFC7515.txt:814-816) ; RFC7515 §5.2 [T314] “it is an application decision which of the JWS Signature values must successfully validate” (RFC 7515; RFC7515.txt:810-812) ; ÖK §4.8 P0 “En az bir imza geçerliyse kabul” (ON-KAYIT-TASLAK v0.8; ON-KAYIT-TASLAK.md:775)	vaka: K5 ikincil (alg=none ek imza) | P0: en az bir izinli imza geçerli [ES256=geçerli, ML-DSA-65=geçerli, none=izinsiz (alg=none, boş imza)] | none imzası izinli değil (8725bis §3.2); General JSON bir JWT değildir (8725bis §2.13), P0 kararı diğer imzalardan
CMP14_ed25519_ml_bileseni_bozuk	L4	tedavi-ML-DSA-65	hayır	reject	JOSECOMP §4.3 [T345] “MUST validate a signature only if all component signatures were successfully validated” (draft-ietf-jose-pq-composite-sigs-04; JOSECOMP.txt:452-453) ; JWTBCP §3.1 [T327] “MUST NOT employ any algorithms outside this configured set” (draft-ietf-oauth-rfc8725bis-10; JWTBCP.txt:463-466) ; RFC7515 §4.1.1 [T319] “The JWS Signature value is not valid if the "alg" value does not represent a supported algorithm or if there is not a key for use with that algorithm” (RFC 7515; RFC7515.txt:508-510) ; ÖK §4.8 P1 “Mevcut imzaların tümü geçerliyse kabul. İmza silinmesi (soyma) fark edilmez” (ON-KAYIT-TASLAK v0.8; ON-KAYIT-TASLAK.md:776) ; ACM2 Note 51 [T135] “the veriﬁcation function accepting if and only if all signatures are correct” (ECCG ACM v2.0; ACM2.txt:946) ; ÖK §6.5 “İhraççı başına gerekli küme R = {X}, izinli küme {A, X}.” (ON-KAYIT-TASLAK v0.8; ON-KAYIT-TASLAK.md:1054)	vaka: eşleme dışı (aile CMP, kol kapsam-hibrit) | L4: mevcut imzalardan en az biri geçersiz/izinsiz → tüm-mevcut-geçerli koşulu sağlanmıyor [ML-DSA-65-Ed25519=izinsiz (ML-DSA bileşeni bozuk)]
CMP14_ed25519_ml_bileseni_bozuk	P2	tedavi-ML-DSA-65	hayır	reject	JOSECOMP §4.3 [T345] “MUST validate a signature only if all component signatures were successfully validated” (draft-ietf-jose-pq-composite-sigs-04; JOSECOMP.txt:452-453) ; JWTBCP §3.1 [T327] “MUST NOT employ any algorithms outside this configured set” (draft-ietf-oauth-rfc8725bis-10; JWTBCP.txt:463-466) ; RFC7515 §4.1.1 [T319] “The JWS Signature value is not valid if the "alg" value does not represent a supported algorithm or if there is not a key for use with that algorithm” (RFC 7515; RFC7515.txt:508-510) ; ÖK §4.8 P1 “Mevcut imzaların tümü geçerliyse kabul. İmza silinmesi (soyma) fark edilmez” (ON-KAYIT-TASLAK v0.8; ON-KAYIT-TASLAK.md:776) ; ACM2 Note 51 [T135] “the veriﬁcation function accepting if and only if all signatures are correct” (ECCG ACM v2.0; ACM2.txt:946)	vaka: eşleme dışı (aile CMP, kol kapsam-hibrit) | P2: mevcut imzalardan en az biri geçersiz/izinsiz → tüm-mevcut-geçerli koşulu sağlanmıyor [ML-DSA-65-Ed25519=izinsiz (ML-DSA bileşeni bozuk)]
CMP14_ed25519_ml_bileseni_bozuk	P0	tedavi-ML-DSA-65	hayır	reject	JOSECOMP §4.3 [T345] “MUST validate a signature only if all component signatures were successfully validated” (draft-ietf-jose-pq-composite-sigs-04; JOSECOMP.txt:452-453) ; RFC7515 §5.2 [T315] “at least one JWS Signature value MUST successfully validate, or the JWS MUST be considered invalid” (RFC 7515; RFC7515.txt:814-816) ; JWTBCP §3.1 [T327] “MUST NOT employ any algorithms outside this configured set” (draft-ietf-oauth-rfc8725bis-10; JWTBCP.txt:463-466) ; RFC7515 §4.1.1 [T319] “The JWS Signature value is not valid if the "alg" value does not represent a supported algorithm or if there is not a key for use with that algorithm” (RFC 7515; RFC7515.txt:508-510)	vaka: eşleme dışı (aile CMP, kol kapsam-hibrit) | P0: geçerli izinli imza yok [ML-DSA-65-Ed25519=izinsiz (ML-DSA bileşeni bozuk)]
CMP15_ed25519_eddsa_bileseni_bozuk	L4	tedavi-ML-DSA-65	hayır	reject	JOSECOMP §4.3 [T345] “MUST validate a signature only if all component signatures were successfully validated” (draft-ietf-jose-pq-composite-sigs-04; JOSECOMP.txt:452-453) ; JWTBCP §3.1 [T327] “MUST NOT employ any algorithms outside this configured set” (draft-ietf-oauth-rfc8725bis-10; JWTBCP.txt:463-466) ; RFC7515 §4.1.1 [T319] “The JWS Signature value is not valid if the "alg" value does not represent a supported algorithm or if there is not a key for use with that algorithm” (RFC 7515; RFC7515.txt:508-510) ; ÖK §4.8 P1 “Mevcut imzaların tümü geçerliyse kabul. İmza silinmesi (soyma) fark edilmez” (ON-KAYIT-TASLAK v0.8; ON-KAYIT-TASLAK.md:776) ; ACM2 Note 51 [T135] “the veriﬁcation function accepting if and only if all signatures are correct” (ECCG ACM v2.0; ACM2.txt:946) ; ÖK §6.5 “İhraççı başına gerekli küme R = {X}, izinli küme {A, X}.” (ON-KAYIT-TASLAK v0.8; ON-KAYIT-TASLAK.md:1054)	vaka: eşleme dışı (aile CMP, kol kapsam-hibrit) | L4: mevcut imzalardan en az biri geçersiz/izinsiz → tüm-mevcut-geçerli koşulu sağlanmıyor [ML-DSA-65-Ed25519=izinsiz (Ed25519 bileşeni bozuk)]
CMP15_ed25519_eddsa_bileseni_bozuk	P2	tedavi-ML-DSA-65	hayır	reject	JOSECOMP §4.3 [T345] “MUST validate a signature only if all component signatures were successfully validated” (draft-ietf-jose-pq-composite-sigs-04; JOSECOMP.txt:452-453) ; JWTBCP §3.1 [T327] “MUST NOT employ any algorithms outside this configured set” (draft-ietf-oauth-rfc8725bis-10; JWTBCP.txt:463-466) ; RFC7515 §4.1.1 [T319] “The JWS Signature value is not valid if the "alg" value does not represent a supported algorithm or if there is not a key for use with that algorithm” (RFC 7515; RFC7515.txt:508-510) ; ÖK §4.8 P1 “Mevcut imzaların tümü geçerliyse kabul. İmza silinmesi (soyma) fark edilmez” (ON-KAYIT-TASLAK v0.8; ON-KAYIT-TASLAK.md:776) ; ACM2 Note 51 [T135] “the veriﬁcation function accepting if and only if all signatures are correct” (ECCG ACM v2.0; ACM2.txt:946)	vaka: eşleme dışı (aile CMP, kol kapsam-hibrit) | P2: mevcut imzalardan en az biri geçersiz/izinsiz → tüm-mevcut-geçerli koşulu sağlanmıyor [ML-DSA-65-Ed25519=izinsiz (Ed25519 bileşeni bozuk)]
CMP15_ed25519_eddsa_bileseni_bozuk	P0	tedavi-ML-DSA-65	hayır	reject	JOSECOMP §4.3 [T345] “MUST validate a signature only if all component signatures were successfully validated” (draft-ietf-jose-pq-composite-sigs-04; JOSECOMP.txt:452-453) ; RFC7515 §5.2 [T315] “at least one JWS Signature value MUST successfully validate, or the JWS MUST be considered invalid” (RFC 7515; RFC7515.txt:814-816) ; JWTBCP §3.1 [T327] “MUST NOT employ any algorithms outside this configured set” (draft-ietf-oauth-rfc8725bis-10; JWTBCP.txt:463-466) ; RFC7515 §4.1.1 [T319] “The JWS Signature value is not valid if the "alg" value does not represent a supported algorithm or if there is not a key for use with that algorithm” (RFC 7515; RFC7515.txt:508-510)	vaka: eşleme dışı (aile CMP, kol kapsam-hibrit) | P0: geçerli izinli imza yok [ML-DSA-65-Ed25519=izinsiz (Ed25519 bileşeni bozuk)]
X5C01_klasik_zincir	L4	tedavi-ML-DSA-65	hayır	reject	ÖK §6.5 “İhraççı başına gerekli küme R = {X}, izinli küme {A, X}.” (ON-KAYIT-TASLAK v0.8; ON-KAYIT-TASLAK.md:1054) ; JWTBCP §3.1 [T328] “MUST determine which algorithms are permitted for itself and that issuer and ensure that the received JWT complies with those requirements” (draft-ietf-oauth-rfc8725bis-10; JWTBCP.txt:482-485) ; ÖK §4.7 G5 “Göç etmiş bir varlık, ilan ettiği eski-sürüm penceresi dışında yalnız klasik kanıtla kabul edilemez.” (ON-KAYIT-TASLAK v0.8; ON-KAYIT-TASLAK.md:767) ; ÖK §2B m.6 (L4c) “Göç etmiş ihraççının yalnız klasik imzalı belgesi reddedilir, eski ihraççının klasik imzalı belgesi kabul edilir.” (ON-KAYIT-TASLAK v0.8; ON-KAYIT-TASLAK.md:256)	vaka: eşleme dışı (aile X5C, kol klasik-taban) | L4: R={ML-DSA-65} için geçerli imza yok (yalnız klasik kanıt; G5) [ES256=geçerli] | sdjwtvc: -13/-19 aynı
X5C01_klasik_zincir	P2	tedavi-ML-DSA-65	hayır	accept-classical	ÖK §4.8 P1 “Mevcut imzaların tümü geçerliyse kabul. İmza silinmesi (soyma) fark edilmez” (ON-KAYIT-TASLAK v0.8; ON-KAYIT-TASLAK.md:776) ; ÖK §4.8 P2 “P1 + her imza, anahtarının bağlı olduğu algoritmayla doğrulanır” (ON-KAYIT-TASLAK v0.8; ON-KAYIT-TASLAK.md:777) ; RFC7515 §5.2 [T314] “it is an application decision which of the JWS Signature values must successfully validate” (RFC 7515; RFC7515.txt:810-812) ; RFC9901 §7.1 (2b) “Validate the signature over the Issuer-signed JWT per Section 5.2 of [RFC7515].” (RFC 9901; RFC9901.txt:1667-1668) ; RFC7515 §4.1.6 [T038] “The recipient MUST validate the certificate chain according to RFC 5280” (RFC 7515; RFC7515.txt:596-597)	vaka: eşleme dışı (aile X5C, kol klasik-taban) | P2: mevcut tüm imzalar geçerli (R=∅) [ES256=geçerli] | sdjwtvc: -13/-19 aynı
X5C01_klasik_zincir	P0	tedavi-ML-DSA-65	hayır	accept-classical	RFC7515 §5.2 [T315] “at least one JWS Signature value MUST successfully validate, or the JWS MUST be considered invalid” (RFC 7515; RFC7515.txt:814-816) ; RFC7515 §5.2 [T314] “it is an application decision which of the JWS Signature values must successfully validate” (RFC 7515; RFC7515.txt:810-812) ; ÖK §4.8 P0 “En az bir imza geçerliyse kabul” (ON-KAYIT-TASLAK v0.8; ON-KAYIT-TASLAK.md:775) ; RFC9901 §7.1 (2b) “Validate the signature over the Issuer-signed JWT per Section 5.2 of [RFC7515].” (RFC 9901; RFC9901.txt:1667-1668) ; RFC7515 §4.1.6 [T038] “The recipient MUST validate the certificate chain according to RFC 5280” (RFC 7515; RFC7515.txt:596-597)	vaka: eşleme dışı (aile X5C, kol klasik-taban) | P0: en az bir izinli imza geçerli [ES256=geçerli] | sdjwtvc: -13/-19 aynı
X5C02_pq_zincir	L4	tedavi-ML-DSA-65	hayır	accept-hybrid	ÖK §6.5 “İhraççı başına gerekli küme R = {X}, izinli küme {A, X}.” (ON-KAYIT-TASLAK v0.8; ON-KAYIT-TASLAK.md:1054) ; JWTBCP §3.1 [T328] “MUST determine which algorithms are permitted for itself and that issuer and ensure that the received JWT complies with those requirements” (draft-ietf-oauth-rfc8725bis-10; JWTBCP.txt:482-485) ; ACM2 Note 51 [T135] “the veriﬁcation function accepting if and only if all signatures are correct” (ECCG ACM v2.0; ACM2.txt:946) ; RFC9901 §7.1 (2b) “Validate the signature over the Issuer-signed JWT per Section 5.2 of [RFC7515].” (RFC 9901; RFC9901.txt:1667-1668) ; RFC7515 §4.1.6 [T038] “The recipient MUST validate the certificate chain according to RFC 5280” (RFC 7515; RFC7515.txt:596-597)	vaka: eşleme dışı (aile X5C, kol tedavi-ML-DSA-65) | L4: tüm imzalar geçerli ve R={ML-DSA-65} karşılandı [ML-DSA-65=geçerli] | sdjwtvc: -13/-19 aynı
X5C02_pq_zincir	P2	tedavi-ML-DSA-65	hayır	accept-hybrid	ÖK §4.8 P1 “Mevcut imzaların tümü geçerliyse kabul. İmza silinmesi (soyma) fark edilmez” (ON-KAYIT-TASLAK v0.8; ON-KAYIT-TASLAK.md:776) ; ÖK §4.8 P2 “P1 + her imza, anahtarının bağlı olduğu algoritmayla doğrulanır” (ON-KAYIT-TASLAK v0.8; ON-KAYIT-TASLAK.md:777) ; RFC7515 §5.2 [T314] “it is an application decision which of the JWS Signature values must successfully validate” (RFC 7515; RFC7515.txt:810-812) ; RFC9901 §7.1 (2b) “Validate the signature over the Issuer-signed JWT per Section 5.2 of [RFC7515].” (RFC 9901; RFC9901.txt:1667-1668) ; RFC7515 §4.1.6 [T038] “The recipient MUST validate the certificate chain according to RFC 5280” (RFC 7515; RFC7515.txt:596-597)	vaka: eşleme dışı (aile X5C, kol tedavi-ML-DSA-65) | P2: mevcut tüm imzalar geçerli (R=∅) [ML-DSA-65=geçerli] | sdjwtvc: -13/-19 aynı
X5C02_pq_zincir	P0	tedavi-ML-DSA-65	hayır	accept-hybrid	RFC7515 §5.2 [T315] “at least one JWS Signature value MUST successfully validate, or the JWS MUST be considered invalid” (RFC 7515; RFC7515.txt:814-816) ; RFC7515 §5.2 [T314] “it is an application decision which of the JWS Signature values must successfully validate” (RFC 7515; RFC7515.txt:810-812) ; ÖK §4.8 P0 “En az bir imza geçerliyse kabul” (ON-KAYIT-TASLAK v0.8; ON-KAYIT-TASLAK.md:775) ; RFC9901 §7.1 (2b) “Validate the signature over the Issuer-signed JWT per Section 5.2 of [RFC7515].” (RFC 9901; RFC9901.txt:1667-1668) ; RFC7515 §4.1.6 [T038] “The recipient MUST validate the certificate chain according to RFC 5280” (RFC 7515; RFC7515.txt:596-597)	vaka: eşleme dışı (aile X5C, kol tedavi-ML-DSA-65) | P0: en az bir izinli imza geçerli [ML-DSA-65=geçerli] | sdjwtvc: -13/-19 aynı
X5C03_karisik_klasik_yaprak_pq_ara	L4	tedavi-ML-DSA-65	hayır	reject	ÖK §6.5 “İhraççı başına gerekli küme R = {X}, izinli küme {A, X}.” (ON-KAYIT-TASLAK v0.8; ON-KAYIT-TASLAK.md:1054) ; JWTBCP §3.1 [T328] “MUST determine which algorithms are permitted for itself and that issuer and ensure that the received JWT complies with those requirements” (draft-ietf-oauth-rfc8725bis-10; JWTBCP.txt:482-485) ; ÖK §4.7 G5 “Göç etmiş bir varlık, ilan ettiği eski-sürüm penceresi dışında yalnız klasik kanıtla kabul edilemez.” (ON-KAYIT-TASLAK v0.8; ON-KAYIT-TASLAK.md:767) ; ÖK §2B m.6 (L4c) “Göç etmiş ihraççının yalnız klasik imzalı belgesi reddedilir, eski ihraççının klasik imzalı belgesi kabul edilir.” (ON-KAYIT-TASLAK v0.8; ON-KAYIT-TASLAK.md:256)	vaka: K8 ikincil (klasik yaprak + PQ ara) | L4: R={ML-DSA-65} için geçerli imza yok (yalnız klasik kanıt; G5) [ES256=geçerli] | sdjwtvc: -13/-19 aynı
X5C03_karisik_klasik_yaprak_pq_ara	P2	tedavi-ML-DSA-65	hayır	accept-classical	ÖK §4.8 P1 “Mevcut imzaların tümü geçerliyse kabul. İmza silinmesi (soyma) fark edilmez” (ON-KAYIT-TASLAK v0.8; ON-KAYIT-TASLAK.md:776) ; ÖK §4.8 P2 “P1 + her imza, anahtarının bağlı olduğu algoritmayla doğrulanır” (ON-KAYIT-TASLAK v0.8; ON-KAYIT-TASLAK.md:777) ; RFC7515 §5.2 [T314] “it is an application decision which of the JWS Signature values must successfully validate” (RFC 7515; RFC7515.txt:810-812) ; RFC9901 §7.1 (2b) “Validate the signature over the Issuer-signed JWT per Section 5.2 of [RFC7515].” (RFC 9901; RFC9901.txt:1667-1668) ; RFC7515 §4.1.6 [T038] “The recipient MUST validate the certificate chain according to RFC 5280” (RFC 7515; RFC7515.txt:596-597)	vaka: K8 ikincil (klasik yaprak + PQ ara) | P2: mevcut tüm imzalar geçerli (R=∅) [ES256=geçerli] | sdjwtvc: -13/-19 aynı
X5C03_karisik_klasik_yaprak_pq_ara	P0	tedavi-ML-DSA-65	hayır	accept-classical	RFC7515 §5.2 [T315] “at least one JWS Signature value MUST successfully validate, or the JWS MUST be considered invalid” (RFC 7515; RFC7515.txt:814-816) ; RFC7515 §5.2 [T314] “it is an application decision which of the JWS Signature values must successfully validate” (RFC 7515; RFC7515.txt:810-812) ; ÖK §4.8 P0 “En az bir imza geçerliyse kabul” (ON-KAYIT-TASLAK v0.8; ON-KAYIT-TASLAK.md:775) ; RFC9901 §7.1 (2b) “Validate the signature over the Issuer-signed JWT per Section 5.2 of [RFC7515].” (RFC 9901; RFC9901.txt:1667-1668) ; RFC7515 §4.1.6 [T038] “The recipient MUST validate the certificate chain according to RFC 5280” (RFC 7515; RFC7515.txt:596-597)	vaka: K8 ikincil (klasik yaprak + PQ ara) | P0: en az bir izinli imza geçerli [ES256=geçerli] | sdjwtvc: -13/-19 aynı
X5C04_karisik_pq_yaprak_klasik_ara	L4	tedavi-ML-DSA-65	evet	accept-hybrid	ÖK §6.5 “İhraççı başına gerekli küme R = {X}, izinli küme {A, X}.” (ON-KAYIT-TASLAK v0.8; ON-KAYIT-TASLAK.md:1054) ; JWTBCP §3.1 [T328] “MUST determine which algorithms are permitted for itself and that issuer and ensure that the received JWT complies with those requirements” (draft-ietf-oauth-rfc8725bis-10; JWTBCP.txt:482-485) ; ACM2 Note 51 [T135] “the veriﬁcation function accepting if and only if all signatures are correct” (ECCG ACM v2.0; ACM2.txt:946) ; RFC9901 §7.1 (2b) “Validate the signature over the Issuer-signed JWT per Section 5.2 of [RFC7515].” (RFC 9901; RFC9901.txt:1667-1668) ; RFC7515 §4.1.6 [T038] “The recipient MUST validate the certificate chain according to RFC 5280” (RFC 7515; RFC7515.txt:596-597) ; ÖK §6.5 K8 “Bayrak B2” (ON-KAYIT-TASLAK v0.8; ON-KAYIT-TASLAK.md:1065)	vaka: K8 birincil (bayrak B2; UYARLANMIŞ: yaprak ML-DSA-65, ÖK §2F m.4) | L4: tüm imzalar geçerli ve R={ML-DSA-65} karşılandı [ML-DSA-65=geçerli] | accept-hybrid yalnız JWS katmanı: sertifika yolunda klasik kenar var (ara CA int-ec); §6.5 politikası zincir kenarlarını kısıtlamaz; yol sınıfı B2 bayrağıyla raporlanır | sdjwtvc: -13/-19 aynı
X5C04_karisik_pq_yaprak_klasik_ara	P2	tedavi-ML-DSA-65	evet	accept-hybrid	ÖK §4.8 P1 “Mevcut imzaların tümü geçerliyse kabul. İmza silinmesi (soyma) fark edilmez” (ON-KAYIT-TASLAK v0.8; ON-KAYIT-TASLAK.md:776) ; ÖK §4.8 P2 “P1 + her imza, anahtarının bağlı olduğu algoritmayla doğrulanır” (ON-KAYIT-TASLAK v0.8; ON-KAYIT-TASLAK.md:777) ; RFC7515 §5.2 [T314] “it is an application decision which of the JWS Signature values must successfully validate” (RFC 7515; RFC7515.txt:810-812) ; RFC9901 §7.1 (2b) “Validate the signature over the Issuer-signed JWT per Section 5.2 of [RFC7515].” (RFC 9901; RFC9901.txt:1667-1668) ; RFC7515 §4.1.6 [T038] “The recipient MUST validate the certificate chain according to RFC 5280” (RFC 7515; RFC7515.txt:596-597)	vaka: K8 birincil (bayrak B2; UYARLANMIŞ: yaprak ML-DSA-65, ÖK §2F m.4) | P2: mevcut tüm imzalar geçerli (R=∅) [ML-DSA-65=geçerli] | accept-hybrid yalnız JWS katmanı: sertifika yolunda klasik kenar var (ara CA int-ec); §6.5 politikası zincir kenarlarını kısıtlamaz; yol sınıfı B2 bayrağıyla raporlanır | sdjwtvc: -13/-19 aynı
X5C04_karisik_pq_yaprak_klasik_ara	P0	tedavi-ML-DSA-65	evet	accept-hybrid	RFC7515 §5.2 [T315] “at least one JWS Signature value MUST successfully validate, or the JWS MUST be considered invalid” (RFC 7515; RFC7515.txt:814-816) ; RFC7515 §5.2 [T314] “it is an application decision which of the JWS Signature values must successfully validate” (RFC 7515; RFC7515.txt:810-812) ; ÖK §4.8 P0 “En az bir imza geçerliyse kabul” (ON-KAYIT-TASLAK v0.8; ON-KAYIT-TASLAK.md:775) ; RFC9901 §7.1 (2b) “Validate the signature over the Issuer-signed JWT per Section 5.2 of [RFC7515].” (RFC 9901; RFC9901.txt:1667-1668) ; RFC7515 §4.1.6 [T038] “The recipient MUST validate the certificate chain according to RFC 5280” (RFC 7515; RFC7515.txt:596-597)	vaka: K8 birincil (bayrak B2; UYARLANMIŞ: yaprak ML-DSA-65, ÖK §2F m.4) | P0: en az bir izinli imza geçerli [ML-DSA-65=geçerli] | accept-hybrid yalnız JWS katmanı: sertifika yolunda klasik kenar var (ara CA int-ec); §6.5 politikası zincir kenarlarını kısıtlamaz; yol sınıfı B2 bayrağıyla raporlanır | sdjwtvc: -13/-19 aynı
X5C05_karisik_pq_ara_klasik_kok	L4	tedavi-ML-DSA-65	hayır	accept-hybrid	ÖK §6.5 “İhraççı başına gerekli küme R = {X}, izinli küme {A, X}.” (ON-KAYIT-TASLAK v0.8; ON-KAYIT-TASLAK.md:1054) ; JWTBCP §3.1 [T328] “MUST determine which algorithms are permitted for itself and that issuer and ensure that the received JWT complies with those requirements” (draft-ietf-oauth-rfc8725bis-10; JWTBCP.txt:482-485) ; ACM2 Note 51 [T135] “the veriﬁcation function accepting if and only if all signatures are correct” (ECCG ACM v2.0; ACM2.txt:946) ; RFC9901 §7.1 (2b) “Validate the signature over the Issuer-signed JWT per Section 5.2 of [RFC7515].” (RFC 9901; RFC9901.txt:1667-1668) ; RFC7515 §4.1.6 [T038] “The recipient MUST validate the certificate chain according to RFC 5280” (RFC 7515; RFC7515.txt:596-597)	vaka: K8 ikincil (PQ ara + klasik kök) | L4: tüm imzalar geçerli ve R={ML-DSA-65} karşılandı [ML-DSA-65=geçerli] | accept-hybrid yalnız JWS katmanı: sertifika yolunda klasik kenar var (kök root-ec); §6.5 politikası zincir kenarlarını kısıtlamaz; yol sınıfı B2 bayrağıyla raporlanır | sdjwtvc: -13/-19 aynı
X5C05_karisik_pq_ara_klasik_kok	P2	tedavi-ML-DSA-65	hayır	accept-hybrid	ÖK §4.8 P1 “Mevcut imzaların tümü geçerliyse kabul. İmza silinmesi (soyma) fark edilmez” (ON-KAYIT-TASLAK v0.8; ON-KAYIT-TASLAK.md:776) ; ÖK §4.8 P2 “P1 + her imza, anahtarının bağlı olduğu algoritmayla doğrulanır” (ON-KAYIT-TASLAK v0.8; ON-KAYIT-TASLAK.md:777) ; RFC7515 §5.2 [T314] “it is an application decision which of the JWS Signature values must successfully validate” (RFC 7515; RFC7515.txt:810-812) ; RFC9901 §7.1 (2b) “Validate the signature over the Issuer-signed JWT per Section 5.2 of [RFC7515].” (RFC 9901; RFC9901.txt:1667-1668) ; RFC7515 §4.1.6 [T038] “The recipient MUST validate the certificate chain according to RFC 5280” (RFC 7515; RFC7515.txt:596-597)	vaka: K8 ikincil (PQ ara + klasik kök) | P2: mevcut tüm imzalar geçerli (R=∅) [ML-DSA-65=geçerli] | accept-hybrid yalnız JWS katmanı: sertifika yolunda klasik kenar var (kök root-ec); §6.5 politikası zincir kenarlarını kısıtlamaz; yol sınıfı B2 bayrağıyla raporlanır | sdjwtvc: -13/-19 aynı
X5C05_karisik_pq_ara_klasik_kok	P0	tedavi-ML-DSA-65	hayır	accept-hybrid	RFC7515 §5.2 [T315] “at least one JWS Signature value MUST successfully validate, or the JWS MUST be considered invalid” (RFC 7515; RFC7515.txt:814-816) ; RFC7515 §5.2 [T314] “it is an application decision which of the JWS Signature values must successfully validate” (RFC 7515; RFC7515.txt:810-812) ; ÖK §4.8 P0 “En az bir imza geçerliyse kabul” (ON-KAYIT-TASLAK v0.8; ON-KAYIT-TASLAK.md:775) ; RFC9901 §7.1 (2b) “Validate the signature over the Issuer-signed JWT per Section 5.2 of [RFC7515].” (RFC 9901; RFC9901.txt:1667-1668) ; RFC7515 §4.1.6 [T038] “The recipient MUST validate the certificate chain according to RFC 5280” (RFC 7515; RFC7515.txt:596-597)	vaka: K8 ikincil (PQ ara + klasik kök) | P0: en az bir izinli imza geçerli [ML-DSA-65=geçerli] | accept-hybrid yalnız JWS katmanı: sertifika yolunda klasik kenar var (kök root-ec); §6.5 politikası zincir kenarlarını kısıtlamaz; yol sınıfı B2 bayrağıyla raporlanır | sdjwtvc: -13/-19 aynı
X5C06_guven_capasi_x5c_icinde	L4	tedavi-ML-DSA-65	hayır	indeterminate	HAIP §6.1.1 “The X.509 certificate of the trust anchor MUST NOT be included in the x5c JOSE header of the SD-JWT VC.” (OpenID4VC HAIP 1.0 Final; HAIP.txt:490) ; RFC7515 §4.1.6 [T038] “The recipient MUST validate the certificate chain according to RFC 5280” (RFC 7515; RFC7515.txt:596-597)	vaka: eşleme dışı (aile X5C, kol tedavi-ML-DSA-65) | güven çapası x5c içinde: HAIP üreticiye "MUST NOT" der, doğrulayıcı için ret kuralı yok; RFC 5280 yolu yine kurulabilir → hem kabul hem ret uyumlu | sdjwtvc: -13/-19 aynı
X5C06_guven_capasi_x5c_icinde	P2	tedavi-ML-DSA-65	hayır	indeterminate	HAIP §6.1.1 “The X.509 certificate of the trust anchor MUST NOT be included in the x5c JOSE header of the SD-JWT VC.” (OpenID4VC HAIP 1.0 Final; HAIP.txt:490) ; RFC7515 §4.1.6 [T038] “The recipient MUST validate the certificate chain according to RFC 5280” (RFC 7515; RFC7515.txt:596-597)	vaka: eşleme dışı (aile X5C, kol tedavi-ML-DSA-65) | güven çapası x5c içinde: HAIP üreticiye "MUST NOT" der, doğrulayıcı için ret kuralı yok; RFC 5280 yolu yine kurulabilir → hem kabul hem ret uyumlu | sdjwtvc: -13/-19 aynı
X5C06_guven_capasi_x5c_icinde	P0	tedavi-ML-DSA-65	hayır	indeterminate	HAIP §6.1.1 “The X.509 certificate of the trust anchor MUST NOT be included in the x5c JOSE header of the SD-JWT VC.” (OpenID4VC HAIP 1.0 Final; HAIP.txt:490) ; RFC7515 §4.1.6 [T038] “The recipient MUST validate the certificate chain according to RFC 5280” (RFC 7515; RFC7515.txt:596-597)	vaka: eşleme dışı (aile X5C, kol tedavi-ML-DSA-65) | güven çapası x5c içinde: HAIP üreticiye "MUST NOT" der, doğrulayıcı için ret kuralı yok; RFC 5280 yolu yine kurulabilir → hem kabul hem ret uyumlu | sdjwtvc: -13/-19 aynı
X5C07_korumasiz_x5c	L4	tedavi-ML-DSA-65	evet	reject	RFC7515 §6 [T040] “MUST be integrity protected if the information that they convey is to be utilized in a trust decision” (RFC 7515; RFC7515.txt:946-948) ; SDJWTVC13 §3.5 “When the protected header of the Issuer-signed JWT contains the x5c parameter” (draft-ietf-oauth-sd-jwt-vc-13; SDJWTVC13.txt:748-750) ; SDJWTVC13 §3.5 “using a permitted Issuer Signature Mechanism, the SD-JWT VC MUST be rejected” (draft-ietf-oauth-sd-jwt-vc-13; SDJWTVC13.txt:763-764) ; HAIP §6.1.1 [T042] “MUST contain the credential issuer's signing certificate along with a trust chain in the x5c JOSE header parameter” (OpenID4VC HAIP 1.0 Final; HAIP.txt:490) ; ÖK §2D m.1 “zincir davranışı yalnız X5C vektörlerinde, klasik ve ML-DSA zincirleriyle ölçülür” (ON-KAYIT-TASLAK v0.8; ON-KAYIT-TASLAK.md:395) ; ÖK §6.5 K9 “Bayrak B3” (ON-KAYIT-TASLAK v0.8; ON-KAYIT-TASLAK.md:1066)	vaka: K9 birincil (bayrak B3) | x5c korumasız başlıkta: güven kararı sertifika zincirine (ihraççı = yaprak öznesi) dayandığı için bütünlük koruması zorunlu; -13 §3.5 X.509 mekanizması korumalı başlık ister → izinli mekanizma yok → ret | B3 bayrağı: hedefin korumasız x5c'yi işleyip işlemediği ayrıca kaydedilir | sdjwtvc: yalnız -13 tanımlı (manifest)
X5C07_korumasiz_x5c	P2	tedavi-ML-DSA-65	evet	reject	RFC7515 §6 [T040] “MUST be integrity protected if the information that they convey is to be utilized in a trust decision” (RFC 7515; RFC7515.txt:946-948) ; SDJWTVC13 §3.5 “When the protected header of the Issuer-signed JWT contains the x5c parameter” (draft-ietf-oauth-sd-jwt-vc-13; SDJWTVC13.txt:748-750) ; SDJWTVC13 §3.5 “using a permitted Issuer Signature Mechanism, the SD-JWT VC MUST be rejected” (draft-ietf-oauth-sd-jwt-vc-13; SDJWTVC13.txt:763-764) ; HAIP §6.1.1 [T042] “MUST contain the credential issuer's signing certificate along with a trust chain in the x5c JOSE header parameter” (OpenID4VC HAIP 1.0 Final; HAIP.txt:490) ; ÖK §2D m.1 “zincir davranışı yalnız X5C vektörlerinde, klasik ve ML-DSA zincirleriyle ölçülür” (ON-KAYIT-TASLAK v0.8; ON-KAYIT-TASLAK.md:395)	vaka: K9 birincil (bayrak B3) | x5c korumasız başlıkta: güven kararı sertifika zincirine (ihraççı = yaprak öznesi) dayandığı için bütünlük koruması zorunlu; -13 §3.5 X.509 mekanizması korumalı başlık ister → izinli mekanizma yok → ret | B3 bayrağı: hedefin korumasız x5c'yi işleyip işlemediği ayrıca kaydedilir | sdjwtvc: yalnız -13 tanımlı (manifest)
X5C07_korumasiz_x5c	P0	tedavi-ML-DSA-65	evet	reject	RFC7515 §6 [T040] “MUST be integrity protected if the information that they convey is to be utilized in a trust decision” (RFC 7515; RFC7515.txt:946-948) ; SDJWTVC13 §3.5 “When the protected header of the Issuer-signed JWT contains the x5c parameter” (draft-ietf-oauth-sd-jwt-vc-13; SDJWTVC13.txt:748-750) ; SDJWTVC13 §3.5 “using a permitted Issuer Signature Mechanism, the SD-JWT VC MUST be rejected” (draft-ietf-oauth-sd-jwt-vc-13; SDJWTVC13.txt:763-764) ; HAIP §6.1.1 [T042] “MUST contain the credential issuer's signing certificate along with a trust chain in the x5c JOSE header parameter” (OpenID4VC HAIP 1.0 Final; HAIP.txt:490) ; ÖK §2D m.1 “zincir davranışı yalnız X5C vektörlerinde, klasik ve ML-DSA zincirleriyle ölçülür” (ON-KAYIT-TASLAK v0.8; ON-KAYIT-TASLAK.md:395)	vaka: K9 birincil (bayrak B3) | x5c korumasız başlıkta: güven kararı sertifika zincirine (ihraççı = yaprak öznesi) dayandığı için bütünlük koruması zorunlu; -13 §3.5 X.509 mekanizması korumalı başlık ister → izinli mekanizma yok → ret | B3 bayrağı: hedefin korumasız x5c'yi işleyip işlemediği ayrıca kaydedilir | sdjwtvc: yalnız -13 tanımlı (manifest)
X5C08_korumasiz_x5c_zincir_degisimi	L4	tedavi-ML-DSA-65	hayır	reject	RFC7515 §6 [T040] “MUST be integrity protected if the information that they convey is to be utilized in a trust decision” (RFC 7515; RFC7515.txt:946-948) ; SDJWTVC13 §3.5 “When the protected header of the Issuer-signed JWT contains the x5c parameter” (draft-ietf-oauth-sd-jwt-vc-13; SDJWTVC13.txt:748-750) ; SDJWTVC13 §3.5 “using a permitted Issuer Signature Mechanism, the SD-JWT VC MUST be rejected” (draft-ietf-oauth-sd-jwt-vc-13; SDJWTVC13.txt:763-764) ; HAIP §6.1.1 [T042] “MUST contain the credential issuer's signing certificate along with a trust chain in the x5c JOSE header parameter” (OpenID4VC HAIP 1.0 Final; HAIP.txt:490) ; ÖK §2D m.1 “zincir davranışı yalnız X5C vektörlerinde, klasik ve ML-DSA zincirleriyle ölçülür” (ON-KAYIT-TASLAK v0.8; ON-KAYIT-TASLAK.md:395)	vaka: K9 ikincil (korumasız x5c zincir ikamesi) | x5c korumasız başlıkta: güven kararı sertifika zincirine (ihraççı = yaprak öznesi) dayandığı için bütünlük koruması zorunlu; -13 §3.5 X.509 mekanizması korumalı başlık ister → izinli mekanizma yok → ret | korumasız x5c aynı yaprak anahtarı için klasik CA zinciriyle değiştirilmiş (imza bozulmadan zincir sınıfı düşürme) | B3 bayrağı: hedefin korumasız x5c'yi işleyip işlemediği ayrıca kaydedilir | sdjwtvc: yalnız -13 tanımlı (manifest)
X5C08_korumasiz_x5c_zincir_degisimi	P2	tedavi-ML-DSA-65	hayır	reject	RFC7515 §6 [T040] “MUST be integrity protected if the information that they convey is to be utilized in a trust decision” (RFC 7515; RFC7515.txt:946-948) ; SDJWTVC13 §3.5 “When the protected header of the Issuer-signed JWT contains the x5c parameter” (draft-ietf-oauth-sd-jwt-vc-13; SDJWTVC13.txt:748-750) ; SDJWTVC13 §3.5 “using a permitted Issuer Signature Mechanism, the SD-JWT VC MUST be rejected” (draft-ietf-oauth-sd-jwt-vc-13; SDJWTVC13.txt:763-764) ; HAIP §6.1.1 [T042] “MUST contain the credential issuer's signing certificate along with a trust chain in the x5c JOSE header parameter” (OpenID4VC HAIP 1.0 Final; HAIP.txt:490) ; ÖK §2D m.1 “zincir davranışı yalnız X5C vektörlerinde, klasik ve ML-DSA zincirleriyle ölçülür” (ON-KAYIT-TASLAK v0.8; ON-KAYIT-TASLAK.md:395)	vaka: K9 ikincil (korumasız x5c zincir ikamesi) | x5c korumasız başlıkta: güven kararı sertifika zincirine (ihraççı = yaprak öznesi) dayandığı için bütünlük koruması zorunlu; -13 §3.5 X.509 mekanizması korumalı başlık ister → izinli mekanizma yok → ret | korumasız x5c aynı yaprak anahtarı için klasik CA zinciriyle değiştirilmiş (imza bozulmadan zincir sınıfı düşürme) | B3 bayrağı: hedefin korumasız x5c'yi işleyip işlemediği ayrıca kaydedilir | sdjwtvc: yalnız -13 tanımlı (manifest)
X5C08_korumasiz_x5c_zincir_degisimi	P0	tedavi-ML-DSA-65	hayır	reject	RFC7515 §6 [T040] “MUST be integrity protected if the information that they convey is to be utilized in a trust decision” (RFC 7515; RFC7515.txt:946-948) ; SDJWTVC13 §3.5 “When the protected header of the Issuer-signed JWT contains the x5c parameter” (draft-ietf-oauth-sd-jwt-vc-13; SDJWTVC13.txt:748-750) ; SDJWTVC13 §3.5 “using a permitted Issuer Signature Mechanism, the SD-JWT VC MUST be rejected” (draft-ietf-oauth-sd-jwt-vc-13; SDJWTVC13.txt:763-764) ; HAIP §6.1.1 [T042] “MUST contain the credential issuer's signing certificate along with a trust chain in the x5c JOSE header parameter” (OpenID4VC HAIP 1.0 Final; HAIP.txt:490) ; ÖK §2D m.1 “zincir davranışı yalnız X5C vektörlerinde, klasik ve ML-DSA zincirleriyle ölçülür” (ON-KAYIT-TASLAK v0.8; ON-KAYIT-TASLAK.md:395)	vaka: K9 ikincil (korumasız x5c zincir ikamesi) | x5c korumasız başlıkta: güven kararı sertifika zincirine (ihraççı = yaprak öznesi) dayandığı için bütünlük koruması zorunlu; -13 §3.5 X.509 mekanizması korumalı başlık ister → izinli mekanizma yok → ret | korumasız x5c aynı yaprak anahtarı için klasik CA zinciriyle değiştirilmiş (imza bozulmadan zincir sınıfı düşürme) | B3 bayrağı: hedefin korumasız x5c'yi işleyip işlemediği ayrıca kaydedilir | sdjwtvc: yalnız -13 tanımlı (manifest)
X5C09_korumali_ve_korumasiz_x5c	L4	tedavi-ML-DSA-65	hayır	reject	RFC7515 §7.2.1 “The Header Parameter names in the two locations MUST be disjoint.” (RFC 7515; RFC7515.txt:1068-1069) ; RFC7515 §5.2 (4) “MUST NOT occur in distinct JSON object values that together comprise the JOSE Header” (RFC 7515; RFC7515.txt:855-857)	vaka: K9 ikincil (x5c hem korumalı hem korumasız) | x5c hem korumalı hem korumasız başlıkta: başlık adları ayrık olmalı; §5.2 adım 4 başarısız → imza doğrulanamaz | sdjwtvc: yalnız -13 tanımlı (manifest)
X5C09_korumali_ve_korumasiz_x5c	P2	tedavi-ML-DSA-65	hayır	reject	RFC7515 §7.2.1 “The Header Parameter names in the two locations MUST be disjoint.” (RFC 7515; RFC7515.txt:1068-1069) ; RFC7515 §5.2 (4) “MUST NOT occur in distinct JSON object values that together comprise the JOSE Header” (RFC 7515; RFC7515.txt:855-857)	vaka: K9 ikincil (x5c hem korumalı hem korumasız) | x5c hem korumalı hem korumasız başlıkta: başlık adları ayrık olmalı; §5.2 adım 4 başarısız → imza doğrulanamaz | sdjwtvc: yalnız -13 tanımlı (manifest)
X5C09_korumali_ve_korumasiz_x5c	P0	tedavi-ML-DSA-65	hayır	reject	RFC7515 §7.2.1 “The Header Parameter names in the two locations MUST be disjoint.” (RFC 7515; RFC7515.txt:1068-1069) ; RFC7515 §5.2 (4) “MUST NOT occur in distinct JSON object values that together comprise the JOSE Header” (RFC 7515; RFC7515.txt:855-857)	vaka: K9 ikincil (x5c hem korumalı hem korumasız) | x5c hem korumalı hem korumasız başlıkta: başlık adları ayrık olmalı; §5.2 adım 4 başarısız → imza doğrulanamaz | sdjwtvc: yalnız -13 tanımlı (manifest)
X5C10_x5c_ve_baska_anahtar_kid	L4	tedavi-ML-DSA-65	hayır	indeterminate	SDJWTVC13 §3.5 “When the protected header of the Issuer-signed JWT contains the x5c parameter” (draft-ietf-oauth-sd-jwt-vc-13; SDJWTVC13.txt:748-750) ; RFC7515 §4.1.4 “The "kid" (key ID) Header Parameter is a hint indicating which key was used to secure the JWS.” (RFC 7515; RFC7515.txt:551-552) ; JWTBCP §3.1 [T329] “consistent with the algorithm associated with the key identified by the corresponding identifier” (draft-ietf-oauth-rfc8725bis-10; JWTBCP.txt:468-471)	vaka: eşleme dışı (aile X5C, kol tedavi-ML-DSA-65) | x5c (ML-DSA-65 yaprak, imza geçerli) + kid (ES256 anahtarı): -13 §3.5 x5c yaprağını kullanır → kabul; kid ile arama yapan kütüphane 8725bis §3.1 gereği alg–anahtar tutarsızlığıyla reddeder → öncelik tanımsız | sdjwtvc: -13/-19 aynı
X5C10_x5c_ve_baska_anahtar_kid	P2	tedavi-ML-DSA-65	hayır	indeterminate	SDJWTVC13 §3.5 “When the protected header of the Issuer-signed JWT contains the x5c parameter” (draft-ietf-oauth-sd-jwt-vc-13; SDJWTVC13.txt:748-750) ; RFC7515 §4.1.4 “The "kid" (key ID) Header Parameter is a hint indicating which key was used to secure the JWS.” (RFC 7515; RFC7515.txt:551-552) ; JWTBCP §3.1 [T329] “consistent with the algorithm associated with the key identified by the corresponding identifier” (draft-ietf-oauth-rfc8725bis-10; JWTBCP.txt:468-471)	vaka: eşleme dışı (aile X5C, kol tedavi-ML-DSA-65) | x5c (ML-DSA-65 yaprak, imza geçerli) + kid (ES256 anahtarı): -13 §3.5 x5c yaprağını kullanır → kabul; kid ile arama yapan kütüphane 8725bis §3.1 gereği alg–anahtar tutarsızlığıyla reddeder → öncelik tanımsız | sdjwtvc: -13/-19 aynı
X5C10_x5c_ve_baska_anahtar_kid	P0	tedavi-ML-DSA-65	hayır	indeterminate	SDJWTVC13 §3.5 “When the protected header of the Issuer-signed JWT contains the x5c parameter” (draft-ietf-oauth-sd-jwt-vc-13; SDJWTVC13.txt:748-750) ; RFC7515 §4.1.4 “The "kid" (key ID) Header Parameter is a hint indicating which key was used to secure the JWS.” (RFC 7515; RFC7515.txt:551-552) ; JWTBCP §3.1 [T329] “consistent with the algorithm associated with the key identified by the corresponding identifier” (draft-ietf-oauth-rfc8725bis-10; JWTBCP.txt:468-471)	vaka: eşleme dışı (aile X5C, kol tedavi-ML-DSA-65) | x5c (ML-DSA-65 yaprak, imza geçerli) + kid (ES256 anahtarı): -13 §3.5 x5c yaprağını kullanır → kabul; kid ile arama yapan kütüphane 8725bis §3.1 gereği alg–anahtar tutarsızlığıyla reddeder → öncelik tanımsız | sdjwtvc: -13/-19 aynı
REQ01_imzali_ES256_x509_hash	L4	tedavi-ML-DSA-65	hayır	reject	ÖK §6.5 “İhraççı başına gerekli küme R = {X}, izinli küme {A, X}.” (ON-KAYIT-TASLAK v0.8; ON-KAYIT-TASLAK.md:1054) ; JWTBCP §3.1 [T328] “MUST determine which algorithms are permitted for itself and that issuer and ensure that the received JWT complies with those requirements” (draft-ietf-oauth-rfc8725bis-10; JWTBCP.txt:482-485) ; ÖK §4.7 G5 “Göç etmiş bir varlık, ilan ettiği eski-sürüm penceresi dışında yalnız klasik kanıtla kabul edilemez.” (ON-KAYIT-TASLAK v0.8; ON-KAYIT-TASLAK.md:767) ; ÖK §2B m.6 (L4c) “Göç etmiş ihraççının yalnız klasik imzalı belgesi reddedilir, eski ihraççının klasik imzalı belgesi kabul edilir.” (ON-KAYIT-TASLAK v0.8; ON-KAYIT-TASLAK.md:256)	vaka: eşleme dışı (aile REQ, kol klasik-taban) | L4: R={ML-DSA-65} için geçerli imza yok (yalnız klasik kanıt; G5) [ES256=geçerli] | cüzdan tarafı (IS-PLANI Adım 11 wallet-path); R_I imzalayan RP'ye benzetmeyle uygulandı
REQ01_imzali_ES256_x509_hash	P2	tedavi-ML-DSA-65	hayır	accept-classical	ÖK §4.8 P1 “Mevcut imzaların tümü geçerliyse kabul. İmza silinmesi (soyma) fark edilmez” (ON-KAYIT-TASLAK v0.8; ON-KAYIT-TASLAK.md:776) ; ÖK §4.8 P2 “P1 + her imza, anahtarının bağlı olduğu algoritmayla doğrulanır” (ON-KAYIT-TASLAK v0.8; ON-KAYIT-TASLAK.md:777) ; RFC7515 §5.2 [T314] “it is an application decision which of the JWS Signature values must successfully validate” (RFC 7515; RFC7515.txt:810-812) ; OID4VP §5.9.3 (x509_hash) [T240] “The Wallet MUST validate the signature and the trust chain of the X.509 leaf certificate.” (OpenID4VP 1.0 Final; OID4VP.txt:947)	vaka: eşleme dışı (aile REQ, kol klasik-taban) | P2: mevcut tüm imzalar geçerli (R=∅) [ES256=geçerli] | cüzdan tarafı (IS-PLANI Adım 11 wallet-path); R_I imzalayan RP'ye benzetmeyle uygulandı
REQ01_imzali_ES256_x509_hash	P0	tedavi-ML-DSA-65	hayır	accept-classical	RFC7515 §5.2 [T315] “at least one JWS Signature value MUST successfully validate, or the JWS MUST be considered invalid” (RFC 7515; RFC7515.txt:814-816) ; RFC7515 §5.2 [T314] “it is an application decision which of the JWS Signature values must successfully validate” (RFC 7515; RFC7515.txt:810-812) ; ÖK §4.8 P0 “En az bir imza geçerliyse kabul” (ON-KAYIT-TASLAK v0.8; ON-KAYIT-TASLAK.md:775) ; OID4VP §5.9.3 (x509_hash) [T240] “The Wallet MUST validate the signature and the trust chain of the X.509 leaf certificate.” (OpenID4VP 1.0 Final; OID4VP.txt:947)	vaka: eşleme dışı (aile REQ, kol klasik-taban) | P0: en az bir izinli imza geçerli [ES256=geçerli] | cüzdan tarafı (IS-PLANI Adım 11 wallet-path); R_I imzalayan RP'ye benzetmeyle uygulandı
REQ02_imzali_MLDSA65_x509_hash	L4	tedavi-ML-DSA-65	hayır	accept-hybrid	ÖK §6.5 “İhraççı başına gerekli küme R = {X}, izinli küme {A, X}.” (ON-KAYIT-TASLAK v0.8; ON-KAYIT-TASLAK.md:1054) ; JWTBCP §3.1 [T328] “MUST determine which algorithms are permitted for itself and that issuer and ensure that the received JWT complies with those requirements” (draft-ietf-oauth-rfc8725bis-10; JWTBCP.txt:482-485) ; ACM2 Note 51 [T135] “the veriﬁcation function accepting if and only if all signatures are correct” (ECCG ACM v2.0; ACM2.txt:946) ; OID4VP §5.9.3 (x509_hash) [T240] “The Wallet MUST validate the signature and the trust chain of the X.509 leaf certificate.” (OpenID4VP 1.0 Final; OID4VP.txt:947)	vaka: eşleme dışı (aile REQ, kol tedavi-ML-DSA-65) | L4: tüm imzalar geçerli ve R={ML-DSA-65} karşılandı [ML-DSA-65=geçerli] | cüzdan tarafı (IS-PLANI Adım 11 wallet-path); R_I imzalayan RP'ye benzetmeyle uygulandı
REQ02_imzali_MLDSA65_x509_hash	P2	tedavi-ML-DSA-65	hayır	accept-hybrid	ÖK §4.8 P1 “Mevcut imzaların tümü geçerliyse kabul. İmza silinmesi (soyma) fark edilmez” (ON-KAYIT-TASLAK v0.8; ON-KAYIT-TASLAK.md:776) ; ÖK §4.8 P2 “P1 + her imza, anahtarının bağlı olduğu algoritmayla doğrulanır” (ON-KAYIT-TASLAK v0.8; ON-KAYIT-TASLAK.md:777) ; RFC7515 §5.2 [T314] “it is an application decision which of the JWS Signature values must successfully validate” (RFC 7515; RFC7515.txt:810-812) ; OID4VP §5.9.3 (x509_hash) [T240] “The Wallet MUST validate the signature and the trust chain of the X.509 leaf certificate.” (OpenID4VP 1.0 Final; OID4VP.txt:947)	vaka: eşleme dışı (aile REQ, kol tedavi-ML-DSA-65) | P2: mevcut tüm imzalar geçerli (R=∅) [ML-DSA-65=geçerli] | cüzdan tarafı (IS-PLANI Adım 11 wallet-path); R_I imzalayan RP'ye benzetmeyle uygulandı
REQ02_imzali_MLDSA65_x509_hash	P0	tedavi-ML-DSA-65	hayır	accept-hybrid	RFC7515 §5.2 [T315] “at least one JWS Signature value MUST successfully validate, or the JWS MUST be considered invalid” (RFC 7515; RFC7515.txt:814-816) ; RFC7515 §5.2 [T314] “it is an application decision which of the JWS Signature values must successfully validate” (RFC 7515; RFC7515.txt:810-812) ; ÖK §4.8 P0 “En az bir imza geçerliyse kabul” (ON-KAYIT-TASLAK v0.8; ON-KAYIT-TASLAK.md:775) ; OID4VP §5.9.3 (x509_hash) [T240] “The Wallet MUST validate the signature and the trust chain of the X.509 leaf certificate.” (OpenID4VP 1.0 Final; OID4VP.txt:947)	vaka: eşleme dışı (aile REQ, kol tedavi-ML-DSA-65) | P0: en az bir izinli imza geçerli [ML-DSA-65=geçerli] | cüzdan tarafı (IS-PLANI Adım 11 wallet-path); R_I imzalayan RP'ye benzetmeyle uygulandı
REQ04_coklu_imzali	L4	tedavi-ML-DSA-65	hayır	accept-hybrid	ÖK §6.5 “İhraççı başına gerekli küme R = {X}, izinli küme {A, X}.” (ON-KAYIT-TASLAK v0.8; ON-KAYIT-TASLAK.md:1054) ; JWTBCP §3.1 [T328] “MUST determine which algorithms are permitted for itself and that issuer and ensure that the received JWT complies with those requirements” (draft-ietf-oauth-rfc8725bis-10; JWTBCP.txt:482-485) ; ACM2 Note 51 [T135] “the veriﬁcation function accepting if and only if all signatures are correct” (ECCG ACM v2.0; ACM2.txt:946) ; OID4VP §5.9.3 (x509_hash) [T240] “The Wallet MUST validate the signature and the trust chain of the X.509 leaf certificate.” (OpenID4VP 1.0 Final; OID4VP.txt:947) ; OID4VP A.3.2.2 [T269] “allows the Verifier to use multiple Client Identifiers and corresponding key material to protect the same request” (OpenID4VP 1.0 Final; OID4VP.txt:2572)	vaka: MR1 eşi (REQ04↔REQ05, senaryo c, cüzdan tarafı) | L4: tüm imzalar geçerli ve R={ML-DSA-65} karşılandı [ES256=geçerli, ML-DSA-65=geçerli] | cüzdan tarafı (IS-PLANI Adım 11 wallet-path); R_I imzalayan RP'ye benzetmeyle uygulandı | A.3.2.2 hangi imzanın doğrulanacağını belirlemez; karar yapılandırmanın (P0/P2/L4) kendi kuralından
REQ04_coklu_imzali	P2	tedavi-ML-DSA-65	hayır	accept-hybrid	ÖK §4.8 P1 “Mevcut imzaların tümü geçerliyse kabul. İmza silinmesi (soyma) fark edilmez” (ON-KAYIT-TASLAK v0.8; ON-KAYIT-TASLAK.md:776) ; ÖK §4.8 P2 “P1 + her imza, anahtarının bağlı olduğu algoritmayla doğrulanır” (ON-KAYIT-TASLAK v0.8; ON-KAYIT-TASLAK.md:777) ; RFC7515 §5.2 [T314] “it is an application decision which of the JWS Signature values must successfully validate” (RFC 7515; RFC7515.txt:810-812) ; OID4VP §5.9.3 (x509_hash) [T240] “The Wallet MUST validate the signature and the trust chain of the X.509 leaf certificate.” (OpenID4VP 1.0 Final; OID4VP.txt:947) ; OID4VP A.3.2.2 [T269] “allows the Verifier to use multiple Client Identifiers and corresponding key material to protect the same request” (OpenID4VP 1.0 Final; OID4VP.txt:2572)	vaka: MR1 eşi (REQ04↔REQ05, senaryo c, cüzdan tarafı) | P2: mevcut tüm imzalar geçerli (R=∅) [ES256=geçerli, ML-DSA-65=geçerli] | cüzdan tarafı (IS-PLANI Adım 11 wallet-path); R_I imzalayan RP'ye benzetmeyle uygulandı | A.3.2.2 hangi imzanın doğrulanacağını belirlemez; karar yapılandırmanın (P0/P2/L4) kendi kuralından
REQ04_coklu_imzali	P0	tedavi-ML-DSA-65	hayır	accept-hybrid	RFC7515 §5.2 [T315] “at least one JWS Signature value MUST successfully validate, or the JWS MUST be considered invalid” (RFC 7515; RFC7515.txt:814-816) ; RFC7515 §5.2 [T314] “it is an application decision which of the JWS Signature values must successfully validate” (RFC 7515; RFC7515.txt:810-812) ; ÖK §4.8 P0 “En az bir imza geçerliyse kabul” (ON-KAYIT-TASLAK v0.8; ON-KAYIT-TASLAK.md:775) ; OID4VP §5.9.3 (x509_hash) [T240] “The Wallet MUST validate the signature and the trust chain of the X.509 leaf certificate.” (OpenID4VP 1.0 Final; OID4VP.txt:947) ; OID4VP A.3.2.2 [T269] “allows the Verifier to use multiple Client Identifiers and corresponding key material to protect the same request” (OpenID4VP 1.0 Final; OID4VP.txt:2572)	vaka: MR1 eşi (REQ04↔REQ05, senaryo c, cüzdan tarafı) | P0: en az bir izinli imza geçerli [ES256=geçerli, ML-DSA-65=geçerli] | cüzdan tarafı (IS-PLANI Adım 11 wallet-path); R_I imzalayan RP'ye benzetmeyle uygulandı | A.3.2.2 hangi imzanın doğrulanacağını belirlemez; karar yapılandırmanın (P0/P2/L4) kendi kuralından
REQ05_coklu_imzali_pq_soyuldu	L4	tedavi-ML-DSA-65	hayır	reject	ÖK §6.5 “İhraççı başına gerekli küme R = {X}, izinli küme {A, X}.” (ON-KAYIT-TASLAK v0.8; ON-KAYIT-TASLAK.md:1054) ; JWTBCP §3.1 [T328] “MUST determine which algorithms are permitted for itself and that issuer and ensure that the received JWT complies with those requirements” (draft-ietf-oauth-rfc8725bis-10; JWTBCP.txt:482-485) ; ÖK §4.7 G5 “Göç etmiş bir varlık, ilan ettiği eski-sürüm penceresi dışında yalnız klasik kanıtla kabul edilemez.” (ON-KAYIT-TASLAK v0.8; ON-KAYIT-TASLAK.md:767) ; ÖK §2B m.6 (L4c) “Göç etmiş ihraççının yalnız klasik imzalı belgesi reddedilir, eski ihraççının klasik imzalı belgesi kabul edilir.” (ON-KAYIT-TASLAK v0.8; ON-KAYIT-TASLAK.md:256) ; OID4VP A.3.2.2 [T269] “allows the Verifier to use multiple Client Identifiers and corresponding key material to protect the same request” (OpenID4VP 1.0 Final; OID4VP.txt:2572)	vaka: MR1 eşi (REQ04↔REQ05, senaryo c, cüzdan tarafı) | L4: R={ML-DSA-65} için geçerli imza yok (yalnız klasik kanıt; G5) [ES256=geçerli] | cüzdan tarafı (IS-PLANI Adım 11 wallet-path); R_I imzalayan RP'ye benzetmeyle uygulandı | A.3.2.2 hangi imzanın doğrulanacağını belirlemez; karar yapılandırmanın (P0/P2/L4) kendi kuralından
REQ05_coklu_imzali_pq_soyuldu	P2	tedavi-ML-DSA-65	hayır	accept-classical	ÖK §4.8 P1 “Mevcut imzaların tümü geçerliyse kabul. İmza silinmesi (soyma) fark edilmez” (ON-KAYIT-TASLAK v0.8; ON-KAYIT-TASLAK.md:776) ; ÖK §4.8 P2 “P1 + her imza, anahtarının bağlı olduğu algoritmayla doğrulanır” (ON-KAYIT-TASLAK v0.8; ON-KAYIT-TASLAK.md:777) ; RFC7515 §5.2 [T314] “it is an application decision which of the JWS Signature values must successfully validate” (RFC 7515; RFC7515.txt:810-812) ; OID4VP §5.9.3 (x509_hash) [T240] “The Wallet MUST validate the signature and the trust chain of the X.509 leaf certificate.” (OpenID4VP 1.0 Final; OID4VP.txt:947) ; OID4VP A.3.2.2 [T269] “allows the Verifier to use multiple Client Identifiers and corresponding key material to protect the same request” (OpenID4VP 1.0 Final; OID4VP.txt:2572)	vaka: MR1 eşi (REQ04↔REQ05, senaryo c, cüzdan tarafı) | P2: mevcut tüm imzalar geçerli (R=∅) [ES256=geçerli] | cüzdan tarafı (IS-PLANI Adım 11 wallet-path); R_I imzalayan RP'ye benzetmeyle uygulandı | A.3.2.2 hangi imzanın doğrulanacağını belirlemez; karar yapılandırmanın (P0/P2/L4) kendi kuralından
REQ05_coklu_imzali_pq_soyuldu	P0	tedavi-ML-DSA-65	hayır	accept-classical	RFC7515 §5.2 [T315] “at least one JWS Signature value MUST successfully validate, or the JWS MUST be considered invalid” (RFC 7515; RFC7515.txt:814-816) ; RFC7515 §5.2 [T314] “it is an application decision which of the JWS Signature values must successfully validate” (RFC 7515; RFC7515.txt:810-812) ; ÖK §4.8 P0 “En az bir imza geçerliyse kabul” (ON-KAYIT-TASLAK v0.8; ON-KAYIT-TASLAK.md:775) ; OID4VP §5.9.3 (x509_hash) [T240] “The Wallet MUST validate the signature and the trust chain of the X.509 leaf certificate.” (OpenID4VP 1.0 Final; OID4VP.txt:947) ; OID4VP A.3.2.2 [T269] “allows the Verifier to use multiple Client Identifiers and corresponding key material to protect the same request” (OpenID4VP 1.0 Final; OID4VP.txt:2572)	vaka: MR1 eşi (REQ04↔REQ05, senaryo c, cüzdan tarafı) | P0: en az bir izinli imza geçerli [ES256=geçerli] | cüzdan tarafı (IS-PLANI Adım 11 wallet-path); R_I imzalayan RP'ye benzetmeyle uygulandı | A.3.2.2 hangi imzanın doğrulanacağını belirlemez; karar yapılandırmanın (P0/P2/L4) kendi kuralından
REQ06_coklu_imzali_klasik_soyuldu	L4	tedavi-ML-DSA-65	hayır	accept-hybrid	ÖK §6.5 “İhraççı başına gerekli küme R = {X}, izinli küme {A, X}.” (ON-KAYIT-TASLAK v0.8; ON-KAYIT-TASLAK.md:1054) ; JWTBCP §3.1 [T328] “MUST determine which algorithms are permitted for itself and that issuer and ensure that the received JWT complies with those requirements” (draft-ietf-oauth-rfc8725bis-10; JWTBCP.txt:482-485) ; ACM2 Note 51 [T135] “the veriﬁcation function accepting if and only if all signatures are correct” (ECCG ACM v2.0; ACM2.txt:946) ; OID4VP §5.9.3 (x509_hash) [T240] “The Wallet MUST validate the signature and the trust chain of the X.509 leaf certificate.” (OpenID4VP 1.0 Final; OID4VP.txt:947) ; OID4VP A.3.2.2 [T269] “allows the Verifier to use multiple Client Identifiers and corresponding key material to protect the same request” (OpenID4VP 1.0 Final; OID4VP.txt:2572)	vaka: eşleme dışı (aile REQ, kol tedavi-ML-DSA-65) | L4: tüm imzalar geçerli ve R={ML-DSA-65} karşılandı [ML-DSA-65=geçerli] | cüzdan tarafı (IS-PLANI Adım 11 wallet-path); R_I imzalayan RP'ye benzetmeyle uygulandı | A.3.2.2 hangi imzanın doğrulanacağını belirlemez; karar yapılandırmanın (P0/P2/L4) kendi kuralından
REQ06_coklu_imzali_klasik_soyuldu	P2	tedavi-ML-DSA-65	hayır	accept-hybrid	ÖK §4.8 P1 “Mevcut imzaların tümü geçerliyse kabul. İmza silinmesi (soyma) fark edilmez” (ON-KAYIT-TASLAK v0.8; ON-KAYIT-TASLAK.md:776) ; ÖK §4.8 P2 “P1 + her imza, anahtarının bağlı olduğu algoritmayla doğrulanır” (ON-KAYIT-TASLAK v0.8; ON-KAYIT-TASLAK.md:777) ; RFC7515 §5.2 [T314] “it is an application decision which of the JWS Signature values must successfully validate” (RFC 7515; RFC7515.txt:810-812) ; OID4VP §5.9.3 (x509_hash) [T240] “The Wallet MUST validate the signature and the trust chain of the X.509 leaf certificate.” (OpenID4VP 1.0 Final; OID4VP.txt:947) ; OID4VP A.3.2.2 [T269] “allows the Verifier to use multiple Client Identifiers and corresponding key material to protect the same request” (OpenID4VP 1.0 Final; OID4VP.txt:2572)	vaka: eşleme dışı (aile REQ, kol tedavi-ML-DSA-65) | P2: mevcut tüm imzalar geçerli (R=∅) [ML-DSA-65=geçerli] | cüzdan tarafı (IS-PLANI Adım 11 wallet-path); R_I imzalayan RP'ye benzetmeyle uygulandı | A.3.2.2 hangi imzanın doğrulanacağını belirlemez; karar yapılandırmanın (P0/P2/L4) kendi kuralından
REQ06_coklu_imzali_klasik_soyuldu	P0	tedavi-ML-DSA-65	hayır	accept-hybrid	RFC7515 §5.2 [T315] “at least one JWS Signature value MUST successfully validate, or the JWS MUST be considered invalid” (RFC 7515; RFC7515.txt:814-816) ; RFC7515 §5.2 [T314] “it is an application decision which of the JWS Signature values must successfully validate” (RFC 7515; RFC7515.txt:810-812) ; ÖK §4.8 P0 “En az bir imza geçerliyse kabul” (ON-KAYIT-TASLAK v0.8; ON-KAYIT-TASLAK.md:775) ; OID4VP §5.9.3 (x509_hash) [T240] “The Wallet MUST validate the signature and the trust chain of the X.509 leaf certificate.” (OpenID4VP 1.0 Final; OID4VP.txt:947) ; OID4VP A.3.2.2 [T269] “allows the Verifier to use multiple Client Identifiers and corresponding key material to protect the same request” (OpenID4VP 1.0 Final; OID4VP.txt:2572)	vaka: eşleme dışı (aile REQ, kol tedavi-ML-DSA-65) | P0: en az bir izinli imza geçerli [ML-DSA-65=geçerli] | cüzdan tarafı (IS-PLANI Adım 11 wallet-path); R_I imzalayan RP'ye benzetmeyle uygulandı | A.3.2.2 hangi imzanın doğrulanacağını belirlemez; karar yapılandırmanın (P0/P2/L4) kendi kuralından
REQ07_coklu_imzali_pq_bozuk	L4	tedavi-ML-DSA-65	hayır	reject	RFC7515 §5.2 (8) “Validate the JWS Signature against the JWS Signing Input” (RFC 7515; RFC7515.txt:873) ; ÖK §4.8 P1 “Mevcut imzaların tümü geçerliyse kabul. İmza silinmesi (soyma) fark edilmez” (ON-KAYIT-TASLAK v0.8; ON-KAYIT-TASLAK.md:776) ; ACM2 Note 51 [T135] “the veriﬁcation function accepting if and only if all signatures are correct” (ECCG ACM v2.0; ACM2.txt:946) ; ÖK §6.5 “İhraççı başına gerekli küme R = {X}, izinli küme {A, X}.” (ON-KAYIT-TASLAK v0.8; ON-KAYIT-TASLAK.md:1054) ; OID4VP A.3.2.2 [T269] “allows the Verifier to use multiple Client Identifiers and corresponding key material to protect the same request” (OpenID4VP 1.0 Final; OID4VP.txt:2572)	vaka: eşleme dışı (aile REQ, kol tedavi-ML-DSA-65) | L4: mevcut imzalardan en az biri geçersiz/izinsiz → tüm-mevcut-geçerli koşulu sağlanmıyor [ES256=geçerli, ML-DSA-65=geçersiz (ML-DSA-65 imzasında bayt 5 bozuk)] | cüzdan tarafı (IS-PLANI Adım 11 wallet-path); R_I imzalayan RP'ye benzetmeyle uygulandı | A.3.2.2 hangi imzanın doğrulanacağını belirlemez; karar yapılandırmanın (P0/P2/L4) kendi kuralından
REQ07_coklu_imzali_pq_bozuk	P2	tedavi-ML-DSA-65	hayır	reject	RFC7515 §5.2 (8) “Validate the JWS Signature against the JWS Signing Input” (RFC 7515; RFC7515.txt:873) ; ÖK §4.8 P1 “Mevcut imzaların tümü geçerliyse kabul. İmza silinmesi (soyma) fark edilmez” (ON-KAYIT-TASLAK v0.8; ON-KAYIT-TASLAK.md:776) ; ACM2 Note 51 [T135] “the veriﬁcation function accepting if and only if all signatures are correct” (ECCG ACM v2.0; ACM2.txt:946) ; OID4VP A.3.2.2 [T269] “allows the Verifier to use multiple Client Identifiers and corresponding key material to protect the same request” (OpenID4VP 1.0 Final; OID4VP.txt:2572)	vaka: eşleme dışı (aile REQ, kol tedavi-ML-DSA-65) | P2: mevcut imzalardan en az biri geçersiz/izinsiz → tüm-mevcut-geçerli koşulu sağlanmıyor [ES256=geçerli, ML-DSA-65=geçersiz (ML-DSA-65 imzasında bayt 5 bozuk)] | cüzdan tarafı (IS-PLANI Adım 11 wallet-path); R_I imzalayan RP'ye benzetmeyle uygulandı | A.3.2.2 hangi imzanın doğrulanacağını belirlemez; karar yapılandırmanın (P0/P2/L4) kendi kuralından
REQ07_coklu_imzali_pq_bozuk	P0	tedavi-ML-DSA-65	hayır	accept-classical	RFC7515 §5.2 [T315] “at least one JWS Signature value MUST successfully validate, or the JWS MUST be considered invalid” (RFC 7515; RFC7515.txt:814-816) ; RFC7515 §5.2 [T314] “it is an application decision which of the JWS Signature values must successfully validate” (RFC 7515; RFC7515.txt:810-812) ; ÖK §4.8 P0 “En az bir imza geçerliyse kabul” (ON-KAYIT-TASLAK v0.8; ON-KAYIT-TASLAK.md:775) ; OID4VP §5.9.3 (x509_hash) [T240] “The Wallet MUST validate the signature and the trust chain of the X.509 leaf certificate.” (OpenID4VP 1.0 Final; OID4VP.txt:947) ; OID4VP A.3.2.2 [T269] “allows the Verifier to use multiple Client Identifiers and corresponding key material to protect the same request” (OpenID4VP 1.0 Final; OID4VP.txt:2572)	vaka: eşleme dışı (aile REQ, kol tedavi-ML-DSA-65) | P0: en az bir izinli imza geçerli [ES256=geçerli, ML-DSA-65=geçersiz (ML-DSA-65 imzasında bayt 5 bozuk)] | cüzdan tarafı (IS-PLANI Adım 11 wallet-path); R_I imzalayan RP'ye benzetmeyle uygulandı | A.3.2.2 hangi imzanın doğrulanacağını belirlemez; karar yapılandırmanın (P0/P2/L4) kendi kuralından
REQ08_imzasiz_M-b0	L4	tedavi-ML-DSA-65	hayır	indeterminate	HAIP §5.2 [T281] “The Wallet MUST support unsigned, signed, and multi-signed requests” (OpenID4VC HAIP 1.0 Final; HAIP.txt:426) ; OID4VP §5.9.3 [T268] “it is at the discretion of the Wallet whether it validates the signature on the Request Object” (OpenID4VP 1.0 Final; OID4VP.txt:894) ; ÖK §4.7 G5 “Göç etmiş bir varlık, ilan ettiği eski-sürüm penceresi dışında yalnız klasik kanıtla kabul edilemez.” (ON-KAYIT-TASLAK v0.8; ON-KAYIT-TASLAK.md:767)	vaka: eşleme dışı (aile REQ, kol None) | imzasız istek (M-b0): HAIP cüzdanın imzasız isteği desteklemesini ZORUNLU kılar; G5 göç etmiş RP için yalnız klasik (Web PKI kökeni) kanıtla kabulü yasaklar; imzasız istekte RP kimliği yok → maddeler çelişir/belirlemez
REQ08_imzasiz_M-b0	P2	tedavi-ML-DSA-65	hayır	accept-classical	HAIP §5.2 [T281] “The Wallet MUST support unsigned, signed, and multi-signed requests” (OpenID4VC HAIP 1.0 Final; HAIP.txt:426) ; HAIP §5.2 [T282] “unsigned requests depend on the origin information provided by the platform and the web PKI” (OpenID4VC HAIP 1.0 Final; HAIP.txt:428) ; OID4VP §5.9.2 “the Wallet MUST treat the Client Identifier as referencing a pre-registered client” (OpenID4VP 1.0 Final; OID4VP.txt:882)	vaka: eşleme dışı (aile REQ, kol None) | imzasız istek desteklenmek zorunda; doğrulayıcı kimliği yalnız platform kökeni + Web PKI (klasik)
REQ08_imzasiz_M-b0	P0	tedavi-ML-DSA-65	hayır	accept-classical	HAIP §5.2 [T281] “The Wallet MUST support unsigned, signed, and multi-signed requests” (OpenID4VC HAIP 1.0 Final; HAIP.txt:426) ; HAIP §5.2 [T282] “unsigned requests depend on the origin information provided by the platform and the web PKI” (OpenID4VC HAIP 1.0 Final; HAIP.txt:428) ; OID4VP §5.9.2 “the Wallet MUST treat the Client Identifier as referencing a pre-registered client” (OpenID4VP 1.0 Final; OID4VP.txt:882)	vaka: eşleme dışı (aile REQ, kol None) | imzasız istek desteklenmek zorunda; doğrulayıcı kimliği yalnız platform kökeni + Web PKI (klasik)
REQ09_imzasiz_M-b0_client_id_korundu	L4	tedavi-ML-DSA-65	hayır	indeterminate	HAIP §5.2 [T281] “The Wallet MUST support unsigned, signed, and multi-signed requests” (OpenID4VC HAIP 1.0 Final; HAIP.txt:426) ; OID4VP §5.9.3 [T268] “it is at the discretion of the Wallet whether it validates the signature on the Request Object” (OpenID4VP 1.0 Final; OID4VP.txt:894) ; ÖK §4.7 G5 “Göç etmiş bir varlık, ilan ettiği eski-sürüm penceresi dışında yalnız klasik kanıtla kabul edilemez.” (ON-KAYIT-TASLAK v0.8; ON-KAYIT-TASLAK.md:767)	vaka: eşleme dışı (aile REQ, kol None) | imzasız istek (M-b0): HAIP cüzdanın imzasız isteği desteklemesini ZORUNLU kılar; G5 göç etmiş RP için yalnız klasik (Web PKI kökeni) kanıtla kabulü yasaklar; imzasız istekte RP kimliği yok → maddeler çelişir/belirlemez
REQ09_imzasiz_M-b0_client_id_korundu	P2	tedavi-ML-DSA-65	hayır	accept-classical	HAIP §5.2 [T281] “The Wallet MUST support unsigned, signed, and multi-signed requests” (OpenID4VC HAIP 1.0 Final; HAIP.txt:426) ; HAIP §5.2 [T282] “unsigned requests depend on the origin information provided by the platform and the web PKI” (OpenID4VC HAIP 1.0 Final; HAIP.txt:428) ; OID4VP A.2 [T279] “The Wallet MUST ignore any client_id parameter that is present in an unsigned request.” (OpenID4VP 1.0 Final; OID4VP.txt:2500) ; OID4VP §5.9.3 (x509_hash) [T240] “The Wallet MUST validate the signature and the trust chain of the X.509 leaf certificate.” (OpenID4VP 1.0 Final; OID4VP.txt:947)	vaka: eşleme dışı (aile REQ, kol None) | imzasız istek desteklenmek zorunda; doğrulayıcı kimliği yalnız platform kökeni + Web PKI (klasik); client_id yok sayılmalı
REQ09_imzasiz_M-b0_client_id_korundu	P0	tedavi-ML-DSA-65	hayır	accept-classical	HAIP §5.2 [T281] “The Wallet MUST support unsigned, signed, and multi-signed requests” (OpenID4VC HAIP 1.0 Final; HAIP.txt:426) ; HAIP §5.2 [T282] “unsigned requests depend on the origin information provided by the platform and the web PKI” (OpenID4VC HAIP 1.0 Final; HAIP.txt:428) ; OID4VP A.2 [T279] “The Wallet MUST ignore any client_id parameter that is present in an unsigned request.” (OpenID4VP 1.0 Final; OID4VP.txt:2500) ; OID4VP §5.9.3 (x509_hash) [T240] “The Wallet MUST validate the signature and the trust chain of the X.509 leaf certificate.” (OpenID4VP 1.0 Final; OID4VP.txt:947)	vaka: eşleme dışı (aile REQ, kol None) | imzasız istek desteklenmek zorunda; doğrulayıcı kimliği yalnız platform kökeni + Web PKI (klasik); client_id yok sayılmalı
REQ10_istek_alg_none	L4	tedavi-ML-DSA-65	hayır	reject	OID4VP A.1 [T278] “signed requests, as defined in Appendix A.3.2.1, MUST use signed” (OpenID4VP 1.0 Final; OID4VP.txt:2456) ; OID4VP §5.9.3 (x509_hash) [T240] “The Wallet MUST validate the signature and the trust chain of the X.509 leaf certificate.” (OpenID4VP 1.0 Final; OID4VP.txt:947) ; JWTBCP §3.2 “JWT libraries MUST NOT consume JWTs using "none" unless explicitly allowed by the caller” (draft-ietf-oauth-rfc8725bis-10; JWTBCP.txt:524-525)	vaka: eşleme dışı (aile REQ, kol None) | imzalı istek protokolü (openid4vp-v1-signed) + x509_hash, ama alg=none: imza ve zincir doğrulanamaz; none yapılandırmada izinli değil | ÖK §2A Ö4 M-b0 sınıfı; OID4VP §5.9.3 DC API takdiri (T268) imzasız işleme yolunu açık bırakır — bu yol REQ08/09 satırlarında
REQ10_istek_alg_none	P2	tedavi-ML-DSA-65	hayır	reject	OID4VP A.1 [T278] “signed requests, as defined in Appendix A.3.2.1, MUST use signed” (OpenID4VP 1.0 Final; OID4VP.txt:2456) ; OID4VP §5.9.3 (x509_hash) [T240] “The Wallet MUST validate the signature and the trust chain of the X.509 leaf certificate.” (OpenID4VP 1.0 Final; OID4VP.txt:947) ; JWTBCP §3.2 “JWT libraries MUST NOT consume JWTs using "none" unless explicitly allowed by the caller” (draft-ietf-oauth-rfc8725bis-10; JWTBCP.txt:524-525)	vaka: eşleme dışı (aile REQ, kol None) | imzalı istek protokolü (openid4vp-v1-signed) + x509_hash, ama alg=none: imza ve zincir doğrulanamaz; none yapılandırmada izinli değil | ÖK §2A Ö4 M-b0 sınıfı; OID4VP §5.9.3 DC API takdiri (T268) imzasız işleme yolunu açık bırakır — bu yol REQ08/09 satırlarında
REQ10_istek_alg_none	P0	tedavi-ML-DSA-65	hayır	reject	OID4VP A.1 [T278] “signed requests, as defined in Appendix A.3.2.1, MUST use signed” (OpenID4VP 1.0 Final; OID4VP.txt:2456) ; OID4VP §5.9.3 (x509_hash) [T240] “The Wallet MUST validate the signature and the trust chain of the X.509 leaf certificate.” (OpenID4VP 1.0 Final; OID4VP.txt:947) ; JWTBCP §3.2 “JWT libraries MUST NOT consume JWTs using "none" unless explicitly allowed by the caller” (draft-ietf-oauth-rfc8725bis-10; JWTBCP.txt:524-525)	vaka: eşleme dışı (aile REQ, kol None) | imzalı istek protokolü (openid4vp-v1-signed) + x509_hash, ama alg=none: imza ve zincir doğrulanamaz; none yapılandırmada izinli değil | ÖK §2A Ö4 M-b0 sınıfı; OID4VP §5.9.3 DC API takdiri (T268) imzasız işleme yolunu açık bırakır — bu yol REQ08/09 satırlarında
VC01_ES256_x5c	L4	tedavi-ML-DSA-65	hayır	reject	ÖK §6.5 “İhraççı başına gerekli küme R = {X}, izinli küme {A, X}.” (ON-KAYIT-TASLAK v0.8; ON-KAYIT-TASLAK.md:1054) ; JWTBCP §3.1 [T328] “MUST determine which algorithms are permitted for itself and that issuer and ensure that the received JWT complies with those requirements” (draft-ietf-oauth-rfc8725bis-10; JWTBCP.txt:482-485) ; ÖK §4.7 G5 “Göç etmiş bir varlık, ilan ettiği eski-sürüm penceresi dışında yalnız klasik kanıtla kabul edilemez.” (ON-KAYIT-TASLAK v0.8; ON-KAYIT-TASLAK.md:767) ; ÖK §2B m.6 (L4c) “Göç etmiş ihraççının yalnız klasik imzalı belgesi reddedilir, eski ihraççının klasik imzalı belgesi kabul edilir.” (ON-KAYIT-TASLAK v0.8; ON-KAYIT-TASLAK.md:256)	vaka: K11 ikincil; MR3 (VC01↔VC11) | L4: R={ML-DSA-65} için geçerli imza yok (yalnız klasik kanıt; G5) [ES256=geçerli] | sdjwtvc: -13/-19 aynı
VC01_ES256_x5c	P2	tedavi-ML-DSA-65	hayır	accept-classical	ÖK §4.8 P1 “Mevcut imzaların tümü geçerliyse kabul. İmza silinmesi (soyma) fark edilmez” (ON-KAYIT-TASLAK v0.8; ON-KAYIT-TASLAK.md:776) ; ÖK §4.8 P2 “P1 + her imza, anahtarının bağlı olduğu algoritmayla doğrulanır” (ON-KAYIT-TASLAK v0.8; ON-KAYIT-TASLAK.md:777) ; RFC7515 §5.2 [T314] “it is an application decision which of the JWS Signature values must successfully validate” (RFC 7515; RFC7515.txt:810-812) ; RFC9901 §7.1 (2b) “Validate the signature over the Issuer-signed JWT per Section 5.2 of [RFC7515].” (RFC 9901; RFC9901.txt:1667-1668)	vaka: K11 ikincil; MR3 (VC01↔VC11) | P2: mevcut tüm imzalar geçerli (R=∅) [ES256=geçerli] | sdjwtvc: -13/-19 aynı
VC01_ES256_x5c	P0	tedavi-ML-DSA-65	hayır	accept-classical	RFC7515 §5.2 [T315] “at least one JWS Signature value MUST successfully validate, or the JWS MUST be considered invalid” (RFC 7515; RFC7515.txt:814-816) ; RFC7515 §5.2 [T314] “it is an application decision which of the JWS Signature values must successfully validate” (RFC 7515; RFC7515.txt:810-812) ; ÖK §4.8 P0 “En az bir imza geçerliyse kabul” (ON-KAYIT-TASLAK v0.8; ON-KAYIT-TASLAK.md:775) ; RFC9901 §7.1 (2b) “Validate the signature over the Issuer-signed JWT per Section 5.2 of [RFC7515].” (RFC 9901; RFC9901.txt:1667-1668)	vaka: K11 ikincil; MR3 (VC01↔VC11) | P0: en az bir izinli imza geçerli [ES256=geçerli] | sdjwtvc: -13/-19 aynı
VC02_MLDSA65_x5c	L4	tedavi-ML-DSA-65	hayır	accept-hybrid	ÖK §6.5 “İhraççı başına gerekli küme R = {X}, izinli küme {A, X}.” (ON-KAYIT-TASLAK v0.8; ON-KAYIT-TASLAK.md:1054) ; JWTBCP §3.1 [T328] “MUST determine which algorithms are permitted for itself and that issuer and ensure that the received JWT complies with those requirements” (draft-ietf-oauth-rfc8725bis-10; JWTBCP.txt:482-485) ; ACM2 Note 51 [T135] “the veriﬁcation function accepting if and only if all signatures are correct” (ECCG ACM v2.0; ACM2.txt:946) ; RFC9901 §7.1 (2b) “Validate the signature over the Issuer-signed JWT per Section 5.2 of [RFC7515].” (RFC 9901; RFC9901.txt:1667-1668)	vaka: eşleme dışı (aile VC, kol tedavi-ML-DSA-65) | L4: tüm imzalar geçerli ve R={ML-DSA-65} karşılandı [ML-DSA-65=geçerli] | sdjwtvc: -13/-19 aynı
VC02_MLDSA65_x5c	P2	tedavi-ML-DSA-65	hayır	accept-hybrid	ÖK §4.8 P1 “Mevcut imzaların tümü geçerliyse kabul. İmza silinmesi (soyma) fark edilmez” (ON-KAYIT-TASLAK v0.8; ON-KAYIT-TASLAK.md:776) ; ÖK §4.8 P2 “P1 + her imza, anahtarının bağlı olduğu algoritmayla doğrulanır” (ON-KAYIT-TASLAK v0.8; ON-KAYIT-TASLAK.md:777) ; RFC7515 §5.2 [T314] “it is an application decision which of the JWS Signature values must successfully validate” (RFC 7515; RFC7515.txt:810-812) ; RFC9901 §7.1 (2b) “Validate the signature over the Issuer-signed JWT per Section 5.2 of [RFC7515].” (RFC 9901; RFC9901.txt:1667-1668)	vaka: eşleme dışı (aile VC, kol tedavi-ML-DSA-65) | P2: mevcut tüm imzalar geçerli (R=∅) [ML-DSA-65=geçerli] | sdjwtvc: -13/-19 aynı
VC02_MLDSA65_x5c	P0	tedavi-ML-DSA-65	hayır	accept-hybrid	RFC7515 §5.2 [T315] “at least one JWS Signature value MUST successfully validate, or the JWS MUST be considered invalid” (RFC 7515; RFC7515.txt:814-816) ; RFC7515 §5.2 [T314] “it is an application decision which of the JWS Signature values must successfully validate” (RFC 7515; RFC7515.txt:810-812) ; ÖK §4.8 P0 “En az bir imza geçerliyse kabul” (ON-KAYIT-TASLAK v0.8; ON-KAYIT-TASLAK.md:775) ; RFC9901 §7.1 (2b) “Validate the signature over the Issuer-signed JWT per Section 5.2 of [RFC7515].” (RFC 9901; RFC9901.txt:1667-1668)	vaka: eşleme dışı (aile VC, kol tedavi-ML-DSA-65) | P0: en az bir izinli imza geçerli [ML-DSA-65=geçerli] | sdjwtvc: -13/-19 aynı
VC04_MLDSA44_kid	L4	tedavi-ML-DSA-65	hayır	reject	JWTBCP §3.1 [T327] “MUST NOT employ any algorithms outside this configured set” (draft-ietf-oauth-rfc8725bis-10; JWTBCP.txt:463-466) ; RFC7515 §4.1.1 [T319] “The JWS Signature value is not valid if the "alg" value does not represent a supported algorithm or if there is not a key for use with that algorithm” (RFC 7515; RFC7515.txt:508-510) ; ÖK §4.8 P1 “Mevcut imzaların tümü geçerliyse kabul. İmza silinmesi (soyma) fark edilmez” (ON-KAYIT-TASLAK v0.8; ON-KAYIT-TASLAK.md:776) ; ACM2 Note 51 [T135] “the veriﬁcation function accepting if and only if all signatures are correct” (ECCG ACM v2.0; ACM2.txt:946) ; ÖK §6.5 “İhraççı başına gerekli küme R = {X}, izinli küme {A, X}.” (ON-KAYIT-TASLAK v0.8; ON-KAYIT-TASLAK.md:1054)	vaka: eşleme dışı (aile VC, kol kapsam-pq) | L4: mevcut imzalardan en az biri geçersiz/izinsiz → tüm-mevcut-geçerli koşulu sağlanmıyor [ML-DSA-44=izinsiz] | x5c yok (kid): HAIP §6.1.1 sapması etiketi (ÖK §2D m.1); anahtar dogrulama_girdileri JWKS'ten | sdjwtvc: -13/-19 aynı
VC04_MLDSA44_kid	P2	tedavi-ML-DSA-65	hayır	reject	JWTBCP §3.1 [T327] “MUST NOT employ any algorithms outside this configured set” (draft-ietf-oauth-rfc8725bis-10; JWTBCP.txt:463-466) ; RFC7515 §4.1.1 [T319] “The JWS Signature value is not valid if the "alg" value does not represent a supported algorithm or if there is not a key for use with that algorithm” (RFC 7515; RFC7515.txt:508-510) ; ÖK §4.8 P1 “Mevcut imzaların tümü geçerliyse kabul. İmza silinmesi (soyma) fark edilmez” (ON-KAYIT-TASLAK v0.8; ON-KAYIT-TASLAK.md:776) ; ACM2 Note 51 [T135] “the veriﬁcation function accepting if and only if all signatures are correct” (ECCG ACM v2.0; ACM2.txt:946)	vaka: eşleme dışı (aile VC, kol kapsam-pq) | P2: mevcut imzalardan en az biri geçersiz/izinsiz → tüm-mevcut-geçerli koşulu sağlanmıyor [ML-DSA-44=izinsiz] | x5c yok (kid): HAIP §6.1.1 sapması etiketi (ÖK §2D m.1); anahtar dogrulama_girdileri JWKS'ten | sdjwtvc: -13/-19 aynı
VC04_MLDSA44_kid	P0	tedavi-ML-DSA-65	hayır	reject	RFC7515 §5.2 [T315] “at least one JWS Signature value MUST successfully validate, or the JWS MUST be considered invalid” (RFC 7515; RFC7515.txt:814-816) ; JWTBCP §3.1 [T327] “MUST NOT employ any algorithms outside this configured set” (draft-ietf-oauth-rfc8725bis-10; JWTBCP.txt:463-466) ; RFC7515 §4.1.1 [T319] “The JWS Signature value is not valid if the "alg" value does not represent a supported algorithm or if there is not a key for use with that algorithm” (RFC 7515; RFC7515.txt:508-510)	vaka: eşleme dışı (aile VC, kol kapsam-pq) | P0: geçerli izinli imza yok [ML-DSA-44=izinsiz] | x5c yok (kid): HAIP §6.1.1 sapması etiketi (ÖK §2D m.1); anahtar dogrulama_girdileri JWKS'ten | sdjwtvc: -13/-19 aynı
VC05_MLDSA87_kid	L4	tedavi-ML-DSA-65	hayır	reject	JWTBCP §3.1 [T327] “MUST NOT employ any algorithms outside this configured set” (draft-ietf-oauth-rfc8725bis-10; JWTBCP.txt:463-466) ; RFC7515 §4.1.1 [T319] “The JWS Signature value is not valid if the "alg" value does not represent a supported algorithm or if there is not a key for use with that algorithm” (RFC 7515; RFC7515.txt:508-510) ; ÖK §4.8 P1 “Mevcut imzaların tümü geçerliyse kabul. İmza silinmesi (soyma) fark edilmez” (ON-KAYIT-TASLAK v0.8; ON-KAYIT-TASLAK.md:776) ; ACM2 Note 51 [T135] “the veriﬁcation function accepting if and only if all signatures are correct” (ECCG ACM v2.0; ACM2.txt:946) ; ÖK §6.5 “İhraççı başına gerekli küme R = {X}, izinli küme {A, X}.” (ON-KAYIT-TASLAK v0.8; ON-KAYIT-TASLAK.md:1054)	vaka: eşleme dışı (aile VC, kol kapsam-pq) | L4: mevcut imzalardan en az biri geçersiz/izinsiz → tüm-mevcut-geçerli koşulu sağlanmıyor [ML-DSA-87=izinsiz] | x5c yok (kid): HAIP §6.1.1 sapması etiketi (ÖK §2D m.1); anahtar dogrulama_girdileri JWKS'ten | sdjwtvc: -13/-19 aynı
VC05_MLDSA87_kid	P2	tedavi-ML-DSA-65	hayır	reject	JWTBCP §3.1 [T327] “MUST NOT employ any algorithms outside this configured set” (draft-ietf-oauth-rfc8725bis-10; JWTBCP.txt:463-466) ; RFC7515 §4.1.1 [T319] “The JWS Signature value is not valid if the "alg" value does not represent a supported algorithm or if there is not a key for use with that algorithm” (RFC 7515; RFC7515.txt:508-510) ; ÖK §4.8 P1 “Mevcut imzaların tümü geçerliyse kabul. İmza silinmesi (soyma) fark edilmez” (ON-KAYIT-TASLAK v0.8; ON-KAYIT-TASLAK.md:776) ; ACM2 Note 51 [T135] “the veriﬁcation function accepting if and only if all signatures are correct” (ECCG ACM v2.0; ACM2.txt:946)	vaka: eşleme dışı (aile VC, kol kapsam-pq) | P2: mevcut imzalardan en az biri geçersiz/izinsiz → tüm-mevcut-geçerli koşulu sağlanmıyor [ML-DSA-87=izinsiz] | x5c yok (kid): HAIP §6.1.1 sapması etiketi (ÖK §2D m.1); anahtar dogrulama_girdileri JWKS'ten | sdjwtvc: -13/-19 aynı
VC05_MLDSA87_kid	P0	tedavi-ML-DSA-65	hayır	reject	RFC7515 §5.2 [T315] “at least one JWS Signature value MUST successfully validate, or the JWS MUST be considered invalid” (RFC 7515; RFC7515.txt:814-816) ; JWTBCP §3.1 [T327] “MUST NOT employ any algorithms outside this configured set” (draft-ietf-oauth-rfc8725bis-10; JWTBCP.txt:463-466) ; RFC7515 §4.1.1 [T319] “The JWS Signature value is not valid if the "alg" value does not represent a supported algorithm or if there is not a key for use with that algorithm” (RFC 7515; RFC7515.txt:508-510)	vaka: eşleme dışı (aile VC, kol kapsam-pq) | P0: geçerli izinli imza yok [ML-DSA-87=izinsiz] | x5c yok (kid): HAIP §6.1.1 sapması etiketi (ÖK §2D m.1); anahtar dogrulama_girdileri JWKS'ten | sdjwtvc: -13/-19 aynı
VC06_composite_Ed25519_kid	L4	tedavi-ML-DSA-65	hayır	reject	JWTBCP §3.1 [T327] “MUST NOT employ any algorithms outside this configured set” (draft-ietf-oauth-rfc8725bis-10; JWTBCP.txt:463-466) ; RFC7515 §4.1.1 [T319] “The JWS Signature value is not valid if the "alg" value does not represent a supported algorithm or if there is not a key for use with that algorithm” (RFC 7515; RFC7515.txt:508-510) ; ÖK §4.8 P1 “Mevcut imzaların tümü geçerliyse kabul. İmza silinmesi (soyma) fark edilmez” (ON-KAYIT-TASLAK v0.8; ON-KAYIT-TASLAK.md:776) ; ACM2 Note 51 [T135] “the veriﬁcation function accepting if and only if all signatures are correct” (ECCG ACM v2.0; ACM2.txt:946) ; ÖK §6.5 “İhraççı başına gerekli küme R = {X}, izinli küme {A, X}.” (ON-KAYIT-TASLAK v0.8; ON-KAYIT-TASLAK.md:1054)	vaka: eşleme dışı (aile VC, kol kapsam-hibrit) | L4: mevcut imzalardan en az biri geçersiz/izinsiz → tüm-mevcut-geçerli koşulu sağlanmıyor [ML-DSA-65-Ed25519=izinsiz] | x5c yok (kid): HAIP §6.1.1 sapması etiketi (ÖK §2D m.1); anahtar dogrulama_girdileri JWKS'ten | sdjwtvc: -13/-19 aynı
VC06_composite_Ed25519_kid	P2	tedavi-ML-DSA-65	hayır	reject	JWTBCP §3.1 [T327] “MUST NOT employ any algorithms outside this configured set” (draft-ietf-oauth-rfc8725bis-10; JWTBCP.txt:463-466) ; RFC7515 §4.1.1 [T319] “The JWS Signature value is not valid if the "alg" value does not represent a supported algorithm or if there is not a key for use with that algorithm” (RFC 7515; RFC7515.txt:508-510) ; ÖK §4.8 P1 “Mevcut imzaların tümü geçerliyse kabul. İmza silinmesi (soyma) fark edilmez” (ON-KAYIT-TASLAK v0.8; ON-KAYIT-TASLAK.md:776) ; ACM2 Note 51 [T135] “the veriﬁcation function accepting if and only if all signatures are correct” (ECCG ACM v2.0; ACM2.txt:946)	vaka: eşleme dışı (aile VC, kol kapsam-hibrit) | P2: mevcut imzalardan en az biri geçersiz/izinsiz → tüm-mevcut-geçerli koşulu sağlanmıyor [ML-DSA-65-Ed25519=izinsiz] | x5c yok (kid): HAIP §6.1.1 sapması etiketi (ÖK §2D m.1); anahtar dogrulama_girdileri JWKS'ten | sdjwtvc: -13/-19 aynı
VC06_composite_Ed25519_kid	P0	tedavi-ML-DSA-65	hayır	reject	RFC7515 §5.2 [T315] “at least one JWS Signature value MUST successfully validate, or the JWS MUST be considered invalid” (RFC 7515; RFC7515.txt:814-816) ; JWTBCP §3.1 [T327] “MUST NOT employ any algorithms outside this configured set” (draft-ietf-oauth-rfc8725bis-10; JWTBCP.txt:463-466) ; RFC7515 §4.1.1 [T319] “The JWS Signature value is not valid if the "alg" value does not represent a supported algorithm or if there is not a key for use with that algorithm” (RFC 7515; RFC7515.txt:508-510)	vaka: eşleme dışı (aile VC, kol kapsam-hibrit) | P0: geçerli izinli imza yok [ML-DSA-65-Ed25519=izinsiz] | x5c yok (kid): HAIP §6.1.1 sapması etiketi (ÖK §2D m.1); anahtar dogrulama_girdileri JWKS'ten | sdjwtvc: -13/-19 aynı
VC07_GJ_ES256_MLDSA65	L4|sdjwtvc=-13	tedavi-ML-DSA-65	hayır	accept-hybrid	ÖK §6.5 “İhraççı başına gerekli küme R = {X}, izinli küme {A, X}.” (ON-KAYIT-TASLAK v0.8; ON-KAYIT-TASLAK.md:1054) ; JWTBCP §3.1 [T328] “MUST determine which algorithms are permitted for itself and that issuer and ensure that the received JWT complies with those requirements” (draft-ietf-oauth-rfc8725bis-10; JWTBCP.txt:482-485) ; ACM2 Note 51 [T135] “the veriﬁcation function accepting if and only if all signatures are correct” (ECCG ACM v2.0; ACM2.txt:946) ; SDJWTVC13 §3.2 [T114] “where support for the JWS JSON Serialization is OPTIONAL” (draft-ietf-oauth-sd-jwt-vc-13; SDJWTVC13.txt:303-304) ; RFC9901 §8.3 [T108] “disclosures and kb_jwt MUST be included in the first unprotected header” (RFC 9901; RFC9901.txt:1987-1988) ; RFC9901 §7.1 (2b) “Validate the signature over the Issuer-signed JWT per Section 5.2 of [RFC7515].” (RFC 9901; RFC9901.txt:1667-1668)	vaka: K1 ikincil (SD-JWT VC, senaryo d); MR3 (-13↔-19) | L4: tüm imzalar geçerli ve R={ML-DSA-65} karşılandı [ES256=geçerli, ML-DSA-65=geçerli]
VC07_GJ_ES256_MLDSA65	L4|sdjwtvc=-19	tedavi-ML-DSA-65	hayır	indeterminate	SDJWTVC §2.2 [T113] “not precluded but the specific details are beyond the scope of this specification” (draft-ietf-oauth-sd-jwt-vc-19; SDJWTVC.txt:307-309) ; HAIP §6.1 [T115] “Compact serialization MUST be supported as defined in [RFC9901]. JSON serialization MAY be supported.” (OpenID4VC HAIP 1.0 Final; HAIP.txt:468) ; ÖK §2D m.7 “senaryo (d) vektörleri (JSON serileştirmenin statüsü)” (ON-KAYIT-TASLAK v0.8; ON-KAYIT-TASLAK.md:423)	vaka: K1 ikincil (SD-JWT VC, senaryo d); MR3 (-13↔-19) | -19: JSON serileştirilmiş SD-JWT VC ayrıntıları kapsam dışı; destekleyen doğrulayıcı -13 okumasıyla kabul eder, desteklemeyen reddeder → belirlenmemiş (MR3 sürüm farkı). -13 kararı: L4: tüm imzalar geçerli ve R={ML-DSA-65} karşılandı [ES256=geçerli, ML-DSA-65=geçerli]
VC07_GJ_ES256_MLDSA65	P2|sdjwtvc=-13	tedavi-ML-DSA-65	hayır	accept-hybrid	ÖK §4.8 P1 “Mevcut imzaların tümü geçerliyse kabul. İmza silinmesi (soyma) fark edilmez” (ON-KAYIT-TASLAK v0.8; ON-KAYIT-TASLAK.md:776) ; ÖK §4.8 P2 “P1 + her imza, anahtarının bağlı olduğu algoritmayla doğrulanır” (ON-KAYIT-TASLAK v0.8; ON-KAYIT-TASLAK.md:777) ; RFC7515 §5.2 [T314] “it is an application decision which of the JWS Signature values must successfully validate” (RFC 7515; RFC7515.txt:810-812) ; SDJWTVC13 §3.2 [T114] “where support for the JWS JSON Serialization is OPTIONAL” (draft-ietf-oauth-sd-jwt-vc-13; SDJWTVC13.txt:303-304) ; RFC9901 §8.3 [T108] “disclosures and kb_jwt MUST be included in the first unprotected header” (RFC 9901; RFC9901.txt:1987-1988) ; RFC9901 §7.1 (2b) “Validate the signature over the Issuer-signed JWT per Section 5.2 of [RFC7515].” (RFC 9901; RFC9901.txt:1667-1668)	vaka: K1 ikincil (SD-JWT VC, senaryo d); MR3 (-13↔-19) | P2: mevcut tüm imzalar geçerli (R=∅) [ES256=geçerli, ML-DSA-65=geçerli]
VC07_GJ_ES256_MLDSA65	P2|sdjwtvc=-19	tedavi-ML-DSA-65	hayır	indeterminate	SDJWTVC §2.2 [T113] “not precluded but the specific details are beyond the scope of this specification” (draft-ietf-oauth-sd-jwt-vc-19; SDJWTVC.txt:307-309) ; HAIP §6.1 [T115] “Compact serialization MUST be supported as defined in [RFC9901]. JSON serialization MAY be supported.” (OpenID4VC HAIP 1.0 Final; HAIP.txt:468) ; ÖK §2D m.7 “senaryo (d) vektörleri (JSON serileştirmenin statüsü)” (ON-KAYIT-TASLAK v0.8; ON-KAYIT-TASLAK.md:423)	vaka: K1 ikincil (SD-JWT VC, senaryo d); MR3 (-13↔-19) | -19: JSON serileştirilmiş SD-JWT VC ayrıntıları kapsam dışı; destekleyen doğrulayıcı -13 okumasıyla kabul eder, desteklemeyen reddeder → belirlenmemiş (MR3 sürüm farkı). -13 kararı: P2: mevcut tüm imzalar geçerli (R=∅) [ES256=geçerli, ML-DSA-65=geçerli]
VC07_GJ_ES256_MLDSA65	P0|sdjwtvc=-13	tedavi-ML-DSA-65	hayır	accept-hybrid	RFC7515 §5.2 [T315] “at least one JWS Signature value MUST successfully validate, or the JWS MUST be considered invalid” (RFC 7515; RFC7515.txt:814-816) ; RFC7515 §5.2 [T314] “it is an application decision which of the JWS Signature values must successfully validate” (RFC 7515; RFC7515.txt:810-812) ; ÖK §4.8 P0 “En az bir imza geçerliyse kabul” (ON-KAYIT-TASLAK v0.8; ON-KAYIT-TASLAK.md:775) ; SDJWTVC13 §3.2 [T114] “where support for the JWS JSON Serialization is OPTIONAL” (draft-ietf-oauth-sd-jwt-vc-13; SDJWTVC13.txt:303-304) ; RFC9901 §8.3 [T108] “disclosures and kb_jwt MUST be included in the first unprotected header” (RFC 9901; RFC9901.txt:1987-1988) ; RFC9901 §7.1 (2b) “Validate the signature over the Issuer-signed JWT per Section 5.2 of [RFC7515].” (RFC 9901; RFC9901.txt:1667-1668)	vaka: K1 ikincil (SD-JWT VC, senaryo d); MR3 (-13↔-19) | P0: en az bir izinli imza geçerli [ES256=geçerli, ML-DSA-65=geçerli]
VC07_GJ_ES256_MLDSA65	P0|sdjwtvc=-19	tedavi-ML-DSA-65	hayır	indeterminate	SDJWTVC §2.2 [T113] “not precluded but the specific details are beyond the scope of this specification” (draft-ietf-oauth-sd-jwt-vc-19; SDJWTVC.txt:307-309) ; HAIP §6.1 [T115] “Compact serialization MUST be supported as defined in [RFC9901]. JSON serialization MAY be supported.” (OpenID4VC HAIP 1.0 Final; HAIP.txt:468) ; ÖK §2D m.7 “senaryo (d) vektörleri (JSON serileştirmenin statüsü)” (ON-KAYIT-TASLAK v0.8; ON-KAYIT-TASLAK.md:423)	vaka: K1 ikincil (SD-JWT VC, senaryo d); MR3 (-13↔-19) | -19: JSON serileştirilmiş SD-JWT VC ayrıntıları kapsam dışı; destekleyen doğrulayıcı -13 okumasıyla kabul eder, desteklemeyen reddeder → belirlenmemiş (MR3 sürüm farkı). -13 kararı: P0: en az bir izinli imza geçerli [ES256=geçerli, ML-DSA-65=geçerli]
VC10_ikili_ihrac	L4	tedavi-ML-DSA-65	evet	reject	ÖK §6.5 “İhraççı başına gerekli küme R = {X}, izinli küme {A, X}.” (ON-KAYIT-TASLAK v0.8; ON-KAYIT-TASLAK.md:1054) ; JWTBCP §3.1 [T328] “MUST determine which algorithms are permitted for itself and that issuer and ensure that the received JWT complies with those requirements” (draft-ietf-oauth-rfc8725bis-10; JWTBCP.txt:482-485) ; ÖK §4.7 G5 “Göç etmiş bir varlık, ilan ettiği eski-sürüm penceresi dışında yalnız klasik kanıtla kabul edilemez.” (ON-KAYIT-TASLAK v0.8; ON-KAYIT-TASLAK.md:767) ; ÖK §2B m.6 (L4c) “Göç etmiş ihraççının yalnız klasik imzalı belgesi reddedilir, eski ihraççının klasik imzalı belgesi kabul edilir.” (ON-KAYIT-TASLAK v0.8; ON-KAYIT-TASLAK.md:256) ; ÖK §6.5 K11 “göç etmiş ihraççıdan yalnız klasik kimlik bilgisi | RED (G5)” (ON-KAYIT-TASLAK v0.8; ON-KAYIT-TASLAK.md:1068)	vaka: K11 birincil (credentials[0] = ES256 kopya değerlendirilir) | L4: R={ML-DSA-65} için geçerli imza yok (yalnız klasik kanıt; G5) [ES256=geçerli] | credentials[0] (ES256, klasik zincir) değerlendirildi; aynı yanıttaki ML-DSA-65 kopya K11 kararına girmez | sdjwtvc: -13/-19 aynı
VC10_ikili_ihrac	P2	tedavi-ML-DSA-65	evet	accept-classical	ÖK §4.8 P1 “Mevcut imzaların tümü geçerliyse kabul. İmza silinmesi (soyma) fark edilmez” (ON-KAYIT-TASLAK v0.8; ON-KAYIT-TASLAK.md:776) ; ÖK §4.8 P2 “P1 + her imza, anahtarının bağlı olduğu algoritmayla doğrulanır” (ON-KAYIT-TASLAK v0.8; ON-KAYIT-TASLAK.md:777) ; RFC7515 §5.2 [T314] “it is an application decision which of the JWS Signature values must successfully validate” (RFC 7515; RFC7515.txt:810-812) ; RFC9901 §7.1 (2b) “Validate the signature over the Issuer-signed JWT per Section 5.2 of [RFC7515].” (RFC 9901; RFC9901.txt:1667-1668)	vaka: K11 birincil (credentials[0] = ES256 kopya değerlendirilir) | P2: mevcut tüm imzalar geçerli (R=∅) [ES256=geçerli] | credentials[0] (ES256, klasik zincir) değerlendirildi; aynı yanıttaki ML-DSA-65 kopya K11 kararına girmez | sdjwtvc: -13/-19 aynı
VC10_ikili_ihrac	P0	tedavi-ML-DSA-65	evet	accept-classical	RFC7515 §5.2 [T315] “at least one JWS Signature value MUST successfully validate, or the JWS MUST be considered invalid” (RFC 7515; RFC7515.txt:814-816) ; RFC7515 §5.2 [T314] “it is an application decision which of the JWS Signature values must successfully validate” (RFC 7515; RFC7515.txt:810-812) ; ÖK §4.8 P0 “En az bir imza geçerliyse kabul” (ON-KAYIT-TASLAK v0.8; ON-KAYIT-TASLAK.md:775) ; RFC9901 §7.1 (2b) “Validate the signature over the Issuer-signed JWT per Section 5.2 of [RFC7515].” (RFC 9901; RFC9901.txt:1667-1668)	vaka: K11 birincil (credentials[0] = ES256 kopya değerlendirilir) | P0: en az bir izinli imza geçerli [ES256=geçerli] | credentials[0] (ES256, klasik zincir) değerlendirildi; aynı yanıttaki ML-DSA-65 kopya K11 kararına girmez | sdjwtvc: -13/-19 aynı
VC11_typ_vc+sd-jwt	L4|sdjwtvc=-13	tedavi-ML-DSA-65	hayır	reject	ÖK §6.5 “İhraççı başına gerekli küme R = {X}, izinli küme {A, X}.” (ON-KAYIT-TASLAK v0.8; ON-KAYIT-TASLAK.md:1054) ; JWTBCP §3.1 [T328] “MUST determine which algorithms are permitted for itself and that issuer and ensure that the received JWT complies with those requirements” (draft-ietf-oauth-rfc8725bis-10; JWTBCP.txt:482-485) ; ÖK §4.7 G5 “Göç etmiş bir varlık, ilan ettiği eski-sürüm penceresi dışında yalnız klasik kanıtla kabul edilemez.” (ON-KAYIT-TASLAK v0.8; ON-KAYIT-TASLAK.md:767) ; ÖK §2B m.6 (L4c) “Göç etmiş ihraççının yalnız klasik imzalı belgesi reddedilir, eski ihraççının klasik imzalı belgesi kabul edilir.” (ON-KAYIT-TASLAK v0.8; ON-KAYIT-TASLAK.md:256)	vaka: MR3 eşi (VC01↔VC11; -13 geçişi) | L4: R={ML-DSA-65} için geçerli imza yok (yalnız klasik kanıt; G5) [ES256=geçerli]
VC11_typ_vc+sd-jwt	L4|sdjwtvc=-19	tedavi-ML-DSA-65	hayır	reject	ÖK §6.5 “İhraççı başına gerekli küme R = {X}, izinli küme {A, X}.” (ON-KAYIT-TASLAK v0.8; ON-KAYIT-TASLAK.md:1054) ; JWTBCP §3.1 [T328] “MUST determine which algorithms are permitted for itself and that issuer and ensure that the received JWT complies with those requirements” (draft-ietf-oauth-rfc8725bis-10; JWTBCP.txt:482-485) ; ÖK §4.7 G5 “Göç etmiş bir varlık, ilan ettiği eski-sürüm penceresi dışında yalnız klasik kanıtla kabul edilemez.” (ON-KAYIT-TASLAK v0.8; ON-KAYIT-TASLAK.md:767) ; ÖK §2B m.6 (L4c) “Göç etmiş ihraççının yalnız klasik imzalı belgesi reddedilir, eski ihraççının klasik imzalı belgesi kabul edilir.” (ON-KAYIT-TASLAK v0.8; ON-KAYIT-TASLAK.md:256)	vaka: MR3 eşi (VC01↔VC11; -13 geçişi) | L4: R={ML-DSA-65} için geçerli imza yok (yalnız klasik kanıt; G5) [ES256=geçerli]
VC11_typ_vc+sd-jwt	P2|sdjwtvc=-13	tedavi-ML-DSA-65	hayır	indeterminate	SDJWTVC13 §3.2.1 “The typ value MUST use dc+sd-jwt.” (draft-ietf-oauth-sd-jwt-vc-13; SDJWTVC13.txt:323-324) ; SDJWTVC13 §3.2.1 “it is RECOMMENDED that Verifiers and Holders accept both vc+sd-jwt and dc+sd-jwt as the value of the typ header” (draft-ietf-oauth-sd-jwt-vc-13; SDJWTVC13.txt:340-342)	vaka: MR3 eşi (VC01↔VC11; -13 geçişi) | typ=vc+sd-jwt: -13 üreticiye dc+sd-jwt der; doğrulayıcıya her ikisini kabul ÖNERİR (RECOMMENDED) → yön: kabul; zorunlu değil
VC11_typ_vc+sd-jwt	P2|sdjwtvc=-19	tedavi-ML-DSA-65	hayır	indeterminate	SDJWTVC §2.2.1 [T119] “The typ value MUST use dc+sd-jwt.” (draft-ietf-oauth-sd-jwt-vc-19; SDJWTVC.txt:328-329) ; SDJWTVC Doc. History (-19) “Remove: "Note that this draft used vc+sd-jwt as the value of” (draft-ietf-oauth-sd-jwt-vc-19; SDJWTVC.txt:3614-3615) ; RFC9901 §9.11 “and that Verifiers check this value” (RFC 9901; RFC9901.txt:2318-2319)	vaka: MR3 eşi (VC01↔VC11; -13 geçişi) | typ=vc+sd-jwt: -19 yalnız dc+sd-jwt tanımlar, geçiş notu kaldırıldı; doğrulayıcı typ denetimi RECOMMENDED → yön: ret; zorunlu değil
VC11_typ_vc+sd-jwt	P0|sdjwtvc=-13	tedavi-ML-DSA-65	hayır	indeterminate	SDJWTVC13 §3.2.1 “The typ value MUST use dc+sd-jwt.” (draft-ietf-oauth-sd-jwt-vc-13; SDJWTVC13.txt:323-324) ; SDJWTVC13 §3.2.1 “it is RECOMMENDED that Verifiers and Holders accept both vc+sd-jwt and dc+sd-jwt as the value of the typ header” (draft-ietf-oauth-sd-jwt-vc-13; SDJWTVC13.txt:340-342)	vaka: MR3 eşi (VC01↔VC11; -13 geçişi) | typ=vc+sd-jwt: -13 üreticiye dc+sd-jwt der; doğrulayıcıya her ikisini kabul ÖNERİR (RECOMMENDED) → yön: kabul; zorunlu değil
VC11_typ_vc+sd-jwt	P0|sdjwtvc=-19	tedavi-ML-DSA-65	hayır	indeterminate	SDJWTVC §2.2.1 [T119] “The typ value MUST use dc+sd-jwt.” (draft-ietf-oauth-sd-jwt-vc-19; SDJWTVC.txt:328-329) ; SDJWTVC Doc. History (-19) “Remove: "Note that this draft used vc+sd-jwt as the value of” (draft-ietf-oauth-sd-jwt-vc-19; SDJWTVC.txt:3614-3615) ; RFC9901 §9.11 “and that Verifiers check this value” (RFC 9901; RFC9901.txt:2318-2319)	vaka: MR3 eşi (VC01↔VC11; -13 geçişi) | typ=vc+sd-jwt: -19 yalnız dc+sd-jwt tanımlar, geçiş notu kaldırıldı; doğrulayıcı typ denetimi RECOMMENDED → yön: ret; zorunlu değil
VC12_alg_none	L4	tedavi-ML-DSA-65	hayır	reject	RFC9901 §4.1 [T102] “It MUST NOT use the none algorithm.” (RFC 9901; RFC9901.txt:486-487) ; RFC9901 §7.1 (2a) [T103] “The "none" algorithm MUST NOT be accepted.” (RFC 9901; RFC9901.txt:1665)	vaka: eşleme dışı (aile VC, kol None) | ihraççı JWT alg=none | sdjwtvc: -13/-19 aynı
VC12_alg_none	P2	tedavi-ML-DSA-65	hayır	reject	RFC9901 §4.1 [T102] “It MUST NOT use the none algorithm.” (RFC 9901; RFC9901.txt:486-487) ; RFC9901 §7.1 (2a) [T103] “The "none" algorithm MUST NOT be accepted.” (RFC 9901; RFC9901.txt:1665)	vaka: eşleme dışı (aile VC, kol None) | ihraççı JWT alg=none | sdjwtvc: -13/-19 aynı
VC12_alg_none	P0	tedavi-ML-DSA-65	hayır	reject	RFC9901 §4.1 [T102] “It MUST NOT use the none algorithm.” (RFC 9901; RFC9901.txt:486-487) ; RFC9901 §7.1 (2a) [T103] “The "none" algorithm MUST NOT be accepted.” (RFC 9901; RFC9901.txt:1665)	vaka: eşleme dışı (aile VC, kol None) | ihraççı JWT alg=none | sdjwtvc: -13/-19 aynı
VP01_ihracci_ES256_kb_ES256	L4	tedavi-ML-DSA-65	hayır	reject	ÖK §6.5 “İhraççı başına gerekli küme R = {X}, izinli küme {A, X}.” (ON-KAYIT-TASLAK v0.8; ON-KAYIT-TASLAK.md:1054) ; JWTBCP §3.1 [T328] “MUST determine which algorithms are permitted for itself and that issuer and ensure that the received JWT complies with those requirements” (draft-ietf-oauth-rfc8725bis-10; JWTBCP.txt:482-485) ; ÖK §4.7 G5 “Göç etmiş bir varlık, ilan ettiği eski-sürüm penceresi dışında yalnız klasik kanıtla kabul edilemez.” (ON-KAYIT-TASLAK v0.8; ON-KAYIT-TASLAK.md:767) ; ÖK §2B m.6 (L4c) “Göç etmiş ihraççının yalnız klasik imzalı belgesi reddedilir, eski ihraççının klasik imzalı belgesi kabul edilir.” (ON-KAYIT-TASLAK v0.8; ON-KAYIT-TASLAK.md:256)	vaka: eşleme dışı (aile VP, kol klasik-taban) | L4: R={ML-DSA-65} için geçerli imza yok (yalnız klasik kanıt; G5) [ES256=geçerli] | KB-JWT alg=ES256 (izinli kümeye tabi; R_I yalnız ihraççı imzasına uygulanır) | sdjwtvc: -13/-19 aynı
VP01_ihracci_ES256_kb_ES256	P2	tedavi-ML-DSA-65	hayır	accept-classical	ÖK §4.8 P1 “Mevcut imzaların tümü geçerliyse kabul. İmza silinmesi (soyma) fark edilmez” (ON-KAYIT-TASLAK v0.8; ON-KAYIT-TASLAK.md:776) ; ÖK §4.8 P2 “P1 + her imza, anahtarının bağlı olduğu algoritmayla doğrulanır” (ON-KAYIT-TASLAK v0.8; ON-KAYIT-TASLAK.md:777) ; RFC7515 §5.2 [T314] “it is an application decision which of the JWS Signature values must successfully validate” (RFC 7515; RFC7515.txt:810-812) ; RFC9901 §7.1 (2b) “Validate the signature over the Issuer-signed JWT per Section 5.2 of [RFC7515].” (RFC 9901; RFC9901.txt:1667-1668) ; RFC9901 §7.3 (5b) [T213] “Ensure that a signing algorithm was used that was deemed secure for the application.” (RFC 9901; RFC9901.txt:1849-1850)	vaka: eşleme dışı (aile VP, kol klasik-taban) | P2: mevcut tüm imzalar geçerli (R=∅) [ES256=geçerli] | KB-JWT alg=ES256 (izinli kümeye tabi; R_I yalnız ihraççı imzasına uygulanır) | sdjwtvc: -13/-19 aynı
VP01_ihracci_ES256_kb_ES256	P0	tedavi-ML-DSA-65	hayır	accept-classical	RFC7515 §5.2 [T315] “at least one JWS Signature value MUST successfully validate, or the JWS MUST be considered invalid” (RFC 7515; RFC7515.txt:814-816) ; RFC7515 §5.2 [T314] “it is an application decision which of the JWS Signature values must successfully validate” (RFC 7515; RFC7515.txt:810-812) ; ÖK §4.8 P0 “En az bir imza geçerliyse kabul” (ON-KAYIT-TASLAK v0.8; ON-KAYIT-TASLAK.md:775) ; RFC9901 §7.1 (2b) “Validate the signature over the Issuer-signed JWT per Section 5.2 of [RFC7515].” (RFC 9901; RFC9901.txt:1667-1668) ; RFC9901 §7.3 (5b) [T213] “Ensure that a signing algorithm was used that was deemed secure for the application.” (RFC 9901; RFC9901.txt:1849-1850)	vaka: eşleme dışı (aile VP, kol klasik-taban) | P0: en az bir izinli imza geçerli [ES256=geçerli] | KB-JWT alg=ES256 (izinli kümeye tabi; R_I yalnız ihraççı imzasına uygulanır) | sdjwtvc: -13/-19 aynı
VP02_ihracci_MLDSA65_kb_ES256	L4	tedavi-ML-DSA-65	hayır	accept-hybrid	ÖK §6.5 “İhraççı başına gerekli küme R = {X}, izinli küme {A, X}.” (ON-KAYIT-TASLAK v0.8; ON-KAYIT-TASLAK.md:1054) ; JWTBCP §3.1 [T328] “MUST determine which algorithms are permitted for itself and that issuer and ensure that the received JWT complies with those requirements” (draft-ietf-oauth-rfc8725bis-10; JWTBCP.txt:482-485) ; ACM2 Note 51 [T135] “the veriﬁcation function accepting if and only if all signatures are correct” (ECCG ACM v2.0; ACM2.txt:946) ; RFC9901 §7.1 (2b) “Validate the signature over the Issuer-signed JWT per Section 5.2 of [RFC7515].” (RFC 9901; RFC9901.txt:1667-1668) ; RFC9901 §7.3 (5b) [T213] “Ensure that a signing algorithm was used that was deemed secure for the application.” (RFC 9901; RFC9901.txt:1849-1850)	vaka: eşleme dışı (aile VP, kol tedavi-ML-DSA-65) | L4: tüm imzalar geçerli ve R={ML-DSA-65} karşılandı [ML-DSA-65=geçerli] | KB-JWT alg=ES256 (izinli kümeye tabi; R_I yalnız ihraççı imzasına uygulanır); KB klasik cihaz anahtarı (G2 klasik kalır) | sdjwtvc: -13/-19 aynı
VP02_ihracci_MLDSA65_kb_ES256	P2	tedavi-ML-DSA-65	hayır	accept-hybrid	ÖK §4.8 P1 “Mevcut imzaların tümü geçerliyse kabul. İmza silinmesi (soyma) fark edilmez” (ON-KAYIT-TASLAK v0.8; ON-KAYIT-TASLAK.md:776) ; ÖK §4.8 P2 “P1 + her imza, anahtarının bağlı olduğu algoritmayla doğrulanır” (ON-KAYIT-TASLAK v0.8; ON-KAYIT-TASLAK.md:777) ; RFC7515 §5.2 [T314] “it is an application decision which of the JWS Signature values must successfully validate” (RFC 7515; RFC7515.txt:810-812) ; RFC9901 §7.1 (2b) “Validate the signature over the Issuer-signed JWT per Section 5.2 of [RFC7515].” (RFC 9901; RFC9901.txt:1667-1668) ; RFC9901 §7.3 (5b) [T213] “Ensure that a signing algorithm was used that was deemed secure for the application.” (RFC 9901; RFC9901.txt:1849-1850)	vaka: eşleme dışı (aile VP, kol tedavi-ML-DSA-65) | P2: mevcut tüm imzalar geçerli (R=∅) [ML-DSA-65=geçerli] | KB-JWT alg=ES256 (izinli kümeye tabi; R_I yalnız ihraççı imzasına uygulanır); KB klasik cihaz anahtarı (G2 klasik kalır) | sdjwtvc: -13/-19 aynı
VP02_ihracci_MLDSA65_kb_ES256	P0	tedavi-ML-DSA-65	hayır	accept-hybrid	RFC7515 §5.2 [T315] “at least one JWS Signature value MUST successfully validate, or the JWS MUST be considered invalid” (RFC 7515; RFC7515.txt:814-816) ; RFC7515 §5.2 [T314] “it is an application decision which of the JWS Signature values must successfully validate” (RFC 7515; RFC7515.txt:810-812) ; ÖK §4.8 P0 “En az bir imza geçerliyse kabul” (ON-KAYIT-TASLAK v0.8; ON-KAYIT-TASLAK.md:775) ; RFC9901 §7.1 (2b) “Validate the signature over the Issuer-signed JWT per Section 5.2 of [RFC7515].” (RFC 9901; RFC9901.txt:1667-1668) ; RFC9901 §7.3 (5b) [T213] “Ensure that a signing algorithm was used that was deemed secure for the application.” (RFC 9901; RFC9901.txt:1849-1850)	vaka: eşleme dışı (aile VP, kol tedavi-ML-DSA-65) | P0: en az bir izinli imza geçerli [ML-DSA-65=geçerli] | KB-JWT alg=ES256 (izinli kümeye tabi; R_I yalnız ihraççı imzasına uygulanır); KB klasik cihaz anahtarı (G2 klasik kalır) | sdjwtvc: -13/-19 aynı
VP03_ihracci_MLDSA65_kb_MLDSA65	L4	tedavi-ML-DSA-65	hayır	accept-hybrid	ÖK §6.5 “İhraççı başına gerekli küme R = {X}, izinli küme {A, X}.” (ON-KAYIT-TASLAK v0.8; ON-KAYIT-TASLAK.md:1054) ; JWTBCP §3.1 [T328] “MUST determine which algorithms are permitted for itself and that issuer and ensure that the received JWT complies with those requirements” (draft-ietf-oauth-rfc8725bis-10; JWTBCP.txt:482-485) ; ACM2 Note 51 [T135] “the veriﬁcation function accepting if and only if all signatures are correct” (ECCG ACM v2.0; ACM2.txt:946) ; RFC9901 §7.1 (2b) “Validate the signature over the Issuer-signed JWT per Section 5.2 of [RFC7515].” (RFC 9901; RFC9901.txt:1667-1668) ; RFC9901 §7.3 (5b) [T213] “Ensure that a signing algorithm was used that was deemed secure for the application.” (RFC 9901; RFC9901.txt:1849-1850)	vaka: eşleme dışı (aile VP, kol tedavi-ML-DSA-65) | L4: tüm imzalar geçerli ve R={ML-DSA-65} karşılandı [ML-DSA-65=geçerli] | KB-JWT alg=ML-DSA-65 (izinli kümeye tabi; R_I yalnız ihraççı imzasına uygulanır) | sdjwtvc: -13/-19 aynı
VP03_ihracci_MLDSA65_kb_MLDSA65	P2	tedavi-ML-DSA-65	hayır	accept-hybrid	ÖK §4.8 P1 “Mevcut imzaların tümü geçerliyse kabul. İmza silinmesi (soyma) fark edilmez” (ON-KAYIT-TASLAK v0.8; ON-KAYIT-TASLAK.md:776) ; ÖK §4.8 P2 “P1 + her imza, anahtarının bağlı olduğu algoritmayla doğrulanır” (ON-KAYIT-TASLAK v0.8; ON-KAYIT-TASLAK.md:777) ; RFC7515 §5.2 [T314] “it is an application decision which of the JWS Signature values must successfully validate” (RFC 7515; RFC7515.txt:810-812) ; RFC9901 §7.1 (2b) “Validate the signature over the Issuer-signed JWT per Section 5.2 of [RFC7515].” (RFC 9901; RFC9901.txt:1667-1668) ; RFC9901 §7.3 (5b) [T213] “Ensure that a signing algorithm was used that was deemed secure for the application.” (RFC 9901; RFC9901.txt:1849-1850)	vaka: eşleme dışı (aile VP, kol tedavi-ML-DSA-65) | P2: mevcut tüm imzalar geçerli (R=∅) [ML-DSA-65=geçerli] | KB-JWT alg=ML-DSA-65 (izinli kümeye tabi; R_I yalnız ihraççı imzasına uygulanır) | sdjwtvc: -13/-19 aynı
VP03_ihracci_MLDSA65_kb_MLDSA65	P0	tedavi-ML-DSA-65	hayır	accept-hybrid	RFC7515 §5.2 [T315] “at least one JWS Signature value MUST successfully validate, or the JWS MUST be considered invalid” (RFC 7515; RFC7515.txt:814-816) ; RFC7515 §5.2 [T314] “it is an application decision which of the JWS Signature values must successfully validate” (RFC 7515; RFC7515.txt:810-812) ; ÖK §4.8 P0 “En az bir imza geçerliyse kabul” (ON-KAYIT-TASLAK v0.8; ON-KAYIT-TASLAK.md:775) ; RFC9901 §7.1 (2b) “Validate the signature over the Issuer-signed JWT per Section 5.2 of [RFC7515].” (RFC 9901; RFC9901.txt:1667-1668) ; RFC9901 §7.3 (5b) [T213] “Ensure that a signing algorithm was used that was deemed secure for the application.” (RFC 9901; RFC9901.txt:1849-1850)	vaka: eşleme dışı (aile VP, kol tedavi-ML-DSA-65) | P0: en az bir izinli imza geçerli [ML-DSA-65=geçerli] | KB-JWT alg=ML-DSA-65 (izinli kümeye tabi; R_I yalnız ihraççı imzasına uygulanır) | sdjwtvc: -13/-19 aynı
VP05_GJ_ES256_MLDSA65_kb	L4|sdjwtvc=-13	tedavi-ML-DSA-65	hayır	indeterminate	RFC9901 §8.1 “concatenating the protected header, the payload, and the signature of the JWS JSON serialized SD-JWT” (RFC 9901; RFC9901.txt:1906-1907) ; RFC9901 §7.3 (5g) “verify that it matches the value of the sd_hash claim in the Key Binding JWT” (RFC 9901; RFC9901.txt:1868-1870) ; ÖK §2D m.4 “hangi imzayı bağladığı tanımsızdır” (ON-KAYIT-TASLAK v0.8; ON-KAYIT-TASLAK.md:412)	vaka: MR1 eşi (VP05↔VP06, tanımlayıcı KB) | ihraççı katmanı: L4: tüm imzalar geçerli ve R={ML-DSA-65} karşılandı [ES256=geçerli, ML-DSA-65=geçerli]; KB: sd_hash hangi imzanın geçici kompakt biçimi üzerinden? §8.1 çoklu imzada tanımsız → sd_hash denetimi sonucu okumaya bağlı | KB-JWT alg=ES256 (izinli kümeye tabi; R_I yalnız ihraççı imzasına uygulanır); KB klasik cihaz anahtarı (G2 klasik kalır)
VP05_GJ_ES256_MLDSA65_kb	L4|sdjwtvc=-19	tedavi-ML-DSA-65	hayır	indeterminate	RFC9901 §8.1 “concatenating the protected header, the payload, and the signature of the JWS JSON serialized SD-JWT” (RFC 9901; RFC9901.txt:1906-1907) ; RFC9901 §7.3 (5g) “verify that it matches the value of the sd_hash claim in the Key Binding JWT” (RFC 9901; RFC9901.txt:1868-1870) ; ÖK §2D m.4 “hangi imzayı bağladığı tanımsızdır” (ON-KAYIT-TASLAK v0.8; ON-KAYIT-TASLAK.md:412) ; SDJWTVC §2.2 [T113] “not precluded but the specific details are beyond the scope of this specification” (draft-ietf-oauth-sd-jwt-vc-19; SDJWTVC.txt:307-309)	vaka: MR1 eşi (VP05↔VP06, tanımlayıcı KB) | ihraççı katmanı: L4: tüm imzalar geçerli ve R={ML-DSA-65} karşılandı [ES256=geçerli, ML-DSA-65=geçerli]; KB: sd_hash hangi imzanın geçici kompakt biçimi üzerinden? §8.1 çoklu imzada tanımsız → sd_hash denetimi sonucu okumaya bağlı | KB-JWT alg=ES256 (izinli kümeye tabi; R_I yalnız ihraççı imzasına uygulanır); KB klasik cihaz anahtarı (G2 klasik kalır)
VP05_GJ_ES256_MLDSA65_kb	P2|sdjwtvc=-13	tedavi-ML-DSA-65	hayır	indeterminate	RFC9901 §8.1 “concatenating the protected header, the payload, and the signature of the JWS JSON serialized SD-JWT” (RFC 9901; RFC9901.txt:1906-1907) ; RFC9901 §7.3 (5g) “verify that it matches the value of the sd_hash claim in the Key Binding JWT” (RFC 9901; RFC9901.txt:1868-1870) ; ÖK §2D m.4 “hangi imzayı bağladığı tanımsızdır” (ON-KAYIT-TASLAK v0.8; ON-KAYIT-TASLAK.md:412)	vaka: MR1 eşi (VP05↔VP06, tanımlayıcı KB) | ihraççı katmanı: P2: mevcut tüm imzalar geçerli (R=∅) [ES256=geçerli, ML-DSA-65=geçerli]; KB: sd_hash hangi imzanın geçici kompakt biçimi üzerinden? §8.1 çoklu imzada tanımsız → sd_hash denetimi sonucu okumaya bağlı | KB-JWT alg=ES256 (izinli kümeye tabi; R_I yalnız ihraççı imzasına uygulanır); KB klasik cihaz anahtarı (G2 klasik kalır)
VP05_GJ_ES256_MLDSA65_kb	P2|sdjwtvc=-19	tedavi-ML-DSA-65	hayır	indeterminate	RFC9901 §8.1 “concatenating the protected header, the payload, and the signature of the JWS JSON serialized SD-JWT” (RFC 9901; RFC9901.txt:1906-1907) ; RFC9901 §7.3 (5g) “verify that it matches the value of the sd_hash claim in the Key Binding JWT” (RFC 9901; RFC9901.txt:1868-1870) ; ÖK §2D m.4 “hangi imzayı bağladığı tanımsızdır” (ON-KAYIT-TASLAK v0.8; ON-KAYIT-TASLAK.md:412) ; SDJWTVC §2.2 [T113] “not precluded but the specific details are beyond the scope of this specification” (draft-ietf-oauth-sd-jwt-vc-19; SDJWTVC.txt:307-309)	vaka: MR1 eşi (VP05↔VP06, tanımlayıcı KB) | ihraççı katmanı: P2: mevcut tüm imzalar geçerli (R=∅) [ES256=geçerli, ML-DSA-65=geçerli]; KB: sd_hash hangi imzanın geçici kompakt biçimi üzerinden? §8.1 çoklu imzada tanımsız → sd_hash denetimi sonucu okumaya bağlı | KB-JWT alg=ES256 (izinli kümeye tabi; R_I yalnız ihraççı imzasına uygulanır); KB klasik cihaz anahtarı (G2 klasik kalır)
VP05_GJ_ES256_MLDSA65_kb	P0|sdjwtvc=-13	tedavi-ML-DSA-65	hayır	indeterminate	RFC9901 §8.1 “concatenating the protected header, the payload, and the signature of the JWS JSON serialized SD-JWT” (RFC 9901; RFC9901.txt:1906-1907) ; RFC9901 §7.3 (5g) “verify that it matches the value of the sd_hash claim in the Key Binding JWT” (RFC 9901; RFC9901.txt:1868-1870) ; ÖK §2D m.4 “hangi imzayı bağladığı tanımsızdır” (ON-KAYIT-TASLAK v0.8; ON-KAYIT-TASLAK.md:412)	vaka: MR1 eşi (VP05↔VP06, tanımlayıcı KB) | ihraççı katmanı: P0: en az bir izinli imza geçerli [ES256=geçerli, ML-DSA-65=geçerli]; KB: sd_hash hangi imzanın geçici kompakt biçimi üzerinden? §8.1 çoklu imzada tanımsız → sd_hash denetimi sonucu okumaya bağlı | KB-JWT alg=ES256 (izinli kümeye tabi; R_I yalnız ihraççı imzasına uygulanır); KB klasik cihaz anahtarı (G2 klasik kalır)
VP05_GJ_ES256_MLDSA65_kb	P0|sdjwtvc=-19	tedavi-ML-DSA-65	hayır	indeterminate	RFC9901 §8.1 “concatenating the protected header, the payload, and the signature of the JWS JSON serialized SD-JWT” (RFC 9901; RFC9901.txt:1906-1907) ; RFC9901 §7.3 (5g) “verify that it matches the value of the sd_hash claim in the Key Binding JWT” (RFC 9901; RFC9901.txt:1868-1870) ; ÖK §2D m.4 “hangi imzayı bağladığı tanımsızdır” (ON-KAYIT-TASLAK v0.8; ON-KAYIT-TASLAK.md:412) ; SDJWTVC §2.2 [T113] “not precluded but the specific details are beyond the scope of this specification” (draft-ietf-oauth-sd-jwt-vc-19; SDJWTVC.txt:307-309)	vaka: MR1 eşi (VP05↔VP06, tanımlayıcı KB) | ihraççı katmanı: P0: en az bir izinli imza geçerli [ES256=geçerli, ML-DSA-65=geçerli]; KB: sd_hash hangi imzanın geçici kompakt biçimi üzerinden? §8.1 çoklu imzada tanımsız → sd_hash denetimi sonucu okumaya bağlı | KB-JWT alg=ES256 (izinli kümeye tabi; R_I yalnız ihraççı imzasına uygulanır); KB klasik cihaz anahtarı (G2 klasik kalır)
VP06_GJ_pq_soyuldu_kb_gecerli	L4|sdjwtvc=-13	tedavi-ML-DSA-65	hayır	reject	ÖK §6.5 “İhraççı başına gerekli küme R = {X}, izinli küme {A, X}.” (ON-KAYIT-TASLAK v0.8; ON-KAYIT-TASLAK.md:1054) ; JWTBCP §3.1 [T328] “MUST determine which algorithms are permitted for itself and that issuer and ensure that the received JWT complies with those requirements” (draft-ietf-oauth-rfc8725bis-10; JWTBCP.txt:482-485) ; ÖK §4.7 G5 “Göç etmiş bir varlık, ilan ettiği eski-sürüm penceresi dışında yalnız klasik kanıtla kabul edilemez.” (ON-KAYIT-TASLAK v0.8; ON-KAYIT-TASLAK.md:767) ; ÖK §2B m.6 (L4c) “Göç etmiş ihraççının yalnız klasik imzalı belgesi reddedilir, eski ihraççının klasik imzalı belgesi kabul edilir.” (ON-KAYIT-TASLAK v0.8; ON-KAYIT-TASLAK.md:256)	vaka: K3 ikincil (SD-JWT sunumu, KB tanımlayıcı, ÖK §2D m.4); MR1 (VP05↔VP06) | L4: R={ML-DSA-65} için geçerli imza yok (yalnız klasik kanıt; G5) [ES256=geçerli] | KB-JWT alg=ES256 (izinli kümeye tabi; R_I yalnız ihraççı imzasına uygulanır); KB klasik cihaz anahtarı (G2 klasik kalır)
VP06_GJ_pq_soyuldu_kb_gecerli	L4|sdjwtvc=-19	tedavi-ML-DSA-65	hayır	reject	ÖK §6.5 “İhraççı başına gerekli küme R = {X}, izinli küme {A, X}.” (ON-KAYIT-TASLAK v0.8; ON-KAYIT-TASLAK.md:1054) ; JWTBCP §3.1 [T328] “MUST determine which algorithms are permitted for itself and that issuer and ensure that the received JWT complies with those requirements” (draft-ietf-oauth-rfc8725bis-10; JWTBCP.txt:482-485) ; ÖK §4.7 G5 “Göç etmiş bir varlık, ilan ettiği eski-sürüm penceresi dışında yalnız klasik kanıtla kabul edilemez.” (ON-KAYIT-TASLAK v0.8; ON-KAYIT-TASLAK.md:767) ; ÖK §2B m.6 (L4c) “Göç etmiş ihraççının yalnız klasik imzalı belgesi reddedilir, eski ihraççının klasik imzalı belgesi kabul edilir.” (ON-KAYIT-TASLAK v0.8; ON-KAYIT-TASLAK.md:256)	vaka: K3 ikincil (SD-JWT sunumu, KB tanımlayıcı, ÖK §2D m.4); MR1 (VP05↔VP06) | L4: R={ML-DSA-65} için geçerli imza yok (yalnız klasik kanıt; G5) [ES256=geçerli] | KB-JWT alg=ES256 (izinli kümeye tabi; R_I yalnız ihraççı imzasına uygulanır); KB klasik cihaz anahtarı (G2 klasik kalır)
VP06_GJ_pq_soyuldu_kb_gecerli	P2|sdjwtvc=-13	tedavi-ML-DSA-65	hayır	accept-classical	ÖK §4.8 P1 “Mevcut imzaların tümü geçerliyse kabul. İmza silinmesi (soyma) fark edilmez” (ON-KAYIT-TASLAK v0.8; ON-KAYIT-TASLAK.md:776) ; ÖK §4.8 P2 “P1 + her imza, anahtarının bağlı olduğu algoritmayla doğrulanır” (ON-KAYIT-TASLAK v0.8; ON-KAYIT-TASLAK.md:777) ; RFC7515 §5.2 [T314] “it is an application decision which of the JWS Signature values must successfully validate” (RFC 7515; RFC7515.txt:810-812) ; SDJWTVC13 §3.2 [T114] “where support for the JWS JSON Serialization is OPTIONAL” (draft-ietf-oauth-sd-jwt-vc-13; SDJWTVC13.txt:303-304) ; RFC9901 §8.3 [T108] “disclosures and kb_jwt MUST be included in the first unprotected header” (RFC 9901; RFC9901.txt:1987-1988) ; RFC9901 §7.1 (2b) “Validate the signature over the Issuer-signed JWT per Section 5.2 of [RFC7515].” (RFC 9901; RFC9901.txt:1667-1668) ; RFC9901 §7.3 (5b) [T213] “Ensure that a signing algorithm was used that was deemed secure for the application.” (RFC 9901; RFC9901.txt:1849-1850)	vaka: K3 ikincil (SD-JWT sunumu, KB tanımlayıcı, ÖK §2D m.4); MR1 (VP05↔VP06) | P2: mevcut tüm imzalar geçerli (R=∅) [ES256=geçerli] | KB-JWT alg=ES256 (izinli kümeye tabi; R_I yalnız ihraççı imzasına uygulanır); KB klasik cihaz anahtarı (G2 klasik kalır)
VP06_GJ_pq_soyuldu_kb_gecerli	P2|sdjwtvc=-19	tedavi-ML-DSA-65	hayır	indeterminate	SDJWTVC §2.2 [T113] “not precluded but the specific details are beyond the scope of this specification” (draft-ietf-oauth-sd-jwt-vc-19; SDJWTVC.txt:307-309) ; HAIP §6.1 [T115] “Compact serialization MUST be supported as defined in [RFC9901]. JSON serialization MAY be supported.” (OpenID4VC HAIP 1.0 Final; HAIP.txt:468) ; ÖK §2D m.7 “senaryo (d) vektörleri (JSON serileştirmenin statüsü)” (ON-KAYIT-TASLAK v0.8; ON-KAYIT-TASLAK.md:423)	vaka: K3 ikincil (SD-JWT sunumu, KB tanımlayıcı, ÖK §2D m.4); MR1 (VP05↔VP06) | -19: JSON serileştirilmiş SD-JWT VC ayrıntıları kapsam dışı; destekleyen doğrulayıcı -13 okumasıyla kabul eder, desteklemeyen reddeder → belirlenmemiş (MR3 sürüm farkı). -13 kararı: P2: mevcut tüm imzalar geçerli (R=∅) [ES256=geçerli] | KB-JWT alg=ES256 (izinli kümeye tabi; R_I yalnız ihraççı imzasına uygulanır); KB klasik cihaz anahtarı (G2 klasik kalır)
VP06_GJ_pq_soyuldu_kb_gecerli	P0|sdjwtvc=-13	tedavi-ML-DSA-65	hayır	accept-classical	RFC7515 §5.2 [T315] “at least one JWS Signature value MUST successfully validate, or the JWS MUST be considered invalid” (RFC 7515; RFC7515.txt:814-816) ; RFC7515 §5.2 [T314] “it is an application decision which of the JWS Signature values must successfully validate” (RFC 7515; RFC7515.txt:810-812) ; ÖK §4.8 P0 “En az bir imza geçerliyse kabul” (ON-KAYIT-TASLAK v0.8; ON-KAYIT-TASLAK.md:775) ; SDJWTVC13 §3.2 [T114] “where support for the JWS JSON Serialization is OPTIONAL” (draft-ietf-oauth-sd-jwt-vc-13; SDJWTVC13.txt:303-304) ; RFC9901 §8.3 [T108] “disclosures and kb_jwt MUST be included in the first unprotected header” (RFC 9901; RFC9901.txt:1987-1988) ; RFC9901 §7.1 (2b) “Validate the signature over the Issuer-signed JWT per Section 5.2 of [RFC7515].” (RFC 9901; RFC9901.txt:1667-1668) ; RFC9901 §7.3 (5b) [T213] “Ensure that a signing algorithm was used that was deemed secure for the application.” (RFC 9901; RFC9901.txt:1849-1850)	vaka: K3 ikincil (SD-JWT sunumu, KB tanımlayıcı, ÖK §2D m.4); MR1 (VP05↔VP06) | P0: en az bir izinli imza geçerli [ES256=geçerli] | KB-JWT alg=ES256 (izinli kümeye tabi; R_I yalnız ihraççı imzasına uygulanır); KB klasik cihaz anahtarı (G2 klasik kalır)
VP06_GJ_pq_soyuldu_kb_gecerli	P0|sdjwtvc=-19	tedavi-ML-DSA-65	hayır	indeterminate	SDJWTVC §2.2 [T113] “not precluded but the specific details are beyond the scope of this specification” (draft-ietf-oauth-sd-jwt-vc-19; SDJWTVC.txt:307-309) ; HAIP §6.1 [T115] “Compact serialization MUST be supported as defined in [RFC9901]. JSON serialization MAY be supported.” (OpenID4VC HAIP 1.0 Final; HAIP.txt:468) ; ÖK §2D m.7 “senaryo (d) vektörleri (JSON serileştirmenin statüsü)” (ON-KAYIT-TASLAK v0.8; ON-KAYIT-TASLAK.md:423)	vaka: K3 ikincil (SD-JWT sunumu, KB tanımlayıcı, ÖK §2D m.4); MR1 (VP05↔VP06) | -19: JSON serileştirilmiş SD-JWT VC ayrıntıları kapsam dışı; destekleyen doğrulayıcı -13 okumasıyla kabul eder, desteklemeyen reddeder → belirlenmemiş (MR3 sürüm farkı). -13 kararı: P0: en az bir izinli imza geçerli [ES256=geçerli] | KB-JWT alg=ES256 (izinli kümeye tabi; R_I yalnız ihraççı imzasına uygulanır); KB klasik cihaz anahtarı (G2 klasik kalır)
VP07_GJ_sd_hash_ikinci_imza	L4|sdjwtvc=-13	tedavi-ML-DSA-65	hayır	indeterminate	RFC9901 §8.1 “concatenating the protected header, the payload, and the signature of the JWS JSON serialized SD-JWT” (RFC 9901; RFC9901.txt:1906-1907) ; RFC9901 §7.3 (5g) “verify that it matches the value of the sd_hash claim in the Key Binding JWT” (RFC 9901; RFC9901.txt:1868-1870) ; ÖK §2D m.4 “hangi imzayı bağladığı tanımsızdır” (ON-KAYIT-TASLAK v0.8; ON-KAYIT-TASLAK.md:412)	vaka: eşleme dışı (aile VP, kol tedavi-ML-DSA-65) | ihraççı katmanı: L4: tüm imzalar geçerli ve R={ML-DSA-65} karşılandı [ES256=geçerli, ML-DSA-65=geçerli]; KB: sd_hash hangi imzanın geçici kompakt biçimi üzerinden? §8.1 çoklu imzada tanımsız → sd_hash denetimi sonucu okumaya bağlı | KB-JWT alg=ES256 (izinli kümeye tabi; R_I yalnız ihraççı imzasına uygulanır); KB klasik cihaz anahtarı (G2 klasik kalır)
VP07_GJ_sd_hash_ikinci_imza	L4|sdjwtvc=-19	tedavi-ML-DSA-65	hayır	indeterminate	RFC9901 §8.1 “concatenating the protected header, the payload, and the signature of the JWS JSON serialized SD-JWT” (RFC 9901; RFC9901.txt:1906-1907) ; RFC9901 §7.3 (5g) “verify that it matches the value of the sd_hash claim in the Key Binding JWT” (RFC 9901; RFC9901.txt:1868-1870) ; ÖK §2D m.4 “hangi imzayı bağladığı tanımsızdır” (ON-KAYIT-TASLAK v0.8; ON-KAYIT-TASLAK.md:412) ; SDJWTVC §2.2 [T113] “not precluded but the specific details are beyond the scope of this specification” (draft-ietf-oauth-sd-jwt-vc-19; SDJWTVC.txt:307-309)	vaka: eşleme dışı (aile VP, kol tedavi-ML-DSA-65) | ihraççı katmanı: L4: tüm imzalar geçerli ve R={ML-DSA-65} karşılandı [ES256=geçerli, ML-DSA-65=geçerli]; KB: sd_hash hangi imzanın geçici kompakt biçimi üzerinden? §8.1 çoklu imzada tanımsız → sd_hash denetimi sonucu okumaya bağlı | KB-JWT alg=ES256 (izinli kümeye tabi; R_I yalnız ihraççı imzasına uygulanır); KB klasik cihaz anahtarı (G2 klasik kalır)
VP07_GJ_sd_hash_ikinci_imza	P2|sdjwtvc=-13	tedavi-ML-DSA-65	hayır	indeterminate	RFC9901 §8.1 “concatenating the protected header, the payload, and the signature of the JWS JSON serialized SD-JWT” (RFC 9901; RFC9901.txt:1906-1907) ; RFC9901 §7.3 (5g) “verify that it matches the value of the sd_hash claim in the Key Binding JWT” (RFC 9901; RFC9901.txt:1868-1870) ; ÖK §2D m.4 “hangi imzayı bağladığı tanımsızdır” (ON-KAYIT-TASLAK v0.8; ON-KAYIT-TASLAK.md:412)	vaka: eşleme dışı (aile VP, kol tedavi-ML-DSA-65) | ihraççı katmanı: P2: mevcut tüm imzalar geçerli (R=∅) [ES256=geçerli, ML-DSA-65=geçerli]; KB: sd_hash hangi imzanın geçici kompakt biçimi üzerinden? §8.1 çoklu imzada tanımsız → sd_hash denetimi sonucu okumaya bağlı | KB-JWT alg=ES256 (izinli kümeye tabi; R_I yalnız ihraççı imzasına uygulanır); KB klasik cihaz anahtarı (G2 klasik kalır)
VP07_GJ_sd_hash_ikinci_imza	P2|sdjwtvc=-19	tedavi-ML-DSA-65	hayır	indeterminate	RFC9901 §8.1 “concatenating the protected header, the payload, and the signature of the JWS JSON serialized SD-JWT” (RFC 9901; RFC9901.txt:1906-1907) ; RFC9901 §7.3 (5g) “verify that it matches the value of the sd_hash claim in the Key Binding JWT” (RFC 9901; RFC9901.txt:1868-1870) ; ÖK §2D m.4 “hangi imzayı bağladığı tanımsızdır” (ON-KAYIT-TASLAK v0.8; ON-KAYIT-TASLAK.md:412) ; SDJWTVC §2.2 [T113] “not precluded but the specific details are beyond the scope of this specification” (draft-ietf-oauth-sd-jwt-vc-19; SDJWTVC.txt:307-309)	vaka: eşleme dışı (aile VP, kol tedavi-ML-DSA-65) | ihraççı katmanı: P2: mevcut tüm imzalar geçerli (R=∅) [ES256=geçerli, ML-DSA-65=geçerli]; KB: sd_hash hangi imzanın geçici kompakt biçimi üzerinden? §8.1 çoklu imzada tanımsız → sd_hash denetimi sonucu okumaya bağlı | KB-JWT alg=ES256 (izinli kümeye tabi; R_I yalnız ihraççı imzasına uygulanır); KB klasik cihaz anahtarı (G2 klasik kalır)
VP07_GJ_sd_hash_ikinci_imza	P0|sdjwtvc=-13	tedavi-ML-DSA-65	hayır	indeterminate	RFC9901 §8.1 “concatenating the protected header, the payload, and the signature of the JWS JSON serialized SD-JWT” (RFC 9901; RFC9901.txt:1906-1907) ; RFC9901 §7.3 (5g) “verify that it matches the value of the sd_hash claim in the Key Binding JWT” (RFC 9901; RFC9901.txt:1868-1870) ; ÖK §2D m.4 “hangi imzayı bağladığı tanımsızdır” (ON-KAYIT-TASLAK v0.8; ON-KAYIT-TASLAK.md:412)	vaka: eşleme dışı (aile VP, kol tedavi-ML-DSA-65) | ihraççı katmanı: P0: en az bir izinli imza geçerli [ES256=geçerli, ML-DSA-65=geçerli]; KB: sd_hash hangi imzanın geçici kompakt biçimi üzerinden? §8.1 çoklu imzada tanımsız → sd_hash denetimi sonucu okumaya bağlı | KB-JWT alg=ES256 (izinli kümeye tabi; R_I yalnız ihraççı imzasına uygulanır); KB klasik cihaz anahtarı (G2 klasik kalır)
VP07_GJ_sd_hash_ikinci_imza	P0|sdjwtvc=-19	tedavi-ML-DSA-65	hayır	indeterminate	RFC9901 §8.1 “concatenating the protected header, the payload, and the signature of the JWS JSON serialized SD-JWT” (RFC 9901; RFC9901.txt:1906-1907) ; RFC9901 §7.3 (5g) “verify that it matches the value of the sd_hash claim in the Key Binding JWT” (RFC 9901; RFC9901.txt:1868-1870) ; ÖK §2D m.4 “hangi imzayı bağladığı tanımsızdır” (ON-KAYIT-TASLAK v0.8; ON-KAYIT-TASLAK.md:412) ; SDJWTVC §2.2 [T113] “not precluded but the specific details are beyond the scope of this specification” (draft-ietf-oauth-sd-jwt-vc-19; SDJWTVC.txt:307-309)	vaka: eşleme dışı (aile VP, kol tedavi-ML-DSA-65) | ihraççı katmanı: P0: en az bir izinli imza geçerli [ES256=geçerli, ML-DSA-65=geçerli]; KB: sd_hash hangi imzanın geçici kompakt biçimi üzerinden? §8.1 çoklu imzada tanımsız → sd_hash denetimi sonucu okumaya bağlı | KB-JWT alg=ES256 (izinli kümeye tabi; R_I yalnız ihraççı imzasına uygulanır); KB klasik cihaz anahtarı (G2 klasik kalır)
TSL01_ES256_x5c	L4	tedavi-ML-DSA-65	hayır	reject	ÖK §6.5 “İhraççı başına gerekli küme R = {X}, izinli küme {A, X}.” (ON-KAYIT-TASLAK v0.8; ON-KAYIT-TASLAK.md:1054) ; JWTBCP §3.1 [T328] “MUST determine which algorithms are permitted for itself and that issuer and ensure that the received JWT complies with those requirements” (draft-ietf-oauth-rfc8725bis-10; JWTBCP.txt:482-485) ; ÖK §4.7 G5 “Göç etmiş bir varlık, ilan ettiği eski-sürüm penceresi dışında yalnız klasik kanıtla kabul edilemez.” (ON-KAYIT-TASLAK v0.8; ON-KAYIT-TASLAK.md:767) ; ÖK §2B m.6 (L4c) “Göç etmiş ihraççının yalnız klasik imzalı belgesi reddedilir, eski ihraççının klasik imzalı belgesi kabul edilir.” (ON-KAYIT-TASLAK v0.8; ON-KAYIT-TASLAK.md:256)	vaka: eşleme dışı (aile TSL, kol klasik-taban) | L4: R={ML-DSA-65} için geçerli imza yok (yalnız klasik kanıt; G5) [ES256=geçerli] | R_I durum ihraççısına benzetmeyle uygulandı
TSL01_ES256_x5c	P2	tedavi-ML-DSA-65	hayır	accept-classical	ÖK §4.8 P1 “Mevcut imzaların tümü geçerliyse kabul. İmza silinmesi (soyma) fark edilmez” (ON-KAYIT-TASLAK v0.8; ON-KAYIT-TASLAK.md:776) ; ÖK §4.8 P2 “P1 + her imza, anahtarının bağlı olduğu algoritmayla doğrulanır” (ON-KAYIT-TASLAK v0.8; ON-KAYIT-TASLAK.md:777) ; RFC7515 §5.2 [T314] “it is an application decision which of the JWS Signature values must successfully validate” (RFC 7515; RFC7515.txt:810-812) ; TSL §5.1 [T145] “Relying Parties MUST reject JWTs with an invalid signature.” (draft-ietf-oauth-status-list-21; TSL.txt:788-789)	vaka: eşleme dışı (aile TSL, kol klasik-taban) | P2: mevcut tüm imzalar geçerli (R=∅) [ES256=geçerli] | R_I durum ihraççısına benzetmeyle uygulandı
TSL01_ES256_x5c	P0	tedavi-ML-DSA-65	hayır	accept-classical	RFC7515 §5.2 [T315] “at least one JWS Signature value MUST successfully validate, or the JWS MUST be considered invalid” (RFC 7515; RFC7515.txt:814-816) ; RFC7515 §5.2 [T314] “it is an application decision which of the JWS Signature values must successfully validate” (RFC 7515; RFC7515.txt:810-812) ; ÖK §4.8 P0 “En az bir imza geçerliyse kabul” (ON-KAYIT-TASLAK v0.8; ON-KAYIT-TASLAK.md:775) ; TSL §5.1 [T145] “Relying Parties MUST reject JWTs with an invalid signature.” (draft-ietf-oauth-status-list-21; TSL.txt:788-789)	vaka: eşleme dışı (aile TSL, kol klasik-taban) | P0: en az bir izinli imza geçerli [ES256=geçerli] | R_I durum ihraççısına benzetmeyle uygulandı
TSL02_MLDSA65_x5c	L4	tedavi-ML-DSA-65	hayır	accept-hybrid	ÖK §6.5 “İhraççı başına gerekli küme R = {X}, izinli küme {A, X}.” (ON-KAYIT-TASLAK v0.8; ON-KAYIT-TASLAK.md:1054) ; JWTBCP §3.1 [T328] “MUST determine which algorithms are permitted for itself and that issuer and ensure that the received JWT complies with those requirements” (draft-ietf-oauth-rfc8725bis-10; JWTBCP.txt:482-485) ; ACM2 Note 51 [T135] “the veriﬁcation function accepting if and only if all signatures are correct” (ECCG ACM v2.0; ACM2.txt:946) ; TSL §5.1 [T145] “Relying Parties MUST reject JWTs with an invalid signature.” (draft-ietf-oauth-status-list-21; TSL.txt:788-789)	vaka: eşleme dışı (aile TSL, kol tedavi-ML-DSA-65) | L4: tüm imzalar geçerli ve R={ML-DSA-65} karşılandı [ML-DSA-65=geçerli] | R_I durum ihraççısına benzetmeyle uygulandı
TSL02_MLDSA65_x5c	P2	tedavi-ML-DSA-65	hayır	accept-hybrid	ÖK §4.8 P1 “Mevcut imzaların tümü geçerliyse kabul. İmza silinmesi (soyma) fark edilmez” (ON-KAYIT-TASLAK v0.8; ON-KAYIT-TASLAK.md:776) ; ÖK §4.8 P2 “P1 + her imza, anahtarının bağlı olduğu algoritmayla doğrulanır” (ON-KAYIT-TASLAK v0.8; ON-KAYIT-TASLAK.md:777) ; RFC7515 §5.2 [T314] “it is an application decision which of the JWS Signature values must successfully validate” (RFC 7515; RFC7515.txt:810-812) ; TSL §5.1 [T145] “Relying Parties MUST reject JWTs with an invalid signature.” (draft-ietf-oauth-status-list-21; TSL.txt:788-789)	vaka: eşleme dışı (aile TSL, kol tedavi-ML-DSA-65) | P2: mevcut tüm imzalar geçerli (R=∅) [ML-DSA-65=geçerli] | R_I durum ihraççısına benzetmeyle uygulandı
TSL02_MLDSA65_x5c	P0	tedavi-ML-DSA-65	hayır	accept-hybrid	RFC7515 §5.2 [T315] “at least one JWS Signature value MUST successfully validate, or the JWS MUST be considered invalid” (RFC 7515; RFC7515.txt:814-816) ; RFC7515 §5.2 [T314] “it is an application decision which of the JWS Signature values must successfully validate” (RFC 7515; RFC7515.txt:810-812) ; ÖK §4.8 P0 “En az bir imza geçerliyse kabul” (ON-KAYIT-TASLAK v0.8; ON-KAYIT-TASLAK.md:775) ; TSL §5.1 [T145] “Relying Parties MUST reject JWTs with an invalid signature.” (draft-ietf-oauth-status-list-21; TSL.txt:788-789)	vaka: eşleme dışı (aile TSL, kol tedavi-ML-DSA-65) | P0: en az bir izinli imza geçerli [ML-DSA-65=geçerli] | R_I durum ihraççısına benzetmeyle uygulandı
DPOP01_ES256	L4	tedavi-ML-DSA-65	hayır	reject	ÖK §6.5 “İhraççı başına gerekli küme R = {X}, izinli küme {A, X}.” (ON-KAYIT-TASLAK v0.8; ON-KAYIT-TASLAK.md:1054) ; JWTBCP §3.1 [T328] “MUST determine which algorithms are permitted for itself and that issuer and ensure that the received JWT complies with those requirements” (draft-ietf-oauth-rfc8725bis-10; JWTBCP.txt:482-485) ; ÖK §4.7 G5 “Göç etmiş bir varlık, ilan ettiği eski-sürüm penceresi dışında yalnız klasik kanıtla kabul edilemez.” (ON-KAYIT-TASLAK v0.8; ON-KAYIT-TASLAK.md:767) ; ÖK §2B m.6 (L4c) “Göç etmiş ihraççının yalnız klasik imzalı belgesi reddedilir, eski ihraççının klasik imzalı belgesi kabul edilir.” (ON-KAYIT-TASLAK v0.8; ON-KAYIT-TASLAK.md:256)	vaka: eşleme dışı (aile DPOP, kol klasik-taban) | L4: R={ML-DSA-65} için geçerli imza yok (yalnız klasik kanıt; G5) [ES256=geçerli] | R_I = yerel politika (RFC 9449 §4.3(5)) benzetmesi; boyut eşiği kararı etkilemez
DPOP01_ES256	P2	tedavi-ML-DSA-65	hayır	accept-classical	ÖK §4.8 P1 “Mevcut imzaların tümü geçerliyse kabul. İmza silinmesi (soyma) fark edilmez” (ON-KAYIT-TASLAK v0.8; ON-KAYIT-TASLAK.md:776) ; ÖK §4.8 P2 “P1 + her imza, anahtarının bağlı olduğu algoritmayla doğrulanır” (ON-KAYIT-TASLAK v0.8; ON-KAYIT-TASLAK.md:777) ; RFC7515 §5.2 [T314] “it is an application decision which of the JWS Signature values must successfully validate” (RFC 7515; RFC7515.txt:810-812) ; RFC9449 §4.3 (5) [T378] “is supported by the application, and is acceptable per local policy” (RFC 9449; RFC9449.txt:496-498)	vaka: eşleme dışı (aile DPOP, kol klasik-taban) | P2: mevcut tüm imzalar geçerli (R=∅) [ES256=geçerli] | R_I = yerel politika (RFC 9449 §4.3(5)) benzetmesi; boyut eşiği kararı etkilemez
DPOP01_ES256	P0	tedavi-ML-DSA-65	hayır	accept-classical	RFC7515 §5.2 [T315] “at least one JWS Signature value MUST successfully validate, or the JWS MUST be considered invalid” (RFC 7515; RFC7515.txt:814-816) ; RFC7515 §5.2 [T314] “it is an application decision which of the JWS Signature values must successfully validate” (RFC 7515; RFC7515.txt:810-812) ; ÖK §4.8 P0 “En az bir imza geçerliyse kabul” (ON-KAYIT-TASLAK v0.8; ON-KAYIT-TASLAK.md:775) ; RFC9449 §4.3 (5) [T378] “is supported by the application, and is acceptable per local policy” (RFC 9449; RFC9449.txt:496-498)	vaka: eşleme dışı (aile DPOP, kol klasik-taban) | P0: en az bir izinli imza geçerli [ES256=geçerli] | R_I = yerel politika (RFC 9449 §4.3(5)) benzetmesi; boyut eşiği kararı etkilemez
DPOP03_ML-DSA-44	L4	tedavi-ML-DSA-65	hayır	reject	JWTBCP §3.1 [T327] “MUST NOT employ any algorithms outside this configured set” (draft-ietf-oauth-rfc8725bis-10; JWTBCP.txt:463-466) ; RFC7515 §4.1.1 [T319] “The JWS Signature value is not valid if the "alg" value does not represent a supported algorithm or if there is not a key for use with that algorithm” (RFC 7515; RFC7515.txt:508-510) ; ÖK §4.8 P1 “Mevcut imzaların tümü geçerliyse kabul. İmza silinmesi (soyma) fark edilmez” (ON-KAYIT-TASLAK v0.8; ON-KAYIT-TASLAK.md:776) ; ACM2 Note 51 [T135] “the veriﬁcation function accepting if and only if all signatures are correct” (ECCG ACM v2.0; ACM2.txt:946) ; ÖK §6.5 “İhraççı başına gerekli küme R = {X}, izinli küme {A, X}.” (ON-KAYIT-TASLAK v0.8; ON-KAYIT-TASLAK.md:1054)	vaka: eşleme dışı (aile DPOP, kol kapsam-pq) | L4: mevcut imzalardan en az biri geçersiz/izinsiz → tüm-mevcut-geçerli koşulu sağlanmıyor [ML-DSA-44=izinsiz] | R_I = yerel politika (RFC 9449 §4.3(5)) benzetmesi; boyut eşiği kararı etkilemez
DPOP03_ML-DSA-44	P2	tedavi-ML-DSA-65	hayır	reject	JWTBCP §3.1 [T327] “MUST NOT employ any algorithms outside this configured set” (draft-ietf-oauth-rfc8725bis-10; JWTBCP.txt:463-466) ; RFC7515 §4.1.1 [T319] “The JWS Signature value is not valid if the "alg" value does not represent a supported algorithm or if there is not a key for use with that algorithm” (RFC 7515; RFC7515.txt:508-510) ; ÖK §4.8 P1 “Mevcut imzaların tümü geçerliyse kabul. İmza silinmesi (soyma) fark edilmez” (ON-KAYIT-TASLAK v0.8; ON-KAYIT-TASLAK.md:776) ; ACM2 Note 51 [T135] “the veriﬁcation function accepting if and only if all signatures are correct” (ECCG ACM v2.0; ACM2.txt:946)	vaka: eşleme dışı (aile DPOP, kol kapsam-pq) | P2: mevcut imzalardan en az biri geçersiz/izinsiz → tüm-mevcut-geçerli koşulu sağlanmıyor [ML-DSA-44=izinsiz] | R_I = yerel politika (RFC 9449 §4.3(5)) benzetmesi; boyut eşiği kararı etkilemez
DPOP03_ML-DSA-44	P0	tedavi-ML-DSA-65	hayır	reject	RFC7515 §5.2 [T315] “at least one JWS Signature value MUST successfully validate, or the JWS MUST be considered invalid” (RFC 7515; RFC7515.txt:814-816) ; JWTBCP §3.1 [T327] “MUST NOT employ any algorithms outside this configured set” (draft-ietf-oauth-rfc8725bis-10; JWTBCP.txt:463-466) ; RFC7515 §4.1.1 [T319] “The JWS Signature value is not valid if the "alg" value does not represent a supported algorithm or if there is not a key for use with that algorithm” (RFC 7515; RFC7515.txt:508-510)	vaka: eşleme dışı (aile DPOP, kol kapsam-pq) | P0: geçerli izinli imza yok [ML-DSA-44=izinsiz] | R_I = yerel politika (RFC 9449 §4.3(5)) benzetmesi; boyut eşiği kararı etkilemez
DPOP04_ML-DSA-65	L4	tedavi-ML-DSA-65	hayır	accept-hybrid	ÖK §6.5 “İhraççı başına gerekli küme R = {X}, izinli küme {A, X}.” (ON-KAYIT-TASLAK v0.8; ON-KAYIT-TASLAK.md:1054) ; JWTBCP §3.1 [T328] “MUST determine which algorithms are permitted for itself and that issuer and ensure that the received JWT complies with those requirements” (draft-ietf-oauth-rfc8725bis-10; JWTBCP.txt:482-485) ; ACM2 Note 51 [T135] “the veriﬁcation function accepting if and only if all signatures are correct” (ECCG ACM v2.0; ACM2.txt:946) ; RFC9449 §4.3 (5) [T378] “is supported by the application, and is acceptable per local policy” (RFC 9449; RFC9449.txt:496-498)	vaka: eşleme dışı (aile DPOP, kol tedavi-ML-DSA-65) | L4: tüm imzalar geçerli ve R={ML-DSA-65} karşılandı [ML-DSA-65=geçerli] | R_I = yerel politika (RFC 9449 §4.3(5)) benzetmesi; boyut eşiği kararı etkilemez
DPOP04_ML-DSA-65	P2	tedavi-ML-DSA-65	hayır	accept-hybrid	ÖK §4.8 P1 “Mevcut imzaların tümü geçerliyse kabul. İmza silinmesi (soyma) fark edilmez” (ON-KAYIT-TASLAK v0.8; ON-KAYIT-TASLAK.md:776) ; ÖK §4.8 P2 “P1 + her imza, anahtarının bağlı olduğu algoritmayla doğrulanır” (ON-KAYIT-TASLAK v0.8; ON-KAYIT-TASLAK.md:777) ; RFC7515 §5.2 [T314] “it is an application decision which of the JWS Signature values must successfully validate” (RFC 7515; RFC7515.txt:810-812) ; RFC9449 §4.3 (5) [T378] “is supported by the application, and is acceptable per local policy” (RFC 9449; RFC9449.txt:496-498)	vaka: eşleme dışı (aile DPOP, kol tedavi-ML-DSA-65) | P2: mevcut tüm imzalar geçerli (R=∅) [ML-DSA-65=geçerli] | R_I = yerel politika (RFC 9449 §4.3(5)) benzetmesi; boyut eşiği kararı etkilemez
DPOP04_ML-DSA-65	P0	tedavi-ML-DSA-65	hayır	accept-hybrid	RFC7515 §5.2 [T315] “at least one JWS Signature value MUST successfully validate, or the JWS MUST be considered invalid” (RFC 7515; RFC7515.txt:814-816) ; RFC7515 §5.2 [T314] “it is an application decision which of the JWS Signature values must successfully validate” (RFC 7515; RFC7515.txt:810-812) ; ÖK §4.8 P0 “En az bir imza geçerliyse kabul” (ON-KAYIT-TASLAK v0.8; ON-KAYIT-TASLAK.md:775) ; RFC9449 §4.3 (5) [T378] “is supported by the application, and is acceptable per local policy” (RFC 9449; RFC9449.txt:496-498)	vaka: eşleme dışı (aile DPOP, kol tedavi-ML-DSA-65) | P0: en az bir izinli imza geçerli [ML-DSA-65=geçerli] | R_I = yerel politika (RFC 9449 §4.3(5)) benzetmesi; boyut eşiği kararı etkilemez
DPOP05_ML-DSA-87	L4	tedavi-ML-DSA-65	hayır	reject	JWTBCP §3.1 [T327] “MUST NOT employ any algorithms outside this configured set” (draft-ietf-oauth-rfc8725bis-10; JWTBCP.txt:463-466) ; RFC7515 §4.1.1 [T319] “The JWS Signature value is not valid if the "alg" value does not represent a supported algorithm or if there is not a key for use with that algorithm” (RFC 7515; RFC7515.txt:508-510) ; ÖK §4.8 P1 “Mevcut imzaların tümü geçerliyse kabul. İmza silinmesi (soyma) fark edilmez” (ON-KAYIT-TASLAK v0.8; ON-KAYIT-TASLAK.md:776) ; ACM2 Note 51 [T135] “the veriﬁcation function accepting if and only if all signatures are correct” (ECCG ACM v2.0; ACM2.txt:946) ; ÖK §6.5 “İhraççı başına gerekli küme R = {X}, izinli küme {A, X}.” (ON-KAYIT-TASLAK v0.8; ON-KAYIT-TASLAK.md:1054)	vaka: eşleme dışı (aile DPOP, kol kapsam-pq) | L4: mevcut imzalardan en az biri geçersiz/izinsiz → tüm-mevcut-geçerli koşulu sağlanmıyor [ML-DSA-87=izinsiz] | R_I = yerel politika (RFC 9449 §4.3(5)) benzetmesi; boyut eşiği kararı etkilemez
DPOP05_ML-DSA-87	P2	tedavi-ML-DSA-65	hayır	reject	JWTBCP §3.1 [T327] “MUST NOT employ any algorithms outside this configured set” (draft-ietf-oauth-rfc8725bis-10; JWTBCP.txt:463-466) ; RFC7515 §4.1.1 [T319] “The JWS Signature value is not valid if the "alg" value does not represent a supported algorithm or if there is not a key for use with that algorithm” (RFC 7515; RFC7515.txt:508-510) ; ÖK §4.8 P1 “Mevcut imzaların tümü geçerliyse kabul. İmza silinmesi (soyma) fark edilmez” (ON-KAYIT-TASLAK v0.8; ON-KAYIT-TASLAK.md:776) ; ACM2 Note 51 [T135] “the veriﬁcation function accepting if and only if all signatures are correct” (ECCG ACM v2.0; ACM2.txt:946)	vaka: eşleme dışı (aile DPOP, kol kapsam-pq) | P2: mevcut imzalardan en az biri geçersiz/izinsiz → tüm-mevcut-geçerli koşulu sağlanmıyor [ML-DSA-87=izinsiz] | R_I = yerel politika (RFC 9449 §4.3(5)) benzetmesi; boyut eşiği kararı etkilemez
DPOP05_ML-DSA-87	P0	tedavi-ML-DSA-65	hayır	reject	RFC7515 §5.2 [T315] “at least one JWS Signature value MUST successfully validate, or the JWS MUST be considered invalid” (RFC 7515; RFC7515.txt:814-816) ; JWTBCP §3.1 [T327] “MUST NOT employ any algorithms outside this configured set” (draft-ietf-oauth-rfc8725bis-10; JWTBCP.txt:463-466) ; RFC7515 §4.1.1 [T319] “The JWS Signature value is not valid if the "alg" value does not represent a supported algorithm or if there is not a key for use with that algorithm” (RFC 7515; RFC7515.txt:508-510)	vaka: eşleme dışı (aile DPOP, kol kapsam-pq) | P0: geçerli izinli imza yok [ML-DSA-87=izinsiz] | R_I = yerel politika (RFC 9449 §4.3(5)) benzetmesi; boyut eşiği kararı etkilemez
DPOP07_ML-DSA-65-Ed25519	L4	tedavi-ML-DSA-65	hayır	reject	JWTBCP §3.1 [T327] “MUST NOT employ any algorithms outside this configured set” (draft-ietf-oauth-rfc8725bis-10; JWTBCP.txt:463-466) ; RFC7515 §4.1.1 [T319] “The JWS Signature value is not valid if the "alg" value does not represent a supported algorithm or if there is not a key for use with that algorithm” (RFC 7515; RFC7515.txt:508-510) ; ÖK §4.8 P1 “Mevcut imzaların tümü geçerliyse kabul. İmza silinmesi (soyma) fark edilmez” (ON-KAYIT-TASLAK v0.8; ON-KAYIT-TASLAK.md:776) ; ACM2 Note 51 [T135] “the veriﬁcation function accepting if and only if all signatures are correct” (ECCG ACM v2.0; ACM2.txt:946) ; ÖK §6.5 “İhraççı başına gerekli küme R = {X}, izinli küme {A, X}.” (ON-KAYIT-TASLAK v0.8; ON-KAYIT-TASLAK.md:1054)	vaka: eşleme dışı (aile DPOP, kol kapsam-hibrit) | L4: mevcut imzalardan en az biri geçersiz/izinsiz → tüm-mevcut-geçerli koşulu sağlanmıyor [ML-DSA-65-Ed25519=izinsiz] | R_I = yerel politika (RFC 9449 §4.3(5)) benzetmesi; boyut eşiği kararı etkilemez
DPOP07_ML-DSA-65-Ed25519	P2	tedavi-ML-DSA-65	hayır	reject	JWTBCP §3.1 [T327] “MUST NOT employ any algorithms outside this configured set” (draft-ietf-oauth-rfc8725bis-10; JWTBCP.txt:463-466) ; RFC7515 §4.1.1 [T319] “The JWS Signature value is not valid if the "alg" value does not represent a supported algorithm or if there is not a key for use with that algorithm” (RFC 7515; RFC7515.txt:508-510) ; ÖK §4.8 P1 “Mevcut imzaların tümü geçerliyse kabul. İmza silinmesi (soyma) fark edilmez” (ON-KAYIT-TASLAK v0.8; ON-KAYIT-TASLAK.md:776) ; ACM2 Note 51 [T135] “the veriﬁcation function accepting if and only if all signatures are correct” (ECCG ACM v2.0; ACM2.txt:946)	vaka: eşleme dışı (aile DPOP, kol kapsam-hibrit) | P2: mevcut imzalardan en az biri geçersiz/izinsiz → tüm-mevcut-geçerli koşulu sağlanmıyor [ML-DSA-65-Ed25519=izinsiz] | R_I = yerel politika (RFC 9449 §4.3(5)) benzetmesi; boyut eşiği kararı etkilemez
DPOP07_ML-DSA-65-Ed25519	P0	tedavi-ML-DSA-65	hayır	reject	RFC7515 §5.2 [T315] “at least one JWS Signature value MUST successfully validate, or the JWS MUST be considered invalid” (RFC 7515; RFC7515.txt:814-816) ; JWTBCP §3.1 [T327] “MUST NOT employ any algorithms outside this configured set” (draft-ietf-oauth-rfc8725bis-10; JWTBCP.txt:463-466) ; RFC7515 §4.1.1 [T319] “The JWS Signature value is not valid if the "alg" value does not represent a supported algorithm or if there is not a key for use with that algorithm” (RFC 7515; RFC7515.txt:508-510)	vaka: eşleme dışı (aile DPOP, kol kapsam-hibrit) | P0: geçerli izinli imza yok [ML-DSA-65-Ed25519=izinsiz] | R_I = yerel politika (RFC 9449 §4.3(5)) benzetmesi; boyut eşiği kararı etkilemez
DPOP08_ML-DSA-65_ath_nonce	L4	tedavi-ML-DSA-65	hayır	indeterminate	RFC9449 §4.3 (10) “If the server provided a nonce value to the client, the nonce claim matches the server-provided nonce value.” (RFC 9449; RFC9449.txt:506-507) ; RFC9449 §4.3 (12) “If presented to a protected resource in conjunction with an access token,” (RFC 9449; RFC9449.txt:511-512)	vaka: eşleme dışı (aile DPOP, kol tedavi-ML-DSA-65) | imza/alg düzeyinde kabul yolu var, fakat nonce ve ath denetimleri sunucu bağlamına bağlı; dogrulama_girdileri sunucu nonce'unu ve erişim belirtecini vermiyor (htu = belirteç uç noktası) | R_I = yerel politika (RFC 9449 §4.3(5)) benzetmesi; boyut eşiği kararı etkilemez
DPOP08_ML-DSA-65_ath_nonce	P2	tedavi-ML-DSA-65	hayır	indeterminate	RFC9449 §4.3 (10) “If the server provided a nonce value to the client, the nonce claim matches the server-provided nonce value.” (RFC 9449; RFC9449.txt:506-507) ; RFC9449 §4.3 (12) “If presented to a protected resource in conjunction with an access token,” (RFC 9449; RFC9449.txt:511-512)	vaka: eşleme dışı (aile DPOP, kol tedavi-ML-DSA-65) | imza/alg düzeyinde kabul yolu var, fakat nonce ve ath denetimleri sunucu bağlamına bağlı; dogrulama_girdileri sunucu nonce'unu ve erişim belirtecini vermiyor (htu = belirteç uç noktası) | R_I = yerel politika (RFC 9449 §4.3(5)) benzetmesi; boyut eşiği kararı etkilemez
DPOP08_ML-DSA-65_ath_nonce	P0	tedavi-ML-DSA-65	hayır	indeterminate	RFC9449 §4.3 (10) “If the server provided a nonce value to the client, the nonce claim matches the server-provided nonce value.” (RFC 9449; RFC9449.txt:506-507) ; RFC9449 §4.3 (12) “If presented to a protected resource in conjunction with an access token,” (RFC 9449; RFC9449.txt:511-512)	vaka: eşleme dışı (aile DPOP, kol tedavi-ML-DSA-65) | imza/alg düzeyinde kabul yolu var, fakat nonce ve ath denetimleri sunucu bağlamına bağlı; dogrulama_girdileri sunucu nonce'unu ve erişim belirtecini vermiyor (htu = belirteç uç noktası) | R_I = yerel politika (RFC 9449 §4.3(5)) benzetmesi; boyut eşiği kararı etkilemez
DPOP10_jwk_ozel_anahtar_iceriyor	L4	tedavi-ML-DSA-65	hayır	reject	RFC9449 §4.2 “It MUST NOT contain a private key.” (RFC 9449; RFC9449.txt:409) ; RFC9449 §4.3 (7) “The jwk JOSE Header Parameter does not contain a private key.” (RFC 9449; RFC9449.txt:501) ; RFC9964 §3 “The priv parameter contains private information and MUST NOT be present in public keys.” (RFC 9964; RFC9964.txt:114-115)	vaka: eşleme dışı (aile DPOP, kol tedavi-ML-DSA-65) | DPoP jwk başlığı özel anahtar üyesi (priv) içeriyor | R_I = yerel politika (RFC 9449 §4.3(5)) benzetmesi; boyut eşiği kararı etkilemez
DPOP10_jwk_ozel_anahtar_iceriyor	P2	tedavi-ML-DSA-65	hayır	reject	RFC9449 §4.2 “It MUST NOT contain a private key.” (RFC 9449; RFC9449.txt:409) ; RFC9449 §4.3 (7) “The jwk JOSE Header Parameter does not contain a private key.” (RFC 9449; RFC9449.txt:501) ; RFC9964 §3 “The priv parameter contains private information and MUST NOT be present in public keys.” (RFC 9964; RFC9964.txt:114-115)	vaka: eşleme dışı (aile DPOP, kol tedavi-ML-DSA-65) | DPoP jwk başlığı özel anahtar üyesi (priv) içeriyor | R_I = yerel politika (RFC 9449 §4.3(5)) benzetmesi; boyut eşiği kararı etkilemez
DPOP10_jwk_ozel_anahtar_iceriyor	P0	tedavi-ML-DSA-65	hayır	reject	RFC9449 §4.2 “It MUST NOT contain a private key.” (RFC 9449; RFC9449.txt:409) ; RFC9449 §4.3 (7) “The jwk JOSE Header Parameter does not contain a private key.” (RFC 9449; RFC9449.txt:501) ; RFC9964 §3 “The priv parameter contains private information and MUST NOT be present in public keys.” (RFC 9964; RFC9964.txt:114-115)	vaka: eşleme dışı (aile DPOP, kol tedavi-ML-DSA-65) | DPoP jwk başlığı özel anahtar üyesi (priv) içeriyor | R_I = yerel politika (RFC 9449 §4.3(5)) benzetmesi; boyut eşiği kararı etkilemez
CRIT01_bilinmeyen_parametre	L4	tedavi-ML-DSA-65	hayır	reject	RFC7515 §4.1.11 [T386] “If any of the listed extension Header Parameters are not understood and supported by the recipient, then the JWS is invalid.” (RFC 7515; RFC7515.txt:702-703) ; RFC7515 §5.2 (5) “Verify that the implementation understands and can process all fields that it is required to support” (RFC 7515; RFC7515.txt:859-860)	vaka: eşleme dışı (aile CRIT, kol tedavi-ML-DSA-65) | crit listesindeki uzantı ("x-pq-beklenti" / "x-yok") doğrulayıcıca anlaşılmıyor → JWS geçersiz; M-f taşıyıcı adayı: fail-closed davranış beklenir | sdjwtvc: -13/-19 aynı
CRIT01_bilinmeyen_parametre	P2	tedavi-ML-DSA-65	hayır	reject	RFC7515 §4.1.11 [T386] “If any of the listed extension Header Parameters are not understood and supported by the recipient, then the JWS is invalid.” (RFC 7515; RFC7515.txt:702-703) ; RFC7515 §5.2 (5) “Verify that the implementation understands and can process all fields that it is required to support” (RFC 7515; RFC7515.txt:859-860)	vaka: eşleme dışı (aile CRIT, kol tedavi-ML-DSA-65) | crit listesindeki uzantı ("x-pq-beklenti" / "x-yok") doğrulayıcıca anlaşılmıyor → JWS geçersiz; M-f taşıyıcı adayı: fail-closed davranış beklenir | sdjwtvc: -13/-19 aynı
CRIT01_bilinmeyen_parametre	P0	tedavi-ML-DSA-65	hayır	reject	RFC7515 §4.1.11 [T386] “If any of the listed extension Header Parameters are not understood and supported by the recipient, then the JWS is invalid.” (RFC 7515; RFC7515.txt:702-703) ; RFC7515 §5.2 (5) “Verify that the implementation understands and can process all fields that it is required to support” (RFC 7515; RFC7515.txt:859-860)	vaka: eşleme dışı (aile CRIT, kol tedavi-ML-DSA-65) | crit listesindeki uzantı ("x-pq-beklenti" / "x-yok") doğrulayıcıca anlaşılmıyor → JWS geçersiz; M-f taşıyıcı adayı: fail-closed davranış beklenir | sdjwtvc: -13/-19 aynı
CRIT03_kayitli_ad	L4	tedavi-ML-DSA-65	hayır	indeterminate	RFC7515 §4.1.11 “Producers MUST NOT include Header Parameter names defined by this specification or [JWA] for use with JWS” (RFC 7515; RFC7515.txt:703-705) ; RFC7515 §4.1.11 “Recipients MAY consider the JWS to be invalid” (RFC 7515; RFC7515.txt:708-709)	vaka: eşleme dışı (aile CRIT, kol tedavi-ML-DSA-65) | crit=["alg"]: üretici yasağı; doğrulayıcı için yalnız MAY (geçersiz sayabilir) → hem kabul hem ret uyumlu | sdjwtvc: -13/-19 aynı
CRIT03_kayitli_ad	P2	tedavi-ML-DSA-65	hayır	indeterminate	RFC7515 §4.1.11 “Producers MUST NOT include Header Parameter names defined by this specification or [JWA] for use with JWS” (RFC 7515; RFC7515.txt:703-705) ; RFC7515 §4.1.11 “Recipients MAY consider the JWS to be invalid” (RFC 7515; RFC7515.txt:708-709)	vaka: eşleme dışı (aile CRIT, kol tedavi-ML-DSA-65) | crit=["alg"]: üretici yasağı; doğrulayıcı için yalnız MAY (geçersiz sayabilir) → hem kabul hem ret uyumlu | sdjwtvc: -13/-19 aynı
CRIT03_kayitli_ad	P0	tedavi-ML-DSA-65	hayır	indeterminate	RFC7515 §4.1.11 “Producers MUST NOT include Header Parameter names defined by this specification or [JWA] for use with JWS” (RFC 7515; RFC7515.txt:703-705) ; RFC7515 §4.1.11 “Recipients MAY consider the JWS to be invalid” (RFC 7515; RFC7515.txt:708-709)	vaka: eşleme dışı (aile CRIT, kol tedavi-ML-DSA-65) | crit=["alg"]: üretici yasağı; doğrulayıcı için yalnız MAY (geçersiz sayabilir) → hem kabul hem ret uyumlu | sdjwtvc: -13/-19 aynı
CRIT04_bos_dizi	L4	tedavi-ML-DSA-65	hayır	indeterminate	RFC7515 §4.1.11 “Producers MUST NOT use the empty list "[]" as the "crit" value.” (RFC 7515; RFC7515.txt:707-708) ; RFC7515 §4.1.11 “Recipients MAY consider the JWS to be invalid” (RFC 7515; RFC7515.txt:708-709)	vaka: eşleme dışı (aile CRIT, kol tedavi-ML-DSA-65) | crit=[]: üretici yasağı; doğrulayıcı için yalnız MAY → hem kabul hem ret uyumlu | sdjwtvc: -13/-19 aynı
CRIT04_bos_dizi	P2	tedavi-ML-DSA-65	hayır	indeterminate	RFC7515 §4.1.11 “Producers MUST NOT use the empty list "[]" as the "crit" value.” (RFC 7515; RFC7515.txt:707-708) ; RFC7515 §4.1.11 “Recipients MAY consider the JWS to be invalid” (RFC 7515; RFC7515.txt:708-709)	vaka: eşleme dışı (aile CRIT, kol tedavi-ML-DSA-65) | crit=[]: üretici yasağı; doğrulayıcı için yalnız MAY → hem kabul hem ret uyumlu | sdjwtvc: -13/-19 aynı
CRIT04_bos_dizi	P0	tedavi-ML-DSA-65	hayır	indeterminate	RFC7515 §4.1.11 “Producers MUST NOT use the empty list "[]" as the "crit" value.” (RFC 7515; RFC7515.txt:707-708) ; RFC7515 §4.1.11 “Recipients MAY consider the JWS to be invalid” (RFC 7515; RFC7515.txt:708-709)	vaka: eşleme dışı (aile CRIT, kol tedavi-ML-DSA-65) | crit=[]: üretici yasağı; doğrulayıcı için yalnız MAY → hem kabul hem ret uyumlu | sdjwtvc: -13/-19 aynı
CRIT05_listelenen_parametre_yok	L4	tedavi-ML-DSA-65	hayır	reject	RFC7515 §4.1.11 [T386] “If any of the listed extension Header Parameters are not understood and supported by the recipient, then the JWS is invalid.” (RFC 7515; RFC7515.txt:702-703) ; RFC7515 §5.2 (5) “Verify that the implementation understands and can process all fields that it is required to support” (RFC 7515; RFC7515.txt:859-860)	vaka: eşleme dışı (aile CRIT, kol tedavi-ML-DSA-65) | crit listesindeki uzantı ("x-pq-beklenti" / "x-yok") doğrulayıcıca anlaşılmıyor → JWS geçersiz | sdjwtvc: -13/-19 aynı
CRIT05_listelenen_parametre_yok	P2	tedavi-ML-DSA-65	hayır	reject	RFC7515 §4.1.11 [T386] “If any of the listed extension Header Parameters are not understood and supported by the recipient, then the JWS is invalid.” (RFC 7515; RFC7515.txt:702-703) ; RFC7515 §5.2 (5) “Verify that the implementation understands and can process all fields that it is required to support” (RFC 7515; RFC7515.txt:859-860)	vaka: eşleme dışı (aile CRIT, kol tedavi-ML-DSA-65) | crit listesindeki uzantı ("x-pq-beklenti" / "x-yok") doğrulayıcıca anlaşılmıyor → JWS geçersiz | sdjwtvc: -13/-19 aynı
CRIT05_listelenen_parametre_yok	P0	tedavi-ML-DSA-65	hayır	reject	RFC7515 §4.1.11 [T386] “If any of the listed extension Header Parameters are not understood and supported by the recipient, then the JWS is invalid.” (RFC 7515; RFC7515.txt:702-703) ; RFC7515 §5.2 (5) “Verify that the implementation understands and can process all fields that it is required to support” (RFC 7515; RFC7515.txt:859-860)	vaka: eşleme dışı (aile CRIT, kol tedavi-ML-DSA-65) | crit listesindeki uzantı ("x-pq-beklenti" / "x-yok") doğrulayıcıca anlaşılmıyor → JWS geçersiz | sdjwtvc: -13/-19 aynı
CRIT02_korumasiz_crit	L4	tedavi-ML-DSA-65	hayır	reject	RFC7515 §4.1.11 “This Header Parameter MUST be understood and processed by implementations.” (RFC 7515; RFC7515.txt:713-714) ; RFC7515 §5.2 (5) “Verify that the implementation understands and can process all fields that it is required to support” (RFC 7515; RFC7515.txt:859-860) ; RFC7515 §4.1.11 [T386] “If any of the listed extension Header Parameters are not understood and supported by the recipient, then the JWS is invalid.” (RFC 7515; RFC7515.txt:702-703) ; RFC7515 §4.1.11 “it MUST occur only within the JWS Protected Header” (RFC 7515; RFC7515.txt:712-713)	vaka: eşleme dışı (aile CRIT, kol tedavi-ML-DSA-65) | crit korumasız başlıkta: crit her durumda anlaşılıp işlenmeli; JOSE başlığı korumalı+korumasız birleşimidir, listelenen "x-pq-beklenti" anlaşılmıyor → geçersiz (ayrıca korumasız crit ihlali) | sdjwtvc: yalnız -13 tanımlı (manifest)
CRIT02_korumasiz_crit	P2	tedavi-ML-DSA-65	hayır	reject	RFC7515 §4.1.11 “This Header Parameter MUST be understood and processed by implementations.” (RFC 7515; RFC7515.txt:713-714) ; RFC7515 §5.2 (5) “Verify that the implementation understands and can process all fields that it is required to support” (RFC 7515; RFC7515.txt:859-860) ; RFC7515 §4.1.11 [T386] “If any of the listed extension Header Parameters are not understood and supported by the recipient, then the JWS is invalid.” (RFC 7515; RFC7515.txt:702-703) ; RFC7515 §4.1.11 “it MUST occur only within the JWS Protected Header” (RFC 7515; RFC7515.txt:712-713)	vaka: eşleme dışı (aile CRIT, kol tedavi-ML-DSA-65) | crit korumasız başlıkta: crit her durumda anlaşılıp işlenmeli; JOSE başlığı korumalı+korumasız birleşimidir, listelenen "x-pq-beklenti" anlaşılmıyor → geçersiz (ayrıca korumasız crit ihlali) | sdjwtvc: yalnız -13 tanımlı (manifest)
CRIT02_korumasiz_crit	P0	tedavi-ML-DSA-65	hayır	reject	RFC7515 §4.1.11 “This Header Parameter MUST be understood and processed by implementations.” (RFC 7515; RFC7515.txt:713-714) ; RFC7515 §5.2 (5) “Verify that the implementation understands and can process all fields that it is required to support” (RFC 7515; RFC7515.txt:859-860) ; RFC7515 §4.1.11 [T386] “If any of the listed extension Header Parameters are not understood and supported by the recipient, then the JWS is invalid.” (RFC 7515; RFC7515.txt:702-703) ; RFC7515 §4.1.11 “it MUST occur only within the JWS Protected Header” (RFC 7515; RFC7515.txt:712-713)	vaka: eşleme dışı (aile CRIT, kol tedavi-ML-DSA-65) | crit korumasız başlıkta: crit her durumda anlaşılıp işlenmeli; JOSE başlığı korumalı+korumasız birleşimidir, listelenen "x-pq-beklenti" anlaşılmıyor → geçersiz (ayrıca korumasız crit ihlali) | sdjwtvc: yalnız -13 tanımlı (manifest)
T1P_both_valid-SIRA-ters	L4	tedavi-ML-DSA-65	hayır	accept-hybrid	ÖK §6.5 “İhraççı başına gerekli küme R = {X}, izinli küme {A, X}.” (ON-KAYIT-TASLAK v0.8; ON-KAYIT-TASLAK.md:1054) ; JWTBCP §3.1 [T328] “MUST determine which algorithms are permitted for itself and that issuer and ensure that the received JWT complies with those requirements” (draft-ietf-oauth-rfc8725bis-10; JWTBCP.txt:482-485) ; ACM2 Note 51 [T135] “the veriﬁcation function accepting if and only if all signatures are correct” (ECCG ACM v2.0; ACM2.txt:946)	vaka: MR4 eşi (eşleme §2) | L4: tüm imzalar geçerli ve R={ML-DSA-65} karşılandı [ML-DSA-65=geçerli, ES256=geçerli] | MR4 eşi: kaynak T1P_both_valid (ters); imzalar bağımsız doğrulandığından karar kaynakla aynı (RFC 7515 §5.2 adım 9)
T1P_both_valid-SIRA-ters	P2	tedavi-ML-DSA-65	hayır	accept-hybrid	ÖK §4.8 P1 “Mevcut imzaların tümü geçerliyse kabul. İmza silinmesi (soyma) fark edilmez” (ON-KAYIT-TASLAK v0.8; ON-KAYIT-TASLAK.md:776) ; ÖK §4.8 P2 “P1 + her imza, anahtarının bağlı olduğu algoritmayla doğrulanır” (ON-KAYIT-TASLAK v0.8; ON-KAYIT-TASLAK.md:777) ; RFC7515 §5.2 [T314] “it is an application decision which of the JWS Signature values must successfully validate” (RFC 7515; RFC7515.txt:810-812)	vaka: MR4 eşi (eşleme §2) | P2: mevcut tüm imzalar geçerli (R=∅) [ML-DSA-65=geçerli, ES256=geçerli] | MR4 eşi: kaynak T1P_both_valid (ters); imzalar bağımsız doğrulandığından karar kaynakla aynı (RFC 7515 §5.2 adım 9)
T1P_both_valid-SIRA-ters	P0	tedavi-ML-DSA-65	hayır	accept-hybrid	RFC7515 §5.2 [T315] “at least one JWS Signature value MUST successfully validate, or the JWS MUST be considered invalid” (RFC 7515; RFC7515.txt:814-816) ; RFC7515 §5.2 [T314] “it is an application decision which of the JWS Signature values must successfully validate” (RFC 7515; RFC7515.txt:810-812) ; ÖK §4.8 P0 “En az bir imza geçerliyse kabul” (ON-KAYIT-TASLAK v0.8; ON-KAYIT-TASLAK.md:775)	vaka: MR4 eşi (eşleme §2) | P0: en az bir izinli imza geçerli [ML-DSA-65=geçerli, ES256=geçerli] | MR4 eşi: kaynak T1P_both_valid (ters); imzalar bağımsız doğrulandığından karar kaynakla aynı (RFC 7515 §5.2 adım 9)
T2P_second_tampered-SIRA-ters	L4	tedavi-ML-DSA-65	hayır	reject	RFC7515 §5.2 (8) “Validate the JWS Signature against the JWS Signing Input” (RFC 7515; RFC7515.txt:873) ; ÖK §4.8 P1 “Mevcut imzaların tümü geçerliyse kabul. İmza silinmesi (soyma) fark edilmez” (ON-KAYIT-TASLAK v0.8; ON-KAYIT-TASLAK.md:776) ; ACM2 Note 51 [T135] “the veriﬁcation function accepting if and only if all signatures are correct” (ECCG ACM v2.0; ACM2.txt:946) ; ÖK §6.5 “İhraççı başına gerekli küme R = {X}, izinli küme {A, X}.” (ON-KAYIT-TASLAK v0.8; ON-KAYIT-TASLAK.md:1054)	vaka: MR4 eşi (eşleme §2) | L4: mevcut imzalardan en az biri geçersiz/izinsiz → tüm-mevcut-geçerli koşulu sağlanmıyor [ML-DSA-65=geçersiz (bozuk imza (permütasyonla 0. sırada)), ES256=geçerli] | MR4 eşi: kaynak T2P_second_tampered (ters); imzalar bağımsız doğrulandığından karar kaynakla aynı (RFC 7515 §5.2 adım 9)
T2P_second_tampered-SIRA-ters	P2	tedavi-ML-DSA-65	hayır	reject	RFC7515 §5.2 (8) “Validate the JWS Signature against the JWS Signing Input” (RFC 7515; RFC7515.txt:873) ; ÖK §4.8 P1 “Mevcut imzaların tümü geçerliyse kabul. İmza silinmesi (soyma) fark edilmez” (ON-KAYIT-TASLAK v0.8; ON-KAYIT-TASLAK.md:776) ; ACM2 Note 51 [T135] “the veriﬁcation function accepting if and only if all signatures are correct” (ECCG ACM v2.0; ACM2.txt:946)	vaka: MR4 eşi (eşleme §2) | P2: mevcut imzalardan en az biri geçersiz/izinsiz → tüm-mevcut-geçerli koşulu sağlanmıyor [ML-DSA-65=geçersiz (bozuk imza (permütasyonla 0. sırada)), ES256=geçerli] | MR4 eşi: kaynak T2P_second_tampered (ters); imzalar bağımsız doğrulandığından karar kaynakla aynı (RFC 7515 §5.2 adım 9)
T2P_second_tampered-SIRA-ters	P0	tedavi-ML-DSA-65	hayır	accept-classical	RFC7515 §5.2 [T315] “at least one JWS Signature value MUST successfully validate, or the JWS MUST be considered invalid” (RFC 7515; RFC7515.txt:814-816) ; RFC7515 §5.2 [T314] “it is an application decision which of the JWS Signature values must successfully validate” (RFC 7515; RFC7515.txt:810-812) ; ÖK §4.8 P0 “En az bir imza geçerliyse kabul” (ON-KAYIT-TASLAK v0.8; ON-KAYIT-TASLAK.md:775)	vaka: MR4 eşi (eşleme §2) | P0: en az bir izinli imza geçerli [ML-DSA-65=geçersiz (bozuk imza (permütasyonla 0. sırada)), ES256=geçerli] | MR4 eşi: kaynak T2P_second_tampered (ters); imzalar bağımsız doğrulandığından karar kaynakla aynı (RFC 7515 §5.2 adım 9)
T4P_plus_ML-DSA-65-ES256-SIRA-ek-once	L4	tedavi-ML-DSA-65	hayır	reject	JWTBCP §3.1 [T327] “MUST NOT employ any algorithms outside this configured set” (draft-ietf-oauth-rfc8725bis-10; JWTBCP.txt:463-466) ; RFC7515 §4.1.1 [T319] “The JWS Signature value is not valid if the "alg" value does not represent a supported algorithm or if there is not a key for use with that algorithm” (RFC 7515; RFC7515.txt:508-510) ; ÖK §4.8 P1 “Mevcut imzaların tümü geçerliyse kabul. İmza silinmesi (soyma) fark edilmez” (ON-KAYIT-TASLAK v0.8; ON-KAYIT-TASLAK.md:776) ; ACM2 Note 51 [T135] “the veriﬁcation function accepting if and only if all signatures are correct” (ECCG ACM v2.0; ACM2.txt:946) ; ÖK §6.5 “İhraççı başına gerekli küme R = {X}, izinli küme {A, X}.” (ON-KAYIT-TASLAK v0.8; ON-KAYIT-TASLAK.md:1054)	vaka: MR4 eşi (eşleme §2) | L4: mevcut imzalardan en az biri geçersiz/izinsiz → tüm-mevcut-geçerli koşulu sağlanmıyor [ML-DSA-65-ES256=izinsiz, ES256=geçerli, ML-DSA-65=geçerli] | MR4 eşi: kaynak T4P_plus_ML-DSA-65-ES256 (ek-once); imzalar bağımsız doğrulandığından karar kaynakla aynı (RFC 7515 §5.2 adım 9)
T4P_plus_ML-DSA-65-ES256-SIRA-ek-once	P2	tedavi-ML-DSA-65	hayır	reject	JWTBCP §3.1 [T327] “MUST NOT employ any algorithms outside this configured set” (draft-ietf-oauth-rfc8725bis-10; JWTBCP.txt:463-466) ; RFC7515 §4.1.1 [T319] “The JWS Signature value is not valid if the "alg" value does not represent a supported algorithm or if there is not a key for use with that algorithm” (RFC 7515; RFC7515.txt:508-510) ; ÖK §4.8 P1 “Mevcut imzaların tümü geçerliyse kabul. İmza silinmesi (soyma) fark edilmez” (ON-KAYIT-TASLAK v0.8; ON-KAYIT-TASLAK.md:776) ; ACM2 Note 51 [T135] “the veriﬁcation function accepting if and only if all signatures are correct” (ECCG ACM v2.0; ACM2.txt:946)	vaka: MR4 eşi (eşleme §2) | P2: mevcut imzalardan en az biri geçersiz/izinsiz → tüm-mevcut-geçerli koşulu sağlanmıyor [ML-DSA-65-ES256=izinsiz, ES256=geçerli, ML-DSA-65=geçerli] | MR4 eşi: kaynak T4P_plus_ML-DSA-65-ES256 (ek-once); imzalar bağımsız doğrulandığından karar kaynakla aynı (RFC 7515 §5.2 adım 9)
T4P_plus_ML-DSA-65-ES256-SIRA-ek-once	P0	tedavi-ML-DSA-65	hayır	accept-hybrid	RFC7515 §5.2 [T315] “at least one JWS Signature value MUST successfully validate, or the JWS MUST be considered invalid” (RFC 7515; RFC7515.txt:814-816) ; RFC7515 §5.2 [T314] “it is an application decision which of the JWS Signature values must successfully validate” (RFC 7515; RFC7515.txt:810-812) ; ÖK §4.8 P0 “En az bir imza geçerliyse kabul” (ON-KAYIT-TASLAK v0.8; ON-KAYIT-TASLAK.md:775)	vaka: MR4 eşi (eşleme §2) | P0: en az bir izinli imza geçerli [ML-DSA-65-ES256=izinsiz, ES256=geçerli, ML-DSA-65=geçerli] | MR4 eşi: kaynak T4P_plus_ML-DSA-65-ES256 (ek-once); imzalar bağımsız doğrulandığından karar kaynakla aynı (RFC 7515 §5.2 adım 9)
T4P_plus_ML-DSA-65-ES256-SIRA-ters	L4	tedavi-ML-DSA-65	hayır	reject	JWTBCP §3.1 [T327] “MUST NOT employ any algorithms outside this configured set” (draft-ietf-oauth-rfc8725bis-10; JWTBCP.txt:463-466) ; RFC7515 §4.1.1 [T319] “The JWS Signature value is not valid if the "alg" value does not represent a supported algorithm or if there is not a key for use with that algorithm” (RFC 7515; RFC7515.txt:508-510) ; ÖK §4.8 P1 “Mevcut imzaların tümü geçerliyse kabul. İmza silinmesi (soyma) fark edilmez” (ON-KAYIT-TASLAK v0.8; ON-KAYIT-TASLAK.md:776) ; ACM2 Note 51 [T135] “the veriﬁcation function accepting if and only if all signatures are correct” (ECCG ACM v2.0; ACM2.txt:946) ; ÖK §6.5 “İhraççı başına gerekli küme R = {X}, izinli küme {A, X}.” (ON-KAYIT-TASLAK v0.8; ON-KAYIT-TASLAK.md:1054)	vaka: MR4 eşi (eşleme §2) | L4: mevcut imzalardan en az biri geçersiz/izinsiz → tüm-mevcut-geçerli koşulu sağlanmıyor [ML-DSA-65-ES256=izinsiz, ML-DSA-65=geçerli, ES256=geçerli] | MR4 eşi: kaynak T4P_plus_ML-DSA-65-ES256 (ters); imzalar bağımsız doğrulandığından karar kaynakla aynı (RFC 7515 §5.2 adım 9)
T4P_plus_ML-DSA-65-ES256-SIRA-ters	P2	tedavi-ML-DSA-65	hayır	reject	JWTBCP §3.1 [T327] “MUST NOT employ any algorithms outside this configured set” (draft-ietf-oauth-rfc8725bis-10; JWTBCP.txt:463-466) ; RFC7515 §4.1.1 [T319] “The JWS Signature value is not valid if the "alg" value does not represent a supported algorithm or if there is not a key for use with that algorithm” (RFC 7515; RFC7515.txt:508-510) ; ÖK §4.8 P1 “Mevcut imzaların tümü geçerliyse kabul. İmza silinmesi (soyma) fark edilmez” (ON-KAYIT-TASLAK v0.8; ON-KAYIT-TASLAK.md:776) ; ACM2 Note 51 [T135] “the veriﬁcation function accepting if and only if all signatures are correct” (ECCG ACM v2.0; ACM2.txt:946)	vaka: MR4 eşi (eşleme §2) | P2: mevcut imzalardan en az biri geçersiz/izinsiz → tüm-mevcut-geçerli koşulu sağlanmıyor [ML-DSA-65-ES256=izinsiz, ML-DSA-65=geçerli, ES256=geçerli] | MR4 eşi: kaynak T4P_plus_ML-DSA-65-ES256 (ters); imzalar bağımsız doğrulandığından karar kaynakla aynı (RFC 7515 §5.2 adım 9)
T4P_plus_ML-DSA-65-ES256-SIRA-ters	P0	tedavi-ML-DSA-65	hayır	accept-hybrid	RFC7515 §5.2 [T315] “at least one JWS Signature value MUST successfully validate, or the JWS MUST be considered invalid” (RFC 7515; RFC7515.txt:814-816) ; RFC7515 §5.2 [T314] “it is an application decision which of the JWS Signature values must successfully validate” (RFC 7515; RFC7515.txt:810-812) ; ÖK §4.8 P0 “En az bir imza geçerliyse kabul” (ON-KAYIT-TASLAK v0.8; ON-KAYIT-TASLAK.md:775)	vaka: MR4 eşi (eşleme §2) | P0: en az bir izinli imza geçerli [ML-DSA-65-ES256=izinsiz, ML-DSA-65=geçerli, ES256=geçerli] | MR4 eşi: kaynak T4P_plus_ML-DSA-65-ES256 (ters); imzalar bağımsız doğrulandığından karar kaynakla aynı (RFC 7515 §5.2 adım 9)
VC07_GJ_ES256_MLDSA65-SIRA-ters	L4|sdjwtvc=-13	tedavi-ML-DSA-65	hayır	accept-hybrid	ÖK §6.5 “İhraççı başına gerekli küme R = {X}, izinli küme {A, X}.” (ON-KAYIT-TASLAK v0.8; ON-KAYIT-TASLAK.md:1054) ; JWTBCP §3.1 [T328] “MUST determine which algorithms are permitted for itself and that issuer and ensure that the received JWT complies with those requirements” (draft-ietf-oauth-rfc8725bis-10; JWTBCP.txt:482-485) ; ACM2 Note 51 [T135] “the veriﬁcation function accepting if and only if all signatures are correct” (ECCG ACM v2.0; ACM2.txt:946) ; SDJWTVC13 §3.2 [T114] “where support for the JWS JSON Serialization is OPTIONAL” (draft-ietf-oauth-sd-jwt-vc-13; SDJWTVC13.txt:303-304) ; RFC9901 §8.3 [T108] “disclosures and kb_jwt MUST be included in the first unprotected header” (RFC 9901; RFC9901.txt:1987-1988) ; RFC9901 §7.1 (2b) “Validate the signature over the Issuer-signed JWT per Section 5.2 of [RFC7515].” (RFC 9901; RFC9901.txt:1667-1668)	vaka: MR4 eşi (eşleme §2) | L4: tüm imzalar geçerli ve R={ML-DSA-65} karşılandı [ML-DSA-65=geçerli, ES256=geçerli] | MR4 eşi: kaynak VC07_GJ_ES256_MLDSA65 (ters); imzalar bağımsız doğrulandığından karar kaynakla aynı (RFC 7515 §5.2 adım 9)
VC07_GJ_ES256_MLDSA65-SIRA-ters	L4|sdjwtvc=-19	tedavi-ML-DSA-65	hayır	indeterminate	SDJWTVC §2.2 [T113] “not precluded but the specific details are beyond the scope of this specification” (draft-ietf-oauth-sd-jwt-vc-19; SDJWTVC.txt:307-309) ; HAIP §6.1 [T115] “Compact serialization MUST be supported as defined in [RFC9901]. JSON serialization MAY be supported.” (OpenID4VC HAIP 1.0 Final; HAIP.txt:468) ; ÖK §2D m.7 “senaryo (d) vektörleri (JSON serileştirmenin statüsü)” (ON-KAYIT-TASLAK v0.8; ON-KAYIT-TASLAK.md:423)	vaka: MR4 eşi (eşleme §2) | -19: JSON serileştirilmiş SD-JWT VC ayrıntıları kapsam dışı; destekleyen doğrulayıcı -13 okumasıyla kabul eder, desteklemeyen reddeder → belirlenmemiş (MR3 sürüm farkı). -13 kararı: L4: tüm imzalar geçerli ve R={ML-DSA-65} karşılandı [ML-DSA-65=geçerli, ES256=geçerli] | MR4 eşi: kaynak VC07_GJ_ES256_MLDSA65 (ters); imzalar bağımsız doğrulandığından karar kaynakla aynı (RFC 7515 §5.2 adım 9)
VC07_GJ_ES256_MLDSA65-SIRA-ters	P2|sdjwtvc=-13	tedavi-ML-DSA-65	hayır	accept-hybrid	ÖK §4.8 P1 “Mevcut imzaların tümü geçerliyse kabul. İmza silinmesi (soyma) fark edilmez” (ON-KAYIT-TASLAK v0.8; ON-KAYIT-TASLAK.md:776) ; ÖK §4.8 P2 “P1 + her imza, anahtarının bağlı olduğu algoritmayla doğrulanır” (ON-KAYIT-TASLAK v0.8; ON-KAYIT-TASLAK.md:777) ; RFC7515 §5.2 [T314] “it is an application decision which of the JWS Signature values must successfully validate” (RFC 7515; RFC7515.txt:810-812) ; SDJWTVC13 §3.2 [T114] “where support for the JWS JSON Serialization is OPTIONAL” (draft-ietf-oauth-sd-jwt-vc-13; SDJWTVC13.txt:303-304) ; RFC9901 §8.3 [T108] “disclosures and kb_jwt MUST be included in the first unprotected header” (RFC 9901; RFC9901.txt:1987-1988) ; RFC9901 §7.1 (2b) “Validate the signature over the Issuer-signed JWT per Section 5.2 of [RFC7515].” (RFC 9901; RFC9901.txt:1667-1668)	vaka: MR4 eşi (eşleme §2) | P2: mevcut tüm imzalar geçerli (R=∅) [ML-DSA-65=geçerli, ES256=geçerli] | MR4 eşi: kaynak VC07_GJ_ES256_MLDSA65 (ters); imzalar bağımsız doğrulandığından karar kaynakla aynı (RFC 7515 §5.2 adım 9)
VC07_GJ_ES256_MLDSA65-SIRA-ters	P2|sdjwtvc=-19	tedavi-ML-DSA-65	hayır	indeterminate	SDJWTVC §2.2 [T113] “not precluded but the specific details are beyond the scope of this specification” (draft-ietf-oauth-sd-jwt-vc-19; SDJWTVC.txt:307-309) ; HAIP §6.1 [T115] “Compact serialization MUST be supported as defined in [RFC9901]. JSON serialization MAY be supported.” (OpenID4VC HAIP 1.0 Final; HAIP.txt:468) ; ÖK §2D m.7 “senaryo (d) vektörleri (JSON serileştirmenin statüsü)” (ON-KAYIT-TASLAK v0.8; ON-KAYIT-TASLAK.md:423)	vaka: MR4 eşi (eşleme §2) | -19: JSON serileştirilmiş SD-JWT VC ayrıntıları kapsam dışı; destekleyen doğrulayıcı -13 okumasıyla kabul eder, desteklemeyen reddeder → belirlenmemiş (MR3 sürüm farkı). -13 kararı: P2: mevcut tüm imzalar geçerli (R=∅) [ML-DSA-65=geçerli, ES256=geçerli] | MR4 eşi: kaynak VC07_GJ_ES256_MLDSA65 (ters); imzalar bağımsız doğrulandığından karar kaynakla aynı (RFC 7515 §5.2 adım 9)
VC07_GJ_ES256_MLDSA65-SIRA-ters	P0|sdjwtvc=-13	tedavi-ML-DSA-65	hayır	accept-hybrid	RFC7515 §5.2 [T315] “at least one JWS Signature value MUST successfully validate, or the JWS MUST be considered invalid” (RFC 7515; RFC7515.txt:814-816) ; RFC7515 §5.2 [T314] “it is an application decision which of the JWS Signature values must successfully validate” (RFC 7515; RFC7515.txt:810-812) ; ÖK §4.8 P0 “En az bir imza geçerliyse kabul” (ON-KAYIT-TASLAK v0.8; ON-KAYIT-TASLAK.md:775) ; SDJWTVC13 §3.2 [T114] “where support for the JWS JSON Serialization is OPTIONAL” (draft-ietf-oauth-sd-jwt-vc-13; SDJWTVC13.txt:303-304) ; RFC9901 §8.3 [T108] “disclosures and kb_jwt MUST be included in the first unprotected header” (RFC 9901; RFC9901.txt:1987-1988) ; RFC9901 §7.1 (2b) “Validate the signature over the Issuer-signed JWT per Section 5.2 of [RFC7515].” (RFC 9901; RFC9901.txt:1667-1668)	vaka: MR4 eşi (eşleme §2) | P0: en az bir izinli imza geçerli [ML-DSA-65=geçerli, ES256=geçerli] | MR4 eşi: kaynak VC07_GJ_ES256_MLDSA65 (ters); imzalar bağımsız doğrulandığından karar kaynakla aynı (RFC 7515 §5.2 adım 9)
VC07_GJ_ES256_MLDSA65-SIRA-ters	P0|sdjwtvc=-19	tedavi-ML-DSA-65	hayır	indeterminate	SDJWTVC §2.2 [T113] “not precluded but the specific details are beyond the scope of this specification” (draft-ietf-oauth-sd-jwt-vc-19; SDJWTVC.txt:307-309) ; HAIP §6.1 [T115] “Compact serialization MUST be supported as defined in [RFC9901]. JSON serialization MAY be supported.” (OpenID4VC HAIP 1.0 Final; HAIP.txt:468) ; ÖK §2D m.7 “senaryo (d) vektörleri (JSON serileştirmenin statüsü)” (ON-KAYIT-TASLAK v0.8; ON-KAYIT-TASLAK.md:423)	vaka: MR4 eşi (eşleme §2) | -19: JSON serileştirilmiş SD-JWT VC ayrıntıları kapsam dışı; destekleyen doğrulayıcı -13 okumasıyla kabul eder, desteklemeyen reddeder → belirlenmemiş (MR3 sürüm farkı). -13 kararı: P0: en az bir izinli imza geçerli [ML-DSA-65=geçerli, ES256=geçerli] | MR4 eşi: kaynak VC07_GJ_ES256_MLDSA65 (ters); imzalar bağımsız doğrulandığından karar kaynakla aynı (RFC 7515 §5.2 adım 9)
REQ04_coklu_imzali-SIRA-ters	L4	tedavi-ML-DSA-65	hayır	accept-hybrid	ÖK §6.5 “İhraççı başına gerekli küme R = {X}, izinli küme {A, X}.” (ON-KAYIT-TASLAK v0.8; ON-KAYIT-TASLAK.md:1054) ; JWTBCP §3.1 [T328] “MUST determine which algorithms are permitted for itself and that issuer and ensure that the received JWT complies with those requirements” (draft-ietf-oauth-rfc8725bis-10; JWTBCP.txt:482-485) ; ACM2 Note 51 [T135] “the veriﬁcation function accepting if and only if all signatures are correct” (ECCG ACM v2.0; ACM2.txt:946) ; OID4VP §5.9.3 (x509_hash) [T240] “The Wallet MUST validate the signature and the trust chain of the X.509 leaf certificate.” (OpenID4VP 1.0 Final; OID4VP.txt:947) ; OID4VP A.3.2.2 [T269] “allows the Verifier to use multiple Client Identifiers and corresponding key material to protect the same request” (OpenID4VP 1.0 Final; OID4VP.txt:2572)	vaka: MR4 eşi (eşleme §2) | L4: tüm imzalar geçerli ve R={ML-DSA-65} karşılandı [ML-DSA-65=geçerli, ES256=geçerli] | cüzdan tarafı (IS-PLANI Adım 11 wallet-path); R_I imzalayan RP'ye benzetmeyle uygulandı | A.3.2.2 hangi imzanın doğrulanacağını belirlemez; karar yapılandırmanın (P0/P2/L4) kendi kuralından | MR4 eşi: kaynak REQ04_coklu_imzali (ters); imzalar bağımsız doğrulandığından karar kaynakla aynı (RFC 7515 §5.2 adım 9)
REQ04_coklu_imzali-SIRA-ters	P2	tedavi-ML-DSA-65	hayır	accept-hybrid	ÖK §4.8 P1 “Mevcut imzaların tümü geçerliyse kabul. İmza silinmesi (soyma) fark edilmez” (ON-KAYIT-TASLAK v0.8; ON-KAYIT-TASLAK.md:776) ; ÖK §4.8 P2 “P1 + her imza, anahtarının bağlı olduğu algoritmayla doğrulanır” (ON-KAYIT-TASLAK v0.8; ON-KAYIT-TASLAK.md:777) ; RFC7515 §5.2 [T314] “it is an application decision which of the JWS Signature values must successfully validate” (RFC 7515; RFC7515.txt:810-812) ; OID4VP §5.9.3 (x509_hash) [T240] “The Wallet MUST validate the signature and the trust chain of the X.509 leaf certificate.” (OpenID4VP 1.0 Final; OID4VP.txt:947) ; OID4VP A.3.2.2 [T269] “allows the Verifier to use multiple Client Identifiers and corresponding key material to protect the same request” (OpenID4VP 1.0 Final; OID4VP.txt:2572)	vaka: MR4 eşi (eşleme §2) | P2: mevcut tüm imzalar geçerli (R=∅) [ML-DSA-65=geçerli, ES256=geçerli] | cüzdan tarafı (IS-PLANI Adım 11 wallet-path); R_I imzalayan RP'ye benzetmeyle uygulandı | A.3.2.2 hangi imzanın doğrulanacağını belirlemez; karar yapılandırmanın (P0/P2/L4) kendi kuralından | MR4 eşi: kaynak REQ04_coklu_imzali (ters); imzalar bağımsız doğrulandığından karar kaynakla aynı (RFC 7515 §5.2 adım 9)
REQ04_coklu_imzali-SIRA-ters	P0	tedavi-ML-DSA-65	hayır	accept-hybrid	RFC7515 §5.2 [T315] “at least one JWS Signature value MUST successfully validate, or the JWS MUST be considered invalid” (RFC 7515; RFC7515.txt:814-816) ; RFC7515 §5.2 [T314] “it is an application decision which of the JWS Signature values must successfully validate” (RFC 7515; RFC7515.txt:810-812) ; ÖK §4.8 P0 “En az bir imza geçerliyse kabul” (ON-KAYIT-TASLAK v0.8; ON-KAYIT-TASLAK.md:775) ; OID4VP §5.9.3 (x509_hash) [T240] “The Wallet MUST validate the signature and the trust chain of the X.509 leaf certificate.” (OpenID4VP 1.0 Final; OID4VP.txt:947) ; OID4VP A.3.2.2 [T269] “allows the Verifier to use multiple Client Identifiers and corresponding key material to protect the same request” (OpenID4VP 1.0 Final; OID4VP.txt:2572)	vaka: MR4 eşi (eşleme §2) | P0: en az bir izinli imza geçerli [ML-DSA-65=geçerli, ES256=geçerli] | cüzdan tarafı (IS-PLANI Adım 11 wallet-path); R_I imzalayan RP'ye benzetmeyle uygulandı | A.3.2.2 hangi imzanın doğrulanacağını belirlemez; karar yapılandırmanın (P0/P2/L4) kendi kuralından | MR4 eşi: kaynak REQ04_coklu_imzali (ters); imzalar bağımsız doğrulandığından karar kaynakla aynı (RFC 7515 §5.2 adım 9)
VP05_GJ_ES256_MLDSA65_kb-SIRA-ters	L4|sdjwtvc=-13	tedavi-ML-DSA-65	hayır	indeterminate	RFC9901 §8.1 “concatenating the protected header, the payload, and the signature of the JWS JSON serialized SD-JWT” (RFC 9901; RFC9901.txt:1906-1907) ; RFC9901 §7.3 (5g) “verify that it matches the value of the sd_hash claim in the Key Binding JWT” (RFC 9901; RFC9901.txt:1868-1870) ; ÖK §2D m.4 “hangi imzayı bağladığı tanımsızdır” (ON-KAYIT-TASLAK v0.8; ON-KAYIT-TASLAK.md:412)	vaka: MR4 DIŞI tanımlayıcı (sd_hash bağlaması değişir) | ihraççı katmanı: L4: tüm imzalar geçerli ve R={ML-DSA-65} karşılandı [ML-DSA-65=geçerli, ES256=geçerli]; KB: sd_hash hangi imzanın geçici kompakt biçimi üzerinden? §8.1 çoklu imzada tanımsız → sd_hash denetimi sonucu okumaya bağlı | KB-JWT alg=ES256 (izinli kümeye tabi; R_I yalnız ihraççı imzasına uygulanır); KB klasik cihaz anahtarı (G2 klasik kalır)
VP05_GJ_ES256_MLDSA65_kb-SIRA-ters	L4|sdjwtvc=-19	tedavi-ML-DSA-65	hayır	indeterminate	RFC9901 §8.1 “concatenating the protected header, the payload, and the signature of the JWS JSON serialized SD-JWT” (RFC 9901; RFC9901.txt:1906-1907) ; RFC9901 §7.3 (5g) “verify that it matches the value of the sd_hash claim in the Key Binding JWT” (RFC 9901; RFC9901.txt:1868-1870) ; ÖK §2D m.4 “hangi imzayı bağladığı tanımsızdır” (ON-KAYIT-TASLAK v0.8; ON-KAYIT-TASLAK.md:412) ; SDJWTVC §2.2 [T113] “not precluded but the specific details are beyond the scope of this specification” (draft-ietf-oauth-sd-jwt-vc-19; SDJWTVC.txt:307-309)	vaka: MR4 DIŞI tanımlayıcı (sd_hash bağlaması değişir) | ihraççı katmanı: L4: tüm imzalar geçerli ve R={ML-DSA-65} karşılandı [ML-DSA-65=geçerli, ES256=geçerli]; KB: sd_hash hangi imzanın geçici kompakt biçimi üzerinden? §8.1 çoklu imzada tanımsız → sd_hash denetimi sonucu okumaya bağlı | KB-JWT alg=ES256 (izinli kümeye tabi; R_I yalnız ihraççı imzasına uygulanır); KB klasik cihaz anahtarı (G2 klasik kalır)
VP05_GJ_ES256_MLDSA65_kb-SIRA-ters	P2|sdjwtvc=-13	tedavi-ML-DSA-65	hayır	indeterminate	RFC9901 §8.1 “concatenating the protected header, the payload, and the signature of the JWS JSON serialized SD-JWT” (RFC 9901; RFC9901.txt:1906-1907) ; RFC9901 §7.3 (5g) “verify that it matches the value of the sd_hash claim in the Key Binding JWT” (RFC 9901; RFC9901.txt:1868-1870) ; ÖK §2D m.4 “hangi imzayı bağladığı tanımsızdır” (ON-KAYIT-TASLAK v0.8; ON-KAYIT-TASLAK.md:412)	vaka: MR4 DIŞI tanımlayıcı (sd_hash bağlaması değişir) | ihraççı katmanı: P2: mevcut tüm imzalar geçerli (R=∅) [ML-DSA-65=geçerli, ES256=geçerli]; KB: sd_hash hangi imzanın geçici kompakt biçimi üzerinden? §8.1 çoklu imzada tanımsız → sd_hash denetimi sonucu okumaya bağlı | KB-JWT alg=ES256 (izinli kümeye tabi; R_I yalnız ihraççı imzasına uygulanır); KB klasik cihaz anahtarı (G2 klasik kalır)
VP05_GJ_ES256_MLDSA65_kb-SIRA-ters	P2|sdjwtvc=-19	tedavi-ML-DSA-65	hayır	indeterminate	RFC9901 §8.1 “concatenating the protected header, the payload, and the signature of the JWS JSON serialized SD-JWT” (RFC 9901; RFC9901.txt:1906-1907) ; RFC9901 §7.3 (5g) “verify that it matches the value of the sd_hash claim in the Key Binding JWT” (RFC 9901; RFC9901.txt:1868-1870) ; ÖK §2D m.4 “hangi imzayı bağladığı tanımsızdır” (ON-KAYIT-TASLAK v0.8; ON-KAYIT-TASLAK.md:412) ; SDJWTVC §2.2 [T113] “not precluded but the specific details are beyond the scope of this specification” (draft-ietf-oauth-sd-jwt-vc-19; SDJWTVC.txt:307-309)	vaka: MR4 DIŞI tanımlayıcı (sd_hash bağlaması değişir) | ihraççı katmanı: P2: mevcut tüm imzalar geçerli (R=∅) [ML-DSA-65=geçerli, ES256=geçerli]; KB: sd_hash hangi imzanın geçici kompakt biçimi üzerinden? §8.1 çoklu imzada tanımsız → sd_hash denetimi sonucu okumaya bağlı | KB-JWT alg=ES256 (izinli kümeye tabi; R_I yalnız ihraççı imzasına uygulanır); KB klasik cihaz anahtarı (G2 klasik kalır)
VP05_GJ_ES256_MLDSA65_kb-SIRA-ters	P0|sdjwtvc=-13	tedavi-ML-DSA-65	hayır	indeterminate	RFC9901 §8.1 “concatenating the protected header, the payload, and the signature of the JWS JSON serialized SD-JWT” (RFC 9901; RFC9901.txt:1906-1907) ; RFC9901 §7.3 (5g) “verify that it matches the value of the sd_hash claim in the Key Binding JWT” (RFC 9901; RFC9901.txt:1868-1870) ; ÖK §2D m.4 “hangi imzayı bağladığı tanımsızdır” (ON-KAYIT-TASLAK v0.8; ON-KAYIT-TASLAK.md:412)	vaka: MR4 DIŞI tanımlayıcı (sd_hash bağlaması değişir) | ihraççı katmanı: P0: en az bir izinli imza geçerli [ML-DSA-65=geçerli, ES256=geçerli]; KB: sd_hash hangi imzanın geçici kompakt biçimi üzerinden? §8.1 çoklu imzada tanımsız → sd_hash denetimi sonucu okumaya bağlı | KB-JWT alg=ES256 (izinli kümeye tabi; R_I yalnız ihraççı imzasına uygulanır); KB klasik cihaz anahtarı (G2 klasik kalır)
VP05_GJ_ES256_MLDSA65_kb-SIRA-ters	P0|sdjwtvc=-19	tedavi-ML-DSA-65	hayır	indeterminate	RFC9901 §8.1 “concatenating the protected header, the payload, and the signature of the JWS JSON serialized SD-JWT” (RFC 9901; RFC9901.txt:1906-1907) ; RFC9901 §7.3 (5g) “verify that it matches the value of the sd_hash claim in the Key Binding JWT” (RFC 9901; RFC9901.txt:1868-1870) ; ÖK §2D m.4 “hangi imzayı bağladığı tanımsızdır” (ON-KAYIT-TASLAK v0.8; ON-KAYIT-TASLAK.md:412) ; SDJWTVC §2.2 [T113] “not precluded but the specific details are beyond the scope of this specification” (draft-ietf-oauth-sd-jwt-vc-19; SDJWTVC.txt:307-309)	vaka: MR4 DIŞI tanımlayıcı (sd_hash bağlaması değişir) | ihraççı katmanı: P0: en az bir izinli imza geçerli [ML-DSA-65=geçerli, ES256=geçerli]; KB: sd_hash hangi imzanın geçici kompakt biçimi üzerinden? §8.1 çoklu imzada tanımsız → sd_hash denetimi sonucu okumaya bağlı | KB-JWT alg=ES256 (izinli kümeye tabi; R_I yalnız ihraççı imzasına uygulanır); KB klasik cihaz anahtarı (G2 klasik kalır)
T7P_plus_kayitsiz	L4	tedavi-ML-DSA-65	evet	reject	JWTBCP §3.1 [T327] “MUST NOT employ any algorithms outside this configured set” (draft-ietf-oauth-rfc8725bis-10; JWTBCP.txt:463-466) ; RFC7515 §4.1.1 [T319] “The JWS Signature value is not valid if the "alg" value does not represent a supported algorithm or if there is not a key for use with that algorithm” (RFC 7515; RFC7515.txt:508-510) ; ÖK §4.8 P1 “Mevcut imzaların tümü geçerliyse kabul. İmza silinmesi (soyma) fark edilmez” (ON-KAYIT-TASLAK v0.8; ON-KAYIT-TASLAK.md:776) ; ACM2 Note 51 [T135] “the veriﬁcation function accepting if and only if all signatures are correct” (ECCG ACM v2.0; ACM2.txt:946) ; ÖK §6.5 “İhraççı başına gerekli küme R = {X}, izinli küme {A, X}.” (ON-KAYIT-TASLAK v0.8; ON-KAYIT-TASLAK.md:1054) ; ÖK §6.5 K5 “Politikaya göre (MR2); bayrak B1” (ON-KAYIT-TASLAK v0.8; ON-KAYIT-TASLAK.md:1062)	vaka: K5 birincil; MR2 (T1↔T7) | L4: mevcut imzalardan en az biri geçersiz/izinsiz → tüm-mevcut-geçerli koşulu sağlanmıyor [ES256=geçerli, ML-DSA-65=geçerli, X-KAYITSIZ-1=izinsiz (X-KAYITSIZ-1: rastgele 128 B, anahtar yok)]
T7P_plus_kayitsiz	P2	tedavi-ML-DSA-65	evet	reject	JWTBCP §3.1 [T327] “MUST NOT employ any algorithms outside this configured set” (draft-ietf-oauth-rfc8725bis-10; JWTBCP.txt:463-466) ; RFC7515 §4.1.1 [T319] “The JWS Signature value is not valid if the "alg" value does not represent a supported algorithm or if there is not a key for use with that algorithm” (RFC 7515; RFC7515.txt:508-510) ; ÖK §4.8 P1 “Mevcut imzaların tümü geçerliyse kabul. İmza silinmesi (soyma) fark edilmez” (ON-KAYIT-TASLAK v0.8; ON-KAYIT-TASLAK.md:776) ; ACM2 Note 51 [T135] “the veriﬁcation function accepting if and only if all signatures are correct” (ECCG ACM v2.0; ACM2.txt:946)	vaka: K5 birincil; MR2 (T1↔T7) | P2: mevcut imzalardan en az biri geçersiz/izinsiz → tüm-mevcut-geçerli koşulu sağlanmıyor [ES256=geçerli, ML-DSA-65=geçerli, X-KAYITSIZ-1=izinsiz (X-KAYITSIZ-1: rastgele 128 B, anahtar yok)]
T7P_plus_kayitsiz	P0	tedavi-ML-DSA-65	evet	accept-hybrid	RFC7515 §5.2 [T315] “at least one JWS Signature value MUST successfully validate, or the JWS MUST be considered invalid” (RFC 7515; RFC7515.txt:814-816) ; RFC7515 §5.2 [T314] “it is an application decision which of the JWS Signature values must successfully validate” (RFC 7515; RFC7515.txt:810-812) ; ÖK §4.8 P0 “En az bir imza geçerliyse kabul” (ON-KAYIT-TASLAK v0.8; ON-KAYIT-TASLAK.md:775)	vaka: K5 birincil; MR2 (T1↔T7) | P0: en az bir izinli imza geçerli [ES256=geçerli, ML-DSA-65=geçerli, X-KAYITSIZ-1=izinsiz (X-KAYITSIZ-1: rastgele 128 B, anahtar yok)]
T7P_plus_kayitsiz-SIRA-kayitsiz-once	L4	tedavi-ML-DSA-65	hayır	reject	JWTBCP §3.1 [T327] “MUST NOT employ any algorithms outside this configured set” (draft-ietf-oauth-rfc8725bis-10; JWTBCP.txt:463-466) ; RFC7515 §4.1.1 [T319] “The JWS Signature value is not valid if the "alg" value does not represent a supported algorithm or if there is not a key for use with that algorithm” (RFC 7515; RFC7515.txt:508-510) ; ÖK §4.8 P1 “Mevcut imzaların tümü geçerliyse kabul. İmza silinmesi (soyma) fark edilmez” (ON-KAYIT-TASLAK v0.8; ON-KAYIT-TASLAK.md:776) ; ACM2 Note 51 [T135] “the veriﬁcation function accepting if and only if all signatures are correct” (ECCG ACM v2.0; ACM2.txt:946) ; ÖK §6.5 “İhraççı başına gerekli küme R = {X}, izinli küme {A, X}.” (ON-KAYIT-TASLAK v0.8; ON-KAYIT-TASLAK.md:1054)	vaka: MR4 eşi (eşleme §2) | L4: mevcut imzalardan en az biri geçersiz/izinsiz → tüm-mevcut-geçerli koşulu sağlanmıyor [X-KAYITSIZ-1=izinsiz (X-KAYITSIZ-1: rastgele 128 B, anahtar yok), ES256=geçerli, ML-DSA-65=geçerli] | MR4 eşi: kaynak T7P_plus_kayitsiz (kayitsiz-once); imzalar bağımsız doğrulandığından karar kaynakla aynı (RFC 7515 §5.2 adım 9)
T7P_plus_kayitsiz-SIRA-kayitsiz-once	P2	tedavi-ML-DSA-65	hayır	reject	JWTBCP §3.1 [T327] “MUST NOT employ any algorithms outside this configured set” (draft-ietf-oauth-rfc8725bis-10; JWTBCP.txt:463-466) ; RFC7515 §4.1.1 [T319] “The JWS Signature value is not valid if the "alg" value does not represent a supported algorithm or if there is not a key for use with that algorithm” (RFC 7515; RFC7515.txt:508-510) ; ÖK §4.8 P1 “Mevcut imzaların tümü geçerliyse kabul. İmza silinmesi (soyma) fark edilmez” (ON-KAYIT-TASLAK v0.8; ON-KAYIT-TASLAK.md:776) ; ACM2 Note 51 [T135] “the veriﬁcation function accepting if and only if all signatures are correct” (ECCG ACM v2.0; ACM2.txt:946)	vaka: MR4 eşi (eşleme §2) | P2: mevcut imzalardan en az biri geçersiz/izinsiz → tüm-mevcut-geçerli koşulu sağlanmıyor [X-KAYITSIZ-1=izinsiz (X-KAYITSIZ-1: rastgele 128 B, anahtar yok), ES256=geçerli, ML-DSA-65=geçerli] | MR4 eşi: kaynak T7P_plus_kayitsiz (kayitsiz-once); imzalar bağımsız doğrulandığından karar kaynakla aynı (RFC 7515 §5.2 adım 9)
T7P_plus_kayitsiz-SIRA-kayitsiz-once	P0	tedavi-ML-DSA-65	hayır	accept-hybrid	RFC7515 §5.2 [T315] “at least one JWS Signature value MUST successfully validate, or the JWS MUST be considered invalid” (RFC 7515; RFC7515.txt:814-816) ; RFC7515 §5.2 [T314] “it is an application decision which of the JWS Signature values must successfully validate” (RFC 7515; RFC7515.txt:810-812) ; ÖK §4.8 P0 “En az bir imza geçerliyse kabul” (ON-KAYIT-TASLAK v0.8; ON-KAYIT-TASLAK.md:775)	vaka: MR4 eşi (eşleme §2) | P0: en az bir izinli imza geçerli [X-KAYITSIZ-1=izinsiz (X-KAYITSIZ-1: rastgele 128 B, anahtar yok), ES256=geçerli, ML-DSA-65=geçerli] | MR4 eşi: kaynak T7P_plus_kayitsiz (kayitsiz-once); imzalar bağımsız doğrulandığından karar kaynakla aynı (RFC 7515 §5.2 adım 9)
T7P_plus_kayitsiz-SIRA-ters	L4	tedavi-ML-DSA-65	hayır	reject	JWTBCP §3.1 [T327] “MUST NOT employ any algorithms outside this configured set” (draft-ietf-oauth-rfc8725bis-10; JWTBCP.txt:463-466) ; RFC7515 §4.1.1 [T319] “The JWS Signature value is not valid if the "alg" value does not represent a supported algorithm or if there is not a key for use with that algorithm” (RFC 7515; RFC7515.txt:508-510) ; ÖK §4.8 P1 “Mevcut imzaların tümü geçerliyse kabul. İmza silinmesi (soyma) fark edilmez” (ON-KAYIT-TASLAK v0.8; ON-KAYIT-TASLAK.md:776) ; ACM2 Note 51 [T135] “the veriﬁcation function accepting if and only if all signatures are correct” (ECCG ACM v2.0; ACM2.txt:946) ; ÖK §6.5 “İhraççı başına gerekli küme R = {X}, izinli küme {A, X}.” (ON-KAYIT-TASLAK v0.8; ON-KAYIT-TASLAK.md:1054)	vaka: MR4 eşi (eşleme §2) | L4: mevcut imzalardan en az biri geçersiz/izinsiz → tüm-mevcut-geçerli koşulu sağlanmıyor [X-KAYITSIZ-1=izinsiz (X-KAYITSIZ-1: rastgele 128 B, anahtar yok), ML-DSA-65=geçerli, ES256=geçerli] | MR4 eşi: kaynak T7P_plus_kayitsiz (ters); imzalar bağımsız doğrulandığından karar kaynakla aynı (RFC 7515 §5.2 adım 9)
T7P_plus_kayitsiz-SIRA-ters	P2	tedavi-ML-DSA-65	hayır	reject	JWTBCP §3.1 [T327] “MUST NOT employ any algorithms outside this configured set” (draft-ietf-oauth-rfc8725bis-10; JWTBCP.txt:463-466) ; RFC7515 §4.1.1 [T319] “The JWS Signature value is not valid if the "alg" value does not represent a supported algorithm or if there is not a key for use with that algorithm” (RFC 7515; RFC7515.txt:508-510) ; ÖK §4.8 P1 “Mevcut imzaların tümü geçerliyse kabul. İmza silinmesi (soyma) fark edilmez” (ON-KAYIT-TASLAK v0.8; ON-KAYIT-TASLAK.md:776) ; ACM2 Note 51 [T135] “the veriﬁcation function accepting if and only if all signatures are correct” (ECCG ACM v2.0; ACM2.txt:946)	vaka: MR4 eşi (eşleme §2) | P2: mevcut imzalardan en az biri geçersiz/izinsiz → tüm-mevcut-geçerli koşulu sağlanmıyor [X-KAYITSIZ-1=izinsiz (X-KAYITSIZ-1: rastgele 128 B, anahtar yok), ML-DSA-65=geçerli, ES256=geçerli] | MR4 eşi: kaynak T7P_plus_kayitsiz (ters); imzalar bağımsız doğrulandığından karar kaynakla aynı (RFC 7515 §5.2 adım 9)
T7P_plus_kayitsiz-SIRA-ters	P0	tedavi-ML-DSA-65	hayır	accept-hybrid	RFC7515 §5.2 [T315] “at least one JWS Signature value MUST successfully validate, or the JWS MUST be considered invalid” (RFC 7515; RFC7515.txt:814-816) ; RFC7515 §5.2 [T314] “it is an application decision which of the JWS Signature values must successfully validate” (RFC 7515; RFC7515.txt:810-812) ; ÖK §4.8 P0 “En az bir imza geçerliyse kabul” (ON-KAYIT-TASLAK v0.8; ON-KAYIT-TASLAK.md:775)	vaka: MR4 eşi (eşleme §2) | P0: en az bir izinli imza geçerli [X-KAYITSIZ-1=izinsiz (X-KAYITSIZ-1: rastgele 128 B, anahtar yok), ML-DSA-65=geçerli, ES256=geçerli] | MR4 eşi: kaynak T7P_plus_kayitsiz (ters); imzalar bağımsız doğrulandığından karar kaynakla aynı (RFC 7515 §5.2 adım 9)
K10P_alg-ML-DSA-65_anahtar-ES256	L4	tedavi-ML-DSA-65	evet	reject	JWTBCP §3.1 [T329] “consistent with the algorithm associated with the key identified by the corresponding identifier” (draft-ietf-oauth-rfc8725bis-10; JWTBCP.txt:468-471) ; RFC7515 §4.1.1 [T319] “The JWS Signature value is not valid if the "alg" value does not represent a supported algorithm or if there is not a key for use with that algorithm” (RFC 7515; RFC7515.txt:508-510) ; RFC9864 §7 [T335] “A cryptographic key MUST be used with only a single algorithm” (RFC 9864; RFC9864.txt:650) ; ÖK §4.8 P1 “Mevcut imzaların tümü geçerliyse kabul. İmza silinmesi (soyma) fark edilmez” (ON-KAYIT-TASLAK v0.8; ON-KAYIT-TASLAK.md:776) ; ACM2 Note 51 [T135] “the veriﬁcation function accepting if and only if all signatures are correct” (ECCG ACM v2.0; ACM2.txt:946) ; ÖK §6.5 “İhraççı başına gerekli küme R = {X}, izinli küme {A, X}.” (ON-KAYIT-TASLAK v0.8; ON-KAYIT-TASLAK.md:1054) ; ÖK §6.5 K10 “RED (L2/L3)” (ON-KAYIT-TASLAK v0.8; ON-KAYIT-TASLAK.md:1067)	vaka: K10 birincil | başlık alg ile doğrulama anahtarının bağlı olduğu algoritma uyuşmuyor (imza gerçek anahtarın kendi algoritmasıyla geçerli): kütüphane alg–anahtar tutarlılığını denetlemek ZORUNDA → her yapılandırmada ret. L4: mevcut imzalardan en az biri geçersiz/izinsiz → tüm-mevcut-geçerli koşulu sağlanmıyor [ML-DSA-65=alg–anahtar uyuşmaz (başlık alg ≠ anahtarın algoritması (imza gerçek anahtar alg ile))]
K10P_alg-ML-DSA-65_anahtar-ES256	P2	tedavi-ML-DSA-65	evet	reject	JWTBCP §3.1 [T329] “consistent with the algorithm associated with the key identified by the corresponding identifier” (draft-ietf-oauth-rfc8725bis-10; JWTBCP.txt:468-471) ; RFC7515 §4.1.1 [T319] “The JWS Signature value is not valid if the "alg" value does not represent a supported algorithm or if there is not a key for use with that algorithm” (RFC 7515; RFC7515.txt:508-510) ; RFC9864 §7 [T335] “A cryptographic key MUST be used with only a single algorithm” (RFC 9864; RFC9864.txt:650) ; ÖK §4.8 P1 “Mevcut imzaların tümü geçerliyse kabul. İmza silinmesi (soyma) fark edilmez” (ON-KAYIT-TASLAK v0.8; ON-KAYIT-TASLAK.md:776) ; ACM2 Note 51 [T135] “the veriﬁcation function accepting if and only if all signatures are correct” (ECCG ACM v2.0; ACM2.txt:946)	vaka: K10 birincil | başlık alg ile doğrulama anahtarının bağlı olduğu algoritma uyuşmuyor (imza gerçek anahtarın kendi algoritmasıyla geçerli): kütüphane alg–anahtar tutarlılığını denetlemek ZORUNDA → her yapılandırmada ret. P2: mevcut imzalardan en az biri geçersiz/izinsiz → tüm-mevcut-geçerli koşulu sağlanmıyor [ML-DSA-65=alg–anahtar uyuşmaz (başlık alg ≠ anahtarın algoritması (imza gerçek anahtar alg ile))]
K10P_alg-ML-DSA-65_anahtar-ES256	P0	tedavi-ML-DSA-65	evet	reject	JWTBCP §3.1 [T329] “consistent with the algorithm associated with the key identified by the corresponding identifier” (draft-ietf-oauth-rfc8725bis-10; JWTBCP.txt:468-471) ; RFC7515 §4.1.1 [T319] “The JWS Signature value is not valid if the "alg" value does not represent a supported algorithm or if there is not a key for use with that algorithm” (RFC 7515; RFC7515.txt:508-510) ; RFC9864 §7 [T335] “A cryptographic key MUST be used with only a single algorithm” (RFC 9864; RFC9864.txt:650) ; RFC7515 §5.2 [T315] “at least one JWS Signature value MUST successfully validate, or the JWS MUST be considered invalid” (RFC 7515; RFC7515.txt:814-816)	vaka: K10 birincil | başlık alg ile doğrulama anahtarının bağlı olduğu algoritma uyuşmuyor (imza gerçek anahtarın kendi algoritmasıyla geçerli): kütüphane alg–anahtar tutarlılığını denetlemek ZORUNDA → her yapılandırmada ret. P0: geçerli izinli imza yok [ML-DSA-65=alg–anahtar uyuşmaz (başlık alg ≠ anahtarın algoritması (imza gerçek anahtar alg ile))]
K10P_alg-ES256_anahtar-ML-DSA-65	L4	tedavi-ML-DSA-65	evet	reject	JWTBCP §3.1 [T329] “consistent with the algorithm associated with the key identified by the corresponding identifier” (draft-ietf-oauth-rfc8725bis-10; JWTBCP.txt:468-471) ; RFC7515 §4.1.1 [T319] “The JWS Signature value is not valid if the "alg" value does not represent a supported algorithm or if there is not a key for use with that algorithm” (RFC 7515; RFC7515.txt:508-510) ; RFC9864 §7 [T335] “A cryptographic key MUST be used with only a single algorithm” (RFC 9864; RFC9864.txt:650) ; RFC9964 §3 [T337] “The alg JSON Web Key (JWK) parameter or COSE Key Common parameter is REQUIRED for all AKP keys.” (RFC 9964; RFC9964.txt:112-113) ; ÖK §4.8 P1 “Mevcut imzaların tümü geçerliyse kabul. İmza silinmesi (soyma) fark edilmez” (ON-KAYIT-TASLAK v0.8; ON-KAYIT-TASLAK.md:776) ; ACM2 Note 51 [T135] “the veriﬁcation function accepting if and only if all signatures are correct” (ECCG ACM v2.0; ACM2.txt:946) ; ÖK §6.5 “İhraççı başına gerekli küme R = {X}, izinli küme {A, X}.” (ON-KAYIT-TASLAK v0.8; ON-KAYIT-TASLAK.md:1054) ; ÖK §6.5 K10 “RED (L2/L3)” (ON-KAYIT-TASLAK v0.8; ON-KAYIT-TASLAK.md:1067)	vaka: K10 birincil (ikinci yön) | başlık alg ile doğrulama anahtarının bağlı olduğu algoritma uyuşmuyor (imza gerçek anahtarın kendi algoritmasıyla geçerli): kütüphane alg–anahtar tutarlılığını denetlemek ZORUNDA → her yapılandırmada ret. L4: mevcut imzalardan en az biri geçersiz/izinsiz → tüm-mevcut-geçerli koşulu sağlanmıyor [ES256=alg–anahtar uyuşmaz (başlık alg ≠ anahtarın algoritması (imza gerçek anahtar alg ile))]
K10P_alg-ES256_anahtar-ML-DSA-65	P2	tedavi-ML-DSA-65	evet	reject	JWTBCP §3.1 [T329] “consistent with the algorithm associated with the key identified by the corresponding identifier” (draft-ietf-oauth-rfc8725bis-10; JWTBCP.txt:468-471) ; RFC7515 §4.1.1 [T319] “The JWS Signature value is not valid if the "alg" value does not represent a supported algorithm or if there is not a key for use with that algorithm” (RFC 7515; RFC7515.txt:508-510) ; RFC9864 §7 [T335] “A cryptographic key MUST be used with only a single algorithm” (RFC 9864; RFC9864.txt:650) ; RFC9964 §3 [T337] “The alg JSON Web Key (JWK) parameter or COSE Key Common parameter is REQUIRED for all AKP keys.” (RFC 9964; RFC9964.txt:112-113) ; ÖK §4.8 P1 “Mevcut imzaların tümü geçerliyse kabul. İmza silinmesi (soyma) fark edilmez” (ON-KAYIT-TASLAK v0.8; ON-KAYIT-TASLAK.md:776) ; ACM2 Note 51 [T135] “the veriﬁcation function accepting if and only if all signatures are correct” (ECCG ACM v2.0; ACM2.txt:946)	vaka: K10 birincil (ikinci yön) | başlık alg ile doğrulama anahtarının bağlı olduğu algoritma uyuşmuyor (imza gerçek anahtarın kendi algoritmasıyla geçerli): kütüphane alg–anahtar tutarlılığını denetlemek ZORUNDA → her yapılandırmada ret. P2: mevcut imzalardan en az biri geçersiz/izinsiz → tüm-mevcut-geçerli koşulu sağlanmıyor [ES256=alg–anahtar uyuşmaz (başlık alg ≠ anahtarın algoritması (imza gerçek anahtar alg ile))]
K10P_alg-ES256_anahtar-ML-DSA-65	P0	tedavi-ML-DSA-65	evet	reject	JWTBCP §3.1 [T329] “consistent with the algorithm associated with the key identified by the corresponding identifier” (draft-ietf-oauth-rfc8725bis-10; JWTBCP.txt:468-471) ; RFC7515 §4.1.1 [T319] “The JWS Signature value is not valid if the "alg" value does not represent a supported algorithm or if there is not a key for use with that algorithm” (RFC 7515; RFC7515.txt:508-510) ; RFC9864 §7 [T335] “A cryptographic key MUST be used with only a single algorithm” (RFC 9864; RFC9864.txt:650) ; RFC9964 §3 [T337] “The alg JSON Web Key (JWK) parameter or COSE Key Common parameter is REQUIRED for all AKP keys.” (RFC 9964; RFC9964.txt:112-113) ; RFC7515 §5.2 [T315] “at least one JWS Signature value MUST successfully validate, or the JWS MUST be considered invalid” (RFC 7515; RFC7515.txt:814-816)	vaka: K10 birincil (ikinci yön) | başlık alg ile doğrulama anahtarının bağlı olduğu algoritma uyuşmuyor (imza gerçek anahtarın kendi algoritmasıyla geçerli): kütüphane alg–anahtar tutarlılığını denetlemek ZORUNDA → her yapılandırmada ret. P0: geçerli izinli imza yok [ES256=alg–anahtar uyuşmaz (başlık alg ≠ anahtarın algoritması (imza gerçek anahtar alg ile))]
VPLUS_ES256	L4	tedavi-ML-DSA-65	evet	reject	ÖK §6.5 “İhraççı başına gerekli küme R = {X}, izinli küme {A, X}.” (ON-KAYIT-TASLAK v0.8; ON-KAYIT-TASLAK.md:1054) ; JWTBCP §3.1 [T328] “MUST determine which algorithms are permitted for itself and that issuer and ensure that the received JWT complies with those requirements” (draft-ietf-oauth-rfc8725bis-10; JWTBCP.txt:482-485) ; ÖK §4.7 G5 “Göç etmiş bir varlık, ilan ettiği eski-sürüm penceresi dışında yalnız klasik kanıtla kabul edilemez.” (ON-KAYIT-TASLAK v0.8; ON-KAYIT-TASLAK.md:767) ; ÖK §2B m.6 (L4c) “Göç etmiş ihraççının yalnız klasik imzalı belgesi reddedilir, eski ihraççının klasik imzalı belgesi kabul edilir.” (ON-KAYIT-TASLAK v0.8; ON-KAYIT-TASLAK.md:256) ; ÖK §6.5 V+/V− “Adaptör geçerlilik kontrolleri | KABUL / RED” (ON-KAYIT-TASLAK v0.8; ON-KAYIT-TASLAK.md:1069)	vaka: V+ birincil (üç kolda ortak) | L4: R={ML-DSA-65} için geçerli imza yok (yalnız klasik kanıt; G5) [ES256=geçerli] | DİKKAT: ÖK §4.15/§6.5 V+ → KABUL der; L4 (göç etmiş ihraççı) altında yalnız klasik belge G5 gereği reddedilir. V+ denetimi P2/P0 (eski ihraççı) yapılandırmasında ya da X imzalı V+ ile koşulmalı (NOTLAR N2)
VPLUS_ES256	P2	tedavi-ML-DSA-65	evet	accept-classical	ÖK §4.8 P1 “Mevcut imzaların tümü geçerliyse kabul. İmza silinmesi (soyma) fark edilmez” (ON-KAYIT-TASLAK v0.8; ON-KAYIT-TASLAK.md:776) ; ÖK §4.8 P2 “P1 + her imza, anahtarının bağlı olduğu algoritmayla doğrulanır” (ON-KAYIT-TASLAK v0.8; ON-KAYIT-TASLAK.md:777) ; RFC7515 §5.2 [T314] “it is an application decision which of the JWS Signature values must successfully validate” (RFC 7515; RFC7515.txt:810-812)	vaka: V+ birincil (üç kolda ortak) | P2: mevcut tüm imzalar geçerli (R=∅) [ES256=geçerli]
VPLUS_ES256	P0	tedavi-ML-DSA-65	evet	accept-classical	RFC7515 §5.2 [T315] “at least one JWS Signature value MUST successfully validate, or the JWS MUST be considered invalid” (RFC 7515; RFC7515.txt:814-816) ; RFC7515 §5.2 [T314] “it is an application decision which of the JWS Signature values must successfully validate” (RFC 7515; RFC7515.txt:810-812) ; ÖK §4.8 P0 “En az bir imza geçerliyse kabul” (ON-KAYIT-TASLAK v0.8; ON-KAYIT-TASLAK.md:775)	vaka: V+ birincil (üç kolda ortak) | P0: en az bir izinli imza geçerli [ES256=geçerli]
VMINUS_ES256	L4	tedavi-ML-DSA-65	evet	reject	RFC7515 §5.2 (8) “Validate the JWS Signature against the JWS Signing Input” (RFC 7515; RFC7515.txt:873) ; ÖK §4.8 P1 “Mevcut imzaların tümü geçerliyse kabul. İmza silinmesi (soyma) fark edilmez” (ON-KAYIT-TASLAK v0.8; ON-KAYIT-TASLAK.md:776) ; ACM2 Note 51 [T135] “the veriﬁcation function accepting if and only if all signatures are correct” (ECCG ACM v2.0; ACM2.txt:946) ; ÖK §6.5 “İhraççı başına gerekli küme R = {X}, izinli küme {A, X}.” (ON-KAYIT-TASLAK v0.8; ON-KAYIT-TASLAK.md:1054) ; ÖK §6.5 V+/V− “Adaptör geçerlilik kontrolleri | KABUL / RED” (ON-KAYIT-TASLAK v0.8; ON-KAYIT-TASLAK.md:1069)	vaka: V− birincil (üç kolda ortak) | L4: mevcut imzalardan en az biri geçersiz/izinsiz → tüm-mevcut-geçerli koşulu sağlanmıyor [ES256=geçersiz (bayt 32 bit 0 çevrildi)]
VMINUS_ES256	P2	tedavi-ML-DSA-65	evet	reject	RFC7515 §5.2 (8) “Validate the JWS Signature against the JWS Signing Input” (RFC 7515; RFC7515.txt:873) ; ÖK §4.8 P1 “Mevcut imzaların tümü geçerliyse kabul. İmza silinmesi (soyma) fark edilmez” (ON-KAYIT-TASLAK v0.8; ON-KAYIT-TASLAK.md:776) ; ACM2 Note 51 [T135] “the veriﬁcation function accepting if and only if all signatures are correct” (ECCG ACM v2.0; ACM2.txt:946)	vaka: V− birincil (üç kolda ortak) | P2: mevcut imzalardan en az biri geçersiz/izinsiz → tüm-mevcut-geçerli koşulu sağlanmıyor [ES256=geçersiz (bayt 32 bit 0 çevrildi)]
VMINUS_ES256	P0	tedavi-ML-DSA-65	evet	reject	RFC7515 §5.2 [T315] “at least one JWS Signature value MUST successfully validate, or the JWS MUST be considered invalid” (RFC 7515; RFC7515.txt:814-816) ; RFC7515 §5.2 (8) “Validate the JWS Signature against the JWS Signing Input” (RFC 7515; RFC7515.txt:873)	vaka: V− birincil (üç kolda ortak) | P0: geçerli izinli imza yok [ES256=geçersiz (bayt 32 bit 0 çevrildi)]
VPLUS_ML-DSA-65	L4	tedavi-ML-DSA-65	evet	accept-hybrid	ÖK §6.5 “İhraççı başına gerekli küme R = {X}, izinli küme {A, X}.” (ON-KAYIT-TASLAK v0.8; ON-KAYIT-TASLAK.md:1054) ; JWTBCP §3.1 [T328] “MUST determine which algorithms are permitted for itself and that issuer and ensure that the received JWT complies with those requirements” (draft-ietf-oauth-rfc8725bis-10; JWTBCP.txt:482-485) ; ACM2 Note 51 [T135] “the veriﬁcation function accepting if and only if all signatures are correct” (ECCG ACM v2.0; ACM2.txt:946) ; ÖK §6.5 V+/V− “Adaptör geçerlilik kontrolleri | KABUL / RED” (ON-KAYIT-TASLAK v0.8; ON-KAYIT-TASLAK.md:1069)	vaka: V+ birincil | L4: tüm imzalar geçerli ve R={ML-DSA-65} karşılandı [ML-DSA-65=geçerli]
VPLUS_ML-DSA-65	P2	tedavi-ML-DSA-65	evet	accept-hybrid	ÖK §4.8 P1 “Mevcut imzaların tümü geçerliyse kabul. İmza silinmesi (soyma) fark edilmez” (ON-KAYIT-TASLAK v0.8; ON-KAYIT-TASLAK.md:776) ; ÖK §4.8 P2 “P1 + her imza, anahtarının bağlı olduğu algoritmayla doğrulanır” (ON-KAYIT-TASLAK v0.8; ON-KAYIT-TASLAK.md:777) ; RFC7515 §5.2 [T314] “it is an application decision which of the JWS Signature values must successfully validate” (RFC 7515; RFC7515.txt:810-812)	vaka: V+ birincil | P2: mevcut tüm imzalar geçerli (R=∅) [ML-DSA-65=geçerli]
VPLUS_ML-DSA-65	P0	tedavi-ML-DSA-65	evet	accept-hybrid	RFC7515 §5.2 [T315] “at least one JWS Signature value MUST successfully validate, or the JWS MUST be considered invalid” (RFC 7515; RFC7515.txt:814-816) ; RFC7515 §5.2 [T314] “it is an application decision which of the JWS Signature values must successfully validate” (RFC 7515; RFC7515.txt:810-812) ; ÖK §4.8 P0 “En az bir imza geçerliyse kabul” (ON-KAYIT-TASLAK v0.8; ON-KAYIT-TASLAK.md:775)	vaka: V+ birincil | P0: en az bir izinli imza geçerli [ML-DSA-65=geçerli]
VMINUS_ML-DSA-65	L4	tedavi-ML-DSA-65	evet	reject	RFC7515 §5.2 (8) “Validate the JWS Signature against the JWS Signing Input” (RFC 7515; RFC7515.txt:873) ; ÖK §4.8 P1 “Mevcut imzaların tümü geçerliyse kabul. İmza silinmesi (soyma) fark edilmez” (ON-KAYIT-TASLAK v0.8; ON-KAYIT-TASLAK.md:776) ; ACM2 Note 51 [T135] “the veriﬁcation function accepting if and only if all signatures are correct” (ECCG ACM v2.0; ACM2.txt:946) ; ÖK §6.5 “İhraççı başına gerekli küme R = {X}, izinli küme {A, X}.” (ON-KAYIT-TASLAK v0.8; ON-KAYIT-TASLAK.md:1054) ; ÖK §6.5 V+/V− “Adaptör geçerlilik kontrolleri | KABUL / RED” (ON-KAYIT-TASLAK v0.8; ON-KAYIT-TASLAK.md:1069)	vaka: V− birincil | L4: mevcut imzalardan en az biri geçersiz/izinsiz → tüm-mevcut-geçerli koşulu sağlanmıyor [ML-DSA-65=geçersiz (bayt 1654 bit 0 çevrildi)]
VMINUS_ML-DSA-65	P2	tedavi-ML-DSA-65	evet	reject	RFC7515 §5.2 (8) “Validate the JWS Signature against the JWS Signing Input” (RFC 7515; RFC7515.txt:873) ; ÖK §4.8 P1 “Mevcut imzaların tümü geçerliyse kabul. İmza silinmesi (soyma) fark edilmez” (ON-KAYIT-TASLAK v0.8; ON-KAYIT-TASLAK.md:776) ; ACM2 Note 51 [T135] “the veriﬁcation function accepting if and only if all signatures are correct” (ECCG ACM v2.0; ACM2.txt:946)	vaka: V− birincil | P2: mevcut imzalardan en az biri geçersiz/izinsiz → tüm-mevcut-geçerli koşulu sağlanmıyor [ML-DSA-65=geçersiz (bayt 1654 bit 0 çevrildi)]
VMINUS_ML-DSA-65	P0	tedavi-ML-DSA-65	evet	reject	RFC7515 §5.2 [T315] “at least one JWS Signature value MUST successfully validate, or the JWS MUST be considered invalid” (RFC 7515; RFC7515.txt:814-816) ; RFC7515 §5.2 (8) “Validate the JWS Signature against the JWS Signing Input” (RFC 7515; RFC7515.txt:873)	vaka: V− birincil | P0: geçerli izinli imza yok [ML-DSA-65=geçersiz (bayt 1654 bit 0 çevrildi)]
T3_stripped_to_ES256	L4	tedavi-composite	evet	reject	ÖK §6.5 “İhraççı başına gerekli küme R = {X}, izinli küme {A, X}.” (ON-KAYIT-TASLAK v0.8; ON-KAYIT-TASLAK.md:1054) ; JWTBCP §3.1 [T328] “MUST determine which algorithms are permitted for itself and that issuer and ensure that the received JWT complies with those requirements” (draft-ietf-oauth-rfc8725bis-10; JWTBCP.txt:482-485) ; ÖK §4.7 G5 “Göç etmiş bir varlık, ilan ettiği eski-sürüm penceresi dışında yalnız klasik kanıtla kabul edilemez.” (ON-KAYIT-TASLAK v0.8; ON-KAYIT-TASLAK.md:767) ; ÖK §2B m.6 (L4c) “Göç etmiş ihraççının yalnız klasik imzalı belgesi reddedilir, eski ihraççının klasik imzalı belgesi kabul edilir.” (ON-KAYIT-TASLAK v0.8; ON-KAYIT-TASLAK.md:256) ; ÖK §6.5 K3 “X soyulmuş (yalnız A) | RED” (ON-KAYIT-TASLAK v0.8; ON-KAYIT-TASLAK.md:1060)	vaka: K3 birincil (üç kolda ortak dosya; R={X} kola göre) | L4: R={ML-DSA-65-ES256} için geçerli imza yok (yalnız klasik kanıt; G5) [ES256=geçerli]
T3_stripped_to_ES256	P2	tedavi-composite	evet	accept-classical	ÖK §4.8 P1 “Mevcut imzaların tümü geçerliyse kabul. İmza silinmesi (soyma) fark edilmez” (ON-KAYIT-TASLAK v0.8; ON-KAYIT-TASLAK.md:776) ; ÖK §4.8 P2 “P1 + her imza, anahtarının bağlı olduğu algoritmayla doğrulanır” (ON-KAYIT-TASLAK v0.8; ON-KAYIT-TASLAK.md:777) ; RFC7515 §5.2 [T314] “it is an application decision which of the JWS Signature values must successfully validate” (RFC 7515; RFC7515.txt:810-812)	vaka: K3 birincil (üç kolda ortak dosya; R={X} kola göre) | P2: mevcut tüm imzalar geçerli (R=∅) [ES256=geçerli]
T3_stripped_to_ES256	P0	tedavi-composite	evet	accept-classical	RFC7515 §5.2 [T315] “at least one JWS Signature value MUST successfully validate, or the JWS MUST be considered invalid” (RFC 7515; RFC7515.txt:814-816) ; RFC7515 §5.2 [T314] “it is an application decision which of the JWS Signature values must successfully validate” (RFC 7515; RFC7515.txt:810-812) ; ÖK §4.8 P0 “En az bir imza geçerliyse kabul” (ON-KAYIT-TASLAK v0.8; ON-KAYIT-TASLAK.md:775)	vaka: K3 birincil (üç kolda ortak dosya; R={X} kola göre) | P0: en az bir izinli imza geçerli [ES256=geçerli]
T1C_both_valid	L4	tedavi-composite	evet	accept-hybrid	ÖK §6.5 “İhraççı başına gerekli küme R = {X}, izinli küme {A, X}.” (ON-KAYIT-TASLAK v0.8; ON-KAYIT-TASLAK.md:1054) ; JWTBCP §3.1 [T328] “MUST determine which algorithms are permitted for itself and that issuer and ensure that the received JWT complies with those requirements” (draft-ietf-oauth-rfc8725bis-10; JWTBCP.txt:482-485) ; ACM2 Note 51 [T135] “the veriﬁcation function accepting if and only if all signatures are correct” (ECCG ACM v2.0; ACM2.txt:946) ; ÖK §6.5 K1 “Çift imza (A + X), ikisi geçerli | KABUL” (ON-KAYIT-TASLAK v0.8; ON-KAYIT-TASLAK.md:1058)	vaka: K1 birincil | L4: tüm imzalar geçerli ve R={ML-DSA-65-ES256} karşılandı [ES256=geçerli, ML-DSA-65-ES256=geçerli]
T1C_both_valid	P2	tedavi-composite	evet	accept-hybrid	ÖK §4.8 P1 “Mevcut imzaların tümü geçerliyse kabul. İmza silinmesi (soyma) fark edilmez” (ON-KAYIT-TASLAK v0.8; ON-KAYIT-TASLAK.md:776) ; ÖK §4.8 P2 “P1 + her imza, anahtarının bağlı olduğu algoritmayla doğrulanır” (ON-KAYIT-TASLAK v0.8; ON-KAYIT-TASLAK.md:777) ; RFC7515 §5.2 [T314] “it is an application decision which of the JWS Signature values must successfully validate” (RFC 7515; RFC7515.txt:810-812)	vaka: K1 birincil | P2: mevcut tüm imzalar geçerli (R=∅) [ES256=geçerli, ML-DSA-65-ES256=geçerli]
T1C_both_valid	P0	tedavi-composite	evet	accept-hybrid	RFC7515 §5.2 [T315] “at least one JWS Signature value MUST successfully validate, or the JWS MUST be considered invalid” (RFC 7515; RFC7515.txt:814-816) ; RFC7515 §5.2 [T314] “it is an application decision which of the JWS Signature values must successfully validate” (RFC 7515; RFC7515.txt:810-812) ; ÖK §4.8 P0 “En az bir imza geçerliyse kabul” (ON-KAYIT-TASLAK v0.8; ON-KAYIT-TASLAK.md:775)	vaka: K1 birincil | P0: en az bir izinli imza geçerli [ES256=geçerli, ML-DSA-65-ES256=geçerli]
T2C_second_tampered	L4	tedavi-composite	evet	reject	JOSECOMP §4.3 [T345] “MUST validate a signature only if all component signatures were successfully validated” (draft-ietf-jose-pq-composite-sigs-04; JOSECOMP.txt:452-453) ; RFC7515 §5.2 (8) “Validate the JWS Signature against the JWS Signing Input” (RFC 7515; RFC7515.txt:873) ; ÖK §4.8 P1 “Mevcut imzaların tümü geçerliyse kabul. İmza silinmesi (soyma) fark edilmez” (ON-KAYIT-TASLAK v0.8; ON-KAYIT-TASLAK.md:776) ; ACM2 Note 51 [T135] “the veriﬁcation function accepting if and only if all signatures are correct” (ECCG ACM v2.0; ACM2.txt:946) ; ÖK §6.5 “İhraççı başına gerekli küme R = {X}, izinli küme {A, X}.” (ON-KAYIT-TASLAK v0.8; ON-KAYIT-TASLAK.md:1054) ; ÖK §6.5 K2 “X imzası bozuk | RED” (ON-KAYIT-TASLAK v0.8; ON-KAYIT-TASLAK.md:1059)	vaka: K2 birincil | L4: mevcut imzalardan en az biri geçersiz/izinsiz → tüm-mevcut-geçerli koşulu sağlanmıyor [ES256=geçerli, ML-DSA-65-ES256=geçersiz (composite imzanın ML-DSA bileşeninde bayt 5 bozuk)]
T2C_second_tampered	P2	tedavi-composite	evet	reject	JOSECOMP §4.3 [T345] “MUST validate a signature only if all component signatures were successfully validated” (draft-ietf-jose-pq-composite-sigs-04; JOSECOMP.txt:452-453) ; RFC7515 §5.2 (8) “Validate the JWS Signature against the JWS Signing Input” (RFC 7515; RFC7515.txt:873) ; ÖK §4.8 P1 “Mevcut imzaların tümü geçerliyse kabul. İmza silinmesi (soyma) fark edilmez” (ON-KAYIT-TASLAK v0.8; ON-KAYIT-TASLAK.md:776) ; ACM2 Note 51 [T135] “the veriﬁcation function accepting if and only if all signatures are correct” (ECCG ACM v2.0; ACM2.txt:946)	vaka: K2 birincil | P2: mevcut imzalardan en az biri geçersiz/izinsiz → tüm-mevcut-geçerli koşulu sağlanmıyor [ES256=geçerli, ML-DSA-65-ES256=geçersiz (composite imzanın ML-DSA bileşeninde bayt 5 bozuk)]
T2C_second_tampered	P0	tedavi-composite	evet	accept-classical	JOSECOMP §4.3 [T345] “MUST validate a signature only if all component signatures were successfully validated” (draft-ietf-jose-pq-composite-sigs-04; JOSECOMP.txt:452-453) ; RFC7515 §5.2 [T315] “at least one JWS Signature value MUST successfully validate, or the JWS MUST be considered invalid” (RFC 7515; RFC7515.txt:814-816) ; RFC7515 §5.2 [T314] “it is an application decision which of the JWS Signature values must successfully validate” (RFC 7515; RFC7515.txt:810-812) ; ÖK §4.8 P0 “En az bir imza geçerliyse kabul” (ON-KAYIT-TASLAK v0.8; ON-KAYIT-TASLAK.md:775)	vaka: K2 birincil | P0: en az bir izinli imza geçerli [ES256=geçerli, ML-DSA-65-ES256=geçersiz (composite imzanın ML-DSA bileşeninde bayt 5 bozuk)]
T4C_plus_ML-DSA-65	L4	tedavi-composite	hayır	reject	JWTBCP §3.1 [T327] “MUST NOT employ any algorithms outside this configured set” (draft-ietf-oauth-rfc8725bis-10; JWTBCP.txt:463-466) ; RFC7515 §4.1.1 [T319] “The JWS Signature value is not valid if the "alg" value does not represent a supported algorithm or if there is not a key for use with that algorithm” (RFC 7515; RFC7515.txt:508-510) ; ÖK §4.8 P1 “Mevcut imzaların tümü geçerliyse kabul. İmza silinmesi (soyma) fark edilmez” (ON-KAYIT-TASLAK v0.8; ON-KAYIT-TASLAK.md:776) ; ACM2 Note 51 [T135] “the veriﬁcation function accepting if and only if all signatures are correct” (ECCG ACM v2.0; ACM2.txt:946) ; ÖK §6.5 “İhraççı başına gerekli küme R = {X}, izinli küme {A, X}.” (ON-KAYIT-TASLAK v0.8; ON-KAYIT-TASLAK.md:1054)	vaka: K5 ikincil; MR2 ikincil | L4: mevcut imzalardan en az biri geçersiz/izinsiz → tüm-mevcut-geçerli koşulu sağlanmıyor [ES256=geçerli, ML-DSA-65-ES256=geçerli, ML-DSA-65=izinsiz]
T4C_plus_ML-DSA-65	P2	tedavi-composite	hayır	reject	JWTBCP §3.1 [T327] “MUST NOT employ any algorithms outside this configured set” (draft-ietf-oauth-rfc8725bis-10; JWTBCP.txt:463-466) ; RFC7515 §4.1.1 [T319] “The JWS Signature value is not valid if the "alg" value does not represent a supported algorithm or if there is not a key for use with that algorithm” (RFC 7515; RFC7515.txt:508-510) ; ÖK §4.8 P1 “Mevcut imzaların tümü geçerliyse kabul. İmza silinmesi (soyma) fark edilmez” (ON-KAYIT-TASLAK v0.8; ON-KAYIT-TASLAK.md:776) ; ACM2 Note 51 [T135] “the veriﬁcation function accepting if and only if all signatures are correct” (ECCG ACM v2.0; ACM2.txt:946)	vaka: K5 ikincil; MR2 ikincil | P2: mevcut imzalardan en az biri geçersiz/izinsiz → tüm-mevcut-geçerli koşulu sağlanmıyor [ES256=geçerli, ML-DSA-65-ES256=geçerli, ML-DSA-65=izinsiz]
T4C_plus_ML-DSA-65	P0	tedavi-composite	hayır	accept-hybrid	RFC7515 §5.2 [T315] “at least one JWS Signature value MUST successfully validate, or the JWS MUST be considered invalid” (RFC 7515; RFC7515.txt:814-816) ; RFC7515 §5.2 [T314] “it is an application decision which of the JWS Signature values must successfully validate” (RFC 7515; RFC7515.txt:810-812) ; ÖK §4.8 P0 “En az bir imza geçerliyse kabul” (ON-KAYIT-TASLAK v0.8; ON-KAYIT-TASLAK.md:775)	vaka: K5 ikincil; MR2 ikincil | P0: en az bir izinli imza geçerli [ES256=geçerli, ML-DSA-65-ES256=geçerli, ML-DSA-65=izinsiz]
T5C_only_ML-DSA-65-ES256	L4	tedavi-composite	evet	accept-hybrid	ÖK §6.5 “İhraççı başına gerekli küme R = {X}, izinli küme {A, X}.” (ON-KAYIT-TASLAK v0.8; ON-KAYIT-TASLAK.md:1054) ; JWTBCP §3.1 [T328] “MUST determine which algorithms are permitted for itself and that issuer and ensure that the received JWT complies with those requirements” (draft-ietf-oauth-rfc8725bis-10; JWTBCP.txt:482-485) ; ACM2 Note 51 [T135] “the veriﬁcation function accepting if and only if all signatures are correct” (ECCG ACM v2.0; ACM2.txt:946) ; ÖK §6.5 K4 “Yalnız X | KABUL” (ON-KAYIT-TASLAK v0.8; ON-KAYIT-TASLAK.md:1061)	vaka: K4 birincil; K6 ikincil (General JSON) | L4: tüm imzalar geçerli ve R={ML-DSA-65-ES256} karşılandı [ML-DSA-65-ES256=geçerli]
T5C_only_ML-DSA-65-ES256	P2	tedavi-composite	evet	accept-hybrid	ÖK §4.8 P1 “Mevcut imzaların tümü geçerliyse kabul. İmza silinmesi (soyma) fark edilmez” (ON-KAYIT-TASLAK v0.8; ON-KAYIT-TASLAK.md:776) ; ÖK §4.8 P2 “P1 + her imza, anahtarının bağlı olduğu algoritmayla doğrulanır” (ON-KAYIT-TASLAK v0.8; ON-KAYIT-TASLAK.md:777) ; RFC7515 §5.2 [T314] “it is an application decision which of the JWS Signature values must successfully validate” (RFC 7515; RFC7515.txt:810-812)	vaka: K4 birincil; K6 ikincil (General JSON) | P2: mevcut tüm imzalar geçerli (R=∅) [ML-DSA-65-ES256=geçerli]
T5C_only_ML-DSA-65-ES256	P0	tedavi-composite	evet	accept-hybrid	RFC7515 §5.2 [T315] “at least one JWS Signature value MUST successfully validate, or the JWS MUST be considered invalid” (RFC 7515; RFC7515.txt:814-816) ; RFC7515 §5.2 [T314] “it is an application decision which of the JWS Signature values must successfully validate” (RFC 7515; RFC7515.txt:810-812) ; ÖK §4.8 P0 “En az bir imza geçerliyse kabul” (ON-KAYIT-TASLAK v0.8; ON-KAYIT-TASLAK.md:775)	vaka: K4 birincil; K6 ikincil (General JSON) | P0: en az bir izinli imza geçerli [ML-DSA-65-ES256=geçerli]
UNK02_alg_ML-DSA-65-P256	L4	tedavi-composite	hayır	reject	JWTBCP §3.1 [T327] “MUST NOT employ any algorithms outside this configured set” (draft-ietf-oauth-rfc8725bis-10; JWTBCP.txt:463-466) ; RFC7515 §4.1.1 [T319] “The JWS Signature value is not valid if the "alg" value does not represent a supported algorithm or if there is not a key for use with that algorithm” (RFC 7515; RFC7515.txt:508-510) ; ÖK §4.8 P1 “Mevcut imzaların tümü geçerliyse kabul. İmza silinmesi (soyma) fark edilmez” (ON-KAYIT-TASLAK v0.8; ON-KAYIT-TASLAK.md:776) ; ACM2 Note 51 [T135] “the veriﬁcation function accepting if and only if all signatures are correct” (ECCG ACM v2.0; ACM2.txt:946) ; ÖK §6.5 “İhraççı başına gerekli küme R = {X}, izinli küme {A, X}.” (ON-KAYIT-TASLAK v0.8; ON-KAYIT-TASLAK.md:1054)	vaka: eşleme dışı (aile UNK, kol tedavi-composite) | L4: mevcut imzalardan en az biri geçersiz/izinsiz → tüm-mevcut-geçerli koşulu sağlanmıyor [ML-DSA-65-P256=izinsiz (bayt geçerli composite; etiket ML-DSA-65-P256 kayıtsız)]
UNK02_alg_ML-DSA-65-P256	P2	tedavi-composite	hayır	reject	JWTBCP §3.1 [T327] “MUST NOT employ any algorithms outside this configured set” (draft-ietf-oauth-rfc8725bis-10; JWTBCP.txt:463-466) ; RFC7515 §4.1.1 [T319] “The JWS Signature value is not valid if the "alg" value does not represent a supported algorithm or if there is not a key for use with that algorithm” (RFC 7515; RFC7515.txt:508-510) ; ÖK §4.8 P1 “Mevcut imzaların tümü geçerliyse kabul. İmza silinmesi (soyma) fark edilmez” (ON-KAYIT-TASLAK v0.8; ON-KAYIT-TASLAK.md:776) ; ACM2 Note 51 [T135] “the veriﬁcation function accepting if and only if all signatures are correct” (ECCG ACM v2.0; ACM2.txt:946)	vaka: eşleme dışı (aile UNK, kol tedavi-composite) | P2: mevcut imzalardan en az biri geçersiz/izinsiz → tüm-mevcut-geçerli koşulu sağlanmıyor [ML-DSA-65-P256=izinsiz (bayt geçerli composite; etiket ML-DSA-65-P256 kayıtsız)]
UNK02_alg_ML-DSA-65-P256	P0	tedavi-composite	hayır	reject	RFC7515 §5.2 [T315] “at least one JWS Signature value MUST successfully validate, or the JWS MUST be considered invalid” (RFC 7515; RFC7515.txt:814-816) ; JWTBCP §3.1 [T327] “MUST NOT employ any algorithms outside this configured set” (draft-ietf-oauth-rfc8725bis-10; JWTBCP.txt:463-466) ; RFC7515 §4.1.1 [T319] “The JWS Signature value is not valid if the "alg" value does not represent a supported algorithm or if there is not a key for use with that algorithm” (RFC 7515; RFC7515.txt:508-510)	vaka: eşleme dışı (aile UNK, kol tedavi-composite) | P0: geçerli izinli imza yok [ML-DSA-65-P256=izinsiz (bayt geçerli composite; etiket ML-DSA-65-P256 kayıtsız)]
CMP00_gecerli_referans	L4	tedavi-composite	evet	accept-hybrid	ÖK §6.5 “İhraççı başına gerekli küme R = {X}, izinli küme {A, X}.” (ON-KAYIT-TASLAK v0.8; ON-KAYIT-TASLAK.md:1054) ; JWTBCP §3.1 [T328] “MUST determine which algorithms are permitted for itself and that issuer and ensure that the received JWT complies with those requirements” (draft-ietf-oauth-rfc8725bis-10; JWTBCP.txt:482-485) ; ACM2 Note 51 [T135] “the veriﬁcation function accepting if and only if all signatures are correct” (ECCG ACM v2.0; ACM2.txt:946) ; ÖK §6.5 K6 “Composite tek imza, geçerli (desteklenen hedeflerde) | KABUL” (ON-KAYIT-TASLAK v0.8; ON-KAYIT-TASLAK.md:1063)	vaka: K6 birincil; V+ birincil (composite kolu) | L4: tüm imzalar geçerli ve R={ML-DSA-65-ES256} karşılandı [ML-DSA-65-ES256=geçerli]
CMP00_gecerli_referans	P2	tedavi-composite	evet	accept-hybrid	ÖK §4.8 P1 “Mevcut imzaların tümü geçerliyse kabul. İmza silinmesi (soyma) fark edilmez” (ON-KAYIT-TASLAK v0.8; ON-KAYIT-TASLAK.md:776) ; ÖK §4.8 P2 “P1 + her imza, anahtarının bağlı olduğu algoritmayla doğrulanır” (ON-KAYIT-TASLAK v0.8; ON-KAYIT-TASLAK.md:777) ; RFC7515 §5.2 [T314] “it is an application decision which of the JWS Signature values must successfully validate” (RFC 7515; RFC7515.txt:810-812)	vaka: K6 birincil; V+ birincil (composite kolu) | P2: mevcut tüm imzalar geçerli (R=∅) [ML-DSA-65-ES256=geçerli]
CMP00_gecerli_referans	P0	tedavi-composite	evet	accept-hybrid	RFC7515 §5.2 [T315] “at least one JWS Signature value MUST successfully validate, or the JWS MUST be considered invalid” (RFC 7515; RFC7515.txt:814-816) ; RFC7515 §5.2 [T314] “it is an application decision which of the JWS Signature values must successfully validate” (RFC 7515; RFC7515.txt:810-812) ; ÖK §4.8 P0 “En az bir imza geçerliyse kabul” (ON-KAYIT-TASLAK v0.8; ON-KAYIT-TASLAK.md:775)	vaka: K6 birincil; V+ birincil (composite kolu) | P0: en az bir izinli imza geçerli [ML-DSA-65-ES256=geçerli]
CMP01_ml_bileseni_bozuk	L4	tedavi-composite	evet	reject	JOSECOMP §4.3 “if NOT ML-DSA.Verify(mldsaPK, M', ctx=Label)” (draft-ietf-jose-pq-composite-sigs-04; JOSECOMP.txt:497) ; JOSECOMP §4.3 [T345] “MUST validate a signature only if all component signatures were successfully validated” (draft-ietf-jose-pq-composite-sigs-04; JOSECOMP.txt:452-453) ; RFC7515 §5.2 (8) “Validate the JWS Signature against the JWS Signing Input” (RFC 7515; RFC7515.txt:873) ; ÖK §4.8 P1 “Mevcut imzaların tümü geçerliyse kabul. İmza silinmesi (soyma) fark edilmez” (ON-KAYIT-TASLAK v0.8; ON-KAYIT-TASLAK.md:776) ; ACM2 Note 51 [T135] “the veriﬁcation function accepting if and only if all signatures are correct” (ECCG ACM v2.0; ACM2.txt:946) ; ÖK §6.5 “İhraççı başına gerekli küme R = {X}, izinli küme {A, X}.” (ON-KAYIT-TASLAK v0.8; ON-KAYIT-TASLAK.md:1054) ; ÖK §6.5 K7 “Composite etiketli, bileşeni bozuk | RED” (ON-KAYIT-TASLAK v0.8; ON-KAYIT-TASLAK.md:1064)	vaka: K7 birincil; V− birincil (composite kolu) | L4: mevcut imzalardan en az biri geçersiz/izinsiz → tüm-mevcut-geçerli koşulu sağlanmıyor [ML-DSA-65-ES256=geçersiz (ML-DSA bileşeni bozuk (ECDSA geçerli))]
CMP01_ml_bileseni_bozuk	P2	tedavi-composite	evet	reject	JOSECOMP §4.3 “if NOT ML-DSA.Verify(mldsaPK, M', ctx=Label)” (draft-ietf-jose-pq-composite-sigs-04; JOSECOMP.txt:497) ; JOSECOMP §4.3 [T345] “MUST validate a signature only if all component signatures were successfully validated” (draft-ietf-jose-pq-composite-sigs-04; JOSECOMP.txt:452-453) ; RFC7515 §5.2 (8) “Validate the JWS Signature against the JWS Signing Input” (RFC 7515; RFC7515.txt:873) ; ÖK §4.8 P1 “Mevcut imzaların tümü geçerliyse kabul. İmza silinmesi (soyma) fark edilmez” (ON-KAYIT-TASLAK v0.8; ON-KAYIT-TASLAK.md:776) ; ACM2 Note 51 [T135] “the veriﬁcation function accepting if and only if all signatures are correct” (ECCG ACM v2.0; ACM2.txt:946)	vaka: K7 birincil; V− birincil (composite kolu) | P2: mevcut imzalardan en az biri geçersiz/izinsiz → tüm-mevcut-geçerli koşulu sağlanmıyor [ML-DSA-65-ES256=geçersiz (ML-DSA bileşeni bozuk (ECDSA geçerli))]
CMP01_ml_bileseni_bozuk	P0	tedavi-composite	evet	reject	JOSECOMP §4.3 “if NOT ML-DSA.Verify(mldsaPK, M', ctx=Label)” (draft-ietf-jose-pq-composite-sigs-04; JOSECOMP.txt:497) ; JOSECOMP §4.3 [T345] “MUST validate a signature only if all component signatures were successfully validated” (draft-ietf-jose-pq-composite-sigs-04; JOSECOMP.txt:452-453) ; RFC7515 §5.2 [T315] “at least one JWS Signature value MUST successfully validate, or the JWS MUST be considered invalid” (RFC 7515; RFC7515.txt:814-816) ; RFC7515 §5.2 (8) “Validate the JWS Signature against the JWS Signing Input” (RFC 7515; RFC7515.txt:873)	vaka: K7 birincil; V− birincil (composite kolu) | P0: geçerli izinli imza yok [ML-DSA-65-ES256=geçersiz (ML-DSA bileşeni bozuk (ECDSA geçerli))]
CMP02_ecdsa_bileseni_bozuk	L4	tedavi-composite	evet	reject	JOSECOMP §4.3 “if NOT Trad.Verify(tradPK, M')” (draft-ietf-jose-pq-composite-sigs-04; JOSECOMP.txt:499) ; JOSECOMP §4.3 [T345] “MUST validate a signature only if all component signatures were successfully validated” (draft-ietf-jose-pq-composite-sigs-04; JOSECOMP.txt:452-453) ; RFC7515 §5.2 (8) “Validate the JWS Signature against the JWS Signing Input” (RFC 7515; RFC7515.txt:873) ; ÖK §4.8 P1 “Mevcut imzaların tümü geçerliyse kabul. İmza silinmesi (soyma) fark edilmez” (ON-KAYIT-TASLAK v0.8; ON-KAYIT-TASLAK.md:776) ; ACM2 Note 51 [T135] “the veriﬁcation function accepting if and only if all signatures are correct” (ECCG ACM v2.0; ACM2.txt:946) ; ÖK §6.5 “İhraççı başına gerekli küme R = {X}, izinli küme {A, X}.” (ON-KAYIT-TASLAK v0.8; ON-KAYIT-TASLAK.md:1054) ; ÖK §6.5 K7 “Composite etiketli, bileşeni bozuk | RED” (ON-KAYIT-TASLAK v0.8; ON-KAYIT-TASLAK.md:1064)	vaka: K7 birincil | L4: mevcut imzalardan en az biri geçersiz/izinsiz → tüm-mevcut-geçerli koşulu sağlanmıyor [ML-DSA-65-ES256=geçersiz (ECDSA bileşeni bozuk (ML-DSA geçerli))]
CMP02_ecdsa_bileseni_bozuk	P2	tedavi-composite	evet	reject	JOSECOMP §4.3 “if NOT Trad.Verify(tradPK, M')” (draft-ietf-jose-pq-composite-sigs-04; JOSECOMP.txt:499) ; JOSECOMP §4.3 [T345] “MUST validate a signature only if all component signatures were successfully validated” (draft-ietf-jose-pq-composite-sigs-04; JOSECOMP.txt:452-453) ; RFC7515 §5.2 (8) “Validate the JWS Signature against the JWS Signing Input” (RFC 7515; RFC7515.txt:873) ; ÖK §4.8 P1 “Mevcut imzaların tümü geçerliyse kabul. İmza silinmesi (soyma) fark edilmez” (ON-KAYIT-TASLAK v0.8; ON-KAYIT-TASLAK.md:776) ; ACM2 Note 51 [T135] “the veriﬁcation function accepting if and only if all signatures are correct” (ECCG ACM v2.0; ACM2.txt:946)	vaka: K7 birincil | P2: mevcut imzalardan en az biri geçersiz/izinsiz → tüm-mevcut-geçerli koşulu sağlanmıyor [ML-DSA-65-ES256=geçersiz (ECDSA bileşeni bozuk (ML-DSA geçerli))]
CMP02_ecdsa_bileseni_bozuk	P0	tedavi-composite	evet	reject	JOSECOMP §4.3 “if NOT Trad.Verify(tradPK, M')” (draft-ietf-jose-pq-composite-sigs-04; JOSECOMP.txt:499) ; JOSECOMP §4.3 [T345] “MUST validate a signature only if all component signatures were successfully validated” (draft-ietf-jose-pq-composite-sigs-04; JOSECOMP.txt:452-453) ; RFC7515 §5.2 [T315] “at least one JWS Signature value MUST successfully validate, or the JWS MUST be considered invalid” (RFC 7515; RFC7515.txt:814-816) ; RFC7515 §5.2 (8) “Validate the JWS Signature against the JWS Signing Input” (RFC 7515; RFC7515.txt:873)	vaka: K7 birincil | P0: geçerli izinli imza yok [ML-DSA-65-ES256=geçersiz (ECDSA bileşeni bozuk (ML-DSA geçerli))]
CMP03_ecdsa_der_uzunluk_bozuk	L4	tedavi-composite	hayır	reject	JOSECOMP §4.3 “not of the correct type or length for the given component algorithm then output "Invalid signature"” (draft-ietf-jose-pq-composite-sigs-04; JOSECOMP.txt:489) ; JOSECOMP §4.5 “the DER-encoded Ecdsa-Sig-Value [RFC3279]” (draft-ietf-jose-pq-composite-sigs-04; JOSECOMP.txt:555-557) ; LAMPSCOMP §4.3 “raising an error in the event that the input is malformed” (draft-ietf-lamps-pq-composite-sigs-19; LAMPSCOMP.txt:1300-1301) ; RFC7515 §5.2 (8) “Validate the JWS Signature against the JWS Signing Input” (RFC 7515; RFC7515.txt:873) ; ÖK §4.8 P1 “Mevcut imzaların tümü geçerliyse kabul. İmza silinmesi (soyma) fark edilmez” (ON-KAYIT-TASLAK v0.8; ON-KAYIT-TASLAK.md:776) ; ACM2 Note 51 [T135] “the veriﬁcation function accepting if and only if all signatures are correct” (ECCG ACM v2.0; ACM2.txt:946) ; ÖK §6.5 “İhraççı başına gerekli küme R = {X}, izinli küme {A, X}.” (ON-KAYIT-TASLAK v0.8; ON-KAYIT-TASLAK.md:1054)	vaka: K7 ikincil (serileştirme / uygulayıcı hatası taklidi) | L4: mevcut imzalardan en az biri geçersiz/izinsiz → tüm-mevcut-geçerli koşulu sağlanmıyor [ML-DSA-65-ES256=geçersiz (ECDSA DER uzunluk baytı bozuk)]
CMP03_ecdsa_der_uzunluk_bozuk	P2	tedavi-composite	hayır	reject	JOSECOMP §4.3 “not of the correct type or length for the given component algorithm then output "Invalid signature"” (draft-ietf-jose-pq-composite-sigs-04; JOSECOMP.txt:489) ; JOSECOMP §4.5 “the DER-encoded Ecdsa-Sig-Value [RFC3279]” (draft-ietf-jose-pq-composite-sigs-04; JOSECOMP.txt:555-557) ; LAMPSCOMP §4.3 “raising an error in the event that the input is malformed” (draft-ietf-lamps-pq-composite-sigs-19; LAMPSCOMP.txt:1300-1301) ; RFC7515 §5.2 (8) “Validate the JWS Signature against the JWS Signing Input” (RFC 7515; RFC7515.txt:873) ; ÖK §4.8 P1 “Mevcut imzaların tümü geçerliyse kabul. İmza silinmesi (soyma) fark edilmez” (ON-KAYIT-TASLAK v0.8; ON-KAYIT-TASLAK.md:776) ; ACM2 Note 51 [T135] “the veriﬁcation function accepting if and only if all signatures are correct” (ECCG ACM v2.0; ACM2.txt:946)	vaka: K7 ikincil (serileştirme / uygulayıcı hatası taklidi) | P2: mevcut imzalardan en az biri geçersiz/izinsiz → tüm-mevcut-geçerli koşulu sağlanmıyor [ML-DSA-65-ES256=geçersiz (ECDSA DER uzunluk baytı bozuk)]
CMP03_ecdsa_der_uzunluk_bozuk	P0	tedavi-composite	hayır	reject	JOSECOMP §4.3 “not of the correct type or length for the given component algorithm then output "Invalid signature"” (draft-ietf-jose-pq-composite-sigs-04; JOSECOMP.txt:489) ; JOSECOMP §4.5 “the DER-encoded Ecdsa-Sig-Value [RFC3279]” (draft-ietf-jose-pq-composite-sigs-04; JOSECOMP.txt:555-557) ; LAMPSCOMP §4.3 “raising an error in the event that the input is malformed” (draft-ietf-lamps-pq-composite-sigs-19; LAMPSCOMP.txt:1300-1301) ; RFC7515 §5.2 [T315] “at least one JWS Signature value MUST successfully validate, or the JWS MUST be considered invalid” (RFC 7515; RFC7515.txt:814-816) ; RFC7515 §5.2 (8) “Validate the JWS Signature against the JWS Signing Input” (RFC 7515; RFC7515.txt:873)	vaka: K7 ikincil (serileştirme / uygulayıcı hatası taklidi) | P0: geçerli izinli imza yok [ML-DSA-65-ES256=geçersiz (ECDSA DER uzunluk baytı bozuk)]
CMP04_ecdsa_ham_rs	L4	tedavi-composite	hayır	reject	JOSECOMP §4.5 “the DER-encoded Ecdsa-Sig-Value [RFC3279]” (draft-ietf-jose-pq-composite-sigs-04; JOSECOMP.txt:555-557) ; JOSECOMP §4.3 “not of the correct type or length for the given component algorithm then output "Invalid signature"” (draft-ietf-jose-pq-composite-sigs-04; JOSECOMP.txt:489) ; LAMPSCOMP §4.3 “raising an error in the event that the input is malformed” (draft-ietf-lamps-pq-composite-sigs-19; LAMPSCOMP.txt:1300-1301) ; RFC7515 §5.2 (8) “Validate the JWS Signature against the JWS Signing Input” (RFC 7515; RFC7515.txt:873) ; ÖK §4.8 P1 “Mevcut imzaların tümü geçerliyse kabul. İmza silinmesi (soyma) fark edilmez” (ON-KAYIT-TASLAK v0.8; ON-KAYIT-TASLAK.md:776) ; ACM2 Note 51 [T135] “the veriﬁcation function accepting if and only if all signatures are correct” (ECCG ACM v2.0; ACM2.txt:946) ; ÖK §6.5 “İhraççı başına gerekli küme R = {X}, izinli küme {A, X}.” (ON-KAYIT-TASLAK v0.8; ON-KAYIT-TASLAK.md:1054)	vaka: K7 ikincil (serileştirme / uygulayıcı hatası taklidi) | L4: mevcut imzalardan en az biri geçersiz/izinsiz → tüm-mevcut-geçerli koşulu sağlanmıyor [ML-DSA-65-ES256=geçersiz (ECDSA bileşeni ham r||s (DER değil))]
CMP04_ecdsa_ham_rs	P2	tedavi-composite	hayır	reject	JOSECOMP §4.5 “the DER-encoded Ecdsa-Sig-Value [RFC3279]” (draft-ietf-jose-pq-composite-sigs-04; JOSECOMP.txt:555-557) ; JOSECOMP §4.3 “not of the correct type or length for the given component algorithm then output "Invalid signature"” (draft-ietf-jose-pq-composite-sigs-04; JOSECOMP.txt:489) ; LAMPSCOMP §4.3 “raising an error in the event that the input is malformed” (draft-ietf-lamps-pq-composite-sigs-19; LAMPSCOMP.txt:1300-1301) ; RFC7515 §5.2 (8) “Validate the JWS Signature against the JWS Signing Input” (RFC 7515; RFC7515.txt:873) ; ÖK §4.8 P1 “Mevcut imzaların tümü geçerliyse kabul. İmza silinmesi (soyma) fark edilmez” (ON-KAYIT-TASLAK v0.8; ON-KAYIT-TASLAK.md:776) ; ACM2 Note 51 [T135] “the veriﬁcation function accepting if and only if all signatures are correct” (ECCG ACM v2.0; ACM2.txt:946)	vaka: K7 ikincil (serileştirme / uygulayıcı hatası taklidi) | P2: mevcut imzalardan en az biri geçersiz/izinsiz → tüm-mevcut-geçerli koşulu sağlanmıyor [ML-DSA-65-ES256=geçersiz (ECDSA bileşeni ham r||s (DER değil))]
CMP04_ecdsa_ham_rs	P0	tedavi-composite	hayır	reject	JOSECOMP §4.5 “the DER-encoded Ecdsa-Sig-Value [RFC3279]” (draft-ietf-jose-pq-composite-sigs-04; JOSECOMP.txt:555-557) ; JOSECOMP §4.3 “not of the correct type or length for the given component algorithm then output "Invalid signature"” (draft-ietf-jose-pq-composite-sigs-04; JOSECOMP.txt:489) ; LAMPSCOMP §4.3 “raising an error in the event that the input is malformed” (draft-ietf-lamps-pq-composite-sigs-19; LAMPSCOMP.txt:1300-1301) ; RFC7515 §5.2 [T315] “at least one JWS Signature value MUST successfully validate, or the JWS MUST be considered invalid” (RFC 7515; RFC7515.txt:814-816) ; RFC7515 §5.2 (8) “Validate the JWS Signature against the JWS Signing Input” (RFC 7515; RFC7515.txt:873)	vaka: K7 ikincil (serileştirme / uygulayıcı hatası taklidi) | P0: geçerli izinli imza yok [ML-DSA-65-ES256=geçersiz (ECDSA bileşeni ham r||s (DER değil))]
CMP05_ecdsa_asgari_olmayan_der	L4	tedavi-composite	hayır	indeterminate	JOSECOMP §4.5 “the DER-encoded Ecdsa-Sig-Value [RFC3279]” (draft-ietf-jose-pq-composite-sigs-04; JOSECOMP.txt:555-557) ; JOSECOMP §4.5.1 “Decoding simply reverses these two steps.” (draft-ietf-jose-pq-composite-sigs-04; JOSECOMP.txt:606) ; LAMPSCOMP §4.3 “raising an error in the event that the input is malformed” (draft-ietf-lamps-pq-composite-sigs-19; LAMPSCOMP.txt:1300-1301) ; JOSECOMP §6.4 “existential unforgeability under chosen-message attack (EUF-CMA) is sufficient to meet the intended security goals” (draft-ietf-jose-pq-composite-sigs-04; JOSECOMP.txt:1101-1103)	vaka: K7 ikincil (serileştirme / uygulayıcı hatası taklidi) | ECDSA bileşeni asgari olmayan DER (değerler geçerli): -04 "DER-encoded" der ama doğrulayıcıya katı DER reddi açıkça yüklenmez ("Decoding simply reverses"); güvenlik hedefi EUF-CMA → geçerlilik belirlenemiyor
CMP05_ecdsa_asgari_olmayan_der	P2	tedavi-composite	hayır	indeterminate	JOSECOMP §4.5 “the DER-encoded Ecdsa-Sig-Value [RFC3279]” (draft-ietf-jose-pq-composite-sigs-04; JOSECOMP.txt:555-557) ; JOSECOMP §4.5.1 “Decoding simply reverses these two steps.” (draft-ietf-jose-pq-composite-sigs-04; JOSECOMP.txt:606) ; LAMPSCOMP §4.3 “raising an error in the event that the input is malformed” (draft-ietf-lamps-pq-composite-sigs-19; LAMPSCOMP.txt:1300-1301) ; JOSECOMP §6.4 “existential unforgeability under chosen-message attack (EUF-CMA) is sufficient to meet the intended security goals” (draft-ietf-jose-pq-composite-sigs-04; JOSECOMP.txt:1101-1103)	vaka: K7 ikincil (serileştirme / uygulayıcı hatası taklidi) | ECDSA bileşeni asgari olmayan DER (değerler geçerli): -04 "DER-encoded" der ama doğrulayıcıya katı DER reddi açıkça yüklenmez ("Decoding simply reverses"); güvenlik hedefi EUF-CMA → geçerlilik belirlenemiyor
CMP05_ecdsa_asgari_olmayan_der	P0	tedavi-composite	hayır	indeterminate	JOSECOMP §4.5 “the DER-encoded Ecdsa-Sig-Value [RFC3279]” (draft-ietf-jose-pq-composite-sigs-04; JOSECOMP.txt:555-557) ; JOSECOMP §4.5.1 “Decoding simply reverses these two steps.” (draft-ietf-jose-pq-composite-sigs-04; JOSECOMP.txt:606) ; LAMPSCOMP §4.3 “raising an error in the event that the input is malformed” (draft-ietf-lamps-pq-composite-sigs-19; LAMPSCOMP.txt:1300-1301) ; JOSECOMP §6.4 “existential unforgeability under chosen-message attack (EUF-CMA) is sufficient to meet the intended security goals” (draft-ietf-jose-pq-composite-sigs-04; JOSECOMP.txt:1101-1103)	vaka: K7 ikincil (serileştirme / uygulayıcı hatası taklidi) | ECDSA bileşeni asgari olmayan DER (değerler geçerli): -04 "DER-encoded" der ama doğrulayıcıya katı DER reddi açıkça yüklenmez ("Decoding simply reverses"); güvenlik hedefi EUF-CMA → geçerlilik belirlenemiyor
CMP06_sonda_artik_bayt	L4	tedavi-composite	hayır	reject	JOSECOMP §4.3 “not of the correct type or length for the given component algorithm then output "Invalid signature"” (draft-ietf-jose-pq-composite-sigs-04; JOSECOMP.txt:489) ; LAMPSCOMP §4.3 “raising an error in the event that the input is malformed” (draft-ietf-lamps-pq-composite-sigs-19; LAMPSCOMP.txt:1300-1301) ; RFC7515 §5.2 (8) “Validate the JWS Signature against the JWS Signing Input” (RFC 7515; RFC7515.txt:873) ; ÖK §4.8 P1 “Mevcut imzaların tümü geçerliyse kabul. İmza silinmesi (soyma) fark edilmez” (ON-KAYIT-TASLAK v0.8; ON-KAYIT-TASLAK.md:776) ; ACM2 Note 51 [T135] “the veriﬁcation function accepting if and only if all signatures are correct” (ECCG ACM v2.0; ACM2.txt:946) ; ÖK §6.5 “İhraççı başına gerekli küme R = {X}, izinli küme {A, X}.” (ON-KAYIT-TASLAK v0.8; ON-KAYIT-TASLAK.md:1054)	vaka: K7 ikincil (serileştirme / uygulayıcı hatası taklidi) | L4: mevcut imzalardan en az biri geçersiz/izinsiz → tüm-mevcut-geçerli koşulu sağlanmıyor [ML-DSA-65-ES256=geçersiz (geçerli imza + sonda artık 0x00)]
CMP06_sonda_artik_bayt	P2	tedavi-composite	hayır	reject	JOSECOMP §4.3 “not of the correct type or length for the given component algorithm then output "Invalid signature"” (draft-ietf-jose-pq-composite-sigs-04; JOSECOMP.txt:489) ; LAMPSCOMP §4.3 “raising an error in the event that the input is malformed” (draft-ietf-lamps-pq-composite-sigs-19; LAMPSCOMP.txt:1300-1301) ; RFC7515 §5.2 (8) “Validate the JWS Signature against the JWS Signing Input” (RFC 7515; RFC7515.txt:873) ; ÖK §4.8 P1 “Mevcut imzaların tümü geçerliyse kabul. İmza silinmesi (soyma) fark edilmez” (ON-KAYIT-TASLAK v0.8; ON-KAYIT-TASLAK.md:776) ; ACM2 Note 51 [T135] “the veriﬁcation function accepting if and only if all signatures are correct” (ECCG ACM v2.0; ACM2.txt:946)	vaka: K7 ikincil (serileştirme / uygulayıcı hatası taklidi) | P2: mevcut imzalardan en az biri geçersiz/izinsiz → tüm-mevcut-geçerli koşulu sağlanmıyor [ML-DSA-65-ES256=geçersiz (geçerli imza + sonda artık 0x00)]
CMP06_sonda_artik_bayt	P0	tedavi-composite	hayır	reject	JOSECOMP §4.3 “not of the correct type or length for the given component algorithm then output "Invalid signature"” (draft-ietf-jose-pq-composite-sigs-04; JOSECOMP.txt:489) ; LAMPSCOMP §4.3 “raising an error in the event that the input is malformed” (draft-ietf-lamps-pq-composite-sigs-19; LAMPSCOMP.txt:1300-1301) ; RFC7515 §5.2 [T315] “at least one JWS Signature value MUST successfully validate, or the JWS MUST be considered invalid” (RFC 7515; RFC7515.txt:814-816) ; RFC7515 §5.2 (8) “Validate the JWS Signature against the JWS Signing Input” (RFC 7515; RFC7515.txt:873)	vaka: K7 ikincil (serileştirme / uygulayıcı hatası taklidi) | P0: geçerli izinli imza yok [ML-DSA-65-ES256=geçersiz (geçerli imza + sonda artık 0x00)]
CMP07_yalniz_ml_bileseni	L4	tedavi-composite	hayır	reject	JOSECOMP §4.3 “not of the correct type or length for the given component algorithm then output "Invalid signature"” (draft-ietf-jose-pq-composite-sigs-04; JOSECOMP.txt:489) ; JOSECOMP §4.3 [T345] “MUST validate a signature only if all component signatures were successfully validated” (draft-ietf-jose-pq-composite-sigs-04; JOSECOMP.txt:452-453) ; RFC7515 §5.2 (8) “Validate the JWS Signature against the JWS Signing Input” (RFC 7515; RFC7515.txt:873) ; ÖK §4.8 P1 “Mevcut imzaların tümü geçerliyse kabul. İmza silinmesi (soyma) fark edilmez” (ON-KAYIT-TASLAK v0.8; ON-KAYIT-TASLAK.md:776) ; ACM2 Note 51 [T135] “the veriﬁcation function accepting if and only if all signatures are correct” (ECCG ACM v2.0; ACM2.txt:946) ; ÖK §6.5 “İhraççı başına gerekli küme R = {X}, izinli küme {A, X}.” (ON-KAYIT-TASLAK v0.8; ON-KAYIT-TASLAK.md:1054)	vaka: K7 ikincil (serileştirme / uygulayıcı hatası taklidi) | L4: mevcut imzalardan en az biri geçersiz/izinsiz → tüm-mevcut-geçerli koşulu sağlanmıyor [ML-DSA-65-ES256=geçersiz (ECDSA bileşeni yok)]
CMP07_yalniz_ml_bileseni	P2	tedavi-composite	hayır	reject	JOSECOMP §4.3 “not of the correct type or length for the given component algorithm then output "Invalid signature"” (draft-ietf-jose-pq-composite-sigs-04; JOSECOMP.txt:489) ; JOSECOMP §4.3 [T345] “MUST validate a signature only if all component signatures were successfully validated” (draft-ietf-jose-pq-composite-sigs-04; JOSECOMP.txt:452-453) ; RFC7515 §5.2 (8) “Validate the JWS Signature against the JWS Signing Input” (RFC 7515; RFC7515.txt:873) ; ÖK §4.8 P1 “Mevcut imzaların tümü geçerliyse kabul. İmza silinmesi (soyma) fark edilmez” (ON-KAYIT-TASLAK v0.8; ON-KAYIT-TASLAK.md:776) ; ACM2 Note 51 [T135] “the veriﬁcation function accepting if and only if all signatures are correct” (ECCG ACM v2.0; ACM2.txt:946)	vaka: K7 ikincil (serileştirme / uygulayıcı hatası taklidi) | P2: mevcut imzalardan en az biri geçersiz/izinsiz → tüm-mevcut-geçerli koşulu sağlanmıyor [ML-DSA-65-ES256=geçersiz (ECDSA bileşeni yok)]
CMP07_yalniz_ml_bileseni	P0	tedavi-composite	hayır	reject	JOSECOMP §4.3 “not of the correct type or length for the given component algorithm then output "Invalid signature"” (draft-ietf-jose-pq-composite-sigs-04; JOSECOMP.txt:489) ; JOSECOMP §4.3 [T345] “MUST validate a signature only if all component signatures were successfully validated” (draft-ietf-jose-pq-composite-sigs-04; JOSECOMP.txt:452-453) ; RFC7515 §5.2 [T315] “at least one JWS Signature value MUST successfully validate, or the JWS MUST be considered invalid” (RFC 7515; RFC7515.txt:814-816) ; RFC7515 §5.2 (8) “Validate the JWS Signature against the JWS Signing Input” (RFC 7515; RFC7515.txt:873)	vaka: K7 ikincil (serileştirme / uygulayıcı hatası taklidi) | P0: geçerli izinli imza yok [ML-DSA-65-ES256=geçersiz (ECDSA bileşeni yok)]
CMP08_bilesenler_farkli_iletilerden	L4	tedavi-composite	hayır	reject	JOSECOMP §4.3 “if NOT ML-DSA.Verify(mldsaPK, M', ctx=Label)” (draft-ietf-jose-pq-composite-sigs-04; JOSECOMP.txt:497) ; JOSECOMP §4.3 [T345] “MUST validate a signature only if all component signatures were successfully validated” (draft-ietf-jose-pq-composite-sigs-04; JOSECOMP.txt:452-453) ; RFC7515 §5.2 (8) “Validate the JWS Signature against the JWS Signing Input” (RFC 7515; RFC7515.txt:873) ; ÖK §4.8 P1 “Mevcut imzaların tümü geçerliyse kabul. İmza silinmesi (soyma) fark edilmez” (ON-KAYIT-TASLAK v0.8; ON-KAYIT-TASLAK.md:776) ; ACM2 Note 51 [T135] “the veriﬁcation function accepting if and only if all signatures are correct” (ECCG ACM v2.0; ACM2.txt:946) ; ÖK §6.5 “İhraççı başına gerekli küme R = {X}, izinli küme {A, X}.” (ON-KAYIT-TASLAK v0.8; ON-KAYIT-TASLAK.md:1054)	vaka: K7 ikincil (serileştirme / uygulayıcı hatası taklidi) | L4: mevcut imzalardan en az biri geçersiz/izinsiz → tüm-mevcut-geçerli koşulu sağlanmıyor [ML-DSA-65-ES256=geçersiz (ML-DSA bileşeni başka iletinin)]
CMP08_bilesenler_farkli_iletilerden	P2	tedavi-composite	hayır	reject	JOSECOMP §4.3 “if NOT ML-DSA.Verify(mldsaPK, M', ctx=Label)” (draft-ietf-jose-pq-composite-sigs-04; JOSECOMP.txt:497) ; JOSECOMP §4.3 [T345] “MUST validate a signature only if all component signatures were successfully validated” (draft-ietf-jose-pq-composite-sigs-04; JOSECOMP.txt:452-453) ; RFC7515 §5.2 (8) “Validate the JWS Signature against the JWS Signing Input” (RFC 7515; RFC7515.txt:873) ; ÖK §4.8 P1 “Mevcut imzaların tümü geçerliyse kabul. İmza silinmesi (soyma) fark edilmez” (ON-KAYIT-TASLAK v0.8; ON-KAYIT-TASLAK.md:776) ; ACM2 Note 51 [T135] “the veriﬁcation function accepting if and only if all signatures are correct” (ECCG ACM v2.0; ACM2.txt:946)	vaka: K7 ikincil (serileştirme / uygulayıcı hatası taklidi) | P2: mevcut imzalardan en az biri geçersiz/izinsiz → tüm-mevcut-geçerli koşulu sağlanmıyor [ML-DSA-65-ES256=geçersiz (ML-DSA bileşeni başka iletinin)]
CMP08_bilesenler_farkli_iletilerden	P0	tedavi-composite	hayır	reject	JOSECOMP §4.3 “if NOT ML-DSA.Verify(mldsaPK, M', ctx=Label)” (draft-ietf-jose-pq-composite-sigs-04; JOSECOMP.txt:497) ; JOSECOMP §4.3 [T345] “MUST validate a signature only if all component signatures were successfully validated” (draft-ietf-jose-pq-composite-sigs-04; JOSECOMP.txt:452-453) ; RFC7515 §5.2 [T315] “at least one JWS Signature value MUST successfully validate, or the JWS MUST be considered invalid” (RFC 7515; RFC7515.txt:814-816) ; RFC7515 §5.2 (8) “Validate the JWS Signature against the JWS Signing Input” (RFC 7515; RFC7515.txt:873)	vaka: K7 ikincil (serileştirme / uygulayıcı hatası taklidi) | P0: geçerli izinli imza yok [ML-DSA-65-ES256=geçersiz (ML-DSA bileşeni başka iletinin)]
CMP09_ml_bileseni_ctx_bos	L4	tedavi-composite	hayır	reject	JOSECOMP §4.3 “if NOT ML-DSA.Verify(mldsaPK, M', ctx=Label)” (draft-ietf-jose-pq-composite-sigs-04; JOSECOMP.txt:497) ; JOSECOMP §4.2 “mldsaSig <- ML-DSA.Sign(mldsaSK, M', ctx=Label)” (draft-ietf-jose-pq-composite-sigs-04; JOSECOMP.txt:389) ; RFC7515 §5.2 (8) “Validate the JWS Signature against the JWS Signing Input” (RFC 7515; RFC7515.txt:873) ; ÖK §4.8 P1 “Mevcut imzaların tümü geçerliyse kabul. İmza silinmesi (soyma) fark edilmez” (ON-KAYIT-TASLAK v0.8; ON-KAYIT-TASLAK.md:776) ; ACM2 Note 51 [T135] “the veriﬁcation function accepting if and only if all signatures are correct” (ECCG ACM v2.0; ACM2.txt:946) ; ÖK §6.5 “İhraççı başına gerekli küme R = {X}, izinli küme {A, X}.” (ON-KAYIT-TASLAK v0.8; ON-KAYIT-TASLAK.md:1054)	vaka: K7 ikincil (serileştirme / uygulayıcı hatası taklidi) | L4: mevcut imzalardan en az biri geçersiz/izinsiz → tüm-mevcut-geçerli koşulu sağlanmıyor [ML-DSA-65-ES256=geçersiz (ML-DSA bileşeni boş ctx ile)]
CMP09_ml_bileseni_ctx_bos	P2	tedavi-composite	hayır	reject	JOSECOMP §4.3 “if NOT ML-DSA.Verify(mldsaPK, M', ctx=Label)” (draft-ietf-jose-pq-composite-sigs-04; JOSECOMP.txt:497) ; JOSECOMP §4.2 “mldsaSig <- ML-DSA.Sign(mldsaSK, M', ctx=Label)” (draft-ietf-jose-pq-composite-sigs-04; JOSECOMP.txt:389) ; RFC7515 §5.2 (8) “Validate the JWS Signature against the JWS Signing Input” (RFC 7515; RFC7515.txt:873) ; ÖK §4.8 P1 “Mevcut imzaların tümü geçerliyse kabul. İmza silinmesi (soyma) fark edilmez” (ON-KAYIT-TASLAK v0.8; ON-KAYIT-TASLAK.md:776) ; ACM2 Note 51 [T135] “the veriﬁcation function accepting if and only if all signatures are correct” (ECCG ACM v2.0; ACM2.txt:946)	vaka: K7 ikincil (serileştirme / uygulayıcı hatası taklidi) | P2: mevcut imzalardan en az biri geçersiz/izinsiz → tüm-mevcut-geçerli koşulu sağlanmıyor [ML-DSA-65-ES256=geçersiz (ML-DSA bileşeni boş ctx ile)]
CMP09_ml_bileseni_ctx_bos	P0	tedavi-composite	hayır	reject	JOSECOMP §4.3 “if NOT ML-DSA.Verify(mldsaPK, M', ctx=Label)” (draft-ietf-jose-pq-composite-sigs-04; JOSECOMP.txt:497) ; JOSECOMP §4.2 “mldsaSig <- ML-DSA.Sign(mldsaSK, M', ctx=Label)” (draft-ietf-jose-pq-composite-sigs-04; JOSECOMP.txt:389) ; RFC7515 §5.2 [T315] “at least one JWS Signature value MUST successfully validate, or the JWS MUST be considered invalid” (RFC 7515; RFC7515.txt:814-816) ; RFC7515 §5.2 (8) “Validate the JWS Signature against the JWS Signing Input” (RFC 7515; RFC7515.txt:873)	vaka: K7 ikincil (serileştirme / uygulayıcı hatası taklidi) | P0: geçerli izinli imza yok [ML-DSA-65-ES256=geçersiz (ML-DSA bileşeni boş ctx ile)]
CMP10_onozet_sha256	L4	tedavi-composite	hayır	reject	JOSECOMP §5.1 Tablo 5 “ML-DSA-65-ES256  |ML-DSA-65|ecdsa-with-SHA256|SHA512” (draft-ietf-jose-pq-composite-sigs-04; JOSECOMP.txt:792) ; JOSECOMP §4.3 “M' <- Prefix || Label || 0x00 || PH(M)” (draft-ietf-jose-pq-composite-sigs-04; JOSECOMP.txt:493) ; RFC7515 §5.2 (8) “Validate the JWS Signature against the JWS Signing Input” (RFC 7515; RFC7515.txt:873) ; ÖK §4.8 P1 “Mevcut imzaların tümü geçerliyse kabul. İmza silinmesi (soyma) fark edilmez” (ON-KAYIT-TASLAK v0.8; ON-KAYIT-TASLAK.md:776) ; ACM2 Note 51 [T135] “the veriﬁcation function accepting if and only if all signatures are correct” (ECCG ACM v2.0; ACM2.txt:946) ; ÖK §6.5 “İhraççı başına gerekli küme R = {X}, izinli küme {A, X}.” (ON-KAYIT-TASLAK v0.8; ON-KAYIT-TASLAK.md:1054)	vaka: K7 ikincil (serileştirme / uygulayıcı hatası taklidi) | L4: mevcut imzalardan en az biri geçersiz/izinsiz → tüm-mevcut-geçerli koşulu sağlanmıyor [ML-DSA-65-ES256=geçersiz (iki bileşen SHA-256 ön-özetli M' üzerinde)] | IANA açıklaması (-04 §7.1.2) "SHA-256" ECDSA bileşeninin iç özetidir; normatif ön-özet Tablo 5'te SHA512 (ÖK §2D m.5: "yanlış ön-özet" tanımlayıcı uygulayıcı hatası sınıfı)
CMP10_onozet_sha256	P2	tedavi-composite	hayır	reject	JOSECOMP §5.1 Tablo 5 “ML-DSA-65-ES256  |ML-DSA-65|ecdsa-with-SHA256|SHA512” (draft-ietf-jose-pq-composite-sigs-04; JOSECOMP.txt:792) ; JOSECOMP §4.3 “M' <- Prefix || Label || 0x00 || PH(M)” (draft-ietf-jose-pq-composite-sigs-04; JOSECOMP.txt:493) ; RFC7515 §5.2 (8) “Validate the JWS Signature against the JWS Signing Input” (RFC 7515; RFC7515.txt:873) ; ÖK §4.8 P1 “Mevcut imzaların tümü geçerliyse kabul. İmza silinmesi (soyma) fark edilmez” (ON-KAYIT-TASLAK v0.8; ON-KAYIT-TASLAK.md:776) ; ACM2 Note 51 [T135] “the veriﬁcation function accepting if and only if all signatures are correct” (ECCG ACM v2.0; ACM2.txt:946)	vaka: K7 ikincil (serileştirme / uygulayıcı hatası taklidi) | P2: mevcut imzalardan en az biri geçersiz/izinsiz → tüm-mevcut-geçerli koşulu sağlanmıyor [ML-DSA-65-ES256=geçersiz (iki bileşen SHA-256 ön-özetli M' üzerinde)] | IANA açıklaması (-04 §7.1.2) "SHA-256" ECDSA bileşeninin iç özetidir; normatif ön-özet Tablo 5'te SHA512 (ÖK §2D m.5: "yanlış ön-özet" tanımlayıcı uygulayıcı hatası sınıfı)
CMP10_onozet_sha256	P0	tedavi-composite	hayır	reject	JOSECOMP §5.1 Tablo 5 “ML-DSA-65-ES256  |ML-DSA-65|ecdsa-with-SHA256|SHA512” (draft-ietf-jose-pq-composite-sigs-04; JOSECOMP.txt:792) ; JOSECOMP §4.3 “M' <- Prefix || Label || 0x00 || PH(M)” (draft-ietf-jose-pq-composite-sigs-04; JOSECOMP.txt:493) ; RFC7515 §5.2 [T315] “at least one JWS Signature value MUST successfully validate, or the JWS MUST be considered invalid” (RFC 7515; RFC7515.txt:814-816) ; RFC7515 §5.2 (8) “Validate the JWS Signature against the JWS Signing Input” (RFC 7515; RFC7515.txt:873)	vaka: K7 ikincil (serileştirme / uygulayıcı hatası taklidi) | P0: geçerli izinli imza yok [ML-DSA-65-ES256=geçersiz (iki bileşen SHA-256 ön-özetli M' üzerinde)] | IANA açıklaması (-04 §7.1.2) "SHA-256" ECDSA bileşeninin iç özetidir; normatif ön-özet Tablo 5'te SHA512 (ÖK §2D m.5: "yanlış ön-özet" tanımlayıcı uygulayıcı hatası sınıfı)
CMP11_bos_ctx_uzunlugu_yok	L4	tedavi-composite	hayır	reject	JOSECOMP §4.3 “M' <- Prefix || Label || 0x00 || PH(M)” (draft-ietf-jose-pq-composite-sigs-04; JOSECOMP.txt:493) ; JOSECOMP §4.2 “the byte 0x00 is appended in the message M' after the label to indicate the context has length 0” (draft-ietf-jose-pq-composite-sigs-04; JOSECOMP.txt:439-441) ; RFC7515 §5.2 (8) “Validate the JWS Signature against the JWS Signing Input” (RFC 7515; RFC7515.txt:873) ; ÖK §4.8 P1 “Mevcut imzaların tümü geçerliyse kabul. İmza silinmesi (soyma) fark edilmez” (ON-KAYIT-TASLAK v0.8; ON-KAYIT-TASLAK.md:776) ; ACM2 Note 51 [T135] “the veriﬁcation function accepting if and only if all signatures are correct” (ECCG ACM v2.0; ACM2.txt:946) ; ÖK §6.5 “İhraççı başına gerekli küme R = {X}, izinli küme {A, X}.” (ON-KAYIT-TASLAK v0.8; ON-KAYIT-TASLAK.md:1054)	vaka: K7 ikincil (serileştirme / uygulayıcı hatası taklidi) | L4: mevcut imzalardan en az biri geçersiz/izinsiz → tüm-mevcut-geçerli koşulu sağlanmıyor [ML-DSA-65-ES256=geçersiz (M' içinde 0x00 yok)]
CMP11_bos_ctx_uzunlugu_yok	P2	tedavi-composite	hayır	reject	JOSECOMP §4.3 “M' <- Prefix || Label || 0x00 || PH(M)” (draft-ietf-jose-pq-composite-sigs-04; JOSECOMP.txt:493) ; JOSECOMP §4.2 “the byte 0x00 is appended in the message M' after the label to indicate the context has length 0” (draft-ietf-jose-pq-composite-sigs-04; JOSECOMP.txt:439-441) ; RFC7515 §5.2 (8) “Validate the JWS Signature against the JWS Signing Input” (RFC 7515; RFC7515.txt:873) ; ÖK §4.8 P1 “Mevcut imzaların tümü geçerliyse kabul. İmza silinmesi (soyma) fark edilmez” (ON-KAYIT-TASLAK v0.8; ON-KAYIT-TASLAK.md:776) ; ACM2 Note 51 [T135] “the veriﬁcation function accepting if and only if all signatures are correct” (ECCG ACM v2.0; ACM2.txt:946)	vaka: K7 ikincil (serileştirme / uygulayıcı hatası taklidi) | P2: mevcut imzalardan en az biri geçersiz/izinsiz → tüm-mevcut-geçerli koşulu sağlanmıyor [ML-DSA-65-ES256=geçersiz (M' içinde 0x00 yok)]
CMP11_bos_ctx_uzunlugu_yok	P0	tedavi-composite	hayır	reject	JOSECOMP §4.3 “M' <- Prefix || Label || 0x00 || PH(M)” (draft-ietf-jose-pq-composite-sigs-04; JOSECOMP.txt:493) ; JOSECOMP §4.2 “the byte 0x00 is appended in the message M' after the label to indicate the context has length 0” (draft-ietf-jose-pq-composite-sigs-04; JOSECOMP.txt:439-441) ; RFC7515 §5.2 [T315] “at least one JWS Signature value MUST successfully validate, or the JWS MUST be considered invalid” (RFC 7515; RFC7515.txt:814-816) ; RFC7515 §5.2 (8) “Validate the JWS Signature against the JWS Signing Input” (RFC 7515; RFC7515.txt:873)	vaka: K7 ikincil (serileştirme / uygulayıcı hatası taklidi) | P0: geçerli izinli imza yok [ML-DSA-65-ES256=geçersiz (M' içinde 0x00 yok)]
CMP12_ayrilabilirlik_ecdsa_ES256	L4	tedavi-composite	hayır	reject	RFC7515 §5.2 (8) “Validate the JWS Signature against the JWS Signing Input” (RFC 7515; RFC7515.txt:873) ; JOSECOMP §6.3 [T347] “signatures cannot be removed from the composite and used in other contexts” (draft-ietf-jose-pq-composite-sigs-04; JOSECOMP.txt:1075-1077) ; JOSECOMP §6.2 [T057] “MUST NOT use, import, or export component keys that are used in other contexts, combinations, or as standalone keys” (draft-ietf-jose-pq-composite-sigs-04; JOSECOMP.txt:1045-1047) ; JOSECOMP §4.2 “used by a traditional verifier to detect if the composite signature has been stripped apart” (draft-ietf-jose-pq-composite-sigs-04; JOSECOMP.txt:417-419) ; ÖK §4.8 P1 “Mevcut imzaların tümü geçerliyse kabul. İmza silinmesi (soyma) fark edilmez” (ON-KAYIT-TASLAK v0.8; ON-KAYIT-TASLAK.md:776) ; ACM2 Note 51 [T135] “the veriﬁcation function accepting if and only if all signatures are correct” (ECCG ACM v2.0; ACM2.txt:946) ; ÖK §6.5 “İhraççı başına gerekli küme R = {X}, izinli küme {A, X}.” (ON-KAYIT-TASLAK v0.8; ON-KAYIT-TASLAK.md:1054)	vaka: K10 ikincil (bileşen anahtarı bağımsız anahtar olarak) | L4: mevcut imzalardan en az biri geçersiz/izinsiz → tüm-mevcut-geçerli koşulu sağlanmıyor [ES256=geçersiz (ECDSA bileşeni M' üzerinde; JWS imzalama girdisi üzerinde değil)]
CMP12_ayrilabilirlik_ecdsa_ES256	P2	tedavi-composite	hayır	reject	RFC7515 §5.2 (8) “Validate the JWS Signature against the JWS Signing Input” (RFC 7515; RFC7515.txt:873) ; JOSECOMP §6.3 [T347] “signatures cannot be removed from the composite and used in other contexts” (draft-ietf-jose-pq-composite-sigs-04; JOSECOMP.txt:1075-1077) ; JOSECOMP §6.2 [T057] “MUST NOT use, import, or export component keys that are used in other contexts, combinations, or as standalone keys” (draft-ietf-jose-pq-composite-sigs-04; JOSECOMP.txt:1045-1047) ; JOSECOMP §4.2 “used by a traditional verifier to detect if the composite signature has been stripped apart” (draft-ietf-jose-pq-composite-sigs-04; JOSECOMP.txt:417-419) ; ÖK §4.8 P1 “Mevcut imzaların tümü geçerliyse kabul. İmza silinmesi (soyma) fark edilmez” (ON-KAYIT-TASLAK v0.8; ON-KAYIT-TASLAK.md:776) ; ACM2 Note 51 [T135] “the veriﬁcation function accepting if and only if all signatures are correct” (ECCG ACM v2.0; ACM2.txt:946)	vaka: K10 ikincil (bileşen anahtarı bağımsız anahtar olarak) | P2: mevcut imzalardan en az biri geçersiz/izinsiz → tüm-mevcut-geçerli koşulu sağlanmıyor [ES256=geçersiz (ECDSA bileşeni M' üzerinde; JWS imzalama girdisi üzerinde değil)]
CMP12_ayrilabilirlik_ecdsa_ES256	P0	tedavi-composite	hayır	reject	RFC7515 §5.2 (8) “Validate the JWS Signature against the JWS Signing Input” (RFC 7515; RFC7515.txt:873) ; JOSECOMP §6.3 [T347] “signatures cannot be removed from the composite and used in other contexts” (draft-ietf-jose-pq-composite-sigs-04; JOSECOMP.txt:1075-1077) ; JOSECOMP §6.2 [T057] “MUST NOT use, import, or export component keys that are used in other contexts, combinations, or as standalone keys” (draft-ietf-jose-pq-composite-sigs-04; JOSECOMP.txt:1045-1047) ; JOSECOMP §4.2 “used by a traditional verifier to detect if the composite signature has been stripped apart” (draft-ietf-jose-pq-composite-sigs-04; JOSECOMP.txt:417-419) ; RFC7515 §5.2 [T315] “at least one JWS Signature value MUST successfully validate, or the JWS MUST be considered invalid” (RFC 7515; RFC7515.txt:814-816)	vaka: K10 ikincil (bileşen anahtarı bağımsız anahtar olarak) | P0: geçerli izinli imza yok [ES256=geçersiz (ECDSA bileşeni M' üzerinde; JWS imzalama girdisi üzerinde değil)]
CMP13_ayrilabilirlik_ml_MLDSA65	L4	tedavi-composite	hayır	reject	RFC7515 §5.2 (8) “Validate the JWS Signature against the JWS Signing Input” (RFC 7515; RFC7515.txt:873) ; RFC9964 §5 [T338] “The ctx parameter MUST be the empty string” (RFC 9964; RFC9964.txt:219-220) ; JOSECOMP §6.3 [T347] “signatures cannot be removed from the composite and used in other contexts” (draft-ietf-jose-pq-composite-sigs-04; JOSECOMP.txt:1075-1077) ; JOSECOMP §6.2 [T057] “MUST NOT use, import, or export component keys that are used in other contexts, combinations, or as standalone keys” (draft-ietf-jose-pq-composite-sigs-04; JOSECOMP.txt:1045-1047) ; JWTBCP §3.1 [T327] “MUST NOT employ any algorithms outside this configured set” (draft-ietf-oauth-rfc8725bis-10; JWTBCP.txt:463-466) ; RFC7515 §4.1.1 [T319] “The JWS Signature value is not valid if the "alg" value does not represent a supported algorithm or if there is not a key for use with that algorithm” (RFC 7515; RFC7515.txt:508-510) ; ÖK §4.8 P1 “Mevcut imzaların tümü geçerliyse kabul. İmza silinmesi (soyma) fark edilmez” (ON-KAYIT-TASLAK v0.8; ON-KAYIT-TASLAK.md:776) ; ACM2 Note 51 [T135] “the veriﬁcation function accepting if and only if all signatures are correct” (ECCG ACM v2.0; ACM2.txt:946) ; ÖK §6.5 “İhraççı başına gerekli küme R = {X}, izinli küme {A, X}.” (ON-KAYIT-TASLAK v0.8; ON-KAYIT-TASLAK.md:1054)	vaka: K10 ikincil (bileşen anahtarı bağımsız anahtar olarak) | L4: mevcut imzalardan en az biri geçersiz/izinsiz → tüm-mevcut-geçerli koşulu sağlanmıyor [ML-DSA-65=izinsiz (ML-DSA bileşeni M' ve ctx=Label üzerinde)]
CMP13_ayrilabilirlik_ml_MLDSA65	P2	tedavi-composite	hayır	reject	RFC7515 §5.2 (8) “Validate the JWS Signature against the JWS Signing Input” (RFC 7515; RFC7515.txt:873) ; RFC9964 §5 [T338] “The ctx parameter MUST be the empty string” (RFC 9964; RFC9964.txt:219-220) ; JOSECOMP §6.3 [T347] “signatures cannot be removed from the composite and used in other contexts” (draft-ietf-jose-pq-composite-sigs-04; JOSECOMP.txt:1075-1077) ; JOSECOMP §6.2 [T057] “MUST NOT use, import, or export component keys that are used in other contexts, combinations, or as standalone keys” (draft-ietf-jose-pq-composite-sigs-04; JOSECOMP.txt:1045-1047) ; JWTBCP §3.1 [T327] “MUST NOT employ any algorithms outside this configured set” (draft-ietf-oauth-rfc8725bis-10; JWTBCP.txt:463-466) ; RFC7515 §4.1.1 [T319] “The JWS Signature value is not valid if the "alg" value does not represent a supported algorithm or if there is not a key for use with that algorithm” (RFC 7515; RFC7515.txt:508-510) ; ÖK §4.8 P1 “Mevcut imzaların tümü geçerliyse kabul. İmza silinmesi (soyma) fark edilmez” (ON-KAYIT-TASLAK v0.8; ON-KAYIT-TASLAK.md:776) ; ACM2 Note 51 [T135] “the veriﬁcation function accepting if and only if all signatures are correct” (ECCG ACM v2.0; ACM2.txt:946)	vaka: K10 ikincil (bileşen anahtarı bağımsız anahtar olarak) | P2: mevcut imzalardan en az biri geçersiz/izinsiz → tüm-mevcut-geçerli koşulu sağlanmıyor [ML-DSA-65=izinsiz (ML-DSA bileşeni M' ve ctx=Label üzerinde)]
CMP13_ayrilabilirlik_ml_MLDSA65	P0	tedavi-composite	hayır	reject	RFC7515 §5.2 (8) “Validate the JWS Signature against the JWS Signing Input” (RFC 7515; RFC7515.txt:873) ; RFC9964 §5 [T338] “The ctx parameter MUST be the empty string” (RFC 9964; RFC9964.txt:219-220) ; JOSECOMP §6.3 [T347] “signatures cannot be removed from the composite and used in other contexts” (draft-ietf-jose-pq-composite-sigs-04; JOSECOMP.txt:1075-1077) ; JOSECOMP §6.2 [T057] “MUST NOT use, import, or export component keys that are used in other contexts, combinations, or as standalone keys” (draft-ietf-jose-pq-composite-sigs-04; JOSECOMP.txt:1045-1047) ; RFC7515 §5.2 [T315] “at least one JWS Signature value MUST successfully validate, or the JWS MUST be considered invalid” (RFC 7515; RFC7515.txt:814-816) ; JWTBCP §3.1 [T327] “MUST NOT employ any algorithms outside this configured set” (draft-ietf-oauth-rfc8725bis-10; JWTBCP.txt:463-466) ; RFC7515 §4.1.1 [T319] “The JWS Signature value is not valid if the "alg" value does not represent a supported algorithm or if there is not a key for use with that algorithm” (RFC 7515; RFC7515.txt:508-510)	vaka: K10 ikincil (bileşen anahtarı bağımsız anahtar olarak) | P0: geçerli izinli imza yok [ML-DSA-65=izinsiz (ML-DSA bileşeni M' ve ctx=Label üzerinde)]
CMP14_ed25519_ml_bileseni_bozuk	L4	tedavi-composite	hayır	reject	JOSECOMP §4.3 [T345] “MUST validate a signature only if all component signatures were successfully validated” (draft-ietf-jose-pq-composite-sigs-04; JOSECOMP.txt:452-453) ; JWTBCP §3.1 [T327] “MUST NOT employ any algorithms outside this configured set” (draft-ietf-oauth-rfc8725bis-10; JWTBCP.txt:463-466) ; RFC7515 §4.1.1 [T319] “The JWS Signature value is not valid if the "alg" value does not represent a supported algorithm or if there is not a key for use with that algorithm” (RFC 7515; RFC7515.txt:508-510) ; ÖK §4.8 P1 “Mevcut imzaların tümü geçerliyse kabul. İmza silinmesi (soyma) fark edilmez” (ON-KAYIT-TASLAK v0.8; ON-KAYIT-TASLAK.md:776) ; ACM2 Note 51 [T135] “the veriﬁcation function accepting if and only if all signatures are correct” (ECCG ACM v2.0; ACM2.txt:946) ; ÖK §6.5 “İhraççı başına gerekli küme R = {X}, izinli küme {A, X}.” (ON-KAYIT-TASLAK v0.8; ON-KAYIT-TASLAK.md:1054)	vaka: eşleme dışı (aile CMP, kol kapsam-hibrit) | L4: mevcut imzalardan en az biri geçersiz/izinsiz → tüm-mevcut-geçerli koşulu sağlanmıyor [ML-DSA-65-Ed25519=izinsiz (ML-DSA bileşeni bozuk)]
CMP14_ed25519_ml_bileseni_bozuk	P2	tedavi-composite	hayır	reject	JOSECOMP §4.3 [T345] “MUST validate a signature only if all component signatures were successfully validated” (draft-ietf-jose-pq-composite-sigs-04; JOSECOMP.txt:452-453) ; JWTBCP §3.1 [T327] “MUST NOT employ any algorithms outside this configured set” (draft-ietf-oauth-rfc8725bis-10; JWTBCP.txt:463-466) ; RFC7515 §4.1.1 [T319] “The JWS Signature value is not valid if the "alg" value does not represent a supported algorithm or if there is not a key for use with that algorithm” (RFC 7515; RFC7515.txt:508-510) ; ÖK §4.8 P1 “Mevcut imzaların tümü geçerliyse kabul. İmza silinmesi (soyma) fark edilmez” (ON-KAYIT-TASLAK v0.8; ON-KAYIT-TASLAK.md:776) ; ACM2 Note 51 [T135] “the veriﬁcation function accepting if and only if all signatures are correct” (ECCG ACM v2.0; ACM2.txt:946)	vaka: eşleme dışı (aile CMP, kol kapsam-hibrit) | P2: mevcut imzalardan en az biri geçersiz/izinsiz → tüm-mevcut-geçerli koşulu sağlanmıyor [ML-DSA-65-Ed25519=izinsiz (ML-DSA bileşeni bozuk)]
CMP14_ed25519_ml_bileseni_bozuk	P0	tedavi-composite	hayır	reject	JOSECOMP §4.3 [T345] “MUST validate a signature only if all component signatures were successfully validated” (draft-ietf-jose-pq-composite-sigs-04; JOSECOMP.txt:452-453) ; RFC7515 §5.2 [T315] “at least one JWS Signature value MUST successfully validate, or the JWS MUST be considered invalid” (RFC 7515; RFC7515.txt:814-816) ; JWTBCP §3.1 [T327] “MUST NOT employ any algorithms outside this configured set” (draft-ietf-oauth-rfc8725bis-10; JWTBCP.txt:463-466) ; RFC7515 §4.1.1 [T319] “The JWS Signature value is not valid if the "alg" value does not represent a supported algorithm or if there is not a key for use with that algorithm” (RFC 7515; RFC7515.txt:508-510)	vaka: eşleme dışı (aile CMP, kol kapsam-hibrit) | P0: geçerli izinli imza yok [ML-DSA-65-Ed25519=izinsiz (ML-DSA bileşeni bozuk)]
CMP15_ed25519_eddsa_bileseni_bozuk	L4	tedavi-composite	hayır	reject	JOSECOMP §4.3 [T345] “MUST validate a signature only if all component signatures were successfully validated” (draft-ietf-jose-pq-composite-sigs-04; JOSECOMP.txt:452-453) ; JWTBCP §3.1 [T327] “MUST NOT employ any algorithms outside this configured set” (draft-ietf-oauth-rfc8725bis-10; JWTBCP.txt:463-466) ; RFC7515 §4.1.1 [T319] “The JWS Signature value is not valid if the "alg" value does not represent a supported algorithm or if there is not a key for use with that algorithm” (RFC 7515; RFC7515.txt:508-510) ; ÖK §4.8 P1 “Mevcut imzaların tümü geçerliyse kabul. İmza silinmesi (soyma) fark edilmez” (ON-KAYIT-TASLAK v0.8; ON-KAYIT-TASLAK.md:776) ; ACM2 Note 51 [T135] “the veriﬁcation function accepting if and only if all signatures are correct” (ECCG ACM v2.0; ACM2.txt:946) ; ÖK §6.5 “İhraççı başına gerekli küme R = {X}, izinli küme {A, X}.” (ON-KAYIT-TASLAK v0.8; ON-KAYIT-TASLAK.md:1054)	vaka: eşleme dışı (aile CMP, kol kapsam-hibrit) | L4: mevcut imzalardan en az biri geçersiz/izinsiz → tüm-mevcut-geçerli koşulu sağlanmıyor [ML-DSA-65-Ed25519=izinsiz (Ed25519 bileşeni bozuk)]
CMP15_ed25519_eddsa_bileseni_bozuk	P2	tedavi-composite	hayır	reject	JOSECOMP §4.3 [T345] “MUST validate a signature only if all component signatures were successfully validated” (draft-ietf-jose-pq-composite-sigs-04; JOSECOMP.txt:452-453) ; JWTBCP §3.1 [T327] “MUST NOT employ any algorithms outside this configured set” (draft-ietf-oauth-rfc8725bis-10; JWTBCP.txt:463-466) ; RFC7515 §4.1.1 [T319] “The JWS Signature value is not valid if the "alg" value does not represent a supported algorithm or if there is not a key for use with that algorithm” (RFC 7515; RFC7515.txt:508-510) ; ÖK §4.8 P1 “Mevcut imzaların tümü geçerliyse kabul. İmza silinmesi (soyma) fark edilmez” (ON-KAYIT-TASLAK v0.8; ON-KAYIT-TASLAK.md:776) ; ACM2 Note 51 [T135] “the veriﬁcation function accepting if and only if all signatures are correct” (ECCG ACM v2.0; ACM2.txt:946)	vaka: eşleme dışı (aile CMP, kol kapsam-hibrit) | P2: mevcut imzalardan en az biri geçersiz/izinsiz → tüm-mevcut-geçerli koşulu sağlanmıyor [ML-DSA-65-Ed25519=izinsiz (Ed25519 bileşeni bozuk)]
CMP15_ed25519_eddsa_bileseni_bozuk	P0	tedavi-composite	hayır	reject	JOSECOMP §4.3 [T345] “MUST validate a signature only if all component signatures were successfully validated” (draft-ietf-jose-pq-composite-sigs-04; JOSECOMP.txt:452-453) ; RFC7515 §5.2 [T315] “at least one JWS Signature value MUST successfully validate, or the JWS MUST be considered invalid” (RFC 7515; RFC7515.txt:814-816) ; JWTBCP §3.1 [T327] “MUST NOT employ any algorithms outside this configured set” (draft-ietf-oauth-rfc8725bis-10; JWTBCP.txt:463-466) ; RFC7515 §4.1.1 [T319] “The JWS Signature value is not valid if the "alg" value does not represent a supported algorithm or if there is not a key for use with that algorithm” (RFC 7515; RFC7515.txt:508-510)	vaka: eşleme dışı (aile CMP, kol kapsam-hibrit) | P0: geçerli izinli imza yok [ML-DSA-65-Ed25519=izinsiz (Ed25519 bileşeni bozuk)]
CMP16_bilesen_sirasi_ters	L4	tedavi-composite	hayır	reject	JOSECOMP §4.2 “the two components MUST be in the same order as the components from the corresponding signing key” (draft-ietf-jose-pq-composite-sigs-04; JOSECOMP.txt:334-336) ; JOSECOMP §4.4 “Signature of the 1st Algorithm || Signature of the 2nd Algorithm” (draft-ietf-jose-pq-composite-sigs-04; JOSECOMP.txt:517) ; RFC7515 §5.2 (8) “Validate the JWS Signature against the JWS Signing Input” (RFC 7515; RFC7515.txt:873) ; ÖK §4.8 P1 “Mevcut imzaların tümü geçerliyse kabul. İmza silinmesi (soyma) fark edilmez” (ON-KAYIT-TASLAK v0.8; ON-KAYIT-TASLAK.md:776) ; ACM2 Note 51 [T135] “the veriﬁcation function accepting if and only if all signatures are correct” (ECCG ACM v2.0; ACM2.txt:946) ; ÖK §6.5 “İhraççı başına gerekli küme R = {X}, izinli küme {A, X}.” (ON-KAYIT-TASLAK v0.8; ON-KAYIT-TASLAK.md:1054)	vaka: K7 ikincil (serileştirme / uygulayıcı hatası taklidi) | L4: mevcut imzalardan en az biri geçersiz/izinsiz → tüm-mevcut-geçerli koşulu sağlanmıyor [ML-DSA-65-ES256=geçersiz (bileşen sırası ters (tradSig || mldsaSig))]
CMP16_bilesen_sirasi_ters	P2	tedavi-composite	hayır	reject	JOSECOMP §4.2 “the two components MUST be in the same order as the components from the corresponding signing key” (draft-ietf-jose-pq-composite-sigs-04; JOSECOMP.txt:334-336) ; JOSECOMP §4.4 “Signature of the 1st Algorithm || Signature of the 2nd Algorithm” (draft-ietf-jose-pq-composite-sigs-04; JOSECOMP.txt:517) ; RFC7515 §5.2 (8) “Validate the JWS Signature against the JWS Signing Input” (RFC 7515; RFC7515.txt:873) ; ÖK §4.8 P1 “Mevcut imzaların tümü geçerliyse kabul. İmza silinmesi (soyma) fark edilmez” (ON-KAYIT-TASLAK v0.8; ON-KAYIT-TASLAK.md:776) ; ACM2 Note 51 [T135] “the veriﬁcation function accepting if and only if all signatures are correct” (ECCG ACM v2.0; ACM2.txt:946)	vaka: K7 ikincil (serileştirme / uygulayıcı hatası taklidi) | P2: mevcut imzalardan en az biri geçersiz/izinsiz → tüm-mevcut-geçerli koşulu sağlanmıyor [ML-DSA-65-ES256=geçersiz (bileşen sırası ters (tradSig || mldsaSig))]
CMP16_bilesen_sirasi_ters	P0	tedavi-composite	hayır	reject	JOSECOMP §4.2 “the two components MUST be in the same order as the components from the corresponding signing key” (draft-ietf-jose-pq-composite-sigs-04; JOSECOMP.txt:334-336) ; JOSECOMP §4.4 “Signature of the 1st Algorithm || Signature of the 2nd Algorithm” (draft-ietf-jose-pq-composite-sigs-04; JOSECOMP.txt:517) ; RFC7515 §5.2 [T315] “at least one JWS Signature value MUST successfully validate, or the JWS MUST be considered invalid” (RFC 7515; RFC7515.txt:814-816) ; RFC7515 §5.2 (8) “Validate the JWS Signature against the JWS Signing Input” (RFC 7515; RFC7515.txt:873)	vaka: K7 ikincil (serileştirme / uygulayıcı hatası taklidi) | P0: geçerli izinli imza yok [ML-DSA-65-ES256=geçersiz (bileşen sırası ters (tradSig || mldsaSig))]
X5C01_klasik_zincir	L4	tedavi-composite	hayır	reject	ÖK §6.5 “İhraççı başına gerekli küme R = {X}, izinli küme {A, X}.” (ON-KAYIT-TASLAK v0.8; ON-KAYIT-TASLAK.md:1054) ; JWTBCP §3.1 [T328] “MUST determine which algorithms are permitted for itself and that issuer and ensure that the received JWT complies with those requirements” (draft-ietf-oauth-rfc8725bis-10; JWTBCP.txt:482-485) ; ÖK §4.7 G5 “Göç etmiş bir varlık, ilan ettiği eski-sürüm penceresi dışında yalnız klasik kanıtla kabul edilemez.” (ON-KAYIT-TASLAK v0.8; ON-KAYIT-TASLAK.md:767) ; ÖK §2B m.6 (L4c) “Göç etmiş ihraççının yalnız klasik imzalı belgesi reddedilir, eski ihraççının klasik imzalı belgesi kabul edilir.” (ON-KAYIT-TASLAK v0.8; ON-KAYIT-TASLAK.md:256)	vaka: eşleme dışı (aile X5C, kol klasik-taban) | L4: R={ML-DSA-65-ES256} için geçerli imza yok (yalnız klasik kanıt; G5) [ES256=geçerli] | sdjwtvc: -13/-19 aynı
X5C01_klasik_zincir	P2	tedavi-composite	hayır	accept-classical	ÖK §4.8 P1 “Mevcut imzaların tümü geçerliyse kabul. İmza silinmesi (soyma) fark edilmez” (ON-KAYIT-TASLAK v0.8; ON-KAYIT-TASLAK.md:776) ; ÖK §4.8 P2 “P1 + her imza, anahtarının bağlı olduğu algoritmayla doğrulanır” (ON-KAYIT-TASLAK v0.8; ON-KAYIT-TASLAK.md:777) ; RFC7515 §5.2 [T314] “it is an application decision which of the JWS Signature values must successfully validate” (RFC 7515; RFC7515.txt:810-812) ; RFC9901 §7.1 (2b) “Validate the signature over the Issuer-signed JWT per Section 5.2 of [RFC7515].” (RFC 9901; RFC9901.txt:1667-1668) ; RFC7515 §4.1.6 [T038] “The recipient MUST validate the certificate chain according to RFC 5280” (RFC 7515; RFC7515.txt:596-597)	vaka: eşleme dışı (aile X5C, kol klasik-taban) | P2: mevcut tüm imzalar geçerli (R=∅) [ES256=geçerli] | sdjwtvc: -13/-19 aynı
X5C01_klasik_zincir	P0	tedavi-composite	hayır	accept-classical	RFC7515 §5.2 [T315] “at least one JWS Signature value MUST successfully validate, or the JWS MUST be considered invalid” (RFC 7515; RFC7515.txt:814-816) ; RFC7515 §5.2 [T314] “it is an application decision which of the JWS Signature values must successfully validate” (RFC 7515; RFC7515.txt:810-812) ; ÖK §4.8 P0 “En az bir imza geçerliyse kabul” (ON-KAYIT-TASLAK v0.8; ON-KAYIT-TASLAK.md:775) ; RFC9901 §7.1 (2b) “Validate the signature over the Issuer-signed JWT per Section 5.2 of [RFC7515].” (RFC 9901; RFC9901.txt:1667-1668) ; RFC7515 §4.1.6 [T038] “The recipient MUST validate the certificate chain according to RFC 5280” (RFC 7515; RFC7515.txt:596-597)	vaka: eşleme dışı (aile X5C, kol klasik-taban) | P0: en az bir izinli imza geçerli [ES256=geçerli] | sdjwtvc: -13/-19 aynı
X5C03_karisik_klasik_yaprak_pq_ara	L4	tedavi-composite	hayır	reject	ÖK §6.5 “İhraççı başına gerekli küme R = {X}, izinli küme {A, X}.” (ON-KAYIT-TASLAK v0.8; ON-KAYIT-TASLAK.md:1054) ; JWTBCP §3.1 [T328] “MUST determine which algorithms are permitted for itself and that issuer and ensure that the received JWT complies with those requirements” (draft-ietf-oauth-rfc8725bis-10; JWTBCP.txt:482-485) ; ÖK §4.7 G5 “Göç etmiş bir varlık, ilan ettiği eski-sürüm penceresi dışında yalnız klasik kanıtla kabul edilemez.” (ON-KAYIT-TASLAK v0.8; ON-KAYIT-TASLAK.md:767) ; ÖK §2B m.6 (L4c) “Göç etmiş ihraççının yalnız klasik imzalı belgesi reddedilir, eski ihraççının klasik imzalı belgesi kabul edilir.” (ON-KAYIT-TASLAK v0.8; ON-KAYIT-TASLAK.md:256)	vaka: eşleme dışı (aile X5C, kol klasik-taban) | L4: R={ML-DSA-65-ES256} için geçerli imza yok (yalnız klasik kanıt; G5) [ES256=geçerli] | sdjwtvc: -13/-19 aynı
X5C03_karisik_klasik_yaprak_pq_ara	P2	tedavi-composite	hayır	accept-classical	ÖK §4.8 P1 “Mevcut imzaların tümü geçerliyse kabul. İmza silinmesi (soyma) fark edilmez” (ON-KAYIT-TASLAK v0.8; ON-KAYIT-TASLAK.md:776) ; ÖK §4.8 P2 “P1 + her imza, anahtarının bağlı olduğu algoritmayla doğrulanır” (ON-KAYIT-TASLAK v0.8; ON-KAYIT-TASLAK.md:777) ; RFC7515 §5.2 [T314] “it is an application decision which of the JWS Signature values must successfully validate” (RFC 7515; RFC7515.txt:810-812) ; RFC9901 §7.1 (2b) “Validate the signature over the Issuer-signed JWT per Section 5.2 of [RFC7515].” (RFC 9901; RFC9901.txt:1667-1668) ; RFC7515 §4.1.6 [T038] “The recipient MUST validate the certificate chain according to RFC 5280” (RFC 7515; RFC7515.txt:596-597)	vaka: eşleme dışı (aile X5C, kol klasik-taban) | P2: mevcut tüm imzalar geçerli (R=∅) [ES256=geçerli] | sdjwtvc: -13/-19 aynı
X5C03_karisik_klasik_yaprak_pq_ara	P0	tedavi-composite	hayır	accept-classical	RFC7515 §5.2 [T315] “at least one JWS Signature value MUST successfully validate, or the JWS MUST be considered invalid” (RFC 7515; RFC7515.txt:814-816) ; RFC7515 §5.2 [T314] “it is an application decision which of the JWS Signature values must successfully validate” (RFC 7515; RFC7515.txt:810-812) ; ÖK §4.8 P0 “En az bir imza geçerliyse kabul” (ON-KAYIT-TASLAK v0.8; ON-KAYIT-TASLAK.md:775) ; RFC9901 §7.1 (2b) “Validate the signature over the Issuer-signed JWT per Section 5.2 of [RFC7515].” (RFC 9901; RFC9901.txt:1667-1668) ; RFC7515 §4.1.6 [T038] “The recipient MUST validate the certificate chain according to RFC 5280” (RFC 7515; RFC7515.txt:596-597)	vaka: eşleme dışı (aile X5C, kol klasik-taban) | P0: en az bir izinli imza geçerli [ES256=geçerli] | sdjwtvc: -13/-19 aynı
X5C04_karisik_pq_yaprak_klasik_ara	L4	tedavi-composite	evet	reject	JWTBCP §3.1 [T327] “MUST NOT employ any algorithms outside this configured set” (draft-ietf-oauth-rfc8725bis-10; JWTBCP.txt:463-466) ; RFC7515 §4.1.1 [T319] “The JWS Signature value is not valid if the "alg" value does not represent a supported algorithm or if there is not a key for use with that algorithm” (RFC 7515; RFC7515.txt:508-510) ; ÖK §4.8 P1 “Mevcut imzaların tümü geçerliyse kabul. İmza silinmesi (soyma) fark edilmez” (ON-KAYIT-TASLAK v0.8; ON-KAYIT-TASLAK.md:776) ; ACM2 Note 51 [T135] “the veriﬁcation function accepting if and only if all signatures are correct” (ECCG ACM v2.0; ACM2.txt:946) ; ÖK §6.5 “İhraççı başına gerekli küme R = {X}, izinli küme {A, X}.” (ON-KAYIT-TASLAK v0.8; ON-KAYIT-TASLAK.md:1054) ; ÖK §6.5 K8 “Bayrak B2” (ON-KAYIT-TASLAK v0.8; ON-KAYIT-TASLAK.md:1065)	vaka: K8 birincil (composite sütunu; UYARLANMIŞ: yaprak composite değil ML-DSA-65) | L4: mevcut imzalardan en az biri geçersiz/izinsiz → tüm-mevcut-geçerli koşulu sağlanmıyor [ML-DSA-65=izinsiz] | UYARLAMA YAN ETKİSİ: vektör ML-DSA-65 imzalı; composite kolunun izinli kümesinde ML-DSA-65 yok → bu kolda karar izin listesinden gelir, B2/B3 davranışı ölçülemez (NOTLAR N3) | sdjwtvc: -13/-19 aynı
X5C04_karisik_pq_yaprak_klasik_ara	P2	tedavi-composite	evet	reject	JWTBCP §3.1 [T327] “MUST NOT employ any algorithms outside this configured set” (draft-ietf-oauth-rfc8725bis-10; JWTBCP.txt:463-466) ; RFC7515 §4.1.1 [T319] “The JWS Signature value is not valid if the "alg" value does not represent a supported algorithm or if there is not a key for use with that algorithm” (RFC 7515; RFC7515.txt:508-510) ; ÖK §4.8 P1 “Mevcut imzaların tümü geçerliyse kabul. İmza silinmesi (soyma) fark edilmez” (ON-KAYIT-TASLAK v0.8; ON-KAYIT-TASLAK.md:776) ; ACM2 Note 51 [T135] “the veriﬁcation function accepting if and only if all signatures are correct” (ECCG ACM v2.0; ACM2.txt:946)	vaka: K8 birincil (composite sütunu; UYARLANMIŞ: yaprak composite değil ML-DSA-65) | P2: mevcut imzalardan en az biri geçersiz/izinsiz → tüm-mevcut-geçerli koşulu sağlanmıyor [ML-DSA-65=izinsiz] | UYARLAMA YAN ETKİSİ: vektör ML-DSA-65 imzalı; composite kolunun izinli kümesinde ML-DSA-65 yok → bu kolda karar izin listesinden gelir, B2/B3 davranışı ölçülemez (NOTLAR N3) | sdjwtvc: -13/-19 aynı
X5C04_karisik_pq_yaprak_klasik_ara	P0	tedavi-composite	evet	reject	RFC7515 §5.2 [T315] “at least one JWS Signature value MUST successfully validate, or the JWS MUST be considered invalid” (RFC 7515; RFC7515.txt:814-816) ; JWTBCP §3.1 [T327] “MUST NOT employ any algorithms outside this configured set” (draft-ietf-oauth-rfc8725bis-10; JWTBCP.txt:463-466) ; RFC7515 §4.1.1 [T319] “The JWS Signature value is not valid if the "alg" value does not represent a supported algorithm or if there is not a key for use with that algorithm” (RFC 7515; RFC7515.txt:508-510)	vaka: K8 birincil (composite sütunu; UYARLANMIŞ: yaprak composite değil ML-DSA-65) | P0: geçerli izinli imza yok [ML-DSA-65=izinsiz] | UYARLAMA YAN ETKİSİ: vektör ML-DSA-65 imzalı; composite kolunun izinli kümesinde ML-DSA-65 yok → bu kolda karar izin listesinden gelir, B2/B3 davranışı ölçülemez (NOTLAR N3) | sdjwtvc: -13/-19 aynı
X5C07_korumasiz_x5c	L4	tedavi-composite	evet	reject	RFC7515 §6 [T040] “MUST be integrity protected if the information that they convey is to be utilized in a trust decision” (RFC 7515; RFC7515.txt:946-948) ; SDJWTVC13 §3.5 “When the protected header of the Issuer-signed JWT contains the x5c parameter” (draft-ietf-oauth-sd-jwt-vc-13; SDJWTVC13.txt:748-750) ; SDJWTVC13 §3.5 “using a permitted Issuer Signature Mechanism, the SD-JWT VC MUST be rejected” (draft-ietf-oauth-sd-jwt-vc-13; SDJWTVC13.txt:763-764) ; HAIP §6.1.1 [T042] “MUST contain the credential issuer's signing certificate along with a trust chain in the x5c JOSE header parameter” (OpenID4VC HAIP 1.0 Final; HAIP.txt:490) ; ÖK §2D m.1 “zincir davranışı yalnız X5C vektörlerinde, klasik ve ML-DSA zincirleriyle ölçülür” (ON-KAYIT-TASLAK v0.8; ON-KAYIT-TASLAK.md:395) ; ÖK §6.5 K9 “Bayrak B3” (ON-KAYIT-TASLAK v0.8; ON-KAYIT-TASLAK.md:1066)	vaka: K9 birincil (composite sütunu; UYARLANMIŞ: ML-DSA-65 yaprak) | x5c korumasız başlıkta: güven kararı sertifika zincirine (ihraççı = yaprak öznesi) dayandığı için bütünlük koruması zorunlu; -13 §3.5 X.509 mekanizması korumalı başlık ister → izinli mekanizma yok → ret (ayrıca genel kural: reject) | B3 bayrağı: hedefin korumasız x5c'yi işleyip işlemediği ayrıca kaydedilir | UYARLAMA YAN ETKİSİ: vektör ML-DSA-65 imzalı; composite kolunun izinli kümesinde ML-DSA-65 yok → bu kolda karar izin listesinden gelir, B2/B3 davranışı ölçülemez (NOTLAR N3) | sdjwtvc: yalnız -13 tanımlı (manifest)
X5C07_korumasiz_x5c	P2	tedavi-composite	evet	reject	RFC7515 §6 [T040] “MUST be integrity protected if the information that they convey is to be utilized in a trust decision” (RFC 7515; RFC7515.txt:946-948) ; SDJWTVC13 §3.5 “When the protected header of the Issuer-signed JWT contains the x5c parameter” (draft-ietf-oauth-sd-jwt-vc-13; SDJWTVC13.txt:748-750) ; SDJWTVC13 §3.5 “using a permitted Issuer Signature Mechanism, the SD-JWT VC MUST be rejected” (draft-ietf-oauth-sd-jwt-vc-13; SDJWTVC13.txt:763-764) ; HAIP §6.1.1 [T042] “MUST contain the credential issuer's signing certificate along with a trust chain in the x5c JOSE header parameter” (OpenID4VC HAIP 1.0 Final; HAIP.txt:490) ; ÖK §2D m.1 “zincir davranışı yalnız X5C vektörlerinde, klasik ve ML-DSA zincirleriyle ölçülür” (ON-KAYIT-TASLAK v0.8; ON-KAYIT-TASLAK.md:395)	vaka: K9 birincil (composite sütunu; UYARLANMIŞ: ML-DSA-65 yaprak) | x5c korumasız başlıkta: güven kararı sertifika zincirine (ihraççı = yaprak öznesi) dayandığı için bütünlük koruması zorunlu; -13 §3.5 X.509 mekanizması korumalı başlık ister → izinli mekanizma yok → ret (ayrıca genel kural: reject) | B3 bayrağı: hedefin korumasız x5c'yi işleyip işlemediği ayrıca kaydedilir | UYARLAMA YAN ETKİSİ: vektör ML-DSA-65 imzalı; composite kolunun izinli kümesinde ML-DSA-65 yok → bu kolda karar izin listesinden gelir, B2/B3 davranışı ölçülemez (NOTLAR N3) | sdjwtvc: yalnız -13 tanımlı (manifest)
X5C07_korumasiz_x5c	P0	tedavi-composite	evet	reject	RFC7515 §6 [T040] “MUST be integrity protected if the information that they convey is to be utilized in a trust decision” (RFC 7515; RFC7515.txt:946-948) ; SDJWTVC13 §3.5 “When the protected header of the Issuer-signed JWT contains the x5c parameter” (draft-ietf-oauth-sd-jwt-vc-13; SDJWTVC13.txt:748-750) ; SDJWTVC13 §3.5 “using a permitted Issuer Signature Mechanism, the SD-JWT VC MUST be rejected” (draft-ietf-oauth-sd-jwt-vc-13; SDJWTVC13.txt:763-764) ; HAIP §6.1.1 [T042] “MUST contain the credential issuer's signing certificate along with a trust chain in the x5c JOSE header parameter” (OpenID4VC HAIP 1.0 Final; HAIP.txt:490) ; ÖK §2D m.1 “zincir davranışı yalnız X5C vektörlerinde, klasik ve ML-DSA zincirleriyle ölçülür” (ON-KAYIT-TASLAK v0.8; ON-KAYIT-TASLAK.md:395)	vaka: K9 birincil (composite sütunu; UYARLANMIŞ: ML-DSA-65 yaprak) | x5c korumasız başlıkta: güven kararı sertifika zincirine (ihraççı = yaprak öznesi) dayandığı için bütünlük koruması zorunlu; -13 §3.5 X.509 mekanizması korumalı başlık ister → izinli mekanizma yok → ret (ayrıca genel kural: reject) | B3 bayrağı: hedefin korumasız x5c'yi işleyip işlemediği ayrıca kaydedilir | UYARLAMA YAN ETKİSİ: vektör ML-DSA-65 imzalı; composite kolunun izinli kümesinde ML-DSA-65 yok → bu kolda karar izin listesinden gelir, B2/B3 davranışı ölçülemez (NOTLAR N3) | sdjwtvc: yalnız -13 tanımlı (manifest)
REQ01_imzali_ES256_x509_hash	L4	tedavi-composite	hayır	reject	ÖK §6.5 “İhraççı başına gerekli küme R = {X}, izinli küme {A, X}.” (ON-KAYIT-TASLAK v0.8; ON-KAYIT-TASLAK.md:1054) ; JWTBCP §3.1 [T328] “MUST determine which algorithms are permitted for itself and that issuer and ensure that the received JWT complies with those requirements” (draft-ietf-oauth-rfc8725bis-10; JWTBCP.txt:482-485) ; ÖK §4.7 G5 “Göç etmiş bir varlık, ilan ettiği eski-sürüm penceresi dışında yalnız klasik kanıtla kabul edilemez.” (ON-KAYIT-TASLAK v0.8; ON-KAYIT-TASLAK.md:767) ; ÖK §2B m.6 (L4c) “Göç etmiş ihraççının yalnız klasik imzalı belgesi reddedilir, eski ihraççının klasik imzalı belgesi kabul edilir.” (ON-KAYIT-TASLAK v0.8; ON-KAYIT-TASLAK.md:256)	vaka: eşleme dışı (aile REQ, kol klasik-taban) | L4: R={ML-DSA-65-ES256} için geçerli imza yok (yalnız klasik kanıt; G5) [ES256=geçerli] | cüzdan tarafı (IS-PLANI Adım 11 wallet-path); R_I imzalayan RP'ye benzetmeyle uygulandı
REQ01_imzali_ES256_x509_hash	P2	tedavi-composite	hayır	accept-classical	ÖK §4.8 P1 “Mevcut imzaların tümü geçerliyse kabul. İmza silinmesi (soyma) fark edilmez” (ON-KAYIT-TASLAK v0.8; ON-KAYIT-TASLAK.md:776) ; ÖK §4.8 P2 “P1 + her imza, anahtarının bağlı olduğu algoritmayla doğrulanır” (ON-KAYIT-TASLAK v0.8; ON-KAYIT-TASLAK.md:777) ; RFC7515 §5.2 [T314] “it is an application decision which of the JWS Signature values must successfully validate” (RFC 7515; RFC7515.txt:810-812) ; OID4VP §5.9.3 (x509_hash) [T240] “The Wallet MUST validate the signature and the trust chain of the X.509 leaf certificate.” (OpenID4VP 1.0 Final; OID4VP.txt:947)	vaka: eşleme dışı (aile REQ, kol klasik-taban) | P2: mevcut tüm imzalar geçerli (R=∅) [ES256=geçerli] | cüzdan tarafı (IS-PLANI Adım 11 wallet-path); R_I imzalayan RP'ye benzetmeyle uygulandı
REQ01_imzali_ES256_x509_hash	P0	tedavi-composite	hayır	accept-classical	RFC7515 §5.2 [T315] “at least one JWS Signature value MUST successfully validate, or the JWS MUST be considered invalid” (RFC 7515; RFC7515.txt:814-816) ; RFC7515 §5.2 [T314] “it is an application decision which of the JWS Signature values must successfully validate” (RFC 7515; RFC7515.txt:810-812) ; ÖK §4.8 P0 “En az bir imza geçerliyse kabul” (ON-KAYIT-TASLAK v0.8; ON-KAYIT-TASLAK.md:775) ; OID4VP §5.9.3 (x509_hash) [T240] “The Wallet MUST validate the signature and the trust chain of the X.509 leaf certificate.” (OpenID4VP 1.0 Final; OID4VP.txt:947)	vaka: eşleme dışı (aile REQ, kol klasik-taban) | P0: en az bir izinli imza geçerli [ES256=geçerli] | cüzdan tarafı (IS-PLANI Adım 11 wallet-path); R_I imzalayan RP'ye benzetmeyle uygulandı
REQ03_imzali_composite_onkayitli	L4	tedavi-composite	hayır	accept-hybrid	ÖK §6.5 “İhraççı başına gerekli küme R = {X}, izinli küme {A, X}.” (ON-KAYIT-TASLAK v0.8; ON-KAYIT-TASLAK.md:1054) ; JWTBCP §3.1 [T328] “MUST determine which algorithms are permitted for itself and that issuer and ensure that the received JWT complies with those requirements” (draft-ietf-oauth-rfc8725bis-10; JWTBCP.txt:482-485) ; ACM2 Note 51 [T135] “the veriﬁcation function accepting if and only if all signatures are correct” (ECCG ACM v2.0; ACM2.txt:946) ; OID4VP §5.9.2 “the Wallet MUST treat the Client Identifier as referencing a pre-registered client” (OpenID4VP 1.0 Final; OID4VP.txt:882)	vaka: eşleme dışı (aile REQ, kol tedavi-composite) | L4: tüm imzalar geçerli ve R={ML-DSA-65-ES256} karşılandı [ML-DSA-65-ES256=geçerli] | cüzdan tarafı (IS-PLANI Adım 11 wallet-path); R_I imzalayan RP'ye benzetmeyle uygulandı | client_id önekli değil → önceden kayıtlı istemci (M-d); HAIP §5 x509_hash zorunluluğundan sapma
REQ03_imzali_composite_onkayitli	P2	tedavi-composite	hayır	accept-hybrid	ÖK §4.8 P1 “Mevcut imzaların tümü geçerliyse kabul. İmza silinmesi (soyma) fark edilmez” (ON-KAYIT-TASLAK v0.8; ON-KAYIT-TASLAK.md:776) ; ÖK §4.8 P2 “P1 + her imza, anahtarının bağlı olduğu algoritmayla doğrulanır” (ON-KAYIT-TASLAK v0.8; ON-KAYIT-TASLAK.md:777) ; RFC7515 §5.2 [T314] “it is an application decision which of the JWS Signature values must successfully validate” (RFC 7515; RFC7515.txt:810-812) ; OID4VP §5.9.2 “the Wallet MUST treat the Client Identifier as referencing a pre-registered client” (OpenID4VP 1.0 Final; OID4VP.txt:882)	vaka: eşleme dışı (aile REQ, kol tedavi-composite) | P2: mevcut tüm imzalar geçerli (R=∅) [ML-DSA-65-ES256=geçerli] | cüzdan tarafı (IS-PLANI Adım 11 wallet-path); R_I imzalayan RP'ye benzetmeyle uygulandı | client_id önekli değil → önceden kayıtlı istemci (M-d); HAIP §5 x509_hash zorunluluğundan sapma
REQ03_imzali_composite_onkayitli	P0	tedavi-composite	hayır	accept-hybrid	RFC7515 §5.2 [T315] “at least one JWS Signature value MUST successfully validate, or the JWS MUST be considered invalid” (RFC 7515; RFC7515.txt:814-816) ; RFC7515 §5.2 [T314] “it is an application decision which of the JWS Signature values must successfully validate” (RFC 7515; RFC7515.txt:810-812) ; ÖK §4.8 P0 “En az bir imza geçerliyse kabul” (ON-KAYIT-TASLAK v0.8; ON-KAYIT-TASLAK.md:775) ; OID4VP §5.9.2 “the Wallet MUST treat the Client Identifier as referencing a pre-registered client” (OpenID4VP 1.0 Final; OID4VP.txt:882)	vaka: eşleme dışı (aile REQ, kol tedavi-composite) | P0: en az bir izinli imza geçerli [ML-DSA-65-ES256=geçerli] | cüzdan tarafı (IS-PLANI Adım 11 wallet-path); R_I imzalayan RP'ye benzetmeyle uygulandı | client_id önekli değil → önceden kayıtlı istemci (M-d); HAIP §5 x509_hash zorunluluğundan sapma
REQ08_imzasiz_M-b0	L4	tedavi-composite	hayır	indeterminate	HAIP §5.2 [T281] “The Wallet MUST support unsigned, signed, and multi-signed requests” (OpenID4VC HAIP 1.0 Final; HAIP.txt:426) ; OID4VP §5.9.3 [T268] “it is at the discretion of the Wallet whether it validates the signature on the Request Object” (OpenID4VP 1.0 Final; OID4VP.txt:894) ; ÖK §4.7 G5 “Göç etmiş bir varlık, ilan ettiği eski-sürüm penceresi dışında yalnız klasik kanıtla kabul edilemez.” (ON-KAYIT-TASLAK v0.8; ON-KAYIT-TASLAK.md:767)	vaka: eşleme dışı (aile REQ, kol None) | imzasız istek (M-b0): HAIP cüzdanın imzasız isteği desteklemesini ZORUNLU kılar; G5 göç etmiş RP için yalnız klasik (Web PKI kökeni) kanıtla kabulü yasaklar; imzasız istekte RP kimliği yok → maddeler çelişir/belirlemez
REQ08_imzasiz_M-b0	P2	tedavi-composite	hayır	accept-classical	HAIP §5.2 [T281] “The Wallet MUST support unsigned, signed, and multi-signed requests” (OpenID4VC HAIP 1.0 Final; HAIP.txt:426) ; HAIP §5.2 [T282] “unsigned requests depend on the origin information provided by the platform and the web PKI” (OpenID4VC HAIP 1.0 Final; HAIP.txt:428) ; OID4VP §5.9.2 “the Wallet MUST treat the Client Identifier as referencing a pre-registered client” (OpenID4VP 1.0 Final; OID4VP.txt:882)	vaka: eşleme dışı (aile REQ, kol None) | imzasız istek desteklenmek zorunda; doğrulayıcı kimliği yalnız platform kökeni + Web PKI (klasik)
REQ08_imzasiz_M-b0	P0	tedavi-composite	hayır	accept-classical	HAIP §5.2 [T281] “The Wallet MUST support unsigned, signed, and multi-signed requests” (OpenID4VC HAIP 1.0 Final; HAIP.txt:426) ; HAIP §5.2 [T282] “unsigned requests depend on the origin information provided by the platform and the web PKI” (OpenID4VC HAIP 1.0 Final; HAIP.txt:428) ; OID4VP §5.9.2 “the Wallet MUST treat the Client Identifier as referencing a pre-registered client” (OpenID4VP 1.0 Final; OID4VP.txt:882)	vaka: eşleme dışı (aile REQ, kol None) | imzasız istek desteklenmek zorunda; doğrulayıcı kimliği yalnız platform kökeni + Web PKI (klasik)
REQ09_imzasiz_M-b0_client_id_korundu	L4	tedavi-composite	hayır	indeterminate	HAIP §5.2 [T281] “The Wallet MUST support unsigned, signed, and multi-signed requests” (OpenID4VC HAIP 1.0 Final; HAIP.txt:426) ; OID4VP §5.9.3 [T268] “it is at the discretion of the Wallet whether it validates the signature on the Request Object” (OpenID4VP 1.0 Final; OID4VP.txt:894) ; ÖK §4.7 G5 “Göç etmiş bir varlık, ilan ettiği eski-sürüm penceresi dışında yalnız klasik kanıtla kabul edilemez.” (ON-KAYIT-TASLAK v0.8; ON-KAYIT-TASLAK.md:767)	vaka: eşleme dışı (aile REQ, kol None) | imzasız istek (M-b0): HAIP cüzdanın imzasız isteği desteklemesini ZORUNLU kılar; G5 göç etmiş RP için yalnız klasik (Web PKI kökeni) kanıtla kabulü yasaklar; imzasız istekte RP kimliği yok → maddeler çelişir/belirlemez
REQ09_imzasiz_M-b0_client_id_korundu	P2	tedavi-composite	hayır	accept-classical	HAIP §5.2 [T281] “The Wallet MUST support unsigned, signed, and multi-signed requests” (OpenID4VC HAIP 1.0 Final; HAIP.txt:426) ; HAIP §5.2 [T282] “unsigned requests depend on the origin information provided by the platform and the web PKI” (OpenID4VC HAIP 1.0 Final; HAIP.txt:428) ; OID4VP A.2 [T279] “The Wallet MUST ignore any client_id parameter that is present in an unsigned request.” (OpenID4VP 1.0 Final; OID4VP.txt:2500) ; OID4VP §5.9.3 (x509_hash) [T240] “The Wallet MUST validate the signature and the trust chain of the X.509 leaf certificate.” (OpenID4VP 1.0 Final; OID4VP.txt:947)	vaka: eşleme dışı (aile REQ, kol None) | imzasız istek desteklenmek zorunda; doğrulayıcı kimliği yalnız platform kökeni + Web PKI (klasik); client_id yok sayılmalı
REQ09_imzasiz_M-b0_client_id_korundu	P0	tedavi-composite	hayır	accept-classical	HAIP §5.2 [T281] “The Wallet MUST support unsigned, signed, and multi-signed requests” (OpenID4VC HAIP 1.0 Final; HAIP.txt:426) ; HAIP §5.2 [T282] “unsigned requests depend on the origin information provided by the platform and the web PKI” (OpenID4VC HAIP 1.0 Final; HAIP.txt:428) ; OID4VP A.2 [T279] “The Wallet MUST ignore any client_id parameter that is present in an unsigned request.” (OpenID4VP 1.0 Final; OID4VP.txt:2500) ; OID4VP §5.9.3 (x509_hash) [T240] “The Wallet MUST validate the signature and the trust chain of the X.509 leaf certificate.” (OpenID4VP 1.0 Final; OID4VP.txt:947)	vaka: eşleme dışı (aile REQ, kol None) | imzasız istek desteklenmek zorunda; doğrulayıcı kimliği yalnız platform kökeni + Web PKI (klasik); client_id yok sayılmalı
REQ10_istek_alg_none	L4	tedavi-composite	hayır	reject	OID4VP A.1 [T278] “signed requests, as defined in Appendix A.3.2.1, MUST use signed” (OpenID4VP 1.0 Final; OID4VP.txt:2456) ; OID4VP §5.9.3 (x509_hash) [T240] “The Wallet MUST validate the signature and the trust chain of the X.509 leaf certificate.” (OpenID4VP 1.0 Final; OID4VP.txt:947) ; JWTBCP §3.2 “JWT libraries MUST NOT consume JWTs using "none" unless explicitly allowed by the caller” (draft-ietf-oauth-rfc8725bis-10; JWTBCP.txt:524-525)	vaka: eşleme dışı (aile REQ, kol None) | imzalı istek protokolü (openid4vp-v1-signed) + x509_hash, ama alg=none: imza ve zincir doğrulanamaz; none yapılandırmada izinli değil | ÖK §2A Ö4 M-b0 sınıfı; OID4VP §5.9.3 DC API takdiri (T268) imzasız işleme yolunu açık bırakır — bu yol REQ08/09 satırlarında
REQ10_istek_alg_none	P2	tedavi-composite	hayır	reject	OID4VP A.1 [T278] “signed requests, as defined in Appendix A.3.2.1, MUST use signed” (OpenID4VP 1.0 Final; OID4VP.txt:2456) ; OID4VP §5.9.3 (x509_hash) [T240] “The Wallet MUST validate the signature and the trust chain of the X.509 leaf certificate.” (OpenID4VP 1.0 Final; OID4VP.txt:947) ; JWTBCP §3.2 “JWT libraries MUST NOT consume JWTs using "none" unless explicitly allowed by the caller” (draft-ietf-oauth-rfc8725bis-10; JWTBCP.txt:524-525)	vaka: eşleme dışı (aile REQ, kol None) | imzalı istek protokolü (openid4vp-v1-signed) + x509_hash, ama alg=none: imza ve zincir doğrulanamaz; none yapılandırmada izinli değil | ÖK §2A Ö4 M-b0 sınıfı; OID4VP §5.9.3 DC API takdiri (T268) imzasız işleme yolunu açık bırakır — bu yol REQ08/09 satırlarında
REQ10_istek_alg_none	P0	tedavi-composite	hayır	reject	OID4VP A.1 [T278] “signed requests, as defined in Appendix A.3.2.1, MUST use signed” (OpenID4VP 1.0 Final; OID4VP.txt:2456) ; OID4VP §5.9.3 (x509_hash) [T240] “The Wallet MUST validate the signature and the trust chain of the X.509 leaf certificate.” (OpenID4VP 1.0 Final; OID4VP.txt:947) ; JWTBCP §3.2 “JWT libraries MUST NOT consume JWTs using "none" unless explicitly allowed by the caller” (draft-ietf-oauth-rfc8725bis-10; JWTBCP.txt:524-525)	vaka: eşleme dışı (aile REQ, kol None) | imzalı istek protokolü (openid4vp-v1-signed) + x509_hash, ama alg=none: imza ve zincir doğrulanamaz; none yapılandırmada izinli değil | ÖK §2A Ö4 M-b0 sınıfı; OID4VP §5.9.3 DC API takdiri (T268) imzasız işleme yolunu açık bırakır — bu yol REQ08/09 satırlarında
VC01_ES256_x5c	L4	tedavi-composite	hayır	reject	ÖK §6.5 “İhraççı başına gerekli küme R = {X}, izinli küme {A, X}.” (ON-KAYIT-TASLAK v0.8; ON-KAYIT-TASLAK.md:1054) ; JWTBCP §3.1 [T328] “MUST determine which algorithms are permitted for itself and that issuer and ensure that the received JWT complies with those requirements” (draft-ietf-oauth-rfc8725bis-10; JWTBCP.txt:482-485) ; ÖK §4.7 G5 “Göç etmiş bir varlık, ilan ettiği eski-sürüm penceresi dışında yalnız klasik kanıtla kabul edilemez.” (ON-KAYIT-TASLAK v0.8; ON-KAYIT-TASLAK.md:767) ; ÖK §2B m.6 (L4c) “Göç etmiş ihraççının yalnız klasik imzalı belgesi reddedilir, eski ihraççının klasik imzalı belgesi kabul edilir.” (ON-KAYIT-TASLAK v0.8; ON-KAYIT-TASLAK.md:256)	vaka: K11 ikincil; MR3 (VC01↔VC11) | L4: R={ML-DSA-65-ES256} için geçerli imza yok (yalnız klasik kanıt; G5) [ES256=geçerli] | sdjwtvc: -13/-19 aynı
VC01_ES256_x5c	P2	tedavi-composite	hayır	accept-classical	ÖK §4.8 P1 “Mevcut imzaların tümü geçerliyse kabul. İmza silinmesi (soyma) fark edilmez” (ON-KAYIT-TASLAK v0.8; ON-KAYIT-TASLAK.md:776) ; ÖK §4.8 P2 “P1 + her imza, anahtarının bağlı olduğu algoritmayla doğrulanır” (ON-KAYIT-TASLAK v0.8; ON-KAYIT-TASLAK.md:777) ; RFC7515 §5.2 [T314] “it is an application decision which of the JWS Signature values must successfully validate” (RFC 7515; RFC7515.txt:810-812) ; RFC9901 §7.1 (2b) “Validate the signature over the Issuer-signed JWT per Section 5.2 of [RFC7515].” (RFC 9901; RFC9901.txt:1667-1668)	vaka: K11 ikincil; MR3 (VC01↔VC11) | P2: mevcut tüm imzalar geçerli (R=∅) [ES256=geçerli] | sdjwtvc: -13/-19 aynı
VC01_ES256_x5c	P0	tedavi-composite	hayır	accept-classical	RFC7515 §5.2 [T315] “at least one JWS Signature value MUST successfully validate, or the JWS MUST be considered invalid” (RFC 7515; RFC7515.txt:814-816) ; RFC7515 §5.2 [T314] “it is an application decision which of the JWS Signature values must successfully validate” (RFC 7515; RFC7515.txt:810-812) ; ÖK §4.8 P0 “En az bir imza geçerliyse kabul” (ON-KAYIT-TASLAK v0.8; ON-KAYIT-TASLAK.md:775) ; RFC9901 §7.1 (2b) “Validate the signature over the Issuer-signed JWT per Section 5.2 of [RFC7515].” (RFC 9901; RFC9901.txt:1667-1668)	vaka: K11 ikincil; MR3 (VC01↔VC11) | P0: en az bir izinli imza geçerli [ES256=geçerli] | sdjwtvc: -13/-19 aynı
VC03_composite_kid	L4	tedavi-composite	hayır	accept-hybrid	ÖK §6.5 “İhraççı başına gerekli küme R = {X}, izinli küme {A, X}.” (ON-KAYIT-TASLAK v0.8; ON-KAYIT-TASLAK.md:1054) ; JWTBCP §3.1 [T328] “MUST determine which algorithms are permitted for itself and that issuer and ensure that the received JWT complies with those requirements” (draft-ietf-oauth-rfc8725bis-10; JWTBCP.txt:482-485) ; ACM2 Note 51 [T135] “the veriﬁcation function accepting if and only if all signatures are correct” (ECCG ACM v2.0; ACM2.txt:946) ; RFC9901 §7.1 (2b) “Validate the signature over the Issuer-signed JWT per Section 5.2 of [RFC7515].” (RFC 9901; RFC9901.txt:1667-1668)	vaka: K6 ikincil (SD-JWT VC, kid) | L4: tüm imzalar geçerli ve R={ML-DSA-65-ES256} karşılandı [ML-DSA-65-ES256=geçerli] | x5c yok (kid): HAIP §6.1.1 sapması etiketi (ÖK §2D m.1); anahtar dogrulama_girdileri JWKS'ten | sdjwtvc: -13/-19 aynı
VC03_composite_kid	P2	tedavi-composite	hayır	accept-hybrid	ÖK §4.8 P1 “Mevcut imzaların tümü geçerliyse kabul. İmza silinmesi (soyma) fark edilmez” (ON-KAYIT-TASLAK v0.8; ON-KAYIT-TASLAK.md:776) ; ÖK §4.8 P2 “P1 + her imza, anahtarının bağlı olduğu algoritmayla doğrulanır” (ON-KAYIT-TASLAK v0.8; ON-KAYIT-TASLAK.md:777) ; RFC7515 §5.2 [T314] “it is an application decision which of the JWS Signature values must successfully validate” (RFC 7515; RFC7515.txt:810-812) ; RFC9901 §7.1 (2b) “Validate the signature over the Issuer-signed JWT per Section 5.2 of [RFC7515].” (RFC 9901; RFC9901.txt:1667-1668)	vaka: K6 ikincil (SD-JWT VC, kid) | P2: mevcut tüm imzalar geçerli (R=∅) [ML-DSA-65-ES256=geçerli] | x5c yok (kid): HAIP §6.1.1 sapması etiketi (ÖK §2D m.1); anahtar dogrulama_girdileri JWKS'ten | sdjwtvc: -13/-19 aynı
VC03_composite_kid	P0	tedavi-composite	hayır	accept-hybrid	RFC7515 §5.2 [T315] “at least one JWS Signature value MUST successfully validate, or the JWS MUST be considered invalid” (RFC 7515; RFC7515.txt:814-816) ; RFC7515 §5.2 [T314] “it is an application decision which of the JWS Signature values must successfully validate” (RFC 7515; RFC7515.txt:810-812) ; ÖK §4.8 P0 “En az bir imza geçerliyse kabul” (ON-KAYIT-TASLAK v0.8; ON-KAYIT-TASLAK.md:775) ; RFC9901 §7.1 (2b) “Validate the signature over the Issuer-signed JWT per Section 5.2 of [RFC7515].” (RFC 9901; RFC9901.txt:1667-1668)	vaka: K6 ikincil (SD-JWT VC, kid) | P0: en az bir izinli imza geçerli [ML-DSA-65-ES256=geçerli] | x5c yok (kid): HAIP §6.1.1 sapması etiketi (ÖK §2D m.1); anahtar dogrulama_girdileri JWKS'ten | sdjwtvc: -13/-19 aynı
VC04_MLDSA44_kid	L4	tedavi-composite	hayır	reject	JWTBCP §3.1 [T327] “MUST NOT employ any algorithms outside this configured set” (draft-ietf-oauth-rfc8725bis-10; JWTBCP.txt:463-466) ; RFC7515 §4.1.1 [T319] “The JWS Signature value is not valid if the "alg" value does not represent a supported algorithm or if there is not a key for use with that algorithm” (RFC 7515; RFC7515.txt:508-510) ; ÖK §4.8 P1 “Mevcut imzaların tümü geçerliyse kabul. İmza silinmesi (soyma) fark edilmez” (ON-KAYIT-TASLAK v0.8; ON-KAYIT-TASLAK.md:776) ; ACM2 Note 51 [T135] “the veriﬁcation function accepting if and only if all signatures are correct” (ECCG ACM v2.0; ACM2.txt:946) ; ÖK §6.5 “İhraççı başına gerekli küme R = {X}, izinli küme {A, X}.” (ON-KAYIT-TASLAK v0.8; ON-KAYIT-TASLAK.md:1054)	vaka: eşleme dışı (aile VC, kol kapsam-pq) | L4: mevcut imzalardan en az biri geçersiz/izinsiz → tüm-mevcut-geçerli koşulu sağlanmıyor [ML-DSA-44=izinsiz] | x5c yok (kid): HAIP §6.1.1 sapması etiketi (ÖK §2D m.1); anahtar dogrulama_girdileri JWKS'ten | sdjwtvc: -13/-19 aynı
VC04_MLDSA44_kid	P2	tedavi-composite	hayır	reject	JWTBCP §3.1 [T327] “MUST NOT employ any algorithms outside this configured set” (draft-ietf-oauth-rfc8725bis-10; JWTBCP.txt:463-466) ; RFC7515 §4.1.1 [T319] “The JWS Signature value is not valid if the "alg" value does not represent a supported algorithm or if there is not a key for use with that algorithm” (RFC 7515; RFC7515.txt:508-510) ; ÖK §4.8 P1 “Mevcut imzaların tümü geçerliyse kabul. İmza silinmesi (soyma) fark edilmez” (ON-KAYIT-TASLAK v0.8; ON-KAYIT-TASLAK.md:776) ; ACM2 Note 51 [T135] “the veriﬁcation function accepting if and only if all signatures are correct” (ECCG ACM v2.0; ACM2.txt:946)	vaka: eşleme dışı (aile VC, kol kapsam-pq) | P2: mevcut imzalardan en az biri geçersiz/izinsiz → tüm-mevcut-geçerli koşulu sağlanmıyor [ML-DSA-44=izinsiz] | x5c yok (kid): HAIP §6.1.1 sapması etiketi (ÖK §2D m.1); anahtar dogrulama_girdileri JWKS'ten | sdjwtvc: -13/-19 aynı
VC04_MLDSA44_kid	P0	tedavi-composite	hayır	reject	RFC7515 §5.2 [T315] “at least one JWS Signature value MUST successfully validate, or the JWS MUST be considered invalid” (RFC 7515; RFC7515.txt:814-816) ; JWTBCP §3.1 [T327] “MUST NOT employ any algorithms outside this configured set” (draft-ietf-oauth-rfc8725bis-10; JWTBCP.txt:463-466) ; RFC7515 §4.1.1 [T319] “The JWS Signature value is not valid if the "alg" value does not represent a supported algorithm or if there is not a key for use with that algorithm” (RFC 7515; RFC7515.txt:508-510)	vaka: eşleme dışı (aile VC, kol kapsam-pq) | P0: geçerli izinli imza yok [ML-DSA-44=izinsiz] | x5c yok (kid): HAIP §6.1.1 sapması etiketi (ÖK §2D m.1); anahtar dogrulama_girdileri JWKS'ten | sdjwtvc: -13/-19 aynı
VC05_MLDSA87_kid	L4	tedavi-composite	hayır	reject	JWTBCP §3.1 [T327] “MUST NOT employ any algorithms outside this configured set” (draft-ietf-oauth-rfc8725bis-10; JWTBCP.txt:463-466) ; RFC7515 §4.1.1 [T319] “The JWS Signature value is not valid if the "alg" value does not represent a supported algorithm or if there is not a key for use with that algorithm” (RFC 7515; RFC7515.txt:508-510) ; ÖK §4.8 P1 “Mevcut imzaların tümü geçerliyse kabul. İmza silinmesi (soyma) fark edilmez” (ON-KAYIT-TASLAK v0.8; ON-KAYIT-TASLAK.md:776) ; ACM2 Note 51 [T135] “the veriﬁcation function accepting if and only if all signatures are correct” (ECCG ACM v2.0; ACM2.txt:946) ; ÖK §6.5 “İhraççı başına gerekli küme R = {X}, izinli küme {A, X}.” (ON-KAYIT-TASLAK v0.8; ON-KAYIT-TASLAK.md:1054)	vaka: eşleme dışı (aile VC, kol kapsam-pq) | L4: mevcut imzalardan en az biri geçersiz/izinsiz → tüm-mevcut-geçerli koşulu sağlanmıyor [ML-DSA-87=izinsiz] | x5c yok (kid): HAIP §6.1.1 sapması etiketi (ÖK §2D m.1); anahtar dogrulama_girdileri JWKS'ten | sdjwtvc: -13/-19 aynı
VC05_MLDSA87_kid	P2	tedavi-composite	hayır	reject	JWTBCP §3.1 [T327] “MUST NOT employ any algorithms outside this configured set” (draft-ietf-oauth-rfc8725bis-10; JWTBCP.txt:463-466) ; RFC7515 §4.1.1 [T319] “The JWS Signature value is not valid if the "alg" value does not represent a supported algorithm or if there is not a key for use with that algorithm” (RFC 7515; RFC7515.txt:508-510) ; ÖK §4.8 P1 “Mevcut imzaların tümü geçerliyse kabul. İmza silinmesi (soyma) fark edilmez” (ON-KAYIT-TASLAK v0.8; ON-KAYIT-TASLAK.md:776) ; ACM2 Note 51 [T135] “the veriﬁcation function accepting if and only if all signatures are correct” (ECCG ACM v2.0; ACM2.txt:946)	vaka: eşleme dışı (aile VC, kol kapsam-pq) | P2: mevcut imzalardan en az biri geçersiz/izinsiz → tüm-mevcut-geçerli koşulu sağlanmıyor [ML-DSA-87=izinsiz] | x5c yok (kid): HAIP §6.1.1 sapması etiketi (ÖK §2D m.1); anahtar dogrulama_girdileri JWKS'ten | sdjwtvc: -13/-19 aynı
VC05_MLDSA87_kid	P0	tedavi-composite	hayır	reject	RFC7515 §5.2 [T315] “at least one JWS Signature value MUST successfully validate, or the JWS MUST be considered invalid” (RFC 7515; RFC7515.txt:814-816) ; JWTBCP §3.1 [T327] “MUST NOT employ any algorithms outside this configured set” (draft-ietf-oauth-rfc8725bis-10; JWTBCP.txt:463-466) ; RFC7515 §4.1.1 [T319] “The JWS Signature value is not valid if the "alg" value does not represent a supported algorithm or if there is not a key for use with that algorithm” (RFC 7515; RFC7515.txt:508-510)	vaka: eşleme dışı (aile VC, kol kapsam-pq) | P0: geçerli izinli imza yok [ML-DSA-87=izinsiz] | x5c yok (kid): HAIP §6.1.1 sapması etiketi (ÖK §2D m.1); anahtar dogrulama_girdileri JWKS'ten | sdjwtvc: -13/-19 aynı
VC06_composite_Ed25519_kid	L4	tedavi-composite	hayır	reject	JWTBCP §3.1 [T327] “MUST NOT employ any algorithms outside this configured set” (draft-ietf-oauth-rfc8725bis-10; JWTBCP.txt:463-466) ; RFC7515 §4.1.1 [T319] “The JWS Signature value is not valid if the "alg" value does not represent a supported algorithm or if there is not a key for use with that algorithm” (RFC 7515; RFC7515.txt:508-510) ; ÖK §4.8 P1 “Mevcut imzaların tümü geçerliyse kabul. İmza silinmesi (soyma) fark edilmez” (ON-KAYIT-TASLAK v0.8; ON-KAYIT-TASLAK.md:776) ; ACM2 Note 51 [T135] “the veriﬁcation function accepting if and only if all signatures are correct” (ECCG ACM v2.0; ACM2.txt:946) ; ÖK §6.5 “İhraççı başına gerekli küme R = {X}, izinli küme {A, X}.” (ON-KAYIT-TASLAK v0.8; ON-KAYIT-TASLAK.md:1054)	vaka: eşleme dışı (aile VC, kol kapsam-hibrit) | L4: mevcut imzalardan en az biri geçersiz/izinsiz → tüm-mevcut-geçerli koşulu sağlanmıyor [ML-DSA-65-Ed25519=izinsiz] | x5c yok (kid): HAIP §6.1.1 sapması etiketi (ÖK §2D m.1); anahtar dogrulama_girdileri JWKS'ten | sdjwtvc: -13/-19 aynı
VC06_composite_Ed25519_kid	P2	tedavi-composite	hayır	reject	JWTBCP §3.1 [T327] “MUST NOT employ any algorithms outside this configured set” (draft-ietf-oauth-rfc8725bis-10; JWTBCP.txt:463-466) ; RFC7515 §4.1.1 [T319] “The JWS Signature value is not valid if the "alg" value does not represent a supported algorithm or if there is not a key for use with that algorithm” (RFC 7515; RFC7515.txt:508-510) ; ÖK §4.8 P1 “Mevcut imzaların tümü geçerliyse kabul. İmza silinmesi (soyma) fark edilmez” (ON-KAYIT-TASLAK v0.8; ON-KAYIT-TASLAK.md:776) ; ACM2 Note 51 [T135] “the veriﬁcation function accepting if and only if all signatures are correct” (ECCG ACM v2.0; ACM2.txt:946)	vaka: eşleme dışı (aile VC, kol kapsam-hibrit) | P2: mevcut imzalardan en az biri geçersiz/izinsiz → tüm-mevcut-geçerli koşulu sağlanmıyor [ML-DSA-65-Ed25519=izinsiz] | x5c yok (kid): HAIP §6.1.1 sapması etiketi (ÖK §2D m.1); anahtar dogrulama_girdileri JWKS'ten | sdjwtvc: -13/-19 aynı
VC06_composite_Ed25519_kid	P0	tedavi-composite	hayır	reject	RFC7515 §5.2 [T315] “at least one JWS Signature value MUST successfully validate, or the JWS MUST be considered invalid” (RFC 7515; RFC7515.txt:814-816) ; JWTBCP §3.1 [T327] “MUST NOT employ any algorithms outside this configured set” (draft-ietf-oauth-rfc8725bis-10; JWTBCP.txt:463-466) ; RFC7515 §4.1.1 [T319] “The JWS Signature value is not valid if the "alg" value does not represent a supported algorithm or if there is not a key for use with that algorithm” (RFC 7515; RFC7515.txt:508-510)	vaka: eşleme dışı (aile VC, kol kapsam-hibrit) | P0: geçerli izinli imza yok [ML-DSA-65-Ed25519=izinsiz] | x5c yok (kid): HAIP §6.1.1 sapması etiketi (ÖK §2D m.1); anahtar dogrulama_girdileri JWKS'ten | sdjwtvc: -13/-19 aynı
VC08_GJ_ES256_composite	L4|sdjwtvc=-13	tedavi-composite	hayır	accept-hybrid	ÖK §6.5 “İhraççı başına gerekli küme R = {X}, izinli küme {A, X}.” (ON-KAYIT-TASLAK v0.8; ON-KAYIT-TASLAK.md:1054) ; JWTBCP §3.1 [T328] “MUST determine which algorithms are permitted for itself and that issuer and ensure that the received JWT complies with those requirements” (draft-ietf-oauth-rfc8725bis-10; JWTBCP.txt:482-485) ; ACM2 Note 51 [T135] “the veriﬁcation function accepting if and only if all signatures are correct” (ECCG ACM v2.0; ACM2.txt:946) ; SDJWTVC13 §3.2 [T114] “where support for the JWS JSON Serialization is OPTIONAL” (draft-ietf-oauth-sd-jwt-vc-13; SDJWTVC13.txt:303-304) ; RFC9901 §8.3 [T108] “disclosures and kb_jwt MUST be included in the first unprotected header” (RFC 9901; RFC9901.txt:1987-1988) ; RFC9901 §7.1 (2b) “Validate the signature over the Issuer-signed JWT per Section 5.2 of [RFC7515].” (RFC 9901; RFC9901.txt:1667-1668)	vaka: K1 ikincil (SD-JWT VC, senaryo d); MR3 (-13↔-19) | L4: tüm imzalar geçerli ve R={ML-DSA-65-ES256} karşılandı [ES256=geçerli, ML-DSA-65-ES256=geçerli]
VC08_GJ_ES256_composite	L4|sdjwtvc=-19	tedavi-composite	hayır	indeterminate	SDJWTVC §2.2 [T113] “not precluded but the specific details are beyond the scope of this specification” (draft-ietf-oauth-sd-jwt-vc-19; SDJWTVC.txt:307-309) ; HAIP §6.1 [T115] “Compact serialization MUST be supported as defined in [RFC9901]. JSON serialization MAY be supported.” (OpenID4VC HAIP 1.0 Final; HAIP.txt:468) ; ÖK §2D m.7 “senaryo (d) vektörleri (JSON serileştirmenin statüsü)” (ON-KAYIT-TASLAK v0.8; ON-KAYIT-TASLAK.md:423)	vaka: K1 ikincil (SD-JWT VC, senaryo d); MR3 (-13↔-19) | -19: JSON serileştirilmiş SD-JWT VC ayrıntıları kapsam dışı; destekleyen doğrulayıcı -13 okumasıyla kabul eder, desteklemeyen reddeder → belirlenmemiş (MR3 sürüm farkı). -13 kararı: L4: tüm imzalar geçerli ve R={ML-DSA-65-ES256} karşılandı [ES256=geçerli, ML-DSA-65-ES256=geçerli]
VC08_GJ_ES256_composite	P2|sdjwtvc=-13	tedavi-composite	hayır	accept-hybrid	ÖK §4.8 P1 “Mevcut imzaların tümü geçerliyse kabul. İmza silinmesi (soyma) fark edilmez” (ON-KAYIT-TASLAK v0.8; ON-KAYIT-TASLAK.md:776) ; ÖK §4.8 P2 “P1 + her imza, anahtarının bağlı olduğu algoritmayla doğrulanır” (ON-KAYIT-TASLAK v0.8; ON-KAYIT-TASLAK.md:777) ; RFC7515 §5.2 [T314] “it is an application decision which of the JWS Signature values must successfully validate” (RFC 7515; RFC7515.txt:810-812) ; SDJWTVC13 §3.2 [T114] “where support for the JWS JSON Serialization is OPTIONAL” (draft-ietf-oauth-sd-jwt-vc-13; SDJWTVC13.txt:303-304) ; RFC9901 §8.3 [T108] “disclosures and kb_jwt MUST be included in the first unprotected header” (RFC 9901; RFC9901.txt:1987-1988) ; RFC9901 §7.1 (2b) “Validate the signature over the Issuer-signed JWT per Section 5.2 of [RFC7515].” (RFC 9901; RFC9901.txt:1667-1668)	vaka: K1 ikincil (SD-JWT VC, senaryo d); MR3 (-13↔-19) | P2: mevcut tüm imzalar geçerli (R=∅) [ES256=geçerli, ML-DSA-65-ES256=geçerli]
VC08_GJ_ES256_composite	P2|sdjwtvc=-19	tedavi-composite	hayır	indeterminate	SDJWTVC §2.2 [T113] “not precluded but the specific details are beyond the scope of this specification” (draft-ietf-oauth-sd-jwt-vc-19; SDJWTVC.txt:307-309) ; HAIP §6.1 [T115] “Compact serialization MUST be supported as defined in [RFC9901]. JSON serialization MAY be supported.” (OpenID4VC HAIP 1.0 Final; HAIP.txt:468) ; ÖK §2D m.7 “senaryo (d) vektörleri (JSON serileştirmenin statüsü)” (ON-KAYIT-TASLAK v0.8; ON-KAYIT-TASLAK.md:423)	vaka: K1 ikincil (SD-JWT VC, senaryo d); MR3 (-13↔-19) | -19: JSON serileştirilmiş SD-JWT VC ayrıntıları kapsam dışı; destekleyen doğrulayıcı -13 okumasıyla kabul eder, desteklemeyen reddeder → belirlenmemiş (MR3 sürüm farkı). -13 kararı: P2: mevcut tüm imzalar geçerli (R=∅) [ES256=geçerli, ML-DSA-65-ES256=geçerli]
VC08_GJ_ES256_composite	P0|sdjwtvc=-13	tedavi-composite	hayır	accept-hybrid	RFC7515 §5.2 [T315] “at least one JWS Signature value MUST successfully validate, or the JWS MUST be considered invalid” (RFC 7515; RFC7515.txt:814-816) ; RFC7515 §5.2 [T314] “it is an application decision which of the JWS Signature values must successfully validate” (RFC 7515; RFC7515.txt:810-812) ; ÖK §4.8 P0 “En az bir imza geçerliyse kabul” (ON-KAYIT-TASLAK v0.8; ON-KAYIT-TASLAK.md:775) ; SDJWTVC13 §3.2 [T114] “where support for the JWS JSON Serialization is OPTIONAL” (draft-ietf-oauth-sd-jwt-vc-13; SDJWTVC13.txt:303-304) ; RFC9901 §8.3 [T108] “disclosures and kb_jwt MUST be included in the first unprotected header” (RFC 9901; RFC9901.txt:1987-1988) ; RFC9901 §7.1 (2b) “Validate the signature over the Issuer-signed JWT per Section 5.2 of [RFC7515].” (RFC 9901; RFC9901.txt:1667-1668)	vaka: K1 ikincil (SD-JWT VC, senaryo d); MR3 (-13↔-19) | P0: en az bir izinli imza geçerli [ES256=geçerli, ML-DSA-65-ES256=geçerli]
VC08_GJ_ES256_composite	P0|sdjwtvc=-19	tedavi-composite	hayır	indeterminate	SDJWTVC §2.2 [T113] “not precluded but the specific details are beyond the scope of this specification” (draft-ietf-oauth-sd-jwt-vc-19; SDJWTVC.txt:307-309) ; HAIP §6.1 [T115] “Compact serialization MUST be supported as defined in [RFC9901]. JSON serialization MAY be supported.” (OpenID4VC HAIP 1.0 Final; HAIP.txt:468) ; ÖK §2D m.7 “senaryo (d) vektörleri (JSON serileştirmenin statüsü)” (ON-KAYIT-TASLAK v0.8; ON-KAYIT-TASLAK.md:423)	vaka: K1 ikincil (SD-JWT VC, senaryo d); MR3 (-13↔-19) | -19: JSON serileştirilmiş SD-JWT VC ayrıntıları kapsam dışı; destekleyen doğrulayıcı -13 okumasıyla kabul eder, desteklemeyen reddeder → belirlenmemiş (MR3 sürüm farkı). -13 kararı: P0: en az bir izinli imza geçerli [ES256=geçerli, ML-DSA-65-ES256=geçerli]
VC10_ikili_ihrac	L4	tedavi-composite	evet	reject	ÖK §6.5 “İhraççı başına gerekli küme R = {X}, izinli küme {A, X}.” (ON-KAYIT-TASLAK v0.8; ON-KAYIT-TASLAK.md:1054) ; JWTBCP §3.1 [T328] “MUST determine which algorithms are permitted for itself and that issuer and ensure that the received JWT complies with those requirements” (draft-ietf-oauth-rfc8725bis-10; JWTBCP.txt:482-485) ; ÖK §4.7 G5 “Göç etmiş bir varlık, ilan ettiği eski-sürüm penceresi dışında yalnız klasik kanıtla kabul edilemez.” (ON-KAYIT-TASLAK v0.8; ON-KAYIT-TASLAK.md:767) ; ÖK §2B m.6 (L4c) “Göç etmiş ihraççının yalnız klasik imzalı belgesi reddedilir, eski ihraççının klasik imzalı belgesi kabul edilir.” (ON-KAYIT-TASLAK v0.8; ON-KAYIT-TASLAK.md:256) ; ÖK §6.5 K11 “göç etmiş ihraççıdan yalnız klasik kimlik bilgisi | RED (G5)” (ON-KAYIT-TASLAK v0.8; ON-KAYIT-TASLAK.md:1068)	vaka: K11 birincil (credentials[0] = ES256 kopya değerlendirilir) | L4: R={ML-DSA-65-ES256} için geçerli imza yok (yalnız klasik kanıt; G5) [ES256=geçerli] | credentials[0] (ES256, klasik zincir) değerlendirildi; aynı yanıttaki ML-DSA-65 kopya K11 kararına girmez | sdjwtvc: -13/-19 aynı
VC10_ikili_ihrac	P2	tedavi-composite	evet	accept-classical	ÖK §4.8 P1 “Mevcut imzaların tümü geçerliyse kabul. İmza silinmesi (soyma) fark edilmez” (ON-KAYIT-TASLAK v0.8; ON-KAYIT-TASLAK.md:776) ; ÖK §4.8 P2 “P1 + her imza, anahtarının bağlı olduğu algoritmayla doğrulanır” (ON-KAYIT-TASLAK v0.8; ON-KAYIT-TASLAK.md:777) ; RFC7515 §5.2 [T314] “it is an application decision which of the JWS Signature values must successfully validate” (RFC 7515; RFC7515.txt:810-812) ; RFC9901 §7.1 (2b) “Validate the signature over the Issuer-signed JWT per Section 5.2 of [RFC7515].” (RFC 9901; RFC9901.txt:1667-1668)	vaka: K11 birincil (credentials[0] = ES256 kopya değerlendirilir) | P2: mevcut tüm imzalar geçerli (R=∅) [ES256=geçerli] | credentials[0] (ES256, klasik zincir) değerlendirildi; aynı yanıttaki ML-DSA-65 kopya K11 kararına girmez | sdjwtvc: -13/-19 aynı
VC10_ikili_ihrac	P0	tedavi-composite	evet	accept-classical	RFC7515 §5.2 [T315] “at least one JWS Signature value MUST successfully validate, or the JWS MUST be considered invalid” (RFC 7515; RFC7515.txt:814-816) ; RFC7515 §5.2 [T314] “it is an application decision which of the JWS Signature values must successfully validate” (RFC 7515; RFC7515.txt:810-812) ; ÖK §4.8 P0 “En az bir imza geçerliyse kabul” (ON-KAYIT-TASLAK v0.8; ON-KAYIT-TASLAK.md:775) ; RFC9901 §7.1 (2b) “Validate the signature over the Issuer-signed JWT per Section 5.2 of [RFC7515].” (RFC 9901; RFC9901.txt:1667-1668)	vaka: K11 birincil (credentials[0] = ES256 kopya değerlendirilir) | P0: en az bir izinli imza geçerli [ES256=geçerli] | credentials[0] (ES256, klasik zincir) değerlendirildi; aynı yanıttaki ML-DSA-65 kopya K11 kararına girmez | sdjwtvc: -13/-19 aynı
VC11_typ_vc+sd-jwt	L4|sdjwtvc=-13	tedavi-composite	hayır	reject	ÖK §6.5 “İhraççı başına gerekli küme R = {X}, izinli küme {A, X}.” (ON-KAYIT-TASLAK v0.8; ON-KAYIT-TASLAK.md:1054) ; JWTBCP §3.1 [T328] “MUST determine which algorithms are permitted for itself and that issuer and ensure that the received JWT complies with those requirements” (draft-ietf-oauth-rfc8725bis-10; JWTBCP.txt:482-485) ; ÖK §4.7 G5 “Göç etmiş bir varlık, ilan ettiği eski-sürüm penceresi dışında yalnız klasik kanıtla kabul edilemez.” (ON-KAYIT-TASLAK v0.8; ON-KAYIT-TASLAK.md:767) ; ÖK §2B m.6 (L4c) “Göç etmiş ihraççının yalnız klasik imzalı belgesi reddedilir, eski ihraççının klasik imzalı belgesi kabul edilir.” (ON-KAYIT-TASLAK v0.8; ON-KAYIT-TASLAK.md:256)	vaka: MR3 eşi (VC01↔VC11; -13 geçişi) | L4: R={ML-DSA-65-ES256} için geçerli imza yok (yalnız klasik kanıt; G5) [ES256=geçerli]
VC11_typ_vc+sd-jwt	L4|sdjwtvc=-19	tedavi-composite	hayır	reject	ÖK §6.5 “İhraççı başına gerekli küme R = {X}, izinli küme {A, X}.” (ON-KAYIT-TASLAK v0.8; ON-KAYIT-TASLAK.md:1054) ; JWTBCP §3.1 [T328] “MUST determine which algorithms are permitted for itself and that issuer and ensure that the received JWT complies with those requirements” (draft-ietf-oauth-rfc8725bis-10; JWTBCP.txt:482-485) ; ÖK §4.7 G5 “Göç etmiş bir varlık, ilan ettiği eski-sürüm penceresi dışında yalnız klasik kanıtla kabul edilemez.” (ON-KAYIT-TASLAK v0.8; ON-KAYIT-TASLAK.md:767) ; ÖK §2B m.6 (L4c) “Göç etmiş ihraççının yalnız klasik imzalı belgesi reddedilir, eski ihraççının klasik imzalı belgesi kabul edilir.” (ON-KAYIT-TASLAK v0.8; ON-KAYIT-TASLAK.md:256)	vaka: MR3 eşi (VC01↔VC11; -13 geçişi) | L4: R={ML-DSA-65-ES256} için geçerli imza yok (yalnız klasik kanıt; G5) [ES256=geçerli]
VC11_typ_vc+sd-jwt	P2|sdjwtvc=-13	tedavi-composite	hayır	indeterminate	SDJWTVC13 §3.2.1 “The typ value MUST use dc+sd-jwt.” (draft-ietf-oauth-sd-jwt-vc-13; SDJWTVC13.txt:323-324) ; SDJWTVC13 §3.2.1 “it is RECOMMENDED that Verifiers and Holders accept both vc+sd-jwt and dc+sd-jwt as the value of the typ header” (draft-ietf-oauth-sd-jwt-vc-13; SDJWTVC13.txt:340-342)	vaka: MR3 eşi (VC01↔VC11; -13 geçişi) | typ=vc+sd-jwt: -13 üreticiye dc+sd-jwt der; doğrulayıcıya her ikisini kabul ÖNERİR (RECOMMENDED) → yön: kabul; zorunlu değil
VC11_typ_vc+sd-jwt	P2|sdjwtvc=-19	tedavi-composite	hayır	indeterminate	SDJWTVC §2.2.1 [T119] “The typ value MUST use dc+sd-jwt.” (draft-ietf-oauth-sd-jwt-vc-19; SDJWTVC.txt:328-329) ; SDJWTVC Doc. History (-19) “Remove: "Note that this draft used vc+sd-jwt as the value of” (draft-ietf-oauth-sd-jwt-vc-19; SDJWTVC.txt:3614-3615) ; RFC9901 §9.11 “and that Verifiers check this value” (RFC 9901; RFC9901.txt:2318-2319)	vaka: MR3 eşi (VC01↔VC11; -13 geçişi) | typ=vc+sd-jwt: -19 yalnız dc+sd-jwt tanımlar, geçiş notu kaldırıldı; doğrulayıcı typ denetimi RECOMMENDED → yön: ret; zorunlu değil
VC11_typ_vc+sd-jwt	P0|sdjwtvc=-13	tedavi-composite	hayır	indeterminate	SDJWTVC13 §3.2.1 “The typ value MUST use dc+sd-jwt.” (draft-ietf-oauth-sd-jwt-vc-13; SDJWTVC13.txt:323-324) ; SDJWTVC13 §3.2.1 “it is RECOMMENDED that Verifiers and Holders accept both vc+sd-jwt and dc+sd-jwt as the value of the typ header” (draft-ietf-oauth-sd-jwt-vc-13; SDJWTVC13.txt:340-342)	vaka: MR3 eşi (VC01↔VC11; -13 geçişi) | typ=vc+sd-jwt: -13 üreticiye dc+sd-jwt der; doğrulayıcıya her ikisini kabul ÖNERİR (RECOMMENDED) → yön: kabul; zorunlu değil
VC11_typ_vc+sd-jwt	P0|sdjwtvc=-19	tedavi-composite	hayır	indeterminate	SDJWTVC §2.2.1 [T119] “The typ value MUST use dc+sd-jwt.” (draft-ietf-oauth-sd-jwt-vc-19; SDJWTVC.txt:328-329) ; SDJWTVC Doc. History (-19) “Remove: "Note that this draft used vc+sd-jwt as the value of” (draft-ietf-oauth-sd-jwt-vc-19; SDJWTVC.txt:3614-3615) ; RFC9901 §9.11 “and that Verifiers check this value” (RFC 9901; RFC9901.txt:2318-2319)	vaka: MR3 eşi (VC01↔VC11; -13 geçişi) | typ=vc+sd-jwt: -19 yalnız dc+sd-jwt tanımlar, geçiş notu kaldırıldı; doğrulayıcı typ denetimi RECOMMENDED → yön: ret; zorunlu değil
VC12_alg_none	L4	tedavi-composite	hayır	reject	RFC9901 §4.1 [T102] “It MUST NOT use the none algorithm.” (RFC 9901; RFC9901.txt:486-487) ; RFC9901 §7.1 (2a) [T103] “The "none" algorithm MUST NOT be accepted.” (RFC 9901; RFC9901.txt:1665)	vaka: eşleme dışı (aile VC, kol None) | ihraççı JWT alg=none | sdjwtvc: -13/-19 aynı
VC12_alg_none	P2	tedavi-composite	hayır	reject	RFC9901 §4.1 [T102] “It MUST NOT use the none algorithm.” (RFC 9901; RFC9901.txt:486-487) ; RFC9901 §7.1 (2a) [T103] “The "none" algorithm MUST NOT be accepted.” (RFC 9901; RFC9901.txt:1665)	vaka: eşleme dışı (aile VC, kol None) | ihraççı JWT alg=none | sdjwtvc: -13/-19 aynı
VC12_alg_none	P0	tedavi-composite	hayır	reject	RFC9901 §4.1 [T102] “It MUST NOT use the none algorithm.” (RFC 9901; RFC9901.txt:486-487) ; RFC9901 §7.1 (2a) [T103] “The "none" algorithm MUST NOT be accepted.” (RFC 9901; RFC9901.txt:1665)	vaka: eşleme dışı (aile VC, kol None) | ihraççı JWT alg=none | sdjwtvc: -13/-19 aynı
VP01_ihracci_ES256_kb_ES256	L4	tedavi-composite	hayır	reject	ÖK §6.5 “İhraççı başına gerekli küme R = {X}, izinli küme {A, X}.” (ON-KAYIT-TASLAK v0.8; ON-KAYIT-TASLAK.md:1054) ; JWTBCP §3.1 [T328] “MUST determine which algorithms are permitted for itself and that issuer and ensure that the received JWT complies with those requirements” (draft-ietf-oauth-rfc8725bis-10; JWTBCP.txt:482-485) ; ÖK §4.7 G5 “Göç etmiş bir varlık, ilan ettiği eski-sürüm penceresi dışında yalnız klasik kanıtla kabul edilemez.” (ON-KAYIT-TASLAK v0.8; ON-KAYIT-TASLAK.md:767) ; ÖK §2B m.6 (L4c) “Göç etmiş ihraççının yalnız klasik imzalı belgesi reddedilir, eski ihraççının klasik imzalı belgesi kabul edilir.” (ON-KAYIT-TASLAK v0.8; ON-KAYIT-TASLAK.md:256)	vaka: eşleme dışı (aile VP, kol klasik-taban) | L4: R={ML-DSA-65-ES256} için geçerli imza yok (yalnız klasik kanıt; G5) [ES256=geçerli] | KB-JWT alg=ES256 (izinli kümeye tabi; R_I yalnız ihraççı imzasına uygulanır) | sdjwtvc: -13/-19 aynı
VP01_ihracci_ES256_kb_ES256	P2	tedavi-composite	hayır	accept-classical	ÖK §4.8 P1 “Mevcut imzaların tümü geçerliyse kabul. İmza silinmesi (soyma) fark edilmez” (ON-KAYIT-TASLAK v0.8; ON-KAYIT-TASLAK.md:776) ; ÖK §4.8 P2 “P1 + her imza, anahtarının bağlı olduğu algoritmayla doğrulanır” (ON-KAYIT-TASLAK v0.8; ON-KAYIT-TASLAK.md:777) ; RFC7515 §5.2 [T314] “it is an application decision which of the JWS Signature values must successfully validate” (RFC 7515; RFC7515.txt:810-812) ; RFC9901 §7.1 (2b) “Validate the signature over the Issuer-signed JWT per Section 5.2 of [RFC7515].” (RFC 9901; RFC9901.txt:1667-1668) ; RFC9901 §7.3 (5b) [T213] “Ensure that a signing algorithm was used that was deemed secure for the application.” (RFC 9901; RFC9901.txt:1849-1850)	vaka: eşleme dışı (aile VP, kol klasik-taban) | P2: mevcut tüm imzalar geçerli (R=∅) [ES256=geçerli] | KB-JWT alg=ES256 (izinli kümeye tabi; R_I yalnız ihraççı imzasına uygulanır) | sdjwtvc: -13/-19 aynı
VP01_ihracci_ES256_kb_ES256	P0	tedavi-composite	hayır	accept-classical	RFC7515 §5.2 [T315] “at least one JWS Signature value MUST successfully validate, or the JWS MUST be considered invalid” (RFC 7515; RFC7515.txt:814-816) ; RFC7515 §5.2 [T314] “it is an application decision which of the JWS Signature values must successfully validate” (RFC 7515; RFC7515.txt:810-812) ; ÖK §4.8 P0 “En az bir imza geçerliyse kabul” (ON-KAYIT-TASLAK v0.8; ON-KAYIT-TASLAK.md:775) ; RFC9901 §7.1 (2b) “Validate the signature over the Issuer-signed JWT per Section 5.2 of [RFC7515].” (RFC 9901; RFC9901.txt:1667-1668) ; RFC9901 §7.3 (5b) [T213] “Ensure that a signing algorithm was used that was deemed secure for the application.” (RFC 9901; RFC9901.txt:1849-1850)	vaka: eşleme dışı (aile VP, kol klasik-taban) | P0: en az bir izinli imza geçerli [ES256=geçerli] | KB-JWT alg=ES256 (izinli kümeye tabi; R_I yalnız ihraççı imzasına uygulanır) | sdjwtvc: -13/-19 aynı
VP04_ihracci_composite_kb_composite	L4	tedavi-composite	hayır	accept-hybrid	ÖK §6.5 “İhraççı başına gerekli küme R = {X}, izinli küme {A, X}.” (ON-KAYIT-TASLAK v0.8; ON-KAYIT-TASLAK.md:1054) ; JWTBCP §3.1 [T328] “MUST determine which algorithms are permitted for itself and that issuer and ensure that the received JWT complies with those requirements” (draft-ietf-oauth-rfc8725bis-10; JWTBCP.txt:482-485) ; ACM2 Note 51 [T135] “the veriﬁcation function accepting if and only if all signatures are correct” (ECCG ACM v2.0; ACM2.txt:946) ; RFC9901 §7.1 (2b) “Validate the signature over the Issuer-signed JWT per Section 5.2 of [RFC7515].” (RFC 9901; RFC9901.txt:1667-1668) ; RFC9901 §7.3 (5b) [T213] “Ensure that a signing algorithm was used that was deemed secure for the application.” (RFC 9901; RFC9901.txt:1849-1850)	vaka: eşleme dışı (aile VP, kol tedavi-composite) | L4: tüm imzalar geçerli ve R={ML-DSA-65-ES256} karşılandı [ML-DSA-65-ES256=geçerli] | KB-JWT alg=ML-DSA-65-ES256 (izinli kümeye tabi; R_I yalnız ihraççı imzasına uygulanır) | sdjwtvc: -13/-19 aynı
VP04_ihracci_composite_kb_composite	P2	tedavi-composite	hayır	accept-hybrid	ÖK §4.8 P1 “Mevcut imzaların tümü geçerliyse kabul. İmza silinmesi (soyma) fark edilmez” (ON-KAYIT-TASLAK v0.8; ON-KAYIT-TASLAK.md:776) ; ÖK §4.8 P2 “P1 + her imza, anahtarının bağlı olduğu algoritmayla doğrulanır” (ON-KAYIT-TASLAK v0.8; ON-KAYIT-TASLAK.md:777) ; RFC7515 §5.2 [T314] “it is an application decision which of the JWS Signature values must successfully validate” (RFC 7515; RFC7515.txt:810-812) ; RFC9901 §7.1 (2b) “Validate the signature over the Issuer-signed JWT per Section 5.2 of [RFC7515].” (RFC 9901; RFC9901.txt:1667-1668) ; RFC9901 §7.3 (5b) [T213] “Ensure that a signing algorithm was used that was deemed secure for the application.” (RFC 9901; RFC9901.txt:1849-1850)	vaka: eşleme dışı (aile VP, kol tedavi-composite) | P2: mevcut tüm imzalar geçerli (R=∅) [ML-DSA-65-ES256=geçerli] | KB-JWT alg=ML-DSA-65-ES256 (izinli kümeye tabi; R_I yalnız ihraççı imzasına uygulanır) | sdjwtvc: -13/-19 aynı
VP04_ihracci_composite_kb_composite	P0	tedavi-composite	hayır	accept-hybrid	RFC7515 §5.2 [T315] “at least one JWS Signature value MUST successfully validate, or the JWS MUST be considered invalid” (RFC 7515; RFC7515.txt:814-816) ; RFC7515 §5.2 [T314] “it is an application decision which of the JWS Signature values must successfully validate” (RFC 7515; RFC7515.txt:810-812) ; ÖK §4.8 P0 “En az bir imza geçerliyse kabul” (ON-KAYIT-TASLAK v0.8; ON-KAYIT-TASLAK.md:775) ; RFC9901 §7.1 (2b) “Validate the signature over the Issuer-signed JWT per Section 5.2 of [RFC7515].” (RFC 9901; RFC9901.txt:1667-1668) ; RFC9901 §7.3 (5b) [T213] “Ensure that a signing algorithm was used that was deemed secure for the application.” (RFC 9901; RFC9901.txt:1849-1850)	vaka: eşleme dışı (aile VP, kol tedavi-composite) | P0: en az bir izinli imza geçerli [ML-DSA-65-ES256=geçerli] | KB-JWT alg=ML-DSA-65-ES256 (izinli kümeye tabi; R_I yalnız ihraççı imzasına uygulanır) | sdjwtvc: -13/-19 aynı
TSL01_ES256_x5c	L4	tedavi-composite	hayır	reject	ÖK §6.5 “İhraççı başına gerekli küme R = {X}, izinli küme {A, X}.” (ON-KAYIT-TASLAK v0.8; ON-KAYIT-TASLAK.md:1054) ; JWTBCP §3.1 [T328] “MUST determine which algorithms are permitted for itself and that issuer and ensure that the received JWT complies with those requirements” (draft-ietf-oauth-rfc8725bis-10; JWTBCP.txt:482-485) ; ÖK §4.7 G5 “Göç etmiş bir varlık, ilan ettiği eski-sürüm penceresi dışında yalnız klasik kanıtla kabul edilemez.” (ON-KAYIT-TASLAK v0.8; ON-KAYIT-TASLAK.md:767) ; ÖK §2B m.6 (L4c) “Göç etmiş ihraççının yalnız klasik imzalı belgesi reddedilir, eski ihraççının klasik imzalı belgesi kabul edilir.” (ON-KAYIT-TASLAK v0.8; ON-KAYIT-TASLAK.md:256)	vaka: eşleme dışı (aile TSL, kol klasik-taban) | L4: R={ML-DSA-65-ES256} için geçerli imza yok (yalnız klasik kanıt; G5) [ES256=geçerli] | R_I durum ihraççısına benzetmeyle uygulandı
TSL01_ES256_x5c	P2	tedavi-composite	hayır	accept-classical	ÖK §4.8 P1 “Mevcut imzaların tümü geçerliyse kabul. İmza silinmesi (soyma) fark edilmez” (ON-KAYIT-TASLAK v0.8; ON-KAYIT-TASLAK.md:776) ; ÖK §4.8 P2 “P1 + her imza, anahtarının bağlı olduğu algoritmayla doğrulanır” (ON-KAYIT-TASLAK v0.8; ON-KAYIT-TASLAK.md:777) ; RFC7515 §5.2 [T314] “it is an application decision which of the JWS Signature values must successfully validate” (RFC 7515; RFC7515.txt:810-812) ; TSL §5.1 [T145] “Relying Parties MUST reject JWTs with an invalid signature.” (draft-ietf-oauth-status-list-21; TSL.txt:788-789)	vaka: eşleme dışı (aile TSL, kol klasik-taban) | P2: mevcut tüm imzalar geçerli (R=∅) [ES256=geçerli] | R_I durum ihraççısına benzetmeyle uygulandı
TSL01_ES256_x5c	P0	tedavi-composite	hayır	accept-classical	RFC7515 §5.2 [T315] “at least one JWS Signature value MUST successfully validate, or the JWS MUST be considered invalid” (RFC 7515; RFC7515.txt:814-816) ; RFC7515 §5.2 [T314] “it is an application decision which of the JWS Signature values must successfully validate” (RFC 7515; RFC7515.txt:810-812) ; ÖK §4.8 P0 “En az bir imza geçerliyse kabul” (ON-KAYIT-TASLAK v0.8; ON-KAYIT-TASLAK.md:775) ; TSL §5.1 [T145] “Relying Parties MUST reject JWTs with an invalid signature.” (draft-ietf-oauth-status-list-21; TSL.txt:788-789)	vaka: eşleme dışı (aile TSL, kol klasik-taban) | P0: en az bir izinli imza geçerli [ES256=geçerli] | R_I durum ihraççısına benzetmeyle uygulandı
TSL03_composite_kid	L4	tedavi-composite	hayır	accept-hybrid	ÖK §6.5 “İhraççı başına gerekli küme R = {X}, izinli küme {A, X}.” (ON-KAYIT-TASLAK v0.8; ON-KAYIT-TASLAK.md:1054) ; JWTBCP §3.1 [T328] “MUST determine which algorithms are permitted for itself and that issuer and ensure that the received JWT complies with those requirements” (draft-ietf-oauth-rfc8725bis-10; JWTBCP.txt:482-485) ; ACM2 Note 51 [T135] “the veriﬁcation function accepting if and only if all signatures are correct” (ECCG ACM v2.0; ACM2.txt:946) ; TSL §5.1 [T145] “Relying Parties MUST reject JWTs with an invalid signature.” (draft-ietf-oauth-status-list-21; TSL.txt:788-789)	vaka: eşleme dışı (aile TSL, kol tedavi-composite) | L4: tüm imzalar geçerli ve R={ML-DSA-65-ES256} karşılandı [ML-DSA-65-ES256=geçerli] | HAIP §6.1 durum listesi için x5c ister; composite X.509 kapsam dışı → HAIP sapması (ÖK §2D m.1); anahtar JWKS'ten | R_I durum ihraççısına benzetmeyle uygulandı
TSL03_composite_kid	P2	tedavi-composite	hayır	accept-hybrid	ÖK §4.8 P1 “Mevcut imzaların tümü geçerliyse kabul. İmza silinmesi (soyma) fark edilmez” (ON-KAYIT-TASLAK v0.8; ON-KAYIT-TASLAK.md:776) ; ÖK §4.8 P2 “P1 + her imza, anahtarının bağlı olduğu algoritmayla doğrulanır” (ON-KAYIT-TASLAK v0.8; ON-KAYIT-TASLAK.md:777) ; RFC7515 §5.2 [T314] “it is an application decision which of the JWS Signature values must successfully validate” (RFC 7515; RFC7515.txt:810-812) ; TSL §5.1 [T145] “Relying Parties MUST reject JWTs with an invalid signature.” (draft-ietf-oauth-status-list-21; TSL.txt:788-789)	vaka: eşleme dışı (aile TSL, kol tedavi-composite) | P2: mevcut tüm imzalar geçerli (R=∅) [ML-DSA-65-ES256=geçerli] | HAIP §6.1 durum listesi için x5c ister; composite X.509 kapsam dışı → HAIP sapması (ÖK §2D m.1); anahtar JWKS'ten | R_I durum ihraççısına benzetmeyle uygulandı
TSL03_composite_kid	P0	tedavi-composite	hayır	accept-hybrid	RFC7515 §5.2 [T315] “at least one JWS Signature value MUST successfully validate, or the JWS MUST be considered invalid” (RFC 7515; RFC7515.txt:814-816) ; RFC7515 §5.2 [T314] “it is an application decision which of the JWS Signature values must successfully validate” (RFC 7515; RFC7515.txt:810-812) ; ÖK §4.8 P0 “En az bir imza geçerliyse kabul” (ON-KAYIT-TASLAK v0.8; ON-KAYIT-TASLAK.md:775) ; TSL §5.1 [T145] “Relying Parties MUST reject JWTs with an invalid signature.” (draft-ietf-oauth-status-list-21; TSL.txt:788-789)	vaka: eşleme dışı (aile TSL, kol tedavi-composite) | P0: en az bir izinli imza geçerli [ML-DSA-65-ES256=geçerli] | HAIP §6.1 durum listesi için x5c ister; composite X.509 kapsam dışı → HAIP sapması (ÖK §2D m.1); anahtar JWKS'ten | R_I durum ihraççısına benzetmeyle uygulandı
DPOP01_ES256	L4	tedavi-composite	hayır	reject	ÖK §6.5 “İhraççı başına gerekli küme R = {X}, izinli küme {A, X}.” (ON-KAYIT-TASLAK v0.8; ON-KAYIT-TASLAK.md:1054) ; JWTBCP §3.1 [T328] “MUST determine which algorithms are permitted for itself and that issuer and ensure that the received JWT complies with those requirements” (draft-ietf-oauth-rfc8725bis-10; JWTBCP.txt:482-485) ; ÖK §4.7 G5 “Göç etmiş bir varlık, ilan ettiği eski-sürüm penceresi dışında yalnız klasik kanıtla kabul edilemez.” (ON-KAYIT-TASLAK v0.8; ON-KAYIT-TASLAK.md:767) ; ÖK §2B m.6 (L4c) “Göç etmiş ihraççının yalnız klasik imzalı belgesi reddedilir, eski ihraççının klasik imzalı belgesi kabul edilir.” (ON-KAYIT-TASLAK v0.8; ON-KAYIT-TASLAK.md:256)	vaka: eşleme dışı (aile DPOP, kol klasik-taban) | L4: R={ML-DSA-65-ES256} için geçerli imza yok (yalnız klasik kanıt; G5) [ES256=geçerli] | R_I = yerel politika (RFC 9449 §4.3(5)) benzetmesi; boyut eşiği kararı etkilemez
DPOP01_ES256	P2	tedavi-composite	hayır	accept-classical	ÖK §4.8 P1 “Mevcut imzaların tümü geçerliyse kabul. İmza silinmesi (soyma) fark edilmez” (ON-KAYIT-TASLAK v0.8; ON-KAYIT-TASLAK.md:776) ; ÖK §4.8 P2 “P1 + her imza, anahtarının bağlı olduğu algoritmayla doğrulanır” (ON-KAYIT-TASLAK v0.8; ON-KAYIT-TASLAK.md:777) ; RFC7515 §5.2 [T314] “it is an application decision which of the JWS Signature values must successfully validate” (RFC 7515; RFC7515.txt:810-812) ; RFC9449 §4.3 (5) [T378] “is supported by the application, and is acceptable per local policy” (RFC 9449; RFC9449.txt:496-498)	vaka: eşleme dışı (aile DPOP, kol klasik-taban) | P2: mevcut tüm imzalar geçerli (R=∅) [ES256=geçerli] | R_I = yerel politika (RFC 9449 §4.3(5)) benzetmesi; boyut eşiği kararı etkilemez
DPOP01_ES256	P0	tedavi-composite	hayır	accept-classical	RFC7515 §5.2 [T315] “at least one JWS Signature value MUST successfully validate, or the JWS MUST be considered invalid” (RFC 7515; RFC7515.txt:814-816) ; RFC7515 §5.2 [T314] “it is an application decision which of the JWS Signature values must successfully validate” (RFC 7515; RFC7515.txt:810-812) ; ÖK §4.8 P0 “En az bir imza geçerliyse kabul” (ON-KAYIT-TASLAK v0.8; ON-KAYIT-TASLAK.md:775) ; RFC9449 §4.3 (5) [T378] “is supported by the application, and is acceptable per local policy” (RFC 9449; RFC9449.txt:496-498)	vaka: eşleme dışı (aile DPOP, kol klasik-taban) | P0: en az bir izinli imza geçerli [ES256=geçerli] | R_I = yerel politika (RFC 9449 §4.3(5)) benzetmesi; boyut eşiği kararı etkilemez
DPOP03_ML-DSA-44	L4	tedavi-composite	hayır	reject	JWTBCP §3.1 [T327] “MUST NOT employ any algorithms outside this configured set” (draft-ietf-oauth-rfc8725bis-10; JWTBCP.txt:463-466) ; RFC7515 §4.1.1 [T319] “The JWS Signature value is not valid if the "alg" value does not represent a supported algorithm or if there is not a key for use with that algorithm” (RFC 7515; RFC7515.txt:508-510) ; ÖK §4.8 P1 “Mevcut imzaların tümü geçerliyse kabul. İmza silinmesi (soyma) fark edilmez” (ON-KAYIT-TASLAK v0.8; ON-KAYIT-TASLAK.md:776) ; ACM2 Note 51 [T135] “the veriﬁcation function accepting if and only if all signatures are correct” (ECCG ACM v2.0; ACM2.txt:946) ; ÖK §6.5 “İhraççı başına gerekli küme R = {X}, izinli küme {A, X}.” (ON-KAYIT-TASLAK v0.8; ON-KAYIT-TASLAK.md:1054)	vaka: eşleme dışı (aile DPOP, kol kapsam-pq) | L4: mevcut imzalardan en az biri geçersiz/izinsiz → tüm-mevcut-geçerli koşulu sağlanmıyor [ML-DSA-44=izinsiz] | R_I = yerel politika (RFC 9449 §4.3(5)) benzetmesi; boyut eşiği kararı etkilemez
DPOP03_ML-DSA-44	P2	tedavi-composite	hayır	reject	JWTBCP §3.1 [T327] “MUST NOT employ any algorithms outside this configured set” (draft-ietf-oauth-rfc8725bis-10; JWTBCP.txt:463-466) ; RFC7515 §4.1.1 [T319] “The JWS Signature value is not valid if the "alg" value does not represent a supported algorithm or if there is not a key for use with that algorithm” (RFC 7515; RFC7515.txt:508-510) ; ÖK §4.8 P1 “Mevcut imzaların tümü geçerliyse kabul. İmza silinmesi (soyma) fark edilmez” (ON-KAYIT-TASLAK v0.8; ON-KAYIT-TASLAK.md:776) ; ACM2 Note 51 [T135] “the veriﬁcation function accepting if and only if all signatures are correct” (ECCG ACM v2.0; ACM2.txt:946)	vaka: eşleme dışı (aile DPOP, kol kapsam-pq) | P2: mevcut imzalardan en az biri geçersiz/izinsiz → tüm-mevcut-geçerli koşulu sağlanmıyor [ML-DSA-44=izinsiz] | R_I = yerel politika (RFC 9449 §4.3(5)) benzetmesi; boyut eşiği kararı etkilemez
DPOP03_ML-DSA-44	P0	tedavi-composite	hayır	reject	RFC7515 §5.2 [T315] “at least one JWS Signature value MUST successfully validate, or the JWS MUST be considered invalid” (RFC 7515; RFC7515.txt:814-816) ; JWTBCP §3.1 [T327] “MUST NOT employ any algorithms outside this configured set” (draft-ietf-oauth-rfc8725bis-10; JWTBCP.txt:463-466) ; RFC7515 §4.1.1 [T319] “The JWS Signature value is not valid if the "alg" value does not represent a supported algorithm or if there is not a key for use with that algorithm” (RFC 7515; RFC7515.txt:508-510)	vaka: eşleme dışı (aile DPOP, kol kapsam-pq) | P0: geçerli izinli imza yok [ML-DSA-44=izinsiz] | R_I = yerel politika (RFC 9449 §4.3(5)) benzetmesi; boyut eşiği kararı etkilemez
DPOP05_ML-DSA-87	L4	tedavi-composite	hayır	reject	JWTBCP §3.1 [T327] “MUST NOT employ any algorithms outside this configured set” (draft-ietf-oauth-rfc8725bis-10; JWTBCP.txt:463-466) ; RFC7515 §4.1.1 [T319] “The JWS Signature value is not valid if the "alg" value does not represent a supported algorithm or if there is not a key for use with that algorithm” (RFC 7515; RFC7515.txt:508-510) ; ÖK §4.8 P1 “Mevcut imzaların tümü geçerliyse kabul. İmza silinmesi (soyma) fark edilmez” (ON-KAYIT-TASLAK v0.8; ON-KAYIT-TASLAK.md:776) ; ACM2 Note 51 [T135] “the veriﬁcation function accepting if and only if all signatures are correct” (ECCG ACM v2.0; ACM2.txt:946) ; ÖK §6.5 “İhraççı başına gerekli küme R = {X}, izinli küme {A, X}.” (ON-KAYIT-TASLAK v0.8; ON-KAYIT-TASLAK.md:1054)	vaka: eşleme dışı (aile DPOP, kol kapsam-pq) | L4: mevcut imzalardan en az biri geçersiz/izinsiz → tüm-mevcut-geçerli koşulu sağlanmıyor [ML-DSA-87=izinsiz] | R_I = yerel politika (RFC 9449 §4.3(5)) benzetmesi; boyut eşiği kararı etkilemez
DPOP05_ML-DSA-87	P2	tedavi-composite	hayır	reject	JWTBCP §3.1 [T327] “MUST NOT employ any algorithms outside this configured set” (draft-ietf-oauth-rfc8725bis-10; JWTBCP.txt:463-466) ; RFC7515 §4.1.1 [T319] “The JWS Signature value is not valid if the "alg" value does not represent a supported algorithm or if there is not a key for use with that algorithm” (RFC 7515; RFC7515.txt:508-510) ; ÖK §4.8 P1 “Mevcut imzaların tümü geçerliyse kabul. İmza silinmesi (soyma) fark edilmez” (ON-KAYIT-TASLAK v0.8; ON-KAYIT-TASLAK.md:776) ; ACM2 Note 51 [T135] “the veriﬁcation function accepting if and only if all signatures are correct” (ECCG ACM v2.0; ACM2.txt:946)	vaka: eşleme dışı (aile DPOP, kol kapsam-pq) | P2: mevcut imzalardan en az biri geçersiz/izinsiz → tüm-mevcut-geçerli koşulu sağlanmıyor [ML-DSA-87=izinsiz] | R_I = yerel politika (RFC 9449 §4.3(5)) benzetmesi; boyut eşiği kararı etkilemez
DPOP05_ML-DSA-87	P0	tedavi-composite	hayır	reject	RFC7515 §5.2 [T315] “at least one JWS Signature value MUST successfully validate, or the JWS MUST be considered invalid” (RFC 7515; RFC7515.txt:814-816) ; JWTBCP §3.1 [T327] “MUST NOT employ any algorithms outside this configured set” (draft-ietf-oauth-rfc8725bis-10; JWTBCP.txt:463-466) ; RFC7515 §4.1.1 [T319] “The JWS Signature value is not valid if the "alg" value does not represent a supported algorithm or if there is not a key for use with that algorithm” (RFC 7515; RFC7515.txt:508-510)	vaka: eşleme dışı (aile DPOP, kol kapsam-pq) | P0: geçerli izinli imza yok [ML-DSA-87=izinsiz] | R_I = yerel politika (RFC 9449 §4.3(5)) benzetmesi; boyut eşiği kararı etkilemez
DPOP06_ML-DSA-65-ES256	L4	tedavi-composite	hayır	accept-hybrid	ÖK §6.5 “İhraççı başına gerekli küme R = {X}, izinli küme {A, X}.” (ON-KAYIT-TASLAK v0.8; ON-KAYIT-TASLAK.md:1054) ; JWTBCP §3.1 [T328] “MUST determine which algorithms are permitted for itself and that issuer and ensure that the received JWT complies with those requirements” (draft-ietf-oauth-rfc8725bis-10; JWTBCP.txt:482-485) ; ACM2 Note 51 [T135] “the veriﬁcation function accepting if and only if all signatures are correct” (ECCG ACM v2.0; ACM2.txt:946) ; RFC9449 §4.3 (5) [T378] “is supported by the application, and is acceptable per local policy” (RFC 9449; RFC9449.txt:496-498)	vaka: eşleme dışı (aile DPOP, kol tedavi-composite) | L4: tüm imzalar geçerli ve R={ML-DSA-65-ES256} karşılandı [ML-DSA-65-ES256=geçerli] | R_I = yerel politika (RFC 9449 §4.3(5)) benzetmesi; boyut eşiği kararı etkilemez
DPOP06_ML-DSA-65-ES256	P2	tedavi-composite	hayır	accept-hybrid	ÖK §4.8 P1 “Mevcut imzaların tümü geçerliyse kabul. İmza silinmesi (soyma) fark edilmez” (ON-KAYIT-TASLAK v0.8; ON-KAYIT-TASLAK.md:776) ; ÖK §4.8 P2 “P1 + her imza, anahtarının bağlı olduğu algoritmayla doğrulanır” (ON-KAYIT-TASLAK v0.8; ON-KAYIT-TASLAK.md:777) ; RFC7515 §5.2 [T314] “it is an application decision which of the JWS Signature values must successfully validate” (RFC 7515; RFC7515.txt:810-812) ; RFC9449 §4.3 (5) [T378] “is supported by the application, and is acceptable per local policy” (RFC 9449; RFC9449.txt:496-498)	vaka: eşleme dışı (aile DPOP, kol tedavi-composite) | P2: mevcut tüm imzalar geçerli (R=∅) [ML-DSA-65-ES256=geçerli] | R_I = yerel politika (RFC 9449 §4.3(5)) benzetmesi; boyut eşiği kararı etkilemez
DPOP06_ML-DSA-65-ES256	P0	tedavi-composite	hayır	accept-hybrid	RFC7515 §5.2 [T315] “at least one JWS Signature value MUST successfully validate, or the JWS MUST be considered invalid” (RFC 7515; RFC7515.txt:814-816) ; RFC7515 §5.2 [T314] “it is an application decision which of the JWS Signature values must successfully validate” (RFC 7515; RFC7515.txt:810-812) ; ÖK §4.8 P0 “En az bir imza geçerliyse kabul” (ON-KAYIT-TASLAK v0.8; ON-KAYIT-TASLAK.md:775) ; RFC9449 §4.3 (5) [T378] “is supported by the application, and is acceptable per local policy” (RFC 9449; RFC9449.txt:496-498)	vaka: eşleme dışı (aile DPOP, kol tedavi-composite) | P0: en az bir izinli imza geçerli [ML-DSA-65-ES256=geçerli] | R_I = yerel politika (RFC 9449 §4.3(5)) benzetmesi; boyut eşiği kararı etkilemez
DPOP07_ML-DSA-65-Ed25519	L4	tedavi-composite	hayır	reject	JWTBCP §3.1 [T327] “MUST NOT employ any algorithms outside this configured set” (draft-ietf-oauth-rfc8725bis-10; JWTBCP.txt:463-466) ; RFC7515 §4.1.1 [T319] “The JWS Signature value is not valid if the "alg" value does not represent a supported algorithm or if there is not a key for use with that algorithm” (RFC 7515; RFC7515.txt:508-510) ; ÖK §4.8 P1 “Mevcut imzaların tümü geçerliyse kabul. İmza silinmesi (soyma) fark edilmez” (ON-KAYIT-TASLAK v0.8; ON-KAYIT-TASLAK.md:776) ; ACM2 Note 51 [T135] “the veriﬁcation function accepting if and only if all signatures are correct” (ECCG ACM v2.0; ACM2.txt:946) ; ÖK §6.5 “İhraççı başına gerekli küme R = {X}, izinli küme {A, X}.” (ON-KAYIT-TASLAK v0.8; ON-KAYIT-TASLAK.md:1054)	vaka: eşleme dışı (aile DPOP, kol kapsam-hibrit) | L4: mevcut imzalardan en az biri geçersiz/izinsiz → tüm-mevcut-geçerli koşulu sağlanmıyor [ML-DSA-65-Ed25519=izinsiz] | R_I = yerel politika (RFC 9449 §4.3(5)) benzetmesi; boyut eşiği kararı etkilemez
DPOP07_ML-DSA-65-Ed25519	P2	tedavi-composite	hayır	reject	JWTBCP §3.1 [T327] “MUST NOT employ any algorithms outside this configured set” (draft-ietf-oauth-rfc8725bis-10; JWTBCP.txt:463-466) ; RFC7515 §4.1.1 [T319] “The JWS Signature value is not valid if the "alg" value does not represent a supported algorithm or if there is not a key for use with that algorithm” (RFC 7515; RFC7515.txt:508-510) ; ÖK §4.8 P1 “Mevcut imzaların tümü geçerliyse kabul. İmza silinmesi (soyma) fark edilmez” (ON-KAYIT-TASLAK v0.8; ON-KAYIT-TASLAK.md:776) ; ACM2 Note 51 [T135] “the veriﬁcation function accepting if and only if all signatures are correct” (ECCG ACM v2.0; ACM2.txt:946)	vaka: eşleme dışı (aile DPOP, kol kapsam-hibrit) | P2: mevcut imzalardan en az biri geçersiz/izinsiz → tüm-mevcut-geçerli koşulu sağlanmıyor [ML-DSA-65-Ed25519=izinsiz] | R_I = yerel politika (RFC 9449 §4.3(5)) benzetmesi; boyut eşiği kararı etkilemez
DPOP07_ML-DSA-65-Ed25519	P0	tedavi-composite	hayır	reject	RFC7515 §5.2 [T315] “at least one JWS Signature value MUST successfully validate, or the JWS MUST be considered invalid” (RFC 7515; RFC7515.txt:814-816) ; JWTBCP §3.1 [T327] “MUST NOT employ any algorithms outside this configured set” (draft-ietf-oauth-rfc8725bis-10; JWTBCP.txt:463-466) ; RFC7515 §4.1.1 [T319] “The JWS Signature value is not valid if the "alg" value does not represent a supported algorithm or if there is not a key for use with that algorithm” (RFC 7515; RFC7515.txt:508-510)	vaka: eşleme dışı (aile DPOP, kol kapsam-hibrit) | P0: geçerli izinli imza yok [ML-DSA-65-Ed25519=izinsiz] | R_I = yerel politika (RFC 9449 §4.3(5)) benzetmesi; boyut eşiği kararı etkilemez
DPOP09_ML-DSA-65-ES256_ath_nonce	L4	tedavi-composite	hayır	indeterminate	RFC9449 §4.3 (10) “If the server provided a nonce value to the client, the nonce claim matches the server-provided nonce value.” (RFC 9449; RFC9449.txt:506-507) ; RFC9449 §4.3 (12) “If presented to a protected resource in conjunction with an access token,” (RFC 9449; RFC9449.txt:511-512)	vaka: eşleme dışı (aile DPOP, kol tedavi-composite) | imza/alg düzeyinde kabul yolu var, fakat nonce ve ath denetimleri sunucu bağlamına bağlı; dogrulama_girdileri sunucu nonce'unu ve erişim belirtecini vermiyor (htu = belirteç uç noktası) | R_I = yerel politika (RFC 9449 §4.3(5)) benzetmesi; boyut eşiği kararı etkilemez
DPOP09_ML-DSA-65-ES256_ath_nonce	P2	tedavi-composite	hayır	indeterminate	RFC9449 §4.3 (10) “If the server provided a nonce value to the client, the nonce claim matches the server-provided nonce value.” (RFC 9449; RFC9449.txt:506-507) ; RFC9449 §4.3 (12) “If presented to a protected resource in conjunction with an access token,” (RFC 9449; RFC9449.txt:511-512)	vaka: eşleme dışı (aile DPOP, kol tedavi-composite) | imza/alg düzeyinde kabul yolu var, fakat nonce ve ath denetimleri sunucu bağlamına bağlı; dogrulama_girdileri sunucu nonce'unu ve erişim belirtecini vermiyor (htu = belirteç uç noktası) | R_I = yerel politika (RFC 9449 §4.3(5)) benzetmesi; boyut eşiği kararı etkilemez
DPOP09_ML-DSA-65-ES256_ath_nonce	P0	tedavi-composite	hayır	indeterminate	RFC9449 §4.3 (10) “If the server provided a nonce value to the client, the nonce claim matches the server-provided nonce value.” (RFC 9449; RFC9449.txt:506-507) ; RFC9449 §4.3 (12) “If presented to a protected resource in conjunction with an access token,” (RFC 9449; RFC9449.txt:511-512)	vaka: eşleme dışı (aile DPOP, kol tedavi-composite) | imza/alg düzeyinde kabul yolu var, fakat nonce ve ath denetimleri sunucu bağlamına bağlı; dogrulama_girdileri sunucu nonce'unu ve erişim belirtecini vermiyor (htu = belirteç uç noktası) | R_I = yerel politika (RFC 9449 §4.3(5)) benzetmesi; boyut eşiği kararı etkilemez
T1C_both_valid-SIRA-ters	L4	tedavi-composite	hayır	accept-hybrid	ÖK §6.5 “İhraççı başına gerekli küme R = {X}, izinli küme {A, X}.” (ON-KAYIT-TASLAK v0.8; ON-KAYIT-TASLAK.md:1054) ; JWTBCP §3.1 [T328] “MUST determine which algorithms are permitted for itself and that issuer and ensure that the received JWT complies with those requirements” (draft-ietf-oauth-rfc8725bis-10; JWTBCP.txt:482-485) ; ACM2 Note 51 [T135] “the veriﬁcation function accepting if and only if all signatures are correct” (ECCG ACM v2.0; ACM2.txt:946)	vaka: MR4 eşi (eşleme §2) | L4: tüm imzalar geçerli ve R={ML-DSA-65-ES256} karşılandı [ML-DSA-65-ES256=geçerli, ES256=geçerli] | MR4 eşi: kaynak T1C_both_valid (ters); imzalar bağımsız doğrulandığından karar kaynakla aynı (RFC 7515 §5.2 adım 9)
T1C_both_valid-SIRA-ters	P2	tedavi-composite	hayır	accept-hybrid	ÖK §4.8 P1 “Mevcut imzaların tümü geçerliyse kabul. İmza silinmesi (soyma) fark edilmez” (ON-KAYIT-TASLAK v0.8; ON-KAYIT-TASLAK.md:776) ; ÖK §4.8 P2 “P1 + her imza, anahtarının bağlı olduğu algoritmayla doğrulanır” (ON-KAYIT-TASLAK v0.8; ON-KAYIT-TASLAK.md:777) ; RFC7515 §5.2 [T314] “it is an application decision which of the JWS Signature values must successfully validate” (RFC 7515; RFC7515.txt:810-812)	vaka: MR4 eşi (eşleme §2) | P2: mevcut tüm imzalar geçerli (R=∅) [ML-DSA-65-ES256=geçerli, ES256=geçerli] | MR4 eşi: kaynak T1C_both_valid (ters); imzalar bağımsız doğrulandığından karar kaynakla aynı (RFC 7515 §5.2 adım 9)
T1C_both_valid-SIRA-ters	P0	tedavi-composite	hayır	accept-hybrid	RFC7515 §5.2 [T315] “at least one JWS Signature value MUST successfully validate, or the JWS MUST be considered invalid” (RFC 7515; RFC7515.txt:814-816) ; RFC7515 §5.2 [T314] “it is an application decision which of the JWS Signature values must successfully validate” (RFC 7515; RFC7515.txt:810-812) ; ÖK §4.8 P0 “En az bir imza geçerliyse kabul” (ON-KAYIT-TASLAK v0.8; ON-KAYIT-TASLAK.md:775)	vaka: MR4 eşi (eşleme §2) | P0: en az bir izinli imza geçerli [ML-DSA-65-ES256=geçerli, ES256=geçerli] | MR4 eşi: kaynak T1C_both_valid (ters); imzalar bağımsız doğrulandığından karar kaynakla aynı (RFC 7515 §5.2 adım 9)
T2C_second_tampered-SIRA-ters	L4	tedavi-composite	hayır	reject	JOSECOMP §4.3 [T345] “MUST validate a signature only if all component signatures were successfully validated” (draft-ietf-jose-pq-composite-sigs-04; JOSECOMP.txt:452-453) ; RFC7515 §5.2 (8) “Validate the JWS Signature against the JWS Signing Input” (RFC 7515; RFC7515.txt:873) ; ÖK §4.8 P1 “Mevcut imzaların tümü geçerliyse kabul. İmza silinmesi (soyma) fark edilmez” (ON-KAYIT-TASLAK v0.8; ON-KAYIT-TASLAK.md:776) ; ACM2 Note 51 [T135] “the veriﬁcation function accepting if and only if all signatures are correct” (ECCG ACM v2.0; ACM2.txt:946) ; ÖK §6.5 “İhraççı başına gerekli küme R = {X}, izinli küme {A, X}.” (ON-KAYIT-TASLAK v0.8; ON-KAYIT-TASLAK.md:1054)	vaka: MR4 eşi (eşleme §2) | L4: mevcut imzalardan en az biri geçersiz/izinsiz → tüm-mevcut-geçerli koşulu sağlanmıyor [ML-DSA-65-ES256=geçersiz (bozuk composite (permütasyonla 0. sırada)), ES256=geçerli] | MR4 eşi: kaynak T2C_second_tampered (ters); imzalar bağımsız doğrulandığından karar kaynakla aynı (RFC 7515 §5.2 adım 9)
T2C_second_tampered-SIRA-ters	P2	tedavi-composite	hayır	reject	JOSECOMP §4.3 [T345] “MUST validate a signature only if all component signatures were successfully validated” (draft-ietf-jose-pq-composite-sigs-04; JOSECOMP.txt:452-453) ; RFC7515 §5.2 (8) “Validate the JWS Signature against the JWS Signing Input” (RFC 7515; RFC7515.txt:873) ; ÖK §4.8 P1 “Mevcut imzaların tümü geçerliyse kabul. İmza silinmesi (soyma) fark edilmez” (ON-KAYIT-TASLAK v0.8; ON-KAYIT-TASLAK.md:776) ; ACM2 Note 51 [T135] “the veriﬁcation function accepting if and only if all signatures are correct” (ECCG ACM v2.0; ACM2.txt:946)	vaka: MR4 eşi (eşleme §2) | P2: mevcut imzalardan en az biri geçersiz/izinsiz → tüm-mevcut-geçerli koşulu sağlanmıyor [ML-DSA-65-ES256=geçersiz (bozuk composite (permütasyonla 0. sırada)), ES256=geçerli] | MR4 eşi: kaynak T2C_second_tampered (ters); imzalar bağımsız doğrulandığından karar kaynakla aynı (RFC 7515 §5.2 adım 9)
T2C_second_tampered-SIRA-ters	P0	tedavi-composite	hayır	accept-classical	JOSECOMP §4.3 [T345] “MUST validate a signature only if all component signatures were successfully validated” (draft-ietf-jose-pq-composite-sigs-04; JOSECOMP.txt:452-453) ; RFC7515 §5.2 [T315] “at least one JWS Signature value MUST successfully validate, or the JWS MUST be considered invalid” (RFC 7515; RFC7515.txt:814-816) ; RFC7515 §5.2 [T314] “it is an application decision which of the JWS Signature values must successfully validate” (RFC 7515; RFC7515.txt:810-812) ; ÖK §4.8 P0 “En az bir imza geçerliyse kabul” (ON-KAYIT-TASLAK v0.8; ON-KAYIT-TASLAK.md:775)	vaka: MR4 eşi (eşleme §2) | P0: en az bir izinli imza geçerli [ML-DSA-65-ES256=geçersiz (bozuk composite (permütasyonla 0. sırada)), ES256=geçerli] | MR4 eşi: kaynak T2C_second_tampered (ters); imzalar bağımsız doğrulandığından karar kaynakla aynı (RFC 7515 §5.2 adım 9)
T4C_plus_ML-DSA-65-SIRA-ek-once	L4	tedavi-composite	hayır	reject	JWTBCP §3.1 [T327] “MUST NOT employ any algorithms outside this configured set” (draft-ietf-oauth-rfc8725bis-10; JWTBCP.txt:463-466) ; RFC7515 §4.1.1 [T319] “The JWS Signature value is not valid if the "alg" value does not represent a supported algorithm or if there is not a key for use with that algorithm” (RFC 7515; RFC7515.txt:508-510) ; ÖK §4.8 P1 “Mevcut imzaların tümü geçerliyse kabul. İmza silinmesi (soyma) fark edilmez” (ON-KAYIT-TASLAK v0.8; ON-KAYIT-TASLAK.md:776) ; ACM2 Note 51 [T135] “the veriﬁcation function accepting if and only if all signatures are correct” (ECCG ACM v2.0; ACM2.txt:946) ; ÖK §6.5 “İhraççı başına gerekli küme R = {X}, izinli küme {A, X}.” (ON-KAYIT-TASLAK v0.8; ON-KAYIT-TASLAK.md:1054)	vaka: MR4 eşi (eşleme §2) | L4: mevcut imzalardan en az biri geçersiz/izinsiz → tüm-mevcut-geçerli koşulu sağlanmıyor [ML-DSA-65=izinsiz, ES256=geçerli, ML-DSA-65-ES256=geçerli] | MR4 eşi: kaynak T4C_plus_ML-DSA-65 (ek-once); imzalar bağımsız doğrulandığından karar kaynakla aynı (RFC 7515 §5.2 adım 9)
T4C_plus_ML-DSA-65-SIRA-ek-once	P2	tedavi-composite	hayır	reject	JWTBCP §3.1 [T327] “MUST NOT employ any algorithms outside this configured set” (draft-ietf-oauth-rfc8725bis-10; JWTBCP.txt:463-466) ; RFC7515 §4.1.1 [T319] “The JWS Signature value is not valid if the "alg" value does not represent a supported algorithm or if there is not a key for use with that algorithm” (RFC 7515; RFC7515.txt:508-510) ; ÖK §4.8 P1 “Mevcut imzaların tümü geçerliyse kabul. İmza silinmesi (soyma) fark edilmez” (ON-KAYIT-TASLAK v0.8; ON-KAYIT-TASLAK.md:776) ; ACM2 Note 51 [T135] “the veriﬁcation function accepting if and only if all signatures are correct” (ECCG ACM v2.0; ACM2.txt:946)	vaka: MR4 eşi (eşleme §2) | P2: mevcut imzalardan en az biri geçersiz/izinsiz → tüm-mevcut-geçerli koşulu sağlanmıyor [ML-DSA-65=izinsiz, ES256=geçerli, ML-DSA-65-ES256=geçerli] | MR4 eşi: kaynak T4C_plus_ML-DSA-65 (ek-once); imzalar bağımsız doğrulandığından karar kaynakla aynı (RFC 7515 §5.2 adım 9)
T4C_plus_ML-DSA-65-SIRA-ek-once	P0	tedavi-composite	hayır	accept-hybrid	RFC7515 §5.2 [T315] “at least one JWS Signature value MUST successfully validate, or the JWS MUST be considered invalid” (RFC 7515; RFC7515.txt:814-816) ; RFC7515 §5.2 [T314] “it is an application decision which of the JWS Signature values must successfully validate” (RFC 7515; RFC7515.txt:810-812) ; ÖK §4.8 P0 “En az bir imza geçerliyse kabul” (ON-KAYIT-TASLAK v0.8; ON-KAYIT-TASLAK.md:775)	vaka: MR4 eşi (eşleme §2) | P0: en az bir izinli imza geçerli [ML-DSA-65=izinsiz, ES256=geçerli, ML-DSA-65-ES256=geçerli] | MR4 eşi: kaynak T4C_plus_ML-DSA-65 (ek-once); imzalar bağımsız doğrulandığından karar kaynakla aynı (RFC 7515 §5.2 adım 9)
T4C_plus_ML-DSA-65-SIRA-ters	L4	tedavi-composite	hayır	reject	JWTBCP §3.1 [T327] “MUST NOT employ any algorithms outside this configured set” (draft-ietf-oauth-rfc8725bis-10; JWTBCP.txt:463-466) ; RFC7515 §4.1.1 [T319] “The JWS Signature value is not valid if the "alg" value does not represent a supported algorithm or if there is not a key for use with that algorithm” (RFC 7515; RFC7515.txt:508-510) ; ÖK §4.8 P1 “Mevcut imzaların tümü geçerliyse kabul. İmza silinmesi (soyma) fark edilmez” (ON-KAYIT-TASLAK v0.8; ON-KAYIT-TASLAK.md:776) ; ACM2 Note 51 [T135] “the veriﬁcation function accepting if and only if all signatures are correct” (ECCG ACM v2.0; ACM2.txt:946) ; ÖK §6.5 “İhraççı başına gerekli küme R = {X}, izinli küme {A, X}.” (ON-KAYIT-TASLAK v0.8; ON-KAYIT-TASLAK.md:1054)	vaka: MR4 eşi (eşleme §2) | L4: mevcut imzalardan en az biri geçersiz/izinsiz → tüm-mevcut-geçerli koşulu sağlanmıyor [ML-DSA-65=izinsiz, ML-DSA-65-ES256=geçerli, ES256=geçerli] | MR4 eşi: kaynak T4C_plus_ML-DSA-65 (ters); imzalar bağımsız doğrulandığından karar kaynakla aynı (RFC 7515 §5.2 adım 9)
T4C_plus_ML-DSA-65-SIRA-ters	P2	tedavi-composite	hayır	reject	JWTBCP §3.1 [T327] “MUST NOT employ any algorithms outside this configured set” (draft-ietf-oauth-rfc8725bis-10; JWTBCP.txt:463-466) ; RFC7515 §4.1.1 [T319] “The JWS Signature value is not valid if the "alg" value does not represent a supported algorithm or if there is not a key for use with that algorithm” (RFC 7515; RFC7515.txt:508-510) ; ÖK §4.8 P1 “Mevcut imzaların tümü geçerliyse kabul. İmza silinmesi (soyma) fark edilmez” (ON-KAYIT-TASLAK v0.8; ON-KAYIT-TASLAK.md:776) ; ACM2 Note 51 [T135] “the veriﬁcation function accepting if and only if all signatures are correct” (ECCG ACM v2.0; ACM2.txt:946)	vaka: MR4 eşi (eşleme §2) | P2: mevcut imzalardan en az biri geçersiz/izinsiz → tüm-mevcut-geçerli koşulu sağlanmıyor [ML-DSA-65=izinsiz, ML-DSA-65-ES256=geçerli, ES256=geçerli] | MR4 eşi: kaynak T4C_plus_ML-DSA-65 (ters); imzalar bağımsız doğrulandığından karar kaynakla aynı (RFC 7515 §5.2 adım 9)
T4C_plus_ML-DSA-65-SIRA-ters	P0	tedavi-composite	hayır	accept-hybrid	RFC7515 §5.2 [T315] “at least one JWS Signature value MUST successfully validate, or the JWS MUST be considered invalid” (RFC 7515; RFC7515.txt:814-816) ; RFC7515 §5.2 [T314] “it is an application decision which of the JWS Signature values must successfully validate” (RFC 7515; RFC7515.txt:810-812) ; ÖK §4.8 P0 “En az bir imza geçerliyse kabul” (ON-KAYIT-TASLAK v0.8; ON-KAYIT-TASLAK.md:775)	vaka: MR4 eşi (eşleme §2) | P0: en az bir izinli imza geçerli [ML-DSA-65=izinsiz, ML-DSA-65-ES256=geçerli, ES256=geçerli] | MR4 eşi: kaynak T4C_plus_ML-DSA-65 (ters); imzalar bağımsız doğrulandığından karar kaynakla aynı (RFC 7515 §5.2 adım 9)
VC08_GJ_ES256_composite-SIRA-ters	L4|sdjwtvc=-13	tedavi-composite	hayır	accept-hybrid	ÖK §6.5 “İhraççı başına gerekli küme R = {X}, izinli küme {A, X}.” (ON-KAYIT-TASLAK v0.8; ON-KAYIT-TASLAK.md:1054) ; JWTBCP §3.1 [T328] “MUST determine which algorithms are permitted for itself and that issuer and ensure that the received JWT complies with those requirements” (draft-ietf-oauth-rfc8725bis-10; JWTBCP.txt:482-485) ; ACM2 Note 51 [T135] “the veriﬁcation function accepting if and only if all signatures are correct” (ECCG ACM v2.0; ACM2.txt:946) ; SDJWTVC13 §3.2 [T114] “where support for the JWS JSON Serialization is OPTIONAL” (draft-ietf-oauth-sd-jwt-vc-13; SDJWTVC13.txt:303-304) ; RFC9901 §8.3 [T108] “disclosures and kb_jwt MUST be included in the first unprotected header” (RFC 9901; RFC9901.txt:1987-1988) ; RFC9901 §7.1 (2b) “Validate the signature over the Issuer-signed JWT per Section 5.2 of [RFC7515].” (RFC 9901; RFC9901.txt:1667-1668)	vaka: MR4 eşi (eşleme §2) | L4: tüm imzalar geçerli ve R={ML-DSA-65-ES256} karşılandı [ML-DSA-65-ES256=geçerli, ES256=geçerli] | MR4 eşi: kaynak VC08_GJ_ES256_composite (ters); imzalar bağımsız doğrulandığından karar kaynakla aynı (RFC 7515 §5.2 adım 9)
VC08_GJ_ES256_composite-SIRA-ters	L4|sdjwtvc=-19	tedavi-composite	hayır	indeterminate	SDJWTVC §2.2 [T113] “not precluded but the specific details are beyond the scope of this specification” (draft-ietf-oauth-sd-jwt-vc-19; SDJWTVC.txt:307-309) ; HAIP §6.1 [T115] “Compact serialization MUST be supported as defined in [RFC9901]. JSON serialization MAY be supported.” (OpenID4VC HAIP 1.0 Final; HAIP.txt:468) ; ÖK §2D m.7 “senaryo (d) vektörleri (JSON serileştirmenin statüsü)” (ON-KAYIT-TASLAK v0.8; ON-KAYIT-TASLAK.md:423)	vaka: MR4 eşi (eşleme §2) | -19: JSON serileştirilmiş SD-JWT VC ayrıntıları kapsam dışı; destekleyen doğrulayıcı -13 okumasıyla kabul eder, desteklemeyen reddeder → belirlenmemiş (MR3 sürüm farkı). -13 kararı: L4: tüm imzalar geçerli ve R={ML-DSA-65-ES256} karşılandı [ML-DSA-65-ES256=geçerli, ES256=geçerli] | MR4 eşi: kaynak VC08_GJ_ES256_composite (ters); imzalar bağımsız doğrulandığından karar kaynakla aynı (RFC 7515 §5.2 adım 9)
VC08_GJ_ES256_composite-SIRA-ters	P2|sdjwtvc=-13	tedavi-composite	hayır	accept-hybrid	ÖK §4.8 P1 “Mevcut imzaların tümü geçerliyse kabul. İmza silinmesi (soyma) fark edilmez” (ON-KAYIT-TASLAK v0.8; ON-KAYIT-TASLAK.md:776) ; ÖK §4.8 P2 “P1 + her imza, anahtarının bağlı olduğu algoritmayla doğrulanır” (ON-KAYIT-TASLAK v0.8; ON-KAYIT-TASLAK.md:777) ; RFC7515 §5.2 [T314] “it is an application decision which of the JWS Signature values must successfully validate” (RFC 7515; RFC7515.txt:810-812) ; SDJWTVC13 §3.2 [T114] “where support for the JWS JSON Serialization is OPTIONAL” (draft-ietf-oauth-sd-jwt-vc-13; SDJWTVC13.txt:303-304) ; RFC9901 §8.3 [T108] “disclosures and kb_jwt MUST be included in the first unprotected header” (RFC 9901; RFC9901.txt:1987-1988) ; RFC9901 §7.1 (2b) “Validate the signature over the Issuer-signed JWT per Section 5.2 of [RFC7515].” (RFC 9901; RFC9901.txt:1667-1668)	vaka: MR4 eşi (eşleme §2) | P2: mevcut tüm imzalar geçerli (R=∅) [ML-DSA-65-ES256=geçerli, ES256=geçerli] | MR4 eşi: kaynak VC08_GJ_ES256_composite (ters); imzalar bağımsız doğrulandığından karar kaynakla aynı (RFC 7515 §5.2 adım 9)
VC08_GJ_ES256_composite-SIRA-ters	P2|sdjwtvc=-19	tedavi-composite	hayır	indeterminate	SDJWTVC §2.2 [T113] “not precluded but the specific details are beyond the scope of this specification” (draft-ietf-oauth-sd-jwt-vc-19; SDJWTVC.txt:307-309) ; HAIP §6.1 [T115] “Compact serialization MUST be supported as defined in [RFC9901]. JSON serialization MAY be supported.” (OpenID4VC HAIP 1.0 Final; HAIP.txt:468) ; ÖK §2D m.7 “senaryo (d) vektörleri (JSON serileştirmenin statüsü)” (ON-KAYIT-TASLAK v0.8; ON-KAYIT-TASLAK.md:423)	vaka: MR4 eşi (eşleme §2) | -19: JSON serileştirilmiş SD-JWT VC ayrıntıları kapsam dışı; destekleyen doğrulayıcı -13 okumasıyla kabul eder, desteklemeyen reddeder → belirlenmemiş (MR3 sürüm farkı). -13 kararı: P2: mevcut tüm imzalar geçerli (R=∅) [ML-DSA-65-ES256=geçerli, ES256=geçerli] | MR4 eşi: kaynak VC08_GJ_ES256_composite (ters); imzalar bağımsız doğrulandığından karar kaynakla aynı (RFC 7515 §5.2 adım 9)
VC08_GJ_ES256_composite-SIRA-ters	P0|sdjwtvc=-13	tedavi-composite	hayır	accept-hybrid	RFC7515 §5.2 [T315] “at least one JWS Signature value MUST successfully validate, or the JWS MUST be considered invalid” (RFC 7515; RFC7515.txt:814-816) ; RFC7515 §5.2 [T314] “it is an application decision which of the JWS Signature values must successfully validate” (RFC 7515; RFC7515.txt:810-812) ; ÖK §4.8 P0 “En az bir imza geçerliyse kabul” (ON-KAYIT-TASLAK v0.8; ON-KAYIT-TASLAK.md:775) ; SDJWTVC13 §3.2 [T114] “where support for the JWS JSON Serialization is OPTIONAL” (draft-ietf-oauth-sd-jwt-vc-13; SDJWTVC13.txt:303-304) ; RFC9901 §8.3 [T108] “disclosures and kb_jwt MUST be included in the first unprotected header” (RFC 9901; RFC9901.txt:1987-1988) ; RFC9901 §7.1 (2b) “Validate the signature over the Issuer-signed JWT per Section 5.2 of [RFC7515].” (RFC 9901; RFC9901.txt:1667-1668)	vaka: MR4 eşi (eşleme §2) | P0: en az bir izinli imza geçerli [ML-DSA-65-ES256=geçerli, ES256=geçerli] | MR4 eşi: kaynak VC08_GJ_ES256_composite (ters); imzalar bağımsız doğrulandığından karar kaynakla aynı (RFC 7515 §5.2 adım 9)
VC08_GJ_ES256_composite-SIRA-ters	P0|sdjwtvc=-19	tedavi-composite	hayır	indeterminate	SDJWTVC §2.2 [T113] “not precluded but the specific details are beyond the scope of this specification” (draft-ietf-oauth-sd-jwt-vc-19; SDJWTVC.txt:307-309) ; HAIP §6.1 [T115] “Compact serialization MUST be supported as defined in [RFC9901]. JSON serialization MAY be supported.” (OpenID4VC HAIP 1.0 Final; HAIP.txt:468) ; ÖK §2D m.7 “senaryo (d) vektörleri (JSON serileştirmenin statüsü)” (ON-KAYIT-TASLAK v0.8; ON-KAYIT-TASLAK.md:423)	vaka: MR4 eşi (eşleme §2) | -19: JSON serileştirilmiş SD-JWT VC ayrıntıları kapsam dışı; destekleyen doğrulayıcı -13 okumasıyla kabul eder, desteklemeyen reddeder → belirlenmemiş (MR3 sürüm farkı). -13 kararı: P0: en az bir izinli imza geçerli [ML-DSA-65-ES256=geçerli, ES256=geçerli] | MR4 eşi: kaynak VC08_GJ_ES256_composite (ters); imzalar bağımsız doğrulandığından karar kaynakla aynı (RFC 7515 §5.2 adım 9)
T7C_plus_kayitsiz	L4	tedavi-composite	evet	reject	JWTBCP §3.1 [T327] “MUST NOT employ any algorithms outside this configured set” (draft-ietf-oauth-rfc8725bis-10; JWTBCP.txt:463-466) ; RFC7515 §4.1.1 [T319] “The JWS Signature value is not valid if the "alg" value does not represent a supported algorithm or if there is not a key for use with that algorithm” (RFC 7515; RFC7515.txt:508-510) ; ÖK §4.8 P1 “Mevcut imzaların tümü geçerliyse kabul. İmza silinmesi (soyma) fark edilmez” (ON-KAYIT-TASLAK v0.8; ON-KAYIT-TASLAK.md:776) ; ACM2 Note 51 [T135] “the veriﬁcation function accepting if and only if all signatures are correct” (ECCG ACM v2.0; ACM2.txt:946) ; ÖK §6.5 “İhraççı başına gerekli küme R = {X}, izinli küme {A, X}.” (ON-KAYIT-TASLAK v0.8; ON-KAYIT-TASLAK.md:1054) ; ÖK §6.5 K5 “Politikaya göre (MR2); bayrak B1” (ON-KAYIT-TASLAK v0.8; ON-KAYIT-TASLAK.md:1062)	vaka: K5 birincil; MR2 (T1↔T7) | L4: mevcut imzalardan en az biri geçersiz/izinsiz → tüm-mevcut-geçerli koşulu sağlanmıyor [ES256=geçerli, ML-DSA-65-ES256=geçerli, X-KAYITSIZ-1=izinsiz (X-KAYITSIZ-1: rastgele 128 B, anahtar yok)]
T7C_plus_kayitsiz	P2	tedavi-composite	evet	reject	JWTBCP §3.1 [T327] “MUST NOT employ any algorithms outside this configured set” (draft-ietf-oauth-rfc8725bis-10; JWTBCP.txt:463-466) ; RFC7515 §4.1.1 [T319] “The JWS Signature value is not valid if the "alg" value does not represent a supported algorithm or if there is not a key for use with that algorithm” (RFC 7515; RFC7515.txt:508-510) ; ÖK §4.8 P1 “Mevcut imzaların tümü geçerliyse kabul. İmza silinmesi (soyma) fark edilmez” (ON-KAYIT-TASLAK v0.8; ON-KAYIT-TASLAK.md:776) ; ACM2 Note 51 [T135] “the veriﬁcation function accepting if and only if all signatures are correct” (ECCG ACM v2.0; ACM2.txt:946)	vaka: K5 birincil; MR2 (T1↔T7) | P2: mevcut imzalardan en az biri geçersiz/izinsiz → tüm-mevcut-geçerli koşulu sağlanmıyor [ES256=geçerli, ML-DSA-65-ES256=geçerli, X-KAYITSIZ-1=izinsiz (X-KAYITSIZ-1: rastgele 128 B, anahtar yok)]
T7C_plus_kayitsiz	P0	tedavi-composite	evet	accept-hybrid	RFC7515 §5.2 [T315] “at least one JWS Signature value MUST successfully validate, or the JWS MUST be considered invalid” (RFC 7515; RFC7515.txt:814-816) ; RFC7515 §5.2 [T314] “it is an application decision which of the JWS Signature values must successfully validate” (RFC 7515; RFC7515.txt:810-812) ; ÖK §4.8 P0 “En az bir imza geçerliyse kabul” (ON-KAYIT-TASLAK v0.8; ON-KAYIT-TASLAK.md:775)	vaka: K5 birincil; MR2 (T1↔T7) | P0: en az bir izinli imza geçerli [ES256=geçerli, ML-DSA-65-ES256=geçerli, X-KAYITSIZ-1=izinsiz (X-KAYITSIZ-1: rastgele 128 B, anahtar yok)]
T7C_plus_kayitsiz-SIRA-kayitsiz-once	L4	tedavi-composite	hayır	reject	JWTBCP §3.1 [T327] “MUST NOT employ any algorithms outside this configured set” (draft-ietf-oauth-rfc8725bis-10; JWTBCP.txt:463-466) ; RFC7515 §4.1.1 [T319] “The JWS Signature value is not valid if the "alg" value does not represent a supported algorithm or if there is not a key for use with that algorithm” (RFC 7515; RFC7515.txt:508-510) ; ÖK §4.8 P1 “Mevcut imzaların tümü geçerliyse kabul. İmza silinmesi (soyma) fark edilmez” (ON-KAYIT-TASLAK v0.8; ON-KAYIT-TASLAK.md:776) ; ACM2 Note 51 [T135] “the veriﬁcation function accepting if and only if all signatures are correct” (ECCG ACM v2.0; ACM2.txt:946) ; ÖK §6.5 “İhraççı başına gerekli küme R = {X}, izinli küme {A, X}.” (ON-KAYIT-TASLAK v0.8; ON-KAYIT-TASLAK.md:1054)	vaka: MR4 eşi (eşleme §2) | L4: mevcut imzalardan en az biri geçersiz/izinsiz → tüm-mevcut-geçerli koşulu sağlanmıyor [X-KAYITSIZ-1=izinsiz (X-KAYITSIZ-1: rastgele 128 B, anahtar yok), ES256=geçerli, ML-DSA-65-ES256=geçerli] | MR4 eşi: kaynak T7C_plus_kayitsiz (kayitsiz-once); imzalar bağımsız doğrulandığından karar kaynakla aynı (RFC 7515 §5.2 adım 9)
T7C_plus_kayitsiz-SIRA-kayitsiz-once	P2	tedavi-composite	hayır	reject	JWTBCP §3.1 [T327] “MUST NOT employ any algorithms outside this configured set” (draft-ietf-oauth-rfc8725bis-10; JWTBCP.txt:463-466) ; RFC7515 §4.1.1 [T319] “The JWS Signature value is not valid if the "alg" value does not represent a supported algorithm or if there is not a key for use with that algorithm” (RFC 7515; RFC7515.txt:508-510) ; ÖK §4.8 P1 “Mevcut imzaların tümü geçerliyse kabul. İmza silinmesi (soyma) fark edilmez” (ON-KAYIT-TASLAK v0.8; ON-KAYIT-TASLAK.md:776) ; ACM2 Note 51 [T135] “the veriﬁcation function accepting if and only if all signatures are correct” (ECCG ACM v2.0; ACM2.txt:946)	vaka: MR4 eşi (eşleme §2) | P2: mevcut imzalardan en az biri geçersiz/izinsiz → tüm-mevcut-geçerli koşulu sağlanmıyor [X-KAYITSIZ-1=izinsiz (X-KAYITSIZ-1: rastgele 128 B, anahtar yok), ES256=geçerli, ML-DSA-65-ES256=geçerli] | MR4 eşi: kaynak T7C_plus_kayitsiz (kayitsiz-once); imzalar bağımsız doğrulandığından karar kaynakla aynı (RFC 7515 §5.2 adım 9)
T7C_plus_kayitsiz-SIRA-kayitsiz-once	P0	tedavi-composite	hayır	accept-hybrid	RFC7515 §5.2 [T315] “at least one JWS Signature value MUST successfully validate, or the JWS MUST be considered invalid” (RFC 7515; RFC7515.txt:814-816) ; RFC7515 §5.2 [T314] “it is an application decision which of the JWS Signature values must successfully validate” (RFC 7515; RFC7515.txt:810-812) ; ÖK §4.8 P0 “En az bir imza geçerliyse kabul” (ON-KAYIT-TASLAK v0.8; ON-KAYIT-TASLAK.md:775)	vaka: MR4 eşi (eşleme §2) | P0: en az bir izinli imza geçerli [X-KAYITSIZ-1=izinsiz (X-KAYITSIZ-1: rastgele 128 B, anahtar yok), ES256=geçerli, ML-DSA-65-ES256=geçerli] | MR4 eşi: kaynak T7C_plus_kayitsiz (kayitsiz-once); imzalar bağımsız doğrulandığından karar kaynakla aynı (RFC 7515 §5.2 adım 9)
T7C_plus_kayitsiz-SIRA-ters	L4	tedavi-composite	hayır	reject	JWTBCP §3.1 [T327] “MUST NOT employ any algorithms outside this configured set” (draft-ietf-oauth-rfc8725bis-10; JWTBCP.txt:463-466) ; RFC7515 §4.1.1 [T319] “The JWS Signature value is not valid if the "alg" value does not represent a supported algorithm or if there is not a key for use with that algorithm” (RFC 7515; RFC7515.txt:508-510) ; ÖK §4.8 P1 “Mevcut imzaların tümü geçerliyse kabul. İmza silinmesi (soyma) fark edilmez” (ON-KAYIT-TASLAK v0.8; ON-KAYIT-TASLAK.md:776) ; ACM2 Note 51 [T135] “the veriﬁcation function accepting if and only if all signatures are correct” (ECCG ACM v2.0; ACM2.txt:946) ; ÖK §6.5 “İhraççı başına gerekli küme R = {X}, izinli küme {A, X}.” (ON-KAYIT-TASLAK v0.8; ON-KAYIT-TASLAK.md:1054)	vaka: MR4 eşi (eşleme §2) | L4: mevcut imzalardan en az biri geçersiz/izinsiz → tüm-mevcut-geçerli koşulu sağlanmıyor [X-KAYITSIZ-1=izinsiz (X-KAYITSIZ-1: rastgele 128 B, anahtar yok), ML-DSA-65-ES256=geçerli, ES256=geçerli] | MR4 eşi: kaynak T7C_plus_kayitsiz (ters); imzalar bağımsız doğrulandığından karar kaynakla aynı (RFC 7515 §5.2 adım 9)
T7C_plus_kayitsiz-SIRA-ters	P2	tedavi-composite	hayır	reject	JWTBCP §3.1 [T327] “MUST NOT employ any algorithms outside this configured set” (draft-ietf-oauth-rfc8725bis-10; JWTBCP.txt:463-466) ; RFC7515 §4.1.1 [T319] “The JWS Signature value is not valid if the "alg" value does not represent a supported algorithm or if there is not a key for use with that algorithm” (RFC 7515; RFC7515.txt:508-510) ; ÖK §4.8 P1 “Mevcut imzaların tümü geçerliyse kabul. İmza silinmesi (soyma) fark edilmez” (ON-KAYIT-TASLAK v0.8; ON-KAYIT-TASLAK.md:776) ; ACM2 Note 51 [T135] “the veriﬁcation function accepting if and only if all signatures are correct” (ECCG ACM v2.0; ACM2.txt:946)	vaka: MR4 eşi (eşleme §2) | P2: mevcut imzalardan en az biri geçersiz/izinsiz → tüm-mevcut-geçerli koşulu sağlanmıyor [X-KAYITSIZ-1=izinsiz (X-KAYITSIZ-1: rastgele 128 B, anahtar yok), ML-DSA-65-ES256=geçerli, ES256=geçerli] | MR4 eşi: kaynak T7C_plus_kayitsiz (ters); imzalar bağımsız doğrulandığından karar kaynakla aynı (RFC 7515 §5.2 adım 9)
T7C_plus_kayitsiz-SIRA-ters	P0	tedavi-composite	hayır	accept-hybrid	RFC7515 §5.2 [T315] “at least one JWS Signature value MUST successfully validate, or the JWS MUST be considered invalid” (RFC 7515; RFC7515.txt:814-816) ; RFC7515 §5.2 [T314] “it is an application decision which of the JWS Signature values must successfully validate” (RFC 7515; RFC7515.txt:810-812) ; ÖK §4.8 P0 “En az bir imza geçerliyse kabul” (ON-KAYIT-TASLAK v0.8; ON-KAYIT-TASLAK.md:775)	vaka: MR4 eşi (eşleme §2) | P0: en az bir izinli imza geçerli [X-KAYITSIZ-1=izinsiz (X-KAYITSIZ-1: rastgele 128 B, anahtar yok), ML-DSA-65-ES256=geçerli, ES256=geçerli] | MR4 eşi: kaynak T7C_plus_kayitsiz (ters); imzalar bağımsız doğrulandığından karar kaynakla aynı (RFC 7515 §5.2 adım 9)
K10C_alg-ML-DSA-65-ES256_anahtar-ML-DSA-65	L4	tedavi-composite	evet	reject	JWTBCP §3.1 [T329] “consistent with the algorithm associated with the key identified by the corresponding identifier” (draft-ietf-oauth-rfc8725bis-10; JWTBCP.txt:468-471) ; RFC7515 §4.1.1 [T319] “The JWS Signature value is not valid if the "alg" value does not represent a supported algorithm or if there is not a key for use with that algorithm” (RFC 7515; RFC7515.txt:508-510) ; RFC9864 §7 [T335] “A cryptographic key MUST be used with only a single algorithm” (RFC 9864; RFC9864.txt:650) ; RFC9964 §3 [T337] “The alg JSON Web Key (JWK) parameter or COSE Key Common parameter is REQUIRED for all AKP keys.” (RFC 9964; RFC9964.txt:112-113) ; ÖK §4.8 P1 “Mevcut imzaların tümü geçerliyse kabul. İmza silinmesi (soyma) fark edilmez” (ON-KAYIT-TASLAK v0.8; ON-KAYIT-TASLAK.md:776) ; ACM2 Note 51 [T135] “the veriﬁcation function accepting if and only if all signatures are correct” (ECCG ACM v2.0; ACM2.txt:946) ; ÖK §6.5 “İhraççı başına gerekli küme R = {X}, izinli küme {A, X}.” (ON-KAYIT-TASLAK v0.8; ON-KAYIT-TASLAK.md:1054) ; ÖK §6.5 K10 “RED (L2/L3)” (ON-KAYIT-TASLAK v0.8; ON-KAYIT-TASLAK.md:1067)	vaka: K10 birincil | başlık alg ile doğrulama anahtarının bağlı olduğu algoritma uyuşmuyor (imza gerçek anahtarın kendi algoritmasıyla geçerli): kütüphane alg–anahtar tutarlılığını denetlemek ZORUNDA → her yapılandırmada ret. L4: mevcut imzalardan en az biri geçersiz/izinsiz → tüm-mevcut-geçerli koşulu sağlanmıyor [ML-DSA-65-ES256=alg–anahtar uyuşmaz (başlık alg ≠ anahtarın algoritması (imza gerçek anahtar alg ile))]
K10C_alg-ML-DSA-65-ES256_anahtar-ML-DSA-65	P2	tedavi-composite	evet	reject	JWTBCP §3.1 [T329] “consistent with the algorithm associated with the key identified by the corresponding identifier” (draft-ietf-oauth-rfc8725bis-10; JWTBCP.txt:468-471) ; RFC7515 §4.1.1 [T319] “The JWS Signature value is not valid if the "alg" value does not represent a supported algorithm or if there is not a key for use with that algorithm” (RFC 7515; RFC7515.txt:508-510) ; RFC9864 §7 [T335] “A cryptographic key MUST be used with only a single algorithm” (RFC 9864; RFC9864.txt:650) ; RFC9964 §3 [T337] “The alg JSON Web Key (JWK) parameter or COSE Key Common parameter is REQUIRED for all AKP keys.” (RFC 9964; RFC9964.txt:112-113) ; ÖK §4.8 P1 “Mevcut imzaların tümü geçerliyse kabul. İmza silinmesi (soyma) fark edilmez” (ON-KAYIT-TASLAK v0.8; ON-KAYIT-TASLAK.md:776) ; ACM2 Note 51 [T135] “the veriﬁcation function accepting if and only if all signatures are correct” (ECCG ACM v2.0; ACM2.txt:946)	vaka: K10 birincil | başlık alg ile doğrulama anahtarının bağlı olduğu algoritma uyuşmuyor (imza gerçek anahtarın kendi algoritmasıyla geçerli): kütüphane alg–anahtar tutarlılığını denetlemek ZORUNDA → her yapılandırmada ret. P2: mevcut imzalardan en az biri geçersiz/izinsiz → tüm-mevcut-geçerli koşulu sağlanmıyor [ML-DSA-65-ES256=alg–anahtar uyuşmaz (başlık alg ≠ anahtarın algoritması (imza gerçek anahtar alg ile))]
K10C_alg-ML-DSA-65-ES256_anahtar-ML-DSA-65	P0	tedavi-composite	evet	reject	JWTBCP §3.1 [T329] “consistent with the algorithm associated with the key identified by the corresponding identifier” (draft-ietf-oauth-rfc8725bis-10; JWTBCP.txt:468-471) ; RFC7515 §4.1.1 [T319] “The JWS Signature value is not valid if the "alg" value does not represent a supported algorithm or if there is not a key for use with that algorithm” (RFC 7515; RFC7515.txt:508-510) ; RFC9864 §7 [T335] “A cryptographic key MUST be used with only a single algorithm” (RFC 9864; RFC9864.txt:650) ; RFC9964 §3 [T337] “The alg JSON Web Key (JWK) parameter or COSE Key Common parameter is REQUIRED for all AKP keys.” (RFC 9964; RFC9964.txt:112-113) ; RFC7515 §5.2 [T315] “at least one JWS Signature value MUST successfully validate, or the JWS MUST be considered invalid” (RFC 7515; RFC7515.txt:814-816)	vaka: K10 birincil | başlık alg ile doğrulama anahtarının bağlı olduğu algoritma uyuşmuyor (imza gerçek anahtarın kendi algoritmasıyla geçerli): kütüphane alg–anahtar tutarlılığını denetlemek ZORUNDA → her yapılandırmada ret. P0: geçerli izinli imza yok [ML-DSA-65-ES256=alg–anahtar uyuşmaz (başlık alg ≠ anahtarın algoritması (imza gerçek anahtar alg ile))]
K10C_alg-ML-DSA-65_anahtar-ML-DSA-65-ES256	L4	tedavi-composite	evet	reject	JWTBCP §3.1 [T329] “consistent with the algorithm associated with the key identified by the corresponding identifier” (draft-ietf-oauth-rfc8725bis-10; JWTBCP.txt:468-471) ; RFC7515 §4.1.1 [T319] “The JWS Signature value is not valid if the "alg" value does not represent a supported algorithm or if there is not a key for use with that algorithm” (RFC 7515; RFC7515.txt:508-510) ; RFC9864 §7 [T335] “A cryptographic key MUST be used with only a single algorithm” (RFC 9864; RFC9864.txt:650) ; RFC9964 §3 [T337] “The alg JSON Web Key (JWK) parameter or COSE Key Common parameter is REQUIRED for all AKP keys.” (RFC 9964; RFC9964.txt:112-113) ; JWTBCP §3.1 [T327] “MUST NOT employ any algorithms outside this configured set” (draft-ietf-oauth-rfc8725bis-10; JWTBCP.txt:463-466) ; ÖK §4.8 P1 “Mevcut imzaların tümü geçerliyse kabul. İmza silinmesi (soyma) fark edilmez” (ON-KAYIT-TASLAK v0.8; ON-KAYIT-TASLAK.md:776) ; ACM2 Note 51 [T135] “the veriﬁcation function accepting if and only if all signatures are correct” (ECCG ACM v2.0; ACM2.txt:946) ; ÖK §6.5 “İhraççı başına gerekli küme R = {X}, izinli küme {A, X}.” (ON-KAYIT-TASLAK v0.8; ON-KAYIT-TASLAK.md:1054) ; ÖK §6.5 K10 “RED (L2/L3)” (ON-KAYIT-TASLAK v0.8; ON-KAYIT-TASLAK.md:1067)	vaka: K10 birincil (ikinci yön) | başlık alg ile doğrulama anahtarının bağlı olduğu algoritma uyuşmuyor (imza gerçek anahtarın kendi algoritmasıyla geçerli): kütüphane alg–anahtar tutarlılığını denetlemek ZORUNDA → her yapılandırmada ret. L4: mevcut imzalardan en az biri geçersiz/izinsiz → tüm-mevcut-geçerli koşulu sağlanmıyor [ML-DSA-65=izinsiz (başlık alg ≠ anahtarın algoritması (imza gerçek anahtar alg ile))]
K10C_alg-ML-DSA-65_anahtar-ML-DSA-65-ES256	P2	tedavi-composite	evet	reject	JWTBCP §3.1 [T329] “consistent with the algorithm associated with the key identified by the corresponding identifier” (draft-ietf-oauth-rfc8725bis-10; JWTBCP.txt:468-471) ; RFC7515 §4.1.1 [T319] “The JWS Signature value is not valid if the "alg" value does not represent a supported algorithm or if there is not a key for use with that algorithm” (RFC 7515; RFC7515.txt:508-510) ; RFC9864 §7 [T335] “A cryptographic key MUST be used with only a single algorithm” (RFC 9864; RFC9864.txt:650) ; RFC9964 §3 [T337] “The alg JSON Web Key (JWK) parameter or COSE Key Common parameter is REQUIRED for all AKP keys.” (RFC 9964; RFC9964.txt:112-113) ; JWTBCP §3.1 [T327] “MUST NOT employ any algorithms outside this configured set” (draft-ietf-oauth-rfc8725bis-10; JWTBCP.txt:463-466) ; ÖK §4.8 P1 “Mevcut imzaların tümü geçerliyse kabul. İmza silinmesi (soyma) fark edilmez” (ON-KAYIT-TASLAK v0.8; ON-KAYIT-TASLAK.md:776) ; ACM2 Note 51 [T135] “the veriﬁcation function accepting if and only if all signatures are correct” (ECCG ACM v2.0; ACM2.txt:946)	vaka: K10 birincil (ikinci yön) | başlık alg ile doğrulama anahtarının bağlı olduğu algoritma uyuşmuyor (imza gerçek anahtarın kendi algoritmasıyla geçerli): kütüphane alg–anahtar tutarlılığını denetlemek ZORUNDA → her yapılandırmada ret. P2: mevcut imzalardan en az biri geçersiz/izinsiz → tüm-mevcut-geçerli koşulu sağlanmıyor [ML-DSA-65=izinsiz (başlık alg ≠ anahtarın algoritması (imza gerçek anahtar alg ile))]
K10C_alg-ML-DSA-65_anahtar-ML-DSA-65-ES256	P0	tedavi-composite	evet	reject	JWTBCP §3.1 [T329] “consistent with the algorithm associated with the key identified by the corresponding identifier” (draft-ietf-oauth-rfc8725bis-10; JWTBCP.txt:468-471) ; RFC7515 §4.1.1 [T319] “The JWS Signature value is not valid if the "alg" value does not represent a supported algorithm or if there is not a key for use with that algorithm” (RFC 7515; RFC7515.txt:508-510) ; RFC9864 §7 [T335] “A cryptographic key MUST be used with only a single algorithm” (RFC 9864; RFC9864.txt:650) ; RFC9964 §3 [T337] “The alg JSON Web Key (JWK) parameter or COSE Key Common parameter is REQUIRED for all AKP keys.” (RFC 9964; RFC9964.txt:112-113) ; RFC7515 §5.2 [T315] “at least one JWS Signature value MUST successfully validate, or the JWS MUST be considered invalid” (RFC 7515; RFC7515.txt:814-816) ; JWTBCP §3.1 [T327] “MUST NOT employ any algorithms outside this configured set” (draft-ietf-oauth-rfc8725bis-10; JWTBCP.txt:463-466)	vaka: K10 birincil (ikinci yön) | başlık alg ile doğrulama anahtarının bağlı olduğu algoritma uyuşmuyor (imza gerçek anahtarın kendi algoritmasıyla geçerli): kütüphane alg–anahtar tutarlılığını denetlemek ZORUNDA → her yapılandırmada ret. P0: geçerli izinli imza yok [ML-DSA-65=izinsiz (başlık alg ≠ anahtarın algoritması (imza gerçek anahtar alg ile))]
VPLUS_ES256	L4	tedavi-composite	evet	reject	ÖK §6.5 “İhraççı başına gerekli küme R = {X}, izinli küme {A, X}.” (ON-KAYIT-TASLAK v0.8; ON-KAYIT-TASLAK.md:1054) ; JWTBCP §3.1 [T328] “MUST determine which algorithms are permitted for itself and that issuer and ensure that the received JWT complies with those requirements” (draft-ietf-oauth-rfc8725bis-10; JWTBCP.txt:482-485) ; ÖK §4.7 G5 “Göç etmiş bir varlık, ilan ettiği eski-sürüm penceresi dışında yalnız klasik kanıtla kabul edilemez.” (ON-KAYIT-TASLAK v0.8; ON-KAYIT-TASLAK.md:767) ; ÖK §2B m.6 (L4c) “Göç etmiş ihraççının yalnız klasik imzalı belgesi reddedilir, eski ihraççının klasik imzalı belgesi kabul edilir.” (ON-KAYIT-TASLAK v0.8; ON-KAYIT-TASLAK.md:256) ; ÖK §6.5 V+/V− “Adaptör geçerlilik kontrolleri | KABUL / RED” (ON-KAYIT-TASLAK v0.8; ON-KAYIT-TASLAK.md:1069)	vaka: V+ birincil (üç kolda ortak) | L4: R={ML-DSA-65-ES256} için geçerli imza yok (yalnız klasik kanıt; G5) [ES256=geçerli] | DİKKAT: ÖK §4.15/§6.5 V+ → KABUL der; L4 (göç etmiş ihraççı) altında yalnız klasik belge G5 gereği reddedilir. V+ denetimi P2/P0 (eski ihraççı) yapılandırmasında ya da X imzalı V+ ile koşulmalı (NOTLAR N2)
VPLUS_ES256	P2	tedavi-composite	evet	accept-classical	ÖK §4.8 P1 “Mevcut imzaların tümü geçerliyse kabul. İmza silinmesi (soyma) fark edilmez” (ON-KAYIT-TASLAK v0.8; ON-KAYIT-TASLAK.md:776) ; ÖK §4.8 P2 “P1 + her imza, anahtarının bağlı olduğu algoritmayla doğrulanır” (ON-KAYIT-TASLAK v0.8; ON-KAYIT-TASLAK.md:777) ; RFC7515 §5.2 [T314] “it is an application decision which of the JWS Signature values must successfully validate” (RFC 7515; RFC7515.txt:810-812)	vaka: V+ birincil (üç kolda ortak) | P2: mevcut tüm imzalar geçerli (R=∅) [ES256=geçerli]
VPLUS_ES256	P0	tedavi-composite	evet	accept-classical	RFC7515 §5.2 [T315] “at least one JWS Signature value MUST successfully validate, or the JWS MUST be considered invalid” (RFC 7515; RFC7515.txt:814-816) ; RFC7515 §5.2 [T314] “it is an application decision which of the JWS Signature values must successfully validate” (RFC 7515; RFC7515.txt:810-812) ; ÖK §4.8 P0 “En az bir imza geçerliyse kabul” (ON-KAYIT-TASLAK v0.8; ON-KAYIT-TASLAK.md:775)	vaka: V+ birincil (üç kolda ortak) | P0: en az bir izinli imza geçerli [ES256=geçerli]
VMINUS_ES256	L4	tedavi-composite	evet	reject	RFC7515 §5.2 (8) “Validate the JWS Signature against the JWS Signing Input” (RFC 7515; RFC7515.txt:873) ; ÖK §4.8 P1 “Mevcut imzaların tümü geçerliyse kabul. İmza silinmesi (soyma) fark edilmez” (ON-KAYIT-TASLAK v0.8; ON-KAYIT-TASLAK.md:776) ; ACM2 Note 51 [T135] “the veriﬁcation function accepting if and only if all signatures are correct” (ECCG ACM v2.0; ACM2.txt:946) ; ÖK §6.5 “İhraççı başına gerekli küme R = {X}, izinli küme {A, X}.” (ON-KAYIT-TASLAK v0.8; ON-KAYIT-TASLAK.md:1054) ; ÖK §6.5 V+/V− “Adaptör geçerlilik kontrolleri | KABUL / RED” (ON-KAYIT-TASLAK v0.8; ON-KAYIT-TASLAK.md:1069)	vaka: V− birincil (üç kolda ortak) | L4: mevcut imzalardan en az biri geçersiz/izinsiz → tüm-mevcut-geçerli koşulu sağlanmıyor [ES256=geçersiz (bayt 32 bit 0 çevrildi)]
VMINUS_ES256	P2	tedavi-composite	evet	reject	RFC7515 §5.2 (8) “Validate the JWS Signature against the JWS Signing Input” (RFC 7515; RFC7515.txt:873) ; ÖK §4.8 P1 “Mevcut imzaların tümü geçerliyse kabul. İmza silinmesi (soyma) fark edilmez” (ON-KAYIT-TASLAK v0.8; ON-KAYIT-TASLAK.md:776) ; ACM2 Note 51 [T135] “the veriﬁcation function accepting if and only if all signatures are correct” (ECCG ACM v2.0; ACM2.txt:946)	vaka: V− birincil (üç kolda ortak) | P2: mevcut imzalardan en az biri geçersiz/izinsiz → tüm-mevcut-geçerli koşulu sağlanmıyor [ES256=geçersiz (bayt 32 bit 0 çevrildi)]
VMINUS_ES256	P0	tedavi-composite	evet	reject	RFC7515 §5.2 [T315] “at least one JWS Signature value MUST successfully validate, or the JWS MUST be considered invalid” (RFC 7515; RFC7515.txt:814-816) ; RFC7515 §5.2 (8) “Validate the JWS Signature against the JWS Signing Input” (RFC 7515; RFC7515.txt:873)	vaka: V− birincil (üç kolda ortak) | P0: geçerli izinli imza yok [ES256=geçersiz (bayt 32 bit 0 çevrildi)]
